Num_Acc,an,mois,jour,hrmn,lum,int,atm,col,lat,long,catr,circ,nbv,vosp,prof,plan,lartpc,larrout,surf,infra,situ,env1,unscathed,killed,hospital,light,chance
200700075116,7,12,21,1630,1,1,8,1,4627000,-21000,4,2,2,0,1,2,0,65,1,0,1,0,1,0,1,0,1
200700075117,7,12,1,200,3,1,1,5,4611300,-9900,3,2,2,0,1,3,0,60,1,0,1,0,0,0,4,0,1
200700075119,7,12,14,815,1,1,1,3,4584800,118100,4,0,2,0,2,3,0,56,7,0,1,0,1,0,2,0,1
200700075120,7,12,26,1030,1,1,1,6,4573000,110000,3,2,2,0,1,3,0,60,2,0,1,0,0,0,2,0,1
200700075121,7,12,9,1930,3,1,3,7,4595700,145300,3,2,2,0,1,3,0,64,2,0,3,0,0,1,0,0,1
200700075122,7,12,29,1545,1,1,2,1,4594800,134300,4,2,2,0,1,1,0,56,7,0,1,0,1,0,2,0,1
200700075123,7,12,8,915,1,1,1,3,4581500,176500,3,2,2,0,2,2,0,72,1,0,1,0,1,1,0,0,1
200700075124,7,12,19,1745,2,1,1,3,4589700,157900,3,2,2,0,1,1,0,74,1,0,1,0,0,0,2,0,1
200700075125,7,12,7,815,4,1,2,1,4564100,94500,3,2,0,0,3,1,0,57,2,0,1,0,1,0,2,0,1
200700075126,7,12,9,1645,1,1,8,6,4567700,114200,3,2,2,0,0,1,0,0,2,2,3,0,0,0,2,0,1
200700075127,7,12,19,1415,1,1,1,1,4552300,120800,3,0,2,0,0,2,0,71,1,0,1,0,1,0,1,0,1
200700075128,7,12,9,500,3,1,2,1,4611800,106100,2,2,2,0,4,2,0,103,2,0,1,0,0,0,2,1,1
200700075129,7,12,31,2100,3,1,5,7,4615700,112100,3,2,2,0,1,1,0,70,2,0,1,0,0,0,1,0,1
200700075131,7,12,22,815,1,1,9,1,4547900,176800,3,2,2,0,0,3,0,68,7,0,1,0,0,0,1,1,1
200700075132,7,12,27,1845,3,1,2,6,4546900,149300,3,2,2,0,1,2,70,0,2,0,3,0,0,0,1,0,1
200700075133,7,12,30,1700,4,1,8,1,4534900,168800,3,2,2,0,4,2,0,66,1,0,1,0,0,0,0,2,1
200700075134,7,12,5,1345,1,1,1,6,4509500,143500,3,0,0,0,0,2,0,65,2,0,0,0,0,0,1,0,1
200700075135,7,12,12,1815,3,1,1,3,4510600,156800,3,2,2,0,0,1,0,0,1,0,1,0,1,0,1,1,1
200700075136,7,12,26,2000,3,1,1,6,4513600,143700,3,2,0,0,1,2,0,65,1,0,3,0,0,0,1,0,1
200700075137,7,12,26,1245,1,1,7,3,4516000,146300,4,2,0,0,1,2,0,0,1,0,1,0,1,0,1,0,1
200700075138,7,12,16,1245,1,1,1,1,4542900,139500,3,2,2,0,2,2,0,65,1,0,1,0,0,0,1,2,1
200700075139,7,12,20,1745,3,1,1,7,4546200,146700,3,2,2,0,1,1,0,65,1,0,1,0,0,0,1,0,1
200700075140,7,12,26,1730,1,1,1,3,4549000,233600,3,2,0,0,2,1,0,66,1,0,1,0,1,0,1,2,1
200700075141,7,12,1,230,3,1,6,6,4620100,215900,2,3,2,0,1,1,0,93,1,2,1,0,0,1,0,0,1
200700075142,7,12,15,1515,1,1,1,2,4620800,198000,2,3,2,0,0,1,0,75,1,0,1,0,2,0,1,0,1
200700075144,7,12,3,1515,1,1,1,6,4629200,200600,3,2,2,0,1,2,0,46,0,0,1,0,0,0,1,0,1
200700075146,7,12,22,1800,3,1,3,7,4625500,227700,4,2,2,0,2,2,0,0,4,0,3,0,0,0,1,0,1
200700075153,7,12,9,1730,3,1,1,2,4368900,122000,2,2,2,0,1,1,0,70,2,0,1,0,1,0,1,1,1
200700075154,7,12,23,1545,1,1,1,7,4372200,129500,3,2,0,0,1,1,0,53,2,0,1,0,0,0,1,0,1
200700075155,7,12,30,1415,1,1,1,2,4371100,134300,3,2,2,0,1,2,60,0,1,0,1,0,2,0,0,1,1
200700075156,7,12,29,1815,5,2,1,5,4349900,140000,4,0,2,0,2,1,0,60,1,0,1,0,2,0,1,0,1
200700075159,7,12,3,1745,5,1,2,3,4353000,126800,3,2,2,0,1,1,0,62,2,0,1,0,1,0,1,0,1
200700075160,7,12,22,715,5,1,1,6,4355000,115300,3,2,2,0,1,1,0,43,9,0,3,0,0,2,1,0,1
200700075161,7,12,27,1800,3,1,5,1,4341900,116800,3,2,2,0,0,0,0,50,1,0,0,0,2,1,0,0,1
200700075166,7,12,11,2130,3,1,1,6,4343100,161900,3,2,2,0,1,2,0,60,1,0,3,0,0,0,1,0,1
200700075167,7,12,15,1900,3,1,1,6,4341900,174200,3,0,2,0,1,1,0,60,2,0,1,0,0,0,3,0,1
200700075168,7,12,7,645,5,1,1,3,4365800,165100,3,2,2,0,2,3,0,70,1,5,1,0,1,0,0,1,1
200700075169,7,12,29,1045,1,1,1,3,4364900,160400,3,2,2,0,1,1,0,110,1,0,1,0,0,0,2,1,1
200700075171,7,12,2,645,5,1,1,6,4346000,200400,3,2,2,0,1,2,0,69,2,0,4,0,0,1,2,0,1
200700075173,7,12,18,2030,3,1,9,7,4299500,143800,3,2,2,0,1,3,0,60,7,0,1,0,0,0,1,0,1
200700075174,7,12,6,1400,1,1,1,2,4293000,185000,3,2,0,0,1,1,0,60,1,0,1,0,1,0,0,1,1
200700075178,7,12,18,730,3,1,9,1,4309100,186600,3,2,0,0,1,1,0,78,7,0,1,0,2,0,1,1,1
200700075179,7,12,18,915,1,1,1,1,4310000,189700,3,2,2,0,1,3,0,68,7,0,1,0,0,0,1,1,1
200700075180,7,12,29,1745,3,1,2,1,4313500,183700,3,2,2,0,2,3,0,52,2,0,1,0,0,0,2,3,1
200700075181,7,12,30,600,3,3,3,3,4310800,191700,3,2,2,0,4,1,0,52,2,5,1,0,1,0,4,2,1
200700075184,7,12,9,545,3,1,2,7,4449300,273900,3,2,2,0,1,3,70,0,2,0,3,0,0,1,3,0,1
200700075187,7,12,19,700,2,1,8,6,4457900,216500,3,2,2,0,1,3,0,60,7,0,1,0,0,0,2,0,1
200700075192,7,12,9,1745,3,1,6,6,4372300,98200,3,2,2,0,2,1,0,60,2,0,3,0,0,0,1,0,1
200700075193,7,12,12,1830,5,1,1,6,4361600,108900,9,2,2,0,1,1,0,90,1,0,1,0,1,0,1,0,1
200700075194,7,12,8,1630,1,8,2,6,4400200,35900,3,2,2,0,1,4,0,63,2,4,3,0,0,0,0,1,1
200700075197,7,12,11,1430,1,1,1,1,4372700,-4600,3,2,2,0,3,2,0,60,1,0,1,0,1,0,0,3,1
200700075198,7,12,16,1030,3,1,1,1,4386700,-4200,3,2,0,0,3,1,0,55,1,0,1,0,1,0,1,0,1
200700075205,7,12,1,600,3,1,8,7,4455600,139700,3,2,2,0,1,3,0,52,2,0,1,0,0,0,1,0,1
200700075206,7,12,15,1515,1,1,1,1,4446300,149800,3,2,2,0,1,3,0,62,0,0,1,0,0,0,2,0,1
200700075207,7,12,7,1445,1,1,2,6,4458000,116000,3,2,0,0,4,3,0,40,2,2,3,0,0,0,1,0,1
200700075208,7,12,21,700,3,1,9,6,4463600,206900,2,2,2,0,1,2,0,66,7,0,3,0,1,0,3,0,1
200700075209,7,12,11,1545,1,1,1,3,4463000,185000,3,2,2,0,1,1,0,60,1,0,1,0,1,1,0,0,1
200700075213,7,12,24,730,2,1,5,6,4479700,147400,3,2,2,0,2,3,0,73,7,0,3,0,0,1,0,0,1
200700075215,7,12,16,1000,1,1,1,7,4317000,-900,2,2,2,0,1,1,0,100,1,0,3,0,0,0,1,1,1
200700075219,7,12,19,1545,1,1,1,3,4348100,9600,3,0,0,0,1,1,0,52,1,0,1,0,1,0,1,0,1
200700075222,7,12,1,1445,1,1,2,1,4310700,-13400,3,2,2,0,1,1,0,59,1,0,1,0,4,0,1,0,1
200700075225,7,12,4,1645,1,1,1,2,4388600,210100,3,2,2,0,2,1,0,64,1,0,1,0,3,0,0,1,1
200700075227,7,12,24,1445,1,1,1,7,4363800,277700,3,2,2,0,1,3,0,53,7,0,0,0,1,0,1,2,1
200700075230,7,12,4,1930,5,1,1,7,4574800,477300,3,3,3,3,1,1,35,33,1,0,1,0,0,0,1,0,1
200700075231,7,12,5,1800,5,9,8,3,4573500,474600,4,2,2,0,2,3,0,36,1,0,1,0,1,0,1,0,1
200700075232,7,12,10,1715,3,1,2,6,4575200,473700,3,2,2,0,1,1,70,0,2,6,1,0,1,0,1,0,1
200700075233,7,12,7,745,2,1,2,5,4387900,184200,3,2,2,0,1,1,0,70,2,0,1,0,2,0,1,0,1
200700075235,7,12,7,1630,1,1,2,7,4349300,246100,3,2,1,0,1,2,0,69,2,0,3,0,0,0,1,0,1
200700075237,7,12,8,1015,1,1,2,1,4408500,127800,3,2,0,0,0,2,0,76,2,0,1,0,0,0,2,0,1
200700075238,7,12,8,615,3,1,2,6,4407800,152900,3,2,2,0,1,1,0,52,2,2,1,0,0,0,1,0,1
200700075241,7,12,17,1045,1,1,1,6,4403500,121500,3,2,2,0,1,1,0,0,1,0,3,0,0,0,1,0,1
200700075242,7,12,7,1930,3,1,2,1,4402600,128000,3,2,2,0,2,4,0,63,2,0,1,0,0,0,2,0,1
200700075249,7,12,20,2345,5,1,1,3,4569500,503600,2,2,0,0,1,1,0,46,1,0,1,0,1,0,1,0,1
200700075263,7,12,2,1945,5,1,1,7,4594000,472100,3,1,1,0,1,1,50,0,1,6,1,0,0,0,0,1,1
200700075264,7,12,18,1730,3,1,9,7,4589700,470100,3,2,0,0,1,1,100,0,1,0,1,0,0,0,0,1,1
200700075265,7,12,15,915,1,1,1,3,4611200,475300,3,2,2,0,2,1,80,0,1,0,1,0,1,0,1,0,1
200700075268,7,12,17,530,1,1,5,6,4590000,442700,2,2,0,0,1,1,0,0,1,6,1,0,0,0,1,0,1
200700075275,7,12,31,1900,3,1,5,1,4583600,566100,3,2,2,0,1,2,0,67,2,0,1,0,1,0,1,0,1
200700075276,7,12,21,1600,1,1,1,4,4594800,531400,3,2,2,0,1,1,0,110,1,0,1,0,0,0,2,2,1
200700075277,7,12,13,1030,1,1,1,1,4618000,568200,3,2,2,0,1,1,0,53,2,2,1,0,0,0,1,2,1
200700075279,7,12,17,1430,1,6,1,6,4621300,560600,3,2,1,0,0,1,50,62,1,5,1,0,1,0,1,0,1
200700075282,7,12,2,1915,3,1,3,5,4619100,593000,3,1,2,0,1,1,0,0,2,0,1,0,3,0,1,0,1
200700075288,7,12,28,745,2,1,2,7,4605300,477400,3,2,2,0,1,1,0,48,2,0,3,0,0,0,1,0,1
200700075290,7,12,3,1930,3,1,1,1,4430600,460800,3,2,2,0,0,1,0,77,1,5,1,0,2,0,1,0,1
200700075291,7,12,25,1945,3,1,9,1,4482300,461700,3,2,2,0,2,2,0,79,7,0,1,0,0,0,1,1,1
200700075292,7,12,22,1600,1,1,2,6,4449700,466400,3,2,0,0,0,3,0,64,2,0,1,0,1,0,0,1,1
200700075293,7,12,13,715,5,1,1,6,4475800,474900,3,2,2,0,1,1,0,77,1,0,1,0,1,0,1,0,1
200700075295,7,12,26,2200,3,1,1,6,4454000,434600,3,2,2,0,2,2,0,63,1,0,3,0,0,1,1,1,1
200700075301,7,12,5,2130,3,1,8,6,4490100,441100,3,2,2,0,1,3,0,60,2,0,0,0,1,0,1,0,1
200700075302,7,12,13,2130,3,1,1,6,4520500,470700,4,2,2,0,0,4,0,45,1,0,3,0,0,0,1,0,1
200700075305,7,12,9,915,1,1,1,3,4463300,497500,3,2,0,0,3,3,0,0,1,0,1,0,1,0,0,2,1
200700075309,7,12,9,400,3,1,5,6,4512100,508200,3,2,2,0,2,3,0,50,2,0,1,0,0,1,1,0,1
200700075310,7,12,13,1630,2,1,1,3,4507700,511400,3,2,0,0,1,1,0,0,1,5,1,0,1,0,0,1,1
200700075311,7,12,2,1015,1,1,1,5,4507000,523800,3,2,2,0,0,3,0,72,2,0,1,0,2,0,1,1,1
200700075315,7,12,10,2000,5,1,2,6,4526300,565900,4,1,1,0,2,3,0,30,2,5,1,0,1,0,1,0,1
200700075317,7,12,3,1645,2,1,2,4,4515000,537300,3,2,2,0,0,1,0,0,2,0,1,0,2,0,1,0,1
200700075322,7,12,8,615,3,1,2,5,4528800,554600,3,2,2,0,1,1,0,75,2,0,1,0,3,1,0,2,1
200700075323,7,12,13,1900,3,9,1,3,4530500,560400,3,2,2,0,1,1,0,71,1,0,1,0,1,0,1,0,1
200700075326,7,12,20,1815,5,1,1,3,4582300,540600,3,2,0,0,1,1,0,50,1,0,1,0,1,0,1,0,1
200700075329,7,12,26,1745,2,1,1,1,4554500,552900,3,2,0,0,1,2,0,80,1,0,1,0,0,0,1,1,1
200700075330,7,12,27,730,2,1,5,6,4545600,552100,3,2,0,0,1,1,0,60,2,0,1,0,0,0,1,0,1
200700075334,7,12,29,2245,3,1,2,7,4736300,-165400,2,1,2,0,1,1,0,0,2,0,1,0,0,0,1,0,1
200700075336,7,12,28,2130,5,1,1,6,4547400,483200,5,2,0,0,1,4,0,62,1,0,1,0,0,1,0,0,1
200700075341,7,12,13,800,2,1,1,5,4578600,516700,3,2,2,0,1,1,0,65,1,0,1,0,3,1,0,0,1
200700075342,7,12,6,1345,1,1,1,3,4533500,490200,3,2,2,0,0,1,0,60,1,0,1,0,1,0,0,1,1
200700075343,7,12,18,1700,1,1,1,2,4532900,480800,2,2,2,0,1,1,30,30,1,5,1,0,1,0,0,2,1
200700075344,7,12,19,1145,1,1,1,1,4531900,482500,4,2,0,0,0,1,0,59,1,0,1,0,0,0,0,3,1
200700075345,7,12,22,500,3,1,2,6,4534400,480800,4,2,2,0,1,3,0,50,7,0,1,0,0,0,0,1,1
200700075346,7,12,9,1400,1,1,1,3,4557800,404100,3,2,2,0,2,4,0,74,2,0,1,0,0,0,1,3,1
200700075348,7,12,2,530,3,1,9,6,4583100,388100,3,2,2,0,2,3,0,56,5,0,3,0,3,0,1,0,1
200700075351,7,12,8,2015,5,1,2,3,4574800,423000,4,2,2,0,1,1,0,60,2,0,1,0,1,0,0,1,1
200700075352,7,12,8,1245,1,1,1,3,4567400,429500,3,2,2,0,1,1,0,63,1,0,1,0,1,0,1,0,1
200700075353,7,12,16,1600,1,1,1,6,4578700,417200,3,2,2,0,1,3,0,0,1,0,1,0,0,0,1,0,1
200700075354,7,12,31,1130,1,3,1,3,4574600,422900,4,2,2,0,1,1,0,75,1,5,1,0,1,0,0,1,1
200700075355,7,12,9,300,3,1,5,1,4539100,415600,3,2,2,0,2,2,0,67,2,0,3,0,2,0,0,3,1
200700075357,7,12,24,1800,3,1,9,1,4540700,414600,3,2,2,0,2,3,0,66,2,0,1,0,0,1,1,0,1
200700075358,7,12,2,1530,3,1,1,7,4564900,429800,3,2,2,0,0,2,0,63,9,0,1,0,0,0,0,1,1
200700075359,7,12,18,1145,1,1,1,6,4561300,425800,4,2,2,0,1,1,0,50,1,0,4,0,1,0,0,1,1
200700075361,7,12,7,645,3,1,2,6,4595300,404700,3,2,2,0,2,2,0,61,2,0,3,0,0,0,1,0,1
200700075363,7,12,2,1300,1,1,1,6,4605000,397000,3,2,2,0,1,1,0,92,2,0,3,0,0,0,1,0,1
200700075364,7,12,10,715,2,1,2,6,4583500,401200,3,2,2,0,1,1,0,0,2,0,1,0,1,0,1,0,1
200700075365,7,12,18,1215,1,1,1,1,4505200,552300,3,2,0,0,2,1,0,79,1,0,5,0,0,1,0,1,1
200700075366,7,12,17,1715,1,1,1,6,4551300,601800,3,2,2,1,0,3,0,113,1,0,3,0,0,1,0,0,1
200700075368,7,12,4,1945,3,1,1,1,4560500,627800,3,2,2,0,1,1,0,76,1,0,1,0,1,1,0,1,1
200700075374,7,12,21,1800,3,9,1,6,4549100,653200,9,1,1,0,0,0,0,0,1,6,1,0,1,0,1,0,1
200700075375,7,12,3,2015,3,1,2,6,4521500,649100,3,2,2,0,0,1,0,62,2,2,0,0,0,0,1,0,1
200700075376,7,12,14,1030,1,1,7,6,4527900,634700,3,2,2,0,1,1,0,65,1,0,1,0,1,0,1,0,1
200700075377,7,12,16,1430,2,1,1,3,4526100,638300,3,2,0,0,2,1,0,0,1,0,1,0,1,0,0,1,1
200700075378,7,12,27,2000,4,1,1,5,4515300,642100,3,2,0,0,0,3,0,0,7,0,1,0,1,0,2,0,1
200700075379,7,12,8,2015,3,1,2,6,4548300,629200,3,2,2,0,0,1,0,75,2,0,3,0,0,0,1,0,1
200700075382,7,12,27,2215,5,3,1,3,4586100,594500,3,2,0,0,1,1,0,0,1,5,1,0,0,0,2,0,1
200700075384,7,12,10,1030,1,1,4,3,4587900,632400,3,2,2,0,1,1,0,0,5,0,1,0,1,0,1,0,1
200700075386,7,12,13,1845,5,1,1,6,4601400,639700,3,2,2,0,1,1,0,64,1,6,1,0,1,0,0,1,1
200700075387,7,12,29,100,5,1,9,6,4589800,678300,9,2,0,0,1,1,0,69,7,0,1,0,1,0,2,1,1
200700075391,7,12,3,1700,5,1,2,1,4607000,631700,4,2,2,0,1,1,0,70,2,5,1,0,1,0,1,1,1
200700075392,7,12,12,1500,1,1,8,6,4603300,639200,3,2,2,0,2,2,0,65,2,0,1,0,0,0,1,0,1
200700075394,7,12,3,1030,1,1,2,6,4594000,663300,2,2,0,0,1,1,0,0,2,0,1,0,1,0,1,0,1
200700075398,7,12,11,1800,3,2,2,1,4633000,629400,3,2,2,0,2,2,0,80,2,0,1,0,1,0,0,1,1
200700075400,7,12,9,1400,1,1,1,3,4572100,339900,3,2,0,0,0,3,0,52,0,0,1,0,1,0,1,0,1
200700075401,7,12,24,1100,1,1,7,1,4572300,333500,9,2,2,0,0,1,0,60,1,0,0,0,2,0,1,0,1
200700075402,7,12,27,1445,1,1,9,3,4558500,280200,3,2,2,0,2,3,0,62,2,0,1,0,0,2,1,2,1
200700075406,7,12,14,1700,2,1,8,1,4570100,321600,3,2,2,0,1,1,0,62,1,0,1,0,2,0,2,0,1
200700075408,7,12,23,1600,1,1,7,6,4561900,325100,3,2,2,0,3,3,0,53,1,0,1,0,1,0,2,0,1
200700075410,7,12,5,1600,1,1,1,3,4565200,368400,3,2,2,0,2,3,0,46,1,0,1,0,1,1,0,0,1
200700075412,7,12,5,1730,5,1,2,6,4594000,311000,3,2,2,0,1,1,0,71,2,0,1,0,0,0,0,1,1
200700075413,7,12,5,1345,1,1,1,1,4593900,322200,3,2,2,0,2,1,0,63,1,0,1,0,1,0,0,1,1
200700075414,7,12,1,2245,3,1,2,2,4584900,288200,3,2,2,0,2,1,0,69,2,0,1,0,1,4,2,0,1
200700075415,7,12,6,730,2,1,1,5,4607600,299000,3,2,2,0,1,1,0,70,1,0,1,0,2,0,2,0,1
200700075416,7,12,13,1600,1,1,1,1,4586700,352700,3,2,0,0,2,3,0,67,2,1,1,3,1,0,1,0,1
200700075417,7,12,13,800,2,1,8,7,4583400,342400,3,2,2,0,1,1,0,77,2,0,0,0,0,0,0,1,1
200700075420,7,12,26,1615,1,1,1,3,4641200,335400,2,2,2,0,4,1,0,105,1,5,1,0,0,0,1,1,1
200700075425,7,12,8,1515,1,1,3,6,4634400,252000,3,2,2,0,1,1,0,48,2,0,3,0,0,0,0,2,1
200700075426,7,12,14,1415,2,1,5,1,4639000,269400,2,2,2,0,1,1,0,136,2,0,1,0,1,0,0,1,1
200700075427,7,12,21,2200,3,1,1,6,4638900,269300,2,2,0,0,0,0,0,0,0,0,0,0,1,0,1,0,1
200700075428,7,12,9,730,1,1,2,7,4632000,270500,3,2,0,0,1,4,0,70,2,0,3,0,0,0,1,0,1
200700075429,7,12,13,2200,3,1,1,6,4629000,261900,4,2,2,0,1,4,0,50,1,0,3,0,0,0,1,0,1
200700075431,7,12,8,1915,5,1,2,5,4607500,346600,3,2,2,0,1,1,20,81,2,0,1,0,4,0,2,0,1
200700075433,7,12,20,1015,1,9,1,7,4616000,373000,4,2,2,0,2,1,0,50,1,0,3,0,1,0,1,0,1
200700075434,7,12,20,730,2,1,8,7,4631100,342100,2,2,0,1,2,0,0,110,1,0,1,0,1,1,0,0,1
200700075435,7,12,21,830,3,1,9,3,4628100,347400,2,3,0,0,1,1,25,78,7,0,1,0,1,1,0,0,1
200700075436,7,12,21,2045,5,1,1,1,4494000,239300,3,2,2,0,0,1,0,74,1,0,1,0,1,1,0,0,1
200700075437,7,12,24,1500,1,1,1,1,4465800,222600,3,2,2,0,2,3,0,61,1,0,1,0,1,0,0,1,1
200700075438,7,12,3,1800,3,1,2,1,4503200,269400,2,2,3,0,0,0,0,138,2,0,1,0,1,0,0,1,1
200700075439,7,12,9,1400,1,1,2,7,4530200,240000,3,2,2,0,1,3,0,70,2,0,1,0,0,0,1,0,1
200700075441,7,12,7,745,2,1,2,6,4527400,313800,3,2,0,0,1,1,0,70,2,0,3,0,0,0,1,0,1
200700075442,7,12,6,1030,1,2,1,1,4507600,295800,3,2,2,0,2,1,0,145,1,0,1,0,1,0,1,0,1
200700075443,7,12,3,1215,1,1,1,1,4502500,384300,3,2,2,0,1,2,0,72,2,0,1,0,0,1,1,0,1
200700075444,7,12,1,845,1,1,8,6,4507400,406800,3,2,2,0,0,1,0,57,2,0,3,0,0,0,1,0,1
200700075447,7,12,19,915,1,1,9,6,4535100,416200,3,2,0,0,1,2,0,70,9,0,1,0,1,0,1,0,1
200700075448,7,12,19,745,2,3,1,3,4539500,422900,4,2,2,0,1,1,0,50,0,0,1,0,1,0,1,0,1
200700075449,7,12,11,1830,5,1,4,1,4522500,434900,3,2,2,0,2,1,0,65,5,0,1,0,1,0,1,0,1
200700075453,7,12,21,1100,1,1,7,6,4920600,601700,4,1,0,0,1,1,0,70,7,0,1,0,0,0,0,1,1
200700075454,7,12,31,1630,2,1,8,1,4915300,612500,3,2,2,0,3,1,0,72,2,0,1,0,4,1,1,0,1
200700075455,7,12,31,1600,5,1,2,3,4920000,599600,3,2,0,0,0,1,0,75,2,0,1,0,0,0,0,2,1
200700075457,7,12,28,1615,1,1,8,2,4921700,617500,3,2,0,0,1,1,0,220,2,0,1,0,2,0,0,2,1
200700075466,7,12,7,730,5,1,2,6,4906200,655400,3,2,2,0,1,1,0,64,2,0,1,0,1,0,1,0,1
200700075468,7,12,19,745,2,8,5,6,4895900,661200,3,2,2,0,1,1,0,55,7,4,1,0,1,0,1,0,1
200700075471,7,12,8,1000,1,1,1,3,4903400,681600,3,2,2,0,1,1,0,60,1,0,1,0,2,0,1,0,1
200700075473,7,12,30,1745,5,1,2,6,4898200,673600,3,2,2,0,1,2,0,78,2,0,1,0,2,1,0,0,1
200700075475,7,12,27,1115,1,1,2,1,4914100,739400,3,2,2,0,2,3,0,65,2,0,3,0,0,1,2,0,1
200700075477,7,12,28,1515,1,1,1,6,4932700,626200,3,2,2,0,2,1,0,64,2,0,1,0,0,0,1,0,1
200700075482,7,12,8,1800,3,1,6,1,4876500,639400,3,2,2,0,1,1,0,75,2,0,1,0,0,0,3,4,1
200700075484,7,12,1,1830,3,1,8,6,4884100,609100,3,2,2,0,1,1,0,64,2,0,3,0,0,1,0,0,1
200700075485,7,12,24,2100,5,1,1,6,4884800,606900,4,2,2,0,1,3,0,60,1,0,4,0,0,0,1,0,1
200700075488,7,12,11,400,3,1,2,2,4857400,617500,2,3,2,0,2,1,0,0,2,0,1,0,0,0,1,1,1
200700075494,7,12,22,1700,2,1,9,6,4858000,661800,2,3,4,0,0,0,98,76,7,0,3,0,2,0,1,0,1
200700075495,7,12,22,1630,1,1,1,6,4864600,642300,3,2,2,0,2,1,72,0,7,0,1,0,1,1,0,0,1
200700075498,7,12,5,2145,3,1,3,1,4874300,594300,3,2,2,0,2,1,0,60,2,0,1,0,1,0,1,0,1
200700075499,7,12,14,1730,2,1,1,4,4875900,595500,3,2,0,0,3,1,0,70,1,0,1,0,2,0,1,2,1
200700075500,7,12,29,1000,1,1,8,7,4879500,585700,3,2,2,0,1,1,0,90,7,0,1,0,1,0,1,0,1
200700075501,7,12,8,1915,5,1,3,2,4892100,524000,3,2,2,0,1,1,0,84,2,0,1,0,4,0,6,1,1
200700075504,7,12,5,2115,3,1,2,7,4851500,549300,3,0,2,0,0,1,0,75,0,0,1,0,0,0,1,0,1
200700075506,7,12,6,700,3,1,8,7,4912700,538200,3,2,2,0,2,3,0,69,2,0,1,0,0,1,0,0,1
200700075507,7,12,11,1300,1,1,1,7,4911600,524300,3,2,2,0,0,3,65,0,2,0,1,0,0,0,0,2,1
200700075508,7,12,31,2100,3,1,1,1,4905300,548300,3,2,2,0,1,4,0,58,1,0,1,0,0,0,1,1,1
200700075509,7,12,2,1800,3,2,3,3,4923200,559200,3,2,2,0,1,1,0,64,2,0,3,0,1,0,1,0,1
200700075510,7,12,8,1730,3,1,2,6,4910800,561800,3,2,2,0,1,1,0,67,2,0,1,0,1,0,1,0,1
200700075511,7,12,24,1845,2,1,9,6,4929700,574100,4,2,2,0,1,2,0,0,9,0,1,0,0,0,1,0,1
200700075512,7,12,2,315,3,1,2,6,4817700,622000,3,2,2,0,0,1,0,0,2,0,0,0,3,0,1,0,1
200700075513,7,12,12,2145,5,1,1,7,4822700,645700,4,2,2,0,1,3,0,70,1,0,1,0,1,0,1,0,1
200700075514,7,12,3,745,2,1,2,6,4817200,663700,4,2,2,0,2,4,0,65,2,0,1,0,0,0,1,0,1
200700075516,7,12,14,1600,2,9,9,3,4813000,658700,3,2,2,0,1,3,0,65,0,0,1,0,1,0,1,0,1
200700075517,7,12,31,1900,3,1,1,3,4819400,674200,3,4,2,0,1,1,0,0,1,5,1,0,4,0,1,0,1
200700075518,7,12,4,1730,5,1,1,6,4837600,629300,4,1,2,0,1,1,0,50,2,0,1,0,1,0,1,0,1
200700075520,7,12,21,1300,1,1,9,2,4833500,634100,2,3,4,3,1,1,0,97,7,0,2,0,1,0,0,1,1
200700075522,7,12,13,1215,1,1,1,1,4832600,643900,4,2,2,0,1,1,0,41,1,0,1,0,1,0,0,2,1
200700075529,7,12,21,2030,4,1,9,6,4819100,679600,3,2,1,0,1,1,0,62,7,0,1,0,0,0,1,0,1
200700075531,7,12,19,645,5,1,1,1,4838300,691400,3,2,0,0,0,1,70,0,1,0,1,0,1,0,1,0,1
200700075532,7,12,23,1730,3,1,1,1,4840000,685000,3,2,2,0,1,1,0,70,1,0,1,0,0,0,0,4,1
200700075533,7,12,2,630,3,1,2,6,4839600,761500,3,3,0,0,1,1,0,0,2,0,1,0,0,0,1,1,1
200700075534,7,12,9,915,1,1,2,6,4838400,760800,3,2,2,1,1,1,0,109,2,0,1,0,0,1,0,0,1
200700075536,7,12,7,1430,5,9,2,1,4847300,773200,4,2,0,0,0,0,0,0,2,0,1,0,1,0,1,1,1
200700075537,7,12,17,1645,3,1,1,4,4853600,745400,3,2,2,0,0,1,0,80,1,0,1,0,0,1,0,2,1
200700075540,7,12,19,1815,3,1,1,3,4892700,710600,3,2,2,0,2,2,0,78,1,0,1,0,1,0,0,1,1
200700075542,7,12,6,815,3,1,1,6,4870200,766800,3,2,0,0,1,2,27,53,2,0,3,0,0,0,2,0,1
200700075543,7,12,19,1730,5,1,1,1,4867100,771900,2,2,2,0,1,1,4,105,1,5,1,0,1,0,1,0,1
200700075544,7,12,8,2030,5,6,2,7,4876200,757400,3,2,2,0,2,3,0,0,2,5,1,0,0,0,1,0,1
200700075545,7,12,27,1615,2,1,5,3,4879900,754400,3,2,2,0,2,2,0,70,2,0,1,0,1,0,3,0,1
200700075546,7,12,8,1645,5,1,1,7,4866300,781900,3,2,2,0,1,1,0,76,1,0,3,0,0,0,1,0,1
200700075547,7,12,13,645,4,2,1,3,4860000,767500,1,3,2,0,0,3,0,0,1,0,1,0,1,0,1,0,1
200700075548,7,12,12,1530,1,7,1,6,4904000,794700,9,0,0,0,1,0,0,0,1,6,4,0,1,0,1,0,1
200700075551,7,12,8,1215,1,1,1,6,4898000,818400,4,2,2,0,2,2,0,51,0,0,4,0,0,0,1,0,1
200700075552,7,12,26,1330,1,1,1,6,4888500,807300,4,2,2,0,1,2,0,68,5,0,3,0,0,0,1,1,1
200700075553,7,12,20,715,2,1,8,3,4895000,789300,3,2,2,0,3,1,0,77,9,5,1,0,1,0,0,1,1
200700075556,7,12,18,1545,1,1,1,1,4792500,756600,3,2,2,0,1,1,0,76,1,0,1,0,1,0,1,0,1
200700075558,7,12,22,2315,3,1,1,5,4813900,726300,3,2,2,0,2,2,0,79,1,0,1,0,1,0,1,1,1