Num_Acc,an,mois,jour,hrmn,lum,int,atm,col,lat,long,catr,circ,nbv,vosp,prof,plan,lartpc,larrout,surf,infra,situ,env1,unscathed,killed,hospital,light,chance
200700075559,7,12,8,15,3,1,2,1,4811500,730500,3,2,0,0,1,3,0,66,2,0,1,0,1,0,1,0,1
200700075560,7,12,8,430,5,1,8,6,4759500,721900,3,2,0,0,1,2,0,60,2,0,3,0,0,1,1,0,1
200700075561,7,12,10,1715,4,1,8,1,4763300,722300,3,2,0,0,1,1,20,110,2,5,1,0,2,0,2,0,1
200700075562,7,12,20,1930,5,1,8,6,4760300,722400,3,2,2,0,1,1,0,59,2,0,1,0,1,0,1,0,1
200700075564,7,12,31,1600,1,2,1,3,4765600,704800,3,2,0,0,1,1,0,0,1,5,1,0,1,0,1,0,1
200700075565,7,12,7,1415,1,1,2,2,4768500,726000,3,3,2,0,1,1,0,0,2,0,1,0,1,0,1,0,1
200700075566,7,12,28,1830,3,1,5,6,4759700,714000,3,2,0,0,1,3,0,60,7,0,3,0,1,0,1,1,1
200700075567,7,12,7,1745,3,1,2,1,4785000,737800,3,2,2,0,1,1,0,75,2,0,1,0,0,0,2,0,1
200700075568,7,12,8,1230,1,1,1,1,4786300,745300,3,2,2,0,1,2,0,70,1,0,1,0,0,0,2,0,1
200700075569,7,12,17,630,5,1,1,3,4787300,736100,3,2,2,0,1,1,65,87,1,0,1,0,0,0,2,1,1
200700075570,7,12,4,1615,1,1,1,1,4796400,729700,4,2,2,1,1,1,0,59,1,0,1,0,1,0,1,0,1
200700075571,7,12,7,1530,1,1,1,6,4785400,726200,3,2,2,0,1,1,0,70,1,0,3,0,0,0,1,0,1
200700075574,7,12,10,1715,2,1,2,2,4757000,753900,4,2,2,0,1,1,0,70,2,0,1,0,1,0,1,0,1
200700075575,7,12,14,1530,1,1,1,3,4781800,709000,2,2,2,0,1,1,0,92,1,0,1,0,1,0,1,0,1
200700075576,7,12,4,1145,1,1,1,6,4780200,717500,4,2,2,1,1,1,0,70,1,0,1,0,1,0,0,1,1
200700075577,7,12,7,1215,1,1,3,6,4788500,701300,2,2,2,1,1,1,0,81,4,0,1,0,1,0,1,0,1
200700075578,7,12,7,1800,3,1,3,3,4772600,717000,3,2,2,0,1,2,0,114,2,5,1,0,1,0,1,0,1
200700075579,7,12,5,815,1,1,1,6,4901800,413100,3,2,2,0,1,1,15,70,2,5,3,0,0,0,2,0,1
200700075580,7,12,17,2200,3,1,1,6,4907000,434000,4,2,2,0,2,1,0,65,1,0,3,0,0,1,0,0,1
200700075581,7,12,14,1800,5,1,1,3,4906600,361900,3,2,2,0,1,1,0,0,1,0,1,0,1,0,0,1,1
200700075582,7,12,2,530,3,1,6,7,4868300,401700,3,2,2,0,1,1,0,55,2,0,1,0,3,0,0,1,1
200700075583,7,12,6,800,3,1,1,1,4919100,384800,3,2,2,0,3,1,0,57,1,0,1,0,1,0,2,1,1
200700075585,7,12,12,1545,1,2,1,4,4880000,457000,2,2,2,0,2,1,0,78,1,0,1,0,1,0,2,4,1
200700075586,7,12,1,1045,1,1,2,1,4912700,485200,3,2,2,0,1,3,0,65,2,0,1,0,0,0,1,1,1
200700075587,7,12,8,1815,3,1,1,6,4911400,489300,3,2,2,0,4,3,0,60,1,0,1,0,0,0,1,0,1
200700075588,7,12,28,1600,1,1,5,1,4906900,477900,3,2,0,0,1,1,0,71,1,0,1,0,0,1,3,0,1
200700075590,7,12,25,2000,3,1,1,6,4958900,527200,3,2,2,0,0,0,0,74,1,0,3,0,0,0,1,0,1
200700075591,7,12,21,1100,5,1,8,6,4940400,470400,3,2,0,0,1,1,0,106,7,0,1,0,1,0,1,0,1
200700075594,7,12,22,100,3,1,1,6,4945700,407000,3,2,2,0,1,1,0,55,1,0,3,0,0,1,0,0,1
200700075595,7,12,24,1145,1,1,7,3,4949100,416400,3,2,0,0,2,2,0,60,1,0,1,0,1,0,1,0,1
200700075597,7,12,21,2015,3,1,1,7,4843700,430000,3,2,0,0,1,4,0,48,1,0,0,0,1,0,1,0,1
200700075600,7,12,5,1900,5,1,1,6,4824800,428100,3,2,2,0,1,1,0,0,1,0,1,0,1,0,1,0,1
200700075601,7,12,15,1145,1,1,1,6,4836100,428100,3,2,0,0,1,1,0,77,1,0,3,0,0,0,2,0,1
200700075602,7,12,26,1130,1,1,8,1,4826900,461300,3,2,2,0,2,1,0,57,7,0,1,0,0,1,1,3,1
200700075603,7,12,4,1930,3,1,1,7,4838600,386400,3,2,2,0,2,2,0,60,1,0,1,0,0,0,1,1,1
200700075607,7,12,10,900,1,1,2,6,4829400,533700,3,2,2,0,2,1,0,58,2,0,0,0,0,1,0,0,1
200700075608,7,12,16,500,3,1,9,6,4825600,545600,3,2,2,0,1,3,0,70,1,0,3,0,0,1,4,0,1
200700075609,7,12,18,615,3,1,1,6,4826800,532000,3,2,2,0,4,1,0,70,1,0,3,0,0,0,1,0,1
200700075614,7,12,24,1800,3,1,9,5,4773600,561300,3,2,2,0,3,1,0,66,2,0,1,0,2,1,1,2,1
200700075615,7,12,29,1115,1,1,2,1,4777400,522200,3,2,2,0,2,1,0,53,7,0,3,0,3,0,1,0,1
200700075617,7,12,22,1145,1,1,9,1,4836800,482900,3,3,0,0,2,2,70,60,7,0,3,0,3,0,0,1,1
200700075618,7,12,14,2045,3,1,1,6,4801300,315700,1,3,3,0,0,1,30,118,1,2,2,0,0,0,0,1,1
200700075619,7,12,23,2015,3,1,1,6,4800600,316600,1,3,3,0,1,1,20,105,1,2,3,0,0,0,4,0,1
200700075621,7,12,16,1715,2,1,1,6,4730800,450300,1,3,2,0,1,1,30,100,1,0,1,0,0,0,1,0,1
200700075624,7,12,7,1200,1,1,3,1,4720500,537700,3,2,2,0,1,0,0,55,2,0,1,0,0,1,1,0,1
200700075625,7,12,14,1645,2,1,1,3,4721400,527700,3,2,2,0,1,1,0,76,1,0,1,0,0,0,4,0,1
200700075626,7,12,2,1200,1,1,1,3,4726100,499000,3,2,2,0,1,1,0,50,1,5,1,0,1,0,1,0,1
200700075627,7,12,16,900,1,6,1,3,4728300,500800,3,3,4,0,1,1,21,150,1,5,1,0,4,0,1,0,1
200700075629,7,12,3,845,2,1,2,1,4713000,509900,3,2,2,0,0,1,0,74,2,0,1,0,0,0,2,0,1
200700075632,7,12,8,2200,5,1,2,1,4763200,434400,3,3,2,0,4,2,0,0,2,0,0,0,1,0,1,0,1
200700075635,7,12,4,145,5,1,3,6,4693400,326200,3,2,2,0,3,3,0,70,2,0,4,0,0,0,1,0,1
200700075636,7,12,15,500,3,1,1,6,4694100,316000,3,2,2,0,0,2,0,74,2,0,3,0,1,0,2,1,1
200700075637,7,12,12,1730,3,3,1,1,4687600,331500,3,2,2,0,2,1,0,70,2,0,1,0,4,0,1,0,1
200700075638,7,12,13,1030,1,1,1,1,4650200,326200,2,2,3,0,1,1,0,0,1,0,1,0,1,1,1,1,1
200700075639,7,12,26,800,2,1,9,7,4728300,349200,3,2,0,0,1,1,0,61,7,0,1,0,0,0,1,0,1
200700075640,7,12,23,2130,3,1,1,6,4741800,341200,3,2,2,0,1,2,0,65,2,0,3,0,0,0,1,0,1
200700075644,7,12,9,1745,3,1,8,7,4643100,453400,3,2,0,0,4,4,0,56,2,0,3,0,0,1,1,0,1
200700075648,7,12,26,1000,1,1,2,6,4694900,427700,4,0,1,0,1,3,0,56,7,0,1,0,1,0,1,0,1
200700075650,7,12,11,1315,1,2,1,3,4695700,506600,3,2,2,0,1,1,0,60,1,5,1,0,1,0,1,0,1
200700075652,7,12,1,130,3,1,5,6,4649200,405300,3,2,0,0,1,1,57,0,1,0,3,0,0,0,2,0,1
200700075653,7,12,20,645,2,1,9,3,4627900,404600,4,2,2,0,0,1,0,40,1,5,1,0,1,0,0,1,1
200700075655,7,12,17,1045,1,1,9,1,4692700,442800,3,2,2,0,0,2,0,72,2,0,1,0,0,0,1,1,1
200700075659,7,12,30,1830,3,1,1,4,4790200,352200,3,2,3,0,1,1,0,88,1,0,1,0,3,0,0,1,1
200700075660,7,12,7,2115,3,1,1,6,4783300,354300,3,2,2,0,1,1,0,62,1,0,1,0,1,0,1,0,1
200700075667,7,12,22,1830,3,1,1,6,4787000,358100,3,2,2,0,2,1,70,70,1,2,3,0,0,0,1,0,1
200700075668,7,12,23,1245,1,1,9,6,4786800,357700,3,2,2,0,2,2,58,58,7,0,3,0,0,0,0,1,1
200700075673,7,12,14,2015,3,1,1,6,4761800,414300,3,2,1,0,1,3,0,50,1,0,3,0,0,0,1,0,1
200700075674,7,12,29,1945,5,1,1,6,4798600,341400,3,2,0,0,1,1,0,69,2,0,1,0,1,0,1,0,1
200700075675,7,12,31,1630,1,1,1,3,4784300,338500,3,2,0,0,2,3,0,62,1,0,1,0,2,0,1,0,1
200700075676,7,12,27,1700,3,1,9,6,4782300,311400,3,2,0,0,1,1,0,35,2,0,1,0,0,0,1,0,1
200700075677,7,12,2,1700,3,1,2,5,4789800,352000,2,2,3,0,1,2,0,120,2,0,1,0,2,0,3,0,1
200700075680,7,12,20,1030,1,1,9,3,4817500,327500,3,2,2,0,1,1,0,80,7,2,1,0,2,1,0,0,1
200700075683,7,12,21,1130,1,1,1,6,4822900,319100,3,2,2,0,2,2,0,50,7,0,0,0,0,0,2,0,1
200700075684,7,12,22,1145,1,1,1,6,4823000,318400,3,2,2,0,2,3,0,50,7,0,3,0,0,0,1,0,1
200700075685,7,12,27,1415,1,1,1,6,4828600,306300,3,2,2,0,2,3,60,0,1,0,3,0,0,1,0,0,1
200700075689,7,12,20,2330,3,1,1,1,4806100,313400,3,2,2,0,1,1,0,66,1,0,1,0,3,0,0,1,1
200700075704,7,12,16,30,3,1,1,7,4728200,612000,3,2,2,0,1,1,0,72,1,0,3,0,0,0,3,0,1
200700075706,7,12,7,1900,3,1,2,5,4695700,617100,3,3,2,0,2,2,0,75,2,0,1,0,1,0,1,2,1
200700075707,7,12,8,1615,3,1,4,1,4684200,611900,3,2,2,0,1,1,0,73,5,0,1,0,1,1,0,0,1
200700075711,7,12,6,1645,1,1,2,3,4665100,549000,3,2,2,0,2,1,0,70,2,0,1,0,1,0,1,0,1
200700075713,7,12,15,1300,1,1,1,1,4680100,548900,3,2,2,0,3,1,0,43,1,0,1,0,0,0,0,2,1
200700075714,7,12,19,1945,3,1,5,6,4714500,572200,3,2,0,0,1,2,0,53,1,0,1,0,2,1,0,0,1
200700075715,7,12,9,1300,1,1,4,2,4659900,590500,2,3,2,0,2,2,0,80,2,0,1,0,0,0,1,2,1
200700075716,7,12,17,1645,1,1,1,1,4658000,597000,2,2,2,0,4,3,0,84,1,0,1,0,1,1,0,0,1
200700075717,7,12,22,530,5,1,1,6,4629900,573700,3,2,2,0,1,1,0,67,1,0,3,0,0,0,1,0,1
200700075719,7,12,21,2015,3,1,9,1,4768800,651700,3,2,2,0,1,1,0,68,7,0,1,0,1,1,0,2,1
200700075720,7,12,20,1915,3,1,9,6,4764500,644300,3,2,0,0,2,1,0,62,9,0,1,0,0,0,1,0,1
200700075722,7,12,29,1230,1,1,3,6,4775000,619000,3,2,2,0,2,1,0,67,7,0,3,0,1,1,1,0,1
200700075723,7,12,29,1345,1,1,2,6,4783000,629000,3,2,0,0,0,2,0,70,7,0,0,0,0,0,1,0,1
200700075727,7,12,27,800,1,1,5,6,4752200,710900,3,2,2,0,1,1,0,43,2,0,3,0,0,1,0,0,1
200700075732,7,12,17,1100,1,1,1,6,4533100,481300,1,3,0,0,1,1,0,0,1,0,1,0,0,0,1,0,1
200700075734,7,12,6,545,3,1,1,1,4344200,542800,3,2,0,0,1,1,0,0,1,0,1,0,0,0,2,0,1
200700075735,7,12,12,1215,1,1,1,1,4343100,537100,3,2,2,0,2,3,0,74,1,0,1,0,1,0,0,1,1
200700075737,7,12,30,830,2,1,9,1,4346200,565500,3,2,2,0,1,1,0,116,7,0,1,0,1,0,0,2,1
200700075739,7,12,13,1445,1,1,1,5,4388900,487100,3,2,0,0,0,1,0,0,1,0,1,0,1,0,3,0,1
200700075741,7,12,27,730,1,1,1,3,4366600,480100,3,2,0,0,0,1,0,70,1,0,1,0,1,0,1,0,1
200700075742,7,12,27,1015,1,1,1,6,4353000,483900,2,3,0,0,1,1,300,73,1,0,1,0,1,0,1,0,1
200700075743,7,12,30,1530,1,1,1,1,4354400,504800,3,2,2,0,1,1,0,80,2,0,1,0,0,0,0,7,1
200700075745,7,12,22,1115,1,2,8,3,4374100,514600,3,2,2,0,1,1,0,0,1,0,1,0,2,0,1,0,1
200700075751,7,12,6,730,2,1,1,4,4396600,633000,2,2,2,0,1,1,0,74,7,0,1,0,2,0,3,0,1
200700075752,7,12,11,715,2,1,1,6,4439200,628200,3,2,0,0,1,2,0,54,1,2,1,0,0,0,1,0,1
200700075754,7,12,13,1615,1,1,1,6,4410200,601100,2,2,0,0,0,1,78,0,1,6,1,0,0,0,3,1,1
200700075764,7,12,11,2015,3,1,1,7,4390900,736100,3,2,2,0,2,2,0,70,1,0,1,0,0,0,0,1,1
200700075769,7,12,9,1400,1,1,1,6,4364800,713300,3,3,2,0,0,3,0,0,1,0,1,0,0,0,0,1,1
200700075772,7,12,6,1700,1,1,1,6,4388400,745000,4,2,0,0,1,1,0,59,1,0,1,3,0,0,1,0,1
200700075773,7,12,16,1230,1,1,1,6,4383600,747200,3,2,2,0,2,2,0,79,1,0,1,0,0,0,1,0,1
200700075780,7,12,16,2145,3,1,9,7,4335200,625900,3,2,2,0,1,3,0,64,7,0,3,0,0,1,0,0,1
200700075785,7,12,1,1100,1,9,1,1,4345800,585900,2,2,2,0,1,1,0,80,1,0,1,0,2,0,0,1,1
200700075786,7,12,5,1800,5,1,1,1,4347300,578000,2,2,2,0,1,1,20,80,1,5,1,0,1,0,0,4,1
200700075788,7,12,15,1500,1,1,1,6,4338800,573100,3,2,2,0,2,3,60,0,2,0,1,0,0,0,1,0,1
200700075798,7,12,27,1815,2,1,1,1,4313300,607700,3,2,0,0,0,1,0,104,1,5,1,0,4,0,2,0,1
200700075801,7,12,27,930,1,1,1,1,4388900,494900,3,2,0,0,1,1,0,60,1,0,1,0,0,1,0,1,1
200700075804,7,12,30,1445,1,1,1,6,4401200,487600,3,2,2,0,1,1,0,0,1,0,1,0,0,0,1,0,1
200700075805,7,12,9,200,5,1,2,6,4388600,540200,4,2,2,0,0,2,0,62,2,0,3,0,0,0,1,0,1
200700075809,7,12,28,2200,3,1,1,6,4405100,511700,4,2,2,0,1,1,0,0,1,0,3,0,0,0,1,0,1
200700075810,7,12,18,2045,3,1,1,1,4416800,512900,3,2,0,0,1,2,0,61,1,0,1,0,0,0,0,3,1
200700075814,7,12,7,745,2,1,5,5,4426300,474200,3,2,0,0,1,0,0,94,2,0,1,0,2,0,1,0,1
200700075816,7,12,14,1500,1,1,1,1,4434800,495100,3,2,2,0,1,1,0,73,1,0,1,0,1,0,1,0,1
200700075818,7,12,15,2300,3,1,8,1,4393800,370500,3,2,2,0,1,2,0,75,7,0,1,0,3,0,1,1,1
200700075823,7,12,23,1530,1,1,1,3,4383800,391200,3,2,2,0,1,1,0,66,1,0,1,0,2,0,0,1,1
200700075824,7,12,30,1330,1,9,1,7,4359400,317100,3,2,2,0,2,1,0,80,1,1,1,0,1,0,1,0,1
200700075825,7,12,8,2145,3,1,2,1,4334000,308000,3,2,0,0,0,2,43,0,2,0,1,0,1,0,1,3,1
200700075826,7,12,31,1215,1,1,1,1,4338300,318200,9,2,2,0,3,1,0,32,1,0,1,0,1,0,1,0,1
200700075831,7,12,5,1630,1,1,1,3,4328600,328400,3,2,2,0,1,1,0,35,1,0,1,0,1,0,1,0,1
200700075833,7,12,2,330,3,1,1,6,4354100,345000,3,2,0,0,2,3,0,60,1,0,1,0,0,0,0,1,1
200700075834,7,12,8,2245,3,1,2,6,4363300,345400,3,2,0,0,1,1,0,0,2,0,1,0,0,2,0,0,1
200700075835,7,12,22,2000,5,1,2,7,4354200,345500,3,2,2,0,0,2,0,75,2,0,0,0,0,0,1,0,1
200700075836,7,12,31,1815,3,1,2,1,4358400,348700,3,2,2,0,1,1,0,55,2,0,1,0,0,0,2,0,1
200700075840,7,12,22,1500,1,1,1,4,4334100,342400,3,2,2,0,1,1,0,60,1,0,1,0,2,0,1,3,1
200700075841,7,12,26,1645,1,1,1,3,4332200,355200,4,2,0,0,0,1,0,70,1,0,1,0,1,0,1,0,1
200700075842,7,12,2,430,3,1,1,6,4345800,365500,3,2,0,0,1,1,0,0,1,0,1,0,0,0,1,0,1
200700075843,7,12,3,1745,3,1,1,3,4348400,369700,3,2,3,0,1,1,0,104,1,0,1,0,1,0,1,1,1
200700075844,7,12,24,245,3,1,1,6,4342700,355000,3,2,2,0,1,2,0,64,1,0,3,0,0,1,0,0,1
200700075847,7,12,9,1530,1,2,3,3,4308000,219000,3,2,2,0,4,1,0,69,2,0,1,0,3,0,0,4,1
200700075848,7,12,21,1945,3,1,1,7,4298400,202400,3,2,2,0,2,1,0,0,1,0,1,0,0,0,1,0,1
200700075849,7,12,6,1345,1,1,1,7,4294500,226900,3,2,0,0,2,4,0,0,1,0,3,0,0,0,1,0,1
200700075850,7,12,30,1545,1,1,1,6,4309600,271300,3,2,2,0,1,1,0,60,1,0,1,0,0,0,1,0,1
200700075854,7,12,3,1530,1,1,1,1,4302700,304100,4,3,0,0,2,2,0,95,1,5,1,0,1,1,0,0,1
200700075855,7,12,11,1715,1,1,1,5,4359900,420900,3,2,2,0,1,1,0,62,1,0,1,0,2,1,0,0,1
200700075856,7,12,14,1015,1,1,1,3,4357000,419400,9,2,0,0,1,1,0,59,1,0,1,0,0,0,1,1,1
200700075858,7,12,31,1830,3,1,8,6,4388300,448400,3,2,2,0,1,1,80,0,2,0,1,0,1,0,1,0,1
200700075861,7,12,23,800,1,1,1,3,4374200,434400,3,2,2,0,1,1,0,63,1,0,1,0,0,0,2,0,1
200700075862,7,12,12,1000,1,8,7,3,4373100,419300,3,2,2,0,1,1,0,53,1,4,1,0,1,1,0,0,1
200700075863,7,12,17,1145,1,1,1,3,4378600,429700,2,2,0,0,1,2,30,0,1,0,1,0,1,0,0,1,1
200700075864,7,12,18,1900,3,1,1,3,4378300,429200,2,2,2,0,1,1,0,74,1,0,1,0,0,1,0,1,1
200700075865,7,12,2,800,1,1,1,6,4417800,414400,3,2,2,0,1,2,0,60,1,0,3,0,0,0,1,0,1
200700075866,7,12,10,1045,1,6,1,1,4416000,405700,3,0,0,0,1,0,0,0,1,5,1,0,2,0,1,0,1
200700075867,7,12,14,645,2,1,1,3,4410300,415100,4,2,2,0,1,1,0,80,1,0,1,0,1,0,0,1,1
200700075868,7,12,18,1215,1,1,1,1,4403800,420700,3,2,2,0,3,2,0,38,0,0,1,0,1,0,0,1,1
200700075870,7,12,25,1215,1,1,1,3,4426900,420100,3,2,2,0,1,1,0,58,1,0,1,0,3,0,1,0,1
200700075873,7,12,3,945,3,1,1,6,4397600,449900,3,2,0,0,1,1,0,72,1,0,3,0,0,1,0,0,1
200700075874,7,12,13,1115,1,1,1,2,4389200,455400,3,2,2,0,1,1,0,55,1,0,3,0,0,0,1,2,1
200700075876,7,12,18,830,3,1,1,6,4401400,474400,3,2,2,0,2,4,0,54,1,0,1,0,0,1,0,0,1
200700075883,7,12,9,930,1,1,1,1,4396200,368800,3,2,0,0,1,1,0,70,2,0,1,0,0,0,0,3,1
200700075884,7,12,28,1530,1,1,8,7,4399600,360500,9,2,2,0,1,1,0,0,1,0,0,0,1,0,1,0,1
200700075885,7,12,14,1930,3,1,1,1,4455100,361800,2,2,2,0,2,2,0,71,1,0,1,0,1,0,1,0,1
200700075886,7,12,16,1515,1,1,1,1,4443100,376600,3,2,2,0,2,1,0,62,7,0,1,0,2,1,0,0,1
200700075887,7,12,4,1030,1,1,1,6,4473400,385700,2,2,2,0,1,1,0,70,0,0,1,0,1,0,1,0,1
200700075888,7,12,21,1800,3,1,1,6,4485000,360300,3,2,2,0,0,2,54,54,7,0,1,0,0,0,1,0,1
200700075890,7,12,28,1345,1,1,7,6,4473000,385400,2,2,2,0,1,1,0,80,1,0,1,0,1,1,0,0,1
200700075895,7,12,25,30,3,1,1,1,4281700,228300,3,2,2,0,1,2,0,65,1,0,1,0,0,0,2,0,1
200700075903,7,12,19,915,1,3,1,6,4200900,876200,3,2,2,0,0,1,0,60,1,0,1,0,0,0,1,0,1
200700075904,7,12,23,1830,5,1,3,5,4196200,880300,2,2,2,0,1,1,0,75,2,0,1,0,2,0,1,1,1
200700075909,7,12,16,600,3,1,2,6,4279800,948900,3,2,2,0,2,1,0,72,2,0,3,0,0,0,2,1,1
200700075910,7,12,11,1530,1,1,7,7,4269900,933500,3,2,2,0,1,2,0,55,1,0,3,0,0,1,0,0,1
200700075912,7,12,11,715,1,1,1,1,4230600,915800,2,2,2,0,1,1,0,65,1,0,1,0,0,0,0,4,1
200700075914,7,12,16,1030,1,1,4,7,4248400,920500,3,2,2,0,2,3,0,0,5,0,1,0,0,0,1,0,1
200700075915,7,12,29,1245,1,1,1,3,4191000,939100,2,2,2,0,1,1,0,75,1,0,1,0,1,0,1,0,1
200700075916,7,12,31,1400,1,1,1,3,4203200,941500,2,2,2,0,1,1,0,75,1,0,1,0,0,0,1,1,1
200700075917,7,12,25,1045,1,1,1,3,4244700,945700,3,0,1,0,4,3,0,81,2,0,1,0,1,0,0,1,1
200700075918,7,12,30,2015,3,1,2,6,4248600,948200,2,2,2,0,1,1,0,72,2,0,1,0,2,0,0,1,1
200700075919,7,12,14,1045,1,2,1,3,4893200,157100,3,2,2,0,1,1,0,94,1,0,1,0,0,0,1,4,1
200700075920,7,12,19,1700,1,1,1,1,4903800,158000,9,1,1,0,2,1,0,0,1,0,1,3,1,0,2,0,1
200700075921,7,12,20,1030,1,1,1,1,4901700,181900,3,2,2,0,3,2,0,66,7,0,3,0,1,1,0,0,1
200700075922,7,12,21,600,3,1,1,6,4902600,166900,4,2,2,0,1,4,0,0,7,0,3,0,0,0,1,0,1
200700075925,7,12,25,1730,3,1,9,1,4875600,183200,3,2,2,0,2,3,0,67,1,0,1,0,2,0,1,0,1
200700075926,7,12,7,1530,1,1,2,6,4879300,189900,3,2,0,0,1,1,0,60,2,0,3,0,0,1,0,0,1
200700075927,7,12,18,2230,5,1,1,1,4882200,192300,4,2,0,0,1,1,50,0,1,0,1,0,0,0,0,1,1
200700075930,7,12,14,1845,5,1,1,1,4860200,242300,9,2,0,0,1,1,0,0,1,5,1,3,0,0,0,2,1
200700075932,7,12,9,1400,1,1,8,5,4851500,202000,3,2,2,0,1,1,0,80,1,0,1,0,2,0,1,0,1
200700075933,7,12,9,745,1,1,1,6,4846800,226900,3,2,0,0,0,3,0,0,1,0,1,0,0,0,1,0,1
200700075937,7,12,7,1245,1,1,8,7,4870100,221600,4,1,1,0,2,2,0,0,2,0,1,0,0,0,1,0,1
200700075938,7,12,6,1100,1,1,2,2,4854500,227100,3,2,2,0,0,2,0,80,2,0,1,0,1,0,1,0,1
200700075939,7,12,21,2145,3,1,1,1,4861400,233700,3,3,4,0,0,2,7,0,2,0,1,0,0,0,1,1,1
200700075941,7,12,4,915,1,1,1,2,4869100,215100,3,2,2,0,1,1,0,0,1,0,1,0,0,0,0,2,1
200700075944,7,12,2,330,3,1,8,1,4912600,206600,3,2,0,0,0,1,0,60,2,0,1,0,0,0,2,0,1
200700075945,7,12,4,1930,3,1,1,6,4916100,188400,3,2,0,0,1,1,0,79,1,0,1,0,0,0,1,1,1
200700075951,7,12,4,845,1,1,1,3,4858600,296600,3,2,2,0,1,1,0,100,1,0,1,0,1,0,1,1,1
200700075952,7,12,10,930,1,1,2,1,4890400,294100,3,2,2,0,0,2,0,50,2,0,1,0,1,0,0,1,1
200700075953,7,12,20,815,1,9,1,1,4885700,284500,3,2,2,0,1,1,0,0,1,0,1,0,1,0,1,0,1
200700075954,7,12,8,1800,3,1,3,6,4878000,317500,3,2,2,0,1,1,0,0,2,0,3,0,0,1,0,0,1
200700075955,7,12,24,1945,3,1,1,7,4879500,328100,3,2,0,0,1,3,0,0,7,0,1,0,0,0,0,2,1
200700075956,7,12,1,1130,1,1,1,3,4895200,313800,4,2,2,0,2,1,0,0,1,0,1,0,1,0,0,1,1
200700075957,7,12,4,1730,3,1,2,6,4893300,311300,3,2,2,0,0,0,0,0,2,0,0,0,1,0,1,0,1
200700075958,7,12,7,2015,5,1,2,3,4894100,314800,3,2,2,0,1,1,0,0,2,0,1,0,1,0,1,0,1
200700075959,7,12,7,1830,5,6,1,6,4894700,312500,3,0,2,0,0,0,0,0,2,0,1,0,0,0,1,1,1
200700075960,7,12,30,1800,3,1,1,3,4893400,312700,3,2,2,0,2,1,0,50,1,0,1,0,1,0,1,3,1
200700075961,7,12,7,930,1,3,2,3,4824300,281500,3,2,2,0,0,1,0,92,2,5,1,0,0,0,3,0,1
200700075964,7,12,3,1230,1,1,1,6,4900200,304400,3,2,2,0,1,3,0,50,1,0,4,0,0,0,1,0,1
200700075965,7,12,30,1045,1,1,1,3,4841200,322000,4,2,0,0,1,1,0,48,1,0,1,0,1,0,2,0,1
200700075966,7,12,8,1345,1,1,3,1,4785100,231400,3,2,2,0,1,1,0,86,2,0,1,0,0,0,2,0,1
200700075967,7,12,1,1800,5,1,8,7,4785000,180200,4,2,2,0,1,1,0,0,0,0,1,0,0,0,1,0,1
200700075968,7,12,7,1945,3,1,1,6,4783100,173900,3,2,0,0,0,1,0,64,1,0,3,0,0,1,0,0,1
200700075969,7,12,14,1300,1,1,1,6,4784500,221500,4,2,2,0,1,3,0,46,0,0,3,0,3,0,1,0,1
200700075970,7,12,19,745,2,1,1,1,4787600,212600,3,2,2,0,1,1,0,68,1,5,1,0,2,0,1,0,1
200700075971,7,12,22,1030,1,1,1,1,4779700,186900,3,2,2,0,1,1,0,50,1,0,1,0,2,0,1,0,1
200700075972,7,12,12,2015,3,1,1,6,4798700,201300,9,2,0,0,1,3,0,0,2,0,0,0,0,1,0,0,1
200700075973,7,12,21,2100,3,1,8,7,4819000,205000,3,2,0,0,1,1,0,0,1,0,1,0,0,0,1,0,1
200700075978,7,12,20,2130,3,1,1,6,4809400,279100,3,2,2,0,1,1,0,70,1,0,1,0,1,0,1,0,1
200700075979,7,12,21,730,3,1,1,1,4808600,282700,3,2,0,0,1,2,0,70,1,0,1,0,1,0,1,0,1
200700075980,7,12,21,800,3,1,9,7,4713400,283400,4,2,0,0,2,1,0,34,7,2,1,0,0,1,0,0,1
200700075982,7,12,5,900,1,1,1,6,4690400,253500,3,2,2,0,2,3,0,53,1,0,1,0,1,0,1,0,1
200700075983,7,12,10,1030,1,1,2,1,4693300,295100,3,2,2,0,1,3,0,73,2,0,1,0,1,0,1,1,1
200700075984,7,12,24,900,1,3,8,1,4695600,294100,3,2,2,0,1,1,0,75,1,0,1,0,0,0,2,0,1
200700075985,7,12,3,730,3,1,2,5,4714000,227600,2,2,2,0,0,1,0,74,2,0,1,0,1,0,4,0,1
200700075986,7,12,12,1345,1,1,1,3,4713200,221500,3,2,2,0,1,1,0,0,2,0,1,0,1,0,1,0,1
200700075987,7,12,14,715,3,1,9,7,4717700,234300,3,2,2,0,0,3,0,75,7,0,3,0,0,0,1,0,1
200700075988,7,12,30,830,2,1,9,2,4834800,143900,2,2,0,0,1,1,0,0,0,0,1,0,1,0,1,0,1
200700075989,7,12,9,1800,3,1,3,5,4841500,142400,3,2,0,0,1,1,0,85,3,0,1,0,8,0,1,2,1
200700075990,7,12,9,2030,5,1,2,7,4847300,136600,3,2,0,0,1,2,0,56,2,0,3,0,0,0,1,0,1
200700075991,7,12,1,1830,3,1,1,3,4842000,192900,3,0,0,0,1,1,0,0,1,0,1,0,1,0,1,0,1
200700075992,7,12,17,930,1,1,1,3,4847700,177200,3,2,0,0,1,1,0,60,1,0,1,0,1,0,0,1,1
200700075994,7,12,11,1000,5,1,1,6,4808300,133900,2,3,2,0,1,1,45,90,1,5,1,0,1,1,0,0,1
200700075995,7,12,6,1545,1,1,2,6,4821600,116800,3,2,2,0,3,3,0,0,2,0,1,0,1,0,1,0,1
200700075996,7,12,15,200,3,1,1,6,4821900,117300,3,2,1,0,2,3,0,0,1,0,3,0,0,0,1,0,1
200700075997,7,12,9,1645,1,1,3,1,4876600,125100,3,2,2,0,0,2,0,0,2,5,1,0,0,0,1,1,1
200700076000,7,12,10,1730,2,1,8,6,4864500,152300,3,2,2,0,4,1,10,60,2,0,1,0,1,0,1,0,1