Num_Acc,an,mois,jour,hrmn,lum,int,atm,col,lat,long,catr,circ,nbv,vosp,prof,plan,lartpc,larrout,surf,infra,situ,env1,unscathed,killed,hospital,light,chance
200700076001,7,12,30,1515,5,1,1,6,4831500,82800,3,2,2,0,1,3,0,55,2,0,1,0,1,0,1,1,1
200700076003,7,12,12,315,3,1,1,6,4642200,136600,3,2,2,0,1,1,0,30,1,0,1,0,0,0,1,0,1
200700076004,7,12,17,1815,5,1,1,1,4664000,129000,3,2,2,0,1,1,0,69,1,0,1,0,1,0,0,1,1
200700076006,7,12,14,515,5,1,9,6,4694600,132200,3,2,2,0,2,2,0,54,7,0,3,0,1,0,0,1,1
200700076007,7,12,20,945,1,1,1,6,4689400,142600,3,2,2,0,0,0,0,0,1,5,1,0,1,0,1,0,1
200700076008,7,12,25,1630,2,1,2,1,4692500,130500,3,2,2,0,2,1,0,71,2,0,1,0,1,0,3,0,1
200700076009,7,12,18,1845,3,1,1,2,4694200,123000,3,2,0,0,1,0,0,60,1,0,1,0,3,0,1,0,1
200700076010,7,12,31,1845,3,1,1,1,4690200,126700,4,2,0,0,1,0,0,30,1,0,1,0,0,1,0,1,1
200700076013,7,12,22,915,1,1,9,7,4694200,191900,3,2,2,0,1,1,0,55,7,0,1,0,1,0,0,1,1
200700076014,7,12,9,430,3,1,8,6,4741000,93300,3,2,2,0,1,1,0,175,2,0,3,0,0,0,2,0,1
200700076015,7,12,7,2345,3,9,2,1,4750000,63000,3,0,2,0,0,0,0,42,0,0,0,0,1,0,1,0,1
200700076016,7,12,13,630,3,1,9,5,4756700,88100,3,2,2,0,2,1,0,75,7,0,1,0,2,0,1,1,1
200700076017,7,12,13,1400,1,1,1,1,4759500,92200,3,2,2,0,2,3,0,62,1,0,1,0,1,0,1,0,1
200700076018,7,12,19,900,1,1,9,2,4746000,73600,3,2,0,0,1,1,0,74,2,0,1,0,1,0,1,0,1
200700076019,7,12,28,530,3,1,5,6,4756700,101200,3,2,2,0,1,2,0,53,2,0,0,0,2,0,1,1,1
200700076021,7,12,24,1445,1,1,9,6,4716200,56900,3,2,2,0,2,2,0,48,7,0,3,0,0,1,2,1,1
200700076023,7,12,8,1830,3,1,2,3,4680200,84200,3,2,0,0,1,1,0,60,2,0,1,0,1,1,1,0,1
200700076024,7,12,1,430,3,1,3,7,4747300,110900,3,2,2,0,1,2,0,60,2,0,3,0,0,1,0,0,1
200700076029,7,12,11,1230,1,1,1,3,4726300,140000,3,2,2,0,1,1,0,71,1,0,1,0,1,0,1,0,1
200700076030,7,12,14,845,2,1,9,3,4731800,133600,3,2,2,0,1,1,0,80,7,0,1,0,1,0,1,0,1
200700076031,7,12,22,1030,1,1,9,6,4716000,131000,3,2,2,0,2,1,0,58,7,0,1,0,0,1,0,0,1
200700076034,7,12,29,630,3,1,2,6,4790900,104600,3,2,1,0,1,1,0,51,2,0,3,0,0,1,0,0,1
200700076039,7,12,17,1530,1,1,1,6,4791100,-385300,1,3,4,0,1,1,30,72,1,0,3,0,0,0,1,0,1
200700076041,7,12,28,1815,5,1,9,1,4579100,128800,3,2,0,0,1,1,0,107,2,5,1,0,1,0,4,0,1
200700076042,7,12,31,1815,3,1,1,5,4574400,128100,3,2,2,0,2,1,0,0,1,0,1,0,1,0,2,1,1
200700076044,7,12,15,930,3,1,1,1,4869700,738600,3,2,2,0,0,3,31,149,1,5,1,0,0,0,1,1,1
200700076045,7,12,10,745,2,1,2,6,4726500,506800,3,2,2,0,1,1,0,100,2,0,1,0,1,0,1,0,1
200700076046,7,12,13,845,1,1,1,3,4348200,554000,3,2,0,0,1,1,0,70,1,0,1,3,1,0,1,0,1
200700076047,7,12,18,530,3,1,1,2,4347900,552800,3,2,2,0,1,1,20,60,1,0,1,0,1,0,1,0,1
200700076048,7,12,19,1145,1,1,4,1,4409100,19100,3,2,2,0,0,2,60,0,7,0,1,0,0,0,0,2,1
200700076052,7,12,13,700,2,1,1,6,4319200,255600,3,2,3,0,1,1,0,90,1,5,1,0,1,0,1,0,1
200700076053,7,12,8,1745,3,1,3,1,4593600,206700,3,2,2,0,1,4,0,58,2,0,1,0,0,0,1,2,1
200700076059,7,12,11,1000,1,1,1,6,4474600,-109800,3,2,2,0,0,1,0,96,1,5,1,0,1,0,1,0,1
200700076066,7,12,22,1015,1,1,1,6,4633000,481000,1,3,0,0,1,3,105,30,1,0,2,0,1,0,1,0,1
200700076070,7,12,26,1415,3,1,1,6,4364500,489000,1,1,0,0,1,1,40,100,1,0,1,0,0,0,0,1,1
200700076071,7,12,24,2045,3,1,1,2,4355600,524900,1,1,3,0,1,1,10,140,1,0,1,0,2,0,0,1,1
200700076072,7,12,2,445,3,1,1,6,4324800,608600,1,3,2,0,1,1,35,95,1,0,1,0,1,0,1,0,1
200700076073,7,12,20,1945,3,1,1,3,4315100,603400,1,3,2,0,1,1,15,60,1,0,2,0,2,0,1,0,1
200700076074,7,12,21,1415,1,1,1,6,4341400,617600,1,3,3,0,1,1,20,115,1,0,2,0,0,0,2,0,1
200700076078,7,12,18,1315,1,1,1,5,4944600,269700,1,3,3,0,1,1,30,135,1,0,1,0,3,0,1,1,1
200700076081,7,12,21,1830,3,9,1,4,4556700,537200,1,1,2,0,1,1,20,85,1,0,1,0,0,0,0,4,1
200700076082,7,12,2,30,3,1,3,6,4806000,-96900,3,2,2,0,2,3,0,50,3,0,3,0,3,1,0,0,1
200700076086,7,12,12,1600,1,1,5,6,4773800,151300,1,3,3,0,0,0,6,105,0,0,0,0,0,0,1,0,1
200700076087,7,12,29,1600,1,1,2,6,4776300,155600,1,3,3,0,1,1,8,135,2,0,3,0,3,0,2,0,1
200700076093,7,12,18,1330,1,1,1,3,4739900,76300,3,2,2,0,1,1,0,0,1,0,1,0,1,0,1,0,1
200700076095,7,12,13,1815,3,1,1,1,4886400,803600,3,2,2,0,1,1,0,39,1,0,1,0,2,0,1,1,1
200700076097,7,12,27,1030,3,1,1,5,4524400,566200,1,3,3,0,1,0,0,0,1,0,1,0,2,0,1,0,1
200700076100,7,12,16,1100,1,1,1,7,4567400,474800,3,2,1,0,2,4,0,61,1,0,1,0,0,0,2,0,1
200700076101,7,12,14,1045,1,1,1,1,4357500,386500,1,3,0,0,1,1,0,0,1,0,1,0,0,0,0,1,1
200700076102,7,12,22,615,2,1,1,7,4574300,315000,1,1,2,0,1,1,0,0,1,3,3,0,0,0,1,0,1
200700076103,7,12,4,1915,3,1,1,1,4546700,325700,1,3,2,3,2,1,0,125,1,3,1,0,1,0,1,0,1
200700076104,7,12,31,830,1,1,1,2,4337100,-168200,1,3,0,0,1,1,30,73,1,0,1,0,1,0,0,2,1
200700076105,7,12,10,900,1,1,8,4,4854800,221400,2,3,2,0,2,1,10,70,2,0,1,0,4,0,0,1,1
200700076110,7,12,8,1845,3,1,2,4,4523000,582200,1,3,2,0,1,1,0,80,2,3,2,0,2,0,0,2,1
200700076116,7,12,12,145,3,1,1,6,4329300,194500,1,3,2,0,1,1,50,100,1,2,3,0,0,1,0,0,1
200700076120,7,12,19,600,3,1,1,3,4450000,-83600,1,1,2,0,1,1,100,75,7,0,1,0,3,0,1,0,1
200700076121,7,12,19,745,1,1,9,2,4450100,-78800,1,1,2,0,0,0,15,0,7,0,0,0,1,0,0,1,1
200700076127,7,12,10,1730,5,1,2,6,4520800,576200,3,2,4,0,1,1,55,150,2,5,1,0,1,0,1,0,1
200700076128,7,12,11,700,2,1,2,1,4526000,584700,3,2,2,0,1,1,0,75,2,0,1,0,1,0,1,0,1
200700076129,7,12,13,1400,1,1,1,6,4521700,583000,4,2,0,0,1,1,0,50,1,0,1,0,1,0,0,1,1
200700076131,7,12,9,600,5,1,1,6,4892800,199700,3,1,22,0,1,3,20,72,2,0,1,0,0,0,1,0,1
200700076132,7,12,16,1915,5,1,1,6,4892400,197700,4,2,2,0,1,1,0,70,1,0,1,0,0,0,2,0,1
200700076135,7,12,12,830,1,1,8,4,4648000,6000,1,1,0,0,2,2,50,70,1,2,1,0,3,0,1,0,1
200700076136,7,12,20,1530,1,9,1,7,4609200,583300,1,0,2,0,1,3,15,110,1,0,4,0,0,0,2,0,1
200700076137,7,12,24,2000,3,1,1,6,4606900,590400,1,3,2,0,2,2,15,110,2,0,1,0,0,0,1,0,1
200700076139,7,12,16,15,5,1,1,4,4550600,424200,4,2,0,0,0,1,0,0,1,0,1,0,1,0,2,0,1
200700076140,7,12,1,1945,3,1,1,5,4916100,410100,3,2,2,0,3,1,0,54,1,0,1,0,1,0,6,0,1
200700076141,7,12,21,2145,3,1,1,6,4919600,411400,3,2,0,0,1,1,0,56,1,0,3,0,0,1,0,0,1
200700076142,7,12,11,915,1,1,7,3,4362600,702200,3,2,2,0,2,2,0,76,1,0,1,0,0,0,1,1,1
200700076143,7,12,17,845,1,1,1,6,4362600,710800,3,2,0,0,1,1,0,70,1,0,1,0,1,0,1,0,1
200700076147,7,12,7,2230,3,1,4,7,4974700,162500,1,1,2,0,1,1,10,70,7,0,1,0,1,0,0,1,1
200700076148,7,12,13,600,2,9,9,7,4992800,164000,1,1,1,0,2,3,0,42,2,3,1,0,0,1,0,0,1
200700076150,7,12,4,1745,3,3,1,3,4764000,-272100,4,2,0,0,1,1,71,0,1,0,1,0,3,0,0,1,1
200700076151,7,12,8,130,3,1,1,1,4755900,-265700,3,2,2,0,1,1,0,45,1,0,1,0,2,0,0,1,1
200700076158,7,12,28,800,1,1,1,6,4351100,379700,4,2,2,0,1,1,0,64,1,0,1,0,2,0,1,0,1
200700076160,7,12,3,1245,1,2,1,3,4928000,-56300,3,2,0,0,1,1,0,60,1,5,1,0,1,0,1,0,1
200700076161,7,12,22,1500,1,1,2,2,4628600,304800,1,3,2,3,1,1,25,95,2,0,1,0,4,0,2,0,1
200700076164,7,12,23,845,1,1,1,6,4362400,694700,3,3,4,3,1,3,20,120,2,0,1,0,1,0,1,0,1
200700076165,7,12,14,1615,1,1,9,6,4752200,-43000,1,1,1,0,4,2,25,80,7,3,1,0,0,0,0,1,1
200700076166,7,12,23,1845,3,1,5,1,4861700,771800,3,2,2,2,1,1,0,90,7,0,1,0,1,0,0,1,1
200700076168,7,12,10,1545,1,1,1,6,4310700,47800,1,3,2,0,1,1,20,70,1,0,2,0,0,0,1,0,1
200700076169,7,12,24,2145,3,1,5,5,4322100,11600,1,3,2,0,4,2,30,75,2,3,1,0,3,0,1,1,1
200700076172,7,12,30,1530,1,9,9,3,4548000,602000,1,1,0,0,1,2,0,96,2,3,2,0,1,0,1,2,1
200700076173,7,12,22,2200,3,1,2,6,4528800,552500,1,3,0,0,1,2,20,75,2,0,2,0,0,0,1,0,1
200700076176,7,12,24,1800,3,1,1,4,4878100,425900,1,3,2,0,1,1,10,0,1,0,1,0,2,0,1,0,1
200700076182,7,12,15,1545,5,1,2,6,4605500,648500,4,2,2,0,0,1,0,57,2,0,0,0,0,0,1,0,1
200700076190,7,12,23,230,3,1,9,6,4551900,230100,1,2,4,0,2,2,0,150,7,0,3,0,0,0,0,1,1
200700076191,7,12,2,800,2,1,2,6,4874800,205400,3,3,0,0,1,1,10,50,2,0,3,0,0,0,0,1,1
200700076194,7,12,10,815,2,1,2,3,4810500,4400,3,2,1,0,1,1,0,70,2,0,1,0,1,0,1,0,1
200700076195,7,12,13,500,3,1,5,1,4807300,15400,3,2,1,0,0,2,0,74,7,0,1,0,1,0,1,0,1
200700076196,7,12,19,1800,3,1,1,6,4816100,-21600,4,2,1,0,1,2,0,46,1,0,0,0,0,0,1,0,1
200700076198,7,12,5,2100,5,1,2,3,4780700,723700,3,3,2,2,1,1,28,71,2,5,1,0,2,0,1,0,1
200700076199,7,12,17,1045,1,1,1,1,4350100,130300,3,2,2,0,1,1,0,0,1,0,1,0,1,0,1,0,1
200700076200,7,12,20,1645,1,1,1,5,4349500,131600,3,2,2,0,1,1,0,38,1,0,1,0,3,0,0,1,1
200700076203,7,12,1,1445,1,1,1,6,4390000,478000,3,2,2,0,1,1,0,80,1,0,1,0,0,1,0,0,1
200700076204,7,12,7,800,1,1,1,7,4388300,477600,3,2,3,0,1,1,0,0,1,2,3,0,0,0,1,0,1
200700076205,7,12,5,1330,1,1,2,1,5006100,137300,4,2,2,0,2,0,0,59,2,0,1,0,0,0,1,2,1
200700076206,7,12,11,830,1,1,1,7,5000400,143400,3,3,0,0,1,1,0,0,1,0,1,0,0,0,1,0,1
200700076207,7,12,21,1615,1,1,8,6,5004600,142200,3,2,2,0,1,1,0,79,1,6,4,0,1,0,1,0,1
200700076208,7,12,30,1930,5,1,1,1,4996100,147400,3,2,2,0,1,1,0,90,1,0,1,0,1,0,1,0,1
200700076209,7,12,29,1030,1,1,1,6,4337500,-62200,3,2,3,3,2,1,0,90,1,0,1,0,1,0,1,0,1
200700076216,7,12,30,700,2,1,8,4,4906600,198900,3,3,4,0,0,1,5,215,2,0,1,0,3,0,0,2,1
200700076219,7,12,2,45,3,1,1,1,4777400,-298200,3,2,2,0,2,2,0,0,1,0,1,0,1,0,2,0,1
200700076220,7,12,12,1830,4,1,1,2,4776800,-329900,3,2,2,0,1,1,0,71,1,0,1,0,0,0,2,1,1
200700076223,7,12,17,915,1,1,1,2,4921800,-52400,2,3,2,0,1,1,10,70,1,0,1,0,4,0,0,1,1
200700076224,7,12,22,2230,3,1,9,6,5071700,233700,4,2,0,0,1,1,0,37,7,0,1,0,0,0,2,0,1
200700076225,7,12,8,1045,1,1,1,6,4374400,390900,3,0,2,0,0,0,0,60,0,0,0,0,0,0,1,0,1
200700076226,7,12,25,845,1,1,1,6,4368600,392400,3,2,2,0,1,1,2,70,1,0,1,0,0,0,0,1,1
200700076227,7,12,27,745,1,1,1,3,4365200,388700,3,3,1,1,1,1,71,40,1,5,1,0,1,0,1,0,1
200700076230,7,12,1,1730,2,2,8,1,4266700,294000,3,2,2,0,1,1,0,66,1,0,1,0,0,0,1,2,1
200700076235,7,12,5,2315,3,1,1,1,4356700,380100,3,2,2,0,4,1,0,0,1,0,1,0,2,0,1,0,1
200700076236,7,12,18,245,3,1,1,2,4784300,-169400,2,3,2,0,2,3,20,70,1,0,1,0,1,1,1,0,1
200700077113,7,12,2,1632,1,1,1,3,4516810,453819,4,2,2,0,1,1,0,0,1,0,1,0,1,0,0,2,1
200700077114,7,12,3,1000,1,1,2,6,4516228,453278,4,1,2,0,1,1,0,59,2,0,1,99,1,0,1,0,1
200700077115,7,12,5,1855,5,1,2,6,4516710,454838,4,2,2,0,1,1,0,118,2,0,1,99,1,0,1,0,1
200700077116,7,12,5,2026,5,3,1,3,4516121,450304,4,2,3,0,1,1,0,0,2,0,1,99,1,0,0,1,1
200700077117,7,12,6,1520,1,1,1,6,4516588,452225,4,2,2,0,1,1,0,0,1,0,1,99,1,0,0,1,1
200700077118,7,12,6,1720,1,1,1,6,4515918,453368,4,1,1,0,1,2,0,0,2,0,1,99,1,0,0,1,1
200700077119,7,12,6,1820,5,1,2,6,4515676,452751,4,2,2,0,1,1,0,47,2,0,1,3,0,0,2,0,1
200700077120,7,12,6,1800,5,1,2,3,4514932,451227,4,2,0,0,1,1,0,0,2,0,1,0,1,0,0,1,1
200700077121,7,12,7,1500,1,1,2,6,4515836,452363,4,2,2,0,1,1,0,0,2,0,1,3,1,0,1,0,1
200700077122,7,12,8,1520,1,3,3,3,4515499,453769,4,1,0,0,1,1,0,0,2,0,1,0,1,0,0,1,1
200700077123,7,12,11,1750,5,1,1,6,4515836,452363,4,2,2,0,1,1,0,0,1,0,2,3,1,0,0,1,1
200700077124,7,12,12,1415,1,2,1,6,4515645,450408,4,2,3,0,1,1,0,0,2,0,1,99,1,0,0,1,1
200700077125,7,12,14,1225,1,3,1,3,4515781,455164,4,2,2,0,1,1,0,0,1,0,1,99,1,0,0,1,1
200700077126,7,12,15,1800,5,1,1,6,4515602,454058,4,2,2,0,1,1,0,72,1,0,1,99,2,0,1,0,1
200700077127,7,12,16,1530,1,3,1,2,4516726,454848,4,2,3,0,1,1,0,0,1,0,1,99,3,0,0,1,1
200700077128,7,12,20,845,1,2,1,3,4516256,452279,4,2,3,0,1,1,0,0,1,1,1,99,1,0,0,1,1
200700077129,7,12,21,750,2,1,1,6,4513943,448482,3,2,2,0,0,0,0,70,0,0,1,0,1,0,0,1,1
200700077130,7,12,23,1705,1,1,1,6,4515458,448059,3,2,2,0,1,0,0,70,1,4,1,0,2,0,0,1,1
200700077131,7,12,23,1900,5,2,1,3,4515429,451207,3,2,2,0,1,1,0,70,2,0,0,0,1,0,1,0,1
200700077132,7,12,28,1410,1,2,1,3,4515907,454121,4,2,2,0,1,1,0,0,1,0,1,99,1,0,0,1,1
200700077133,7,12,9,2250,5,1,2,6,4525855,375737,4,2,2,0,1,1,0,75,2,0,1,99,2,0,1,0,1
200700077134,7,12,16,1750,2,1,1,1,4525810,378177,3,2,3,0,4,3,0,105,7,0,1,99,3,0,2,0,1
200700077135,7,12,20,1250,1,1,1,6,4525864,375234,4,2,2,0,1,1,0,102,1,0,1,99,1,0,1,0,1
200700077349,7,12,12,915,1,9,1,7,4382683,436118,4,1,2,0,1,1,0,98,1,0,1,3,1,0,0,1,1
200700077350,7,12,1,1000,1,1,1,6,4382237,435140,4,2,4,0,1,1,60,120,1,0,1,99,1,0,0,1,1
200700077351,7,12,1,1142,1,1,1,7,4382831,435972,4,2,2,0,1,1,0,60,1,0,1,99,1,0,0,1,1
200700077352,7,12,2,1151,1,1,1,4,4384736,437000,4,2,2,0,1,1,0,70,1,0,1,99,1,0,0,2,1
200700077354,7,12,3,1825,5,1,1,2,4385456,437969,4,2,3,0,1,1,0,100,1,0,1,99,0,0,0,1,1
200700077355,7,12,4,858,1,1,1,7,4384731,439554,4,2,9,0,1,1,0,90,1,0,1,0,1,0,0,2,1
200700077358,7,12,6,2135,5,1,1,7,4383940,436636,4,1,1,0,1,1,0,80,1,0,1,0,1,0,0,1,1
200700077359,7,12,7,1615,1,1,1,6,4383307,736532,4,2,4,3,1,1,0,180,1,0,1,3,1,0,0,1,1
200700077360,7,12,7,1843,5,1,1,6,4383424,436167,4,1,3,3,1,2,0,150,1,0,1,3,1,0,0,1,1
200700077361,7,12,8,1100,1,1,1,1,4381519,430427,3,2,2,0,1,3,0,60,1,0,1,99,0,0,0,2,1
200700077363,7,12,10,1410,1,1,1,6,4384047,436535,4,2,2,0,1,1,0,90,1,0,1,99,1,0,0,1,1
200700077364,7,12,11,1923,5,1,1,2,4381808,434806,4,2,6,0,1,1,0,150,1,0,1,99,1,0,0,1,1
200700077365,7,12,13,220,3,1,1,7,4384496,428653,4,1,2,0,1,1,0,63,1,0,3,99,0,0,0,1,1
200700077368,7,12,13,2221,5,1,1,6,4381152,436416,6,4,0,3,1,1,0,0,1,6,1,99,1,0,0,1,1
200700077370,7,12,14,929,1,1,1,6,4381514,430430,4,2,2,0,1,1,0,76,1,0,1,99,1,1,0,0,1
200700077371,7,12,14,1839,2,2,1,3,4380505,433669,4,2,2,0,1,1,0,110,1,0,1,99,1,0,1,0,1
200700077372,7,12,15,1931,5,1,1,6,4383663,433757,3,2,2,0,2,1,0,85,1,0,1,99,1,0,0,1,1
200700077373,7,12,17,843,1,1,1,6,4382552,436040,4,2,2,0,1,1,0,69,1,0,1,99,1,0,0,1,1
200700077374,7,12,17,1122,1,3,1,3,4383081,436110,4,1,1,0,1,1,0,80,1,0,1,99,1,0,0,1,1
200700077375,7,12,17,1527,1,1,1,6,4383889,435743,4,1,1,0,1,1,0,34,1,0,1,99,0,0,1,0,1
200700077376,7,12,17,1825,5,6,1,3,4383257,438026,4,2,2,0,1,2,0,60,1,0,1,99,2,0,0,1,1
200700077380,7,12,21,1030,1,1,1,6,4383467,436084,4,1,2,0,1,3,0,70,1,0,1,3,0,0,1,0,1
200700077381,7,12,21,2004,5,2,1,3,4383309,435480,4,3,2,0,1,1,0,134,1,5,1,0,1,0,0,2,1
200700077383,7,12,22,1305,1,1,2,2,4381285,436557,4,3,1,0,1,1,0,86,2,0,1,0,2,0,0,1,1
200700077384,7,12,23,929,1,1,1,7,4375654,434322,3,2,2,0,1,1,0,54,2,0,3,99,0,0,0,2,1
200700077385,7,12,23,1704,3,1,1,2,4383090,432288,4,3,1,0,1,1,0,115,1,0,1,0,2,0,0,1,1
200700077386,7,12,26,1929,5,1,1,6,4383503,435067,4,1,2,0,1,1,0,105,1,0,1,3,1,0,0,1,1
200700077388,7,12,27,1645,1,1,1,4,4381458,436384,4,2,4,0,1,1,0,98,1,0,1,99,3,0,0,2,1
200700077389,7,12,28,2009,3,1,1,7,4388290,441681,3,2,2,0,1,1,0,66,1,0,1,99,0,0,0,1,1
200700077390,7,12,29,530,5,1,1,6,4382702,436113,4,2,2,0,1,1,0,92,1,0,1,3,0,0,2,0,1
200700077391,7,12,30,1107,1,1,1,7,4387019,440815,4,2,2,0,1,1,0,40,1,0,1,99,0,0,0,1,1
200700077392,7,12,30,1440,1,1,1,2,4383113,435066,3,2,2,0,1,1,0,69,1,0,1,0,1,0,0,2,1
200700077646,7,12,8,2205,4,2,1,3,4334000,345699,4,2,2,0,2,1,0,60,1,5,1,0,1,0,1,1,1
200700077652,7,12,17,1012,1,1,1,7,4331700,345699,3,2,2,0,1,1,0,120,1,0,1,99,0,0,1,0,1
200700077666,7,12,3,1340,1,1,1,6,4360378,389220,4,2,5,0,3,1,0,150,1,5,1,3,2,1,0,0,1
200700077669,7,12,4,1410,1,1,1,6,4363908,381929,4,2,1,0,1,1,0,54,1,0,1,0,1,1,0,0,1
200700077670,7,12,5,730,5,1,1,7,4358171,389986,4,2,4,0,2,3,36,128,1,0,1,99,0,1,0,0,1
200700077677,7,12,6,1220,1,1,1,3,4361373,388268,4,2,3,0,1,1,0,95,1,0,1,3,1,0,1,0,1
200700077678,7,12,9,1810,5,1,1,6,4360349,389360,4,2,3,0,4,1,0,90,1,0,1,99,2,0,1,0,1
200700077681,7,12,10,825,1,1,1,3,4357041,389617,3,2,5,0,1,1,0,0,1,3,1,99,1,0,1,0,1
200700077691,7,12,13,2019,5,1,1,7,4359221,385845,4,2,4,0,2,1,0,121,1,0,1,99,1,0,1,0,1
200700077702,7,12,22,2130,5,1,9,6,4358538,389598,3,3,4,0,1,1,53,66,2,0,1,99,3,1,0,1,1
200700077706,7,12,26,1210,1,1,1,3,4360462,388988,4,2,3,0,2,1,0,101,1,0,1,99,1,0,0,3,1
200700077711,7,12,27,1950,5,1,1,1,4361780,383956,4,2,3,0,1,1,0,120,1,5,1,3,1,0,0,3,1
200700077713,7,12,28,1940,5,1,1,1,4367116,385973,3,2,2,0,1,1,0,90,1,0,1,99,2,0,1,0,1
200700077714,7,12,28,1900,5,1,1,2,4359603,386299,4,3,3,0,1,2,0,90,1,3,1,99,1,0,1,1,1
200700077716,7,12,31,1530,1,3,1,7,4361102,397190,4,2,3,0,2,1,0,97,1,5,1,99,1,0,1,0,1
200700077874,7,12,30,1525,1,1,8,6,4522325,418364,3,2,20,0,2,2,0,45,2,0,1,99,0,0,0,1,1
200700077875,7,12,30,1530,1,1,8,6,4523365,420018,3,2,2,0,2,4,0,0,2,0,0,0,3,0,1,0,1
200700077876,7,12,7,1830,3,1,3,2,4524476,422197,3,2,3,0,1,1,0,90,1,0,1,0,1,0,0,2,1
200700077877,7,12,20,1800,5,1,1,6,4522998,416928,4,1,1,0,1,1,0,35,1,0,0,99,1,0,0,1,1
200700077878,7,12,21,840,1,3,1,3,4547500,422596,4,2,2,0,1,1,0,0,1,0,1,99,2,0,0,1,1
200700077879,7,12,21,830,1,1,8,5,4524477,422597,3,1,2,0,1,1,0,740,2,0,1,0,4,0,0,5,1
200700077880,7,12,21,1150,1,1,1,6,4524477,422597,4,0,1,0,1,0,0,70,1,0,1,99,1,1,0,0,1
200700077881,7,12,21,1600,1,1,1,2,4524307,415423,4,2,2,0,1,1,0,61,1,0,1,3,1,0,0,1,1
200700077882,7,12,23,1200,1,1,1,6,4523048,416676,4,2,2,0,1,1,0,50,1,0,1,0,1,0,0,1,1
200700077883,7,12,23,1310,1,1,1,3,4523000,416970,4,0,0,0,1,0,0,50,1,0,1,99,2,0,0,1,1
200700077884,7,12,29,1700,5,1,2,6,4523379,416865,6,0,0,0,1,0,0,43,1,0,1,0,2,0,0,1,1
200600003774,6,1,4,1755,2,1,2,3,4878219,247355,2,0,2,0,0,0,0,80,2,0,1,0,1,0,0,1,1
200600003775,6,1,10,1820,5,1,1,6,4880180,246152,2,2,4,0,1,1,0,120,0,0,1,0,1,0,0,1,1
200600003776,6,1,11,1120,1,1,1,3,4876289,247978,3,1,2,0,0,0,0,60,0,0,1,0,1,0,0,1,1
200600003777,6,1,13,1410,1,9,1,2,4876290,247916,2,1,2,0,0,0,0,60,0,0,1,0,1,0,0,1,1
200600003778,6,1,13,2135,2,1,1,2,4878932,243892,2,0,2,0,0,0,0,60,0,0,1,0,1,0,0,1,1
200600003779,6,1,17,830,1,1,2,6,4880300,246089,4,2,2,0,0,0,0,60,0,0,1,3,1,0,1,0,1
200600003781,6,1,20,1215,1,1,1,6,4877583,245768,4,1,2,0,1,1,0,60,1,0,1,99,1,0,0,1,1
200600003782,6,1,25,1945,5,1,1,4,4878332,244704,2,3,6,3,1,1,10,180,1,0,1,0,2,0,0,2,1
200600003783,6,1,27,1230,1,1,1,3,4880282,246058,3,2,2,0,0,0,0,60,0,0,1,0,1,0,0,1,1
200600003784,6,1,27,1345,1,1,1,3,4877086,246513,3,2,2,0,0,0,0,60,0,0,1,0,2,0,0,1,1
200600003785,6,1,30,1740,1,1,1,3,4877149,246063,4,2,2,0,1,1,0,60,1,0,1,0,1,0,0,1,1
200600003786,6,1,31,950,1,1,1,6,4879924,246611,4,2,2,0,1,1,0,60,0,0,1,0,1,0,0,1,1
200600003787,6,1,31,1700,1,2,1,3,4878831,246188,4,2,2,0,1,1,0,60,1,0,1,0,4,0,0,2,1
200600004403,6,1,14,1015,1,1,7,6,5052900,293500,3,2,0,0,1,1,0,75,1,0,1,0,1,0,1,0,1
200600004404,6,1,20,2215,5,1,1,3,5051600,290000,3,2,2,0,1,1,0,62,1,0,1,0,1,1,0,0,1
200600004405,6,1,17,1400,1,2,8,3,5057700,286200,3,2,2,1,1,2,0,109,2,0,1,0,1,0,1,0,1
200600004406,6,1,24,1815,3,1,1,5,5058800,288500,3,2,2,0,1,1,0,65,1,0,1,0,2,0,1,0,1
200600004407,6,1,25,1615,1,1,1,6,5055700,291700,9,2,2,0,1,1,0,46,1,0,1,3,3,0,1,0,1
200600004409,6,1,22,1430,1,1,1,6,5058900,314900,3,3,1,0,0,2,53,36,1,0,1,0,0,0,1,0,1
200600004415,6,1,28,1200,1,1,1,1,5087400,248200,3,2,2,0,1,1,0,63,1,0,1,0,0,0,1,1,1
200600004416,6,1,25,1645,1,1,2,1,5076600,264400,3,2,0,0,2,3,0,60,6,0,1,0,1,0,1,0,1
200600004417,6,1,14,1045,1,1,7,3,5047100,340200,3,2,2,1,1,3,0,60,1,0,0,0,1,0,1,0,1
200600004419,6,1,21,900,1,1,9,3,5016200,379700,3,2,2,0,1,4,0,0,7,0,1,0,0,1,0,1,1
200600004421,6,1,26,1930,3,9,1,6,5020900,332900,3,2,2,0,2,1,0,65,1,0,1,0,1,1,0,0,1
200600004424,6,1,15,1245,1,2,1,3,5031600,400000,3,2,2,0,1,1,54,0,1,0,1,0,2,0,0,2,1
200600004425,6,1,23,1115,1,1,7,6,5030200,379100,3,2,2,0,1,2,0,80,1,0,1,0,1,1,0,0,1
200600004436,6,1,17,830,2,1,2,6,5051900,164800,9,0,2,0,1,1,0,0,2,0,1,3,1,0,1,0,1
200600004438,6,1,29,223,3,1,1,7,5048600,169100,3,2,2,0,1,2,0,68,1,2,1,0,0,1,0,0,1
200600004441,6,1,15,115,5,1,1,6,5086000,193900,3,3,0,0,0,0,0,0,1,0,1,0,0,0,1,0,1
200600004442,6,1,27,1445,3,1,1,3,5080500,204200,3,2,2,0,1,3,0,59,1,0,1,0,1,0,1,0,1
200600004443,6,1,13,1945,3,1,1,6,5086000,214500,3,2,0,0,2,1,0,43,1,0,0,0,0,0,1,0,1
200600004444,6,1,17,1745,5,1,8,6,5088200,208000,4,1,0,0,0,1,0,76,2,0,1,3,1,0,1,0,1