Num_Acc,an,mois,jour,hrmn,lum,int,atm,col,lat,long,catr,circ,nbv,vosp,prof,plan,lartpc,larrout,surf,infra,situ,env1,unscathed,killed,hospital,light,chance
200600004445,6,1,28,1000,1,1,8,6,5088200,208000,9,1,1,0,1,1,0,76,1,0,1,0,1,0,1,0,1
200600004446,6,1,19,1615,1,1,8,7,5041100,236800,2,2,2,0,1,3,0,0,2,0,1,0,0,0,1,0,1
200600004447,6,1,23,1245,1,1,1,6,5039500,209100,3,2,1,0,1,1,0,71,1,0,1,0,1,0,1,0,1
200600004449,6,1,14,1530,1,1,1,6,5028100,253100,4,1,1,0,1,1,0,47,1,0,1,0,1,0,1,0,1
200600004450,6,1,16,645,5,1,9,6,5028200,253400,3,2,2,0,1,1,0,70,7,0,1,0,1,0,1,0,1
200600004451,6,1,19,1630,1,1,1,1,5027900,252000,3,2,2,0,0,3,0,63,1,0,1,0,1,0,1,1,1
200600004452,6,1,21,845,1,1,1,6,5036900,265200,3,2,2,0,1,2,0,65,7,0,3,0,0,0,1,0,1
200600004455,6,1,3,1540,1,2,8,3,4988100,181900,3,2,2,0,1,1,0,50,1,0,1,0,2,0,0,1,1
200600004456,6,1,15,1815,3,1,1,7,4984200,177000,3,2,0,0,1,1,0,72,1,0,1,0,0,0,0,1,1
200600004457,6,1,7,1615,1,1,8,5,4994300,230900,2,4,3,0,1,1,0,0,2,0,1,0,6,1,3,2,1
200600004459,6,1,27,2015,5,2,1,1,5001400,200500,3,2,2,0,1,1,0,55,1,0,1,0,0,0,1,1,1
200600004460,6,1,12,915,1,1,1,3,5006600,162300,3,2,2,0,1,1,0,78,1,5,1,0,0,0,2,0,1
200600004462,6,1,31,1545,1,1,1,6,5015000,234000,4,2,2,0,1,1,0,0,1,0,1,0,0,0,0,1,1
200600004464,6,1,31,1645,1,1,1,6,5012200,223300,4,2,2,0,1,1,0,63,7,0,4,3,1,0,1,0,1
200600004469,6,1,23,1745,2,1,1,6,4976200,237100,3,2,0,0,1,1,0,55,1,0,1,0,1,0,1,0,1
200600004470,6,1,31,1715,1,1,9,6,4971300,239800,3,2,0,0,0,2,0,60,7,0,0,0,2,0,0,1,1
200600004471,6,1,7,1415,1,1,1,7,4998600,270500,4,2,2,0,1,0,0,27,6,0,1,0,0,1,0,0,1
200600004472,6,1,4,1145,1,1,1,6,4981400,285800,3,2,2,0,1,1,0,52,1,0,1,0,1,0,1,0,1
200600004473,6,1,3,1330,1,1,1,6,4975400,307100,3,2,2,0,0,3,0,70,1,0,0,3,1,0,1,0,1
200600004479,6,1,30,1345,1,9,1,2,4949300,355600,2,2,2,0,1,1,0,74,1,5,1,0,1,0,1,0,1
200600004480,6,1,1,200,3,1,9,6,4959300,373900,3,2,2,0,1,1,0,44,7,0,3,0,3,0,1,0,1
200600004486,6,1,14,1930,5,1,1,5,4925800,310000,3,2,1,0,1,3,0,45,1,5,1,0,2,0,1,0,1
200600004487,6,1,27,1845,3,1,1,5,4923200,310200,3,2,2,0,1,1,0,68,1,0,1,0,0,0,1,2,1
200600004489,6,1,14,2115,3,1,9,6,4994500,390500,2,2,2,0,0,1,0,77,1,0,3,0,0,0,2,0,1
200600004490,6,1,6,800,4,1,1,6,4943600,204500,4,2,2,0,1,1,0,35,1,6,1,0,0,0,0,1,1
200600004491,6,1,23,1845,3,3,1,3,4948300,213300,2,2,2,0,1,1,0,72,1,5,1,0,0,1,0,1,1
200600004492,6,1,24,445,3,1,1,7,4946600,222800,3,2,2,0,1,1,0,74,1,0,1,0,0,0,1,0,1
200600004493,6,1,6,1730,5,1,2,3,4944400,186800,2,2,2,0,1,2,0,70,2,0,1,0,2,0,1,0,1
200600004495,6,1,11,1800,5,1,1,5,4945200,190100,3,2,2,0,0,1,0,69,2,0,1,0,3,0,0,1,1
200600004502,6,1,17,1215,1,1,2,3,4953700,200500,4,2,2,0,2,3,0,45,2,0,1,0,1,0,0,1,1
200600004504,6,1,4,845,1,1,5,6,4932900,243600,2,3,0,0,1,1,0,100,1,3,1,0,1,0,0,1,1
200600004508,6,1,4,1100,1,1,1,7,4950600,234800,3,2,2,0,0,1,0,0,1,0,1,0,0,0,1,0,1
200600004509,6,1,21,2045,3,1,1,7,4953000,244100,3,2,2,0,4,3,0,54,1,0,1,0,0,1,0,0,1
200600004510,6,1,31,1600,1,3,1,3,4953900,294700,3,2,2,0,1,1,0,71,1,0,1,0,1,1,1,0,1
200600004511,6,1,31,845,1,1,9,7,4945000,279000,3,2,0,0,1,1,0,74,7,0,1,0,1,0,1,0,1
200600004517,6,1,21,445,5,1,1,6,4918000,245400,2,2,2,0,1,1,90,0,1,0,3,3,0,0,1,0,1
200600004521,6,1,2,1345,1,1,1,3,4923700,246800,9,2,2,0,1,1,0,70,1,0,1,0,3,0,0,1,1
200600004526,6,1,6,2130,3,1,1,6,4987800,120200,3,2,2,0,2,3,0,70,1,0,3,0,0,1,0,0,1
200600004527,6,1,7,1200,1,1,1,2,4994400,118500,3,2,0,0,1,1,0,110,1,0,1,0,1,1,0,0,1
200600004534,6,1,8,900,1,1,2,3,4974900,147400,3,2,2,0,2,2,0,80,2,0,1,0,1,0,1,0,1
200600004536,6,1,24,2000,5,2,1,3,4989500,142700,3,2,2,0,1,1,0,64,1,0,1,0,0,0,2,0,1
200600004538,6,1,25,900,1,1,1,6,4962000,74000,2,2,2,2,1,1,8,97,1,0,1,0,1,1,0,0,1
200600004546,6,1,15,1515,1,9,1,1,4972200,36400,4,2,0,0,1,1,0,79,1,0,1,0,2,0,1,0,1
200600004550,6,1,12,1315,1,1,1,1,4891200,127700,4,2,2,0,1,1,0,45,0,5,1,0,1,0,1,0,1
200600004551,6,1,14,45,3,1,5,7,4883100,124500,4,2,0,0,2,4,0,22,1,0,3,0,3,0,0,2,1
200600004552,6,1,1,115,5,2,1,3,4881700,74000,3,2,2,0,1,1,0,60,2,0,1,0,2,0,1,0,1
200600004553,6,1,12,1815,3,1,2,7,4884900,65400,4,2,0,0,1,1,37,37,2,0,3,0,0,0,1,0,1
200600004554,6,1,27,1415,1,1,1,2,4875200,100200,2,3,2,0,1,1,0,0,1,0,1,0,1,0,2,0,1
200600004558,6,1,5,1800,5,1,2,6,4919500,71100,2,3,2,0,0,1,30,67,2,0,1,0,1,0,1,0,1
200600004560,6,1,22,500,3,2,1,6,4898400,78300,3,2,2,0,0,1,0,83,1,0,4,0,2,0,2,0,1
200600004561,6,1,12,545,3,1,2,6,4915200,132200,3,2,2,0,2,3,0,0,2,0,1,0,1,0,2,0,1
200600004562,6,1,27,930,1,1,1,6,4929700,121300,3,2,1,0,1,2,0,64,0,0,3,0,0,0,1,0,1
200600004563,6,1,19,1200,1,1,1,3,4924400,95800,3,2,2,0,4,1,0,128,1,5,1,0,1,0,2,1,1
200600004565,6,1,12,45,3,1,1,6,4930400,78700,4,2,2,0,1,4,0,50,2,0,1,0,0,0,1,0,1
200600004568,6,1,26,715,2,1,1,3,4937600,84800,3,2,1,0,2,3,0,56,7,0,1,0,0,0,2,0,1
200600004569,6,1,21,1645,1,1,1,1,4932700,73000,4,2,2,0,2,2,0,0,1,0,1,0,2,0,1,0,1
200600004570,6,1,24,1215,1,3,1,3,4927800,45100,3,2,2,0,1,1,0,81,1,0,1,0,1,0,2,0,1
200600004583,6,1,27,1730,2,1,1,1,4848200,-181400,3,2,0,0,0,2,0,44,1,0,1,0,0,0,2,1,1
200600004588,6,1,28,1015,1,1,4,6,4809100,-135100,2,3,2,0,1,1,0,110,5,0,3,0,1,0,1,0,1
200600004589,6,1,7,2300,3,1,2,6,4795900,-140600,3,2,2,0,4,3,0,53,2,0,3,0,0,0,4,0,1
200600004590,6,1,20,200,3,1,1,7,4790600,-117800,3,0,2,0,0,3,0,63,2,2,3,0,0,1,1,0,1
200600004591,6,1,31,1345,1,1,1,4,4794300,-123100,3,2,2,0,1,1,0,76,1,0,1,0,3,0,1,0,1
200600004593,6,1,27,2000,3,1,1,3,4818600,-281300,2,2,2,0,1,1,0,71,2,5,1,0,1,0,0,1,1
200600004595,6,1,3,645,2,1,2,6,4858100,-249900,3,2,0,0,0,3,0,63,0,0,3,0,0,0,1,0,1
200600004597,6,1,25,2030,3,1,9,5,4849400,-284400,3,2,0,0,0,2,0,62,7,0,3,0,1,0,1,3,1
200600004598,6,1,21,1715,1,1,1,3,4845000,-206000,2,2,3,3,2,2,0,0,1,5,1,0,2,0,1,0,1
200600004601,6,1,1,1300,1,1,8,6,4854500,-243300,3,2,2,0,2,0,0,0,2,0,1,3,1,0,2,0,1
200600004602,6,1,12,1600,1,1,1,2,4857000,-321300,2,3,4,0,1,1,0,0,1,0,1,0,1,0,1,1,1
200600004604,6,1,18,2000,5,1,1,6,4861000,-346000,3,2,0,0,1,1,0,70,2,0,1,0,0,0,1,0,1
200600004608,6,1,24,1545,1,7,1,6,4802800,-453700,3,1,2,0,1,1,0,65,1,0,1,0,1,0,1,0,1
200600004609,6,1,4,1430,1,1,1,6,4808800,-429500,3,2,2,0,1,1,0,70,1,5,4,0,1,0,1,0,1
200600004610,6,1,12,1100,1,9,1,7,4798300,-401000,3,1,1,0,4,2,0,71,1,3,1,0,0,0,1,0,1
200600004611,6,1,8,630,3,1,1,6,4780400,-425300,4,2,2,0,1,3,7,80,2,0,1,0,0,3,1,0,1
200600004612,6,1,4,1330,1,1,1,3,4851700,-441000,3,2,0,0,1,1,0,93,1,5,1,0,0,0,2,0,1
200600004613,6,1,11,1600,1,1,1,1,4850000,-442900,3,2,0,0,2,1,0,0,1,0,1,0,0,0,1,1,1
200600004616,6,1,22,1830,1,1,1,1,4830000,-416800,2,3,0,0,1,1,40,85,1,3,1,0,0,0,1,2,1
200600004633,6,1,13,1,1,1,1,1,4798100,-237800,3,2,3,3,4,1,7,129,1,5,1,0,1,2,0,0,1
200600004634,6,1,28,1045,1,1,4,7,4791700,-208500,3,2,2,0,1,3,0,65,5,0,1,0,0,0,1,0,1
200600004635,6,1,15,245,5,1,1,7,4792900,-268200,3,2,2,0,1,1,0,60,1,0,3,0,0,0,4,0,1
200600004636,6,1,4,1515,1,1,1,6,4805600,-295900,3,2,0,1,1,1,0,61,1,0,1,0,0,0,1,1,1
200600004637,6,1,12,1630,1,1,1,6,4806100,-296200,3,2,2,0,1,1,0,75,1,0,1,0,0,0,0,2,1
200600004638,6,1,26,800,3,1,9,7,4801600,-297000,3,2,2,0,2,3,0,74,1,0,3,0,0,0,1,0,1
200600004639,6,1,6,730,3,1,1,6,4794200,-277600,3,2,0,0,1,1,0,45,7,0,1,0,0,0,1,3,1
200600004640,6,1,27,1645,1,1,1,6,4787900,-301900,3,2,2,0,1,1,0,25,1,5,1,0,1,0,1,0,1
200600004647,6,1,24,1915,3,1,1,6,4929100,-74400,3,0,2,0,2,1,0,0,1,0,1,0,0,1,0,1,1
200600004649,6,1,25,1145,1,1,1,4,4891100,-47900,3,0,2,0,1,4,0,63,7,2,1,0,2,0,1,1,1
200600004651,6,1,13,730,5,1,1,1,4901500,-4100,3,2,0,0,1,1,32,60,1,5,1,0,1,0,3,0,1
200600004653,6,1,26,815,2,1,9,6,4931000,4400,3,2,2,0,0,0,42,0,7,0,3,0,0,0,1,0,1
200600004657,6,1,6,1415,1,1,1,3,4905000,-99200,3,2,0,0,1,1,0,103,1,5,1,0,0,0,1,3,1
200600004665,6,1,13,1930,5,1,1,1,4931200,-142300,3,2,1,0,1,0,0,65,1,5,1,0,0,0,1,1,1
200600004683,6,1,12,630,3,3,5,3,4707500,-139100,2,2,0,0,1,1,0,60,1,0,1,0,0,0,1,1,1
200600004689,6,1,23,1930,2,1,1,3,4698900,-144300,3,2,2,0,1,1,0,69,1,0,1,0,0,0,1,1,1
200600004695,6,1,24,730,5,6,1,5,4737900,-117900,4,1,1,0,1,3,110,80,1,5,1,3,2,1,0,0,1
200600004697,6,1,30,1400,1,1,1,1,4752900,-118000,9,0,0,0,1,1,0,79,1,0,1,3,1,0,1,0,1
200600004698,6,1,1,300,3,1,1,6,4723600,-140300,3,2,2,0,1,1,0,0,1,0,3,0,0,0,1,0,1
200600004701,6,1,6,1700,1,1,1,1,4751700,-175000,3,2,0,0,1,3,61,0,1,0,1,0,0,1,2,0,1
200600004702,6,1,11,1530,1,1,2,1,4756600,-199600,3,2,2,0,0,3,0,46,2,0,1,0,1,0,1,0,1
200600004703,6,1,1,145,3,1,1,6,4744100,-154400,3,2,2,0,1,4,0,60,2,0,3,0,1,0,1,0,1
200600004704,6,1,10,2145,3,1,1,1,4739500,-145500,3,2,2,0,1,3,0,60,1,0,1,0,0,1,0,2,1
200600004705,6,1,17,1515,1,1,1,7,4737200,-145500,3,2,2,0,1,3,0,70,1,0,3,0,0,0,1,0,1
200600004707,6,1,14,1145,1,1,1,2,4714900,-169200,3,2,0,0,1,1,0,60,1,0,1,0,1,0,1,0,1
200600004708,6,1,21,1545,1,9,1,3,4703300,-189400,3,2,2,0,1,1,0,62,1,0,1,0,1,0,1,0,1
200600004711,6,1,8,2115,3,1,1,7,4713300,-181700,3,2,2,0,0,2,0,60,0,0,3,0,0,0,1,0,1
200600004713,6,1,23,1500,3,1,1,2,4698700,-177900,3,2,2,0,1,1,0,60,1,0,1,0,1,0,1,0,1
200600004714,6,1,16,1915,3,1,1,1,4724700,-169200,3,2,0,0,1,1,0,61,1,0,1,0,0,1,0,1,1
200600004719,6,1,31,1415,1,1,1,3,4738700,-209400,3,0,2,0,1,1,0,41,1,0,1,0,0,0,2,0,1
200600004721,6,1,3,715,3,1,1,1,4740300,-51300,3,2,2,0,1,2,0,70,1,0,1,0,2,0,1,0,1
200600004722,6,1,4,1900,3,1,8,1,4721200,-65600,3,2,2,0,0,3,0,55,2,0,1,0,2,0,2,0,1
200600004723,6,1,26,1700,1,1,1,3,4737400,-55900,2,2,2,0,2,1,0,74,1,0,1,0,1,0,1,0,1
200600004725,6,1,13,1830,3,1,1,1,4716200,-75700,2,2,2,0,3,1,0,83,1,0,1,0,1,0,1,0,1
200600004726,6,1,22,330,5,1,1,1,4718900,-69400,3,2,0,0,1,1,0,61,1,5,1,0,3,0,1,1,1
200600004727,6,1,11,2200,3,1,1,7,4701000,-69000,3,2,1,0,0,2,0,50,2,0,0,0,0,0,1,0,1
200600004730,6,1,7,1215,1,1,1,6,4725700,-3100,4,2,2,0,0,1,0,0,1,0,1,0,1,0,0,1,1
200600004731,6,1,31,800,2,1,1,2,4738300,-9500,4,2,2,0,1,1,0,0,1,5,1,0,1,0,1,0,1
200600004732,6,1,1,1215,1,1,1,1,4761700,-103400,3,0,2,0,1,1,0,62,2,0,1,0,0,0,2,3,1
200600004734,6,1,15,1245,1,1,1,1,4756000,-104100,3,2,0,0,1,1,0,70,1,5,0,0,1,0,0,1,1
200600004735,6,1,14,115,4,1,1,1,4747000,-89300,3,2,2,0,2,1,0,72,1,0,1,0,0,0,3,0,1
200600004736,6,1,24,1815,3,1,1,6,4749900,-76800,3,2,2,0,0,1,0,60,1,0,1,0,0,0,1,0,1
200600004737,6,1,12,1530,1,1,1,6,4760200,-61100,3,2,2,0,0,2,0,53,2,0,0,0,0,1,0,0,1
200600004738,6,1,23,1650,1,1,1,1,4809900,-35500,3,2,2,0,2,1,0,74,1,0,1,0,3,0,1,0,1
200600004739,6,1,19,730,2,1,8,5,4835800,-48200,2,3,2,0,4,1,41,74,2,5,1,0,2,0,2,0,1
200600004740,6,1,7,1440,1,1,1,3,4843100,-11000,3,2,2,0,0,4,0,55,1,0,1,0,2,0,1,0,1
200600004741,6,1,14,2215,3,1,1,6,4845700,-21500,3,2,2,0,1,3,0,60,1,0,3,0,1,1,2,0,1
200600004742,6,1,9,1345,1,1,1,5,4798700,25800,4,2,0,0,0,2,0,60,1,0,0,0,2,0,1,0,1
200600004744,6,1,31,1715,1,1,1,6,4795400,18000,9,2,1,0,1,1,0,60,1,0,1,0,0,0,1,0,1
200600004746,6,1,31,1700,1,1,1,6,4783500,74800,4,2,2,0,0,1,0,80,1,0,1,3,1,0,1,0,1
200600004747,6,1,1,1800,2,1,2,1,4800600,40700,2,2,2,0,1,1,0,0,2,0,1,0,0,0,1,5,1
200600004748,6,1,7,1330,1,2,1,3,4789800,3200,3,2,2,0,1,1,10,84,1,5,1,0,1,0,0,1,1
200600004750,6,1,18,930,1,1,1,1,4789500,9600,3,2,2,0,1,3,0,49,2,0,1,0,1,1,0,0,1
200600004756,6,1,24,900,1,1,1,6,4817700,62800,3,2,2,0,1,1,0,60,1,0,3,0,0,1,0,0,1
200600004757,6,1,13,930,1,1,1,1,4652600,-120800,3,2,2,0,1,1,0,75,1,0,1,0,1,0,1,1,1
200600004759,6,1,31,1430,1,1,1,7,4698300,-130600,3,2,2,0,1,1,0,60,1,0,1,0,1,0,1,0,1
200600004763,6,1,25,1500,1,1,1,6,4646100,-117000,3,0,1,0,0,0,0,0,1,5,1,0,1,0,1,0,1
200600004766,6,1,31,1745,2,1,1,1,4666600,-74700,4,2,2,0,2,2,0,51,1,0,1,0,1,0,1,0,1
200600004767,6,1,11,1845,5,1,2,6,4684000,-187500,3,2,3,0,0,0,0,112,2,0,1,0,0,0,1,0,1
200600004770,6,1,15,215,3,1,5,6,4678500,-191800,3,2,0,0,1,1,0,60,2,0,1,0,2,1,0,0,1
200600004771,6,1,30,2345,3,1,5,7,4455000,-61000,3,2,2,0,0,3,0,0,0,0,0,0,0,1,0,0,1
200600004777,6,1,19,1930,5,1,2,6,4504600,-55900,3,2,2,0,1,1,0,75,2,0,1,0,1,0,1,0,1
200600004778,6,1,17,1815,3,4,3,3,4520800,-58400,2,2,2,0,1,1,0,75,2,5,1,0,1,0,0,1,1
200600004779,6,1,17,630,3,1,1,6,4499000,-52000,4,2,2,0,2,2,0,30,1,0,3,0,0,1,0,0,1
200600004785,6,1,15,1730,1,2,1,3,4477900,-26800,3,2,2,0,1,1,0,45,1,0,1,0,2,0,0,2,1
200600004791,6,1,27,1630,1,1,1,6,4455900,-25000,3,1,2,0,1,1,0,80,1,0,1,0,1,0,1,0,1
200600004796,6,1,8,1845,3,1,3,3,4482200,-25200,3,2,0,0,1,1,0,110,2,5,1,0,2,0,0,2,1
200600004798,6,1,26,2000,5,2,1,3,4497200,-22000,3,2,2,0,1,1,0,80,1,0,0,0,2,0,1,0,1
200600004801,6,1,6,830,2,2,1,3,4495400,-19600,2,2,2,0,0,1,0,0,1,0,1,0,0,0,1,1,1
200600004802,6,1,7,100,3,1,1,1,4496300,-18000,2,2,2,0,1,1,0,78,1,0,1,0,1,1,3,0,1
200600004803,6,1,15,1800,2,3,1,1,4495500,-10100,4,2,0,0,0,1,0,48,1,0,1,0,1,0,1,1,1
200600004805,6,1,1,930,1,1,2,3,4519900,56300,4,2,2,0,1,3,0,46,2,0,1,0,4,0,1,1,1
200600004806,6,1,6,1845,5,1,2,2,4534100,105500,3,2,2,0,1,1,0,86,2,5,1,0,1,0,1,0,1
200600004808,6,1,4,1645,3,1,1,3,4478600,78900,3,2,2,0,1,3,0,0,1,0,1,0,1,0,0,1,1
200600004815,6,1,10,2000,3,1,5,3,4497000,16400,3,2,2,0,1,2,0,64,2,0,1,0,2,0,1,0,1
200600004816,6,1,30,1330,1,1,1,6,4512100,8000,3,2,2,0,1,1,0,39,1,0,3,0,0,1,0,0,1
200600004817,6,1,13,745,2,9,5,1,4488000,121000,3,2,2,0,0,1,0,95,1,0,1,0,1,0,1,0,1
200600004821,6,1,23,500,3,1,9,6,4513200,132100,3,2,2,0,1,1,0,75,1,0,3,0,0,0,1,0,1
200600004824,6,1,7,2015,3,1,1,5,4371600,-101900,3,2,2,0,1,1,0,70,1,0,1,0,2,0,1,0,1
200600004826,6,1,8,445,3,1,1,1,4394800,-130400,3,2,2,0,1,3,0,62,1,0,1,0,0,0,1,1,1
200600004829,6,1,28,1830,3,1,1,3,4355900,-131400,2,2,0,0,1,1,0,80,1,0,3,0,0,0,1,1,1
200600004833,6,1,20,2330,3,1,5,6,4434800,-61000,3,2,2,0,0,2,0,60,1,0,3,0,0,0,1,0,1
200600004839,6,1,26,1805,2,1,1,3,4422300,53800,2,2,1,0,1,1,0,95,1,0,1,0,2,1,0,0,1
200600004840,6,1,2,1000,1,1,1,7,4430600,70000,2,0,0,0,2,1,0,130,1,0,0,0,0,0,1,0,1
200600004841,6,1,16,1530,1,1,1,7,4426000,72700,3,2,2,0,1,1,0,54,1,0,1,0,1,0,0,1,1
200600004842,6,1,27,1145,1,1,1,7,4415700,81600,3,2,2,0,2,1,0,44,1,0,1,0,2,0,1,0,1
200600004843,6,1,5,1815,3,1,1,6,4446300,22500,2,2,2,0,1,1,0,70,1,0,1,0,1,0,1,0,1
200600004845,6,1,21,1100,1,1,2,7,4449800,24600,3,2,2,0,0,4,0,60,2,0,3,0,2,0,1,2,1
200600004848,6,1,29,245,1,1,4,6,4461700,35800,3,2,2,0,1,1,0,65,5,0,3,0,0,0,1,0,1
200600004852,6,1,24,900,1,1,1,6,4437300,32900,3,2,0,0,2,2,0,50,1,0,0,0,0,0,1,0,1
200600004854,6,1,1,330,3,1,5,7,4443800,66400,4,2,2,0,1,3,0,45,2,0,1,0,0,0,1,0,1
200600004857,6,1,8,1145,1,1,8,6,4454000,52000,3,2,0,0,0,1,0,67,2,0,3,0,0,1,0,0,1
200600004860,6,1,30,2215,3,1,1,6,4338600,-133000,3,2,2,0,1,4,0,70,8,0,3,0,0,0,1,0,1
200600004861,6,1,11,1500,1,1,1,3,4336000,-155000,3,2,2,0,1,1,0,61,1,0,1,3,2,0,1,0,1
200600004863,6,1,13,1900,5,1,1,1,4340000,-145000,3,2,2,0,1,0,0,0,1,0,1,3,1,0,1,0,1
200600004864,6,1,19,1030,1,1,2,7,4319500,-125400,3,2,2,0,1,3,0,85,2,0,1,0,0,0,1,0,1
200600004867,6,1,9,645,3,1,2,1,4656500,52800,2,2,2,0,1,1,0,73,2,0,1,0,1,0,1,0,1
200600004869,6,1,5,1615,1,1,1,1,4643900,12000,9,0,0,0,1,1,0,64,1,0,1,0,1,0,1,0,1
200600004870,6,1,18,315,3,1,1,6,4637300,20800,2,3,2,0,1,3,45,75,1,3,1,0,2,1,0,0,1
200600004872,6,1,12,1700,1,2,1,3,4664000,22400,2,2,2,0,0,1,0,71,1,0,1,0,2,2,0,1,1
200600004875,6,1,12,830,2,1,5,7,4687500,48200,3,2,0,0,2,1,0,65,1,0,1,0,0,0,1,0,1
200600004877,6,1,23,1230,1,9,1,1,4642600,86400,9,2,2,0,1,1,0,68,1,0,1,0,2,0,1,0,1
200600004878,6,1,17,1800,5,1,2,6,4657300,64900,2,2,2,0,1,1,0,71,2,0,1,0,1,0,1,0,1
200600004880,6,1,4,2250,3,1,1,7,4542700,18900,3,0,0,0,0,3,0,0,0,0,1,0,0,0,1,0,1
200600004892,6,1,14,620,3,1,1,6,4619300,-107300,2,3,2,0,1,1,20,72,1,3,3,0,1,0,1,0,1
200600004896,6,1,27,1000,3,1,1,7,4549000,-44400,3,2,2,0,1,3,0,65,1,0,3,0,1,0,3,0,1
200600004898,6,1,29,530,3,1,4,6,4600000,-133200,9,0,0,0,0,2,0,0,2,0,5,0,1,0,1,0,1
200600004899,6,1,14,430,3,1,1,6,4601300,-77700,4,2,2,0,4,1,0,35,6,0,3,0,0,1,1,0,1
200600004900,6,1,22,300,5,1,1,6,4606000,-94900,3,2,0,0,1,2,0,0,1,0,1,0,3,0,2,0,1
200600004901,6,1,28,1745,2,1,4,7,4610700,-71300,3,2,1,0,0,2,0,59,7,0,0,0,1,0,2,0,1
200600004903,6,1,21,100,3,1,1,6,4571500,-49100,2,2,2,0,3,2,0,103,1,0,3,0,0,0,2,0,1
200600004905,6,1,29,2015,3,1,1,7,4571200,-79300,3,2,0,0,1,1,0,31,1,0,1,0,0,0,1,0,1
200600004909,6,1,26,745,2,1,8,7,4598000,-33800,3,2,0,0,1,1,0,58,1,0,3,0,0,0,1,0,1
200600004911,6,1,14,1645,1,1,1,3,4632700,-58500,9,2,2,0,1,1,0,45,1,0,1,0,2,0,1,0,1
200600004912,6,1,29,1645,1,1,1,6,4626000,-71000,3,2,2,0,1,3,120,120,1,0,1,0,0,1,0,0,1
200600004913,6,1,28,1800,3,1,4,1,4626000,-48000,3,2,2,0,0,3,0,55,7,0,3,0,1,0,0,2,1
200600004917,6,1,18,1230,1,1,2,6,4684400,-48900,9,2,2,0,1,1,0,70,2,0,1,0,1,0,1,0,1
200600004919,6,1,9,1630,1,1,8,7,4622900,-13000,3,2,2,3,1,2,0,105,2,0,1,0,0,0,1,0,1
200600004924,6,1,22,1215,1,1,1,1,4577100,117800,3,2,2,0,2,2,0,52,0,0,1,0,1,0,1,0,1
200600004928,6,1,25,1000,1,1,1,6,4622200,116500,4,2,2,0,0,1,0,60,1,0,0,0,1,0,1,0,1
200600004929,6,1,11,1715,2,1,9,7,4540200,196100,3,2,2,0,2,2,0,80,7,0,3,0,0,0,1,0,1
200600004930,6,1,12,800,1,1,9,6,4537800,194300,3,2,2,0,2,2,53,0,7,2,1,0,0,0,1,0,1
200600004931,6,1,11,1545,1,1,9,6,4541800,183000,3,2,2,0,4,3,0,60,7,2,3,0,0,0,2,0,1
200600004932,6,1,6,1515,1,1,1,6,4510900,138600,3,2,0,0,2,1,0,62,1,0,3,0,0,1,0,0,1
200600004934,6,1,30,1930,3,1,9,4,4513400,167300,3,2,2,0,2,1,0,71,2,0,1,0,1,2,0,0,1
200600004937,6,1,20,100,3,1,5,6,4525300,139900,3,2,2,0,1,1,0,66,1,0,1,0,0,0,1,0,1
200600004938,6,1,6,1815,3,1,2,6,4615900,190300,3,2,2,0,0,1,0,68,2,0,0,0,0,1,0,0,1
200600004941,6,1,6,1630,1,1,1,7,4609500,218500,3,2,2,0,1,1,0,62,1,0,1,0,0,1,0,0,1
200600004942,6,1,3,1800,3,1,1,2,4619600,229600,3,2,2,0,1,1,0,56,1,0,1,0,1,0,1,0,1
200600004946,6,1,5,1,5,1,5,7,4367900,120700,2,2,2,1,1,1,0,61,1,0,1,0,0,1,0,0,1
200600004948,6,1,13,1815,5,1,1,3,4357000,128900,3,0,2,0,0,1,0,0,1,0,1,0,1,0,2,0,1
200600004949,6,1,17,1900,5,2,1,5,4357400,128800,3,2,0,0,0,1,0,0,1,0,1,0,3,0,1,0,1
200600004950,6,1,19,700,3,1,2,3,4363400,123900,3,2,2,0,4,1,0,60,2,0,1,0,1,0,1,0,1
200600004951,6,1,12,1615,1,1,7,6,4355400,147200,3,2,2,0,1,1,0,70,1,0,1,0,2,0,1,0,1
200600004952,6,1,10,630,5,1,8,1,4370000,137000,3,2,2,0,0,3,0,54,2,0,0,0,1,1,0,0,1
200600004955,6,1,25,1715,1,1,1,3,4342900,144400,3,2,2,0,2,1,0,70,1,0,1,0,1,0,1,0,1
200600004956,6,1,10,1000,1,6,1,6,4320300,100900,2,1,1,0,0,2,0,0,1,0,1,0,1,0,1,0,1
200600004959,6,1,8,1915,3,1,1,1,4311200,62500,2,2,2,0,0,0,0,90,1,0,1,0,1,0,1,0,1
200600004960,6,1,17,1930,5,1,2,3,4303700,67000,3,2,2,0,1,1,0,37,2,0,1,0,1,0,0,2,1
200600004961,6,1,6,2030,3,1,1,7,4292700,68600,2,2,2,0,0,1,0,0,1,0,3,0,0,0,0,2,1
200600004965,6,1,12,1300,1,1,1,7,4355800,167700,3,2,2,0,1,1,0,60,1,0,1,0,0,0,1,0,1
200600004966,6,1,29,1845,3,1,2,1,4353900,176500,3,2,2,0,1,1,0,0,2,0,1,0,1,0,1,0,1
200600004969,6,1,2,1545,1,9,2,3,4288500,189000,3,2,2,0,1,3,0,50,2,0,1,3,1,0,1,0,1
200600004973,6,1,11,1815,5,1,1,3,4300400,113400,3,2,2,0,2,1,0,85,1,5,1,0,1,0,1,0,1
200600004974,6,1,6,1745,5,1,1,7,4307900,119300,3,2,0,0,0,1,0,47,1,0,3,0,0,0,1,0,1
200600004977,6,1,18,1400,1,1,8,5,4396000,289300,3,2,2,0,1,1,0,69,1,0,1,0,2,0,1,0,1
200600004982,6,1,21,620,3,1,5,7,4391200,34000,3,2,0,0,2,2,0,62,2,0,3,0,0,0,1,0,1
200600004984,6,1,7,545,3,1,1,6,4373100,-500,3,2,2,0,1,3,0,55,1,0,3,0,0,0,1,0,1
200600004985,6,1,7,1900,3,1,1,6,4386900,-8100,3,2,0,0,2,2,0,60,1,0,3,0,0,0,1,0,1
200600004989,6,1,21,2045,5,1,1,6,4385500,66600,2,2,2,0,1,1,0,80,2,0,1,0,3,1,0,0,1
200600004992,6,1,24,545,3,1,9,7,4355700,13600,3,2,2,0,1,1,0,60,0,0,1,0,0,0,0,1,1
200600004993,6,1,25,745,1,1,9,7,4434100,163500,3,2,2,0,0,3,0,65,7,0,3,0,0,0,1,0,1
200600004994,6,1,11,1945,3,1,1,6,4449600,112000,3,2,2,0,1,1,0,50,1,0,1,0,2,0,1,0,1