Num_Acc,an,mois,jour,hrmn,lum,int,atm,col,lat,long,catr,circ,nbv,vosp,prof,plan,lartpc,larrout,surf,infra,situ,env1,unscathed,killed,hospital,light,chance
200600004995,6,1,10,1900,3,8,5,6,4492700,182100,4,2,2,0,0,1,0,50,2,4,1,0,1,1,0,0,1
200600005002,6,1,31,1200,1,1,1,1,4360500,-1900,3,2,2,0,1,1,0,54,1,0,1,0,1,0,1,0,1
200600005003,6,1,24,1115,1,1,1,6,4308300,38300,3,2,0,0,1,1,0,70,1,0,1,0,1,1,0,0,1
200600005005,6,1,23,2140,3,1,1,6,4365000,200700,3,2,0,0,1,1,0,68,1,0,3,0,0,1,0,0,1
200600005007,6,1,11,1630,1,1,8,6,4363100,238300,3,2,0,0,0,2,0,0,2,0,0,0,0,0,1,0,1
200600005014,6,1,21,2315,3,1,1,1,4352800,229400,2,2,2,0,2,1,0,67,1,0,1,0,1,0,2,0,1
200600005015,6,1,12,745,2,1,1,7,4404000,156200,3,3,2,0,1,1,0,57,1,0,1,0,0,0,1,0,1
200600005016,6,1,27,1500,1,1,1,1,4388200,129800,2,2,2,0,1,3,0,72,1,0,1,0,2,0,1,0,1
200600005017,6,1,30,1415,1,1,1,6,4394000,146000,3,2,1,0,1,1,0,77,2,0,3,0,0,1,0,0,1
200600005022,6,1,6,1245,1,1,1,6,4584600,472200,3,2,0,0,2,1,0,56,2,0,3,0,0,1,0,0,1
200600005028,6,1,18,1545,1,1,8,3,4571900,515600,3,2,2,0,1,1,0,60,1,0,1,0,1,0,4,0,1
200600005029,6,1,26,1500,1,1,1,3,4572100,502400,3,2,1,0,1,1,0,0,1,5,1,0,1,0,2,0,1
200600005042,6,1,15,1000,1,1,1,6,4615900,476600,3,2,0,0,1,1,0,70,1,0,1,3,1,0,0,1,1
200600005043,6,1,17,1030,1,1,1,6,4611500,473600,3,0,2,0,1,1,0,70,1,5,1,0,1,0,1,0,1
200600005044,6,1,18,745,2,1,1,6,4611400,474300,3,2,2,0,1,1,8,90,1,5,1,3,1,0,0,2,1
200600005045,6,1,22,200,3,1,1,5,4612200,465200,3,2,2,0,1,1,0,67,1,0,1,0,2,1,1,1,1
200600005046,6,1,26,1915,5,1,1,6,4606600,471900,3,2,0,0,1,1,0,0,1,6,1,3,1,0,0,1,1
200600005051,6,1,19,1945,3,1,2,3,4641000,492000,3,2,0,0,1,1,0,60,2,5,1,0,0,0,1,2,1
200600005052,6,1,12,510,3,1,9,3,4630800,485200,2,2,2,0,3,1,0,74,7,2,1,0,1,0,1,0,1
200600005065,6,1,11,2015,3,1,1,1,4623100,555700,3,2,2,0,2,1,0,62,1,0,1,0,0,0,2,0,1
200600005066,6,1,23,1500,1,1,7,2,4618200,556200,3,2,2,0,1,1,0,70,1,0,1,0,1,0,1,0,1
200600005068,6,1,12,1845,5,1,1,3,4630400,607100,2,3,2,0,1,1,0,120,1,0,1,0,1,0,1,0,1
200600005070,6,1,10,1900,5,1,1,1,4616800,590300,4,2,0,0,2,0,0,40,1,0,1,0,1,0,1,0,1
200600005072,6,1,27,900,1,1,9,6,4610200,588100,2,2,2,0,1,2,0,0,9,0,3,0,0,0,1,0,1
200600005074,6,1,1,400,3,1,5,6,4608300,510200,2,2,0,0,1,1,0,88,2,0,3,0,0,0,0,1,1
200600005079,6,1,11,700,3,1,5,3,4619100,482400,3,2,2,0,0,1,28,62,7,0,0,0,1,1,0,0,1
200600005081,6,1,21,1645,1,1,1,1,4615000,487500,3,2,0,0,1,3,0,58,1,0,1,0,1,0,1,0,1
200600005082,6,1,25,2100,3,1,1,6,4428800,461600,2,2,2,0,1,2,0,73,1,0,3,0,0,0,1,0,1
200600005085,6,1,1,900,1,1,8,3,4472200,473400,3,3,0,0,0,0,0,69,2,5,0,0,2,0,0,4,1
200600005086,6,1,4,2130,3,1,1,6,4476000,472000,2,2,2,0,1,3,0,72,1,0,1,0,0,0,1,0,1
200600005089,6,1,30,730,2,1,5,7,4503600,470700,3,2,2,0,2,3,0,60,7,0,3,0,9,0,0,1,1
200600005094,6,1,19,830,1,1,1,2,4476600,487600,3,2,0,0,1,1,0,60,1,0,1,0,2,0,0,1,1
200600005095,6,1,19,1630,1,1,1,2,4489300,492000,3,2,2,0,2,1,0,62,1,0,1,0,1,1,1,0,1
200600005102,6,1,5,1700,1,9,1,4,4526700,590300,3,2,0,0,1,1,70,0,1,0,1,0,2,0,1,0,1
200600005104,6,1,17,1330,1,1,8,6,4505800,567500,4,2,2,0,0,2,0,0,2,0,1,0,0,0,0,1,1
200600005109,6,1,13,1045,3,1,1,1,4535400,594600,2,2,2,0,1,1,0,70,1,0,1,0,0,0,2,0,1
200600005113,6,1,21,1230,1,1,1,1,4534600,597700,3,2,2,0,1,1,0,69,1,0,1,0,0,0,0,2,1
200600005114,6,1,24,2300,5,1,1,7,4530700,595300,3,2,2,0,1,1,18,69,1,0,1,0,0,0,1,0,1
200600005119,6,1,17,1000,1,1,1,1,4532800,508200,3,2,2,1,1,1,0,71,1,0,1,0,1,2,0,0,1
200600005120,6,1,15,1130,1,1,1,6,4531000,549200,2,2,0,0,1,2,0,90,1,0,3,0,0,1,0,0,1
200600005121,6,1,22,700,3,1,5,6,4567200,533300,3,2,0,0,1,2,0,0,7,0,1,0,0,1,0,0,1
200600005123,6,1,4,500,5,1,9,6,4579700,540800,4,2,2,0,2,2,0,45,7,0,4,0,0,0,1,0,1
200600005124,6,1,13,1015,1,1,1,6,4572900,539900,3,2,0,0,0,3,0,45,1,0,1,0,0,0,0,1,1
200600005125,6,1,16,1830,5,1,9,6,4573100,540900,2,2,2,0,0,2,10,70,7,0,1,0,0,0,0,1,1
200600005126,6,1,21,2300,3,1,1,6,4583200,539300,3,2,1,0,0,4,0,50,1,0,1,0,1,0,0,2,1
200600005137,6,1,17,1645,2,1,2,6,4538300,479700,6,0,0,0,1,0,0,0,2,0,0,0,1,0,1,0,1
200600005138,6,1,24,1600,1,1,1,7,4537400,481200,9,1,2,0,1,0,0,0,1,0,1,0,0,1,0,0,1
200600005140,6,1,5,1400,1,1,1,3,4535600,442500,3,2,2,0,1,1,0,61,2,0,1,0,1,0,1,0,1
200600005141,6,1,30,1100,1,1,5,5,4556700,414200,3,0,2,0,1,1,0,71,2,0,1,0,3,0,2,0,1
200600005142,6,1,30,1115,1,1,5,6,4556700,414100,3,2,2,0,1,1,0,106,2,0,3,0,0,0,2,0,1
200600005145,6,1,11,1900,5,1,1,6,4571700,432200,4,2,2,0,1,1,0,40,7,0,1,0,0,0,1,0,1
200600005147,6,1,19,1315,1,1,1,6,4568300,430100,3,2,2,0,1,2,0,65,1,0,3,0,0,0,1,0,1
200600005148,6,1,27,2345,3,1,4,1,4570300,422900,2,2,2,0,1,1,0,80,5,0,1,0,0,0,3,0,1
200600005151,6,1,15,1345,1,1,1,7,4545700,475400,2,2,2,0,1,1,0,91,1,0,0,0,0,0,2,0,1
200600005153,6,1,21,1800,5,1,1,1,4600900,409800,3,2,3,0,1,3,0,108,1,0,1,0,1,0,1,0,1
200600005158,6,1,30,830,1,1,9,6,4609900,391700,3,2,2,0,1,1,0,58,2,0,3,0,0,0,1,0,1
200600005163,6,1,23,1045,1,1,1,2,4560300,629600,3,2,0,0,1,1,0,64,1,0,1,0,1,1,0,0,1
200600005170,6,1,5,1800,2,1,2,4,4589800,678700,4,2,2,0,1,1,0,70,2,0,1,0,2,0,0,1,1
200600005171,6,1,16,2030,5,1,4,5,4606800,652600,4,2,2,1,2,1,0,0,5,0,1,0,0,0,1,2,1
200600005172,6,1,31,1145,1,1,1,1,4607300,656500,4,2,3,0,1,1,0,0,1,0,1,0,0,0,0,1,1
200600005173,6,1,31,1215,1,1,1,3,4606500,657400,9,1,1,0,1,1,0,58,1,0,1,0,1,0,1,0,1
200600005183,6,1,9,1815,1,1,1,5,4617900,631000,3,3,4,0,0,1,10,140,1,3,1,0,3,0,2,0,1
200600005184,6,1,30,2030,3,1,1,5,4624900,632600,2,2,2,0,1,1,0,113,1,0,1,0,1,0,2,0,1
200600005186,6,1,19,1200,1,1,1,1,4633900,647900,3,2,2,0,1,1,0,70,1,0,1,0,1,0,1,0,1
200600005187,6,1,19,545,3,1,1,1,4621200,641300,3,2,2,0,2,3,0,61,7,0,1,0,0,0,1,2,1
200600005188,6,1,27,800,1,1,1,1,4621200,640500,3,2,2,0,1,0,0,90,1,0,1,3,1,0,1,0,1
200600005190,6,1,21,1600,1,1,1,7,4566700,257100,3,2,2,0,2,1,56,0,2,0,1,0,0,0,0,1,1
200600005191,6,1,28,1200,1,1,2,7,4565100,271100,3,2,2,0,2,2,0,50,2,0,3,0,0,0,0,1,1
200600005192,6,1,25,1545,1,2,1,3,4577700,301100,3,2,2,0,1,1,0,90,1,5,1,0,1,0,1,0,1
200600005194,6,1,5,745,2,3,1,5,4569300,320100,3,2,0,0,0,1,0,73,1,0,1,0,4,0,0,1,1
200600005195,6,1,14,100,3,1,9,7,4572700,327700,3,2,2,0,1,2,0,85,7,0,1,0,1,0,1,0,1
200600005196,6,1,24,730,2,2,9,1,4569000,319000,4,2,2,0,1,1,0,0,9,0,0,3,1,0,1,0,1
200600005200,6,1,9,1525,1,1,1,3,4589000,322000,3,2,2,0,1,1,0,75,1,0,1,0,1,0,0,1,1
200600005202,6,1,6,1800,5,1,1,6,4606100,301700,2,2,2,0,1,1,0,75,1,0,1,0,1,0,1,0,1
200600005204,6,1,20,2115,3,1,1,6,4581900,339600,3,2,1,0,1,1,0,63,2,0,3,0,0,0,1,0,1
200600005205,6,1,5,1700,2,1,4,6,4591500,351700,3,2,2,0,1,1,0,60,5,0,3,0,0,0,1,0,1
200600005210,6,1,7,300,3,1,2,3,4632700,250100,2,2,0,0,2,1,79,0,2,0,1,0,1,0,0,1,1
200600005213,6,1,22,2030,3,1,1,7,4627000,263000,3,2,0,0,0,1,0,0,1,0,1,0,0,0,1,0,1
200600005214,6,1,19,900,1,1,5,5,4633700,297700,2,2,1,0,0,1,0,75,2,2,1,0,4,0,1,1,1
200600005215,6,1,19,1000,1,1,5,2,4637000,302400,2,3,4,0,2,1,22,72,2,0,1,0,1,0,1,0,1
200600005216,6,1,24,200,3,1,1,6,4633100,293100,3,2,2,0,0,1,0,148,9,0,1,0,0,1,0,0,1
200600005217,6,1,18,1215,1,1,2,6,4609200,338500,3,2,2,0,1,3,0,0,2,0,3,0,0,0,1,0,1
200600005218,6,1,21,100,3,1,2,6,4608600,338400,3,2,2,0,1,2,0,73,2,0,3,0,0,0,1,0,1
200600005219,6,1,3,2115,3,1,1,7,4622700,343400,2,2,1,0,3,2,0,77,2,0,3,0,0,2,0,0,1
200600005223,6,1,1,245,3,1,9,1,4490300,385200,2,2,2,0,1,1,0,77,7,0,1,0,2,0,2,0,1
200600005224,6,1,14,1200,1,7,8,6,4484800,383200,6,0,0,0,2,0,0,500,2,6,1,0,1,0,1,0,1
200600005225,6,1,8,1600,1,1,1,6,4503000,402100,3,2,2,0,1,4,0,76,1,0,1,0,1,1,0,0,1
200600005234,6,1,9,2030,5,1,1,3,4920800,609900,3,2,2,0,1,1,0,72,1,0,1,0,1,0,0,1,1
200600005238,6,1,14,1830,3,1,1,6,4889600,636600,3,2,2,0,3,3,8,105,1,0,1,0,3,0,1,0,1
200600005239,6,1,14,2215,3,1,1,6,4884400,655500,3,2,2,0,0,1,0,63,1,0,3,0,1,0,1,1,1
200600005240,6,1,26,815,2,1,4,6,4878100,646700,2,2,2,0,2,2,0,75,5,0,3,0,0,0,0,2,1
200600005241,6,1,5,1400,3,1,9,6,4912900,689500,3,2,2,0,1,1,0,68,9,0,4,0,1,0,1,0,1
200600005242,6,1,21,1200,1,1,1,2,4884900,684900,3,2,0,0,3,1,0,62,1,0,1,0,1,0,1,0,1
200600005249,6,1,10,2145,3,1,4,7,4898400,724100,3,2,2,0,1,1,0,0,5,0,1,0,0,1,2,0,1
200600005255,6,1,3,1555,1,1,9,3,4869900,608800,3,2,2,0,4,1,0,100,7,0,1,0,1,0,0,1,1
200600005260,6,1,3,1600,1,1,1,1,4853000,617000,3,2,2,0,4,3,0,70,1,0,1,0,1,0,1,0,1
200600005262,6,1,8,1430,1,1,1,6,4850500,608500,4,2,0,0,2,1,0,37,1,0,1,0,0,0,1,0,1
200600005269,6,1,1,430,3,1,2,6,4861100,589200,3,2,0,0,1,1,0,78,2,0,3,0,0,0,1,1,1
200600005272,6,1,23,1345,1,1,1,1,4893800,552800,3,2,2,0,0,1,0,60,1,0,1,0,2,0,0,1,1
200600005273,6,1,3,745,2,1,5,6,4946700,539300,3,2,2,0,1,1,0,70,2,0,3,0,0,0,1,0,1
200600005282,6,1,4,1445,1,4,1,1,4809000,603600,3,2,2,0,1,3,0,40,1,5,1,0,1,0,1,0,1
200600005283,6,1,11,800,1,1,8,6,4825400,642000,9,2,2,0,4,1,0,68,1,0,1,0,1,0,0,1,1
200600005284,6,1,24,1500,1,1,1,6,4824200,641600,2,3,4,0,1,1,10,196,1,0,3,0,0,0,2,0,1
200600005286,6,1,30,1618,1,1,1,6,4831200,578000,3,2,2,0,2,1,0,54,1,0,1,0,2,0,1,0,1
200600005287,6,1,14,1015,1,1,1,3,4808900,675100,4,1,1,0,1,1,0,64,7,0,1,0,1,0,1,0,1
200600005288,6,1,16,730,4,1,1,6,4801200,688300,3,2,2,0,1,1,0,75,7,0,1,0,1,0,1,0,1
200600005289,6,1,14,800,1,1,1,1,4791700,668400,2,2,0,0,2,1,0,71,7,0,1,0,0,0,2,0,1
200600005292,6,1,22,1300,1,1,1,3,4838000,690000,3,2,2,0,1,1,0,90,1,0,1,0,1,0,1,0,1
200600005293,6,1,6,815,1,1,1,6,4837400,759500,9,1,1,0,1,1,0,61,1,0,1,0,1,0,1,1,1
200600005294,6,1,20,1630,1,1,1,3,4849400,769500,3,2,2,0,1,1,0,0,1,0,1,0,1,0,1,0,1
200600005295,6,1,6,1845,5,9,1,6,4884200,768200,4,2,1,0,1,1,0,0,1,0,1,0,1,0,1,0,1
200600005297,6,1,3,1530,1,1,1,1,4852900,749600,6,0,0,0,0,1,0,0,1,0,1,0,0,0,1,0,1
200600005298,6,1,9,1020,1,3,8,3,4857500,756800,3,2,2,0,1,1,0,182,2,5,3,0,0,0,2,0,1
200600005299,6,1,20,1845,3,1,1,1,4857400,749200,3,2,2,0,2,2,0,60,2,0,1,0,1,0,0,1,1
200600005300,6,1,16,815,2,1,1,6,4849000,746000,3,2,2,0,2,1,0,64,1,0,3,0,0,2,0,0,1
200600005302,6,1,10,1330,1,1,1,7,4842100,714000,3,3,2,0,1,0,0,0,1,0,1,0,0,0,1,0,1
200600005303,6,1,5,1930,3,1,4,6,4859600,748300,3,2,0,0,1,1,0,0,7,0,1,0,2,0,1,0,1
200600005307,6,1,3,1345,1,1,1,6,4894000,708000,2,2,0,0,1,1,0,0,1,0,1,0,1,0,0,1,1
200600005308,6,1,17,1500,1,1,8,7,4892000,732000,3,2,2,0,0,2,0,60,7,0,1,0,0,0,0,3,1
200600005310,6,1,28,1930,3,1,1,6,4897800,703300,2,2,0,0,1,1,72,0,2,0,3,0,0,0,0,3,1
200600005311,6,1,11,1830,5,1,1,6,4873300,771100,2,2,2,0,1,2,0,60,1,0,1,0,1,0,1,0,1
200600005314,6,1,7,1315,1,1,8,1,4861600,755300,2,2,3,3,1,1,0,72,1,0,1,0,1,0,0,1,1
200600005315,6,1,23,1630,1,1,1,1,4866000,765900,3,2,2,0,1,1,0,99,1,0,1,0,0,1,0,1,1
200600005316,6,1,13,1830,5,1,1,2,4858700,768700,3,2,3,0,1,1,0,90,1,0,1,0,2,0,1,0,1
200600005317,6,1,27,1315,1,1,1,4,4860800,763400,2,0,0,3,0,0,0,0,0,0,0,0,2,0,1,0,1
200600005318,6,1,14,930,1,1,5,6,4827500,764400,3,2,2,0,1,1,0,65,7,0,3,0,0,0,1,0,1
200600005319,6,1,13,1745,5,1,1,2,4894300,788200,3,2,1,0,1,1,0,50,1,0,1,0,1,0,0,1,1
200600005320,6,1,14,2230,3,1,1,6,4890100,774600,3,2,2,0,1,1,60,60,1,0,1,0,1,0,1,0,1
200600005322,6,1,17,1015,1,1,5,1,4816100,721000,3,2,2,0,1,2,0,70,7,0,1,0,3,0,1,0,1
200600005323,6,1,22,1715,2,1,8,6,4811200,747300,3,2,2,0,1,3,0,135,1,3,3,0,1,0,0,4,1
200600005324,6,1,13,1330,1,1,9,1,4815000,725000,4,2,2,0,1,3,0,0,7,0,1,3,2,0,0,1,1
200600005325,6,1,29,230,3,1,1,6,4817000,736000,3,2,2,0,2,1,0,68,1,2,1,0,1,0,1,0,1
200600005326,6,1,3,1800,5,1,1,6,4807500,729700,3,2,2,0,1,0,0,80,1,0,1,0,1,0,0,1,1
200600005327,6,1,3,1700,1,1,1,1,4755300,717800,3,2,2,0,1,1,0,61,1,0,1,0,1,0,1,0,1
200600005328,6,1,20,1245,1,6,1,2,4754100,726400,3,2,1,0,1,1,0,58,1,0,1,0,1,0,0,1,1
200600005329,6,1,21,2115,3,1,9,7,4750100,732100,3,2,2,0,2,2,0,70,7,0,1,0,0,0,1,0,1
200600005330,6,1,30,1015,1,1,8,7,4753800,719000,3,2,0,0,2,4,0,61,7,0,3,0,0,0,1,0,1
200600005331,6,1,13,1515,1,3,1,3,4799400,739300,3,2,2,0,1,2,0,72,1,5,1,0,1,0,1,1,1
200600005332,6,1,30,1600,1,3,1,3,4786900,735100,4,0,0,0,1,0,0,0,1,5,1,0,0,0,0,3,1
200600005333,6,1,29,515,5,1,1,1,4778000,739000,9,3,2,0,1,1,11,171,1,0,1,0,1,0,1,0,1
200600005334,6,1,17,1000,1,1,2,7,4773000,720200,2,2,2,0,1,2,0,78,7,0,3,0,0,0,1,1,1
200600005335,6,1,29,15,3,1,1,7,4776200,719100,3,2,2,0,1,2,0,60,1,0,3,0,3,0,1,0,1
200600005337,6,1,17,1000,1,1,9,7,4756200,750700,3,2,0,0,1,1,0,70,7,0,4,0,1,0,0,1,1
200600005338,6,1,28,1115,1,1,1,7,4759100,745600,3,2,2,0,1,1,70,0,1,0,3,0,0,0,1,0,1
200600005339,6,1,29,700,2,1,8,6,4758000,747900,3,2,2,0,4,2,0,71,1,0,3,0,0,1,0,1,1
200600005342,6,1,5,750,2,1,1,6,4784700,707500,4,2,1,0,1,1,0,116,1,0,1,0,2,0,0,1,1
200600005343,6,1,16,745,1,1,9,1,4888500,420800,3,2,2,0,1,1,76,76,7,0,1,0,1,1,0,0,1
200600005344,6,1,8,1930,3,1,1,7,4907900,434700,3,2,2,0,1,1,0,70,1,0,1,0,0,0,1,0,1
200600005346,6,1,30,915,1,3,1,3,4913400,453400,3,2,2,0,1,1,0,63,1,0,1,0,1,0,0,2,1
200600005347,6,1,28,1415,1,1,1,3,4903300,400600,3,2,2,0,1,1,0,75,1,0,1,0,0,0,0,2,1
200600005348,6,1,5,1930,3,1,1,6,4873800,392500,2,3,4,0,1,1,20,160,1,0,1,0,1,0,2,0,1
200600005350,6,1,4,1100,1,1,5,2,4896400,374900,3,2,1,0,1,1,0,62,1,0,1,0,1,0,1,0,1
200600005351,6,1,17,1130,1,1,2,1,4882600,358400,3,2,2,0,0,2,0,70,2,0,0,0,2,0,3,0,1
200600005352,6,1,22,900,1,1,4,7,4881300,362400,3,2,2,0,2,1,0,62,7,0,3,0,0,0,2,0,1
200600005354,6,1,31,1745,2,1,1,7,4877000,344800,3,2,2,0,1,1,0,45,8,0,3,0,0,1,0,0,1
200600005355,6,1,3,2000,5,1,5,3,4931400,367900,3,2,2,0,1,1,0,0,1,5,1,0,1,0,1,0,1
200600005356,6,1,19,930,1,1,2,5,4931500,364400,2,2,2,0,0,1,0,0,2,0,1,0,2,0,1,0,1
200600005358,6,1,28,530,3,9,9,6,4915800,401400,2,2,2,0,1,3,0,69,5,0,3,0,2,0,1,0,1
200600005362,6,1,5,1615,1,1,8,1,4927400,413100,3,2,2,0,0,2,63,0,2,0,1,0,0,0,4,1,1
200600005363,6,1,24,1500,1,1,1,7,4883400,460500,9,0,1,0,2,1,0,0,7,0,0,0,1,0,1,1,1
200600005364,6,1,7,2345,5,1,1,6,4878900,491400,3,2,2,0,1,1,0,70,1,0,4,0,0,0,1,0,1
200600005366,6,1,9,1900,5,1,2,6,4981700,474500,3,2,2,0,2,1,0,58,0,0,1,0,1,0,1,0,1
200600005369,6,1,9,1800,5,1,1,7,5009200,472500,2,2,2,0,1,1,0,70,1,0,1,0,1,0,1,0,1
200600005370,6,1,5,1730,5,1,2,6,4961100,507700,4,2,0,0,0,0,0,0,2,0,0,0,1,0,1,0,1
200600005371,6,1,15,315,3,1,9,7,4962300,513200,3,2,2,0,0,4,0,74,7,0,3,0,0,0,2,2,1
200600005372,6,1,3,730,5,2,1,3,4823400,412900,2,2,2,0,1,1,0,60,1,0,1,0,1,0,1,0,1
200600005374,6,1,3,930,1,3,1,3,4826500,424700,2,2,2,3,1,3,0,76,1,5,1,0,0,0,2,0,1
200600005375,6,1,15,930,1,1,9,7,4813400,434200,2,2,1,0,1,1,0,70,7,0,1,0,0,0,0,1,1
200600005380,6,1,12,800,1,1,1,1,4852100,372200,9,2,2,0,0,1,0,57,1,5,1,0,1,0,1,0,1
200600005381,6,1,26,1745,3,1,4,1,4840500,394300,2,2,3,0,1,1,0,100,5,0,1,0,0,0,1,1,1
200600005385,6,1,16,1415,1,1,1,3,4824600,512000,3,2,0,0,1,2,55,0,1,2,1,0,3,0,1,0,1
200600005388,6,1,14,2145,3,1,1,7,4785000,544700,2,2,2,0,1,2,0,76,1,0,3,0,0,0,1,0,1
200600005390,6,1,10,800,1,1,1,6,4844600,513800,4,2,0,0,1,1,0,60,1,0,1,0,1,0,1,0,1
200600005391,6,1,17,1330,1,1,3,6,4719800,539500,4,2,0,0,1,2,50,0,2,5,4,0,2,0,1,0,1
200600005392,6,1,21,1645,1,1,1,6,4719700,515300,4,2,2,0,1,2,0,52,1,0,4,0,0,0,1,0,1
200600005397,6,1,6,1845,3,1,8,3,4707200,487100,2,2,2,0,0,1,0,68,5,0,1,0,1,0,2,0,1
200600005398,6,1,21,720,3,1,1,2,4699300,487500,3,2,2,0,1,1,0,100,2,0,1,0,0,0,2,0,1
200600005399,6,1,25,1645,1,1,1,6,4714300,497600,3,2,2,0,1,1,0,56,1,0,1,0,1,1,0,0,1
200600005400,6,1,21,1930,5,1,1,1,4700500,514900,4,2,0,0,1,1,0,58,1,5,1,0,1,0,1,0,1
200600005401,6,1,31,345,5,1,1,6,4786300,455900,3,2,2,0,1,1,0,73,1,0,3,0,0,0,1,0,1
200600005402,6,1,22,515,3,1,1,6,4738700,429500,3,2,2,0,0,3,0,75,1,0,3,0,0,0,3,0,1
200600005408,6,1,15,330,3,1,9,7,4673100,337400,3,2,1,0,1,1,0,0,7,0,1,0,1,0,4,0,1
200600005409,6,1,24,1725,1,1,1,3,4694900,366500,3,2,2,0,1,1,0,58,1,0,1,0,1,0,2,0,1
200600005410,6,1,12,730,3,1,1,7,4686000,390800,4,2,0,0,0,0,0,0,7,0,1,0,0,0,0,1,1
200600005411,6,1,27,645,5,1,4,6,4748600,352200,3,2,0,0,2,3,0,64,5,0,3,0,0,0,1,0,1
200600005413,6,1,17,1715,3,1,2,7,4754900,310800,3,2,0,0,2,3,0,56,2,0,1,0,0,0,0,1,1
200600005414,6,1,6,1700,2,1,4,7,4646100,472400,3,2,2,0,0,0,40,0,5,0,1,0,0,0,0,2,1
200600005421,6,1,9,1700,1,1,1,3,4696400,490500,3,2,0,0,0,1,0,0,2,0,1,0,1,0,1,1,1
200600005422,6,1,27,1930,3,1,4,6,4641100,425300,3,0,2,0,0,2,0,65,5,0,3,0,0,0,1,0,1
200600005425,6,1,10,1430,1,1,1,5,4649200,419600,2,2,2,0,1,1,0,80,1,0,1,0,4,1,0,0,1
200600005432,6,1,11,800,2,1,9,6,4805500,378200,3,2,2,0,1,3,0,48,7,0,3,0,2,0,0,1,1
200600005433,6,1,31,1745,2,1,1,3,4793400,366200,3,2,2,0,3,1,0,53,1,0,1,0,0,0,1,1,1
200600005435,6,1,11,1615,1,1,1,6,4748700,406100,3,2,2,0,1,1,0,60,1,0,4,0,0,0,1,0,1
200600005442,6,1,28,2230,3,1,4,6,4815500,334700,3,2,2,0,2,1,0,50,7,0,3,0,0,0,1,1,1
200600005444,6,1,14,1145,1,1,1,7,4813400,311900,3,2,0,0,1,1,0,73,1,0,0,0,0,0,1,0,1
200600005452,6,1,24,830,1,1,8,1,4724100,610500,3,2,2,0,0,2,0,81,7,0,1,0,0,0,1,1,1
200600005456,6,1,24,730,2,1,1,1,4712000,669600,3,2,2,0,1,1,0,66,1,0,1,0,0,1,0,1,1
200600005461,6,1,15,1530,1,1,1,3,4695900,611000,4,2,2,0,1,1,0,64,1,5,1,0,1,0,1,0,1
200600005462,6,1,3,1845,5,1,1,1,4667900,548800,2,2,2,0,1,1,0,77,1,0,1,0,0,1,0,2,1
200600005463,6,1,13,1930,5,1,1,3,4675100,545600,3,2,2,0,1,1,0,80,1,0,1,0,1,0,1,0,1
200600005464,6,1,13,1230,1,1,1,1,4677700,599100,3,2,2,0,2,3,0,75,2,0,1,0,1,0,1,0,1
200600005465,6,1,7,1730,3,1,1,6,4688700,566200,2,2,2,0,1,1,0,72,2,0,1,0,1,1,0,0,1
200600005466,6,1,25,1430,1,1,1,1,4687400,571700,2,2,2,0,2,3,0,73,1,0,1,0,1,1,0,0,1
200600005471,6,1,30,1345,1,1,4,1,4736800,611400,3,2,2,0,1,1,0,57,7,0,1,0,0,0,0,2,1
200600005472,6,1,26,1245,1,1,8,1,4742600,607400,4,2,2,0,2,1,0,0,5,0,1,0,0,0,1,1,1
200600005473,6,1,28,900,1,1,8,7,4770500,666300,3,2,2,0,1,2,0,67,1,0,3,0,0,0,1,0,1
200600005474,6,1,31,1830,5,1,1,1,4770700,667900,3,2,2,0,1,1,64,0,1,0,1,0,1,0,1,0,1
200600005475,6,1,9,1700,2,1,1,1,4778200,634900,3,2,2,0,1,4,0,80,1,0,1,0,1,0,1,0,1
200600005478,6,1,16,1600,1,1,1,1,4767400,587600,4,2,2,0,1,3,0,60,0,0,1,0,1,0,1,0,1
200600005479,6,1,4,715,2,1,5,6,4738000,563200,3,2,2,0,1,2,0,0,1,0,3,0,0,0,1,0,1
200600005483,6,1,21,1900,5,1,1,6,4749000,692600,3,2,2,0,1,1,0,70,2,0,1,0,1,0,1,0,1
200600005488,6,1,30,530,3,1,1,2,4365000,556200,2,2,0,0,0,1,0,98,1,0,1,0,0,0,3,0,1
200600005495,6,1,26,830,1,2,1,4,4389300,482800,3,4,3,3,1,1,0,100,1,5,1,0,3,0,1,0,1
200600005501,6,1,28,1300,1,1,3,1,4353000,511000,3,2,2,0,2,3,0,80,2,2,1,0,1,0,1,1,1
200600005502,6,1,19,800,2,1,1,2,4349600,523100,3,3,2,0,1,1,0,80,1,0,1,0,1,0,1,0,1
200600005503,6,1,23,1355,1,1,1,3,4405100,613700,2,2,2,3,1,1,0,0,1,5,1,0,1,0,0,1,1
200600005504,6,1,4,1630,1,9,1,1,4375000,584800,3,2,2,0,1,3,0,70,1,0,1,0,2,0,1,0,1
200600005507,6,1,1,130,3,1,2,7,4436000,632000,3,2,2,0,1,3,0,65,7,0,3,0,1,0,1,1,1
200600005508,6,1,11,1015,1,1,1,3,4445000,639500,3,2,2,0,2,2,0,0,2,0,1,0,0,1,0,1,1
200600005509,6,1,28,830,1,1,8,1,4440200,648600,3,2,2,0,1,2,0,74,5,0,1,0,0,1,2,1,1
200600005510,6,1,23,1915,3,1,1,2,4388900,586300,2,2,2,0,0,1,0,0,1,0,1,0,0,0,0,2,1
200600005512,6,1,9,845,1,1,9,1,4470000,605900,2,2,2,0,1,3,0,72,7,0,1,0,0,0,2,2,1
200600005513,6,1,31,1645,2,9,1,1,4473900,600500,2,2,0,0,1,2,0,79,1,2,1,0,0,0,0,3,1
200600005514,6,1,23,1830,5,1,1,6,4446700,605400,3,2,2,0,1,1,0,52,1,0,4,0,1,0,1,0,1
200600005518,6,1,5,1900,5,1,4,6,4458200,612600,2,3,0,0,1,1,0,70,5,0,3,0,0,1,0,0,1
200600005520,6,1,14,1100,1,1,1,3,4379300,733400,3,2,2,0,0,1,0,90,1,0,1,0,2,0,0,1,1
200600005525,6,1,16,730,2,1,1,3,4364000,687000,3,2,2,0,1,1,0,73,1,0,1,0,1,0,1,0,1
200600005528,6,1,19,845,1,1,1,1,4379900,718700,4,2,1,0,1,0,81,70,1,0,1,0,1,0,1,0,1
200600005530,6,1,2,1630,2,1,1,5,4405000,713000,3,2,2,0,1,4,0,70,1,0,1,0,3,0,1,0,1