Num_Acc,an,mois,jour,hrmn,lum,int,atm,col,lat,long,catr,circ,nbv,vosp,prof,plan,lartpc,larrout,surf,infra,situ,env1,unscathed,killed,hospital,light,chance
200600005531,6,1,27,1300,1,1,1,6,4409000,711000,3,2,2,0,1,1,0,70,2,0,3,0,0,0,0,1,1
200600005535,6,1,1,2015,3,1,9,7,4356200,612400,3,2,2,0,1,1,0,70,7,0,1,0,0,0,1,0,1
200600005538,6,1,14,1600,1,1,1,6,4330000,612300,3,2,0,0,0,4,0,0,1,0,1,0,0,0,1,0,1
200600005539,6,1,17,1000,3,1,1,6,4324700,609700,3,0,0,0,0,0,0,0,0,0,0,0,0,0,1,0,1
200600005550,6,1,30,1930,3,1,1,6,4326500,653100,3,2,2,0,0,1,0,60,2,0,1,0,1,1,0,0,1
200600005555,6,1,29,1830,5,1,2,3,4313300,607600,2,2,3,2,2,1,0,155,2,0,1,0,2,0,1,0,1
200600005560,6,1,6,800,1,6,1,6,4392000,505000,4,2,2,0,2,1,0,0,1,0,1,0,1,0,0,1,1
200600005563,6,1,2,900,1,1,1,1,4388800,534800,3,2,2,2,1,1,0,92,7,0,1,0,1,0,2,0,1
200600005565,6,1,2,845,1,1,8,6,4373800,548500,3,2,2,0,2,3,0,52,7,0,3,0,0,0,1,0,1
200600005567,6,1,23,1200,1,1,1,1,4418100,513900,3,2,2,0,1,2,0,57,1,0,1,0,1,0,1,0,1
200600005569,6,1,22,200,3,2,1,3,4402200,503200,3,2,0,0,1,1,0,80,1,0,1,3,0,0,2,0,1
200600005571,6,1,19,745,1,1,1,6,4430500,475000,3,2,2,0,1,2,0,0,0,0,1,0,0,0,2,0,1
200600005575,6,1,13,1115,1,1,1,5,4369800,413700,3,2,0,0,1,3,0,0,1,0,1,0,1,0,2,1,1
200600005576,6,1,28,1315,1,1,6,1,4362300,411900,3,2,1,0,1,1,0,80,2,0,1,0,1,0,2,0,1
200600005578,6,1,25,1600,1,1,1,3,4358400,306200,3,2,0,0,0,1,0,62,1,5,1,0,1,0,1,0,1
200600005580,6,1,31,530,3,1,1,6,4332600,302100,3,2,2,0,4,3,0,75,1,0,3,0,0,1,0,0,1
200600005585,6,1,11,1100,1,1,2,1,4360900,336100,3,2,2,0,1,1,0,76,7,0,1,0,2,0,1,0,1
200600005586,6,1,26,1145,1,1,1,3,4357500,341600,3,2,0,0,1,1,0,47,1,0,1,0,1,0,1,0,1
200600005587,6,1,23,2000,3,1,1,6,4362400,350800,3,0,2,0,1,1,0,64,1,0,1,0,2,1,0,0,1
200600005589,6,1,25,1350,1,2,1,1,4336600,348800,3,2,0,0,1,1,0,45,1,5,1,0,0,0,2,0,1
200600005591,6,1,6,900,1,1,3,6,4351500,365600,3,2,0,0,2,3,0,70,2,0,1,0,1,0,1,0,1
200600005592,6,1,25,1400,1,1,1,6,4348700,369900,2,2,3,0,1,1,0,106,1,0,3,0,0,0,2,1,1
200600005593,6,1,31,2200,3,1,1,7,4344900,363600,2,2,2,0,3,3,0,94,1,0,0,0,0,0,1,0,1
200600005595,6,1,11,1500,1,1,1,2,4331700,255800,3,2,2,0,1,1,0,59,1,0,1,0,1,0,1,0,1
200600005596,6,1,18,845,1,1,8,5,4336000,180000,2,2,1,0,1,2,0,67,2,0,1,0,2,0,1,1,1
200600005599,6,1,10,1830,3,1,1,1,4317700,232600,3,2,2,0,1,1,0,0,1,0,3,0,5,0,0,1,1
200600005607,6,1,31,1630,1,9,1,6,4354300,413700,4,1,0,0,1,1,0,0,1,0,1,0,1,0,1,0,1
200600005610,6,1,13,1800,5,9,1,7,4374900,421900,6,0,0,0,1,0,0,0,1,0,0,0,1,0,1,0,1
200600005612,6,1,1,845,1,1,1,6,4412500,386400,3,2,2,0,2,3,0,60,0,0,0,0,0,0,1,0,1
200600005615,6,1,5,1830,3,1,4,1,4403100,412500,3,2,0,0,0,1,0,70,5,0,1,0,1,0,0,1,1
200600005617,6,1,31,915,1,1,1,2,4408500,412200,3,2,0,0,1,1,0,60,1,0,1,0,1,0,1,0,1
200600005622,6,1,21,600,3,1,1,7,4388400,459600,3,2,2,0,1,2,0,60,1,0,3,0,0,0,2,0,1
200600005629,6,1,7,645,3,1,8,6,4400500,366000,3,2,2,0,1,4,0,75,2,0,1,0,1,0,0,1,1
200600005632,6,1,5,945,1,1,4,1,4458000,363000,2,2,2,0,0,3,0,64,7,0,1,0,2,0,1,0,1
200600005634,6,1,20,2015,3,1,1,6,4452000,391000,3,2,0,0,1,4,0,60,2,0,1,0,1,0,1,0,1
200600005637,6,1,13,1500,1,9,1,1,4448900,336400,2,2,2,0,1,1,0,70,1,0,1,0,1,0,0,1,1
200600005638,6,1,26,1745,2,1,1,1,4471100,314900,3,2,2,0,0,1,0,69,1,0,1,0,1,0,1,0,1
200600005639,6,1,3,1115,1,1,6,2,4265600,296000,3,2,0,2,2,1,0,62,1,0,1,0,1,0,1,0,1
200600005640,6,1,19,915,1,1,1,3,4269100,303100,3,2,1,0,0,1,96,0,1,5,1,0,1,0,1,0,1
200600005643,6,1,23,1845,2,1,1,7,4266000,278700,4,2,0,0,1,1,0,35,1,0,1,0,0,0,1,0,1
200600005647,6,1,31,2100,3,1,1,1,4250300,312300,3,2,2,0,2,3,0,61,1,0,1,0,0,0,1,1,1
200600005651,6,1,5,1130,1,1,1,1,4190800,883800,4,2,0,0,2,3,0,29,1,0,1,0,0,0,1,2,1
200600005657,6,1,25,630,5,3,1,3,4262100,895700,3,2,1,0,3,2,0,70,1,0,1,0,2,0,0,3,1
200600005658,6,1,18,500,3,1,1,6,4229300,919900,3,2,2,0,1,2,0,43,1,2,3,0,1,0,3,0,1
200600005659,6,1,26,530,5,1,8,6,4230500,915300,4,2,2,0,1,1,0,40,7,0,4,0,0,0,1,0,1
200600005662,6,1,19,730,2,1,1,1,4230900,954500,2,2,2,0,0,0,0,60,1,5,3,0,4,0,0,1,1
200600005666,6,1,2,1330,1,1,1,6,4900200,164700,4,2,2,0,2,2,60,0,1,0,1,0,0,0,1,0,1
200600005667,6,1,5,830,1,1,1,6,4900300,163200,4,2,2,0,1,1,0,51,1,0,1,3,1,0,1,0,1
200600005668,6,1,11,2230,5,1,1,2,4902000,161000,2,2,0,0,4,1,0,0,1,0,1,0,1,0,0,1,1
200600005672,6,1,9,815,1,1,1,1,4878500,189300,3,2,2,0,2,1,0,0,2,0,1,0,1,0,1,0,1
200600005673,6,1,14,2045,3,1,1,6,4879200,191900,3,2,0,0,2,1,0,60,1,0,1,0,1,0,1,0,1
200600005679,6,1,12,645,5,1,5,6,4845600,195700,3,3,2,0,1,2,10,80,2,0,3,0,0,0,0,1,1
200600005680,6,1,10,1245,1,1,5,3,4855900,202700,3,2,0,0,0,1,0,60,1,0,1,0,0,0,1,1,1
200600005681,6,1,13,1730,3,1,2,7,4852100,201800,3,2,0,0,1,1,0,71,2,0,1,0,0,0,1,0,1
200600005686,6,1,19,1155,1,1,1,6,4861400,235700,9,2,1,0,1,1,0,0,1,0,1,0,2,0,1,0,1
200600005687,6,1,20,1745,1,1,2,1,4910000,179000,3,2,2,0,1,1,0,75,2,0,1,0,1,0,1,0,1
200600005694,6,1,10,2330,3,1,1,6,4854900,279400,3,2,2,0,1,1,0,82,1,0,3,0,0,0,1,0,1
200600005695,6,1,18,1830,3,1,2,1,4866600,284100,3,2,2,0,0,2,0,76,2,0,1,0,4,0,1,0,1
200600005697,6,1,3,1945,2,1,1,1,4894900,311300,2,3,3,0,0,1,30,0,1,5,1,0,1,0,1,0,1
200600005698,6,1,14,1115,1,1,1,6,4896000,314500,3,0,0,0,0,1,103,0,0,0,0,0,0,0,1,0,1
200600005699,6,1,27,1330,1,1,1,3,4888200,329400,3,2,2,0,1,1,0,58,1,0,1,0,1,0,1,0,1
200600005700,6,1,5,1800,3,1,8,5,4869700,291200,2,3,4,0,1,1,15,70,2,0,1,0,3,1,0,0,1
200600005701,6,1,23,715,3,1,1,3,4872400,284600,3,2,2,0,1,1,0,0,0,5,1,0,1,0,1,0,1
200600005703,6,1,14,1730,1,1,1,3,4815700,269200,3,2,2,0,1,1,0,0,1,5,1,0,2,0,0,1,1
200600005704,6,1,7,1130,1,1,8,7,4824200,282400,3,2,2,0,0,1,0,70,2,0,3,0,0,0,1,0,1
200600005705,6,1,19,745,2,1,1,3,4905000,262400,4,2,2,0,1,1,0,0,1,5,1,0,1,0,1,0,1
200600005706,6,1,2,1745,2,1,1,3,4889200,282900,4,2,2,0,1,1,0,72,1,0,1,0,1,0,1,0,1
200600005709,6,1,17,1230,1,1,3,5,4856800,305600,2,2,2,0,1,1,0,90,2,0,1,0,2,0,1,1,1
200600005711,6,1,19,1115,5,1,1,3,4790100,202600,3,2,2,0,1,1,0,62,1,5,1,0,1,0,1,0,1
200600005712,6,1,25,1700,1,1,1,1,4787200,183600,4,2,1,0,1,1,0,48,1,5,1,0,0,0,2,0,1
200600005713,6,1,14,930,1,1,1,7,4775600,213400,3,2,2,0,1,2,0,58,1,0,3,0,0,1,0,0,1
200600005714,6,1,23,1615,1,1,1,1,4785800,208100,3,2,2,0,1,3,0,70,1,0,1,0,2,0,1,1,1
200600005715,6,1,4,1545,1,1,1,3,4779100,162600,4,2,2,0,1,1,0,45,2,5,1,3,1,0,1,0,1
200600005716,6,1,16,1030,1,1,1,4,4794200,163200,2,2,0,0,1,1,70,0,1,0,1,0,1,0,1,1,1
200600005717,6,1,2,1530,1,1,1,3,4809500,203900,3,2,2,0,1,1,0,60,1,0,1,0,1,0,2,0,1
200600005718,6,1,14,1845,3,1,1,6,4755700,272700,3,2,2,0,1,2,0,54,1,0,3,0,0,1,0,0,1
200600005719,6,1,2,1915,3,1,1,1,4781200,241500,3,2,2,0,1,1,0,86,1,0,0,0,0,0,2,0,1
200600005721,6,1,6,2015,3,1,1,6,4804500,271600,4,2,2,0,1,3,0,52,2,0,3,0,0,1,0,0,1
200600005722,6,1,13,830,1,1,1,6,4787000,286400,3,2,2,0,1,1,0,55,1,0,1,3,1,0,1,0,1
200600005725,6,1,25,1430,1,9,1,3,4817200,234600,3,2,0,0,1,1,0,30,1,0,1,0,1,0,1,2,1
200600005726,6,1,21,1700,1,1,1,1,4819300,233000,3,2,0,0,1,0,0,66,1,0,1,0,0,0,1,1,1
200600005728,6,1,20,1500,1,1,1,7,4717400,290500,3,2,2,0,1,1,0,42,1,0,3,0,0,0,1,0,1
200600005730,6,1,13,745,2,1,9,1,4703000,244200,3,2,2,0,0,1,60,0,7,0,1,0,0,0,1,1,1
200600005734,6,1,31,1645,1,6,1,6,4749300,244000,9,2,2,0,1,2,0,86,1,6,1,0,1,0,1,0,1
200600005736,6,1,1,300,3,1,8,7,4834500,150200,3,2,0,0,0,1,0,0,2,0,3,0,0,1,0,0,1
200600005737,6,1,14,1745,3,1,1,3,4836000,144400,2,2,0,0,0,1,0,0,1,0,1,0,4,0,0,1,1
200600005738,6,1,1,1000,1,1,2,6,4841100,164600,3,2,2,0,1,1,0,68,2,0,3,0,0,0,1,2,1
200600005742,6,1,20,1915,3,1,2,6,4846000,169000,3,2,1,0,1,0,0,0,2,0,1,0,0,0,0,1,1
200600005743,6,1,23,815,2,2,1,3,4841200,180300,3,2,2,0,1,1,0,61,1,5,1,0,1,0,1,0,1
200600005745,6,1,10,1600,1,1,8,1,4827800,166900,3,2,2,0,1,1,0,62,2,5,1,0,1,1,0,0,1
200600005746,6,1,13,1700,1,2,1,3,4831800,192100,3,2,2,0,1,1,60,0,1,0,1,0,1,0,0,1,1
200600005747,6,1,6,530,3,9,1,1,4827500,121700,3,2,0,0,0,2,0,0,1,0,1,0,0,0,3,0,1
200600005749,6,1,14,1045,1,2,1,3,4872900,144900,3,2,2,0,1,1,0,63,1,0,0,0,6,0,1,0,1
200600005751,6,1,31,1945,3,1,1,6,4870400,134700,3,2,0,0,1,1,38,44,1,0,1,0,0,0,1,0,1
200600005752,6,1,2,1000,1,1,7,3,4882100,154100,3,2,1,0,1,1,0,55,2,0,1,0,1,0,1,0,1
200600005754,6,1,24,2000,3,1,1,7,4880400,145300,3,2,0,0,1,3,0,37,1,0,1,0,0,0,1,3,1
200600005757,6,1,1,1230,1,1,1,6,4862600,125800,3,2,2,0,1,1,0,75,2,0,3,0,0,1,0,0,1
200600005762,6,1,26,1230,1,1,1,7,4667900,170000,3,2,0,0,1,1,0,43,2,0,3,0,0,0,1,0,1
200600005763,6,1,8,1900,3,1,3,2,4652900,147400,3,2,2,0,1,1,0,58,2,0,1,0,1,1,0,0,1
200600005764,6,1,19,1530,1,1,1,6,4659200,152000,3,2,1,0,1,1,0,54,1,0,1,0,1,0,0,1,1
200600005766,6,1,28,1700,1,1,4,3,4688200,141400,3,2,2,0,0,2,0,74,5,3,1,0,1,0,0,2,1
200600005767,6,1,8,1200,1,1,2,6,4661000,113300,3,2,2,0,2,3,0,60,2,0,3,0,2,0,2,0,1
200600005770,6,1,28,145,4,1,1,6,4747000,106000,3,2,2,0,1,1,0,60,1,0,1,0,0,0,1,1,1
200600005771,6,1,20,1830,3,1,8,4,4738900,59000,2,2,2,0,1,2,0,68,2,0,1,0,2,0,2,0,1
200600005774,6,1,10,1715,1,1,1,3,4720900,62700,3,2,2,0,1,1,0,51,2,0,1,0,1,0,1,0,1
200600005775,6,1,22,1100,1,1,1,1,4710300,54900,3,2,0,0,2,1,0,70,1,0,1,0,0,0,2,0,1
200600005776,6,1,29,1730,1,1,1,6,4714500,43200,3,0,0,0,0,3,0,0,1,0,1,0,1,0,1,0,1
200600005777,6,1,31,1615,1,1,1,1,4711100,61100,3,2,0,0,4,4,0,63,1,0,1,0,2,0,1,0,1
200600005778,6,1,25,815,1,1,1,1,4711600,98100,2,2,2,0,2,3,0,70,1,2,1,0,1,1,0,0,1
200600005779,6,1,24,1940,2,1,1,7,4709400,123700,3,2,2,0,1,1,0,58,1,0,1,0,0,0,1,0,1
200600005780,6,1,26,915,1,1,1,3,4705800,61500,2,2,2,0,1,1,0,143,1,5,1,0,1,0,2,0,1
200600005781,6,1,29,2000,3,1,9,6,4729000,77800,3,2,2,0,1,1,0,70,7,0,3,0,0,0,1,0,1
200600005786,6,1,2,1930,3,1,1,6,4771100,76300,4,2,2,0,2,1,0,40,1,0,3,0,1,0,1,0,1
200600005787,6,1,28,1645,1,1,4,1,4779000,96700,3,2,2,0,1,3,55,0,7,0,1,0,1,0,0,3,1
200600005789,6,1,22,1,1,1,1,1,4519800,-97400,3,2,2,0,1,1,0,55,1,0,1,0,2,0,2,0,1
200600005790,6,1,26,1345,1,1,1,3,4519100,-106400,4,2,2,0,1,3,0,59,1,0,1,0,1,0,1,0,1
200600005792,6,1,2,2000,3,1,1,6,4792200,-384100,4,2,2,0,2,1,0,68,1,0,3,0,0,1,0,0,1
200600005793,6,1,8,200,3,1,2,6,4789200,-370400,1,3,4,0,0,1,10,150,2,3,2,0,0,0,3,0,1
200600005794,6,1,17,2015,3,1,2,5,4797700,-398900,3,2,2,0,0,1,0,72,2,0,1,0,0,0,1,2,1
200600005795,6,1,22,2030,3,1,1,6,4804900,-367500,3,2,0,0,1,1,0,80,1,0,3,0,0,1,0,0,1
200600005796,6,1,10,245,3,1,1,6,4907000,246200,3,2,2,0,2,4,0,58,7,0,3,0,1,0,1,0,1
200600005797,6,1,21,2030,3,9,1,3,4909600,241600,2,3,4,0,1,0,0,71,1,3,1,0,0,0,2,2,1
200600005798,6,1,27,2045,3,1,8,7,4908100,241000,3,2,3,0,1,1,0,100,2,0,1,0,0,0,1,0,1
200600005805,6,1,10,1930,3,1,5,5,4725300,509000,3,2,0,0,0,1,0,77,2,0,1,0,2,0,5,0,1
200600005806,6,1,27,830,1,1,4,1,4346000,554700,3,2,0,0,4,1,0,77,5,0,1,0,0,0,0,5,1
200600005807,6,1,30,1030,1,1,1,1,4346800,561300,3,2,0,1,0,2,0,60,1,5,0,0,1,0,1,0,1
200600005814,6,1,19,1745,3,1,1,2,4856000,193600,1,3,4,0,1,1,24,340,1,0,1,0,1,0,0,1,1
200600005817,6,1,28,1715,1,1,2,7,4840700,189500,1,3,0,0,1,1,24,270,7,0,1,0,1,0,1,0,1
200600005818,6,1,28,2030,3,1,9,6,4835700,187700,1,3,0,0,1,1,24,270,7,0,3,0,0,0,1,0,1
200600005822,6,1,3,2015,5,1,2,6,4836500,-425900,4,2,2,0,1,1,0,60,2,5,1,0,1,0,1,0,1
200600005823,6,1,8,1415,1,1,1,3,4833900,-422700,3,2,4,0,1,1,0,70,1,0,1,0,0,0,2,1,1
200600005824,6,1,29,430,3,1,1,6,4836400,-425000,2,3,4,0,4,3,30,90,2,2,2,0,0,3,0,0,1
200600005833,6,1,8,1900,3,1,1,1,4326900,614100,1,3,2,0,0,1,5,95,1,0,1,0,1,0,0,1,1
200600005834,6,1,27,1745,3,1,2,4,4346100,654300,1,3,3,0,1,1,20,130,2,0,1,0,3,0,2,0,1
200600005837,6,1,16,700,2,1,1,1,4751900,472600,2,2,2,0,1,1,0,0,0,0,1,0,0,0,3,0,1
200600005845,6,1,4,1600,1,1,1,2,4368500,144100,4,2,2,0,1,1,0,0,1,0,1,0,1,0,1,0,1
200600005846,6,1,10,1830,1,1,1,1,4369400,141400,4,2,0,0,1,1,0,51,1,0,1,3,1,0,2,0,1
200600005847,6,1,24,1800,2,1,1,3,4369700,141400,3,2,0,0,1,1,10,60,1,0,1,3,1,0,0,1,1
200600005848,6,1,31,1815,2,1,1,6,4370700,146900,3,2,2,0,1,1,0,83,1,0,1,0,1,0,1,0,1
200600005857,6,1,10,845,2,6,1,5,4739600,77000,3,0,0,0,0,0,0,0,0,0,0,0,3,0,0,1,1
200600005858,6,1,13,1845,5,1,1,3,4734100,99000,3,2,2,0,3,1,0,69,1,4,1,0,1,0,1,0,1
200600005862,6,1,23,430,3,1,1,6,4788000,173000,1,3,3,0,1,1,15,270,1,0,1,0,0,0,1,0,1
200600005864,6,1,1,800,1,1,1,6,4702200,487100,1,3,4,3,1,1,10,140,1,0,2,0,0,1,0,0,1
200600005865,6,1,19,1200,1,1,1,6,4582800,602500,1,3,4,0,1,1,25,70,1,0,1,0,0,0,0,1,1
200600005868,6,1,5,345,3,1,1,1,4746400,152400,3,2,2,0,1,1,0,63,2,0,1,0,1,1,0,0,1
200600005869,6,1,19,1930,5,1,1,6,4750200,130000,3,2,2,0,1,1,0,60,1,0,1,0,1,0,1,0,1
200600005876,6,1,7,130,3,1,1,1,4367600,-131700,1,1,2,0,1,1,0,70,1,0,1,0,1,0,1,1,1
200600005878,6,1,18,1300,1,1,2,2,4922800,406700,1,3,3,0,1,1,0,0,2,0,1,0,1,0,1,0,1
200600005881,6,1,21,1130,1,1,1,3,4516000,569500,3,2,2,1,2,1,0,0,1,0,1,0,1,0,1,0,1
200600005895,6,1,23,1400,1,1,1,1,4351800,543600,1,0,3,0,1,1,0,0,1,0,1,0,1,0,0,1,1
200600005899,6,1,28,1515,1,1,4,1,4319000,230000,1,2,2,0,2,2,0,80,5,3,1,0,1,0,1,1,1
200600005901,6,1,8,1000,1,1,1,6,4734400,623100,1,3,0,0,1,1,35,70,1,0,3,0,0,0,1,0,1
200600005902,6,1,9,815,1,1,1,7,4726000,591000,1,3,2,3,1,1,30,100,1,0,1,0,0,0,1,0,1
200600005903,6,1,9,2115,3,1,1,2,4730700,603500,1,3,2,3,1,1,30,100,1,0,1,0,0,0,1,1,1
200600005907,6,1,26,845,1,1,1,6,4348500,154100,1,1,3,0,1,1,20,135,1,0,0,0,0,1,0,0,1
200600005908,6,1,7,715,3,1,1,4,4463200,-89500,1,0,2,0,1,1,32,75,1,0,1,0,2,0,1,0,1
200600005909,6,1,12,1845,3,1,1,4,4461600,-101500,1,3,0,0,1,1,25,132,1,0,1,0,2,0,0,1,1
200600005910,6,1,15,700,3,6,1,7,4462100,-110100,1,1,2,0,1,3,0,140,1,5,3,0,0,0,0,1,1
200600005911,6,1,22,2345,3,1,1,2,4466000,-83000,1,1,2,0,1,1,45,104,1,0,1,0,2,0,0,1,1
200600005920,6,1,29,45,3,1,1,6,4778400,740200,1,3,0,0,0,1,30,70,9,0,1,0,0,0,0,4,1
200600005925,6,1,5,1300,1,1,1,3,4521400,579300,4,2,0,0,1,2,0,80,1,5,1,0,1,0,1,0,1
200600005926,6,1,12,945,1,2,1,1,4521600,578200,9,2,0,0,0,2,0,0,1,0,1,0,1,0,1,0,1
200600005928,6,1,8,1500,1,1,8,6,4469000,-71000,2,2,1,0,1,1,0,66,2,0,3,0,0,0,1,0,1
200600005932,6,1,24,1100,1,1,1,6,4170300,935200,3,2,2,0,3,1,0,62,1,0,1,3,1,0,0,1,1
200600005934,6,1,4,930,1,1,8,7,4590500,522800,1,1,0,0,1,1,10,0,2,0,1,0,0,0,0,1,1
200600005935,6,1,4,1100,1,1,1,6,4584100,503600,1,0,2,0,2,1,30,148,1,0,2,0,0,0,1,1,1
200600005936,6,1,24,1245,1,1,1,2,4920600,412500,3,0,2,0,1,1,0,57,1,0,1,0,1,0,1,0,1
200600005938,6,1,31,1730,1,1,1,3,4919500,425000,3,2,2,0,1,1,67,0,1,0,1,0,2,0,0,1,1
200600005940,6,1,17,1100,1,9,1,7,5072800,216700,1,3,0,0,1,1,0,0,1,7,1,0,0,0,0,2,1
200600005941,6,1,20,1415,1,1,1,3,4354200,134600,4,2,0,0,1,1,0,0,1,0,1,0,1,0,1,0,1
200600005942,6,1,13,955,1,2,1,3,4361000,705000,3,1,2,0,2,2,0,151,1,5,1,0,1,1,0,0,1
200600005943,6,1,21,915,1,1,1,5,4363900,700300,3,2,0,0,0,0,0,79,2,0,1,0,3,0,2,0,1
200600005944,6,1,28,1400,1,1,1,1,4542800,477400,3,2,2,0,1,1,0,60,5,0,1,0,0,0,4,1,1
200600005949,6,1,29,45,3,1,1,2,4910300,228600,3,3,0,0,2,1,0,150,1,0,1,0,3,0,4,1,1
200600005950,6,1,8,915,1,1,1,7,4764000,-269000,1,3,4,0,1,1,46,136,2,0,1,0,0,1,0,0,1
200600005954,6,1,21,2310,3,1,1,5,4766500,198100,1,3,0,0,0,1,30,180,1,0,1,0,1,0,6,0,1
200600005955,6,1,23,845,1,1,1,7,4711700,220000,1,3,0,0,1,1,20,190,1,0,3,0,0,0,0,1,1
200600005960,6,1,25,745,1,1,1,3,4617300,569100,1,3,2,0,2,1,20,0,1,0,1,0,1,0,0,1,1
200600005961,6,1,7,1515,1,1,9,2,4361000,514000,3,2,2,0,1,1,0,80,2,0,1,0,6,0,0,1,1
200600005964,6,1,18,730,2,1,1,5,4357100,515500,2,2,4,0,2,2,0,150,1,0,1,0,1,0,2,1,1
200600005967,6,1,25,1620,1,1,8,7,4864000,772000,3,2,2,0,1,2,0,109,1,0,1,0,0,0,1,0,1
200600005971,6,1,13,1430,1,1,1,7,4768400,518100,1,3,0,0,2,1,26,70,1,0,1,0,0,0,1,0,1
200600005972,6,1,17,1900,3,1,8,3,4358600,546700,4,2,2,0,1,1,0,0,2,5,1,0,1,0,1,0,1
200600005973,6,1,28,1030,1,1,8,4,4508000,521000,1,1,0,0,1,1,14,70,2,0,1,0,1,0,0,3,1
200600005981,6,1,6,200,3,1,1,7,4338500,128100,1,3,4,0,1,1,0,0,1,0,3,0,0,0,1,0,1
200600005984,6,1,23,1230,1,1,1,7,4989000,228000,1,1,1,0,1,3,0,35,1,3,3,0,0,0,1,0,1
200600005992,6,1,8,930,1,1,1,3,4803700,16300,4,2,2,0,1,1,0,70,1,0,1,0,1,0,1,0,1
200600006000,6,1,13,1545,1,1,1,1,4369000,132600,3,2,2,0,1,1,0,71,1,0,1,0,1,0,1,0,1
200600006002,6,1,10,2145,5,1,8,6,4786500,-309200,3,2,2,0,1,1,0,68,1,0,3,0,0,1,0,0,1
200600006003,6,1,12,715,3,1,8,5,4786200,-309200,2,3,4,0,2,2,30,73,2,0,1,0,3,1,0,3,1
200600006004,6,1,28,1500,1,1,4,1,4770600,-290000,4,2,2,0,1,1,0,49,5,0,1,0,0,0,2,2,1
200600006006,6,1,21,1600,1,1,1,5,4822000,-170200,3,2,0,0,0,1,0,0,1,5,1,0,5,0,1,0,1
200600006012,6,1,21,515,5,1,9,3,4845800,262200,2,3,2,0,1,1,0,140,2,0,1,0,1,0,1,1,1
200600006014,6,1,29,500,3,1,1,2,4831200,-419200,2,3,2,0,1,1,0,0,1,0,0,0,2,0,1,0,1
200600006015,6,1,28,2300,3,1,2,7,4895400,46100,1,1,2,3,1,1,7,55,7,0,3,0,0,0,1,0,1
200600006053,6,2,13,1130,1,1,1,1,5073400,242800,2,2,2,0,1,3,0,75,1,0,1,0,1,0,2,0,1
200600006054,6,2,3,1300,1,6,1,6,5053400,322400,3,2,0,0,1,1,0,62,1,5,4,0,0,0,1,0,1
200600006056,6,2,3,2320,5,1,8,7,5070300,297200,3,2,2,0,1,1,0,70,2,0,1,0,0,1,0,0,1
200600006057,6,2,1,1045,1,1,7,6,5006900,379000,3,2,2,0,0,1,0,49,1,0,3,0,0,0,1,0,1
200600006059,6,2,10,1200,3,1,1,7,5000600,413800,9,2,0,0,1,2,0,45,7,0,1,0,0,0,1,0,1
200600006061,6,2,22,1800,1,1,9,1,5011300,352000,2,0,0,0,4,1,0,0,1,0,1,0,1,0,1,0,1
200600006063,6,2,22,1145,1,1,8,1,5004900,334600,3,2,2,0,0,3,0,65,2,0,1,0,0,0,2,0,1
200600006067,6,2,3,1930,5,2,8,3,5036300,274700,3,2,2,0,1,1,0,110,2,0,1,0,1,0,1,0,1
200600006069,6,2,7,745,1,1,1,1,5029200,297000,3,2,2,0,1,2,0,59,1,0,1,0,0,1,1,0,1
200600006070,6,2,8,1200,1,1,1,6,5021600,308500,3,2,2,0,1,1,0,64,1,0,4,0,1,0,1,0,1
200600006071,6,2,19,715,1,1,2,6,5029600,285000,3,2,2,0,1,3,0,69,2,0,1,0,1,0,1,1,1
200600006073,6,2,19,1045,1,1,2,1,5065000,276000,3,2,0,0,0,2,0,69,2,0,1,0,0,0,1,1,1
200600006077,6,2,1,645,2,1,5,7,5077200,191400,3,2,0,0,4,3,0,37,7,0,3,0,12,0,2,1,1
200600006078,6,2,23,2015,3,1,1,7,5040500,260700,3,2,2,0,2,2,0,50,1,0,1,0,0,0,1,0,1
200600006079,6,2,4,1015,1,1,1,1,5044700,183200,3,2,2,0,1,3,0,67,2,0,1,0,0,0,3,0,1
200600006080,6,2,7,1400,1,1,1,7,5036700,205000,3,2,2,0,2,2,0,64,1,2,1,0,0,0,1,0,1
200600006083,6,2,13,1830,5,1,8,6,5038300,235300,3,0,0,0,1,1,0,71,9,0,1,0,1,0,1,0,1
200600006084,6,2,15,1530,1,1,6,1,5039200,235000,2,2,2,0,1,1,0,79,2,0,1,0,1,0,1,0,1
200600006085,6,2,2,1245,1,1,1,3,5037500,255100,3,2,0,0,1,1,0,59,1,0,1,0,1,0,0,4,1
200600006086,6,2,17,1130,1,2,2,3,5039300,262400,3,2,2,0,1,1,0,60,2,0,0,0,0,0,2,0,1
200600006087,6,2,27,1830,5,1,2,3,5040100,252400,3,2,2,0,1,1,0,50,2,0,1,0,1,0,1,0,1
200600006089,6,2,13,1630,1,1,2,5,4987400,244400,2,2,2,0,4,1,0,82,2,0,1,0,1,0,2,0,1
200600006091,6,2,10,1300,1,1,1,7,4989700,178700,3,2,2,0,1,1,0,57,1,0,1,0,0,1,0,0,1
200600006092,6,2,10,1215,1,1,1,2,4982000,222200,3,2,2,0,2,3,0,50,1,0,1,0,1,0,1,0,1
200600006095,6,2,5,1415,1,1,1,7,4997600,184700,3,2,0,0,1,1,0,60,1,0,3,0,0,0,1,0,1
200600006096,6,2,3,1400,1,1,1,3,4998700,163100,3,2,2,0,1,1,0,66,1,5,1,0,1,0,1,0,1
200600006097,6,2,18,1230,1,1,1,3,5034300,156800,3,2,2,0,1,1,0,64,1,0,1,0,1,0,1,0,1
200600006098,6,2,5,915,1,1,5,1,5016200,159100,3,2,2,0,1,3,0,65,2,0,1,0,2,0,1,1,1
200600006099,6,2,25,1815,2,1,1,6,5015900,167600,4,0,0,0,1,3,0,35,1,0,3,0,0,0,1,1,1
200600006101,6,2,10,730,2,2,1,3,4994800,254100,3,2,2,0,1,1,0,53,1,0,1,0,1,0,0,1,1
200600006102,6,2,19,530,3,1,2,6,4985200,267800,3,2,2,0,1,1,0,60,2,0,1,0,0,1,0,0,1
200600006104,6,2,12,1730,1,1,4,7,4976300,375500,3,2,2,0,2,1,0,60,5,0,1,0,0,0,0,1,1
200600006105,6,2,13,1700,1,1,1,3,4969800,362400,3,2,2,0,1,1,0,70,1,0,1,0,0,0,0,2,1
200600006106,6,2,24,415,3,1,1,7,4961800,356400,3,2,2,0,1,1,0,56,1,0,3,0,0,0,1,2,1