Num_Acc,an,mois,jour,hrmn,lum,int,atm,col,lat,long,catr,circ,nbv,vosp,prof,plan,lartpc,larrout,surf,infra,situ,env1,unscathed,killed,hospital,light,chance
200600006113,6,2,27,1745,2,2,8,1,4931600,349800,3,2,2,0,1,1,0,70,2,5,1,0,1,0,1,0,1
200600006115,6,2,1,600,3,1,1,2,4920900,310900,3,2,0,0,1,1,0,68,1,0,3,0,1,0,1,0,1
200600006116,6,2,2,900,1,1,9,3,4926400,304500,3,2,1,0,1,2,0,58,7,0,1,0,1,0,1,0,1
200600006117,6,2,10,1645,1,3,1,3,4925900,306500,3,2,2,0,3,3,0,75,1,0,1,0,4,0,1,0,1
200600006127,6,2,2,2230,5,1,1,6,4956700,239500,3,2,2,0,1,3,0,53,1,0,1,0,0,0,1,1,1
200600006132,6,2,16,1200,1,1,1,1,4946600,285800,2,2,0,1,2,3,0,70,1,0,1,0,0,0,1,1,1
200600006133,6,2,17,1300,1,1,1,7,4939700,270900,3,2,2,0,1,2,0,60,1,0,1,0,0,0,1,0,1
200600006141,6,2,25,1815,2,1,1,3,4919000,245900,4,2,2,1,1,3,80,60,1,0,1,0,3,0,1,0,1
200600006147,6,2,1,1415,1,1,1,6,4947900,46100,3,2,2,0,1,1,0,75,1,0,1,0,1,0,1,0,1
200600006150,6,2,5,600,3,1,1,5,4947800,165000,2,2,0,0,0,1,0,0,1,0,1,0,3,0,1,1,1
200600006151,6,2,3,1700,1,1,1,3,4948800,171500,2,2,0,0,0,1,0,0,1,0,1,0,1,0,1,0,1
200600006154,6,2,19,530,3,1,3,7,4965000,82000,3,2,2,0,1,4,0,45,3,0,1,0,1,0,2,1,1
200600006160,6,2,20,1930,3,1,2,3,4918300,156900,3,2,2,0,1,1,0,0,2,5,1,0,0,0,3,0,1
200600006162,6,2,10,1515,1,1,1,1,4897600,45400,3,2,2,0,0,2,0,62,1,0,1,0,1,0,1,0,1
200600006163,6,2,18,915,1,1,9,3,4906300,60500,3,0,2,0,1,1,0,0,2,0,1,0,0,1,1,0,1
200600006167,6,2,15,1845,3,1,3,6,4914900,79500,3,2,2,0,1,1,0,0,2,0,1,0,0,1,1,0,1
200600006169,6,2,10,1830,5,1,1,3,4914900,113100,4,2,2,0,1,1,0,44,1,0,1,0,1,0,1,0,1
200600006174,6,2,22,800,2,1,2,1,4935900,81500,3,0,0,0,1,1,0,50,2,0,1,0,1,0,0,1,1
200600006175,6,2,3,2000,3,1,8,7,4920100,48300,3,2,2,0,1,3,0,57,1,0,3,0,0,0,0,1,1
200600006184,6,2,8,1315,1,1,8,5,4792000,-170000,3,2,2,0,1,3,0,50,1,0,0,0,7,0,1,0,1
200600006189,6,2,7,1730,1,1,1,6,4855700,-158000,4,2,1,0,2,1,0,60,1,0,1,0,0,0,1,1,1
200600006191,6,2,10,1845,2,1,1,5,4843700,-179200,3,2,0,0,3,1,0,60,1,0,1,0,2,0,1,0,1
200600006198,6,2,9,1645,1,1,1,3,4861600,-287900,3,2,2,0,1,1,0,0,1,0,1,0,0,0,0,2,1
200600006202,6,2,25,1645,1,1,3,5,4848600,-294600,3,2,0,0,1,2,0,70,8,0,1,0,3,1,0,1,1
200600006203,6,2,22,630,3,1,8,1,4848000,-209000,3,2,0,0,2,1,0,45,2,0,1,0,1,1,0,0,1
200600006204,6,2,4,2100,3,1,1,6,4852800,-211000,3,2,0,0,1,1,0,50,1,0,1,0,0,0,1,0,1
200600006205,6,2,3,2015,5,2,1,6,4856300,-315600,4,2,2,0,1,1,0,78,1,0,1,0,1,0,1,0,1
200600006207,6,2,18,1945,3,1,2,6,4851600,-324400,3,2,2,0,2,2,0,66,2,0,3,0,0,1,1,0,1
200600006209,6,2,6,1715,1,1,1,1,4808900,-439400,3,2,2,0,0,1,0,60,1,0,1,0,0,0,2,0,1
200600006210,6,2,3,1930,3,2,1,3,4824100,-408200,3,2,2,0,0,1,0,97,1,0,1,0,0,0,2,0,1
200600006211,6,2,10,1100,1,1,1,2,4817500,-423100,3,2,0,0,2,1,0,70,1,0,1,0,1,0,2,0,1
200600006212,6,2,13,730,3,1,1,6,4820400,-411200,4,2,2,0,2,2,0,60,1,0,3,0,0,0,1,0,1
200600006219,6,2,19,1700,1,1,8,2,4771800,-219000,3,3,1,0,1,1,0,66,1,0,1,0,1,0,0,1,1
200600006222,6,2,27,1130,1,8,1,1,4773000,-303700,4,2,2,0,2,2,0,60,1,4,1,0,1,1,0,0,1
200600006227,6,2,7,2215,5,6,1,6,4807800,-296100,3,2,2,0,1,3,0,66,1,0,4,0,0,0,2,2,1
200600006228,6,2,8,1800,1,1,1,1,4802600,-294800,4,2,2,0,2,3,0,52,1,0,1,0,1,0,2,0,1
200600006229,6,2,16,1500,1,9,2,6,4805700,-295800,5,1,1,0,1,1,0,42,2,0,1,0,1,0,0,1,1
200600006234,6,2,10,1530,1,1,1,7,4910200,-34600,4,2,2,0,2,3,0,69,1,0,1,0,0,0,1,1,1
200600006236,6,2,10,1930,3,1,1,1,4922800,-22700,3,2,0,0,4,1,0,60,1,0,1,0,0,2,3,0,1
200600006237,6,2,6,1900,3,1,1,1,4927700,-64200,3,2,2,0,1,3,0,65,1,0,1,0,0,0,2,0,1
200600006241,6,2,6,630,3,1,5,6,4920900,-12100,2,2,0,0,1,1,0,0,1,0,3,0,0,0,0,1,1
200600006243,6,2,4,115,3,1,1,6,4894100,-80200,3,4,3,0,2,1,0,105,0,0,3,0,1,0,1,0,1
200600006244,6,2,6,1715,1,1,8,3,4901700,-62300,3,2,0,0,1,3,0,71,2,0,1,0,3,0,1,0,1
200600006246,6,2,1,1045,1,2,8,3,4930300,-118900,2,2,2,0,1,1,0,0,1,0,1,0,1,1,0,0,1
200600006247,6,2,16,1745,1,1,1,6,4915600,-119700,3,2,2,0,1,3,0,40,1,0,1,0,1,0,1,0,1
200600006253,6,2,1,745,3,1,1,1,4903000,-142300,3,2,2,0,1,1,0,60,1,0,1,0,1,0,1,0,1
200600006254,6,2,8,1415,1,1,1,7,4904100,-147300,3,2,2,0,1,1,0,0,6,0,3,0,1,0,0,1,1
200600006256,6,2,20,800,2,1,2,2,4886900,-154300,3,2,2,0,1,1,0,70,2,0,1,0,3,0,1,0,1
200600006258,6,2,21,1100,1,1,1,1,4858800,-92300,3,2,2,0,2,2,0,54,2,0,1,0,1,0,1,0,1
200600006259,6,2,25,1700,1,1,2,7,4858400,-84500,3,2,2,0,1,2,0,54,2,0,1,0,0,0,0,1,1
200600006262,6,2,5,2115,3,1,1,1,4870900,22700,2,2,2,0,2,4,0,72,1,4,1,0,0,0,1,2,1
200600006269,6,2,28,1345,1,1,2,3,4727200,-148400,2,3,4,0,1,1,0,0,2,5,1,0,1,0,1,0,1
200600006271,6,2,2,1915,5,1,1,7,4692900,-152900,3,2,2,0,1,1,0,58,1,0,1,0,0,0,1,0,1
200600006275,6,2,11,1130,1,1,1,1,4739900,-117900,9,2,2,0,2,2,0,32,1,0,1,0,0,0,1,1,1
200600006278,6,2,16,1800,2,1,8,1,4739000,-138900,3,2,2,0,1,1,0,62,2,0,1,0,1,1,0,0,1
200600006279,6,2,23,1245,1,1,1,6,4776000,-147000,3,2,2,0,1,1,0,73,1,5,1,0,1,0,0,1,1
200600006281,6,2,19,1745,3,1,2,6,4762900,-194900,3,2,0,0,1,1,0,57,2,0,3,0,1,0,1,0,1
200600006282,6,2,3,730,5,1,1,6,4756000,-153000,3,2,0,0,1,1,0,60,1,5,1,0,1,0,1,0,1
200600006283,6,2,1,1910,5,9,1,7,4742000,-165000,6,0,0,0,0,1,0,0,1,0,0,0,1,0,1,0,1
200600006287,6,2,16,1545,1,1,8,3,4711600,-202000,3,2,2,0,1,1,0,0,1,0,1,0,2,0,0,2,1
200600006288,6,2,17,1415,1,1,1,6,4712700,-170500,3,2,0,0,1,2,0,0,2,0,1,0,0,0,1,0,1
200600006292,6,2,28,1145,1,1,2,6,4727800,-170700,3,2,2,0,1,1,0,60,2,0,3,0,2,0,1,0,1
200600006295,6,2,10,1030,1,6,1,6,4744100,-22100,4,2,0,0,1,1,0,84,1,0,1,0,1,0,1,0,1
200600006296,6,2,6,830,1,1,5,5,4737600,-57500,3,2,2,0,1,1,0,68,1,0,1,0,2,0,2,0,1
200600006297,6,2,11,400,3,1,1,7,4736000,-45000,3,3,2,0,2,3,20,70,1,0,3,0,0,0,1,0,1
200600006298,6,2,11,2300,3,1,1,6,4747000,-37000,2,2,0,0,1,1,0,70,1,0,1,0,0,0,1,0,1
200600006299,6,2,13,630,3,1,1,1,4747400,-37100,2,2,2,0,1,1,0,72,1,0,1,0,0,0,2,0,1
200600006300,6,2,28,1845,2,1,1,5,4753000,-42000,2,4,3,0,1,1,0,107,1,0,1,0,1,1,2,0,1
200600006301,6,2,1,1045,1,1,5,4,4720500,-92200,3,2,2,0,0,1,0,90,1,0,1,0,1,0,2,0,1
200600006302,6,2,3,1130,1,1,1,1,4725700,-89700,6,1,0,0,2,1,0,90,1,0,0,0,1,0,1,0,1
200600006303,6,2,4,445,5,1,1,6,4718900,-69400,3,2,0,0,1,1,0,59,1,0,1,0,1,0,1,0,1
200600006304,6,2,27,545,3,1,8,6,4720700,-83600,3,2,2,1,2,1,0,90,1,0,1,0,1,0,0,1,1
200600006308,6,2,27,1230,1,2,1,3,4758400,-2000,3,2,2,0,2,1,0,49,1,0,1,0,1,0,2,1,1
200600006311,6,2,23,815,1,1,1,6,4740000,-13200,2,2,2,0,1,1,0,70,1,0,1,0,0,1,0,0,1
200600006312,6,2,27,1730,1,1,1,1,4738600,-5700,4,2,1,0,1,0,0,28,1,0,1,0,0,0,0,1,1
200600006316,6,2,8,1145,1,1,1,6,4763100,-71300,4,0,0,0,1,0,0,82,1,0,0,0,0,0,0,1,1
200600006317,6,2,26,600,3,1,1,6,4748000,-70900,3,2,0,0,1,1,0,0,1,0,1,0,1,0,1,0,1
200600006318,6,2,9,930,1,1,1,1,4760400,-48100,3,2,0,0,1,1,0,63,1,0,1,0,0,1,3,0,1
200600006319,6,2,23,1730,1,1,1,6,4770300,-53600,3,2,0,0,0,1,0,60,1,0,1,0,0,0,1,0,1
200600006321,6,2,16,530,3,1,2,1,4797700,-59400,3,2,2,0,1,1,0,75,2,0,1,0,1,1,0,0,1
200600006323,6,2,15,1545,1,2,8,3,4829300,-65300,3,2,2,0,1,1,0,55,2,5,1,0,1,0,1,0,1
200600006324,6,2,27,1445,1,1,1,2,4828200,-52600,3,2,2,0,1,1,0,63,1,0,1,0,0,0,1,1,1
200600006328,6,2,19,2145,3,6,1,6,4801600,31900,2,0,0,0,3,3,0,0,2,3,1,0,0,1,0,0,1
200600006329,6,2,9,1145,1,1,1,5,4808100,29900,3,2,2,0,1,1,0,71,1,0,1,0,3,0,1,1,1
200600006331,6,2,14,1215,1,1,2,5,4796100,9100,4,2,1,0,1,1,0,0,2,0,1,0,2,0,1,0,1
200600006332,6,2,14,745,2,1,1,1,4803800,7700,3,2,2,0,1,3,0,0,1,0,1,0,1,0,1,0,1
200600006336,6,2,13,2030,3,1,1,5,4810000,57000,2,2,3,0,1,1,0,93,1,0,1,0,1,0,1,2,1
200600006337,6,2,17,900,1,1,1,6,4814000,69000,3,2,2,0,4,1,0,0,2,0,3,0,0,0,1,0,1
200600006338,6,2,14,1400,1,1,1,6,4834000,-600,3,2,0,0,1,3,0,50,1,0,1,0,0,0,1,0,1
200600006341,6,2,9,745,1,1,5,1,4687800,-125800,3,2,2,0,1,1,0,50,7,0,1,0,0,0,1,1,1
200600006342,6,2,10,2345,3,1,1,1,4666400,-111500,3,2,0,0,2,1,0,0,1,0,1,0,0,0,1,5,1
200600006351,6,2,21,2145,3,1,1,6,4637200,-87300,3,2,2,0,1,1,0,76,1,0,2,0,2,0,1,0,1
200600006352,6,2,1,1015,1,9,5,3,4664400,-73700,3,2,2,0,1,1,0,68,2,5,1,0,1,1,0,0,1
200600006364,6,2,25,210,3,1,1,6,4517400,-59300,2,2,1,0,1,1,0,76,1,0,3,0,3,0,1,0,1
200600006365,6,2,28,1320,1,1,1,3,4515700,-59800,2,2,2,0,1,1,0,63,1,0,1,0,1,0,2,0,1
200600006366,6,2,9,1145,1,1,1,7,4488300,-38500,2,3,0,0,2,1,0,190,1,0,1,0,0,0,1,0,1
200600006367,6,2,14,845,1,1,1,6,4471600,-32500,3,2,0,0,0,2,0,0,0,0,0,0,0,0,1,0,1
200600006368,6,2,10,1600,1,1,1,3,4483100,-44300,6,0,0,0,1,0,0,0,0,0,1,0,1,0,1,0,1
200600006369,6,2,9,2115,3,1,1,6,4500400,-45900,3,2,2,0,0,1,62,0,1,0,3,0,1,0,1,0,1
200600006370,6,2,10,745,1,6,1,3,4455400,-24400,2,2,2,0,0,0,0,0,1,5,1,0,1,0,1,0,1
200600006372,6,2,1,1900,2,1,5,7,4521700,-87500,3,2,2,0,0,2,0,60,1,0,3,0,0,0,2,0,1
200600006374,6,2,2,315,3,1,1,6,4497400,-14500,3,2,2,0,1,4,0,50,1,0,3,0,0,1,0,0,1
200600006375,6,2,27,715,2,1,1,7,4510400,-400,3,2,2,0,0,0,0,0,0,0,0,0,0,0,1,0,1
200600006382,6,2,11,1100,1,1,1,6,4554000,102000,3,2,2,0,2,1,0,53,0,0,3,0,0,0,1,0,1
200600006383,6,2,10,1630,1,2,7,3,4502900,16100,3,2,2,0,1,1,0,0,1,5,1,0,2,0,1,0,1
200600006386,6,2,3,1030,1,1,2,7,4506700,116500,3,2,0,0,2,3,0,70,2,0,1,0,0,0,1,0,1
200600006391,6,2,8,1730,1,1,1,3,4354800,-110100,2,2,3,0,1,1,0,0,1,0,1,0,1,0,0,2,1
200600006392,6,2,10,1145,1,1,1,6,4351100,-112000,4,0,1,0,1,1,0,50,1,0,1,0,1,0,1,1,1
200600006393,6,2,11,1,3,1,1,6,4354200,-93200,2,2,2,0,1,1,0,74,1,0,3,0,0,1,0,0,1
200600006395,6,2,27,500,5,1,1,6,4366200,-143800,4,0,2,0,0,0,0,0,0,0,0,0,0,0,1,0,1
200600006396,6,2,8,1430,1,1,1,3,4352500,-142200,2,2,2,0,0,2,0,80,1,0,1,0,1,0,1,4,1
200600006400,6,2,20,1200,1,1,1,3,4397100,-31200,3,2,2,0,2,1,0,70,1,0,1,0,1,0,0,1,1
200600006403,6,2,22,1530,1,1,1,3,4413800,65700,4,2,2,0,1,1,0,37,1,0,0,0,1,0,1,0,1
200600006405,6,2,10,900,1,1,7,4,4425200,41100,3,2,2,0,1,3,0,76,1,0,1,0,1,0,0,3,1
200600006406,6,2,15,730,1,1,5,1,4429000,81300,3,2,2,0,1,1,0,58,1,0,1,0,3,0,0,1,1
200600006407,6,2,3,1315,1,3,8,3,4444500,25000,2,2,2,0,1,2,0,75,1,0,1,0,0,0,2,1,1
200600006408,6,2,11,245,3,1,1,7,4447200,20700,2,2,2,0,0,1,0,70,1,0,3,0,0,0,1,0,1
200600006409,6,2,24,2030,3,1,1,1,4446600,21900,2,2,0,0,1,1,0,75,1,0,1,0,1,0,1,0,1
200600006413,6,2,13,2030,3,1,1,4,4440300,105400,3,2,2,0,1,1,0,58,1,5,1,0,3,0,1,0,1
200600006414,6,2,3,600,3,1,1,7,4443800,53800,3,3,0,0,2,1,0,60,1,0,3,0,0,0,1,0,1
200600006422,6,2,8,2000,5,1,9,1,4349900,-129800,3,2,2,0,1,3,57,0,7,0,1,0,1,0,1,0,1
200600006429,6,2,11,2100,5,1,1,6,4661300,60400,3,2,0,0,0,1,0,59,1,0,1,0,0,0,1,1,1
200600006430,6,2,25,1700,1,1,1,2,4656900,59100,2,2,0,0,1,1,0,70,1,0,1,0,2,0,1,1,1
200600006444,6,2,18,1630,1,1,2,7,4575000,30800,9,2,2,0,4,2,0,49,2,0,1,0,0,0,1,0,1
200600006448,6,2,24,1345,1,2,1,1,4613100,-98300,3,2,0,0,1,1,0,60,1,5,1,0,1,0,1,0,1
200600006450,6,2,9,745,2,1,5,1,4582800,-106300,3,2,2,0,1,1,0,70,2,0,1,0,1,0,1,0,1
200600006457,6,2,22,1400,1,1,1,3,4569100,-67200,3,2,2,0,1,1,0,60,1,0,1,0,1,0,0,1,1
200600006461,6,2,2,1900,3,3,1,1,4587600,-35000,3,2,2,0,1,2,0,61,1,0,0,0,0,0,1,2,1
200600006462,6,2,25,1245,1,1,1,1,4580600,-46700,9,2,0,0,1,1,0,30,1,0,1,0,0,0,1,1,1
200600006463,6,2,9,1400,1,1,1,7,4660400,-49300,3,2,0,0,1,3,0,40,1,0,0,0,0,0,1,0,1
200600006465,6,2,14,1730,1,1,1,3,4636900,-30500,3,2,2,0,2,1,0,55,1,0,1,0,1,0,1,1,1
200600006466,6,2,25,1315,1,1,1,2,4641600,-19800,3,2,2,0,1,1,0,60,1,0,1,0,1,0,1,0,1
200600006473,6,2,22,730,5,6,2,6,4665000,-24800,4,1,0,0,2,2,70,32,2,5,1,0,1,0,0,1,1
200600006474,6,2,18,1630,1,1,1,6,4577900,121400,3,2,2,0,2,1,0,65,1,0,1,0,0,0,1,0,1
200600006475,6,2,26,1445,1,1,1,3,4599100,132900,3,2,2,0,1,1,0,80,1,0,1,0,0,0,1,1,1
200600006476,6,2,9,2100,3,1,1,7,4567200,156100,3,2,2,0,0,2,0,0,0,0,3,0,0,0,2,0,1
200600006477,6,2,1,1445,1,1,1,6,4604700,112300,2,2,2,0,0,1,0,76,1,0,1,0,1,0,1,0,1
200600006478,6,2,3,730,2,1,1,7,4599500,115400,2,2,2,0,1,1,0,78,1,0,3,0,0,1,0,0,1
200600006483,6,2,23,1600,1,2,1,2,4509800,199400,3,2,0,0,2,1,0,70,1,0,1,0,1,0,1,0,1
200600006484,6,2,24,1500,1,1,1,6,4533900,191200,2,2,2,0,0,0,0,40,0,0,1,0,0,0,1,0,1
200600006488,6,2,16,1300,1,1,2,6,4551600,243800,3,2,2,0,1,2,0,400,2,0,3,0,0,1,0,0,1
200600006489,6,2,25,2130,3,1,1,6,4621700,202100,3,2,2,0,1,1,0,56,1,0,3,0,4,0,1,0,1
200600006490,6,2,12,1615,1,9,1,3,4624000,149000,3,2,2,0,2,1,0,60,1,5,1,0,3,0,0,2,1
200600006491,6,2,22,845,1,1,1,6,4603600,226700,3,0,0,0,0,0,0,42,0,0,0,0,0,0,1,0,1
200600006492,6,2,6,2000,3,1,8,7,4581400,235400,3,2,1,0,1,1,0,60,2,0,3,0,0,0,0,1,1
200600006493,6,2,14,1615,1,1,1,2,4624000,232000,2,2,2,0,3,1,0,80,1,0,1,0,1,0,1,0,1
200600006494,6,2,28,2315,3,9,4,2,4628400,239500,2,2,2,0,1,1,0,115,7,3,1,0,1,2,2,0,1
200600006497,6,2,10,730,2,3,1,3,4359300,158300,2,2,3,3,2,1,12,97,1,5,1,0,0,0,2,0,1
200600006498,6,2,15,2030,5,1,3,6,4378800,134700,5,2,2,0,1,1,0,76,2,0,1,0,0,1,0,0,1
200600006500,6,2,16,830,1,1,2,7,4371900,123500,3,2,2,0,1,1,0,49,2,0,1,0,0,0,1,1,1
200600006501,6,2,13,1405,1,1,1,6,4360100,127800,3,2,0,0,1,1,0,58,1,2,3,0,0,0,0,1,1
200600006502,6,2,26,1900,3,3,1,3,4363800,123500,3,2,2,0,3,1,0,55,1,5,1,0,1,0,1,0,1
200600006504,6,2,3,1145,1,1,1,5,4373000,141000,3,2,2,0,1,2,0,70,1,0,1,0,2,0,1,0,1
200600006509,6,2,5,2300,3,1,1,6,4323900,137400,3,0,2,0,0,1,0,62,1,0,1,0,0,0,1,0,1
200600006510,6,2,11,445,3,1,1,6,4336800,120200,3,2,0,0,1,1,0,46,1,0,1,0,0,0,1,0,1
200600006511,6,2,19,400,5,1,1,6,4320600,101700,2,2,2,0,1,3,0,58,1,0,1,0,0,1,0,0,1
200600006513,6,2,25,1500,1,1,1,3,4284500,60600,3,2,3,0,2,2,0,134,1,0,1,0,2,0,1,0,1
200600006515,6,2,9,945,1,1,1,6,4305000,83000,3,2,1,0,1,2,0,59,1,0,3,3,0,0,1,0,1
200600006516,6,2,2,1530,1,1,1,1,4356100,157300,3,2,2,0,1,1,0,52,1,0,1,0,1,0,1,0,1
200600006517,6,2,7,1645,1,3,1,3,4346800,156800,2,2,2,0,0,1,0,70,1,5,1,0,1,0,1,1,1
200600006518,6,2,11,1400,1,1,7,3,4350600,161800,3,2,2,0,1,1,0,90,1,5,1,0,0,0,2,0,1
200600006519,6,2,26,215,5,2,1,3,4345200,159700,2,2,2,0,1,2,0,60,1,5,1,0,0,0,1,3,1
200600006521,6,2,8,1845,5,2,1,3,4310500,139100,3,2,0,0,1,1,0,80,1,5,1,0,0,0,0,2,1
200600006522,6,2,14,1100,1,3,1,1,4317000,141700,3,2,2,0,1,1,0,60,1,0,1,0,1,0,1,0,1
200600006524,6,2,10,1630,1,1,7,1,4299200,190800,3,2,2,0,0,1,0,62,1,0,1,0,1,0,1,0,1
200600006526,6,2,18,1730,1,1,1,6,4297200,187300,3,2,0,0,0,3,0,60,1,0,1,0,1,0,1,0,1
200600006528,6,2,18,50,3,1,8,6,4437000,287200,2,2,2,0,1,1,0,75,2,0,1,0,1,1,0,0,1
200600006529,6,2,28,1945,3,1,2,1,4444700,270700,3,2,2,0,4,3,0,76,2,0,1,0,1,0,1,0,1
200600006533,6,2,20,2045,3,1,2,5,4435000,298500,2,2,2,0,2,2,0,76,2,0,3,0,2,2,2,0,1
200600006539,6,2,9,745,2,9,2,3,4395900,38800,3,2,2,0,3,1,0,63,2,0,1,0,1,0,0,1,1
200600006541,6,2,15,1315,1,1,2,7,4385100,24000,3,2,2,0,1,3,0,62,1,0,3,0,0,0,0,1,1
200600006542,6,2,28,1600,1,1,1,7,4376100,-3600,2,2,2,0,1,1,0,64,1,0,4,0,2,0,1,0,1
200600006545,6,2,9,1830,2,1,1,6,4355200,47200,2,2,0,0,1,3,0,70,2,0,3,0,0,0,1,0,1
200600006546,6,2,26,1545,1,2,1,3,4338300,71300,3,2,2,0,1,1,0,60,1,0,1,0,0,0,2,0,1
200600006548,6,2,10,1615,1,1,1,7,4427800,144700,4,2,1,0,2,2,0,0,9,0,1,0,0,0,1,0,1
200600006552,6,2,6,2000,5,1,1,1,4319700,9100,3,2,2,0,0,1,0,57,1,0,1,0,0,0,2,0,1
200600006554,6,2,25,1700,1,1,1,1,4294000,20000,3,2,2,0,2,3,0,61,1,1,1,0,0,0,0,2,1
200600006557,6,2,12,1515,1,1,1,6,4367700,180700,3,2,2,0,2,2,0,56,1,0,3,0,0,0,1,0,1
200600006559,6,2,14,1100,1,1,1,3,4396400,187100,3,2,2,0,1,3,0,63,1,5,1,0,1,0,1,0,1
200600006560,6,2,25,1030,1,1,1,3,4391900,169300,3,2,3,0,0,1,0,101,1,5,0,0,2,1,0,0,1
200600006561,6,2,5,530,3,1,1,1,4351700,232500,2,2,1,0,1,1,0,70,1,0,1,0,1,0,0,1,1
200600006562,6,2,5,540,3,1,1,1,4351700,232800,2,2,1,0,1,1,0,70,1,0,1,0,2,0,0,1,1
200600006563,6,2,18,1615,1,1,1,5,4352200,230800,2,2,2,0,1,1,0,70,1,0,1,0,5,0,1,0,1
200600006566,6,2,5,415,3,1,1,6,4433300,95600,3,2,2,0,1,1,0,0,1,0,3,0,0,0,0,1,1
200600006568,6,2,10,1800,1,1,1,1,4396500,124200,3,2,2,0,1,1,0,76,1,0,1,0,1,0,1,0,1
200600006569,6,2,16,615,3,2,1,3,4393100,122200,2,2,2,0,0,1,70,0,1,0,1,0,1,0,2,0,1
200600006576,6,2,3,1530,1,1,1,3,4571900,515600,3,2,2,0,1,1,0,60,1,0,1,0,1,0,1,0,1
200600006586,6,2,15,1545,1,1,2,3,4611200,475100,3,2,0,0,1,1,0,0,2,0,1,0,1,0,0,1,1
200600006587,6,2,24,1900,5,1,1,6,4606500,472700,3,2,0,0,0,1,0,60,1,0,1,0,0,0,0,1,1
200600006588,6,2,6,1930,3,1,1,1,4592000,461600,3,2,2,0,1,2,0,0,1,0,1,0,1,0,2,0,1
200600006600,6,2,1,1830,3,1,1,1,4625500,611400,3,2,2,0,1,1,0,71,1,0,1,0,1,0,2,0,1
200600006605,6,2,10,2045,3,1,9,5,4601000,475200,3,2,0,0,1,1,0,0,7,0,1,0,1,0,3,0,1
200600006606,6,2,22,45,5,1,1,1,4430500,457200,4,0,2,0,1,2,0,60,1,0,1,0,1,0,3,0,1
200600006610,6,2,2,1230,1,1,1,3,4440900,412900,3,2,2,0,1,1,0,190,2,5,1,0,1,0,0,1,1
200600006612,6,2,10,1815,3,1,1,1,4501000,483000,2,2,2,0,1,2,0,97,1,0,1,0,0,0,2,0,1
200600006615,6,2,15,930,1,1,2,6,4516200,463000,3,2,2,0,1,3,0,72,8,0,3,0,0,0,2,0,1
200600006618,6,2,11,1715,2,2,1,3,4486000,492200,3,2,2,0,1,1,0,56,1,0,1,0,1,0,1,0,1
200600006623,6,2,21,1430,1,1,1,3,4533000,498500,3,2,2,0,1,1,0,74,1,0,1,0,7,0,1,0,1
200600006624,6,2,7,830,1,1,8,2,4506000,524000,2,2,0,0,1,3,0,71,1,0,1,0,1,0,1,0,1
200600006628,6,2,14,1715,1,1,1,1,4512800,570100,2,2,2,0,1,1,0,200,1,5,1,3,1,0,1,0,1
200600006632,6,2,11,545,5,1,9,3,4516000,532400,9,2,2,0,2,1,0,62,0,0,1,0,1,0,1,0,1
200600006633,6,2,6,700,1,1,9,1,4534100,548400,3,2,2,0,2,3,0,70,7,0,3,0,1,0,1,0,1
200600006634,6,2,11,1845,3,1,1,6,4534500,543100,3,2,2,0,1,1,0,60,1,0,3,0,0,0,1,0,1
200600006635,6,2,25,15,3,1,1,6,4541800,554200,4,2,1,0,0,0,0,33,1,0,3,0,0,0,1,0,1
200600006638,6,2,17,1700,1,1,1,7,4569000,528600,3,2,2,0,1,2,0,68,1,0,3,0,0,1,1,0,1
200600006639,6,2,16,1345,1,1,2,1,4583600,532300,3,2,2,0,1,3,0,67,2,0,1,0,0,0,2,0,1
200600006640,6,2,21,1915,3,1,1,5,4586800,538500,2,2,2,0,0,1,0,70,1,0,1,0,2,0,1,0,1
200600006641,6,2,23,1700,1,6,1,6,4581200,540300,2,2,0,0,0,0,0,0,0,0,3,0,0,0,0,1,1
200600006642,6,2,7,1600,1,1,2,3,4570000,550400,3,2,2,0,3,4,60,0,2,0,0,0,1,0,0,1,1
200600006643,6,2,8,1930,3,1,2,2,4559300,561100,3,2,2,0,1,1,0,0,2,0,1,0,1,0,0,1,1
200600006645,6,2,15,745,1,3,1,3,4550900,491200,3,2,2,0,3,1,0,0,1,0,1,0,1,0,0,1,1
200600006652,6,2,9,1100,1,1,2,7,4538900,486900,4,2,0,0,1,1,0,62,2,0,0,0,0,1,0,0,1
200600006653,6,2,20,945,1,1,1,1,4531600,481000,2,2,3,0,1,1,0,0,2,0,1,0,0,3,2,0,1
200600006654,6,2,1,1200,1,9,1,5,4564400,508900,3,2,2,0,0,2,0,70,1,0,1,0,0,0,2,1,1
200600006656,6,2,27,1900,3,1,1,1,4565100,511200,3,2,2,0,1,1,0,100,1,0,1,0,1,0,1,2,1
200600006657,6,2,27,1200,1,1,1,1,4534000,440100,3,2,2,0,0,1,0,55,1,0,1,0,2,0,0,1,1
200600006660,6,2,12,100,5,1,1,1,4554700,417800,3,2,2,0,1,2,0,74,1,0,1,0,1,0,2,1,1
200600006663,6,2,18,1230,1,1,1,7,4538400,411100,3,2,2,0,1,1,0,61,1,0,1,0,0,0,1,0,1
200600006664,6,2,24,1545,1,1,8,7,4543400,399200,3,2,2,0,0,0,0,60,0,0,0,0,0,0,1,0,1
200600006666,6,2,4,1845,5,1,1,3,4549000,457600,3,2,1,0,1,1,0,90,1,0,1,0,0,0,0,3,1
200600006674,6,2,1,2030,3,1,1,7,4560500,571300,3,2,2,0,2,4,0,67,1,0,1,0,1,0,1,0,1
200600006675,6,2,20,1600,1,1,1,1,4552300,585400,2,2,2,0,1,0,0,73,1,0,1,0,1,0,2,0,1
200600006676,6,2,22,1515,1,1,1,1,4544200,575700,2,2,2,0,0,1,0,70,1,0,1,0,1,0,1,0,1
200600006677,6,2,3,1300,1,1,1,3,4575500,641300,4,2,2,0,2,1,0,71,1,0,1,0,1,0,1,0,1
200600006686,6,2,8,1815,3,1,2,1,4590200,622000,3,2,3,0,1,1,27,71,2,0,1,0,0,0,2,0,1
200600006690,6,2,10,1630,1,1,1,2,4607700,656800,3,2,2,1,1,1,0,0,1,0,1,0,1,0,1,1,1
200600006691,6,2,17,2300,5,1,4,4,4604900,662300,3,2,2,0,2,2,0,64,5,0,1,0,8,0,1,0,1
200600006695,6,2,16,1700,1,2,8,3,4607600,630700,4,1,1,0,1,1,0,80,2,5,1,0,1,0,1,0,1
200600006699,6,2,15,1045,1,1,1,6,4611200,597000,2,2,2,0,1,1,0,65,1,5,4,3,0,1,0,0,1