Num_Acc,an,mois,jour,hrmn,lum,int,atm,col,lat,long,catr,circ,nbv,vosp,prof,plan,lartpc,larrout,surf,infra,situ,env1,unscathed,killed,hospital,light,chance
200600006700,6,2,5,1645,1,1,1,3,4628600,625600,2,2,2,0,0,3,0,74,1,0,1,0,1,0,2,1,1
200600006709,6,2,17,1800,1,1,2,7,4555300,316300,3,2,2,0,1,3,0,0,2,0,3,0,0,1,0,0,1
200600006710,6,2,19,1700,1,3,2,3,4555300,325100,9,2,2,0,1,1,0,65,2,0,1,0,3,0,0,1,1
200600006711,6,2,27,1645,1,1,1,1,4552500,277200,3,0,2,0,2,4,0,80,1,0,1,0,4,0,1,1,1
200600006713,6,2,28,1900,3,1,4,1,4601300,317200,3,2,2,0,1,3,0,62,5,0,1,0,1,0,0,3,1
200600006714,6,2,5,2015,5,1,1,6,4583000,336800,2,2,2,0,1,1,0,75,1,0,3,0,0,0,1,0,1
200600006715,6,2,19,2000,3,9,1,7,4586000,334700,3,2,0,0,1,2,0,56,1,0,3,0,0,0,1,0,1
200600006716,6,2,19,410,3,1,1,1,4592500,334200,3,2,2,0,1,1,0,50,9,0,1,0,4,0,0,1,1
200600006718,6,2,17,2030,5,1,2,1,4638400,247700,3,2,2,0,1,2,0,56,2,0,1,0,0,0,3,0,1
200600006720,6,2,8,1630,1,1,2,1,4608200,344200,3,2,2,0,0,2,0,0,2,0,1,0,1,0,1,0,1
200600006721,6,2,4,30,3,1,1,7,4608000,325700,3,2,0,0,1,3,0,0,1,0,1,0,0,0,2,0,1
200600006722,6,2,17,730,1,1,1,1,4611000,310000,3,2,2,0,1,1,0,60,1,0,1,0,0,0,1,2,1
200600006725,6,2,12,545,3,1,1,6,4484800,213900,3,2,2,0,1,2,0,50,1,0,0,0,0,1,2,0,1
200600006727,6,2,21,1745,1,1,1,7,4499800,386900,2,2,1,0,2,1,0,78,1,5,3,0,0,0,1,1,1
200600006728,6,2,10,1900,3,1,9,6,4483000,386000,2,2,2,0,1,1,0,73,5,0,3,0,0,0,1,0,1
200600006729,6,2,10,2130,3,1,6,6,4483400,386600,2,2,2,0,0,1,0,60,5,0,1,0,0,0,1,0,1
200600006731,6,2,21,1100,1,1,1,7,4485000,385000,3,2,0,0,0,3,0,55,5,0,0,0,0,1,1,0,1
200600006733,6,2,24,1515,1,1,1,1,4512800,400100,3,2,2,0,2,3,0,56,1,0,1,0,1,1,0,0,1
200600006736,6,2,16,1545,1,1,7,6,4533500,384700,3,2,2,0,1,2,0,70,1,6,1,0,1,0,1,0,1
200600006737,6,2,2,1100,1,2,1,3,4509000,363000,3,2,2,0,0,1,0,0,1,0,0,0,1,0,0,2,1
200600006738,6,2,8,815,1,1,1,1,4537700,329200,2,0,2,0,1,1,0,71,1,0,1,0,0,1,1,0,1
200600006739,6,2,14,1530,1,1,1,1,4537700,334900,3,2,2,0,1,4,0,64,8,0,1,0,0,0,2,0,1
200600006740,6,2,25,1700,1,1,1,7,4536400,335500,3,2,2,0,1,1,0,0,1,0,3,0,0,0,1,0,1
200600006744,6,2,9,1300,1,1,4,3,4923400,602100,3,2,1,0,1,4,0,0,2,4,1,0,1,0,0,1,1
200600006754,6,2,2,745,2,1,5,1,4881200,668500,3,2,2,0,1,1,0,65,1,0,1,0,0,1,1,0,1
200600006767,6,2,9,45,3,1,9,7,4850800,671000,3,2,2,0,2,3,0,0,7,0,1,0,0,0,0,1,1
200600006772,6,2,19,615,3,1,1,6,4887900,544400,3,2,2,0,2,4,0,54,2,0,0,0,0,1,1,2,1
200600006773,6,2,17,330,3,1,2,7,4926000,566600,2,2,2,0,0,1,0,72,2,0,3,0,1,0,1,0,1
200600006781,6,2,22,1945,3,1,1,3,4821900,602200,3,0,2,0,2,1,0,64,1,0,1,0,1,1,0,0,1
200600006782,6,2,4,715,1,1,1,6,4799100,672300,3,2,2,0,0,1,0,70,1,0,1,0,0,0,1,0,1
200600006784,6,2,2,1615,1,1,1,6,4793500,669800,4,2,0,0,2,4,0,25,9,0,1,0,1,0,1,0,1
200600006785,6,2,20,945,1,7,2,6,4788800,685400,6,0,1,0,1,0,0,80,2,0,1,0,0,0,1,1,1
200600006789,6,2,9,1430,1,1,8,2,4850100,768900,2,3,2,0,0,1,15,84,1,0,1,0,1,0,0,2,1
200600006792,6,2,6,1115,1,1,1,3,4876800,785300,3,2,3,0,1,1,0,106,1,5,1,0,4,0,1,1,1
200600006793,6,2,7,1745,3,1,2,1,4853500,745500,2,3,0,0,1,1,0,70,2,0,1,0,0,0,3,0,1
200600006797,6,2,2,915,1,3,2,3,4891700,741200,3,2,2,0,1,1,0,65,2,5,1,3,1,0,1,1,1
200600006798,6,2,10,1515,3,1,9,7,4884800,719900,3,2,0,0,0,1,0,61,7,0,3,0,0,0,1,0,1
200600006800,6,2,9,600,3,1,9,7,4870300,748100,3,2,0,0,1,4,0,60,7,0,3,0,0,0,1,0,1
200600006802,6,2,1,1215,1,1,8,1,4864400,760600,3,2,0,0,2,1,0,40,1,0,1,0,1,0,1,0,1
200600006804,6,2,24,2145,3,1,1,1,4861600,755400,2,2,3,3,1,1,0,105,1,0,1,0,0,0,3,0,1
200600006805,6,2,5,1630,1,1,1,1,4872900,780300,3,2,0,0,0,1,0,0,2,0,1,0,2,0,1,1,1
200600006807,6,2,18,1545,1,1,1,1,4827100,753600,3,2,2,0,1,0,0,73,1,0,1,0,1,0,1,0,1
200600006808,6,2,25,1200,1,1,1,3,4820000,757000,3,2,2,0,1,4,0,62,1,0,1,0,1,0,1,0,1
200600006809,6,2,27,1415,1,1,7,6,4822400,759000,3,2,2,0,1,1,0,60,1,0,3,0,0,0,1,0,1
200600006810,6,2,8,2300,3,1,9,1,4890200,805000,3,2,2,0,1,2,0,65,7,0,1,0,1,1,0,0,1
200600006811,6,2,22,1800,3,9,1,7,4894000,772000,3,2,2,0,1,1,60,0,9,0,1,0,0,0,1,0,1
200600006812,6,2,23,2100,3,1,1,5,4814600,718000,3,2,0,0,0,1,0,0,1,0,0,0,1,0,1,1,1
200600006813,6,2,3,615,3,1,5,3,4800700,753800,3,2,2,0,1,1,0,0,7,0,1,0,1,0,1,0,1
200600006814,6,2,19,515,3,1,1,7,4802700,751300,2,2,2,0,2,1,0,0,1,2,1,0,1,0,1,0,1
200600006815,6,2,23,2300,5,1,1,1,4808800,748700,3,2,2,0,1,3,0,62,1,0,1,0,2,1,0,0,1
200600006816,6,2,24,1330,1,1,1,1,4818800,733900,3,2,2,0,1,3,0,61,1,0,1,0,0,0,0,2,1
200600006817,6,2,2,1730,2,9,5,1,4809000,731500,4,2,2,0,0,1,0,80,0,0,1,0,2,0,1,0,1
200600006818,6,2,11,1530,1,1,1,1,4807900,724300,3,2,2,0,1,1,0,62,1,0,1,0,1,0,1,0,1
200600006820,6,2,3,1645,1,1,8,1,4765500,726500,3,2,2,0,1,1,0,96,1,0,1,0,0,0,1,4,1
200600006821,6,2,17,1900,5,1,3,6,4766000,727600,3,2,2,0,2,1,0,86,2,5,1,0,1,0,1,0,1
200600006823,6,2,24,1300,1,1,8,6,4750700,742900,3,2,2,0,2,2,0,58,2,0,1,0,0,0,0,1,1
200600006824,6,2,1,715,2,1,5,6,4787600,737400,3,2,2,0,1,2,0,70,2,0,1,0,0,0,1,1,1
200600006825,6,2,24,645,2,1,1,2,4796800,737200,3,2,2,0,1,1,0,70,1,0,1,0,1,0,1,0,1
200600006826,6,2,28,1015,1,1,9,3,4787200,734400,9,2,2,0,1,1,0,72,2,0,1,0,0,0,1,2,1
200600006827,6,2,23,1430,1,1,5,1,4800900,721100,3,2,0,0,2,3,0,51,2,0,0,0,1,0,0,1,1
200600006828,6,2,16,745,1,1,1,3,4777600,736200,3,4,3,2,1,1,0,130,2,0,1,0,1,0,0,1,1
200600006830,6,2,3,1700,1,1,1,1,4762500,755400,3,2,2,0,1,4,0,60,2,0,1,0,0,0,4,0,1
200600006832,6,2,24,1230,1,1,1,1,4781500,710200,4,2,1,0,1,1,0,86,1,0,1,3,1,0,0,1,1
200600006834,6,2,15,1500,2,1,3,1,4899500,424500,3,2,2,0,1,1,72,0,2,0,1,0,1,1,0,0,1
200600006835,6,2,3,1445,1,1,1,3,4873000,390500,3,2,2,0,1,1,0,78,1,0,1,0,1,0,0,1,1
200600006836,6,2,5,1500,1,1,1,1,4874400,414900,2,2,2,0,1,1,0,74,1,0,1,0,0,4,1,0,1
200600006837,6,2,24,2030,5,2,2,3,4887700,353900,3,2,2,0,2,2,0,0,2,5,1,0,1,0,1,0,1
200600006838,6,2,2,730,2,1,8,7,4870100,365000,3,2,2,0,1,1,0,45,7,0,1,0,0,0,1,0,1
200600006839,6,2,6,800,2,2,1,3,4862100,360800,3,2,2,0,1,1,0,121,1,5,1,0,2,0,0,1,1
200600006840,6,2,13,1500,1,1,2,3,4857300,365500,3,2,2,0,3,1,0,60,2,0,1,0,0,0,2,0,1
200600006841,6,2,23,1315,1,1,1,6,4868500,371600,3,2,2,0,2,1,0,70,1,0,1,0,1,0,1,0,1
200600006847,6,2,7,1715,2,1,8,7,4915100,469300,3,2,2,0,1,1,0,60,1,0,3,0,0,0,1,0,1
200600006848,6,2,20,1345,1,1,1,7,4891900,482300,3,2,1,0,4,1,63,60,1,0,3,0,0,0,1,0,1
200600006849,6,2,24,1815,1,1,1,1,4976300,478200,3,2,2,0,2,1,0,49,1,0,1,0,1,1,0,0,1
200600006851,6,2,9,1145,1,1,4,6,4995300,465000,3,2,2,0,1,2,0,80,5,0,1,0,1,0,1,0,1
200600006854,6,2,2,830,1,1,5,1,4935300,437500,3,2,2,0,1,3,0,64,7,0,1,0,1,0,1,0,1
200600006855,6,2,12,5,3,1,1,7,4944200,417300,3,2,2,0,1,2,0,53,1,0,3,0,0,1,0,0,1
200600006856,6,2,11,1545,1,1,1,1,4953100,429800,3,2,0,0,1,1,0,60,1,0,1,0,1,0,0,1,1
200600006857,6,2,21,2055,5,1,1,2,4953000,447700,3,2,2,0,1,1,0,77,1,0,1,0,1,0,1,0,1
200600006858,6,2,20,2215,5,1,2,6,4866600,422000,3,2,0,0,0,2,0,0,2,0,0,0,0,1,1,0,1
200600006860,6,2,1,700,3,1,9,3,4824000,444000,2,2,0,0,1,1,0,76,1,0,1,0,2,0,1,0,1
200600006862,6,2,15,930,1,1,3,3,4840600,375100,3,2,2,0,1,1,64,64,2,0,1,0,0,1,1,0,1
200600006863,6,2,17,1915,5,1,1,3,4859000,354700,3,2,0,3,1,1,65,35,1,5,1,0,3,0,1,0,1
200600006865,6,2,9,1000,1,1,4,6,4803800,521200,3,2,2,0,2,2,0,43,5,0,1,0,0,0,1,0,1
200600006866,6,2,11,300,3,1,9,6,4810400,494600,3,2,0,0,1,1,59,0,7,0,3,0,0,0,1,0,1
200600006867,6,2,5,2230,3,1,1,6,4824500,560900,3,0,2,0,0,1,0,68,2,0,3,0,0,0,1,0,1
200600006869,6,2,19,315,3,1,1,7,4824600,511900,2,3,4,0,0,1,74,0,1,0,3,0,0,0,1,0,1
200600006872,6,2,10,1830,3,1,1,5,4854800,483200,3,2,2,0,3,1,0,69,1,0,1,0,3,0,3,0,1
200600006873,6,2,11,500,5,1,2,6,4859400,486500,3,2,2,0,1,3,0,62,2,0,4,0,2,0,0,1,1
200600006876,6,2,21,1500,1,1,4,4,4708300,476400,1,2,2,0,2,2,20,80,5,0,1,0,3,0,2,0,1
200600006877,6,2,13,930,1,1,4,3,4727000,513200,3,2,2,0,1,1,0,75,2,2,1,0,1,1,0,0,1
200600006878,6,2,17,1600,1,3,1,3,4721900,517900,3,2,2,0,0,1,0,0,2,0,1,0,1,0,1,2,1
200600006880,6,2,20,245,3,1,2,6,4730500,528800,3,2,2,0,1,1,0,0,2,0,1,0,0,1,0,0,1
200600006881,6,2,14,715,2,1,5,7,4749700,520900,3,2,2,0,1,1,0,61,2,0,3,0,0,0,1,0,1
200600006882,6,2,12,700,2,1,1,3,4737400,473900,3,2,2,0,1,1,0,95,1,0,4,0,2,0,1,0,1
200600006883,6,2,24,850,1,1,1,3,4704500,490700,3,2,0,0,0,0,0,100,1,5,0,0,0,0,2,0,1
200600006884,6,2,11,1915,5,3,1,1,4711100,525900,3,2,2,0,1,1,0,60,1,5,1,0,1,1,1,0,1
200600006885,6,2,9,545,3,1,8,7,4792900,452800,3,2,2,0,1,3,0,52,7,2,3,0,0,1,0,0,1
200600006887,6,2,23,1145,1,1,1,1,4749900,435700,3,2,2,0,1,1,0,64,1,0,1,0,1,1,0,0,1
200600006890,6,2,18,1745,2,1,2,1,4689600,315500,2,2,0,0,1,1,0,70,2,0,1,0,3,0,3,0,1
200600006891,6,2,21,1830,1,1,1,3,4690300,315700,2,2,3,0,2,1,0,110,1,0,1,0,3,0,2,1,1
200600006892,6,2,10,1,5,1,9,7,4746400,352400,2,2,2,0,1,1,0,60,7,2,1,0,0,0,1,0,1
200600006898,6,2,11,2140,3,1,1,7,4726200,305000,3,2,2,0,1,3,0,44,1,0,3,0,0,0,1,0,1
200600006899,6,2,10,2030,3,1,1,7,4749700,314500,3,2,2,0,2,3,0,60,1,0,1,0,0,0,1,0,1
200600006900,6,2,26,1745,2,1,1,7,4644000,466000,3,2,2,0,1,3,0,61,1,0,1,0,0,0,1,0,1
200600006901,6,2,12,1615,1,1,1,6,4690500,445400,4,2,0,0,1,1,0,47,1,0,1,0,1,0,1,0,1
200600006905,6,2,18,2045,3,1,2,7,4681900,506800,3,2,0,0,1,3,0,0,2,0,1,0,3,0,2,0,1
200600006907,6,2,17,1830,5,1,1,3,4644400,430300,3,2,2,0,1,1,0,65,1,3,1,0,4,0,1,0,1
200600006909,6,2,13,1000,1,1,4,3,4654600,396400,3,2,2,0,1,1,0,58,5,0,1,0,2,0,1,0,1
200600006914,6,2,16,915,2,1,1,6,4788100,353100,3,2,2,0,1,1,0,60,1,0,1,0,1,1,0,0,1
200600006918,6,2,11,1730,1,1,1,2,4752600,326100,9,2,2,0,1,1,0,42,1,0,1,0,3,0,2,0,1
200600006919,6,2,16,1600,1,1,2,7,4771200,326500,3,2,2,0,1,2,0,63,2,0,3,0,0,1,0,0,1
200600006920,6,2,17,1130,1,1,1,1,4768500,325600,3,0,2,0,2,2,0,67,1,0,1,0,2,0,1,0,1
200600006921,6,2,5,1830,3,1,1,2,4795000,347000,2,2,2,0,1,1,0,104,1,0,1,0,2,0,0,2,1
200600006922,6,2,2,1830,3,1,1,1,4798100,323600,3,0,0,0,1,1,0,0,1,0,1,0,0,0,2,0,1
200600006924,6,2,2,630,2,4,5,1,4710300,665800,3,2,2,0,1,2,0,55,1,0,1,0,0,0,1,1,1
200600006928,6,2,20,200,3,1,9,6,4714000,643000,3,3,2,0,2,2,0,0,7,0,1,0,0,0,1,0,1
200600006929,6,2,8,1545,1,1,4,5,4672500,621100,3,2,2,0,1,1,0,59,5,0,1,0,3,1,2,0,1
200600006930,6,2,21,1330,1,1,1,1,4704800,670400,3,2,2,0,2,3,0,46,7,0,1,0,1,0,1,0,1
200600006933,6,2,25,1500,1,1,1,3,4726100,556000,3,2,0,0,1,1,0,73,1,5,1,0,1,0,1,0,1
200600006934,6,2,26,1,3,4,1,1,4649000,572000,3,2,2,0,3,1,0,87,1,0,0,0,1,0,1,3,1
200600006936,6,2,20,1815,3,1,9,7,4645000,597000,3,2,1,0,2,1,0,60,7,0,1,0,0,0,1,0,1
200600006937,6,2,12,915,1,1,1,1,4639800,597500,3,2,2,0,1,1,0,60,1,0,1,0,4,0,1,0,1
200600006938,6,2,28,1030,1,1,4,1,4786900,584800,3,2,2,0,0,2,0,45,7,0,0,0,1,0,1,0,1
200600006939,6,2,12,1630,1,9,1,3,4752200,600500,3,0,0,0,1,0,0,0,0,0,0,0,2,0,1,2,1
200600006944,6,2,12,500,3,1,1,6,4773200,683300,3,2,2,0,1,1,0,70,1,0,1,0,1,1,0,0,1
200600006948,6,2,14,925,1,1,1,3,4364000,559000,4,2,1,0,1,1,0,69,1,0,1,0,1,0,1,0,1
200600006949,6,2,27,1645,1,1,1,1,4344700,537800,4,2,0,0,1,1,0,55,1,0,1,0,1,0,1,0,1
200600006950,6,2,15,430,3,1,1,6,4365000,469600,2,3,2,0,1,1,20,74,0,0,3,0,0,1,0,0,1
200600006952,6,2,13,1600,1,1,1,3,4388400,491600,2,2,2,0,1,1,0,70,1,0,1,0,1,0,0,2,1
200600006959,6,2,15,1745,2,1,2,7,4336400,566100,3,2,2,0,1,1,0,46,2,0,3,0,2,1,1,0,1
200600006966,6,2,25,1015,1,1,1,2,4349400,521900,2,3,1,0,1,1,118,92,1,5,1,0,2,0,1,0,1
200600006969,6,2,5,530,3,1,1,6,4378600,582300,3,2,0,0,4,3,0,69,1,0,0,0,0,0,4,1,1
200600006970,6,2,25,1445,1,1,1,1,4402600,593100,2,2,2,0,1,1,0,71,1,0,1,0,1,2,0,0,1
200600006971,6,2,12,1545,1,1,1,6,4396400,638100,2,2,2,0,1,1,0,62,1,0,1,0,1,0,1,1,1
200600006974,6,2,4,1540,1,1,1,2,4388600,585500,2,2,2,0,4,1,0,100,1,0,1,0,1,0,0,3,1
200600006975,6,2,8,910,1,6,1,3,4389800,587100,4,2,2,0,2,1,0,65,1,5,1,0,2,0,0,1,1
200600006976,6,2,9,845,1,1,1,2,4390100,587900,2,2,2,0,1,1,0,70,1,0,1,0,3,0,0,1,1
200600006977,6,2,9,1530,1,1,6,3,4388300,566700,3,2,2,0,2,1,0,55,1,0,1,0,0,0,0,3,1
200600006981,6,2,17,1015,1,1,4,3,4501400,666000,3,2,2,0,1,3,0,57,5,0,1,0,1,0,1,3,1
200600006982,6,2,25,1415,1,1,1,4,4504800,628800,2,2,2,0,2,3,0,71,1,0,1,0,8,0,1,2,1
200600006984,6,2,24,145,5,1,1,6,4375300,727700,4,2,0,0,0,3,0,56,1,0,1,0,0,0,3,0,1
200600006985,6,2,23,700,1,1,1,1,4377200,733300,3,2,2,0,1,1,0,124,1,0,1,0,1,0,1,0,1
200600006987,6,2,4,1145,1,1,1,7,4371000,685000,3,2,2,0,2,1,0,45,1,0,3,0,0,0,1,0,1
200600006988,6,2,14,1315,1,1,4,3,4376800,677700,4,2,0,0,4,2,0,50,5,0,1,0,1,0,1,0,1
200600006989,6,2,18,1545,1,1,1,3,4377800,684000,3,2,2,0,1,4,0,60,2,0,1,0,1,0,1,0,1
200600006991,6,2,11,1845,5,1,1,1,4369300,712700,3,2,2,0,2,1,0,110,1,0,1,3,1,0,1,0,1
200600006995,6,2,7,800,1,1,1,3,4373600,738400,3,2,2,0,2,1,0,70,1,0,1,0,1,0,1,0,1
200600006997,6,2,16,1130,1,1,2,7,4395700,716000,3,2,2,0,1,3,0,71,0,0,1,0,0,1,1,1,1
200600007003,6,2,4,1315,1,1,1,6,4326300,610900,2,0,0,0,0,0,0,0,0,0,0,0,0,0,0,1,1
200600007009,6,2,10,2230,5,1,1,6,4326700,660700,2,2,2,0,1,4,0,77,1,0,3,0,0,1,1,0,1
200600007010,6,2,23,900,1,1,1,1,4324300,660200,3,2,0,0,1,1,0,64,1,0,1,0,0,0,4,0,1
200600007012,6,2,5,1430,1,1,1,6,4325400,606900,3,2,0,0,0,2,0,74,1,0,3,0,0,1,0,0,1
200600007013,6,2,13,1400,1,1,1,5,4324000,610400,3,3,0,0,1,1,0,53,1,5,1,0,1,0,2,0,1
200600007015,6,2,9,2200,3,1,1,1,4312600,607400,3,2,0,2,1,1,0,70,1,0,1,0,1,0,2,0,1
200600007018,6,2,4,230,5,1,1,6,4316000,604500,4,2,0,0,1,3,0,63,1,0,3,0,0,0,2,0,1
200600007019,6,2,18,1545,1,1,1,3,4317700,604100,3,3,2,0,1,1,10,70,1,0,1,0,1,0,2,1,1
200600007020,6,2,24,1615,1,1,1,1,4318200,604700,2,2,0,0,0,1,0,75,1,0,1,0,2,0,1,0,1
200600007022,6,2,8,1115,1,6,1,2,4393200,505300,4,1,1,1,1,2,150,67,1,0,1,3,1,0,1,0,1
200600007024,6,2,16,830,1,1,2,7,4377400,550000,3,2,0,0,1,1,0,52,2,0,3,0,0,1,2,2,1
200600007025,6,2,21,1400,1,1,1,6,4373000,549700,3,2,0,0,2,1,0,63,1,0,3,0,0,0,3,0,1
200600007029,6,2,9,830,2,1,1,1,4408100,536400,4,2,0,0,2,3,0,28,1,0,1,0,1,0,1,0,1
200600007030,6,2,14,1715,1,1,1,6,4408200,545100,3,2,2,0,2,2,0,56,1,0,3,0,1,0,1,0,1
200600007032,6,2,12,530,5,1,1,6,4428100,476200,3,2,2,0,1,2,0,0,1,0,4,0,0,1,0,0,1
200600007033,6,2,23,1230,1,1,1,3,4423100,471400,2,2,0,0,1,3,0,80,1,0,1,0,1,0,1,0,1
200600007035,6,2,4,1100,1,1,1,7,4436300,491300,4,0,0,0,1,1,40,0,1,0,1,0,1,0,1,0,1
200600007040,6,2,3,1300,1,1,1,3,4367900,413500,9,0,2,0,1,1,0,0,1,0,1,3,2,0,2,0,1
200600007042,6,2,8,1445,1,1,1,3,4365700,411200,3,2,2,0,1,1,1,61,1,0,1,0,2,0,1,1,1
200600007048,6,2,18,1100,1,1,1,1,4379300,376000,3,2,0,0,0,1,60,60,1,0,1,0,1,0,1,0,1
200600007050,6,2,27,1900,2,1,1,1,4323700,325100,3,2,2,0,1,2,0,70,1,0,1,0,1,0,1,0,1
200600007051,6,2,2,1230,1,2,1,3,4356000,352700,3,2,2,0,1,1,0,47,1,5,1,0,1,0,0,3,1
200600007052,6,2,22,1600,1,1,1,6,4357600,341600,3,2,2,0,1,1,0,45,1,0,3,0,0,0,1,1,1
200600007055,6,2,5,2045,3,1,1,1,4332700,354100,3,2,0,0,0,3,0,63,1,0,1,0,1,0,1,0,1
200600007057,6,2,21,1700,1,1,1,3,4352800,373600,2,2,2,0,1,1,57,141,1,5,1,0,1,0,1,0,1
200600007061,6,2,21,1445,1,1,1,7,4329100,190900,3,2,2,0,2,4,0,0,1,0,1,0,0,0,1,0,1
200600007066,6,2,24,1700,1,1,1,1,4326300,295900,4,2,2,0,1,1,0,45,1,0,1,0,5,0,2,0,1
200600007070,6,2,19,30,3,1,1,6,4379500,412400,3,2,0,0,0,1,20,150,1,0,1,0,0,0,1,0,1
200600007071,6,2,25,2030,3,1,1,6,4381400,449300,3,2,2,0,0,3,37,0,1,0,0,0,0,1,0,0,1
200600007075,6,2,19,530,3,1,1,6,4377100,425100,3,2,1,0,1,2,0,50,1,0,3,0,0,0,0,1,1
200600007077,6,2,1,800,5,1,1,6,4418200,415300,3,2,2,0,1,1,0,60,0,0,0,0,0,1,0,0,1
200600007078,6,2,3,745,2,1,9,3,4419300,413000,3,2,0,3,1,1,0,108,7,5,1,0,1,0,1,0,1
200600007081,6,2,6,945,1,1,1,6,4399100,410600,2,2,2,0,1,1,0,69,1,0,3,0,0,0,1,1,1
200600007082,6,2,11,1000,1,1,1,3,4396100,410000,2,2,0,0,0,1,0,65,1,0,1,0,1,0,0,1,1
200600007083,6,2,14,1630,1,1,1,3,4426700,416100,3,2,2,0,1,3,47,86,1,0,1,0,0,1,0,1,1
200600007088,6,2,28,1815,2,9,1,6,4426200,464900,2,2,0,0,1,1,0,0,1,6,1,0,0,0,1,0,1
200600007091,6,2,16,715,1,1,1,2,4387800,407700,3,2,2,0,0,1,0,0,0,0,1,0,1,0,0,1,1
200600007092,6,2,15,945,1,1,1,3,4391800,401100,3,2,0,0,1,1,0,0,1,0,1,0,1,0,0,1,1
200600007093,6,2,19,200,3,1,9,7,4445900,346700,3,2,0,0,0,0,0,0,7,0,1,0,2,0,3,0,1
200600007095,6,2,17,1115,1,1,1,1,4435400,340200,3,2,0,0,2,3,0,73,1,0,1,0,1,0,3,0,1
200600007096,6,2,2,1745,2,1,7,1,4465900,329000,3,2,2,0,1,1,0,51,1,0,1,0,1,0,0,3,1
200600007108,6,2,1,915,1,1,1,1,4246500,202600,3,2,2,0,1,4,0,70,0,0,1,0,1,0,1,0,1
200600007110,6,2,4,1730,1,1,1,1,4250200,205600,3,2,2,0,0,2,0,55,1,0,1,0,4,0,2,0,1
200600007115,6,2,16,1400,1,1,1,1,4263600,894100,2,2,2,0,1,1,0,60,1,0,1,0,1,0,1,0,1
200600007117,6,2,28,900,1,1,1,1,4247900,926000,2,2,2,0,1,1,0,70,1,0,1,0,0,0,4,0,1
200600007119,6,2,15,1400,1,1,1,3,4233400,949700,3,0,0,0,0,4,0,65,1,0,1,0,1,0,1,0,1
200600007120,6,2,11,1800,1,1,1,1,4248900,945500,3,2,2,0,2,1,0,43,1,0,1,0,1,0,0,2,1
200600007122,6,2,23,815,1,1,8,7,4904700,175300,3,2,2,0,1,1,0,63,2,0,3,0,0,0,1,0,1
200600007123,6,2,5,1700,1,1,1,1,4846400,190000,2,2,2,0,1,1,0,71,1,0,1,0,1,0,1,0,1
200600007126,6,2,28,1215,1,1,8,1,4864000,237000,9,2,0,0,1,1,0,0,2,0,1,0,0,0,0,4,1
200600007128,6,2,6,1200,1,1,1,6,4849800,219600,4,1,1,0,1,1,0,60,1,5,1,0,0,0,1,0,1
200600007133,6,2,6,845,1,1,8,1,4907400,252800,3,2,3,0,0,3,0,0,1,0,1,0,1,0,1,0,1
200600007134,6,2,28,1615,1,1,1,7,4862700,282900,2,2,2,0,1,2,0,79,1,0,1,0,0,0,1,0,1
200600007136,6,2,11,1230,1,1,1,3,4873800,278200,2,3,2,0,1,1,6,72,1,0,1,0,1,0,0,1,1
200600007137,6,2,3,2130,5,1,1,6,4888200,284900,3,3,0,0,1,1,21,68,1,5,4,0,2,0,1,0,1
200600007140,6,2,5,1600,1,1,8,7,4880400,333900,3,2,0,0,1,3,0,0,2,0,3,0,0,0,1,0,1
200600007142,6,2,11,2315,3,1,1,7,4879300,287700,3,2,2,0,0,1,0,72,1,0,0,0,1,0,1,2,1
200600007143,6,2,7,1600,1,1,1,3,4887900,336600,4,2,0,0,1,2,0,0,1,0,1,0,0,0,1,1,1
200600007145,6,2,28,2130,3,1,4,6,4884000,320000,4,2,0,0,2,3,0,0,7,0,3,0,1,0,0,1,1
200600007146,6,2,25,1930,3,1,1,2,4872300,284600,2,2,2,0,1,1,0,120,1,5,1,0,2,0,1,1,1
200600007147,6,2,27,1445,1,1,2,3,4907700,212900,3,2,2,0,1,1,0,0,2,0,1,0,1,0,1,0,1
200600007148,6,2,8,830,1,1,1,6,4849700,235300,4,2,2,0,2,1,25,60,1,0,1,0,1,0,1,0,1
200600007153,6,2,6,1030,1,1,1,6,4772400,179800,3,2,0,0,0,1,0,60,1,0,3,0,0,0,1,0,1
200600007157,6,2,17,1600,1,3,1,3,4777000,161000,2,2,2,0,1,1,0,77,1,0,1,0,0,0,1,1,1
200600007158,6,2,14,930,1,1,1,6,4778200,163200,4,2,0,0,1,1,0,60,1,6,1,3,1,0,1,0,1
200600007159,6,2,2,830,1,1,5,6,4805800,201100,3,2,2,0,1,1,0,0,7,0,0,0,1,0,3,0,1
200600007160,6,2,16,2215,5,1,1,3,4800300,208800,2,0,0,0,1,1,0,70,1,5,1,0,1,0,0,1,1
200600007161,6,2,27,1515,1,1,1,3,4802100,211200,2,2,1,0,0,1,0,76,1,0,1,0,1,0,1,0,1
200600007163,6,2,18,1130,1,6,1,2,4768400,264500,3,2,2,0,1,3,0,61,1,5,1,0,2,0,0,3,1
200600007165,6,2,4,1900,5,1,1,3,4757400,283000,2,2,2,3,2,3,0,70,1,5,1,0,4,0,0,1,1
200600007166,6,2,14,730,1,1,9,7,4776600,255000,3,2,2,0,1,2,0,53,7,0,1,0,0,0,1,0,1
200600007170,6,2,23,1515,1,1,1,3,4813300,290400,3,2,2,0,4,1,0,52,1,0,3,0,1,0,1,0,1
200600007172,6,2,2,1945,5,7,1,1,4818000,225800,6,2,2,0,0,0,0,0,1,0,1,0,0,0,1,1,1
200600007175,6,2,4,2310,3,1,1,7,4713400,221200,3,2,2,0,1,2,0,55,1,0,3,0,0,0,1,0,1
200600007178,6,2,11,1215,1,1,1,1,4834000,149000,4,2,2,0,1,1,0,55,1,0,1,0,3,1,0,0,1
200600007179,6,2,12,1530,1,1,1,6,4844700,139800,3,2,2,0,1,1,0,28,1,0,3,0,0,0,1,0,1
200600007181,6,2,17,1630,1,1,1,1,4859000,158000,3,2,2,0,2,1,0,63,1,0,1,0,3,0,1,0,1
200600007182,6,2,27,830,1,1,1,7,4853000,168000,3,2,2,0,0,0,0,60,7,0,3,0,0,0,0,1,1
200600007183,6,2,10,2130,3,1,1,3,4820200,119800,3,2,2,0,2,1,0,82,1,0,1,0,1,1,0,0,1
200600007185,6,2,16,745,2,1,2,1,4885500,152200,3,2,2,0,2,2,0,0,2,0,1,0,0,0,2,0,1
200600007186,6,2,11,100,3,1,1,3,4831000,80700,2,2,3,0,0,3,0,0,2,0,1,0,1,0,1,0,1