Num_Acc,an,mois,jour,hrmn,lum,int,atm,col,lat,long,catr,circ,nbv,vosp,prof,plan,lartpc,larrout,surf,infra,situ,env1,unscathed,killed,hospital,light,chance
200600007188,6,2,22,1015,1,1,5,1,4840800,108100,2,2,0,0,1,3,0,73,2,0,1,0,1,0,2,0,1
200600007189,6,2,18,2030,5,1,1,6,4708800,134600,3,2,2,0,1,1,0,70,1,0,1,0,0,0,1,0,1
200600007190,6,2,22,1715,1,1,1,6,4689600,142200,3,2,2,0,4,1,0,50,1,0,1,0,1,0,0,3,1
200600007191,6,2,12,1130,1,1,1,2,4722000,148000,9,2,2,0,2,1,0,42,1,0,1,0,1,0,0,1,1
200600007192,6,2,23,1345,1,1,1,6,4663500,105800,3,2,2,0,2,1,0,100,1,0,4,0,1,0,1,0,1
200600007194,6,2,27,845,1,7,1,6,4658600,198800,4,1,1,0,1,1,0,50,1,0,1,0,2,0,1,0,1
200600007196,6,2,9,1530,1,2,1,3,4742900,96900,9,2,2,0,0,1,0,56,1,0,1,0,1,0,1,0,1
200600007198,6,2,22,1530,1,1,8,4,4752100,81400,2,2,2,0,1,1,0,78,1,0,1,0,4,1,0,0,1
200600007199,6,2,3,1945,3,1,1,6,4720000,18000,3,0,2,0,0,1,0,67,1,0,1,0,1,0,1,0,1
200600007209,6,2,25,1615,1,2,1,3,4789700,108400,2,2,1,0,1,1,0,72,1,5,1,0,0,0,5,0,1
200600007213,6,2,23,1930,3,1,1,3,4782900,140300,3,2,0,0,1,1,0,62,1,0,1,0,2,0,2,1,1
200600007214,6,2,11,30,3,1,1,1,4520500,-107200,3,2,2,0,1,1,0,62,1,0,1,0,0,1,1,1,1
200600007215,6,2,24,2015,3,1,1,2,4482900,-112800,3,2,2,0,0,1,0,62,1,0,1,0,1,0,2,0,1
200600007217,6,2,11,945,1,6,7,3,4783000,-379600,3,0,2,0,1,2,100,59,1,5,1,0,1,0,1,0,1
200600007218,6,2,5,400,3,1,1,6,4801400,-382200,3,2,0,0,1,1,0,60,1,0,0,0,0,1,0,0,1
200600007219,6,2,11,1230,1,1,1,6,4804500,-383200,4,2,2,0,1,1,0,65,1,0,3,0,0,0,1,0,1
200600007222,6,2,4,1945,5,1,1,7,4462900,-100200,3,2,2,1,1,1,0,69,1,0,3,0,0,1,0,0,1
200600007224,6,2,13,645,2,1,1,2,4349200,560100,2,2,2,0,1,1,0,70,1,0,1,0,1,0,1,0,1
200600007225,6,2,19,15,3,1,1,6,4349400,553900,2,2,2,0,1,1,0,80,1,0,0,0,0,1,0,0,1
200600007226,6,2,13,1245,1,1,2,1,4931300,601100,3,2,2,0,2,3,0,66,2,0,1,0,0,0,1,1,1
200600007227,6,2,17,1715,1,1,2,5,4931200,600900,3,2,2,0,2,3,0,67,2,0,1,0,1,0,4,1,1
200600007230,6,2,19,600,3,1,9,6,4358200,376900,3,2,2,0,2,2,25,50,2,0,1,0,2,0,1,0,1
200600007231,6,2,3,915,1,1,8,5,4850000,251400,1,3,3,0,1,1,10,210,1,0,1,0,1,0,1,1,1
200600007243,6,2,10,1330,1,1,1,6,4563100,517400,1,3,0,0,1,1,0,0,1,0,3,0,0,0,0,2,1
200600007244,6,2,11,1215,1,1,1,7,4823100,-90100,4,2,1,0,1,2,0,0,0,0,1,0,0,0,1,0,1
200600007245,6,2,20,1030,1,1,2,1,4810100,-88600,3,2,2,0,1,1,0,61,2,4,1,0,1,0,1,0,1
200600007246,6,2,4,1000,1,1,1,6,4767600,139600,1,3,3,0,1,1,8,105,1,0,3,0,3,0,0,1,1
200600007252,6,2,3,1445,1,1,1,3,4735700,80400,3,2,2,0,0,1,0,65,1,5,1,0,0,0,3,0,1
200600007260,6,2,18,545,3,1,2,3,4584600,605500,1,3,4,0,4,1,12,72,2,2,1,0,0,0,2,0,1
200600007269,6,2,15,300,3,1,1,2,4330800,322700,1,3,3,0,1,1,40,105,1,0,1,0,1,1,0,0,1
200600007270,6,2,20,1715,1,1,1,6,4359200,389500,1,3,4,0,1,1,10,85,1,0,2,0,1,0,1,0,1
200600007272,6,2,12,130,3,1,1,1,4578300,314100,1,3,0,0,1,1,20,140,1,3,1,0,2,0,2,0,1
200600007273,6,2,25,1915,5,9,1,1,4925900,397300,1,1,2,0,1,3,0,0,1,3,1,0,3,0,1,0,1
200600007275,6,2,10,2315,3,1,1,3,4512000,596800,2,2,2,0,1,4,0,66,2,0,1,0,3,0,2,0,1
200600007277,6,2,1,1915,3,1,1,3,4379700,751000,1,3,2,0,1,1,0,0,1,2,1,0,0,0,2,2,1
200600007279,6,2,18,1215,1,1,1,2,4371400,721300,1,3,2,0,2,3,100,90,1,0,1,0,1,0,0,1,1
200600007283,6,2,18,1220,1,1,4,4,4691500,52600,1,3,2,0,2,1,15,100,9,0,1,0,28,1,1,1,1
200600007288,6,2,24,1745,1,1,1,6,4339000,-59200,1,2,3,0,0,2,0,0,1,3,2,0,0,0,0,1,1
200600007294,6,2,1,300,3,1,1,1,4734000,624000,1,3,2,3,1,1,35,70,1,2,1,0,0,0,2,0,1
200600007295,6,2,7,1715,3,1,1,2,4728500,599400,1,3,2,0,1,1,30,100,1,0,1,0,1,0,1,0,1
200600007298,6,2,14,1345,1,1,1,7,4461600,-102000,1,3,2,0,1,1,15,0,1,0,1,0,0,0,1,0,1
200600007310,6,2,11,1315,1,2,1,3,4520700,576200,1,3,3,0,1,1,150,0,1,5,1,0,1,0,3,3,1
200600007312,6,2,18,645,3,1,2,6,4524600,-53300,1,3,0,0,1,1,0,0,2,0,1,0,1,0,1,0,1
200600007313,6,2,19,1015,2,1,1,7,4179600,939600,2,2,1,0,4,1,0,65,1,0,1,0,0,0,2,0,1
200600007314,6,2,27,1645,1,1,3,2,4170800,936300,2,2,2,0,1,1,60,0,2,0,1,0,2,0,1,0,1
200600007316,6,2,1,1315,1,1,5,6,4586900,518900,1,0,2,0,1,1,20,100,1,0,1,0,1,0,1,1,1
200600007317,6,2,5,715,2,1,1,7,4597500,530900,1,1,2,0,1,1,20,85,1,0,1,0,0,0,0,1,1
200600007318,6,2,12,2000,1,1,1,7,4567900,505200,1,0,0,0,1,1,5,73,1,0,2,0,0,0,3,0,1
200600007320,6,2,19,1230,1,1,1,1,4591000,523600,1,1,2,0,1,1,20,142,2,0,1,0,1,0,0,2,1
200600007321,6,2,2,1730,3,1,1,3,4923200,410100,2,3,0,0,0,1,20,75,2,5,1,0,1,0,1,0,1
200600007322,6,2,3,1345,1,1,1,1,4916400,420300,2,2,0,0,1,1,0,144,1,0,1,0,1,0,0,1,1
200600007323,6,2,10,2030,3,1,1,3,4915800,401300,2,0,0,0,1,1,0,78,2,0,1,0,1,1,0,0,1
200600007324,6,2,24,1445,1,1,1,3,4918600,416600,2,2,0,0,1,1,0,0,1,0,1,0,1,0,2,0,1
200600007327,6,2,15,1745,2,1,1,1,4362900,701600,9,2,0,0,0,2,0,60,1,0,3,0,2,0,0,1,1
200600007329,6,2,24,1,5,1,1,6,4582300,486400,3,2,0,0,2,1,0,60,1,0,1,0,0,0,0,1,1
200600007330,6,2,14,2345,3,1,1,7,4970000,344000,1,1,2,0,1,1,10,70,2,0,1,0,0,0,1,0,1
200600007331,6,2,6,1940,5,1,1,3,4885900,202500,3,2,2,0,1,1,60,160,1,5,1,0,1,0,0,2,1
200600007332,6,2,12,630,3,1,2,6,4910100,230800,3,2,2,0,2,3,0,70,2,0,3,0,0,0,1,0,1
200600007334,6,2,13,1830,1,1,1,1,4763300,-264900,3,2,2,0,2,1,0,59,1,0,1,0,1,0,1,0,1
200600007335,6,2,17,1830,2,1,1,6,4765600,-271900,4,2,1,0,1,1,0,64,1,0,1,0,1,1,0,0,1
200600007336,6,2,20,1100,1,1,8,2,4755400,-289300,4,2,2,0,0,1,0,56,1,0,1,0,1,0,0,1,1
200600007341,6,2,26,100,3,1,1,7,4617400,574600,1,3,2,3,2,3,100,95,1,0,3,0,0,0,0,1,1
200600007344,6,2,17,1530,1,1,4,4,4796900,3700,1,1,2,3,1,1,30,90,2,0,1,0,5,0,1,0,1
200600007345,6,2,24,800,1,1,1,2,4797800,4700,1,3,2,0,1,1,10,70,1,0,1,0,1,0,2,0,1
200600007350,6,2,6,1245,1,1,1,6,4359500,548100,2,3,1,0,1,1,39,36,1,0,1,0,0,0,2,0,1
200600007354,6,2,24,1835,2,1,1,5,4366500,525300,2,2,2,0,2,3,0,70,1,0,1,0,1,0,2,0,1
200600007361,6,2,18,545,3,1,8,6,4541100,153400,1,3,4,0,2,1,15,140,2,0,2,0,0,0,1,0,1
200600007362,6,2,24,235,3,1,1,6,4532000,157500,1,3,4,0,3,1,15,140,1,3,1,0,0,1,0,0,1
200600007363,6,2,4,715,2,1,1,6,4642200,147000,1,1,2,0,1,1,15,100,1,2,3,0,0,0,1,0,1
200600007373,6,2,7,815,1,1,1,1,4872900,209000,3,2,2,0,0,1,0,61,1,0,1,0,1,0,0,1,1
200600007374,6,2,22,1900,4,1,1,1,4874100,201500,3,2,2,0,0,1,0,0,1,0,1,0,1,1,0,0,1
200600007377,6,2,1,730,2,1,1,1,4382000,441700,3,2,0,2,1,3,0,100,1,0,1,0,1,1,0,0,1
200600007380,6,2,16,600,3,1,2,6,4970000,468500,1,3,2,0,1,2,10,90,2,0,3,0,1,0,1,0,1
200600007387,6,2,7,2015,3,1,1,6,4946700,123500,2,2,2,0,3,1,0,70,1,0,3,0,0,0,1,0,1
200600007388,6,2,28,1745,2,1,7,6,4958900,135700,3,2,2,0,1,1,0,70,2,0,1,0,1,0,1,0,1
200600007391,6,2,25,530,3,1,1,6,4775300,-329400,3,2,0,0,1,1,0,0,1,0,1,0,1,0,1,0,1
200600007396,6,2,12,2200,5,1,2,6,4845800,262100,2,2,4,0,1,3,16,154,2,0,1,0,0,0,1,2,1
200600007397,6,2,10,925,1,1,1,1,4563000,480000,3,2,2,0,2,4,0,82,9,0,1,0,1,1,0,0,1
200600007398,6,2,28,215,5,1,1,6,4265900,295200,4,2,1,0,0,0,0,0,1,0,4,0,0,0,0,2,1
200600008602,6,2,19,1145,1,1,2,2,4792455,500000,2,2,4,0,1,4,0,70,2,0,1,99,4,0,0,1,1
200600010497,6,2,2,1700,1,1,1,2,4877912,244309,3,1,1,0,0,0,0,30,0,0,1,0,1,0,0,1,1
200600010498,6,2,5,1705,1,1,1,6,4877077,246472,6,0,2,0,0,0,0,60,0,0,1,0,1,0,0,1,1
200600010499,6,2,3,1900,4,1,1,3,4880188,245897,4,2,2,0,1,1,0,60,1,0,1,0,1,0,0,1,1
200600010500,6,2,3,1700,1,1,1,3,4877077,248678,4,2,2,0,1,1,0,60,1,0,1,0,0,0,0,1,1
200600010501,6,2,8,730,2,1,2,6,4879874,245186,4,0,2,0,1,1,0,60,1,0,1,99,1,0,0,1,1
200600010503,6,2,11,505,5,9,1,3,4876421,249287,2,3,4,0,1,1,10,120,1,0,1,99,0,0,2,0,1
200600010504,6,2,11,1720,2,1,1,2,4877074,246872,4,2,2,0,1,1,0,60,1,0,1,0,1,0,0,1,1
200600010505,6,2,13,1720,1,1,2,4,4876577,248137,3,3,6,0,1,1,150,180,2,0,1,0,4,0,0,1,1
200600010506,6,2,13,1045,1,1,1,2,4877996,243784,2,3,6,0,1,1,10,180,0,0,1,0,2,0,0,2,1
200600010509,6,2,19,1945,2,1,1,6,4878785,246203,4,0,1,0,1,2,0,30,1,0,1,99,1,0,0,1,1
200600010510,6,2,21,1500,1,1,1,6,4878782,246200,6,1,1,0,1,1,0,60,1,0,1,0,1,0,0,1,1
200600010511,6,2,23,750,2,1,1,6,4879612,245787,2,2,4,0,1,1,0,120,0,0,1,0,1,0,0,1,1
200600010512,6,2,23,1505,1,1,1,6,4878137,246419,4,2,2,0,1,1,0,60,0,0,1,0,1,0,0,1,1
200600010513,6,2,23,1715,1,1,1,4,4878916,244458,3,3,6,0,1,1,90,180,0,0,1,0,2,0,0,1,1
200600010514,6,2,28,700,2,1,2,6,4879385,246148,4,0,2,0,1,1,0,60,2,0,1,0,1,0,0,1,1
200600011018,6,2,12,920,1,9,1,7,4399142,532674,1,1,2,0,2,1,0,70,1,0,1,99,0,0,0,1,1
200600011852,6,3,18,1210,1,2,1,3,4847823,934567,4,2,2,0,1,4,0,60,1,0,1,0,1,0,0,2,1
200600011853,6,3,19,1650,1,1,1,2,4847823,934567,4,2,2,1,1,1,0,96,1,0,1,0,1,0,0,1,1
200600014593,6,3,17,845,1,9,1,2,4123456,500000,3,1,2,0,4,2,0,75,1,5,1,99,1,0,1,0,1
200600014836,6,3,4,1530,1,1,1,3,4878917,246160,4,0,4,0,1,0,0,60,1,0,1,0,1,0,0,1,1
200600014837,6,3,4,1730,1,1,1,6,4878012,243793,4,0,2,0,1,0,0,60,1,0,1,0,2,0,0,1,1
200600014838,6,3,4,2300,3,1,1,3,4877767,246027,4,3,4,0,1,1,20,120,1,0,1,0,0,0,0,4,1
200600014839,6,3,8,1135,1,1,2,6,4879261,246167,4,3,4,0,1,1,10,120,2,0,1,0,1,0,0,1,1
200600014840,6,3,9,1710,1,1,2,6,4878468,246562,4,2,2,0,1,0,0,60,2,0,1,99,1,0,1,0,1
200600014841,6,3,13,820,1,2,1,6,4878015,243799,4,2,2,0,1,1,0,60,1,5,4,3,0,1,0,0,1
200600014842,6,3,10,1430,1,1,1,6,4879305,244644,3,0,2,0,1,1,0,60,1,0,1,99,1,0,0,2,1
200600014843,6,3,14,800,1,1,1,6,4877783,246286,4,2,4,0,1,1,20,120,1,0,1,0,1,0,1,0,1
200600014844,6,3,13,1015,1,1,1,6,4879218,246613,4,2,2,0,1,1,0,60,1,0,1,0,1,0,1,1,1
200600014847,6,3,17,1350,1,1,1,6,4876847,248768,4,0,2,0,1,1,0,60,1,0,1,0,1,0,0,1,1
200600014848,6,3,20,2310,5,6,1,3,4877470,243928,2,1,2,0,3,1,0,60,0,0,1,0,1,0,0,1,1
200600014850,6,3,23,927,1,1,1,6,4877376,248228,3,0,2,0,1,1,0,60,1,0,1,99,1,0,0,1,1
200600014851,6,3,24,1620,1,1,2,2,4879607,244781,3,2,2,0,0,0,0,60,2,0,1,0,1,0,0,1,1
200600014852,6,3,25,1400,1,1,2,6,4876853,246536,4,1,2,0,1,1,0,60,2,0,1,99,2,0,0,1,1
200600014853,6,3,25,1435,1,1,2,3,4877475,243935,4,1,3,0,1,0,40,120,2,0,1,0,2,0,0,1,1
200600014855,6,3,30,840,1,6,1,3,4878751,243591,3,2,2,0,1,0,0,30,1,0,1,99,0,0,0,2,1
200600014928,6,3,3,1415,1,2,2,5,4846648,223789,2,2,4,0,1,1,0,144,2,0,1,99,2,1,0,0,1
200600015011,6,3,14,845,1,1,1,4,4883225,500000,1,3,6,0,1,1,15,210,1,0,1,0,2,0,0,1,1
200600015392,6,3,5,1830,2,1,1,1,5056700,286500,3,2,2,0,1,1,0,63,1,0,1,0,3,0,2,0,1
200600015393,6,3,15,740,1,1,1,5,5051600,311300,3,2,0,1,0,1,0,57,1,0,1,0,1,0,1,1,1
200600015394,6,3,30,730,1,1,8,1,5082200,221600,3,2,2,0,1,3,0,69,2,0,1,0,4,0,0,1,1
200600015396,6,3,4,200,3,1,1,6,5088500,247800,4,2,2,0,1,2,0,30,7,0,1,0,0,0,1,0,1
200600015397,6,3,18,920,1,1,1,6,5073500,261200,2,2,2,0,1,1,0,70,1,0,1,0,1,1,0,0,1
200600015400,6,3,6,1915,2,9,1,1,5081400,260200,3,2,2,0,1,0,0,0,1,2,1,0,0,2,1,0,1
200600015401,6,3,4,1830,1,1,1,1,5029300,331900,4,2,2,0,1,1,0,50,1,0,1,0,2,0,1,0,1
200600015407,6,3,7,1730,1,1,1,3,5030000,282900,3,2,2,0,1,1,0,65,1,0,1,0,1,0,1,0,1
200600015409,6,3,17,1830,1,9,1,1,5026400,305600,3,2,0,0,0,1,0,60,1,0,1,0,1,0,1,0,1
200600015410,6,3,23,930,1,2,1,3,5060400,267800,3,2,2,0,1,1,0,46,1,0,1,0,2,0,1,1,1
200600015411,6,3,25,2300,5,1,2,6,5059100,251600,3,2,2,0,1,3,0,70,2,0,4,3,0,0,2,0,1
200600015412,6,3,1,100,3,1,1,6,5069300,157800,3,2,2,0,1,1,0,70,1,0,1,0,4,0,1,0,1
200600015413,6,3,1,1600,1,1,1,2,5059700,161300,3,2,2,1,1,1,0,73,1,0,1,0,2,0,2,0,1
200600015414,6,3,3,1615,1,1,1,5,5043900,267800,3,2,2,0,1,1,0,67,1,0,1,0,7,1,0,0,1
200600015415,6,3,8,2100,5,1,2,1,5050300,169700,2,2,2,0,1,1,0,65,2,0,1,0,2,0,1,0,1
200600015418,6,3,24,2015,3,1,2,6,5066200,218500,3,2,2,0,1,1,0,68,2,0,3,0,0,1,0,0,1
200600015420,6,3,19,930,1,1,5,4,5036700,238300,2,1,2,0,2,1,0,0,0,0,1,0,0,0,7,0,1
200600015422,6,3,8,1045,1,1,3,6,5030200,258500,3,2,2,0,1,3,0,60,2,0,3,0,0,0,0,1,1
200600015423,6,3,4,1545,1,1,1,1,5022500,216300,3,2,0,0,0,2,63,0,1,0,1,0,1,0,1,1,1
200600015424,6,3,5,510,3,1,9,6,5026100,227900,3,2,2,0,1,2,0,62,7,0,3,0,0,1,0,0,1
200600015429,6,3,5,130,3,1,1,6,5019800,173100,3,2,0,0,0,1,0,58,1,0,3,0,0,0,1,0,1
200600015431,6,3,9,1000,1,1,2,6,5012000,234000,2,3,2,0,1,1,19,80,2,0,4,0,0,0,1,0,1
200600015432,6,3,1,1115,1,1,9,1,4980200,260600,3,2,2,0,1,1,0,57,7,0,3,0,0,0,2,0,1
200600015434,6,3,26,1515,1,2,1,1,4980800,281200,2,2,0,0,0,1,0,0,1,5,1,0,1,0,3,0,1
200600015435,6,3,3,1715,1,1,1,3,4968800,359100,3,0,2,0,1,1,0,70,1,0,1,0,1,0,1,0,1
200600015436,6,3,6,715,2,9,8,3,4953300,366000,3,2,0,0,1,1,0,70,2,0,1,0,1,0,1,0,1
200600015440,6,3,30,745,1,1,2,6,4963300,341900,3,2,0,0,1,1,0,0,2,0,3,0,0,0,0,1,1
200600015442,6,3,3,1115,1,1,4,1,4942600,366700,3,2,0,0,1,3,0,0,5,0,1,0,1,0,1,0,1
200600015444,6,3,19,600,2,1,1,7,4955400,380100,3,2,2,0,0,1,0,60,1,0,3,0,0,0,1,0,1
200600015445,6,3,29,2100,3,1,1,7,4916600,328100,3,2,2,0,1,2,0,65,1,0,1,0,0,0,1,0,1
200600015449,6,3,13,1415,1,1,7,3,4972500,334800,2,2,2,0,0,3,0,149,1,5,1,0,1,0,1,0,1
200600015452,6,3,26,115,5,1,1,6,4939000,341000,3,2,2,0,1,1,0,49,1,0,4,0,0,0,1,0,1
200600015454,6,3,1,2145,3,1,4,6,4923800,319000,3,2,1,0,1,2,0,60,5,5,1,0,0,0,1,0,1
200600015455,6,3,9,1800,1,1,1,6,4927900,306400,3,2,1,0,2,1,0,61,1,0,1,0,1,0,0,1,1
200600015458,6,3,18,1230,1,2,1,3,4991500,407900,2,2,0,0,1,1,94,0,1,0,1,0,1,0,0,1,1
200600015460,6,3,1,1900,3,1,4,6,4947300,211500,2,2,2,0,1,1,0,70,5,0,3,0,0,0,1,0,1
200600015461,6,3,3,2000,3,1,1,1,4943300,203600,2,2,2,0,0,3,0,65,1,0,1,0,1,0,1,0,1
200600015471,6,3,15,800,1,9,1,1,4955400,236600,3,2,2,0,1,1,0,60,1,0,1,0,0,0,0,2,1
200600015474,6,3,3,1200,1,8,4,1,4943400,266200,3,2,0,0,0,2,0,64,5,4,0,0,1,1,0,0,1
200600015475,6,3,19,745,1,1,1,7,4933400,264600,3,3,2,0,1,1,0,0,1,0,1,0,0,1,0,0,1
200600015483,6,3,1,2100,3,1,2,6,4916000,242700,3,2,2,0,0,1,0,70,2,0,1,0,0,0,0,1,1
200600015484,6,3,7,1700,1,1,3,1,4916700,244800,2,2,2,0,2,1,0,100,2,0,1,0,2,0,1,0,1
200600015486,6,3,20,1300,1,1,2,7,4924000,289000,3,0,0,0,0,0,0,0,2,5,1,0,0,0,1,0,1
200600015488,6,3,12,1500,1,1,1,6,4916800,285700,2,1,2,0,1,1,0,76,1,0,3,0,0,1,0,0,1
200600015497,6,3,10,1445,1,1,1,2,4950000,15000,4,2,2,0,1,1,0,64,1,0,1,0,1,0,1,0,1
200600015499,6,3,19,100,3,6,1,6,4960000,59600,2,2,2,0,1,0,0,0,1,5,4,0,1,0,1,0,1
200600015500,6,3,19,1730,1,1,8,7,4956300,52500,4,2,0,0,1,1,0,0,1,0,1,0,0,0,1,0,1
200600015501,6,3,27,1730,1,1,1,7,4959100,39500,4,2,0,0,4,1,0,0,3,0,1,0,1,0,1,0,1
200600015502,6,3,1,1245,1,1,4,6,4955900,40200,3,2,2,0,1,2,0,48,5,0,1,0,4,0,1,0,1
200600015504,6,3,30,1645,1,1,2,3,4946600,154100,2,2,2,0,0,1,0,79,2,0,1,0,3,1,0,0,1
200600015505,6,3,3,645,2,1,4,6,4982700,70300,3,2,2,0,1,3,0,60,2,5,1,0,0,0,1,0,1
200600015506,6,3,28,1330,1,2,1,3,4981500,78900,3,2,2,0,1,1,0,60,1,5,1,0,1,0,1,0,1
200600015507,6,3,11,2115,3,1,1,7,4972300,42400,3,2,2,0,1,2,0,50,1,0,1,0,0,1,1,0,1
200600015510,6,3,17,1600,1,1,1,2,4895600,93800,3,2,1,0,1,1,0,0,1,0,3,0,1,0,0,1,1
200600015511,6,3,17,2215,5,1,1,6,4899700,110800,4,2,1,0,1,0,0,0,1,0,1,0,0,0,0,2,1
200600015513,6,3,3,1245,1,1,2,3,4895600,122400,3,2,2,0,2,1,0,55,2,0,1,0,1,0,1,0,1
200600015516,6,3,11,1230,1,2,8,3,4892200,140600,3,2,2,0,1,1,0,45,1,0,1,0,0,1,3,2,1
200600015519,6,3,14,1745,1,1,1,6,4939600,129900,3,2,2,0,1,1,0,60,1,0,1,0,0,0,1,0,1
200600015521,6,3,6,1030,1,7,1,6,4914200,45500,4,2,0,0,0,0,0,93,1,0,1,0,1,0,1,0,1
200600015523,6,3,26,1900,1,1,1,6,4904400,39300,3,2,2,0,2,2,0,105,2,0,3,0,0,0,2,1,1
200600015524,6,3,8,1700,1,1,2,1,4899000,64200,3,2,0,0,1,3,0,65,2,0,1,0,1,1,0,0,1
200600015529,6,3,8,1200,1,6,1,7,4916600,134000,4,2,2,0,1,1,15,50,2,5,1,0,0,0,0,1,1
200600015530,6,3,16,100,5,1,1,6,4928000,126100,3,2,2,0,1,1,0,46,1,0,1,0,4,0,1,0,1
200600015531,6,3,3,1245,1,1,1,3,4936000,51600,5,2,2,0,1,1,0,0,1,0,1,0,1,0,1,0,1
200600015532,6,3,17,830,1,1,1,6,4936100,75500,2,2,2,0,1,1,0,0,1,0,1,0,1,0,0,1,1
200600015534,6,3,9,845,1,1,1,7,4934900,68400,3,2,2,0,0,1,0,50,1,0,3,0,0,0,0,1,1
200600015537,6,3,30,1430,1,9,2,6,4828200,-160500,3,2,2,0,1,1,0,45,2,2,3,0,0,0,1,0,1
200600015543,6,3,31,1900,1,1,1,1,4848600,-112400,4,2,0,0,0,1,0,60,1,0,1,0,1,0,1,0,1
200600015544,6,3,15,1145,1,1,1,6,4843000,-155700,3,2,0,0,2,3,0,0,1,0,3,0,0,0,1,1,1
200600015548,6,3,4,815,1,1,4,1,4783800,-194700,3,2,0,0,1,1,0,58,5,0,1,0,1,0,3,0,1
200600015550,6,3,13,1215,1,1,1,1,4800500,-183300,4,2,2,0,1,3,0,38,1,0,1,0,1,0,1,0,1
200600015554,6,3,1,915,1,1,1,6,4858000,-205900,3,2,2,0,1,1,0,60,1,5,1,0,1,0,1,0,1
200600015557,6,3,2,1815,5,1,2,6,4811500,-153400,2,1,1,0,0,3,0,45,2,3,0,0,0,0,1,0,1
200600015561,6,3,3,345,3,1,3,1,4865000,-300500,3,2,2,0,1,1,0,70,2,0,1,0,1,0,1,0,1
200600015568,6,3,2,915,1,8,4,6,4863000,-347000,4,0,0,0,0,0,0,0,0,0,0,0,1,0,1,0,1
200600015569,6,3,11,2330,5,1,1,6,4877500,-355900,3,2,2,0,1,1,0,60,2,0,1,0,0,0,1,0,1
200600015570,6,3,26,1930,1,1,1,1,4865100,-340100,3,0,2,0,1,2,0,54,1,0,1,0,1,0,1,0,1
200600015571,6,3,29,2230,3,1,3,6,4878500,-338500,3,2,2,0,1,1,0,72,2,0,1,0,1,1,0,0,1
200600015572,6,3,10,830,1,1,1,6,4879000,-322300,3,2,2,0,0,1,0,0,2,0,1,0,1,0,1,0,1
200600015574,6,3,4,1730,1,1,1,3,4799000,-440100,3,2,2,0,2,1,0,70,1,0,1,0,3,0,4,0,1
200600015575,6,3,31,1415,1,1,1,6,4799900,-437800,3,2,2,0,1,3,0,60,1,0,1,0,0,0,1,0,1
200600015576,6,3,2,2030,5,1,2,3,4807100,-429000,3,2,2,3,2,1,0,0,2,5,1,0,2,0,1,0,1
200600015577,6,3,5,2000,3,2,1,1,4805700,-413300,3,2,2,0,1,1,0,68,2,5,1,0,2,0,1,0,1
200600015578,6,3,7,1545,1,2,3,3,4807100,-429000,3,2,3,3,2,1,10,90,2,5,1,0,1,0,1,0,1
200600015579,6,3,7,1500,1,1,2,3,4782300,-429300,3,2,0,0,1,1,0,66,2,0,1,0,1,0,1,0,1
200600015580,6,3,25,215,3,1,2,7,4783700,-428600,3,2,2,0,1,2,0,60,2,0,3,0,0,0,2,0,1
200600015581,6,3,26,15,5,1,3,6,4783600,-417300,4,1,0,0,0,3,0,35,2,0,1,0,0,0,1,0,1
200600015582,6,3,2,430,3,1,4,4,4848100,-431200,2,1,4,0,1,1,30,70,7,0,1,0,3,0,2,5,1
200600015585,6,3,16,1500,1,1,1,3,4849200,-449900,3,2,2,0,0,1,0,63,1,5,1,0,1,0,1,1,1
200600015586,6,3,14,2215,3,1,1,6,4849900,-468500,3,2,2,0,1,1,0,72,1,0,1,0,0,0,2,0,1
200600015588,6,3,5,730,2,1,9,6,4823800,-410100,2,3,2,0,2,1,0,0,7,0,1,0,3,0,0,2,1
200600015592,6,3,24,1615,1,2,1,5,4824100,-435900,3,2,2,0,1,1,0,70,1,0,1,0,0,0,1,4,1
200600015603,6,3,14,1945,3,1,1,6,4765900,-313000,4,2,2,0,0,3,0,44,1,0,1,0,0,1,0,0,1
200600015606,6,3,22,1830,1,1,8,1,4811600,-298400,3,2,2,0,1,1,0,40,2,0,1,0,1,0,1,0,1
200600015607,6,3,24,1830,1,1,1,4,4806200,-296500,3,2,2,1,1,1,0,44,1,0,1,0,1,0,2,0,1
200600015610,6,3,1,1830,2,1,1,6,4913200,-16500,4,2,2,0,1,1,0,0,2,0,1,0,2,0,1,0,1
200600015611,6,3,13,200,3,1,1,6,4923700,-37200,3,3,4,2,1,2,0,168,0,0,3,0,0,1,0,0,1
200600015614,6,3,11,545,3,1,1,6,4923800,-66900,3,2,2,0,0,1,0,70,1,0,1,0,0,1,0,1,1
200600015615,6,3,9,915,1,1,1,6,4887300,-18600,2,2,2,0,1,1,0,55,1,0,3,0,0,0,1,0,1
200600015616,6,3,2,830,1,1,1,1,4899200,-47500,3,2,2,0,4,1,0,0,2,5,1,0,1,0,1,1,1
200600015617,6,3,22,700,2,1,4,6,4904400,-40800,3,2,2,0,1,2,0,80,5,0,3,0,0,0,2,1,1
200600015622,6,3,23,1430,1,2,1,1,4900000,-68500,3,2,0,0,1,1,50,0,1,5,1,0,2,0,0,2,1
200600015627,6,3,12,215,3,1,1,6,4854900,-125500,3,2,2,0,2,1,0,66,1,0,3,0,0,0,1,0,1
200600015628,6,3,17,2000,3,1,1,1,4858200,-137500,3,2,2,0,1,1,0,65,1,0,1,0,5,0,2,0,1
200600015629,6,3,11,1430,1,1,1,3,4873500,-116700,3,2,2,0,1,1,62,0,1,0,1,0,2,0,1,0,1
200600015630,6,3,10,800,1,1,2,3,4967000,-181000,3,2,2,0,1,1,0,76,2,0,1,0,1,0,0,1,1
200600015636,6,3,4,1445,1,1,1,5,4892700,-149800,3,2,0,0,4,1,0,0,1,0,1,0,2,2,0,0,1
200600015637,6,3,5,530,5,1,1,6,4888800,-152700,3,2,2,0,2,1,30,70,1,0,4,0,0,0,7,0,1
200600015638,6,3,13,1530,1,1,1,3,4900300,-145300,3,2,2,0,1,1,0,54,1,0,1,0,1,0,1,1,1
200600015639,6,3,26,15,3,1,8,6,4890900,-148200,3,2,1,0,1,1,0,46,2,0,1,0,0,0,1,4,1
200600015640,6,3,26,630,5,1,8,6,4886700,-155200,3,2,0,0,2,4,0,64,2,0,3,0,1,0,1,2,1