Num_Acc,an,mois,jour,hrmn,lum,int,atm,col,lat,long,catr,circ,nbv,vosp,prof,plan,lartpc,larrout,surf,infra,situ,env1,unscathed,killed,hospital,light,chance
200600015645,6,3,26,30,5,2,2,3,4857300,-107600,3,2,0,0,0,1,0,0,2,0,1,0,0,0,1,1,1
200600015646,6,3,31,1530,1,1,1,3,4845300,5100,2,2,0,0,0,1,0,155,1,5,1,0,0,0,3,0,1
200600015647,6,3,16,1100,1,1,1,3,4874200,39400,3,2,2,0,1,1,0,62,1,0,1,0,1,0,1,0,1
200600015653,6,3,25,745,1,1,2,7,4836000,52800,3,2,2,0,0,1,0,0,2,0,3,0,0,0,1,0,1
200600015659,6,3,18,1,4,1,1,7,4710900,-139900,3,2,2,0,1,1,0,60,1,0,1,0,0,0,0,1,1
200600015661,6,3,2,745,1,1,8,1,4696500,-157900,3,2,2,0,1,4,0,64,7,0,1,0,0,0,2,0,1
200600015664,6,3,9,1215,1,3,8,3,4738600,-111200,2,2,0,0,1,1,0,105,2,0,1,0,0,0,2,0,1
200600015665,6,3,18,2330,3,1,1,6,4742100,-111700,3,2,1,0,0,1,0,53,1,0,3,0,1,1,0,3,1
200600015668,6,3,11,1345,1,1,1,1,4743500,-132400,3,2,2,0,0,0,0,103,1,0,1,0,1,0,1,0,1
200600015669,6,3,5,900,1,1,1,1,4764400,-201300,3,2,3,0,1,1,95,95,1,5,1,0,4,0,2,0,1
200600015670,6,3,23,2000,3,1,1,5,4759300,-181200,3,2,2,0,1,1,0,60,2,0,1,0,1,0,2,0,1
200600015672,6,3,11,1515,1,1,1,6,4752000,-153000,4,2,2,0,3,3,0,54,1,0,3,0,0,0,1,0,1
200600015675,6,3,17,445,3,1,1,4,4718900,-177100,3,2,2,0,2,1,0,78,1,0,1,0,0,0,2,1,1
200600015677,6,3,4,330,3,1,3,6,4725600,-214700,3,2,2,0,1,1,7,0,2,5,1,0,0,0,1,0,1
200600015678,6,3,4,345,3,1,3,7,4725600,-214700,3,2,2,0,1,1,0,45,2,0,1,0,0,0,1,0,1
200600015680,6,3,24,2215,5,1,2,6,4718300,-215000,4,2,2,0,1,1,0,66,2,0,1,0,1,0,1,0,1
200600015681,6,3,3,2100,3,1,1,6,4700000,-175100,3,2,2,0,0,3,0,72,1,0,3,0,0,1,0,0,1
200600015682,6,3,2,1315,1,1,1,2,4699700,-177500,3,2,1,0,0,1,0,60,1,0,1,0,2,0,1,0,1
200600015683,6,3,6,945,1,1,1,6,4708500,-180500,3,2,2,0,1,2,0,58,2,0,3,0,0,0,1,1,1
200600015684,6,3,9,1700,1,1,1,6,4721700,-173400,4,2,2,0,1,1,0,55,1,0,1,3,1,0,1,0,1
200600015685,6,3,24,2200,5,2,2,3,4724900,-169000,3,2,2,0,0,1,66,0,2,5,1,0,0,0,3,0,1
200600015689,6,3,21,2000,3,1,8,3,4728500,-173200,3,2,0,0,1,4,0,60,2,0,1,0,1,1,0,0,1
200600015694,6,3,21,1630,1,1,1,3,4746000,-26900,4,2,0,0,0,1,0,50,1,0,1,0,1,0,1,1,1
200600015695,6,3,9,130,3,1,1,6,4727100,-49900,3,2,2,0,1,1,0,48,1,0,4,0,0,0,1,0,1
200600015696,6,3,10,1330,1,1,1,2,4733100,-41800,3,2,2,0,1,1,64,80,1,5,1,0,1,0,1,0,1
200600015697,6,3,21,645,2,1,1,2,4736000,-45000,4,2,2,0,1,1,0,60,1,0,1,0,1,0,1,0,1
200600015700,6,3,26,815,1,1,1,7,4735000,-72400,4,2,2,0,2,1,0,0,1,0,3,0,0,0,1,0,1
200600015701,6,3,4,1145,1,1,4,2,4718400,-115000,3,2,0,0,2,1,0,64,2,5,1,0,1,0,2,0,1
200600015703,6,3,6,1845,2,2,1,3,4704600,-82100,3,2,2,0,4,1,0,171,1,5,1,0,1,0,1,0,1
200600015705,6,3,30,1715,1,1,2,1,4703400,-108200,2,2,0,0,2,1,0,64,2,0,1,0,1,0,1,0,1
200600015709,6,3,12,145,5,1,1,5,4723700,-42900,3,2,0,0,0,1,0,55,1,0,0,0,4,0,1,0,1
200600015710,6,3,17,2300,4,1,1,6,4725200,-32500,3,3,2,0,4,2,10,140,1,0,3,0,0,0,1,0,1
200600015711,6,3,24,1630,1,1,2,7,4714600,-59200,3,2,0,0,1,1,0,0,2,0,3,0,0,0,1,0,1
200600015712,6,3,30,1630,1,1,2,3,4720100,-30200,4,2,0,0,1,3,0,58,2,5,1,0,1,0,1,0,1
200600015713,6,3,31,2300,3,1,1,6,4715700,-44200,3,2,2,0,4,3,0,60,1,0,4,0,0,0,1,0,1
200600015714,6,3,3,1645,1,2,3,3,4735800,-30400,3,2,2,0,0,1,0,53,2,5,1,0,1,0,1,1,1
200600015715,6,3,8,1515,1,3,3,3,4735500,-22500,3,2,2,0,1,1,0,0,2,5,1,0,1,0,1,0,1
200600015716,6,3,9,1915,3,2,1,3,4738600,-22100,3,2,2,0,1,1,0,64,1,0,1,0,1,0,1,0,1
200600015717,6,3,26,115,4,1,2,1,4725100,5300,3,2,0,0,1,1,0,60,2,0,1,0,2,0,1,2,1
200600015723,6,3,31,1715,1,1,1,1,4757100,-72000,3,2,2,0,1,1,0,58,1,0,1,0,0,0,2,0,1
200600015724,6,3,20,1700,1,1,1,1,4756700,-42000,3,2,0,0,0,1,0,50,1,2,1,0,1,0,1,0,1
200600015725,6,3,27,815,1,1,1,1,4785700,-76600,4,2,0,0,1,0,0,38,1,0,1,0,1,0,1,0,1
200600015726,6,3,31,440,3,1,2,1,4784300,-66000,3,2,2,0,1,1,0,60,2,0,1,0,2,0,2,0,1
200600015727,6,3,4,30,3,1,1,6,4831000,-99400,2,2,2,0,1,1,0,72,1,0,1,0,1,1,1,0,1
200600015728,6,3,12,1900,1,1,1,2,4838200,-84100,3,2,2,0,1,1,0,80,1,0,1,0,0,0,3,0,1
200600015729,6,3,26,1845,1,2,1,3,4834100,-74300,3,2,2,0,4,3,0,51,1,0,1,0,1,1,0,0,1
200600015730,6,3,15,1415,1,1,1,6,4842700,-60700,3,2,1,0,1,2,0,0,1,0,1,0,0,0,1,1,1
200600015731,6,3,5,1500,1,1,1,7,4786100,34000,3,2,0,0,1,1,0,45,1,0,1,0,0,1,0,0,1
200600015735,6,3,16,1645,1,1,1,7,4800000,14000,4,2,2,0,2,0,0,0,1,0,1,0,1,0,1,0,1
200600015737,6,3,24,1630,1,1,8,7,4793200,-3500,3,2,0,0,3,3,0,50,2,0,3,0,0,0,1,0,1
200600015738,6,3,2,2330,3,1,1,6,4777800,27700,3,2,0,0,1,1,0,62,1,0,1,0,0,0,1,0,1
200600015739,6,3,28,2015,1,1,1,7,4783300,-34300,4,0,0,0,1,1,0,40,1,0,1,0,0,0,1,0,1
200600015741,6,3,15,1730,1,1,1,3,4817400,62800,3,2,2,0,2,1,0,110,1,5,1,0,0,0,4,0,1
200600015743,6,3,5,230,3,1,1,5,4821000,13000,2,2,0,0,1,1,0,65,1,0,0,0,1,0,2,0,1
200600015752,6,3,1,1330,1,6,1,1,4646800,-79200,4,0,0,0,1,2,0,0,1,5,1,0,1,0,1,0,1
200600015753,6,3,18,1245,1,2,1,3,4645000,-116000,3,2,0,0,1,3,0,78,1,0,1,0,1,0,1,1,1
200600015757,6,3,11,1045,1,1,1,6,4686400,-169200,3,0,2,0,1,1,0,40,1,0,3,0,0,1,0,0,1
200600015761,6,3,19,215,3,1,1,6,4457200,-71400,3,2,2,0,1,1,0,60,1,0,3,0,3,1,0,0,1
200600015762,6,3,15,1815,1,2,1,3,4465300,-97100,4,2,2,0,1,1,0,58,1,0,1,0,1,0,2,0,1
200600015765,6,3,5,100,3,9,4,7,4488000,-37000,2,3,0,0,1,3,20,80,2,3,3,0,0,0,1,0,1
200600015766,6,3,22,1915,1,6,1,3,4491200,-48600,3,2,2,0,1,1,0,50,1,5,1,0,1,0,1,0,1
200600015767,6,3,23,2130,5,1,2,3,4491300,-48300,3,2,3,0,1,1,0,105,2,0,1,0,1,0,1,0,1
200600015768,6,3,28,1615,1,1,1,6,4489700,-50100,3,2,0,0,1,3,0,0,1,5,1,0,1,0,1,0,1
200600015772,6,3,14,1630,1,1,1,6,4483000,-47000,3,2,2,0,2,1,0,90,1,0,3,0,0,0,1,0,1
200600015774,6,3,31,1215,1,1,1,5,4485000,-50000,9,0,0,0,4,1,0,45,1,0,0,0,2,0,1,0,1
200600015779,6,3,26,1815,1,1,1,6,4503900,-42700,4,2,2,0,0,2,0,70,1,0,1,0,0,0,1,0,1
200600015781,6,3,14,1845,1,2,1,3,4505700,-78200,3,2,2,0,1,1,0,77,1,0,1,0,2,0,1,0,1
200600015783,6,3,14,1145,1,1,1,7,4507800,-72500,3,2,2,0,1,1,0,60,1,0,1,0,0,0,1,0,1
200600015787,6,3,25,1430,1,1,1,6,4499000,-20700,3,2,2,0,1,2,0,63,1,0,1,0,0,1,0,0,1
200600015793,6,3,18,1315,1,1,2,3,4534000,105200,3,2,2,0,0,1,0,40,2,0,1,0,1,0,1,0,1
200600015798,6,3,12,730,2,1,1,7,4550100,81500,3,2,2,0,1,1,0,30,9,0,1,0,0,0,1,0,1
200600015806,6,3,23,830,1,1,1,5,4387000,-44800,3,2,2,0,1,1,0,62,1,0,1,0,2,1,0,0,1
200600015809,6,3,11,545,3,1,3,6,4354200,-100900,3,2,0,0,2,1,0,35,2,2,1,0,0,0,1,0,1
200600015810,6,3,27,730,2,1,1,4,4353800,-101000,3,2,2,0,1,2,0,60,1,0,3,0,3,0,0,1,1
200600015811,6,3,20,230,5,1,1,6,4370800,-143200,4,1,1,0,0,1,0,68,1,0,1,0,0,0,1,1,1
200600015815,6,3,8,1045,1,6,8,2,4439800,-116400,9,1,1,0,1,2,0,0,2,5,1,0,1,0,1,0,1
200600015816,6,3,10,2045,3,1,3,1,4445900,-123000,3,2,2,0,1,1,0,63,2,0,1,0,2,0,1,0,1
200600015823,6,3,26,245,5,6,1,7,4425000,64400,2,0,0,0,1,2,78,0,1,0,1,0,0,0,1,0,1
200600015824,6,3,25,1045,1,3,1,1,4431400,73900,3,2,2,0,1,1,0,66,1,0,1,0,2,0,1,0,1
200600015825,6,3,8,745,1,1,2,2,4453500,13000,4,2,2,0,1,1,0,62,2,0,1,0,0,0,1,1,1
200600015826,6,3,31,445,3,1,2,6,4457300,32300,3,2,0,0,1,3,0,72,1,0,3,0,0,0,1,0,1
200600015829,6,3,24,1830,1,9,1,6,4439900,30300,2,2,2,0,1,1,0,80,1,6,1,0,1,0,1,0,1
200600015830,6,3,26,415,3,1,1,6,4444600,38800,3,2,0,0,0,2,0,60,1,0,3,0,0,1,0,0,1
200600015834,6,3,2,2245,3,1,1,6,4324000,-38000,2,2,2,0,1,2,0,72,1,0,3,0,0,1,0,0,1
200600015836,6,3,23,1600,1,1,1,6,4325700,-29500,3,2,0,0,1,1,0,50,1,0,1,0,0,0,1,0,1
200600015839,6,3,3,1615,1,1,1,6,4356400,-26900,3,2,2,0,2,1,0,72,1,0,1,3,1,0,3,0,1
200600015841,6,3,14,2100,3,1,1,6,4310400,-85200,4,2,1,0,1,2,0,30,1,0,0,0,0,0,1,0,1
200600015849,6,3,9,830,1,1,1,1,4336900,-63900,3,2,2,0,2,2,0,78,2,0,1,0,0,1,1,0,1
200600015851,6,3,15,830,1,1,9,6,4347800,-92500,3,2,2,0,1,1,0,50,1,6,1,0,1,0,1,0,1
200600015853,6,3,9,845,1,1,2,1,4659200,27800,3,2,2,0,1,1,0,60,2,0,1,0,0,0,1,1,1
200600015856,6,3,16,1700,1,1,1,3,4648800,27200,2,3,0,0,0,1,0,0,1,3,3,0,1,0,1,0,1
200600015857,6,3,22,930,1,1,1,3,4638700,41300,3,2,2,0,1,1,0,50,1,5,1,0,0,0,1,1,1
200600015859,6,3,6,1330,1,1,2,1,4685400,38400,3,2,2,0,1,1,0,45,2,0,1,0,1,0,1,0,1
200600015861,6,3,16,730,1,1,1,1,4700500,7400,2,2,2,0,1,1,0,145,1,5,1,0,1,0,1,0,1
200600015862,6,3,29,715,2,1,2,1,4705500,4100,2,2,2,0,1,2,0,82,2,0,1,0,1,0,1,0,1
200600015864,6,3,16,1300,1,1,1,1,4691000,8800,3,2,2,0,1,1,0,50,1,0,1,0,2,0,1,0,1
200600015865,6,3,24,715,1,1,2,6,4607400,37300,3,2,2,0,0,2,0,65,2,0,3,0,0,0,1,0,1
200600015870,6,3,19,615,2,1,8,6,4579400,41700,2,3,4,0,1,2,10,150,2,3,3,0,0,1,0,0,1
200600015873,6,3,24,1945,3,1,2,1,4619300,-106900,3,2,2,0,2,1,0,58,2,0,1,0,1,0,1,0,1
200600015877,6,3,25,1945,5,1,1,7,4616000,-133100,4,2,2,0,1,0,0,35,1,0,1,0,0,0,1,0,1
200600015878,6,3,21,1945,3,1,1,6,4554500,-34100,3,2,2,0,1,1,0,62,1,0,3,0,0,0,1,0,1
200600015879,6,3,30,1600,1,3,2,3,4530000,-36400,3,2,1,0,1,3,0,49,2,0,1,0,1,0,1,1,1
200600015880,6,3,3,1800,1,1,2,2,4583400,-110100,3,2,2,0,1,1,0,0,2,0,1,0,0,0,1,1,1
200600015881,6,3,8,1030,1,1,1,1,4591600,-96600,3,2,2,0,1,2,15,135,1,0,1,0,0,0,1,0,1
200600015882,6,3,5,2215,3,1,1,6,4568000,-97000,3,2,0,0,1,3,0,0,1,0,3,0,0,0,1,0,1
200600015883,6,3,2,715,2,1,9,5,4578100,-55200,3,2,2,0,1,2,0,64,7,0,1,0,1,0,1,1,1
200600015884,6,3,4,515,3,1,3,1,4578000,-56000,3,2,2,0,1,2,0,61,3,0,3,0,1,0,1,0,1
200600015890,6,3,18,1945,3,3,2,3,4628300,-52400,2,2,2,0,1,2,0,70,2,0,1,0,2,0,2,0,1
200600015891,6,3,25,2130,3,1,1,6,4635500,-13100,3,2,0,0,2,2,0,67,1,0,3,0,0,1,0,1,1
200600015892,6,3,31,1240,1,1,1,2,4682000,-55000,3,2,2,0,1,3,0,0,1,0,1,0,1,0,1,0,1
200600015898,6,3,26,1645,1,1,1,1,4591500,137500,3,2,2,0,1,2,0,70,1,0,1,0,0,0,2,0,1
200600015900,6,3,17,2315,5,1,1,1,4611300,91300,3,2,2,0,1,3,0,85,1,0,1,0,1,0,1,0,1
200600015903,6,3,25,1130,1,1,2,1,4555000,167000,4,2,2,0,2,3,0,31,2,0,1,0,2,0,0,1,1
200600015904,6,3,21,1500,1,1,1,6,4536600,247200,3,2,2,0,1,1,0,77,1,0,1,0,1,0,1,0,1
200600015905,6,3,4,500,5,1,3,6,4560600,192100,4,2,2,0,2,1,0,70,2,0,3,0,0,0,1,1,1
200600015906,6,3,13,715,1,1,1,5,4618400,191100,2,3,4,0,1,1,7,207,1,0,1,0,3,0,1,0,1
200600015907,6,3,26,1630,1,1,1,6,4610400,200600,3,2,2,0,2,1,0,73,1,0,1,0,0,0,0,2,1
200600015908,6,3,10,2245,3,2,1,3,4640500,219300,3,2,0,0,1,1,0,57,1,0,1,0,1,0,2,0,1
200600015909,6,3,6,730,1,1,9,5,4620200,220400,2,2,0,0,0,3,0,67,2,0,1,0,1,1,1,0,1
200600015910,6,3,13,1600,1,1,1,7,4620000,149000,3,2,2,0,4,2,0,56,1,0,1,0,0,0,1,0,1
200600015911,6,3,23,1845,2,1,2,5,4625000,149000,3,2,0,0,3,1,0,100,2,0,1,0,2,0,0,2,1
200600015912,6,3,9,2230,3,1,1,7,4597300,197100,3,2,2,0,0,2,0,50,1,0,3,0,0,0,1,0,1
200600015914,6,3,4,2045,3,1,2,1,4361300,151700,3,2,2,0,0,2,0,60,2,0,1,0,1,0,1,0,1
200600015915,6,3,6,2100,5,1,1,3,4362900,149700,3,2,2,0,2,1,30,52,2,5,1,0,1,1,0,0,1
200600015916,6,3,4,1100,1,1,1,6,4379900,145300,3,2,2,0,1,1,0,60,1,0,1,0,0,0,1,0,1
200600015919,6,3,11,200,3,1,3,6,4372200,125000,3,2,2,0,1,1,0,60,2,0,3,0,0,0,1,0,1
200600015920,6,3,17,2100,5,1,1,1,4356900,130200,9,2,2,0,1,3,0,60,1,0,1,0,0,0,1,2,1
200600015921,6,3,19,2130,5,1,1,1,4356400,128200,3,2,0,0,1,1,0,62,1,0,3,0,1,0,1,1,1
200600015922,6,3,16,1945,5,1,1,6,4354800,141700,3,2,4,0,1,1,0,140,1,0,1,0,0,1,1,0,1
200600015923,6,3,21,1500,1,1,1,6,4354600,141500,3,3,0,0,0,1,0,150,1,5,1,0,0,0,1,0,1
200600015925,6,3,28,1215,1,1,1,3,4354000,147000,3,2,2,0,2,1,0,0,1,0,1,0,2,0,1,0,1
200600015926,6,3,17,100,5,1,1,3,4369200,140800,3,2,2,0,0,3,0,60,1,0,1,0,1,0,1,1,1
200600015928,6,3,20,2100,5,1,1,3,4366200,145600,3,3,2,0,1,1,0,70,1,0,1,0,1,0,2,0,1
200600015930,6,3,6,2245,3,1,2,6,4339300,142200,3,2,2,0,1,1,60,60,2,0,3,0,0,0,2,0,1
200600015931,6,3,12,615,2,1,1,6,4337400,147200,3,2,2,0,1,1,0,70,1,0,1,0,0,0,1,0,1
200600015932,6,3,14,2015,2,1,1,1,4331400,146300,3,2,2,0,1,2,0,55,1,0,1,0,0,2,0,1,1
200600015933,6,3,22,1600,1,1,1,3,4329300,153700,2,2,2,0,1,1,0,75,1,0,1,0,1,0,1,0,1
200600015934,6,3,31,800,1,1,1,5,4335700,147000,2,2,2,0,1,1,0,100,1,0,1,0,1,0,0,2,1
200600015936,6,3,4,2230,5,1,1,7,4329300,106900,3,2,0,0,1,1,0,0,1,0,3,0,1,0,0,1,1
200600015937,6,3,22,2015,3,1,1,6,4333700,112400,3,2,2,0,1,2,0,0,1,0,0,0,0,0,1,0,1
200600015938,6,3,25,1515,1,1,1,2,4322600,111600,3,2,0,0,1,1,0,60,1,0,1,0,1,0,1,0,1
200600015940,6,3,4,2015,5,3,1,3,4308400,57700,4,2,0,0,1,2,0,70,1,5,1,0,0,0,1,0,1
200600015941,6,3,6,1730,1,1,1,3,4312100,67500,3,2,2,0,1,1,0,68,1,0,1,0,0,0,3,0,1
200600015942,6,3,14,1445,1,6,1,6,4309500,57900,2,2,0,0,1,0,0,30,1,0,1,0,1,0,1,0,1
200600015943,6,3,14,1745,1,1,1,3,4283200,60100,3,2,2,0,1,1,0,84,1,0,1,0,1,0,1,0,1
200600015944,6,3,17,1730,1,6,1,7,4294400,65100,3,2,2,0,1,3,10,70,1,0,1,0,0,0,1,0,1
200600015947,6,3,16,1930,5,2,1,3,4340000,171800,3,1,1,0,1,1,0,76,1,0,1,0,2,0,0,1,1
200600015948,6,3,3,2100,3,1,1,5,4348800,202400,3,2,2,0,3,1,0,70,1,0,1,0,1,0,2,1,1
200600015949,6,3,4,1800,1,1,1,1,4292000,188000,3,0,2,0,2,3,0,70,1,0,1,0,2,0,1,0,1
200600015950,6,3,14,1030,1,2,1,3,4292000,184000,4,2,2,0,1,1,0,60,1,5,1,3,1,0,1,0,1
200600015953,6,3,3,1630,1,1,1,6,4321300,135600,4,2,0,0,1,1,0,33,9,0,3,0,0,0,1,0,1
200600015954,6,3,5,2245,3,1,1,6,4315700,136300,3,2,2,0,1,4,0,58,0,0,0,0,0,0,1,0,1
200600015955,6,3,26,715,1,1,1,6,4303700,107900,3,2,2,0,0,2,0,73,1,0,1,0,0,0,1,0,1
200600015957,6,3,6,1345,1,1,1,3,4435000,248400,3,2,2,0,1,1,0,0,0,0,1,0,0,0,1,1,1
200600015958,6,3,17,645,1,1,1,6,4443700,268000,3,2,0,0,1,1,0,77,1,0,3,0,0,1,0,0,1
200600015959,6,3,25,2200,3,1,1,1,4444600,268800,3,2,2,0,4,3,77,0,1,0,1,0,0,1,1,0,1
200600015961,6,3,24,1745,1,2,8,3,4446500,222400,3,2,2,0,1,1,0,124,2,0,1,0,1,0,1,0,1
200600015964,6,3,24,545,2,1,8,1,4407500,298900,3,2,0,3,1,1,32,101,2,5,1,0,1,0,1,0,1
200600015970,6,3,28,1900,1,1,7,6,4442500,200300,3,2,2,0,1,1,0,51,1,0,3,0,0,0,1,0,1
200600015972,6,3,11,1545,1,1,1,1,4361000,98000,2,2,2,0,3,1,0,79,1,0,1,0,0,0,2,0,1
200600015973,6,3,31,1215,1,1,1,3,4361700,107600,3,4,0,0,1,1,0,0,1,5,1,0,1,0,1,0,1
200600015975,6,3,4,1200,1,1,1,6,4387700,14000,3,2,2,0,1,1,0,84,1,0,3,0,0,0,1,0,1
200600015979,6,3,19,1330,1,1,1,7,4386600,69700,9,0,0,0,0,1,0,0,1,0,1,0,0,0,1,0,1
200600015981,6,3,4,1200,1,2,1,3,4360900,4900,3,2,2,0,1,1,0,60,1,0,1,0,3,0,2,0,1
200600015982,6,3,12,1445,1,1,1,1,4451600,125600,3,2,2,0,1,2,0,67,1,0,1,0,0,1,0,2,1
200600015983,6,3,5,2000,3,1,2,6,4462300,126900,3,2,0,0,1,1,0,35,2,0,1,0,0,0,1,1,1
200600015986,6,3,18,1715,1,1,2,7,4471700,191100,3,2,2,0,1,3,0,65,2,0,1,0,2,0,2,0,1
200600015987,6,3,22,1345,1,1,1,5,4471000,190800,2,2,2,0,2,1,93,75,1,0,1,0,2,0,1,0,1
200600015988,6,3,3,1300,1,1,1,6,4464000,155000,3,2,2,0,1,3,0,59,0,0,3,0,0,0,1,0,1
200600015993,6,3,17,1900,1,1,1,6,4378400,218500,3,2,2,0,2,1,0,36,1,0,1,0,0,0,1,0,1
200600015995,6,3,12,315,3,1,1,6,4368100,215700,3,2,2,0,2,3,0,0,1,0,1,0,0,0,1,0,1
200600015996,6,3,4,915,1,1,1,1,4377900,168700,3,2,2,0,1,1,0,75,1,0,1,0,1,0,1,0,1
200600015997,6,3,16,2330,3,1,1,7,4370000,183000,3,2,2,0,1,1,0,76,1,0,3,0,0,0,1,1,1
200600015998,6,3,4,645,2,1,1,3,4369000,221000,2,2,0,0,4,1,0,60,2,0,1,0,3,0,1,0,1
200600015999,6,3,25,1445,1,9,1,3,4348100,266000,3,2,0,0,1,1,0,70,1,0,1,0,2,1,1,0,1
200600016000,6,3,31,1345,1,1,1,2,4349800,244100,3,2,2,0,1,1,0,105,1,0,1,0,1,0,1,0,1
200600016001,6,3,9,315,3,1,1,6,4352700,229600,2,2,2,0,1,1,0,75,1,0,3,0,0,0,1,0,1
200600016003,6,3,24,530,3,1,1,5,4358700,182800,2,2,2,0,1,1,0,77,1,0,1,0,4,1,1,0,1
200600016004,6,3,11,1530,1,1,1,6,4427300,148500,3,2,0,0,1,1,0,36,9,2,1,0,0,1,0,0,1
200600016007,6,3,25,2030,5,1,1,7,4416000,153300,3,2,2,0,1,1,0,60,1,0,1,0,0,0,2,0,1
200600016012,6,3,16,815,1,2,1,3,4388700,123700,4,2,0,0,1,1,0,39,1,0,1,0,2,0,1,0,1
200600016014,6,3,29,1753,1,1,1,1,4383100,129800,3,2,0,0,1,1,0,60,1,0,1,0,1,0,1,0,1
200600016017,6,3,24,2115,3,1,8,1,4436400,96400,3,2,2,0,3,1,0,62,2,0,1,0,0,2,1,0,1
200600016018,6,3,30,1015,1,1,1,6,4427500,94900,3,2,2,0,2,3,0,62,1,0,3,0,0,1,1,0,1
200600016020,6,3,30,115,5,1,1,6,4403500,103700,3,2,2,0,1,1,0,63,1,5,3,0,0,0,5,0,1
200600016021,6,3,25,300,5,9,2,6,4395300,123400,3,2,0,0,0,3,0,0,1,0,1,0,0,0,3,0,1
200600016026,6,3,15,2015,5,2,1,3,4570700,480500,4,1,1,0,1,1,0,30,1,5,1,0,0,0,0,2,1
200600016034,6,3,8,1800,2,1,1,6,4563400,446700,3,2,2,0,1,4,0,70,1,0,3,0,0,0,0,1,1
200600016035,6,3,31,2030,3,1,1,6,4566600,457200,3,2,2,0,2,2,0,75,1,0,1,0,0,0,1,0,1
200600016037,6,3,21,1830,2,1,2,1,4593800,472300,4,2,2,0,0,0,0,71,2,0,1,0,1,0,1,1,1
200600016038,6,3,14,1800,1,1,1,3,4614700,460200,3,3,2,0,2,1,38,77,1,5,1,0,0,0,0,2,1
200600016039,6,3,26,1515,1,1,1,6,4616800,469100,4,2,2,0,1,1,0,30,1,0,1,0,2,0,1,0,1
200600016040,6,3,3,1830,1,1,1,3,4611100,475100,3,2,0,0,1,1,0,0,1,0,1,0,1,0,0,1,1
200600016041,6,3,19,130,3,1,1,7,4609600,467200,3,2,2,0,2,4,0,50,2,0,3,0,3,0,1,0,1
200600016042,6,3,19,1630,1,1,1,2,4606900,473300,3,2,2,0,1,1,0,65,1,0,1,0,1,0,1,0,1
200600016043,6,3,26,1145,1,2,1,3,4611000,464400,3,2,2,0,3,1,0,55,1,0,1,0,1,0,1,0,1
200600016044,6,3,28,715,1,1,2,3,4606400,471200,3,2,0,0,0,3,0,66,2,0,1,3,0,0,1,1,1
200600016045,6,3,29,1245,1,1,1,1,4605700,469100,3,2,1,0,1,1,0,62,1,0,1,0,0,0,0,2,1
200600016046,6,3,4,1100,1,1,2,1,4587000,465000,3,2,2,1,1,1,0,0,2,5,1,0,1,0,1,0,1
200600016050,6,3,7,2145,3,1,2,3,4616000,527000,2,2,0,0,1,1,0,140,2,0,1,0,1,1,1,0,1
200600016052,6,3,1,145,5,1,1,7,4645500,494900,3,2,2,0,1,1,0,61,7,0,3,0,0,0,1,1,1
200600016058,6,3,23,1145,1,1,2,1,4589600,553000,2,2,0,0,1,3,0,65,8,2,1,0,1,0,1,0,1
200600016059,6,3,26,1515,1,1,1,1,4582000,562600,3,2,2,0,2,4,0,70,1,0,1,0,1,0,1,0,1
200600016061,6,3,19,1515,1,1,1,1,4596200,534600,4,2,0,0,0,2,0,55,1,0,1,0,2,1,0,0,1
200600016071,6,3,19,400,3,1,2,1,4607100,477300,3,2,2,0,1,1,0,70,2,0,3,0,0,0,2,0,1
200600016072,6,3,23,1830,1,1,1,1,4607800,476500,3,2,2,0,1,1,0,59,1,0,1,0,0,0,4,0,1
200600016075,6,3,2,1530,1,1,1,1,4432900,461800,3,2,2,0,1,1,0,61,1,0,1,0,0,0,1,1,1
200600016076,6,3,13,1700,1,1,6,6,4430700,458300,3,2,0,0,1,2,0,45,1,0,3,0,0,0,1,0,1
200600016077,6,3,18,1800,1,1,1,6,4438000,464000,3,2,0,0,2,3,0,60,1,0,1,0,0,0,1,0,1
200600016082,6,3,26,1600,1,1,1,6,4469000,406500,3,2,2,0,2,2,0,72,1,0,3,0,0,0,1,0,1
200600016086,6,3,5,1015,1,1,1,6,4490100,464600,9,0,0,0,0,0,0,0,0,0,0,0,1,0,0,1,1
200600016087,6,3,11,500,3,1,2,7,4491000,469100,3,2,2,0,1,3,0,30,2,0,1,0,0,0,0,1,1
200600016088,6,3,3,1600,1,1,2,6,4509100,462900,3,2,2,0,2,2,0,41,2,0,1,3,1,0,1,0,1
200600016092,6,3,18,330,3,1,1,6,4485400,485300,2,2,3,0,1,1,0,110,1,0,3,0,0,1,1,0,1
200600016097,6,3,25,445,3,1,1,6,4464000,479000,3,2,2,0,4,2,0,100,2,0,3,0,1,1,1,0,1
200600016103,6,3,3,1345,1,1,1,1,4530200,481700,4,2,1,0,1,0,0,62,1,0,1,0,2,0,0,1,1
200600016104,6,3,14,730,1,1,1,1,4529600,481500,3,2,2,0,2,1,0,76,1,0,1,0,1,0,1,0,1
200600016108,6,3,7,1700,1,1,1,7,4512900,571200,4,2,2,0,2,2,0,70,1,0,3,0,0,0,2,0,1
200600016110,6,3,18,1900,5,1,1,1,4538900,606100,3,2,2,0,1,1,0,70,1,0,1,0,0,0,4,3,1
200600016111,6,3,2,1830,5,1,1,1,4520600,567500,4,2,2,0,1,3,0,0,1,0,1,0,1,0,0,2,1
200600016113,6,3,20,800,1,9,2,6,4533100,543500,3,2,2,0,1,2,9,70,2,0,1,0,0,0,1,0,1
200600016114,6,3,7,1315,1,1,1,6,4528500,554600,6,0,0,0,1,1,0,0,1,0,0,3,1,0,0,1,1
200600016115,6,3,19,1815,1,1,1,3,4527900,547700,2,2,2,0,1,1,0,63,1,0,1,0,1,0,2,0,1
200600016119,6,3,12,1430,1,1,2,2,4582000,540000,3,2,2,0,1,1,0,66,2,0,1,0,1,0,1,0,1
200600016121,6,3,31,1730,1,1,1,6,4582800,539500,3,2,0,0,1,1,0,60,1,0,1,0,0,0,1,1,1
200600016123,6,3,29,1030,1,1,3,1,4569300,538500,3,2,0,0,0,2,0,0,2,0,1,0,0,0,1,1,1
200600016124,6,3,9,2015,3,1,3,6,4556000,544000,3,2,1,0,1,1,0,64,2,0,3,0,0,0,1,1,1
200600016125,6,3,21,1830,2,6,1,2,4555000,548000,2,1,1,0,1,2,0,63,1,5,1,3,1,0,1,0,1
200600016129,6,3,28,1630,1,1,1,1,4535100,508800,3,2,2,0,1,1,0,60,1,0,1,0,1,0,2,0,1