Num_Acc,an,mois,jour,hrmn,lum,int,atm,col,lat,long,catr,circ,nbv,vosp,prof,plan,lartpc,larrout,surf,infra,situ,env1,unscathed,killed,hospital,light,chance
200600016130,6,3,31,1830,1,1,1,2,4535000,507800,3,2,2,0,1,1,0,60,1,0,1,0,2,0,0,1,1
200600016134,6,3,21,930,1,1,2,1,4540300,480900,2,2,1,0,1,0,0,0,2,5,1,0,0,0,1,2,1
200600016139,6,3,25,1645,1,2,1,3,4572700,416900,3,2,2,0,1,1,0,53,1,0,1,0,3,0,1,0,1
200600016147,6,3,8,1615,1,1,1,1,4615900,416400,3,2,0,0,1,1,0,75,1,0,1,0,0,0,2,0,1
200600016153,6,3,31,1015,1,1,1,1,4551800,609000,2,2,2,0,1,1,0,76,1,0,0,0,0,0,2,0,1
200600016154,6,3,2,1345,1,1,1,1,4550500,584300,2,2,2,0,0,4,0,73,1,0,1,0,0,0,1,1,1
200600016155,6,3,9,1715,1,1,2,1,4556000,567600,3,2,2,0,0,1,0,71,2,0,1,0,0,0,1,3,1
200600016156,6,3,14,1015,1,1,1,6,4559900,577200,3,2,2,0,0,2,0,65,1,0,4,0,1,0,1,0,1
200600016157,6,3,26,1615,1,1,1,1,4554600,581700,3,2,2,0,1,1,0,60,1,0,1,0,1,0,1,0,1
200600016158,6,3,31,1645,1,1,1,3,4560400,576500,3,2,2,0,2,1,0,60,1,0,1,0,1,0,1,0,1
200600016160,6,3,20,630,2,1,2,1,4559500,627300,2,2,2,0,1,1,0,0,2,0,1,0,0,0,2,0,1
200600016161,6,3,6,1630,1,1,8,1,4578200,654000,3,2,2,0,0,2,0,70,5,0,1,0,1,0,1,0,1
200600016163,6,3,6,1715,1,1,1,3,4519700,663600,2,2,2,0,1,1,0,70,1,5,1,0,1,0,1,0,1
200600016164,6,3,18,845,1,1,1,6,4521100,667400,3,2,2,0,2,3,0,61,1,0,1,0,0,0,0,1,1
200600016169,6,3,10,1900,3,1,4,1,4592100,637900,3,2,2,0,2,1,0,71,5,0,1,0,1,0,1,0,1
200600016170,6,3,24,1000,1,1,2,1,4588700,632200,3,2,0,0,1,1,0,0,2,0,4,0,0,0,0,1,1
200600016177,6,3,7,1145,3,1,1,1,4614900,626500,3,2,2,0,1,3,0,72,2,0,1,0,0,0,1,1,1
200600016180,6,3,8,1700,1,1,1,1,4606300,598500,3,2,2,0,2,3,0,60,2,0,1,0,1,1,0,0,1
200600016187,6,3,11,600,2,1,1,1,4621600,667200,3,2,2,0,1,1,0,0,5,0,1,0,1,0,1,0,1
200600016188,6,3,3,1130,1,1,6,6,4568000,314000,3,2,2,0,2,2,0,0,1,0,1,0,0,0,0,1,1
200600016189,6,3,30,1445,1,1,1,3,4541100,372500,3,0,0,0,1,1,0,66,0,0,1,0,1,1,0,0,1
200600016194,6,3,26,1530,1,1,1,4,4554600,298300,3,2,2,0,2,3,0,65,1,0,1,0,2,0,0,1,1
200600016196,6,3,19,1800,1,1,1,7,4546200,324100,4,2,2,0,0,0,0,40,0,0,1,0,0,0,1,0,1
200600016199,6,3,1,1430,1,1,1,7,4592400,329600,3,2,2,0,0,2,0,50,1,0,3,0,0,0,1,0,1
200600016200,6,3,20,1715,1,1,1,2,4588600,321900,3,2,2,0,1,1,0,69,1,0,1,0,1,0,1,0,1
200600016202,6,3,12,1145,1,1,1,7,4613600,257000,9,0,1,0,0,3,30,0,9,0,0,0,0,0,1,0,1
200600016207,6,3,2,1745,2,1,1,6,4651000,367000,3,2,2,0,1,1,0,66,1,0,1,0,0,0,1,0,1
200600016211,6,3,26,2100,5,1,1,6,4661700,355400,3,2,2,0,1,1,0,80,1,0,0,0,2,0,1,1,1
200600016213,6,3,2,1800,1,2,1,3,4625000,334000,3,2,2,0,2,1,0,56,1,0,1,0,0,0,2,0,1
200600016214,6,3,12,2200,5,1,1,7,4631000,329000,9,2,2,0,1,1,0,60,1,0,4,0,0,0,2,0,1
200600016216,6,3,19,430,3,1,2,6,4627300,264400,3,2,2,0,1,1,0,50,2,0,3,0,0,0,1,0,1
200600016218,6,3,16,1500,2,1,1,1,4628400,358800,3,2,1,0,1,1,0,58,1,0,1,0,1,0,4,0,1
200600016219,6,3,23,1530,1,9,1,6,4625200,363500,2,2,2,0,1,1,0,60,1,0,1,0,1,0,1,0,1
200600016221,6,3,10,1500,1,2,4,3,4494300,287700,3,2,0,3,1,1,0,98,2,5,1,0,1,1,0,0,1
200600016223,6,3,9,1545,1,1,2,1,4528600,389600,3,2,0,0,2,3,0,61,2,0,1,0,1,0,2,0,1
200600016224,6,3,19,200,3,2,2,3,4529800,388500,3,2,2,0,0,2,0,71,2,5,1,0,1,0,1,0,1
200600016226,6,3,11,1915,5,1,1,6,4521300,349800,2,2,2,0,1,1,0,93,1,0,1,0,2,0,1,0,1
200600016230,6,3,29,1030,1,1,1,1,4526000,421800,4,2,2,0,1,1,0,33,1,0,1,0,1,0,1,0,1
200600016242,6,3,10,745,1,1,1,3,4921000,669600,9,2,1,0,1,1,0,78,1,0,1,0,1,0,1,0,1
200600016245,6,3,19,1545,1,1,1,1,4915900,697700,3,2,2,0,1,1,0,60,1,0,1,0,1,0,1,0,1
200600016246,6,3,24,1700,1,1,1,2,4916200,697000,3,2,2,0,1,1,0,60,1,0,1,0,1,0,1,1,1
200600016247,6,3,28,1915,2,1,2,6,4909200,695600,3,2,2,0,1,1,0,51,2,0,3,0,0,0,2,0,1
200600016253,6,3,13,1915,5,4,1,1,4874700,615500,2,2,2,1,0,1,0,0,1,3,1,0,0,0,1,0,1
200600016262,6,3,3,1430,1,1,1,1,4911500,555900,3,2,0,0,1,1,0,56,2,0,1,0,0,0,2,0,1
200600016264,6,3,10,1215,1,1,1,2,4836700,626000,3,2,2,0,1,1,0,68,1,0,1,0,1,0,1,0,1
200600016266,6,3,3,1300,1,1,1,2,4825400,641900,9,0,0,0,1,0,0,0,1,5,1,0,0,0,0,2,1
200600016267,6,3,8,1945,5,1,2,3,4824000,643000,4,2,2,0,1,1,0,0,2,0,1,0,1,0,1,0,1
200600016268,6,3,6,1800,2,1,8,3,4830700,581800,3,2,2,0,2,2,0,101,2,0,1,0,0,1,2,0,1
200600016269,6,3,19,1845,5,1,1,1,4793000,666000,2,2,2,0,1,1,0,76,1,5,1,0,1,0,2,1,1
200600016271,6,3,27,1800,1,1,3,3,4839000,697000,3,2,2,0,0,2,0,78,2,0,1,0,0,0,1,1,1
200600016272,6,3,26,1800,1,1,1,1,4838500,690600,4,2,1,0,2,2,0,40,1,0,1,0,1,0,1,0,1
200600016273,6,3,1,735,1,9,4,1,4835100,763200,3,2,0,0,1,3,0,60,5,2,1,0,1,0,0,1,1
200600016275,6,3,23,1030,1,1,1,6,4846700,748300,4,0,0,0,0,1,0,40,1,0,1,0,1,1,0,0,1
200600016276,6,3,28,2015,3,1,8,6,4846800,748800,4,1,1,0,1,0,90,0,2,0,1,0,1,0,1,0,1
200600016277,6,3,31,1430,5,1,1,1,4854100,749300,4,2,2,0,1,1,0,60,0,0,1,0,2,0,1,0,1
200600016280,6,3,13,2115,5,1,1,6,4846900,720800,4,2,2,0,1,1,0,0,1,0,3,0,0,0,1,0,1
200600016287,6,3,9,1400,1,1,8,6,4888100,714000,3,2,2,0,1,1,0,57,2,0,3,0,0,0,1,0,1
200600016289,6,3,11,845,1,1,1,1,4874000,752000,3,2,0,0,1,3,0,0,1,0,1,0,1,0,1,0,1
200600016293,6,3,29,1915,1,1,1,1,4829100,741500,4,2,2,0,1,3,0,55,1,0,1,0,2,0,1,0,1
200600016296,6,3,13,755,1,1,1,4,4894400,782500,3,2,2,0,1,1,0,66,1,0,1,0,1,0,0,2,1
200600016298,6,3,14,1200,1,1,1,6,4825400,718900,2,2,2,0,1,1,0,0,1,6,1,0,1,0,1,0,1
200600016299,6,3,29,800,1,2,2,6,4807200,731100,2,4,0,0,1,0,0,0,2,5,1,0,0,0,0,1,1
200600016300,6,3,16,1400,1,1,1,6,4758300,721100,3,2,0,0,1,2,0,80,1,0,3,0,0,0,1,0,1
200600016301,6,3,8,845,1,1,8,1,4770200,728000,3,2,0,0,1,1,0,70,2,0,1,0,1,0,1,0,1
200600016305,6,3,25,2330,5,1,8,3,4777000,736100,3,2,0,2,1,1,0,0,2,5,1,0,1,1,0,1,1
200600016306,6,3,18,2330,3,1,1,7,4759200,745400,3,2,2,0,2,2,0,72,1,0,3,0,0,0,0,2,1
200600016308,6,3,2,1645,1,1,1,6,4781500,717200,3,0,0,0,0,1,0,0,1,0,1,3,1,0,0,1,1
200600016309,6,3,12,2015,3,1,1,6,4898600,425300,4,2,2,0,1,2,0,46,2,0,1,0,0,1,0,1,1
200600016311,6,3,9,2315,5,1,1,6,4909200,434800,3,2,2,0,1,2,0,58,1,0,4,0,0,0,2,0,1
200600016312,6,3,20,1400,1,1,1,7,4889600,406100,3,2,2,0,1,1,0,72,1,0,1,0,0,0,1,0,1
200600016313,6,3,23,2315,3,1,1,7,4880100,390300,3,2,2,0,1,1,0,63,1,0,0,0,0,0,1,0,1
200600016314,6,3,27,1930,1,1,1,1,4874800,443300,2,2,0,0,0,1,0,72,1,0,1,0,1,1,0,0,1
200600016315,6,3,28,1845,1,1,1,4,4873900,428400,2,2,0,0,2,1,0,72,1,0,1,0,2,0,1,0,1
200600016316,6,3,1,1000,1,1,1,7,4887700,356400,3,2,2,0,1,1,0,75,1,0,3,0,2,0,0,1,1
200600016317,6,3,10,2045,3,1,1,1,4873000,356100,2,3,3,0,2,3,0,106,1,0,1,0,1,1,0,0,1
200600016318,6,3,16,1845,1,1,1,6,4876000,342300,2,2,2,0,1,1,0,65,1,0,3,0,0,0,1,0,1
200600016319,6,3,19,130,3,1,1,7,4872900,383300,2,2,2,0,1,1,0,71,1,0,3,0,0,0,1,0,1
200600016320,6,3,25,915,1,2,1,3,4870300,376700,3,2,2,0,1,1,0,62,1,0,1,0,1,0,0,1,1
200600016323,6,3,18,30,5,1,1,6,4928000,389300,3,2,2,0,1,3,0,0,1,0,1,0,1,1,0,0,1
200600016326,6,3,8,545,5,1,2,6,4873100,458700,2,3,0,0,1,1,0,70,2,5,1,3,1,0,0,2,1
200600016328,6,3,19,1730,1,9,1,3,4867900,476600,2,3,2,0,1,1,0,0,1,5,1,0,0,0,1,2,1
200600016331,6,3,29,630,5,1,1,6,4982200,474100,3,4,0,0,0,1,0,100,1,5,1,3,1,0,0,1,1
200600016332,6,3,14,1900,5,1,1,1,4994000,464100,3,2,0,0,1,1,0,92,1,0,1,0,1,1,0,0,1
200600016333,6,3,17,1530,1,1,1,6,4999800,470800,4,2,2,0,1,1,0,57,1,0,1,3,1,0,1,0,1
200600016338,6,3,8,1745,2,1,1,3,4970900,497400,3,2,2,0,4,3,0,0,1,0,1,0,0,0,1,1,1
200600016344,6,3,2,1745,1,1,1,7,4835900,434300,3,2,2,0,1,2,0,58,1,2,1,0,0,1,1,0,1
200600016347,6,3,2,2200,3,1,1,6,4834000,456000,3,2,2,0,1,1,0,65,1,0,3,0,0,1,0,0,1
200600016349,6,3,15,2000,5,1,1,1,4812700,479100,3,2,2,0,1,1,0,69,1,0,0,0,3,0,0,1,1
200600016355,6,3,2,1215,1,1,8,1,4821000,527000,2,2,2,0,1,1,0,130,2,5,0,0,1,0,2,0,1
200600016356,6,3,16,1200,1,1,1,7,4814200,528500,3,2,2,0,1,2,0,60,1,0,1,0,0,0,0,1,1
200600016357,6,3,22,1245,1,1,2,3,4820800,514100,3,2,2,0,1,1,0,82,2,0,1,3,2,0,1,0,1
200600016360,6,3,31,1815,1,1,1,1,4784000,537400,3,2,0,0,1,4,0,100,1,2,1,0,0,1,0,1,1
200600016363,6,3,11,1600,1,1,1,7,4860400,483100,3,2,0,0,0,2,0,0,1,0,3,0,1,0,1,0,1
200600016364,6,3,30,1700,1,1,1,3,4843800,509100,3,2,2,0,0,2,0,80,1,0,1,0,0,0,1,1,1
200600016368,6,3,17,1740,1,1,1,2,4718800,538700,3,2,2,0,1,1,0,100,1,0,1,0,1,0,1,0,1
200600016369,6,3,1,2115,3,1,1,1,4726800,513600,3,2,2,0,1,1,0,80,1,0,1,0,0,0,2,0,1
200600016371,6,3,31,1330,1,1,1,1,4726200,538800,3,2,2,0,0,1,0,65,1,0,1,0,1,0,1,1,1
200600016373,6,3,22,815,1,1,5,1,4734700,473200,3,2,2,0,1,0,0,52,2,0,1,0,2,0,1,0,1
200600016374,6,3,4,1545,1,1,4,1,4700300,482500,3,2,2,0,1,3,0,0,5,0,1,0,0,0,2,0,1
200600016375,6,3,24,1300,1,1,1,1,4696700,469200,3,2,2,0,1,1,0,71,1,0,1,0,2,0,1,1,1
200600016376,6,3,27,1500,1,2,1,3,4704500,489300,3,2,2,0,1,1,0,60,1,5,1,0,0,1,1,0,1
200600016377,6,3,17,1730,1,1,1,3,4712000,497600,3,0,0,0,0,1,0,96,1,5,1,0,2,0,1,1,1
200600016378,6,3,21,2015,5,1,1,1,4718400,496700,3,3,3,0,0,1,0,114,1,0,1,0,1,0,2,0,1
200600016379,6,3,2,800,1,1,8,6,4746700,437700,3,2,2,0,1,1,0,75,5,0,3,0,0,0,2,0,1
200600016380,6,3,27,700,2,1,1,1,4729800,425600,3,2,2,0,1,1,0,45,1,0,1,0,1,0,1,0,1
200600016384,6,3,16,1730,1,1,1,3,4672600,324900,3,2,2,0,1,1,0,52,1,0,1,0,1,0,1,0,1
200600016385,6,3,11,2030,5,1,3,6,4679100,396200,3,2,2,0,2,2,0,0,2,0,1,0,1,0,0,1,1
200600016386,6,3,4,1745,1,1,4,1,4734800,337900,3,2,2,0,1,1,0,73,5,0,1,0,0,0,3,0,1
200600016389,6,3,17,2115,3,1,1,7,4756500,298900,3,0,0,0,1,1,0,60,1,0,1,0,0,0,1,0,1
200600016390,6,3,9,715,1,1,1,1,4618000,477000,3,2,2,0,2,2,0,60,2,0,1,0,0,0,0,3,1
200600016391,6,3,18,1830,2,1,1,6,4674600,393300,3,2,2,0,1,2,0,0,1,2,1,0,0,0,1,0,1
200600016396,6,3,26,1630,1,1,1,1,4621200,433800,3,0,2,0,0,1,0,0,1,0,1,0,2,0,1,0,1
200600016401,6,3,10,1200,1,1,4,1,4664100,373200,3,2,2,0,4,2,0,72,5,0,1,0,1,1,0,0,1
200600016403,6,3,23,1045,1,1,1,2,4652500,425400,3,2,2,0,2,1,0,65,1,0,1,0,0,1,0,1,1
200600016404,6,3,14,1715,1,2,1,3,4656100,499800,3,2,2,0,0,1,0,60,1,5,0,3,1,0,0,1,1
200600016405,6,3,9,1700,1,1,8,2,4675800,447600,3,2,0,0,1,1,0,54,2,6,1,3,1,0,0,1,1
200600016407,6,3,11,700,2,1,2,7,4760600,376400,2,2,2,0,1,1,0,69,2,0,3,0,1,1,0,0,1
200600016412,6,3,26,115,3,1,1,6,4789300,372000,3,2,2,0,4,2,0,60,2,0,1,0,1,0,0,1,1
200600016413,6,3,11,1230,1,1,1,7,4775200,292300,3,2,2,0,1,1,0,0,1,0,0,0,0,0,1,0,1
200600016414,6,3,29,630,3,1,2,1,4768900,314800,3,2,2,0,4,1,0,68,2,0,1,0,1,1,0,1,1
200600016415,6,3,1,745,2,1,4,7,4747800,391700,3,2,0,0,2,2,0,60,5,0,3,0,1,0,2,2,1
200600016416,6,3,18,2230,5,1,1,6,4798400,342300,3,2,0,0,1,1,0,68,1,0,4,0,0,1,1,1,1
200600016417,6,3,4,1030,1,1,2,6,4796800,348600,3,2,2,0,1,1,0,70,2,0,1,0,1,0,0,1,1
200600016418,6,3,3,430,5,1,2,3,4797300,353400,3,2,0,0,1,1,0,63,2,0,1,0,1,0,1,0,1
200600016421,6,3,8,1700,1,1,1,3,4808000,309400,3,2,0,0,0,0,0,0,0,0,1,0,1,0,1,0,1
200600016423,6,3,29,115,3,1,1,6,4813200,315800,2,2,0,0,1,1,0,74,1,0,3,0,0,0,1,0,1
200600016438,6,3,24,1045,1,1,1,7,4714500,623100,3,2,2,0,2,3,0,71,1,0,3,0,0,0,1,0,1
200600016441,6,3,16,1915,2,1,1,5,4692000,570000,3,2,0,0,1,1,0,61,1,0,1,0,3,0,2,1,1
200600016442,6,3,25,2130,5,1,1,6,4684300,571200,4,1,1,0,1,2,0,35,1,0,4,0,1,0,1,0,1
200600016446,6,3,31,2200,3,9,1,2,4701300,565400,3,2,2,0,0,3,0,51,1,0,1,0,3,0,0,1,1
200600016447,6,3,10,1230,1,1,4,6,4719700,551700,3,2,2,0,2,1,0,67,5,0,3,0,0,0,1,0,1
200600016450,6,3,15,1930,3,1,1,2,4771800,611000,3,2,2,0,1,1,0,65,1,0,1,0,1,0,1,0,1
200600016461,6,3,6,1200,1,1,1,3,4369100,571000,4,2,2,0,0,0,0,0,1,0,1,0,1,0,1,0,1
200600016465,6,3,24,1500,1,1,1,1,4348700,568800,2,0,2,0,2,1,0,92,1,0,1,0,0,0,2,1,1
200600016467,6,3,19,300,3,1,1,6,4366000,458000,3,2,0,0,0,1,0,63,1,0,0,0,0,0,2,0,1
200600016468,6,3,22,1630,1,1,1,3,4367000,459000,4,2,0,0,0,4,0,50,1,0,1,0,1,0,0,1,1
200600016469,6,3,2,1915,5,8,1,6,4389200,482900,3,2,2,0,0,1,0,0,1,4,3,0,0,0,0,1,1
200600016471,6,3,27,1300,1,1,1,3,4383000,489000,3,2,2,0,1,1,0,0,1,0,1,0,2,0,0,1,1
200600016472,6,3,6,1515,1,1,6,3,4354800,473100,3,2,2,0,1,1,0,70,1,0,1,0,1,1,3,0,1
200600016473,6,3,13,1530,1,1,6,6,4357200,471300,3,2,2,0,1,1,0,70,1,0,3,0,0,0,1,0,1
200600016482,6,3,4,1245,1,1,1,1,4336000,561000,2,2,2,0,1,1,0,70,1,0,1,0,1,1,1,0,1
200600016484,6,3,26,315,3,1,1,1,4403000,609000,2,2,2,0,1,3,0,70,1,0,1,0,0,1,2,1,1
200600016489,6,3,12,2300,3,1,1,1,4389500,572200,2,2,2,0,1,3,0,77,1,0,1,0,0,0,4,0,1
200600016490,6,3,31,700,2,1,1,7,4401800,571700,3,2,2,0,1,2,0,70,1,0,1,0,0,0,1,0,1
200600016495,6,3,7,915,1,1,6,6,4456800,593000,3,2,0,0,1,1,0,60,1,0,1,0,0,0,0,1,1
200600016497,6,3,20,1630,1,1,1,6,4446600,605400,3,2,2,0,0,1,0,60,1,0,1,0,0,0,0,2,1
200600016498,6,3,26,2045,3,1,1,1,4456500,595600,3,2,2,0,1,1,0,66,1,0,1,0,6,0,0,1,1
200600016500,6,3,22,1700,1,1,1,3,4454000,619000,3,3,2,0,1,1,0,70,1,0,3,0,1,0,1,0,1
200600016510,6,3,24,1500,1,1,8,1,4377300,719000,3,2,2,0,2,1,0,73,2,0,1,0,1,0,1,0,1
200600016512,6,3,17,815,1,1,1,3,4384500,745800,3,2,2,0,0,1,0,71,1,0,1,0,1,0,1,0,1
200600016515,6,3,5,1100,1,1,8,1,4405000,713000,3,2,0,0,2,3,0,70,2,0,1,0,1,0,1,0,1
200600016542,6,3,14,1945,2,1,1,6,4318100,604700,2,2,0,0,1,1,0,79,1,0,1,0,0,0,2,0,1
200600016543,6,3,25,1615,1,1,1,1,4315600,603500,2,2,2,0,1,1,0,74,1,0,1,0,1,0,1,0,1
200600016544,6,3,17,900,1,1,1,2,4396200,493500,3,2,2,0,1,1,0,0,1,0,1,0,0,0,1,1,1
200600016547,6,3,13,1715,1,1,1,3,4398500,487500,9,1,0,0,1,3,0,45,1,0,1,0,1,0,1,0,1
200600016549,6,3,4,1945,2,1,1,1,4371700,543600,9,2,2,0,2,1,0,64,1,0,1,0,2,0,1,0,1
200600016550,6,3,30,130,3,1,1,6,4369300,544900,5,2,1,0,1,4,0,0,9,0,1,0,2,0,1,1,1
200600016551,6,3,29,1545,1,1,1,3,4386200,523900,2,2,0,0,1,1,0,80,1,0,1,0,1,0,0,2,1
200600016552,6,3,13,745,1,1,1,2,4408000,497000,3,2,0,0,1,1,0,80,1,0,1,0,3,0,0,1,1
200600016555,6,3,21,1115,1,1,1,6,4406800,524700,3,2,1,0,2,4,0,71,1,0,1,0,0,0,2,1,1
200600016556,6,3,29,930,1,1,1,6,4402600,516200,3,2,2,0,1,1,0,0,1,0,1,0,1,0,1,0,1
200600016559,6,3,11,1115,1,1,6,7,4408600,483200,3,2,0,0,2,2,0,0,1,0,3,0,0,0,2,0,1
200600016565,6,3,10,830,1,1,1,5,4395200,368500,3,2,2,0,1,3,0,76,2,0,1,0,4,0,0,1,1
200600016567,6,3,9,1845,3,1,1,5,4367700,414700,3,2,0,0,0,1,0,0,1,5,1,0,1,0,0,2,1
200600016573,6,3,28,1740,1,1,1,3,4346900,340100,3,2,0,0,1,1,0,60,1,0,1,0,1,0,1,0,1
200600016574,6,3,6,1515,1,1,2,1,4347400,281900,3,3,4,0,2,2,0,80,2,0,1,0,2,0,1,1,1
200600016575,6,3,26,1030,1,1,1,7,4359200,270400,3,2,2,0,2,3,0,64,6,0,1,0,0,0,1,0,1
200600016576,6,3,3,1630,1,1,1,6,4347600,322200,4,2,2,0,2,1,0,38,1,0,1,0,2,0,1,0,1
200600016577,6,3,14,1415,1,1,1,1,4342400,322700,3,2,2,0,0,1,0,75,1,0,1,0,2,0,2,0,1
200600016578,6,3,16,1515,1,1,1,3,4340000,332800,2,2,3,0,1,1,0,108,1,0,1,0,0,1,1,0,1
200600016579,6,3,20,1600,1,1,2,6,4340900,323600,3,2,2,0,1,3,0,81,2,2,1,0,0,1,0,0,1
200600016580,6,3,31,900,1,1,1,6,4350600,331000,3,2,2,0,0,0,40,0,1,0,0,0,0,1,0,0,1
200600016583,6,3,23,1730,1,1,1,7,4354100,356000,3,2,2,0,0,2,70,0,1,0,0,0,1,0,0,2,1
200600016585,6,3,15,2000,3,1,1,2,4365500,351000,2,2,2,0,1,1,0,74,1,0,1,0,1,0,1,0,1
200600016592,6,3,2,2315,5,1,1,3,4350400,360500,3,2,2,0,1,1,0,77,1,0,1,0,0,0,1,2,1
200600016594,6,3,16,1100,1,1,1,6,4308000,268900,3,2,2,0,1,3,0,58,1,0,3,0,0,0,1,0,1
200600016596,6,3,23,1015,1,1,1,6,4327000,257000,3,2,2,0,1,1,0,65,1,0,1,0,0,0,1,0,1
200600016597,6,3,28,1830,1,1,1,1,4327700,207800,3,2,1,0,2,2,0,44,1,0,1,0,1,0,1,0,1
200600016600,6,3,4,2045,3,1,1,6,4288000,214000,3,2,2,0,1,1,0,61,1,0,1,0,0,0,2,0,1
200600016601,6,3,5,15,5,1,1,6,4294000,222000,4,2,2,0,0,0,0,0,0,0,0,0,0,0,1,0,1
200600016602,6,3,5,2015,3,1,1,1,4295000,237000,3,2,2,0,1,1,0,0,1,0,1,0,0,0,2,0,1
200600016603,6,3,11,2200,3,1,1,1,4296400,226400,3,2,0,0,1,4,0,72,1,0,1,0,0,0,3,4,1
200600016605,6,3,20,930,1,1,1,5,4324100,305800,2,2,2,0,0,1,0,0,2,0,1,0,3,0,1,0,1
200600016607,6,3,19,1015,1,1,2,4,4332100,298400,3,2,1,0,1,1,0,72,2,0,1,0,1,0,7,0,1
200600016608,6,3,5,2245,5,1,1,2,4353500,414500,4,2,0,0,1,1,0,67,1,0,1,0,1,0,1,0,1
200600016613,6,3,29,1600,1,3,1,3,4405500,409700,2,2,2,0,1,1,0,0,1,0,1,0,1,0,1,0,1
200600016614,6,3,7,830,1,1,1,3,4417100,410200,3,2,2,0,1,1,0,60,1,0,1,0,0,0,0,2,1
200600016617,6,3,27,2345,3,1,1,6,4407400,422500,3,2,2,0,4,3,0,70,1,0,1,0,0,0,2,0,1
200600016619,6,3,9,1715,1,1,1,7,4440600,396300,3,2,2,0,3,2,0,36,1,0,3,0,0,0,1,0,1
200600016625,6,3,23,1615,1,9,1,6,4426400,464800,2,2,2,0,1,1,0,0,1,6,1,0,0,0,0,1,1
200600016626,6,3,12,700,1,1,1,3,4394400,460600,2,2,2,0,1,1,37,92,1,0,0,0,2,0,1,1,1
200600016627,6,3,23,1330,1,1,1,1,4396300,457000,2,2,2,0,1,1,0,0,1,0,1,0,2,0,1,1,1
200600016628,6,3,23,1700,1,1,1,3,4394300,457200,2,2,2,0,1,1,0,60,1,0,1,0,1,0,1,0,1
200600016629,6,3,5,1715,3,1,1,3,4408800,470700,2,2,0,0,2,2,0,70,1,0,1,0,0,1,3,0,1
200600016630,6,3,5,700,2,1,1,6,4397200,427900,3,2,0,0,1,1,0,70,1,0,3,0,0,0,1,0,1
200600016636,6,3,17,1500,1,1,1,7,4400500,365900,3,2,0,0,1,2,0,0,1,0,0,0,0,0,1,0,1
200600016637,6,3,24,900,1,1,1,1,4399200,361000,3,2,0,0,1,0,0,0,1,5,1,0,0,0,1,1,1
200600016640,6,3,18,930,1,1,1,6,4455200,329000,3,2,0,0,1,2,0,71,1,0,3,0,0,0,1,0,1
200600016645,6,3,12,530,3,1,1,7,4264900,271800,3,2,0,0,1,1,0,60,1,0,3,0,0,0,1,0,1
200600016654,6,3,27,630,3,1,8,6,4264700,250200,2,2,2,0,1,1,0,74,2,0,3,0,0,0,1,0,1
200600016655,6,3,18,315,3,1,1,1,4208000,901100,2,2,2,0,2,2,0,76,2,0,1,0,1,0,2,2,1
200600016660,6,3,18,1600,1,1,1,3,4168000,889000,4,2,0,0,1,3,0,0,1,0,1,0,2,0,1,1,1
200600016662,6,3,1,1015,1,1,1,7,4252500,884800,3,2,2,0,2,1,0,0,1,0,3,0,0,0,1,0,1
200600016665,6,3,3,2015,3,1,1,6,4265700,907100,2,2,2,0,1,1,0,82,1,0,1,0,0,0,0,2,1
200600016666,6,3,4,1930,3,1,1,7,4262700,889300,5,2,2,0,0,2,0,60,9,0,3,0,2,0,1,0,1
200600016667,6,3,16,1030,1,1,1,1,4247800,925800,2,2,2,0,1,4,0,68,9,0,1,0,1,0,1,0,1
200600016668,6,3,16,2125,5,1,1,1,4232400,954000,3,2,2,0,1,1,32,60,1,5,3,0,1,0,1,0,1
200600016669,6,3,20,30,5,1,9,6,4238000,953100,2,2,2,0,1,2,0,60,1,2,1,0,0,0,1,0,1
200600016670,6,3,28,1745,1,1,1,1,4902200,160800,4,2,2,0,1,3,0,0,1,0,1,0,2,0,1,0,1
200600016675,6,3,27,700,3,6,2,6,4846200,190500,2,2,2,0,2,1,0,70,1,5,0,0,0,0,1,0,1
200600016676,6,3,7,1500,1,1,3,6,4868500,199700,3,2,2,0,1,2,0,59,2,0,3,0,0,0,0,1,1
200600016683,6,3,9,2100,3,1,2,7,4853400,242900,3,2,0,0,1,1,0,0,1,0,1,0,0,0,1,0,1
200600016684,6,3,28,745,1,1,1,7,4855800,241500,2,3,2,0,0,1,11,70,9,0,1,0,1,0,0,1,1
200600016686,6,3,16,1400,1,9,1,6,4861800,237500,6,1,1,0,1,1,0,41,1,0,1,0,1,0,1,3,1
200600016693,6,3,20,1430,1,9,1,7,4857600,223400,2,1,1,0,1,3,0,35,8,3,1,0,0,0,0,1,1
200600016694,6,3,21,2230,5,1,1,2,4857400,223400,2,3,2,0,1,1,10,132,1,3,1,0,1,1,0,2,1
200600016695,6,3,24,1415,1,1,1,3,4858100,223600,2,3,0,0,1,1,10,152,1,0,1,0,1,0,0,2,1
200600016697,6,3,11,500,3,1,1,6,4864000,205000,3,2,2,0,1,1,70,0,1,0,3,0,0,0,1,0,1
200600016704,6,3,7,1005,1,1,1,1,4853600,273800,2,2,2,0,1,1,0,77,1,0,1,0,2,1,0,0,1
200600016705,6,3,27,1845,1,2,1,3,4866300,277100,3,2,2,0,1,1,0,52,1,0,1,0,1,0,1,0,1
200600016707,6,3,24,1130,1,1,1,2,4856100,295500,3,2,1,0,1,1,0,60,2,0,1,0,0,0,1,1,1
200600016708,6,3,5,1930,5,1,1,1,4886100,292300,3,2,2,0,4,0,0,80,1,0,1,0,1,0,1,0,1
200600016709,6,3,31,1630,1,1,1,3,4889300,285500,3,2,2,0,2,1,0,68,1,5,1,0,1,1,0,0,1
200600016711,6,3,18,1915,3,1,1,7,4879000,337000,3,2,2,0,1,1,0,52,1,0,3,0,0,0,0,1,1
200600016712,6,3,22,1730,2,1,2,6,4876000,327000,3,2,0,0,1,3,0,62,2,0,1,0,0,0,0,1,1
200600016714,6,3,4,1700,1,1,2,6,4820100,268600,9,2,0,0,0,1,0,60,2,5,1,0,0,0,0,2,1
200600016715,6,3,18,2145,3,1,1,6,4832000,292400,3,2,2,0,1,1,0,65,1,0,3,0,0,0,1,0,1
200600016716,6,3,23,1145,1,2,1,3,4827800,293400,3,2,2,0,1,1,0,57,1,5,1,0,0,0,1,1,1
200600016717,6,3,29,2245,3,1,1,2,4849500,235700,4,2,2,0,1,1,0,60,1,0,1,0,1,0,1,0,1