Num_Acc,an,mois,jour,hrmn,lum,int,atm,col,lat,long,catr,circ,nbv,vosp,prof,plan,lartpc,larrout,surf,infra,situ,env1,unscathed,killed,hospital,light,chance
200600017379,6,4,15,1015,1,1,3,6,4751400,-204000,3,2,2,0,1,1,0,70,2,0,1,0,1,0,1,0,1
200600017381,6,4,23,1600,1,1,1,3,4729900,-182700,3,2,2,0,1,1,0,64,1,0,1,0,1,0,1,0,1
200600017385,6,4,11,700,2,1,1,6,4752400,-66700,4,2,2,0,1,3,0,94,1,0,1,0,1,0,1,0,1
200600017386,6,4,1,1230,1,9,2,2,4746000,-28100,2,2,2,0,0,1,0,0,2,0,1,0,2,0,1,0,1
200600017387,6,4,28,1400,1,3,1,3,4745500,-26200,2,2,2,0,1,1,0,122,1,5,1,0,3,0,1,0,1
200600017391,6,4,3,1425,1,2,1,3,4741600,-83100,2,2,2,0,2,1,90,60,1,5,1,0,3,0,1,0,1
200600017392,6,4,19,1745,1,1,1,1,4735700,-76500,4,2,2,0,2,1,0,59,1,0,1,0,1,0,1,0,1
200600017393,6,4,21,2015,1,1,1,2,4737900,-75100,3,2,2,0,1,2,20,60,1,0,1,0,2,0,1,0,1
200600017395,6,4,10,1615,1,1,1,2,4706400,-94600,3,2,2,0,2,1,0,76,1,0,1,0,1,0,1,0,1
200600017397,6,4,30,245,4,1,1,3,4706900,-102200,3,2,1,0,0,2,0,100,1,0,1,0,1,0,1,1,1
200600017402,6,4,4,1215,1,1,1,6,4720000,-27500,9,2,0,0,1,1,0,63,1,5,1,0,1,0,1,0,1
200600017403,6,4,2,1445,1,1,1,3,4738100,-7700,3,2,2,0,1,1,0,51,1,5,1,0,0,0,0,4,1
200600017404,6,4,6,2145,5,1,1,6,4734400,-35900,3,2,0,0,0,2,0,0,1,0,4,0,0,0,1,0,1
200600017405,6,4,8,1815,1,1,1,3,4738900,-7800,3,2,2,0,1,2,0,59,1,0,1,0,1,0,1,0,1
200600017408,6,4,23,945,1,1,1,1,4757300,-58900,3,2,2,0,4,1,0,75,1,0,1,0,1,0,1,0,1
200600017409,6,4,1,1045,1,1,1,2,4786300,-58500,3,2,2,0,1,1,0,100,1,0,1,0,1,1,0,0,1
200600017411,6,4,25,1745,1,1,1,1,4797300,-111800,3,2,2,0,1,1,0,64,1,0,1,0,1,0,1,0,1
200600017413,6,4,26,1245,1,1,1,4,4834600,-53400,2,2,2,0,1,2,0,72,1,0,1,0,2,1,1,0,1
200600017414,6,4,29,1430,1,1,7,7,4785100,19100,3,2,2,0,0,3,0,58,1,0,2,99,0,1,0,0,1
200600017419,6,4,21,1715,1,1,1,6,4809500,21000,3,2,2,0,1,2,55,0,1,0,3,0,0,0,1,0,1
200600017424,6,4,17,415,3,1,1,7,4788500,-22100,3,2,2,0,2,3,0,60,1,0,0,0,0,1,0,0,1
200600017430,6,4,21,1200,1,1,1,5,4826700,4600,3,2,2,0,1,2,0,82,1,0,1,0,0,0,3,0,1
200600017431,6,4,30,1400,1,1,1,6,4821600,13800,4,2,2,0,1,3,0,40,1,0,1,0,1,0,1,0,1
200600017434,6,4,16,130,3,1,1,1,4691000,-107000,4,2,2,0,1,1,0,35,1,0,1,0,0,2,0,0,1
200600017436,6,4,9,945,1,1,1,5,4655000,-104000,3,2,2,0,1,1,0,56,1,0,1,0,2,0,1,0,1
200600017437,6,4,10,845,1,2,1,4,4647000,-125000,3,2,2,0,1,1,0,64,1,5,1,0,4,1,0,0,1
200600017438,6,4,22,315,3,1,1,2,4652900,-99500,2,2,0,0,1,1,0,60,1,0,1,0,1,0,1,2,1
200600017439,6,4,24,1705,1,1,1,1,4638000,-101000,2,2,2,0,1,1,0,69,1,0,1,0,0,2,2,0,1
200600017441,6,4,15,15,3,1,1,6,4657100,-176900,3,2,0,0,1,1,0,57,1,0,3,0,0,1,0,0,1
200600017450,6,4,9,145,5,1,1,6,4492800,-52600,3,2,2,0,1,1,0,74,1,0,3,0,0,0,1,0,1
200600017453,6,4,2,830,1,1,1,1,4478100,-35100,3,2,2,0,0,3,0,0,1,0,1,0,1,0,0,1,1
200600017456,6,4,7,1950,2,3,1,5,4499000,-43000,3,2,3,0,1,1,0,93,1,0,1,0,3,0,1,0,1
200600017458,6,4,2,2015,2,1,1,7,4455700,-21000,3,2,2,0,4,3,0,0,1,0,3,0,0,0,1,0,1
200600017459,6,4,2,1800,1,1,1,6,4451000,-43000,3,2,2,0,1,1,0,62,1,0,1,0,0,0,1,0,1
200600017460,6,4,21,630,2,6,1,6,4443300,-48500,3,1,0,0,1,2,0,65,1,5,3,0,0,0,1,0,1
200600017461,6,4,10,1445,1,1,1,3,4475300,-11300,3,2,0,0,1,1,0,70,1,0,1,0,0,0,3,0,1
200600017462,6,4,15,930,1,2,1,3,4476500,-14800,3,2,2,0,0,3,0,52,1,0,1,0,0,0,1,1,1
200600017464,6,4,16,1415,1,1,1,3,4543000,-109000,3,2,2,0,1,1,0,59,1,0,1,0,2,0,1,0,1
200600017465,6,4,22,1845,1,1,1,6,4541000,-94000,4,2,2,0,1,3,0,25,1,0,3,0,0,1,0,0,1
200600017466,6,4,29,1145,1,1,1,5,4498200,-15200,2,0,0,0,1,1,0,0,1,0,1,0,12,1,2,0,1
200600017467,6,4,4,1220,1,1,1,1,4481200,-14300,3,2,2,0,2,3,0,68,1,0,1,0,2,1,0,0,1
200600017468,6,4,14,715,2,1,5,5,4483100,-29000,3,2,2,0,2,1,0,70,1,5,1,0,1,1,1,1,1
200600017473,6,4,22,2015,1,1,1,7,4501100,-17000,3,2,2,0,1,1,0,70,1,0,1,0,0,0,1,0,1
200600017474,6,4,24,2000,2,1,1,2,4499400,-18000,3,2,2,0,1,1,0,75,1,0,1,0,1,1,0,0,1
200600017476,6,4,18,2000,1,2,1,3,4500200,-25900,3,2,2,0,1,1,0,67,1,5,1,0,1,1,0,0,1
200600017477,6,4,3,2000,1,1,1,3,4509200,71900,3,2,2,0,1,1,0,53,1,0,1,0,1,0,1,0,1
200600017482,6,4,9,545,3,1,8,6,4526100,61600,3,2,2,0,1,2,0,53,2,0,3,0,0,0,2,0,1
200600017483,6,4,11,1245,1,1,1,6,4519100,56200,4,2,2,0,4,2,0,35,9,0,3,0,0,0,1,0,1
200600017485,6,4,14,2330,3,1,1,7,4532100,87400,2,2,2,0,1,2,0,77,1,0,3,0,0,0,4,0,1
200600017491,6,4,20,1800,1,1,1,5,4483200,6100,4,2,0,0,1,4,0,48,1,0,1,0,2,0,1,0,1
200600017492,6,4,14,1300,1,3,1,5,4557900,80200,3,2,2,0,0,1,0,60,1,0,0,0,2,0,4,0,1
200600017493,6,4,15,30,5,1,1,7,4552500,65700,4,2,2,0,2,3,0,60,1,0,1,0,0,0,1,0,1
200600017494,6,4,16,1100,1,1,1,3,4536300,87200,2,2,3,3,2,2,0,118,1,5,1,0,3,0,1,0,1
200600017496,6,4,13,1945,1,1,1,7,4529600,54200,3,2,2,0,1,3,0,57,1,0,1,0,2,1,0,0,1
200600017497,6,4,16,1545,1,1,1,6,4525700,57300,4,2,2,0,4,2,0,54,1,0,3,0,0,0,2,0,1
200600017500,6,4,9,1400,1,1,1,1,4513300,122600,3,2,2,0,1,1,0,50,1,0,1,0,1,0,1,0,1
200600017501,6,4,8,1,3,1,1,6,4397200,-40400,4,2,2,0,1,1,0,50,1,0,1,0,0,0,0,1,1
200600017502,6,4,16,1815,1,1,1,6,4396100,-34000,3,2,2,0,2,1,70,0,1,0,3,0,2,0,1,0,1
200600017504,6,4,1,1430,1,1,1,6,4354900,-107000,2,2,0,0,3,2,0,0,1,0,1,0,0,0,1,1,1
200600017505,6,4,4,1210,1,1,1,1,4356600,-100600,3,2,2,0,2,2,0,60,1,0,1,0,1,0,2,1,1
200600017506,6,4,13,1900,1,1,1,4,4361100,-91200,3,2,2,0,1,1,0,58,1,5,1,0,2,0,1,0,1
200600017507,6,4,15,1200,1,1,1,1,4355400,-111500,3,2,2,0,0,1,0,54,1,0,1,0,1,0,1,0,1
200600017508,6,4,15,1700,1,1,1,1,4363200,-111000,3,2,2,0,1,1,0,60,1,0,1,0,1,0,1,0,1
200600017511,6,4,22,300,3,1,1,5,4369400,-143600,4,2,2,0,1,2,0,62,2,0,1,0,4,0,1,3,1
200600017512,6,4,13,630,2,1,1,5,4354000,-146000,2,2,2,0,1,1,0,200,1,0,1,0,1,0,1,1,1
200600017515,6,4,17,230,5,1,2,6,4421900,-129500,3,1,1,0,1,0,0,0,2,0,4,0,1,0,1,0,1
200600017518,6,4,11,1445,1,1,1,6,4391900,-24000,3,2,2,0,1,1,0,40,1,0,1,0,0,0,1,0,1
200600017519,6,4,24,1315,1,1,1,6,4401700,-16600,3,2,2,0,1,1,0,0,1,0,1,0,0,0,1,0,1
200600017525,6,4,20,600,3,1,1,7,4434100,32400,2,2,2,0,0,2,60,60,1,2,1,0,0,1,0,0,1
200600017526,6,4,5,200,3,1,2,6,4432600,72400,2,2,0,0,1,2,0,72,2,0,1,0,0,0,0,1,1
200600017530,6,4,15,1230,1,2,1,3,4448100,-300,4,2,0,0,1,1,0,40,1,0,1,0,0,0,3,0,1
200600017531,6,4,25,915,1,1,1,6,4453400,9600,9,2,2,0,1,0,35,0,1,0,1,0,1,0,1,0,1
200600017533,6,4,7,930,1,1,1,1,4444900,13900,3,0,2,0,1,1,70,0,1,0,0,0,1,1,0,0,1
200600017535,6,4,16,1215,1,1,1,5,4439100,30000,3,2,2,0,1,1,0,70,1,0,1,0,2,0,1,0,1
200600017538,6,4,2,2145,5,2,1,3,4441000,67000,4,2,2,0,1,1,0,60,1,5,1,0,3,1,0,0,1
200600017541,6,4,28,545,5,1,1,1,4440200,80400,3,2,2,0,1,1,11,65,1,0,1,0,2,0,0,1,1
200600017545,6,4,30,1830,1,1,1,3,4450000,45000,3,2,2,0,2,1,0,62,1,0,1,0,3,0,1,0,1
200600017546,6,4,8,2200,5,6,1,6,4331000,-44000,3,2,2,2,1,1,20,110,1,0,1,0,0,0,1,0,1
200600017551,6,4,9,1500,1,1,1,6,4331900,-156100,3,2,0,0,2,2,0,50,1,0,3,0,0,0,1,0,1
200600017553,6,4,21,1600,1,1,1,6,4333200,-103300,3,1,0,0,1,3,0,76,1,0,1,0,1,0,1,0,1
200600017554,6,4,26,2215,3,1,1,6,4320900,-107100,3,2,0,0,0,1,0,80,1,0,1,0,0,0,1,0,1
200600017555,6,4,13,545,3,1,1,7,4305600,-43100,3,2,2,0,0,1,0,40,1,0,3,0,0,0,1,0,1
200600017556,6,4,24,1430,1,1,1,6,4349000,-79000,2,2,2,0,1,1,0,77,1,0,4,0,0,1,0,0,1
200600017558,6,4,4,1645,1,1,1,1,4673700,21100,3,2,2,0,1,1,0,70,1,0,1,0,0,0,2,0,1
200600017565,6,4,25,1200,1,1,1,3,4638000,40400,3,2,2,0,4,3,0,65,1,0,1,0,1,1,0,0,1
200600017566,6,4,2,115,5,1,1,1,4694000,60400,9,2,2,0,1,4,0,0,1,0,1,0,2,0,1,0,1
200600017567,6,4,7,2300,3,1,1,6,4681300,34300,4,2,0,0,1,2,0,46,0,0,0,0,0,0,1,0,1
200600017570,6,4,14,2130,3,1,1,1,4704000,4000,2,2,2,0,1,1,0,78,1,0,1,0,0,1,2,0,1
200600017575,6,4,25,1815,1,1,1,3,4635000,70600,3,2,2,0,1,2,0,63,1,0,1,0,1,0,1,0,1
200600017577,6,4,13,700,1,3,1,5,4579000,-27000,3,2,2,0,1,1,0,100,1,0,1,0,2,0,1,0,1
200600017579,6,4,27,1030,1,1,1,6,4563400,-3700,3,2,2,0,1,1,0,49,1,0,1,0,1,0,1,0,1
200600017587,6,4,12,1715,1,1,1,7,4620000,-102300,3,2,2,0,1,3,0,62,1,0,3,0,0,0,1,1,1
200600017592,6,4,7,1915,1,1,1,6,4539700,-49000,4,2,0,0,1,1,0,47,1,5,1,0,1,0,1,0,1
200600017595,6,4,15,1115,1,1,1,3,4524000,-40000,3,2,0,0,2,2,0,100,1,5,1,0,4,0,1,0,1
200600017596,6,4,13,45,3,1,1,6,4519700,-5200,3,2,2,0,1,2,0,53,1,0,3,0,0,0,1,0,1
200600017597,6,4,2,1900,1,1,1,7,4582300,-106600,3,2,2,0,1,0,0,50,1,0,1,0,0,0,1,0,1
200600017598,6,4,6,1915,1,2,1,3,4575800,-94500,3,2,2,0,1,1,0,0,1,5,1,0,1,0,2,0,1
200600017599,6,4,8,1615,1,1,1,7,4583300,-108000,9,0,0,0,1,0,0,0,1,0,0,0,0,0,1,0,1
200600017600,6,4,24,915,1,9,5,5,4574400,-93200,3,2,2,0,1,1,0,64,2,0,3,0,0,0,3,0,1
200600017601,6,4,16,1515,1,1,1,7,4588300,-96400,3,3,4,0,0,1,20,140,1,0,1,0,0,0,1,1,1
200600017605,6,4,12,1430,1,1,1,3,4598600,-104100,4,2,0,0,1,0,0,66,1,0,1,3,1,0,1,0,1
200600017607,6,4,10,1830,1,2,1,1,4615400,-80800,3,2,2,0,1,1,23,39,1,5,1,0,1,2,0,0,1
200600017612,6,4,2,1700,1,1,1,2,4555000,-69800,3,2,2,0,2,1,0,57,1,0,1,0,1,0,2,0,1
200600017613,6,4,4,1645,1,1,1,7,4557100,-67600,3,2,2,0,1,1,0,54,1,0,1,0,0,0,1,0,1
200600017614,6,4,8,1100,1,1,1,6,4558400,-55200,4,2,1,0,2,0,0,120,1,0,1,3,1,0,0,1,1
200600017615,6,4,16,1500,1,1,7,7,4561000,-49200,3,2,2,0,4,4,0,67,1,0,3,0,1,0,1,0,1
200600017616,6,4,23,1430,1,1,1,6,4561600,-48400,3,2,0,0,0,1,0,60,1,0,3,0,0,0,1,0,1
200600017619,6,4,24,915,1,1,1,6,4595000,-52500,3,1,1,0,1,3,0,40,1,0,4,0,0,0,1,0,1
200600017620,6,4,2,1845,1,2,1,3,4645000,-46800,4,2,2,0,1,1,0,39,1,0,1,0,5,0,1,0,1
200600017621,6,4,21,1800,1,1,1,1,4636800,-49100,3,2,2,0,1,1,0,70,1,0,1,0,1,0,1,0,1
200600017625,6,4,21,1200,1,1,1,5,4622100,-46700,2,2,2,0,2,1,0,75,1,0,1,0,2,0,4,0,1
200600017626,6,4,21,1715,1,1,1,3,4628600,-40600,3,2,0,0,1,1,0,62,1,0,1,0,1,1,0,0,1
200600017627,6,4,12,1015,1,2,1,3,4639500,-33700,3,2,2,0,2,1,0,56,1,0,1,0,1,0,1,0,1
200600017629,6,4,3,745,1,1,1,3,4613800,-15900,3,2,0,0,1,1,0,62,1,0,1,0,1,0,0,1,1
200600017630,6,4,15,1600,1,1,1,7,4610900,-29200,3,2,2,0,1,1,0,53,1,0,1,0,0,0,1,0,1
200600017631,6,4,25,1430,1,1,7,5,4628200,13300,4,2,2,0,1,0,0,45,1,0,1,0,1,0,2,0,1
200600017634,6,4,12,1415,1,1,1,2,4674000,-13100,3,2,2,0,0,1,0,49,1,0,1,0,3,0,1,0,1
200600017635,6,4,5,1715,1,1,1,6,4595600,139600,4,2,2,0,1,1,0,100,1,0,1,0,1,0,0,2,1
200600017636,6,4,21,1830,1,1,1,6,4584000,161400,3,2,2,0,0,3,0,65,1,0,0,0,0,1,1,0,1
200600017638,6,4,1,2145,3,1,1,6,4611100,108700,4,2,2,0,2,2,0,28,1,0,1,0,0,0,2,0,1
200600017643,6,4,7,1435,1,1,1,3,4552400,176600,4,2,2,0,0,3,0,0,1,0,1,0,1,0,1,0,1
200600017644,6,4,12,800,1,1,1,5,4542000,156000,3,2,2,0,2,2,0,56,1,0,1,0,1,0,0,2,1
200600017645,6,4,7,815,1,1,1,7,4512700,172600,3,2,2,0,1,1,0,57,1,0,3,3,17,0,1,0,1
200600017647,6,4,1,330,3,1,1,6,4526100,138700,3,2,0,0,1,1,0,50,2,0,1,0,1,0,1,0,1
200600017648,6,4,10,1400,1,1,2,3,4559600,229100,3,2,2,0,1,2,0,75,2,0,1,0,1,0,1,1,1
200600017649,6,4,19,300,3,1,1,6,4632900,152800,3,2,2,0,3,2,0,50,1,0,3,0,0,1,2,0,1
200600017650,6,4,11,1800,1,1,1,7,4595800,216700,2,3,0,0,1,1,0,60,1,0,1,0,1,0,0,1,1
200600017651,6,4,11,845,1,1,9,1,4573400,219900,3,2,2,0,1,2,0,78,7,0,1,0,3,0,1,1,1
200600017652,6,4,12,1615,1,1,1,1,4570500,226400,4,2,1,0,0,3,0,69,1,0,1,0,1,0,0,1,1
200600017653,6,4,8,1500,1,2,1,1,4609200,179600,3,2,2,0,1,3,0,38,1,0,1,0,1,1,0,0,1
200600017654,6,4,13,445,5,6,1,7,4361200,148800,3,2,4,0,1,2,0,140,1,5,1,0,0,0,1,0,1
200600017657,6,4,8,2245,5,1,1,6,4357000,132100,9,2,0,0,1,2,0,60,1,0,1,0,1,0,0,1,1
200600017658,6,4,14,830,1,1,1,6,4360400,123400,2,2,0,0,1,1,0,92,1,0,1,0,1,1,0,0,1
200600017659,6,4,29,630,2,1,1,6,4364300,114600,2,2,2,0,1,2,0,66,1,0,3,0,0,1,0,0,1
200600017660,6,4,7,800,1,3,1,3,4354400,137600,3,2,2,0,3,2,0,120,1,5,1,0,1,0,0,1,1
200600017661,6,4,11,500,3,3,1,1,4353700,138900,3,2,2,0,1,1,0,80,1,0,1,0,0,0,0,2,1
200600017662,6,4,27,1100,1,2,1,5,4351100,137100,4,2,2,0,1,1,0,68,1,5,1,0,2,0,1,0,1
200600017663,6,4,8,730,1,1,1,1,4354000,148000,2,3,2,0,1,1,80,0,1,0,1,0,1,0,1,0,1
200600017666,6,4,23,1130,1,1,1,2,4373400,141600,3,2,2,0,1,1,60,0,1,0,1,0,2,0,2,0,1
200600017670,6,4,26,1015,1,1,1,6,4346700,132600,2,2,2,0,1,1,0,80,1,0,1,0,1,0,1,0,1
200600017671,6,4,29,1100,1,1,1,6,4340200,140700,3,2,0,0,1,1,0,55,1,0,3,0,0,0,1,0,1
200600017672,6,4,3,2100,3,1,1,1,4334400,132300,3,2,2,0,1,1,0,60,1,0,1,0,1,1,0,0,1
200600017673,6,4,4,1800,1,1,1,2,4343700,142700,3,2,2,0,1,1,0,70,1,0,1,0,1,0,1,0,1
200600017674,6,4,22,1615,1,1,1,2,4334200,148100,2,2,0,0,1,1,73,0,1,0,1,0,1,0,2,0,1
200600017675,6,4,25,800,1,1,8,5,4333600,148800,2,2,2,0,1,2,0,70,1,0,1,0,8,1,0,0,1
200600017676,6,4,5,1415,1,1,1,6,4330200,122700,4,2,2,0,1,1,0,40,1,0,1,0,1,0,0,1,1
200600017677,6,4,19,800,1,6,1,6,4320400,101200,2,1,1,0,1,2,60,0,1,0,1,0,0,0,1,0,1
200600017680,6,4,17,115,3,1,1,7,4319900,56000,3,0,0,0,1,1,0,60,1,0,3,0,1,0,1,0,1
200600017681,6,4,21,1530,1,1,7,3,4309000,56200,2,2,2,3,1,3,0,0,1,5,1,0,1,0,1,1,1
200600017682,6,4,22,1810,1,1,2,3,4299400,63100,3,2,2,0,1,1,0,87,2,5,1,0,0,0,1,2,1
200600017683,6,4,7,15,3,1,1,1,4286000,60700,3,2,2,0,1,1,0,70,1,0,1,0,0,1,0,1,1
200600017684,6,4,18,730,2,1,2,3,4293200,65000,3,2,2,1,0,1,0,128,2,5,1,0,1,0,1,0,1
200600017686,6,4,5,1500,1,1,1,3,4347800,172200,3,2,2,0,1,1,70,70,1,0,1,0,0,0,1,4,1
200600017687,6,4,20,1715,1,1,7,1,4337200,167300,3,2,0,0,2,1,0,65,1,0,1,0,0,0,2,1,1
200600017688,6,4,1,45,3,1,1,6,4354200,169600,4,2,2,0,1,2,0,30,1,0,3,0,2,0,1,2,1
200600017689,6,4,2,415,5,5,1,3,4345200,159700,3,3,1,0,1,1,0,44,1,5,1,0,1,2,2,0,1
200600017690,6,4,24,915,1,1,1,6,4286600,157400,3,2,2,0,2,3,0,57,1,0,1,0,1,0,1,0,1
200600017692,6,4,30,1430,1,1,1,6,4316000,127000,3,2,0,0,1,1,0,64,1,0,3,0,0,0,1,0,1
200600017693,6,4,7,700,2,1,1,1,4308800,190500,3,2,2,0,0,1,0,64,1,0,1,0,0,1,1,0,1
200600017694,6,4,23,2215,5,1,1,3,4300600,113100,3,2,2,0,1,1,38,104,1,5,1,0,1,0,1,0,1
200600017695,6,4,29,130,3,1,1,7,4295600,117600,3,2,0,0,0,3,0,57,1,0,1,0,1,1,0,0,1
200600017696,6,4,16,30,3,1,2,3,4430900,239500,3,2,2,0,2,3,0,71,1,0,1,0,0,2,0,1,1
200600017697,6,4,30,945,1,1,1,1,4429000,260500,3,2,2,0,1,1,0,60,1,0,1,0,2,0,1,0,1
200600017702,6,4,29,1730,1,1,1,1,4426800,289200,3,2,2,0,1,2,0,70,1,0,1,0,0,0,2,0,1
200600017704,6,4,29,1430,1,1,1,1,4435000,202000,3,2,3,3,1,1,0,91,1,0,1,0,1,0,1,0,1
200600017705,6,4,5,1745,1,1,1,1,4366400,66500,2,2,2,0,2,1,0,70,1,0,1,0,0,1,2,0,1
200600017706,6,4,24,2010,1,1,1,1,4360300,43000,3,2,2,0,2,2,0,62,1,0,1,0,0,0,2,0,1
200600017707,6,4,26,1715,1,1,1,5,4376000,47800,3,2,0,3,1,1,0,90,1,5,1,0,3,0,0,1,1
200600017708,6,4,9,415,3,1,1,6,4386500,-16700,3,2,2,0,2,4,0,57,1,0,3,0,0,0,1,0,1
200600017710,6,4,30,2030,2,1,1,7,4395300,9300,4,2,2,0,1,1,0,40,1,0,1,0,0,0,0,1,1
200600017711,6,4,3,915,1,1,1,6,4385000,66600,2,2,2,0,1,1,0,95,1,0,1,0,1,0,1,0,1
200600017713,6,4,28,1515,1,1,8,3,4398500,72000,3,2,2,0,1,1,0,52,1,0,1,0,1,0,1,2,1
200600017714,6,4,27,1815,1,1,8,5,4354800,47000,2,2,2,0,2,3,0,60,2,0,1,0,2,0,1,0,1
200600017715,6,4,3,630,2,1,1,6,4338400,39100,3,2,2,0,1,0,0,51,1,0,1,0,0,0,1,0,1
200600017717,6,4,13,1130,1,1,1,6,4353000,18000,3,2,2,0,1,2,0,50,1,0,1,0,0,0,0,1,1
200600017718,6,4,30,1915,1,1,1,1,4353000,34700,3,2,2,0,2,0,0,50,1,5,1,0,4,0,0,3,1
200600017721,6,4,15,1830,1,1,1,1,4449700,104400,3,2,2,0,1,1,0,62,1,0,1,0,3,1,2,0,1
200600017723,6,4,6,1415,1,1,1,6,4486500,184900,3,2,0,0,1,4,0,67,1,5,1,0,1,0,1,0,1
200600017729,6,4,1,915,1,1,1,5,4332000,7000,3,2,2,0,1,1,0,66,1,0,1,0,2,0,3,0,1
200600017730,6,4,14,1930,2,1,1,3,4357000,-2000,3,2,0,0,1,2,0,71,1,0,1,0,1,0,1,0,1
200600017732,6,4,9,600,3,1,1,6,4402900,240300,3,2,2,0,2,3,0,55,1,0,1,0,0,1,0,1,1
200600017733,6,4,1,430,3,1,1,5,4370000,180000,3,2,0,0,1,1,0,68,1,0,1,0,2,1,0,0,1
200600017735,6,4,2,300,3,1,1,6,4388600,185700,3,2,2,0,1,1,70,70,1,0,3,0,1,0,2,0,1
200600017737,6,4,30,2015,1,1,7,1,4352600,236400,3,4,3,0,1,1,0,96,1,5,1,0,1,0,1,0,1
200600017744,6,4,5,745,1,1,2,6,4386800,103900,3,2,2,0,2,3,0,62,2,0,1,0,0,0,2,0,1
200600017745,6,4,19,1130,1,1,1,7,4384000,92000,3,2,2,0,1,1,0,65,1,0,3,0,1,0,1,0,1
200600017747,6,4,23,2130,3,1,1,6,4386900,106800,3,2,2,0,1,1,0,65,1,0,0,0,0,0,1,0,1
200600017750,6,4,21,2300,3,1,1,6,4417500,116500,3,2,2,0,1,3,0,55,1,0,3,0,0,0,1,0,1
200600017762,6,4,24,1045,1,1,1,3,4563600,445800,4,2,2,0,0,1,0,65,1,0,1,0,1,0,1,0,1
200600017763,6,4,5,1045,1,1,1,1,4573800,468800,4,2,0,0,1,1,0,0,1,0,1,0,1,0,1,0,1
200600017764,6,4,21,2330,3,1,1,6,4568000,466000,3,2,2,0,1,2,0,60,1,0,3,0,0,0,3,0,1
200600017770,6,4,27,1730,1,1,1,2,4614300,464200,3,2,2,0,2,1,0,43,1,0,1,0,1,0,1,0,1
200600017772,6,4,17,1600,1,1,1,5,4609700,473000,3,2,3,0,1,1,0,110,1,0,1,0,3,0,1,0,1
200600017774,6,4,19,1230,1,1,1,3,4606300,470700,3,2,0,0,1,2,0,0,1,0,1,0,1,0,0,1,1
200600017775,6,4,29,1145,2,1,1,1,4615900,476500,3,0,0,0,0,4,0,0,1,0,3,0,1,0,0,1,1
200600017780,6,4,14,545,3,1,1,6,4619400,512800,3,2,2,0,2,1,0,64,1,0,1,0,0,0,1,0,1
200600017781,6,4,21,1200,1,1,1,6,4621000,510000,3,2,0,0,0,3,0,50,1,0,1,0,1,0,4,0,1
200600017782,6,4,9,500,1,1,2,6,4621900,545000,3,1,0,0,1,1,0,35,2,0,1,0,0,0,1,0,1
200600017783,6,4,15,1330,1,1,1,3,4633700,513200,3,2,0,0,1,1,0,70,1,0,1,0,1,0,1,0,1
200600017786,6,4,30,1215,1,1,1,3,4632300,501000,3,2,2,0,1,1,0,60,1,0,1,0,5,0,1,0,1
200600017788,6,4,1,2200,3,1,1,1,4582500,561300,3,2,2,0,2,2,0,63,1,0,1,0,1,1,0,0,1
200600017791,6,4,23,2230,3,1,1,7,4590600,563600,3,2,2,0,2,2,0,65,1,0,0,0,0,0,2,0,1
200600017793,6,4,18,245,5,1,1,6,4596900,534700,4,2,2,0,1,1,0,60,1,0,1,3,0,1,2,0,1
200600017794,6,4,23,1715,1,1,1,3,4595400,532100,2,2,2,0,1,1,0,120,1,0,1,0,2,0,1,0,1
200600017799,6,4,2,615,1,1,1,1,4630500,604600,3,2,2,0,1,1,0,71,1,0,1,0,0,0,2,0,1
200600017800,6,4,5,815,1,1,2,3,4634600,608600,3,2,0,0,0,1,0,0,2,0,1,0,0,0,1,2,1
200600017801,6,4,12,1800,1,1,1,2,4635200,610300,3,2,2,0,1,1,0,70,1,0,1,0,1,0,1,0,1
200600017813,6,4,10,1700,1,1,1,3,4455600,440900,3,3,2,0,1,1,10,210,1,0,1,0,1,0,1,0,1
200600017820,6,4,1,1345,1,1,8,6,4442000,430600,3,2,2,0,1,3,0,69,2,0,3,0,0,1,0,0,1
200600017821,6,4,16,1520,1,1,1,6,4500500,483900,2,2,1,0,1,1,0,70,1,0,1,0,0,1,0,0,1
200600017822,6,4,19,1330,1,3,1,3,4502000,466900,3,2,2,0,1,1,0,60,1,0,1,0,0,1,1,0,1
200600017823,6,4,21,545,1,1,1,1,4494500,477400,3,2,1,0,0,3,0,78,1,0,1,0,1,0,1,0,1
200600017825,6,4,14,1615,1,1,1,3,4483400,497900,3,2,3,0,0,1,0,110,1,0,1,3,1,0,1,0,1
200600017827,6,4,16,1630,1,1,1,7,4456300,511700,3,2,2,0,2,3,0,0,1,0,1,0,0,0,0,1,1
200600017830,6,4,24,1330,1,1,1,6,4472000,506100,4,0,0,0,1,1,0,200,1,0,1,0,0,0,0,1,1
200600017834,6,4,30,1915,1,1,1,6,4463800,507500,3,2,2,0,1,0,0,0,1,0,1,0,0,0,1,0,1
200600017835,6,4,19,1730,1,1,1,1,4475900,479000,2,0,0,0,4,1,54,92,1,5,1,0,1,0,1,1,1
200600017836,6,4,20,1900,1,1,7,3,4484100,489500,4,2,2,0,1,1,0,76,1,0,1,0,1,1,0,0,1
200600017838,6,4,11,830,1,1,9,1,4455800,558300,3,2,0,0,2,3,0,70,7,0,1,0,1,0,0,2,1
200600017839,6,4,17,215,3,3,1,3,4452000,474600,2,2,2,0,1,1,0,64,1,0,1,0,0,0,0,3,1
200600017846,6,4,19,2015,2,1,1,6,4528600,490400,4,2,0,0,1,1,0,30,1,0,1,0,0,1,0,0,1
200600017851,6,4,13,1630,1,1,1,6,4537200,601500,3,2,2,0,2,2,0,42,1,0,0,0,0,4,1,0,1
200600017853,6,4,15,300,3,1,1,7,4529700,589400,2,2,2,0,2,1,0,90,1,0,3,0,0,0,1,0,1
200600017856,6,4,23,2115,5,6,1,6,4538200,594900,3,2,1,0,1,0,0,0,1,5,1,0,0,0,2,0,1
200600017857,6,4,30,130,3,1,1,6,4535300,591400,3,2,2,0,1,4,0,45,1,0,3,0,0,0,1,0,1
200600017859,6,4,2,500,5,9,8,6,4490800,578700,4,2,2,0,1,1,83,83,2,0,1,0,0,1,2,0,1
200600017860,6,4,2,1845,1,1,1,1,4482700,562200,2,2,2,0,1,1,0,74,1,0,1,0,1,0,1,0,1
200600017862,6,4,28,1520,1,1,2,1,4510000,574000,4,0,0,0,2,1,0,50,2,0,1,0,1,0,1,0,1
200600017863,6,4,30,1745,1,1,1,6,4508000,573000,4,2,0,0,0,1,0,50,1,0,1,0,0,0,1,0,1