Num_Acc,an,mois,jour,hrmn,lum,int,atm,col,lat,long,catr,circ,nbv,vosp,prof,plan,lartpc,larrout,surf,infra,situ,env1,unscathed,killed,hospital,light,chance
200600017864,6,4,5,1630,1,1,2,1,4514400,530800,4,2,0,0,0,1,0,30,2,0,1,0,0,0,2,0,1
200600017865,6,4,21,1645,1,6,1,3,4515100,531200,2,2,2,0,1,1,0,0,1,5,1,0,2,0,1,0,1
200600017866,6,4,22,1052,1,6,1,1,4515500,531800,2,2,2,0,1,1,0,0,1,0,1,0,1,0,1,0,1
200600017867,6,4,16,2030,3,1,1,1,4532600,553300,2,2,0,0,1,1,0,64,1,0,1,0,1,0,1,1,1
200600017868,6,4,3,1845,1,3,1,3,4530600,549100,3,1,1,0,1,2,0,70,1,5,1,0,1,0,0,1,1
200600017869,6,4,19,1315,1,1,1,1,4526100,540500,4,2,2,0,2,3,0,55,1,0,1,0,1,0,1,0,1
200600017872,6,4,17,1330,1,1,1,1,4548800,547600,3,2,0,0,2,4,0,0,1,0,1,0,1,0,1,0,1
200600017873,6,4,23,1800,1,1,1,6,4544800,542800,4,2,0,0,1,1,0,40,1,0,1,0,1,0,1,0,1
200600017874,6,4,3,745,1,1,1,1,4583200,531800,3,2,0,0,0,1,70,0,2,0,1,0,1,0,0,1,1
200600017877,6,4,15,400,5,1,1,6,4551400,559800,2,2,0,0,0,1,0,71,1,0,3,0,1,0,4,0,1
200600017878,6,4,24,1320,1,1,1,7,4558500,552300,3,2,2,0,2,1,0,60,1,0,1,0,0,0,1,0,1
200600017880,6,4,1,1600,1,1,1,6,4558100,480700,3,3,0,0,1,0,20,0,1,0,1,0,1,0,1,0,1
200600017881,6,4,23,1800,1,1,1,7,4547600,503700,3,2,0,0,1,3,0,40,1,0,1,0,0,0,1,0,1
200600017882,6,4,24,1100,1,1,1,7,4545100,485500,3,2,0,0,3,2,0,90,1,0,1,0,0,0,1,1,1
200600017883,6,4,22,1830,1,1,1,3,4556500,486100,2,2,2,0,1,1,0,90,1,5,1,0,1,0,1,0,1
200600017884,6,4,28,2030,2,1,2,4,4549000,483600,2,2,2,0,2,4,16,80,2,0,1,0,1,0,0,2,1
200600017886,6,4,19,2045,1,2,7,3,4544500,498100,3,2,2,0,1,1,105,67,1,5,1,0,1,0,1,0,1
200600017887,6,4,20,1715,1,1,1,1,4543600,501100,3,2,2,0,2,3,0,67,1,0,1,0,1,0,1,0,1
200600017888,6,4,23,845,1,1,1,3,4543000,508700,3,2,2,0,1,1,0,59,1,0,1,0,1,0,2,0,1
200600017889,6,4,29,1245,1,3,1,1,4542400,501500,3,2,0,0,0,1,0,63,1,5,1,0,2,0,0,1,1
200600017890,6,4,10,1515,1,2,2,1,4550300,508900,3,2,2,0,1,1,0,75,2,0,1,0,2,0,2,0,1
200600017898,6,4,22,1830,1,9,1,1,4553800,427200,6,2,2,0,0,1,0,60,1,0,1,0,2,0,1,0,1
200600017899,6,4,17,1315,1,1,1,7,4578300,380000,3,2,2,0,1,2,0,50,1,0,1,0,0,0,1,0,1
200600017900,6,4,2,2200,3,1,2,6,4578200,421400,2,2,2,0,1,1,0,80,2,0,1,0,0,1,0,0,1
200600017906,6,4,11,2030,3,1,1,7,4536700,471700,4,2,1,0,1,1,0,41,1,0,1,0,0,0,1,0,1
200600017907,6,4,16,1815,1,1,1,1,4545800,468800,3,2,2,0,2,1,0,51,1,0,1,0,1,0,1,0,1
200600017908,6,4,29,1300,1,1,1,7,4546200,475200,3,2,2,0,2,3,0,55,1,0,1,0,0,1,0,0,1
200600017912,6,4,16,2130,5,1,1,1,4615500,415400,3,2,2,0,1,1,0,75,1,0,1,0,1,0,1,0,1
200600017918,6,4,9,730,1,1,1,6,4580000,585000,3,2,2,0,2,3,0,60,2,0,1,0,0,1,0,0,1
200600017923,6,4,22,1215,1,1,1,3,4564900,632600,3,0,2,0,1,1,0,75,1,0,1,0,1,0,1,0,1
200600017938,6,4,20,1745,1,6,1,6,4607000,631400,4,1,1,0,1,2,60,0,1,5,1,0,1,0,1,0,1
200600017945,6,4,10,700,2,1,3,3,4633100,635900,2,2,0,0,1,1,0,77,2,5,1,0,1,0,1,0,1
200600017947,6,4,3,1345,1,1,1,6,4634800,654800,3,2,2,0,2,2,0,70,1,0,1,0,0,0,0,1,1
200600017954,6,4,2,910,1,1,1,1,4565600,371300,3,2,2,0,2,2,0,59,1,0,1,0,1,0,1,0,1
200600017957,6,4,15,1730,1,1,1,7,4558300,307400,3,2,2,0,2,2,0,65,1,0,3,0,1,0,1,0,1
200600017958,6,4,2,600,3,1,1,7,4542700,328300,3,2,2,0,2,1,0,40,1,0,1,0,0,0,1,0,1
200600017959,6,4,20,1700,1,1,1,3,4585700,318100,3,2,2,0,1,2,0,75,1,0,1,0,1,0,1,0,1
200600017961,6,4,8,1345,1,2,1,3,4578800,353200,3,2,2,0,0,1,0,72,1,0,1,0,1,0,1,0,1
200600017962,6,4,1,1715,1,1,1,6,4595400,346700,3,2,2,0,1,1,0,60,1,0,3,0,0,0,0,1,1
200600017963,6,4,8,2345,3,1,1,7,4593700,349700,3,2,2,0,0,1,0,60,1,0,1,0,0,0,1,0,1
200600017965,6,4,24,1600,1,1,1,6,4593300,346200,3,2,0,0,0,1,0,60,1,0,1,0,0,0,0,1,1
200600017966,6,4,3,1700,1,1,1,6,4676200,293700,3,2,2,0,1,1,0,60,1,0,3,0,0,0,1,0,1
200600017968,6,4,2,1700,1,1,1,3,4673100,362200,3,2,2,0,1,1,0,59,2,5,1,0,3,0,1,1,1
200600017969,6,4,5,715,2,1,2,3,4627700,322200,3,2,0,0,1,1,0,0,2,0,1,0,0,0,1,1,1
200600017970,6,4,16,2215,5,2,1,3,4632000,326000,3,2,2,0,1,1,0,62,1,5,1,0,5,0,1,0,1
200600017971,6,4,14,1130,1,1,1,6,4634600,265400,2,2,0,0,0,2,0,0,1,0,0,0,0,0,1,0,1
200600017974,6,4,16,2100,2,1,1,7,4628500,274700,4,2,2,0,1,1,0,50,1,0,3,0,3,0,3,0,1
200600017977,6,4,1,1915,1,1,1,6,4469400,222200,3,2,2,0,1,1,0,76,2,0,3,0,0,0,1,0,1
200600017978,6,4,28,1830,1,1,8,1,4529000,265900,9,2,2,0,1,0,0,0,1,0,1,0,2,0,1,0,1
200600017981,6,4,19,1600,1,1,1,7,4522800,281500,3,2,0,0,1,1,0,0,1,0,3,0,0,0,1,0,1
200600017982,6,4,9,145,3,1,1,6,4493100,299000,4,2,2,0,2,1,35,0,1,0,3,0,0,0,1,0,1
200600017983,6,4,30,1300,1,1,1,7,4500800,302100,4,0,0,0,2,1,0,0,1,0,3,0,0,1,0,0,1
200600017986,6,4,12,1345,1,1,8,6,4483300,387000,2,2,0,0,3,2,0,70,1,0,1,0,0,0,2,0,1
200600017987,6,4,15,30,5,1,1,6,4488000,384000,2,2,2,0,2,1,0,70,1,0,1,0,0,1,0,0,1
200600017988,6,4,27,1830,1,1,2,6,4500900,391100,3,2,2,0,2,4,0,70,2,0,3,0,0,0,3,0,1
200600017989,6,4,1,1200,1,1,2,7,4506500,397100,3,2,0,0,1,2,0,61,2,0,1,0,0,0,1,0,1
200600017991,6,4,15,1500,1,1,6,2,4509700,381200,2,2,2,0,1,1,0,80,1,0,3,0,1,0,1,0,1
200600017992,6,4,22,545,5,1,1,6,4521300,349900,2,2,0,0,1,2,0,76,1,0,3,0,0,1,0,0,1
200600017993,6,4,20,1500,1,2,1,3,4539300,330600,3,2,0,0,1,1,0,0,1,5,1,0,2,0,0,1,1
200600017994,6,4,17,1000,1,1,1,1,4529000,409000,4,4,1,0,1,2,0,45,0,0,0,0,1,0,1,0,1
200600018003,6,4,23,1200,1,1,1,6,4913700,631900,3,2,0,0,2,1,0,0,1,0,1,0,1,0,1,0,1
200600018006,6,4,18,1600,1,1,1,1,4919400,662700,3,2,0,0,1,1,0,60,1,0,1,0,2,0,1,1,1
200600018007,6,4,10,1915,1,1,1,6,4906500,655700,3,2,2,0,2,3,0,35,2,0,3,0,1,0,1,0,1
200600018010,6,4,22,315,5,9,1,6,4915900,691900,3,2,0,0,4,4,0,0,1,0,1,0,0,0,1,0,1
200600018011,6,4,28,1430,1,9,1,6,4916600,695200,6,0,0,0,1,0,0,0,1,0,0,0,1,0,1,0,1
200600018013,6,4,10,1400,1,1,1,1,4880700,701900,3,2,2,0,1,1,0,65,1,0,1,0,2,0,0,1,1
200600018017,6,4,9,1500,1,1,1,7,4931400,610800,4,2,3,0,1,1,0,60,1,0,4,0,0,0,1,0,1
200600018021,6,4,14,100,5,1,1,3,4931000,614500,3,2,1,0,1,1,0,60,1,0,1,3,0,0,1,1,1
200600018022,6,4,2,1615,1,1,2,1,4875900,614000,3,2,0,0,0,1,0,62,2,0,1,0,1,0,1,2,1
200600018023,6,4,11,615,2,1,1,1,4875800,614100,2,2,2,0,0,0,30,0,1,5,1,0,1,1,0,0,1
200600018024,6,4,21,1515,1,1,1,6,4876200,613700,2,2,2,0,0,0,70,0,1,0,1,0,0,0,2,0,1
200600018035,6,4,21,1445,1,1,1,6,4885300,577900,3,2,2,0,1,1,0,60,1,0,3,0,0,0,1,0,1
200600018037,6,4,24,1800,1,1,1,1,4860700,566600,4,2,2,0,1,1,0,0,1,5,1,0,1,0,0,1,1
200600018044,6,4,15,515,2,1,1,1,4837200,627600,3,2,2,0,1,1,0,0,1,0,1,0,0,1,0,1,1
200600018046,6,4,30,1800,1,1,1,5,4804400,636300,3,2,2,0,0,1,0,70,1,0,1,0,4,0,1,2,1
200600018048,6,4,27,2130,3,1,1,1,4830200,608200,3,2,2,0,0,1,0,46,1,0,1,0,1,0,2,0,1
200600018049,6,4,16,2130,3,1,2,7,4820900,578400,4,2,0,0,0,3,0,49,2,0,1,0,0,0,1,0,1
200600018050,6,4,19,815,1,1,1,3,4820100,605100,3,2,2,0,2,2,0,86,1,5,1,0,2,0,1,0,1
200600018055,6,4,22,2200,5,1,1,1,4788100,677100,2,2,2,0,1,1,0,71,2,0,1,0,1,0,1,1,1
200600018059,6,4,9,1730,1,1,1,7,4839900,686400,4,2,0,0,0,3,0,40,1,0,1,0,0,1,2,1,1
200600018061,6,4,7,800,1,1,1,1,4834100,754800,3,2,2,0,0,1,0,68,1,5,1,0,1,0,1,0,1
200600018062,6,4,5,2300,3,1,1,7,4839900,761900,2,3,2,0,0,1,0,0,1,0,0,0,0,0,1,0,1
200600018064,6,4,12,1845,1,1,8,1,4832000,771600,4,2,2,0,1,1,0,57,2,0,1,0,2,0,1,0,1
200600018065,6,4,28,645,1,1,1,3,4837600,759700,3,2,2,0,0,1,0,72,1,0,1,0,1,0,1,0,1
200600018066,6,4,21,730,1,1,1,6,4839000,772000,3,2,1,0,1,1,0,0,1,0,1,0,0,0,1,0,1
200600018067,6,4,3,745,1,1,2,6,4854300,746300,3,2,2,0,1,1,0,0,0,0,3,0,0,0,1,0,1
200600018068,6,4,29,915,1,1,1,6,4846400,743000,4,2,0,0,4,1,60,0,1,0,4,0,0,1,0,0,1
200600018071,6,4,20,2030,3,1,1,6,4882100,753400,4,2,2,0,2,1,0,55,1,0,1,0,0,1,1,0,1
200600018073,6,4,1,1500,1,1,1,6,4901000,710800,3,2,2,0,1,1,0,60,1,0,3,0,0,1,0,0,1
200600018077,6,4,1,1230,1,1,1,7,4869900,757800,3,2,2,0,0,1,0,66,1,0,1,0,0,0,0,1,1
200600018078,6,4,1,1700,1,1,1,7,4862400,760600,3,2,2,0,1,2,0,60,1,0,3,0,0,0,2,0,1
200600018079,6,4,7,1715,1,1,1,3,4863200,762500,3,2,2,0,1,1,0,55,1,0,1,0,1,0,1,0,1
200600018082,6,4,20,1530,1,1,1,1,4870700,787000,3,2,2,0,1,1,0,71,1,0,1,0,2,0,1,0,1
200600018087,6,4,16,300,3,1,8,7,4897600,793400,3,2,2,0,1,3,0,67,2,0,3,0,1,0,3,0,1
200600018088,6,4,26,545,5,1,1,6,4890700,795200,3,2,0,0,1,1,0,0,1,0,1,0,1,0,1,0,1
200600018089,6,4,6,1830,1,1,1,1,4897300,773400,3,2,1,0,1,0,0,60,1,0,1,0,1,0,1,0,1
200600018090,6,4,22,1345,1,1,1,7,4891700,774800,3,2,0,1,1,1,0,63,1,0,0,0,0,0,1,0,1
200600018091,6,4,23,1545,1,1,1,6,4815300,719000,3,2,2,0,1,2,0,60,1,0,1,0,0,0,1,0,1
200600018092,6,4,1,1030,1,1,1,7,4810500,730900,3,0,0,0,1,0,0,100,1,0,1,0,1,0,1,0,1
200600018093,6,4,30,300,5,1,1,1,4767400,726600,3,2,2,0,1,3,0,81,1,0,1,0,3,0,2,0,1
200600018094,6,4,23,1215,3,1,1,6,4743600,727900,3,2,2,0,1,2,0,67,1,0,1,0,0,0,1,1,1
200600018096,6,4,10,1345,1,2,3,3,4785000,732100,3,2,1,0,1,1,0,63,2,0,1,0,0,1,0,1,1
200600018097,6,4,28,415,3,1,1,7,4791900,739200,3,0,2,0,1,3,0,60,1,0,1,0,0,0,0,1,1
200600018098,6,4,8,430,3,9,1,2,4788100,731300,3,3,4,0,1,3,20,75,1,0,1,0,1,0,0,1,1
200600018099,6,4,21,1045,1,1,1,1,4796000,729900,4,0,0,0,0,1,0,0,9,0,1,0,1,0,0,1,1
200600018100,6,4,5,1400,1,1,4,2,4778300,735600,3,2,2,0,1,1,0,0,2,0,1,0,3,0,0,1,1
200600018107,6,4,27,1815,1,1,1,6,4779600,719900,4,2,0,1,1,1,0,82,1,4,1,0,0,1,0,0,1
200600018109,6,4,3,1545,1,1,1,3,4899900,403200,3,2,2,0,3,1,0,70,1,0,1,0,1,1,0,0,1
200600018113,6,4,24,1825,1,9,1,3,4873600,391200,4,2,2,0,0,1,0,40,1,0,1,0,1,0,1,0,1
200600018114,6,4,23,1845,1,1,1,7,4875700,398400,3,2,2,0,1,3,50,60,1,0,1,3,1,0,1,0,1
200600018116,6,4,4,1415,1,1,1,3,4854700,375800,3,2,2,0,1,1,0,0,1,0,1,0,1,0,1,0,1
200600018117,6,4,4,1545,1,1,6,1,4872100,350400,2,2,2,0,1,1,0,70,1,0,1,0,1,0,1,0,1
200600018118,6,4,14,1745,1,3,1,3,4872500,372600,4,1,1,0,0,1,0,50,1,0,1,0,1,0,1,0,1
200600018119,6,4,19,1745,1,1,1,7,4858000,378000,3,2,2,0,1,2,0,65,1,0,3,0,0,0,1,0,1
200600018120,6,4,29,1,5,1,1,6,4861000,361000,3,2,0,0,2,2,0,50,0,0,4,0,0,0,1,0,1
200600018121,6,4,5,1200,1,1,1,1,4931200,367900,3,2,2,0,1,1,0,80,1,0,1,0,1,0,0,1,1
200600018122,6,4,2,1930,1,1,1,1,4927900,388700,4,2,0,0,2,4,0,70,1,0,1,0,1,0,1,0,1
200600018125,6,4,23,630,1,1,1,7,4907100,478500,2,2,2,0,1,1,0,80,1,0,3,0,0,0,1,0,1
200600018134,6,4,24,2115,2,1,1,6,4950900,435800,4,2,0,0,1,2,0,85,1,0,1,0,1,0,1,0,1
200600018142,6,4,27,1015,1,1,1,1,4818700,419800,2,2,0,0,1,1,0,120,1,5,1,0,1,0,2,0,1
200600018143,6,4,15,2015,2,1,1,6,4847600,345700,3,2,2,0,1,1,0,73,1,0,3,0,0,0,1,0,1
200600018145,6,4,27,1915,1,1,1,6,4846000,339900,3,2,2,0,2,1,0,76,1,0,3,0,0,1,0,0,1
200600018146,6,4,29,2230,3,1,1,1,4840400,378100,3,2,2,0,1,0,0,62,1,0,1,0,0,0,1,1,1
200600018147,6,4,3,1830,1,1,7,5,4851200,369700,2,2,2,0,1,1,0,72,1,0,1,0,1,2,1,2,1
200600018148,6,4,1,400,3,1,1,7,4796000,487800,3,2,0,0,2,1,0,79,1,0,3,0,0,0,1,0,1
200600018149,6,4,12,1645,1,3,1,3,4804500,521400,4,2,2,0,0,1,0,55,1,0,1,3,1,0,1,0,1
200600018153,6,4,20,2230,4,1,1,6,4814000,486700,4,2,2,0,0,0,41,0,1,0,1,0,1,0,1,0,1
200600018154,6,4,7,1800,1,1,1,6,4786800,534800,9,2,0,0,1,1,0,60,1,0,1,0,1,0,1,0,1
200600018155,6,4,1,1630,1,1,1,6,4782600,557800,3,2,2,0,1,1,0,43,1,0,1,0,0,0,1,0,1
200600018156,6,4,22,1400,1,1,1,3,4796000,574900,3,2,2,0,2,1,70,0,1,0,1,0,2,0,2,0,1
200600018159,6,4,30,15,3,1,1,6,4778600,531600,2,2,3,0,2,2,0,108,1,0,1,0,1,0,1,3,1
200600018160,6,4,15,1830,1,1,8,7,4854800,483200,3,2,0,0,1,2,0,70,2,0,3,0,0,0,0,1,1
200600018161,6,4,24,1615,1,1,1,4,4726000,454100,1,3,2,0,0,1,20,70,1,0,1,0,8,0,1,1,1
200600018162,6,4,29,1845,1,3,1,3,4724500,538300,3,2,2,0,2,1,0,80,1,5,1,0,1,0,1,1,1
200600018163,6,4,20,15,3,1,1,7,4726500,527200,3,2,2,0,1,1,0,0,1,0,1,0,0,0,1,0,1
200600018164,6,4,26,2300,5,1,1,6,4723600,519900,3,2,2,0,1,1,0,0,1,0,4,0,0,0,1,0,1
200600018166,6,4,14,1600,1,1,1,7,4752600,514600,3,2,0,0,0,1,0,0,1,0,1,0,0,0,1,0,1
200600018167,6,4,1,625,2,1,1,2,4695100,471100,3,2,2,0,1,1,0,69,1,0,3,0,0,1,1,1,1
200600018168,6,4,19,1000,1,1,1,1,4785900,442800,3,2,2,0,0,4,0,42,1,0,1,0,1,0,1,0,1
200600018169,6,4,29,1815,1,1,1,7,4782300,447100,4,0,0,0,2,3,0,46,1,0,1,0,0,0,1,0,1
200600018170,6,4,30,1630,1,1,1,6,4791100,464300,3,2,2,0,1,2,0,0,1,0,1,0,0,0,1,0,1
200600018174,6,4,4,1400,1,1,1,7,4706000,368000,3,2,0,0,0,1,0,76,1,0,3,0,1,0,1,1,1
200600018176,6,4,1,1630,1,1,1,7,4733200,294500,3,2,0,0,1,2,0,38,1,0,3,0,0,0,0,1,1
200600018187,6,4,22,1745,1,1,1,6,4631500,429800,3,2,2,0,1,3,0,67,1,0,3,0,0,1,2,0,1
200600018188,6,4,28,1615,1,1,1,1,4648700,398000,3,2,0,0,1,1,103,0,1,0,1,0,1,0,2,0,1
200600018189,6,4,6,1800,1,1,1,5,4636300,413400,3,2,2,0,1,3,0,56,1,0,1,0,2,1,0,0,1
200600018190,6,4,12,1745,1,1,1,1,4645200,410900,4,2,2,0,0,1,0,57,1,0,1,0,2,0,0,2,1
200600018191,6,4,20,1000,1,1,1,6,4646800,408600,2,1,0,0,1,1,70,0,1,2,1,0,0,0,0,2,1
200600018192,6,4,25,1230,1,1,1,2,4647500,403800,2,3,4,0,1,1,0,114,1,0,1,0,1,0,1,0,1
200600018199,6,4,22,1900,1,1,1,6,4688700,526200,3,2,2,0,1,1,0,60,1,0,1,0,1,0,1,0,1
200600018200,6,4,23,1200,1,1,1,3,4779900,365600,2,2,0,0,1,1,0,0,1,0,1,0,4,0,0,1,1
200600018202,6,4,8,920,1,1,1,1,4766900,344700,3,2,2,0,2,3,0,0,1,0,1,0,1,0,1,0,1
200600018203,6,4,16,2000,1,1,1,7,4765300,375100,3,2,2,0,1,2,0,61,1,0,3,0,3,0,1,0,1
200600018205,6,4,25,1600,1,2,1,3,4749400,335100,3,2,2,0,1,3,0,43,1,0,1,0,0,0,0,2,1
200600018209,6,4,21,1630,1,1,1,1,4784700,357300,4,2,2,0,1,1,0,56,1,0,1,0,1,0,2,0,1
200600018211,6,4,8,1600,1,1,1,2,4764700,306600,3,2,0,0,0,0,0,0,1,0,1,0,2,1,0,0,1
200600018213,6,4,21,1600,1,2,1,3,4752400,325800,3,2,2,0,1,1,0,89,1,5,1,0,1,0,2,0,1
200600018215,6,4,7,2015,1,2,1,3,4785600,332900,3,2,0,0,1,1,0,0,1,0,1,0,0,0,3,0,1
200600018219,6,4,15,1545,1,1,8,7,4824600,304900,3,2,2,0,1,3,0,60,1,0,1,0,0,0,1,0,1
200600018220,6,4,30,30,3,1,1,6,4823000,318400,3,2,2,0,0,2,0,0,1,0,0,0,0,0,0,1,1
200600018224,6,4,4,1700,1,1,1,3,4714900,609000,3,2,2,0,1,1,0,0,1,0,1,0,0,0,1,1,1
200600018226,6,4,17,2230,5,1,1,6,4754100,684900,4,2,1,0,1,2,0,60,1,6,4,0,0,0,1,0,1
200600018232,6,4,23,1600,1,1,1,7,4722400,639300,3,2,2,0,2,4,0,72,1,0,1,0,0,0,1,0,1
200600018233,6,4,23,1800,1,1,1,2,4671100,575600,3,2,0,0,0,1,0,71,1,0,1,0,0,2,1,0,1
200600018236,6,4,2,1730,1,1,1,3,4644000,534000,3,2,0,0,1,2,0,0,1,0,1,0,1,0,1,0,1
200600018237,6,4,4,1840,1,1,1,1,4674000,590000,3,2,0,0,2,2,0,67,1,5,1,0,1,0,1,0,1
200600018238,6,4,8,2215,3,1,2,7,4675900,595400,9,2,2,0,2,2,0,37,2,0,3,0,1,0,1,0,1
200600018239,6,4,15,2300,5,1,3,6,4674700,591300,3,1,1,0,1,3,50,42,2,5,1,0,1,0,0,2,1
200600018246,6,4,7,15,5,1,1,6,4697000,540000,3,2,2,0,0,1,0,53,1,0,1,0,0,0,1,0,1
200600018247,6,4,20,1630,1,1,1,3,4641100,579600,4,2,1,0,1,1,0,56,1,0,1,0,1,0,1,0,1
200600018249,6,4,21,1630,1,7,1,6,4783400,589600,6,0,0,0,1,0,0,0,0,0,0,0,0,0,2,0,1
200600018250,6,4,29,1530,1,1,1,6,4771300,590200,3,2,2,0,2,1,0,65,1,0,3,0,0,0,1,0,1
200600018251,6,4,22,1520,1,1,1,5,4770500,669600,4,2,0,0,1,0,45,0,1,0,1,0,2,0,1,0,1
200600018255,6,4,13,1015,1,1,1,1,4751300,700000,3,2,0,1,1,1,0,0,1,5,1,0,1,0,1,0,1
200600018257,6,4,8,1730,1,1,1,6,4774300,685200,3,2,0,0,1,1,0,48,1,0,1,0,0,0,1,0,1
200600018258,6,4,3,145,3,1,1,1,4519600,487700,1,3,3,3,2,3,35,105,1,0,1,0,2,0,0,3,1
200600018259,6,4,6,1445,1,1,1,4,4537600,480800,1,3,3,3,0,1,35,105,1,0,1,0,2,0,1,0,1
200600018261,6,4,13,730,1,1,1,3,4523500,485000,1,3,3,0,2,1,20,210,1,0,1,0,0,0,0,2,1
200600018262,6,4,22,1600,1,1,1,6,4535900,480600,1,3,0,0,2,3,25,105,1,0,0,0,1,0,0,3,1
200600018268,6,4,21,1915,1,9,1,3,4364600,553800,2,2,2,0,2,1,0,0,1,0,1,0,2,0,1,0,1
200600018274,6,4,12,2310,3,6,1,6,4345600,567400,3,0,0,0,1,2,0,0,1,0,1,0,0,0,1,0,1
200600018276,6,4,1,645,3,1,1,2,4365000,465000,3,3,2,0,1,1,20,74,1,0,1,0,1,0,1,0,1
200600018277,6,4,23,1745,1,1,1,1,4374000,465000,3,2,1,0,1,1,0,35,1,0,1,0,1,0,1,0,1
200600018278,6,4,1,600,5,1,1,3,4387000,486000,3,2,0,0,1,1,0,68,1,0,1,0,2,0,1,0,1
200600018285,6,4,1,1545,1,1,1,6,4323700,566300,3,2,2,0,2,4,0,62,1,0,3,0,0,0,3,0,1
200600018287,6,4,21,1715,1,1,1,3,4341000,557700,2,2,2,0,1,1,0,60,1,5,1,0,1,0,0,1,1
200600018298,6,4,23,800,1,1,1,7,4387400,569200,2,2,2,0,1,1,0,55,1,0,1,0,0,0,1,0,1
200600018299,6,4,6,1130,1,1,1,7,4428900,582100,3,2,0,0,1,1,0,45,1,0,1,0,1,0,1,0,1
200600018302,6,4,4,1200,1,1,1,1,4446200,619900,3,2,2,0,0,1,0,78,1,0,1,0,3,0,1,0,1
200600018307,6,4,8,2150,5,1,1,3,4479900,655800,4,2,2,0,0,1,0,0,1,0,1,0,1,0,0,1,1
200600018319,6,4,16,1545,1,1,1,1,4385100,673000,3,2,2,0,1,1,0,60,1,2,1,0,0,1,0,1,1
200600018322,6,4,11,1210,1,1,1,3,4380500,719400,3,2,3,0,1,1,0,106,1,0,1,0,1,0,0,1,1
200600018323,6,4,8,1915,2,1,1,2,4395900,691700,2,2,2,0,1,1,0,73,1,0,1,0,7,0,1,0,1
200600018324,6,4,8,1430,1,1,1,6,4406000,712000,3,2,2,0,1,1,70,70,1,0,3,0,0,0,1,0,1
200600018325,6,4,9,1215,1,1,2,6,4409800,704300,3,2,2,0,2,3,70,0,2,2,3,0,0,0,1,0,1
200600018351,6,4,24,1140,1,1,1,3,4330000,662000,3,2,2,0,1,1,0,70,1,0,1,0,1,0,0,1,1
200600018353,6,4,27,1500,1,1,1,2,4328000,654000,3,2,2,0,1,3,0,0,1,0,1,0,1,0,0,1,1
200600018362,6,4,8,1730,1,1,1,6,4315200,607500,3,2,2,0,1,1,0,68,1,0,1,0,1,0,1,0,1
200600018366,6,4,26,1445,1,1,1,3,4315000,641000,3,2,2,0,1,1,0,72,1,0,1,0,3,0,1,1,1
200600018367,6,4,2,1800,1,1,1,5,4318300,606800,3,2,2,0,0,0,0,63,1,0,1,0,3,1,0,0,1
200600018368,6,4,21,2230,5,1,1,1,4318300,604300,3,2,0,0,2,4,0,61,1,0,0,0,0,0,1,4,1
200600018373,6,4,13,845,1,1,1,5,4388200,509700,9,2,1,0,0,3,0,40,1,0,1,0,2,0,1,0,1
200600018376,6,4,20,1945,1,1,1,1,4385500,549900,2,2,2,0,1,1,0,55,1,0,1,0,0,0,3,1,1
200600018378,6,4,30,445,3,1,1,3,4388400,541100,3,2,2,0,1,1,0,58,1,0,1,0,0,0,1,1,1
200600018379,6,4,22,2330,3,1,1,3,4375500,533000,3,2,2,0,1,1,0,104,1,0,1,0,4,0,2,1,1
200600018380,6,4,10,745,1,1,1,7,4373900,548300,3,2,0,0,0,2,0,62,1,0,3,0,0,0,1,0,1
200600018381,6,4,17,1945,1,1,1,3,4373800,553800,3,2,0,0,1,1,0,40,1,0,1,0,2,0,2,0,1
200600018385,6,4,4,1930,1,6,1,3,4412200,490100,4,2,2,0,0,2,0,0,1,5,1,0,1,0,1,0,1
200600018386,6,4,18,1545,1,1,1,6,4410200,486900,2,2,2,0,1,1,0,120,1,0,1,0,0,0,0,1,1
200600018388,6,4,4,1330,1,1,1,3,4429200,468900,3,2,2,0,1,1,0,0,1,0,1,0,1,0,1,0,1
200600018389,6,4,4,1845,1,1,1,6,4429100,475400,5,2,1,0,1,1,0,0,1,0,1,0,1,0,1,0,1
200600018404,6,4,29,1645,1,1,1,6,4379500,391100,3,2,0,0,1,1,0,50,1,0,3,0,0,0,1,0,1
200600018406,6,4,6,1745,1,1,1,6,4355800,319600,3,2,0,0,0,2,0,60,1,0,1,0,0,0,1,0,1
200600018407,6,4,8,15,3,1,1,7,4358000,316000,3,2,0,0,1,2,0,0,1,0,3,0,0,0,1,0,1
200600018409,6,4,20,700,2,1,1,6,4332000,314100,3,0,0,0,2,1,0,0,1,2,0,0,0,2,0,0,1
200600018410,6,4,21,1635,1,1,1,6,4327500,308000,2,2,2,0,2,2,0,0,1,0,0,0,0,0,1,1,1
200600018412,6,4,20,1500,1,1,1,7,4334100,297300,3,0,2,0,2,0,0,60,1,0,3,0,0,0,1,0,1
200600018413,6,4,22,1445,1,1,1,7,4330400,313300,3,2,2,0,1,3,0,64,1,0,3,0,0,1,0,0,1
200600018415,6,4,12,630,2,1,1,6,4348000,329000,3,2,0,0,1,1,0,60,1,0,3,0,0,0,1,0,1
200600018416,6,4,16,1845,1,1,1,6,4350000,329000,3,2,0,0,1,2,0,50,0,0,3,0,1,0,1,1,1
200600018417,6,4,2,300,3,1,1,6,4326500,316100,3,2,1,0,1,1,0,40,1,0,1,0,0,0,1,0,1
200600018419,6,4,8,2330,3,1,2,7,4361300,338500,3,2,2,0,2,3,0,80,2,0,0,0,0,0,0,1,1
200600018422,6,4,14,1200,1,1,1,6,4338900,347000,3,2,2,0,1,1,0,42,1,0,1,0,1,0,1,0,1
200600018424,6,4,30,945,5,1,1,1,4356300,379800,3,2,2,0,2,2,0,72,1,0,3,0,2,0,2,0,1
200600018425,6,4,17,630,3,1,1,7,4344500,361800,3,2,2,0,1,1,0,58,1,0,3,0,0,0,4,0,1
200600018426,6,4,5,1745,1,1,1,3,4324700,232500,4,2,2,0,1,1,0,52,0,0,1,0,2,0,1,0,1
200600018427,6,4,13,1515,1,1,1,1,4330000,245500,3,2,2,0,1,1,0,63,1,0,3,0,2,0,1,0,1
200600018430,6,4,15,415,3,1,9,7,4329600,203600,2,2,2,0,1,3,0,70,0,0,1,0,0,1,0,0,1
200600018432,6,4,6,2000,1,2,1,1,4320300,174700,3,2,2,0,1,1,112,0,1,5,1,0,1,0,1,0,1