Num_Acc,an,mois,jour,hrmn,lum,int,atm,col,lat,long,catr,circ,nbv,vosp,prof,plan,lartpc,larrout,surf,infra,situ,env1,unscathed,killed,hospital,light,chance
200600023402,6,5,12,1830,1,1,8,1,4942800,392700,3,2,0,0,1,1,35,91,2,5,1,0,0,0,2,0,1
200600023403,6,5,13,2315,5,1,1,6,4944200,396700,4,2,0,0,2,3,0,79,1,0,1,0,1,0,1,0,1
200600023406,6,5,24,930,1,2,1,3,4890300,340600,3,2,2,0,1,1,0,95,1,0,1,0,0,0,1,1,1
200600023407,6,5,1,1830,1,1,2,1,4918200,349500,3,2,1,0,2,2,0,50,2,0,1,0,1,0,0,1,1
200600023412,6,5,4,2115,5,1,1,6,4923800,304400,3,2,0,0,1,3,0,60,1,0,1,0,0,0,2,0,1
200600023413,6,5,24,1600,1,2,8,5,4937800,313300,3,2,2,0,0,1,0,63,1,5,1,0,2,0,2,0,1
200600023415,6,5,13,1045,1,1,1,1,5002200,379000,3,2,2,0,2,1,0,80,1,0,1,0,1,0,1,0,1
200600023417,6,5,13,1115,1,1,1,1,4993100,410300,4,2,2,0,1,1,0,60,1,5,1,0,2,0,1,0,1
200600023418,6,5,4,900,1,1,1,5,4938800,222200,3,2,2,0,1,1,0,68,1,0,1,0,2,0,1,0,1
200600023419,6,5,19,145,3,1,1,6,4951500,201600,3,2,2,0,2,1,0,75,1,0,1,0,0,0,1,0,1
200600023421,6,5,2,630,2,1,1,6,4936400,196400,3,2,2,0,1,1,0,74,2,0,1,0,0,0,1,0,1
200600023422,6,5,10,2015,1,1,1,6,4941200,183800,4,2,2,0,1,1,0,50,1,0,1,0,1,0,0,2,1
200600023437,6,5,20,1345,1,1,6,6,4955700,226500,3,2,2,0,2,3,0,47,1,0,4,0,0,0,1,0,1
200600023439,6,5,1,1000,1,1,8,1,4955100,237000,3,2,2,0,1,1,0,72,1,0,1,0,0,0,2,1,1
200600023444,6,5,3,1745,1,1,1,1,4942500,276200,9,2,0,0,0,1,0,40,9,4,1,0,1,0,2,0,1
200600023445,6,5,16,830,1,1,1,1,4946600,276300,3,2,0,0,0,1,0,75,1,0,1,0,0,0,1,1,1
200600023454,6,5,26,1800,1,1,1,1,4914700,280100,3,2,0,0,1,3,0,70,1,0,1,0,0,0,2,0,1
200600023457,6,5,20,1800,1,1,6,1,4991400,94200,3,2,0,0,2,4,0,74,1,0,1,0,4,0,1,1,1
200600023459,6,5,27,1700,1,1,8,7,4979600,111100,3,2,0,0,2,0,0,60,2,0,1,0,0,0,1,0,1
200600023462,6,5,13,300,3,1,8,1,4939200,128300,2,2,2,0,0,1,0,70,2,0,1,0,0,1,1,0,1
200600023469,6,5,20,1530,1,1,1,1,4963400,64200,3,2,2,0,2,0,0,71,1,2,1,0,0,0,2,0,1
200600023472,6,5,6,1915,1,3,2,3,4965700,161600,3,3,2,0,2,1,0,70,2,5,1,0,1,0,1,0,1
200600023473,6,5,1,2215,5,1,3,7,4946400,139600,2,2,2,0,1,1,0,73,2,0,1,0,1,0,1,0,1
200600023475,6,5,10,1815,1,1,1,1,4986700,72300,3,2,0,0,2,1,0,80,1,0,1,0,1,0,1,0,1
200600023478,6,5,3,1445,1,1,1,2,4911200,117300,3,2,1,0,1,1,63,0,1,0,1,0,1,0,2,0,1
200600023481,6,5,12,2140,3,1,8,7,4885400,99400,3,2,0,0,1,1,0,41,2,0,1,0,0,0,1,0,1
200600023482,6,5,20,500,3,1,3,6,4887700,107100,3,2,2,0,2,2,0,0,2,0,3,0,2,0,1,0,1
200600023483,6,5,23,1500,1,1,1,7,4891500,75000,3,2,2,0,1,1,0,0,1,0,3,0,0,0,1,0,1
200600023484,6,5,24,1930,1,1,1,6,4880500,99700,3,2,2,0,1,3,0,65,2,0,3,0,0,0,1,0,1
200600023485,6,5,26,1600,1,1,1,7,4881300,87000,3,2,2,0,1,1,0,50,1,0,3,0,0,0,1,0,1
200600023486,6,5,3,900,1,1,1,6,4924900,141500,3,2,2,0,0,1,0,0,1,0,1,0,1,0,1,0,1
200600023489,6,5,10,1520,1,1,1,1,4928400,176400,3,2,2,0,1,1,0,79,1,0,4,0,1,0,1,0,1
200600023490,6,5,31,830,1,1,1,3,4927100,178700,4,2,2,0,1,1,0,0,1,0,1,0,1,0,1,0,1
200600023491,6,5,29,1500,1,2,1,1,4910200,60500,3,2,0,0,1,1,0,0,1,0,1,0,1,0,0,2,1
200600023499,6,5,4,1000,1,1,7,1,4916000,135600,2,2,2,0,1,1,0,80,1,0,1,0,1,0,1,0,1
200600023503,6,5,9,1145,1,1,1,6,4922900,49000,4,2,2,0,1,1,0,27,1,0,3,0,0,0,1,0,1
200600023505,6,5,17,1700,1,1,1,7,4927800,51400,4,2,0,0,1,3,0,26,1,0,1,0,0,1,0,0,1
200600023507,6,5,16,1345,1,1,1,3,4832400,-153300,3,2,1,0,0,0,0,65,1,0,1,0,2,0,0,1,1
200600023510,6,5,30,1815,1,1,1,3,4799100,-212500,4,2,0,0,1,1,0,50,0,0,1,0,1,0,1,0,1
200600023512,6,5,30,1145,1,1,1,3,4843900,-131100,3,2,0,0,2,2,0,47,1,0,1,0,1,0,1,0,1
200600023513,6,5,29,915,1,2,1,1,4841600,-136300,3,2,2,0,1,1,0,78,1,0,1,0,1,0,1,0,1
200600023514,6,5,15,1900,1,1,1,1,4772000,-207100,4,0,2,0,1,3,0,71,1,0,1,0,1,0,2,0,1
200600023515,6,5,19,1400,1,1,1,1,4781000,-156000,4,2,0,0,1,3,0,33,1,0,1,0,1,0,1,0,1
200600023516,6,5,13,1700,1,1,1,7,4784300,-198400,3,2,1,0,1,1,0,53,1,0,3,0,1,1,0,0,1
200600023521,6,5,11,1500,1,1,1,1,4859100,-160900,4,0,2,0,3,3,0,33,1,0,1,0,1,0,1,0,1
200600023527,6,5,28,130,3,1,2,6,4810600,-137400,4,2,2,0,2,2,0,50,2,0,3,0,0,1,1,0,1
200600023528,6,5,24,1145,1,1,1,7,4796400,-149800,6,0,0,0,1,0,0,0,1,0,1,0,1,0,1,0,1
200600023531,6,5,1,700,2,1,2,6,4850300,-241200,3,2,2,0,1,1,0,0,2,0,3,0,0,0,2,0,1
200600023532,6,5,2,1745,1,1,1,3,4850200,-247100,3,2,0,0,1,1,0,69,1,0,1,0,0,0,2,0,1
200600023535,6,5,8,515,3,1,1,6,4828700,-284500,3,2,2,0,2,2,0,50,1,0,0,0,1,0,4,0,1
200600023536,6,5,9,1330,1,6,1,3,4817600,-274900,4,3,4,1,2,0,15,70,1,0,1,0,1,1,0,0,1
200600023537,6,5,9,1815,1,1,1,6,4814100,-270100,4,2,2,0,2,3,0,65,1,0,1,3,1,0,0,1,1
200600023539,6,5,20,1830,1,1,1,4,4859300,-255200,9,1,2,0,1,1,0,60,1,0,1,0,2,0,2,0,1
200600023540,6,5,23,1130,1,1,1,1,4859500,-249400,3,2,2,0,1,3,0,60,1,0,1,0,1,1,0,0,1
200600023542,6,5,20,1845,1,1,1,1,4842100,-295800,3,2,2,0,1,3,0,60,1,0,1,0,1,0,1,0,1
200600023544,6,5,22,1515,1,1,1,5,4817600,-258200,2,2,2,0,1,1,0,77,1,0,1,0,2,0,1,0,1
200600023546,6,5,9,815,1,1,7,6,4868300,-352300,3,2,0,0,1,0,0,57,1,0,1,0,1,1,0,0,1
200600023547,6,5,14,500,4,1,1,1,4878000,-357800,3,2,2,0,1,1,0,65,1,0,1,0,0,0,2,0,1
200600023549,6,5,28,1730,1,1,1,3,4882000,-346900,3,2,2,0,1,1,0,70,1,0,1,0,3,0,1,0,1
200600023551,6,5,15,815,1,1,2,6,4800300,-416100,3,2,0,0,1,2,0,0,2,0,3,0,1,0,1,1,1
200600023552,6,5,30,1815,1,1,1,3,4801400,-447900,4,2,2,0,1,1,0,62,1,5,1,0,0,0,1,1,1
200600023553,6,5,7,1415,1,1,1,1,4791800,-396900,4,2,2,0,2,3,0,81,1,0,1,0,0,0,2,1,1
200600023554,6,5,10,1445,1,1,1,7,4787000,-401000,4,2,0,0,2,1,0,55,1,0,1,0,0,0,1,0,1
200600023555,6,5,15,800,1,1,8,1,4787000,-404300,3,2,2,0,1,2,0,51,1,0,3,0,0,1,0,1,1
200600023556,6,5,20,1345,1,6,1,1,4788900,-416800,3,3,2,0,1,1,0,51,1,5,1,0,1,0,1,0,1
200600023558,6,5,9,1600,1,6,1,7,4844300,-426400,9,0,0,0,0,0,0,0,0,0,0,0,0,0,1,0,1
200600023559,6,5,7,505,3,1,1,7,4843800,-461100,3,2,2,0,1,2,0,61,1,0,3,0,1,0,2,0,1
200600023561,6,5,28,545,3,1,2,6,4836400,-375500,4,2,2,0,2,4,0,85,2,0,3,0,0,2,2,0,1
200600023568,6,5,19,815,1,1,2,5,4768100,-280600,3,2,2,0,1,1,0,60,2,0,1,0,2,0,1,0,1
200600023569,6,5,2,845,1,1,1,1,4778700,-219500,3,2,2,0,1,1,0,60,1,0,0,0,0,0,1,1,1
200600023572,6,5,22,230,5,1,6,1,4760200,-311500,3,2,2,0,2,1,0,70,1,0,1,0,0,0,1,1,1
200600023577,6,5,11,2115,1,1,1,6,4794200,-253000,3,2,0,0,0,1,0,60,1,0,1,0,1,0,1,0,1
200600023578,6,5,16,1930,1,9,1,1,4789400,-246700,3,2,0,0,2,3,0,30,1,0,1,0,1,0,1,0,1
200600023579,6,5,29,1345,1,1,1,6,4788500,-267000,3,2,2,0,1,2,0,53,1,0,3,0,0,0,1,0,1
200600023580,6,5,26,1445,1,1,8,3,4804000,-347900,3,2,2,0,1,1,15,60,1,5,1,0,0,0,2,0,1
200600023583,6,5,7,1045,1,1,1,6,4928100,-28700,3,2,2,0,2,1,0,44,1,0,3,0,0,0,1,0,1
200600023584,6,5,7,1130,1,6,1,2,4925500,-38300,3,0,2,0,0,2,0,87,1,5,1,0,1,0,1,1,1
200600023585,6,5,11,1830,1,1,1,3,4928500,-25600,9,2,0,0,1,1,0,60,1,0,1,0,0,0,1,1,1
200600023587,6,5,1,1700,1,1,2,3,4916300,-61400,3,2,0,0,1,2,0,65,2,0,1,0,0,1,3,0,1
200600023589,6,5,21,30,3,1,2,6,4903400,-5800,3,2,1,0,1,2,0,65,2,0,3,0,0,0,1,0,1
200600023593,6,5,10,1630,1,1,1,1,4929400,1300,3,2,0,0,1,1,0,0,1,0,1,0,3,0,0,1,1
200600023597,6,5,31,1830,1,1,1,2,4899100,-103200,3,2,2,0,0,1,51,62,1,0,1,0,1,0,1,0,1
200600023599,6,5,4,1735,1,1,1,6,4867100,-134600,3,2,2,0,1,3,0,50,1,0,1,0,0,0,1,0,1
200600023600,6,5,19,1530,1,1,8,6,4868000,-135000,9,2,2,0,1,1,0,55,2,0,1,0,1,0,1,0,1
200600023602,6,5,27,1715,1,1,1,4,4884100,-148400,3,2,2,0,2,1,0,72,1,0,1,0,6,0,1,0,1
200600023604,6,5,28,45,3,1,5,6,4966700,-179000,3,0,2,0,1,0,0,50,2,0,3,0,1,0,1,0,1
200600023605,6,5,28,1700,1,1,1,1,4963300,-151900,3,2,2,0,1,2,0,46,1,0,1,0,1,0,1,0,1
200600023607,6,5,5,2230,5,1,1,1,4949600,-137500,3,2,2,0,1,4,0,57,1,0,1,0,1,0,1,0,1
200600023609,6,5,14,2300,3,3,1,3,4965500,-142400,3,2,0,0,1,2,0,60,1,0,1,0,0,1,1,0,1
200600023610,6,5,27,1715,1,1,1,1,4958400,-135100,3,2,0,0,1,1,0,70,1,0,1,0,1,0,1,0,1
200600023612,6,5,9,900,1,2,1,3,4899800,-141900,3,2,2,0,2,1,0,65,1,0,1,0,0,1,0,2,1
200600023618,6,5,15,1030,1,1,1,1,4836500,46800,3,2,2,0,2,1,0,0,1,0,1,0,0,0,2,1,1
200600023623,6,5,24,245,3,1,1,7,4709600,-130000,3,2,2,0,2,1,0,60,1,0,1,0,0,0,2,0,1
200600023624,6,5,16,1730,1,1,1,6,4706600,-172500,4,2,2,0,1,1,0,37,1,0,1,0,3,0,1,0,1
200600023625,6,5,19,1145,1,1,1,1,4704800,-171700,3,2,2,0,4,1,0,55,1,0,1,0,1,0,3,0,1
200600023632,6,5,1,1730,1,2,1,3,4737000,-140500,3,2,0,0,1,1,0,60,1,0,1,0,1,0,0,1,1
200600023636,6,5,4,1715,1,3,1,3,4726900,-211400,3,2,0,0,0,3,0,68,1,0,1,0,1,0,0,1,1
200600023637,6,5,13,1515,1,1,1,5,4708400,-179700,3,2,2,0,1,1,74,0,1,5,1,0,2,0,1,0,1
200600023638,6,5,29,1845,1,1,1,1,4713700,-179400,3,2,2,0,2,2,0,73,1,0,1,0,0,0,4,0,1
200600023639,6,5,2,2000,2,1,1,3,4722200,-171200,4,2,2,0,1,1,0,80,1,0,1,0,0,0,1,0,1
200600023640,6,5,6,715,1,1,2,6,4721400,-170600,3,2,0,0,1,2,0,72,2,0,3,0,0,0,1,0,1
200600023645,6,5,9,1815,1,3,1,3,4728500,-172500,3,2,3,0,1,1,0,101,1,5,1,0,1,0,0,1,1
200600023648,6,5,20,2315,3,1,1,2,4739300,-51100,4,2,2,0,1,1,0,50,0,0,1,0,0,0,0,1,1
200600023649,6,5,24,845,1,3,1,3,4721600,-59200,4,2,2,0,1,3,0,60,1,0,1,0,1,0,0,1,1
200600023650,6,5,3,1630,1,1,1,1,4742300,-44100,3,2,0,0,1,1,0,0,1,0,1,0,0,0,1,1,1
200600023651,6,5,13,130,3,1,1,6,4735000,-77600,3,2,2,0,1,1,0,70,1,0,1,0,0,0,1,0,1
200600023652,6,5,20,1745,1,1,1,6,4741300,-93100,3,2,2,0,0,1,0,65,1,0,4,3,3,0,1,0,1
200600023653,6,5,13,1300,1,1,1,1,4719700,-89000,3,2,2,0,1,1,0,47,1,2,1,0,1,0,1,0,1
200600023656,6,5,18,1200,1,1,1,2,4712700,-71100,3,2,2,0,1,1,0,60,1,0,1,0,1,0,1,0,1
200600023657,6,5,27,1345,1,1,1,6,4706500,-102100,3,2,2,0,2,1,70,70,1,0,1,0,1,0,1,0,1
200600023659,6,5,10,1445,1,1,1,1,4713200,-54900,3,2,2,0,0,1,0,58,1,0,1,0,1,0,1,0,1
200600023661,6,5,2,1530,1,1,1,3,4740300,-11400,3,2,2,0,1,1,0,200,1,0,1,0,2,1,1,0,1
200600023662,6,5,11,630,1,1,1,7,4724500,5500,4,2,1,0,1,2,0,31,1,0,1,0,0,0,1,0,1
200600023663,6,5,14,1645,1,3,1,3,4724200,5300,3,2,2,0,1,1,0,66,1,0,1,0,0,0,3,0,1
200600023665,6,5,20,2315,4,1,1,1,4760000,-69500,2,3,0,0,1,1,38,120,1,5,1,0,0,3,1,0,1
200600023666,6,5,28,845,1,1,2,6,4760900,-47400,4,2,2,0,2,3,0,0,2,2,1,0,0,0,0,1,1
200600023668,6,5,24,2245,3,1,1,3,4811800,-72900,3,2,2,0,1,1,0,77,1,0,1,0,2,0,1,0,1
200600023669,6,5,18,845,1,1,1,6,4815800,-40000,9,2,2,0,1,1,0,55,1,0,1,3,1,0,1,0,1
200600023670,6,5,5,1700,1,1,1,2,4822600,-61100,3,2,0,0,1,1,0,64,1,0,1,0,1,0,1,0,1
200600023675,6,5,18,1800,1,1,1,1,4833000,-36000,3,0,2,0,1,1,0,59,1,0,1,0,0,0,1,1,1
200600023676,6,5,2,1800,1,1,1,3,4791600,25600,9,0,0,0,1,1,0,41,1,0,1,0,1,0,1,0,1
200600023678,6,5,13,1830,1,1,1,5,4795400,56400,3,2,2,0,1,1,0,57,1,0,3,0,1,0,2,1,1
200600023683,6,5,13,1415,1,1,8,2,4784500,8800,2,2,3,3,1,1,0,108,1,0,1,0,2,0,1,0,1
200600023684,6,5,19,1745,1,1,1,7,4769200,9800,3,2,2,0,1,2,0,47,1,0,3,0,0,0,1,0,1
200600023686,6,5,7,500,3,1,5,6,4784200,-27600,3,2,2,0,1,1,0,72,1,0,3,0,0,0,2,0,1
200600023687,6,5,20,2030,1,1,1,1,4843300,32800,3,2,2,0,2,4,0,60,1,0,1,0,1,1,3,0,1
200600023692,6,5,26,1200,1,1,1,6,4680900,-103200,3,2,2,0,1,1,0,60,1,0,3,0,0,1,0,0,1
200600023697,6,5,24,2245,5,1,1,3,4645000,-116000,9,0,0,0,0,0,0,0,0,0,0,0,1,0,1,0,1
200600023698,6,5,3,1830,1,1,1,3,4650700,-95600,3,2,2,0,1,1,0,59,1,0,1,0,1,0,1,0,1
200600023700,6,5,20,1745,1,1,1,1,4684900,-81100,4,2,2,0,1,3,0,56,1,0,1,0,1,0,1,0,1
200600023701,6,5,25,1100,1,1,1,7,4686900,-200700,3,0,0,0,0,0,0,0,0,0,0,0,0,1,0,0,1
200600023702,6,5,23,1030,1,1,1,3,4670000,-193800,3,3,2,0,1,1,10,70,1,5,1,0,1,0,1,0,1
200600023703,6,5,12,1845,1,2,1,3,4683200,-203800,3,2,2,0,1,1,0,60,1,0,1,0,1,1,0,0,1
200600023704,6,5,5,645,1,1,1,6,4648700,-144200,3,2,0,0,1,3,0,57,1,0,1,0,0,1,0,0,1
200600023705,6,5,7,1800,1,2,2,1,4647000,-129900,3,2,0,0,1,1,0,66,2,5,1,0,0,0,3,1,1
200600023712,6,5,3,1000,1,1,1,6,4510400,-58500,3,2,2,0,2,3,0,64,1,0,3,0,0,1,1,0,1
200600023713,6,5,6,1515,1,1,1,1,4503600,-48900,3,2,2,0,1,1,0,60,1,0,3,0,1,0,1,1,1
200600023717,6,5,30,445,3,1,1,1,4472300,-37300,3,2,2,0,0,2,0,0,1,0,1,0,1,0,1,0,1
200600023721,6,5,25,1915,1,1,1,7,4461000,-31000,4,2,2,0,1,1,0,50,1,0,1,0,1,0,1,0,1
200600023722,6,5,12,2200,3,1,1,7,4501000,-43000,2,1,0,0,1,1,20,150,1,0,1,0,1,0,1,0,1
200600023723,6,5,17,1210,1,1,1,1,4502000,-42000,3,2,2,0,1,2,0,50,1,0,1,0,1,0,0,1,1
200600023725,6,5,4,1815,1,1,8,1,4450000,-14000,3,2,2,0,2,1,0,62,1,0,1,0,0,0,0,2,1
200600023728,6,5,30,1000,1,1,1,4,4525300,-89500,2,3,4,0,1,1,60,206,1,0,1,0,2,0,1,1,1
200600023731,6,5,15,1900,1,1,1,2,4481900,-29600,3,2,2,0,1,1,0,57,1,0,1,0,1,0,1,0,1
200600023733,6,5,26,1815,1,1,1,3,4484000,-18500,3,2,0,0,1,1,0,0,1,0,1,0,3,1,0,0,1
200600023735,6,5,13,1630,1,1,1,6,4504000,-13300,3,2,2,0,1,1,0,70,1,0,1,0,1,0,1,0,1
200600023737,6,5,24,1530,1,1,1,3,4484600,24600,3,2,2,0,1,1,0,60,1,0,1,0,2,0,2,0,1
200600023738,6,5,5,1230,1,9,1,6,4501700,-300,2,2,1,2,1,1,0,83,1,0,1,0,1,0,1,0,1
200600023748,6,5,27,930,1,1,1,1,4485700,4400,3,2,2,0,1,1,70,0,1,0,1,0,3,0,0,1,1
200600023753,6,5,22,1145,1,1,1,6,4526200,44200,4,2,0,0,1,1,0,36,1,0,0,0,0,0,1,0,1
200600023755,6,5,17,1200,1,1,1,1,4514200,-200,3,2,0,0,1,1,60,0,1,0,1,0,1,0,1,0,1
200600023756,6,5,2,1200,1,1,1,3,4489800,125200,3,2,2,0,1,1,0,54,1,0,1,0,1,0,1,0,1
200600023757,6,5,13,515,3,1,1,7,4496300,125900,3,2,2,0,2,4,0,70,1,0,3,0,1,0,1,0,1
200600023765,6,5,20,1700,1,1,1,1,4391000,-47000,5,2,1,0,1,2,0,60,1,0,1,3,1,0,1,0,1
200600023769,6,5,8,330,3,1,2,7,4403500,-129800,3,2,2,1,1,2,0,62,2,0,3,0,0,0,1,0,1
200600023770,6,5,18,1130,1,6,1,6,4387600,-131800,3,2,2,0,1,1,0,45,9,0,1,0,0,0,1,0,1
200600023771,6,5,26,1915,1,2,1,3,4408000,-123000,3,2,0,0,1,1,0,61,1,5,1,0,2,0,1,0,1
200600023776,6,5,5,830,1,1,8,3,4353000,-145000,3,2,2,0,1,4,0,110,1,5,1,0,1,0,1,0,1
200600023777,6,5,15,1430,1,9,1,5,4353900,-137700,2,2,0,0,3,1,0,72,1,0,1,0,2,0,4,0,1
200600023778,6,5,28,1330,1,1,1,3,4354900,-134500,3,2,0,0,1,1,0,70,1,5,2,0,1,1,0,0,1
200600023784,6,5,24,1815,1,1,1,6,4371600,-26200,2,4,0,0,1,1,0,99,1,0,1,0,1,0,1,0,1
200600023785,6,5,1,945,1,1,1,6,4399800,-10400,3,2,2,0,1,1,0,30,1,0,1,0,1,0,1,0,1
200600023787,6,5,1,2315,3,1,1,2,4445600,23800,2,2,2,0,1,3,82,62,1,0,1,0,0,0,0,3,1
200600023788,6,5,11,1330,1,1,1,2,4448900,19200,3,2,0,0,0,1,0,0,1,0,0,0,1,0,0,1,1
200600023789,6,5,23,1230,1,1,1,7,4437600,10600,3,2,2,0,0,1,0,60,1,0,1,0,0,0,1,0,1
200600023790,6,5,29,1500,1,3,1,3,4453500,13000,3,2,0,0,1,1,0,56,1,0,1,0,0,0,0,2,1
200600023793,6,5,5,1045,1,1,1,1,4465100,61000,3,2,2,0,3,2,0,70,1,0,1,0,0,1,1,0,1
200600023797,6,5,4,1000,1,1,1,6,4324000,-38000,2,2,2,0,1,1,0,105,1,0,1,0,2,0,1,0,1
200600023799,6,5,16,1230,1,2,7,3,4335000,-47700,2,2,4,0,1,1,0,120,1,5,1,0,1,1,0,0,1
200600023805,6,5,28,1330,1,9,1,3,4316900,-123800,3,2,2,0,1,1,0,75,1,0,1,0,0,0,1,1,1
200600023808,6,5,26,1545,1,1,1,1,4316600,-49400,2,2,2,0,3,1,0,63,1,0,1,0,1,5,2,0,1
200600023810,6,5,21,1600,1,1,1,1,4348800,-75900,3,2,0,0,1,1,0,107,1,0,1,0,2,0,1,0,1
200600023813,6,5,9,1,1,1,1,1,4635600,44900,3,2,0,0,1,1,0,65,1,0,1,0,1,0,0,1,1
200600023817,6,5,18,1815,1,1,1,1,4634900,79600,2,2,2,0,1,1,0,75,1,0,1,0,1,0,1,0,1
200600023824,6,5,27,2200,1,1,1,3,4570400,-35700,9,2,2,0,1,1,0,43,1,0,1,0,1,0,1,0,1
200600023827,6,5,8,1445,1,1,1,6,4566400,-18800,3,2,2,0,0,3,0,68,2,0,3,0,0,1,0,0,1
200600023837,6,5,27,1930,1,1,1,7,4520600,-34300,3,2,2,0,1,1,0,64,1,0,1,0,0,0,1,1,1
200600023838,6,5,13,2100,3,1,1,5,4583600,-111300,3,3,0,3,1,1,0,0,1,5,1,0,2,0,0,2,1
200600023839,6,5,26,1715,1,1,1,3,4582000,-108000,3,2,2,0,1,1,0,51,1,5,1,0,1,0,1,0,1
200600023840,6,5,31,1315,1,1,1,3,4577000,-99200,3,2,0,0,1,2,0,65,1,0,1,0,1,1,1,0,1
200600023842,6,5,9,2345,3,1,1,6,4571700,-110900,3,2,2,0,1,1,0,60,1,0,3,0,0,0,1,0,1
200600023843,6,5,6,1215,1,1,1,1,4592400,-83000,4,2,0,0,0,1,0,30,1,2,1,0,2,0,2,0,1
200600023845,6,5,16,1530,1,4,1,6,4610000,-75000,3,1,1,0,1,3,0,0,1,0,1,0,1,0,0,1,1
200600023846,6,5,27,1630,1,1,1,3,4555900,-75100,3,2,0,0,1,1,0,52,1,0,1,0,3,0,2,0,1
200600023851,6,5,14,315,3,1,1,6,4595800,-41400,3,2,2,0,2,1,0,52,1,0,3,0,0,1,0,0,1
200600023852,6,5,6,2030,1,1,1,7,4645900,-43600,3,2,2,0,1,1,0,52,1,0,3,0,3,0,1,0,1
200600023854,6,5,31,800,1,1,1,1,4618400,-65200,4,2,1,0,1,2,0,26,1,0,1,0,3,1,0,0,1
200600023855,6,5,4,1810,1,1,1,3,4641600,-17000,9,2,2,0,2,1,65,0,1,0,1,0,1,0,1,0,1
200600023862,6,5,19,1300,1,1,1,3,4613700,-27800,3,2,0,0,1,1,0,0,1,0,1,0,1,0,1,0,1
200600023865,6,5,25,345,5,1,1,7,4664900,-21800,2,2,2,0,1,2,0,125,1,0,4,0,1,0,1,0,1
200600023868,6,5,17,1530,1,3,1,1,4579000,114000,2,2,3,0,0,1,0,86,1,5,1,0,1,0,1,3,1
200600023869,6,5,13,1100,1,1,2,6,4574200,175200,3,2,2,0,1,3,0,72,2,0,1,0,1,0,1,0,1
200600023872,6,5,8,1800,1,1,4,6,4562100,103300,3,2,2,0,2,4,0,62,2,0,3,0,0,0,1,0,1
200600023875,6,5,7,1815,1,1,1,7,4609000,147900,4,2,1,0,4,2,0,34,1,0,1,0,0,0,1,0,1
200600023879,6,5,20,1545,1,1,2,6,4513700,185200,3,2,2,0,2,3,0,0,2,0,3,0,0,0,0,3,1
200600023881,6,5,26,1445,1,1,8,1,4542500,171400,3,2,2,0,1,1,0,70,2,0,1,0,0,0,3,0,1
200600023885,6,5,28,745,1,1,1,1,4559400,229200,3,2,2,0,1,1,0,75,1,0,0,0,2,0,3,0,1
200600023886,6,5,30,1330,1,1,1,1,4542600,230300,4,2,0,0,2,2,0,55,1,0,1,0,1,1,0,0,1
200600023887,6,5,8,2100,3,1,1,6,4613300,195400,3,2,2,0,1,2,0,70,1,0,1,0,0,1,0,0,1
200600023888,6,5,29,1145,1,9,1,6,4635200,221700,4,0,0,0,0,0,0,0,0,0,0,0,2,0,1,0,1
200600023889,6,5,15,1345,1,1,1,7,4619000,182600,2,3,2,0,4,2,40,72,1,0,2,0,0,0,1,0,1
200600023891,6,5,23,1500,1,3,1,3,4589400,218200,3,2,0,0,0,1,0,60,1,5,1,0,1,0,0,1,1
200600023892,6,5,10,1315,1,1,1,7,4609200,226800,3,2,0,0,1,2,0,0,1,0,3,0,0,0,1,0,1
200600023893,6,5,30,1030,1,1,1,1,4628000,238900,2,2,2,0,1,1,0,80,1,0,1,0,1,2,2,0,1
200600023895,6,5,7,2045,2,1,2,6,4608000,158000,3,2,2,0,1,1,0,41,2,0,3,0,0,0,1,0,1
200600023896,6,5,10,1945,1,1,7,2,4618600,166000,3,2,2,0,2,1,0,62,1,0,1,0,1,0,1,0,1
200600023897,6,5,25,1940,1,6,1,2,4363000,150000,3,2,1,0,1,3,60,60,1,5,1,0,1,0,1,0,1
200600023899,6,5,15,1500,1,3,1,3,4379000,140000,3,2,2,0,1,1,58,0,1,0,1,0,1,0,1,0,1
200600023902,6,5,7,2245,3,1,3,1,4355500,126200,3,2,2,0,1,1,0,69,2,0,1,0,0,1,1,1,1
200600023905,6,5,5,1230,1,2,1,3,4371000,151500,3,2,2,0,1,1,0,60,1,0,1,0,2,0,1,0,1
200600023906,6,5,30,1800,1,1,1,3,4367400,150700,3,2,2,0,1,3,0,60,1,0,1,0,1,0,1,0,1
200600023908,6,5,19,15,4,1,1,6,4326900,119600,3,0,1,0,0,1,0,75,1,0,1,0,0,0,1,0,1
200600023909,6,5,24,600,2,1,1,6,4321200,122700,3,2,2,0,1,2,0,0,1,0,3,3,0,0,1,0,1
200600023910,6,5,24,2100,2,1,7,6,4328800,127500,3,2,2,0,2,2,15,55,1,0,0,0,1,0,1,0,1
200600023911,6,5,14,600,2,1,1,7,4316300,112300,3,2,2,0,0,0,0,50,1,0,3,0,0,0,1,0,1
200600023912,6,5,14,715,2,1,5,6,4346000,114200,3,2,2,0,0,1,0,90,1,0,1,0,0,1,0,0,1
200600023913,6,5,24,1515,1,2,1,1,4355000,115800,3,2,2,0,1,1,0,60,1,0,1,0,0,1,1,0,1
200600023914,6,5,27,300,3,1,1,7,4353300,118400,3,2,0,0,1,1,0,60,0,0,1,0,0,0,1,0,1
200600023915,6,5,9,1415,1,1,1,6,4313900,76900,3,2,0,0,2,1,0,50,1,0,3,0,0,0,0,2,1
200600023916,6,5,17,1145,1,1,1,3,4308600,64000,3,2,2,0,1,1,0,52,0,0,1,0,3,0,1,0,1
200600023917,6,5,25,1830,1,1,1,3,4308000,63500,3,2,2,0,1,1,0,115,1,5,1,0,1,0,1,1,1
200600023918,6,5,28,2030,1,1,1,3,4308000,63500,3,2,2,0,1,1,0,112,1,5,1,0,0,1,0,2,1
200600023919,6,5,6,1030,1,1,1,6,4340200,171700,3,2,1,0,1,1,0,75,1,0,1,0,1,0,1,0,1
200600023920,6,5,17,1815,1,1,1,1,4365800,165100,3,2,2,0,2,3,0,70,1,5,1,0,1,0,0,2,1
200600023921,6,5,24,2025,1,1,1,6,4363900,163100,3,2,2,0,1,3,0,44,1,0,3,0,0,1,0,0,1
200600023924,6,5,18,1015,1,1,1,1,4292000,189000,3,2,2,0,0,1,0,65,1,0,1,0,0,1,2,0,1
200600023928,6,5,18,1215,1,1,1,7,4299400,187600,3,2,0,0,1,1,0,70,1,0,3,0,0,0,1,0,1
200600023930,6,5,2,1815,1,1,7,6,4421900,229800,4,2,2,0,2,2,0,34,1,0,1,0,1,0,1,0,1