Num_Acc,an,mois,jour,hrmn,lum,int,atm,col,lat,long,catr,circ,nbv,vosp,prof,plan,lartpc,larrout,surf,infra,situ,env1,unscathed,killed,hospital,light,chance
200600029990,6,6,1,1100,1,1,2,2,5060400,283800,3,2,2,0,1,1,60,0,2,0,1,0,2,0,0,1,1
200600029991,6,6,2,1630,1,6,1,3,5059500,292900,2,2,2,0,1,0,0,60,1,0,1,0,1,0,1,0,1
200600029993,6,6,12,1100,1,7,1,6,5045700,308000,6,0,0,0,0,1,0,0,1,0,0,0,1,0,1,0,1
200600029998,6,6,8,2230,3,1,1,1,5089700,240100,3,2,2,0,1,1,0,80,1,0,1,0,1,0,1,0,1
200600029999,6,6,24,1400,1,1,1,3,5089700,225400,4,2,0,0,1,1,0,50,1,0,1,0,1,0,1,0,1
200600030000,6,6,13,1715,1,2,1,3,5081700,271100,4,2,0,0,1,1,0,50,1,0,1,0,1,0,1,0,1
200600030002,6,6,24,1220,1,1,1,2,5068200,265600,3,0,2,0,1,1,0,65,1,0,1,0,2,0,1,0,1
200600030004,6,6,30,1615,1,1,1,3,5064700,264000,3,2,3,0,1,1,0,100,1,0,1,0,1,0,1,0,1
200600030005,6,6,17,1145,1,1,1,1,5061400,323000,3,2,2,1,1,1,0,0,1,0,5,0,1,0,0,1,1
200600030008,6,6,27,2130,1,1,1,3,5028200,333200,2,2,2,0,1,1,0,100,1,4,1,0,1,0,1,0,1
200600030011,6,6,24,1915,1,1,1,6,5020400,358000,3,2,2,0,1,3,0,0,0,0,0,0,0,0,2,1,1
200600030012,6,6,25,700,2,1,2,6,4999900,415000,3,0,0,0,1,3,0,50,2,0,3,0,0,0,2,0,1
200600030014,6,6,21,1815,1,1,1,3,5005200,347000,3,2,0,0,0,0,0,0,1,0,1,0,0,1,1,0,1
200600030015,6,6,24,1115,1,1,1,6,5005000,350000,3,2,2,0,1,3,0,59,1,0,3,0,0,0,3,0,1
200600030016,6,6,18,1745,1,1,1,6,5027000,314000,4,2,0,0,0,1,0,57,1,0,0,0,1,0,1,0,1
200600030018,6,6,10,1100,1,1,1,6,5030000,379000,3,2,2,0,0,1,70,0,0,0,1,0,1,0,0,1,1
200600030022,6,6,5,2100,1,1,1,1,5037500,280400,3,2,2,0,1,1,0,74,1,5,1,3,1,0,1,0,1
200600030023,6,6,13,900,1,3,1,3,5019700,292700,4,2,2,0,1,1,0,29,1,0,1,0,1,0,1,0,1
200600030025,6,6,16,1145,1,1,1,1,5059000,240000,2,2,2,0,1,1,0,72,1,0,1,0,1,0,0,1,1
200600030030,6,6,13,2330,5,1,3,6,5048200,177000,3,2,0,0,1,2,0,90,2,0,3,0,1,0,1,0,1
200600030031,6,6,4,1945,1,1,1,3,5040800,160200,3,2,2,0,1,1,0,76,1,0,1,0,2,0,2,0,1
200600030032,6,6,25,2345,5,1,2,6,5044100,161200,3,2,0,1,1,1,0,65,2,0,1,0,0,1,0,0,1
200600030034,6,6,5,1815,1,1,1,6,5057600,161700,4,2,2,0,1,4,0,41,1,0,4,0,0,0,1,0,1
200600030036,6,6,17,30,3,1,1,6,5088100,207600,4,2,2,0,1,1,0,62,1,4,1,3,0,0,3,0,1
200600030040,6,6,23,1900,1,1,1,7,5032000,255000,3,2,2,0,4,3,0,60,1,0,1,0,0,0,1,0,1
200600030042,6,6,4,15,5,1,1,6,5028200,228100,4,2,2,0,1,1,0,145,1,6,1,0,0,0,4,0,1
200600030044,6,6,1,1845,1,1,1,1,4958200,153300,3,2,2,0,3,2,0,54,1,0,1,0,0,1,1,0,1
200600030048,6,6,4,1930,1,1,1,7,5004600,145800,4,2,1,0,2,1,0,0,1,0,1,0,0,0,2,0,1
200600030050,6,6,9,1615,1,1,7,1,4998700,174900,3,2,2,0,1,1,0,72,1,0,1,0,2,0,1,0,1
200600030055,6,6,19,730,1,1,1,1,5027200,198200,3,2,2,0,1,1,0,68,1,0,1,0,1,0,1,0,1
200600030057,6,6,3,1600,1,3,1,5,5016000,234000,2,2,2,0,4,1,0,104,1,0,1,3,2,0,1,0,1
200600030060,6,6,4,2030,1,1,1,1,4978200,247300,3,2,0,0,0,0,0,0,9,0,1,0,2,0,0,1,1
200600030061,6,6,19,1230,1,1,1,6,4972200,253900,3,2,2,0,1,1,0,0,1,0,1,0,0,0,1,0,1
200600030064,6,6,4,2130,1,1,1,6,4992800,296600,3,2,2,0,1,2,0,60,1,0,4,0,0,0,1,0,1
200600030065,6,6,6,930,1,1,1,6,5000100,301200,3,2,2,0,1,1,0,69,1,0,3,0,0,1,0,0,1
200600030066,6,6,18,1300,1,1,1,6,5005400,312100,4,2,0,0,0,1,44,0,0,0,0,0,0,0,1,0,1
200600030068,6,6,17,2200,2,1,1,1,5004200,263500,3,2,2,0,3,3,0,56,1,0,1,0,0,1,1,0,1
200600030070,6,6,19,1700,1,1,1,3,4988000,284300,2,3,2,0,1,1,34,41,1,5,1,0,0,1,2,0,1
200600030075,6,6,2,1800,1,1,1,3,4958900,356500,2,2,0,0,1,1,0,65,1,0,1,0,1,0,0,1,1
200600030078,6,6,20,1815,1,1,1,3,4975400,377200,2,2,2,0,1,1,0,0,1,5,1,0,1,0,1,0,1
200600030079,6,6,6,1100,1,1,1,6,4958000,322000,4,2,0,0,1,0,0,40,1,0,0,0,0,1,0,0,1
200600030081,6,6,27,1530,1,1,1,6,4964000,336000,3,2,0,0,1,1,0,52,1,2,1,0,0,0,1,0,1
200600030083,6,6,15,2100,1,1,1,1,4941200,382500,3,0,2,0,1,1,0,58,1,0,1,0,1,0,0,1,1
200600030088,6,6,17,1000,1,1,1,3,4902000,337000,3,2,2,0,1,4,0,50,1,0,1,0,1,0,1,0,1
200600030091,6,6,1,1730,1,3,2,3,4917300,348600,4,0,1,0,1,1,0,39,6,0,1,0,1,0,0,1,1
200600030094,6,6,2,715,1,1,5,3,4974100,334500,2,2,2,0,4,1,33,80,1,5,1,0,1,0,1,0,1
200600030095,6,6,30,1530,1,1,1,5,4977200,339300,9,2,0,0,1,0,37,0,1,0,1,0,2,0,1,0,1
200600030098,6,6,8,1145,1,2,1,1,4932700,355200,3,2,2,0,1,4,0,72,1,0,1,0,0,0,2,0,1
200600030100,6,6,30,700,1,2,1,1,4945400,354000,3,2,0,0,1,1,0,66,1,0,1,0,1,0,1,0,1
200600030104,6,6,1,1930,1,1,1,6,5000100,365600,3,2,0,0,1,1,0,0,1,0,1,0,0,0,0,1,1
200600030106,6,6,30,1100,1,1,1,1,4995900,404900,3,2,2,0,3,1,111,0,1,5,1,0,1,0,1,0,1
200600030107,6,6,30,1830,1,1,1,6,4990400,419800,3,2,2,0,1,1,91,74,1,5,1,0,1,0,1,0,1
200600030110,6,6,13,1230,1,1,1,2,4945000,187000,3,2,2,0,0,3,0,58,1,0,1,0,1,0,1,0,1
200600030111,6,6,16,1930,1,1,1,3,4936100,206300,3,2,2,0,1,1,0,42,1,0,1,0,1,0,1,1,1
200600030112,6,6,21,1830,1,1,2,1,4939400,182300,4,2,2,0,1,4,0,60,2,0,1,0,2,0,1,0,1
200600030117,6,6,13,1445,1,1,1,5,4966400,226600,2,2,2,0,1,1,71,75,1,0,1,0,1,0,1,1,1
200600030128,6,6,17,2315,5,1,1,1,4951400,292300,3,2,1,0,1,1,77,0,1,5,1,0,3,0,2,0,1
200600030131,6,6,3,1700,1,1,1,2,4946300,281500,3,2,2,0,1,0,0,0,1,0,1,0,1,0,1,1,1
200600030146,6,6,18,1000,1,1,1,3,4916400,287800,4,2,0,0,1,1,0,40,1,0,1,3,1,0,1,0,1
200600030148,6,6,13,730,1,2,1,3,4952600,112900,3,2,2,0,1,1,0,70,1,0,1,0,1,0,1,0,1
200600030149,6,6,11,2145,2,1,1,7,4979100,99400,3,2,0,0,2,4,0,52,1,6,1,3,0,0,0,2,1
200600030152,6,6,14,1200,1,1,2,1,4936100,118300,3,2,2,0,2,2,0,58,2,0,1,0,1,0,1,0,1
200600030162,6,6,30,1600,1,1,1,6,4951000,50000,3,2,2,0,1,1,0,64,1,0,3,0,0,0,1,0,1
200600030164,6,6,10,1945,1,1,1,1,4992000,163000,4,2,1,0,0,1,0,0,1,0,1,0,1,0,1,0,1
200600030167,6,6,23,1715,1,1,1,3,4951900,162000,3,2,2,0,1,1,0,0,1,0,1,0,1,1,0,0,1
200600030168,6,6,30,2300,3,1,1,6,4950600,178400,3,2,2,0,1,1,0,0,1,0,1,0,0,0,1,0,1
200600030170,6,6,30,1800,1,1,1,1,4953200,93300,9,2,2,0,1,3,0,51,1,0,1,0,1,0,1,1,1
200600030172,6,6,9,815,1,1,1,6,4985700,74000,3,2,2,0,2,3,0,0,1,0,1,0,0,0,1,0,1
200600030174,6,6,6,1915,1,1,1,1,4893700,94500,3,2,0,0,2,1,0,76,1,0,1,0,3,1,1,0,1
200600030175,6,6,7,2000,1,1,1,1,4907000,117500,3,2,2,0,2,3,0,62,1,0,1,0,2,0,1,0,1
200600030176,6,6,16,630,1,1,1,3,4898600,119200,3,2,0,0,2,1,0,70,1,0,1,0,0,0,2,1,1
200600030177,6,6,16,1945,1,1,1,3,4892500,94100,3,2,0,0,1,1,0,73,1,0,1,0,1,0,1,0,1
200600030178,6,6,25,1645,1,1,2,3,4911800,94000,2,2,0,0,1,1,18,74,2,0,1,0,4,0,1,0,1
200600030179,6,6,6,1730,1,1,1,6,4887300,107100,3,2,0,0,0,1,0,0,1,0,1,0,0,0,0,1,1
200600030185,6,6,9,930,1,1,1,3,4916800,141500,3,2,2,0,1,1,0,0,1,0,1,0,6,0,1,0,1
200600030186,6,6,20,1730,1,1,1,3,4933100,125200,3,2,0,0,1,1,0,59,1,5,1,0,1,0,1,0,1
200600030187,6,6,13,845,1,1,1,3,4928200,177000,3,2,0,0,1,1,0,50,1,0,1,0,1,0,1,0,1
200600030188,6,6,17,1640,1,1,1,4,4931000,160700,3,2,2,0,1,0,0,60,1,5,1,0,5,0,1,0,1
200600030189,6,6,30,1615,1,3,1,3,4922100,164400,4,2,0,0,1,1,0,60,1,0,1,0,1,0,1,0,1
200600030190,6,6,6,545,1,1,1,7,4908100,58400,2,2,2,0,1,1,0,74,1,0,1,0,0,0,1,0,1
200600030191,6,6,12,900,1,1,1,2,4908600,58700,2,2,2,0,1,1,0,80,1,0,1,0,1,0,1,0,1
200600030197,6,6,9,1930,1,1,1,1,4916400,135100,3,2,0,0,1,1,0,70,1,0,1,0,1,0,1,0,1
200600030200,6,6,21,730,1,4,1,3,4915200,89700,3,2,0,0,1,1,0,68,1,0,1,0,1,1,2,0,1
200600030201,6,6,22,1745,1,7,1,6,4914500,90600,6,1,1,3,1,1,0,20,1,0,1,0,1,0,1,0,1
200600030202,6,6,24,415,5,1,1,1,4922700,83400,3,2,2,0,1,0,0,53,1,0,1,0,2,0,2,0,1
200600030207,6,6,22,2000,1,1,1,6,4924200,59900,3,2,2,0,2,1,0,26,1,0,1,0,0,0,1,0,1
200600030208,6,6,25,230,3,1,2,7,4928700,68400,3,2,2,0,2,4,0,68,2,0,3,0,0,0,1,0,1
200600030209,6,6,26,1730,1,1,1,6,4924800,58100,3,2,2,0,1,1,0,56,1,0,1,0,0,0,1,0,1
200600030211,6,6,23,2000,1,1,1,5,4828700,-173800,4,2,0,0,0,2,0,0,1,0,1,0,2,0,1,0,1
200600030219,6,6,5,2245,3,1,1,6,4772000,-210000,3,2,2,0,1,1,0,0,1,0,1,0,0,0,2,0,1
200600030221,6,6,22,2130,1,1,1,2,4788100,-177600,4,2,0,0,1,1,0,40,1,0,1,0,1,1,0,0,1
200600030227,6,6,1,100,5,1,1,6,4855300,-175200,3,2,0,0,0,2,0,0,0,6,4,0,0,0,2,1,1
200600030229,6,6,21,1930,1,1,1,7,4858000,-177800,3,2,0,0,0,2,0,0,9,0,3,0,0,0,1,0,1
200600030235,6,6,18,230,3,1,1,3,4810300,-141500,2,3,4,0,1,1,0,0,1,3,1,0,1,0,1,0,1
200600030236,6,6,14,1445,1,1,1,1,4782000,-126000,4,2,2,0,1,3,0,40,1,0,1,0,1,0,0,2,1
200600030237,6,6,16,1800,1,1,1,1,4801000,-129000,3,2,2,0,2,1,0,55,1,0,1,3,2,0,0,1,1
200600030241,6,6,8,1115,1,1,1,2,4848100,-258800,2,1,2,0,1,1,0,86,1,0,1,0,1,0,2,0,1
200600030245,6,6,13,1630,1,1,1,2,4841500,-285700,3,2,2,0,2,1,0,0,1,0,1,0,2,0,1,0,1
200600030247,6,6,13,1030,1,1,2,7,4841000,-232000,3,2,2,0,1,2,0,45,2,0,3,0,0,0,1,0,1
200600030249,6,6,4,1500,1,1,1,1,4863700,-225800,4,2,0,0,1,1,0,48,1,0,3,0,1,0,1,0,1
200600030251,6,6,15,2000,1,1,7,2,4861100,-230500,3,2,2,0,2,1,0,60,1,0,1,0,1,0,1,0,1
200600030252,6,6,10,1830,1,1,1,2,4817800,-238500,3,2,2,0,4,1,0,60,1,0,1,0,2,0,1,1,1
200600030254,6,6,6,730,1,1,1,1,4841400,-314000,3,2,1,0,1,3,0,45,1,0,0,0,1,0,1,0,1
200600030255,6,6,6,1615,1,1,1,1,4860000,-360000,3,2,0,0,4,2,0,0,1,0,1,0,1,0,1,1,1
200600030258,6,6,15,1730,1,1,1,3,4883800,-314200,3,2,2,0,1,4,0,50,1,0,1,0,1,0,1,0,1
200600030261,6,6,16,1830,1,1,1,5,4805500,-445300,3,2,2,0,0,1,0,68,1,5,1,0,0,0,2,1,1
200600030262,6,6,22,1645,1,1,1,6,4791000,-399700,3,2,2,0,3,1,0,60,1,0,0,0,0,0,1,0,1
200600030266,6,6,24,1730,1,1,1,6,4843600,-440500,3,3,0,0,1,1,0,72,1,0,1,0,0,1,0,1,1
200600030268,6,6,6,1215,1,1,1,1,4848700,-426500,4,2,2,0,1,1,0,62,1,0,1,0,1,0,1,0,1
200600030270,6,6,8,1100,1,1,1,1,4852100,-444300,3,2,2,0,0,1,0,70,1,0,1,0,1,1,0,0,1
200600030271,6,6,11,2045,1,1,1,7,4854700,-449500,3,2,2,0,1,4,0,75,1,0,3,0,0,1,0,0,1
200600030272,6,6,23,1330,1,1,1,1,4857400,-446700,3,2,2,0,2,4,0,64,1,0,1,0,0,0,3,0,1
200600030273,6,6,2,2130,2,1,1,1,4843800,-461100,3,2,2,0,1,4,0,64,1,0,1,0,0,0,1,1,1
200600030274,6,6,23,1600,1,3,1,3,4854800,-466000,3,2,2,0,2,2,72,0,1,5,1,0,0,0,2,0,1
200600030279,6,6,26,930,1,1,1,3,4824000,-436000,3,2,2,0,0,1,0,62,2,0,1,0,1,0,2,0,1
200600030284,6,6,30,1700,1,1,1,3,4760100,-223900,3,2,2,0,0,1,0,0,1,0,0,0,1,0,0,1,1
200600030286,6,6,11,930,1,1,1,2,4767200,-294800,1,3,4,0,1,1,40,144,1,0,1,0,0,0,4,0,1
200600030287,6,6,18,600,2,1,1,6,4767400,-294900,3,2,2,0,2,3,0,63,1,0,3,0,0,1,0,0,1
200600030288,6,6,19,930,1,9,2,3,4767100,-295100,2,3,0,0,1,1,30,0,2,0,1,0,0,0,1,0,1
200600030289,6,6,24,130,3,1,1,7,4769500,-302600,4,2,2,0,1,1,0,0,1,0,1,0,0,0,2,0,1
200600030292,6,6,24,1430,1,1,1,1,4760700,-310500,3,2,0,0,1,1,0,70,1,0,1,0,1,0,0,1,1
200600030293,6,6,28,1900,1,1,1,2,4757800,-306800,3,2,2,0,0,1,0,103,9,6,1,0,1,0,1,0,1
200600030298,6,6,15,1700,1,1,1,1,4780800,-244600,2,3,4,0,1,1,30,140,1,0,1,0,1,0,1,1,1
200600030299,6,6,27,1130,1,1,1,6,4792500,-229000,3,2,2,0,1,2,0,61,1,0,0,0,0,0,1,0,1
200600030300,6,6,1,1900,1,1,1,3,4785100,-272500,3,2,0,0,1,1,0,77,1,0,1,0,1,0,0,1,1
200600030302,6,6,2,1715,1,1,1,2,4814100,-289500,3,2,2,0,1,1,0,61,1,0,1,0,1,0,0,1,1
200600030303,6,6,26,1700,1,1,1,1,4811000,-319100,4,2,0,0,0,0,0,44,2,0,1,0,1,0,1,0,1
200600030304,6,6,3,645,1,1,1,6,4790800,-278400,2,3,0,0,1,1,0,70,1,0,1,0,0,0,1,0,1
200600030306,6,6,7,1845,1,9,1,7,4801500,-298700,4,2,0,0,2,3,0,40,1,0,3,0,1,0,1,0,1
200600030307,6,6,10,2115,1,1,1,6,4788000,-295000,3,2,0,0,2,2,0,74,1,0,3,0,0,0,1,0,1
200600030308,6,6,13,1300,1,1,1,5,4789000,-289300,3,2,0,0,1,1,0,50,1,0,1,0,0,0,3,0,1
200600030310,6,6,10,1330,1,6,1,3,4930400,-37400,4,2,1,0,1,0,0,40,1,5,1,0,2,0,1,0,1
200600030311,6,6,28,1830,1,1,1,7,4921300,-47100,4,2,2,0,2,1,0,38,1,0,1,3,0,1,0,0,1
200600030312,6,6,8,1530,1,1,1,1,4901300,-35700,3,2,2,0,1,1,0,45,1,0,1,0,1,0,1,0,1
200600030313,6,6,26,1600,1,1,1,6,4911900,-37300,3,2,2,0,1,1,0,70,1,0,1,0,1,0,0,1,1
200600030314,6,6,10,1200,1,1,1,2,4924500,-37100,3,3,0,0,1,1,0,76,1,0,1,0,1,0,1,0,1
200600030315,6,6,30,2300,4,1,1,6,4929000,-25800,4,2,2,0,1,1,0,0,1,0,1,0,0,0,0,2,1
200600030316,6,6,24,1130,1,1,1,6,4910400,-86400,3,2,1,0,1,1,0,40,1,0,1,0,0,0,1,0,1
200600030319,6,6,10,2315,5,1,1,3,4928200,-70300,9,1,0,0,1,1,0,45,1,5,1,0,2,0,0,1,1
200600030320,6,6,15,2000,1,1,1,7,4928100,-70000,3,1,0,0,0,1,0,0,1,0,1,0,0,0,1,0,1
200600030321,6,6,4,700,1,1,1,1,4928100,-93700,3,2,2,0,1,3,0,43,1,0,1,0,0,0,2,0,1
200600030322,6,6,4,1800,1,1,1,1,4924800,-88000,3,2,0,0,1,3,0,0,0,0,1,0,3,0,1,0,1
200600030323,6,6,5,1845,1,1,1,1,4927900,-93700,4,2,2,0,1,3,0,30,0,0,1,0,1,0,1,0,1
200600030324,6,6,24,1515,1,1,1,7,4926700,-105400,3,2,2,0,1,1,0,63,1,0,0,0,0,0,2,0,1
200600030325,6,6,4,1715,1,1,1,3,4899400,-45600,3,2,0,0,1,2,0,75,1,0,1,0,2,0,1,0,1
200600030326,6,6,2,1715,1,1,1,1,4909500,11900,3,2,0,0,0,3,0,0,1,0,3,0,0,0,1,0,1
200600030327,6,6,5,1530,1,1,1,2,4911400,14900,3,2,2,0,1,1,0,58,1,0,1,0,1,1,0,0,1
200600030328,6,6,20,1715,1,1,1,2,4906800,18700,3,2,2,0,1,1,0,63,1,0,1,0,2,0,1,0,1
200600030329,6,6,20,1745,1,1,1,1,4933100,29100,3,2,2,0,1,2,0,52,1,0,1,0,3,1,0,0,1
200600030330,6,6,3,1,1,1,1,1,4880900,-92100,3,2,0,0,1,2,0,45,0,0,1,0,1,0,1,0,1
200600030332,6,6,25,800,1,1,1,6,4894800,-109200,3,2,0,0,1,1,62,52,1,0,1,0,1,0,0,1,1
200600030334,6,6,9,1500,1,1,1,3,4899000,-95600,3,2,2,0,0,1,0,77,1,0,1,0,1,0,1,0,1
200600030336,6,6,11,45,3,1,1,6,4877400,-151800,3,2,0,0,1,2,0,0,1,0,1,0,3,0,2,0,1
200600030338,6,6,18,1500,1,1,1,6,4877100,-130100,3,2,2,0,1,1,0,42,1,0,1,0,1,0,2,0,1
200600030339,6,6,8,845,1,2,7,3,4860400,-134800,3,2,3,3,1,1,0,90,1,5,1,0,1,1,0,0,1
200600030340,6,6,16,1045,1,1,1,6,4872000,-116000,3,3,2,0,1,1,42,168,1,6,1,0,1,1,0,0,1
200600030341,6,6,6,1600,1,1,1,6,4957300,-172900,3,2,2,0,2,1,0,70,1,0,4,0,0,0,2,0,1
200600030347,6,6,16,1600,1,1,1,3,4952600,-131800,3,2,2,0,1,1,0,35,0,0,0,0,1,0,1,0,1
200600030349,6,6,13,1215,1,1,1,2,4904300,-150000,3,2,1,0,1,4,0,42,1,0,1,0,1,0,1,0,1
200600030356,6,6,2,2130,2,1,1,6,4913600,-159200,3,2,2,0,0,1,0,0,1,0,1,0,0,0,1,0,1
200600030358,6,6,9,1015,1,1,1,1,4924400,-161900,3,2,2,0,1,3,0,77,1,0,1,0,1,0,1,0,1
200600030359,6,6,18,30,3,1,1,6,4917700,-135000,3,2,0,0,0,3,0,0,1,0,3,0,0,0,1,0,1
200600030360,6,6,9,1530,1,9,1,1,4858000,-84000,3,2,2,0,1,1,0,62,1,0,1,0,1,0,1,0,1
200600030361,6,6,20,2030,2,1,1,7,4873500,-85900,3,2,2,0,1,2,0,0,1,0,1,0,0,0,1,0,1
200600030362,6,6,25,700,2,1,1,7,4865000,-102600,3,2,0,0,1,4,0,0,1,0,1,0,0,0,1,0,1
200600030372,6,6,3,1730,1,1,1,6,4855400,-51000,2,2,2,0,2,2,0,75,1,0,1,0,1,0,1,0,1
200600030387,6,6,3,1545,1,1,7,3,4746300,-117300,3,2,2,0,1,1,0,67,1,5,1,0,1,0,1,0,1
200600030393,6,6,26,1045,1,2,1,1,4736400,-132000,3,2,3,0,0,2,0,0,1,0,1,0,1,0,1,0,1
200600030394,6,6,22,1930,1,1,1,1,4772100,-137300,4,2,0,0,1,1,0,60,1,0,1,0,1,0,0,1,1
200600030395,6,6,22,1415,1,1,1,3,4764300,-198800,3,2,2,0,3,1,0,59,1,0,1,0,1,1,0,0,1
200600030396,6,6,22,2200,1,1,1,7,4735400,-142000,3,2,2,0,2,3,0,60,1,0,0,0,0,0,1,0,1
200600030398,6,6,11,1230,1,1,1,1,4714900,-169500,3,2,0,0,3,3,0,66,1,0,1,0,1,0,2,0,1
200600030402,6,6,23,2230,5,1,1,5,4729200,-202900,3,1,1,0,1,1,0,0,1,0,1,0,3,0,1,0,1
200600030403,6,6,29,1700,1,6,1,1,4726800,-216400,3,2,0,0,1,1,0,0,1,5,1,0,1,0,0,1,1
200600030405,6,6,30,1700,1,2,1,3,4720600,-204900,3,2,2,0,1,3,0,70,1,0,1,0,1,0,1,0,1
200600030410,6,6,10,445,3,1,1,6,4731600,-242300,3,2,2,0,1,2,0,48,1,0,3,0,1,0,3,0,1
200600030418,6,6,10,1515,1,1,1,6,4728600,-170700,3,2,2,0,1,1,0,60,1,0,1,0,0,0,1,0,1
200600030419,6,6,16,2015,1,1,1,2,4742900,-18400,2,2,2,0,1,1,0,72,1,0,1,0,0,3,2,0,1
200600030421,6,6,24,800,1,1,1,3,4727100,-57600,3,2,2,0,1,1,0,0,0,0,1,0,1,0,1,0,1
200600030424,6,6,4,1400,1,1,1,7,4765200,-30400,3,2,2,0,2,3,0,40,1,0,3,0,0,0,1,0,1
200600030425,6,6,28,815,1,2,1,3,4753800,-33100,3,2,2,0,1,1,0,52,1,0,1,0,1,0,1,0,1
200600030426,6,6,18,1245,1,1,1,3,4717900,-104500,3,2,2,0,0,1,0,60,1,5,1,0,1,0,2,1,1
200600030429,6,6,12,1415,1,1,1,1,4715500,-82800,3,2,2,0,2,4,50,50,1,0,1,0,1,0,1,0,1
200600030439,6,6,7,1145,1,2,1,3,4729600,2700,3,2,2,0,0,1,0,60,1,0,1,0,1,0,1,0,1
200600030440,6,6,12,800,1,1,7,2,4737800,-13700,3,2,2,0,1,1,0,60,1,0,1,0,1,0,1,0,1
200600030441,6,6,12,1630,1,1,1,3,4740200,-13500,4,2,0,0,0,1,0,0,1,0,1,0,0,0,1,1,1
200600030442,6,6,19,915,1,1,1,1,4725700,-2900,4,2,2,0,1,1,0,60,1,0,1,0,1,0,0,1,1
200600030443,6,6,25,1045,1,1,2,1,4730700,-3600,2,2,2,0,0,1,0,145,2,0,1,0,1,0,0,2,1
200600030445,6,6,11,845,1,1,1,6,4758500,-92500,3,2,2,0,0,1,0,60,1,0,3,0,0,0,1,0,1
200600030448,6,6,13,2145,2,1,1,1,4748700,-67800,4,2,0,0,1,4,0,51,1,0,1,0,1,0,1,0,1
200600030449,6,6,18,345,3,1,1,6,4765200,-78400,3,2,2,0,1,1,0,40,1,0,3,0,0,0,1,0,1
200600030451,6,6,9,945,1,1,1,2,4766800,-50000,3,2,2,0,2,1,0,58,1,0,1,0,1,0,1,0,1
200600030453,6,6,25,945,1,1,2,7,4766500,-52000,3,2,1,0,0,1,0,0,2,0,3,0,0,0,1,0,1
200600030455,6,6,4,115,5,1,1,6,4775500,-63900,9,2,0,0,2,1,0,50,1,0,1,0,2,0,1,0,1
200600030459,6,6,13,800,1,1,1,3,4830000,-60000,9,2,0,0,1,1,0,50,1,0,1,0,1,0,0,1,1
200600030465,6,6,7,2045,1,1,1,7,4839000,-51500,3,2,2,0,2,3,0,56,1,0,1,0,0,0,2,0,1
200600030466,6,6,17,230,3,1,1,7,4842000,-55600,3,2,2,0,1,3,0,54,1,0,1,0,0,0,1,0,1
200600030468,6,6,1,800,1,1,1,3,4791400,24800,4,2,0,0,1,1,0,45,1,5,1,0,0,0,1,1,1
200600030472,6,6,18,2015,1,6,1,1,4798200,17500,3,0,2,0,1,0,0,81,1,5,1,0,1,0,1,0,1
200600030474,6,6,24,1115,1,1,1,7,4806000,76000,3,2,2,0,1,1,0,0,1,0,1,0,0,0,1,0,1
200600030475,6,6,3,1030,1,1,1,2,4806500,49900,4,2,2,0,4,1,0,0,1,5,1,0,1,0,0,1,1
200600030476,6,6,9,2015,1,1,1,1,4816900,33700,3,2,0,0,0,0,0,55,1,0,1,0,1,0,1,0,1
200600030477,6,6,24,2030,1,1,8,7,4811900,26000,3,2,1,0,1,1,0,46,2,0,3,0,0,0,1,0,1
200600030478,6,6,5,1830,1,1,1,1,4797700,4100,3,2,2,0,1,2,0,0,1,0,1,0,1,0,0,1,1
200600030479,6,6,6,1715,1,1,1,3,4802500,11100,2,2,2,0,1,1,0,0,1,5,1,0,1,0,0,1,1
200600030481,6,6,14,30,3,1,1,6,4792600,9300,3,2,2,0,1,1,0,72,1,0,3,0,2,0,1,0,1
200600030483,6,6,25,300,3,1,1,6,4791800,15000,4,2,2,0,1,3,0,45,1,0,3,0,0,0,1,0,1
200600030484,6,6,7,1715,1,1,1,1,4773000,-13600,4,2,2,0,3,4,0,40,1,0,1,0,1,0,1,0,1
200600030491,6,6,21,1215,1,6,1,3,4836400,36200,3,0,2,0,1,2,0,54,1,5,1,0,1,0,1,0,1
200600030493,6,6,11,2030,1,1,1,7,4808100,49700,3,2,2,0,1,1,60,80,1,0,1,0,0,0,1,0,1
200600030495,6,6,20,1200,1,1,1,1,4817900,63000,3,2,2,0,1,1,0,0,1,0,1,0,0,0,2,0,1
200600030497,6,6,11,1215,1,1,1,3,4832000,15000,3,2,2,0,3,3,0,73,1,0,1,0,1,0,1,0,1
200600030498,6,6,16,2030,1,1,1,1,4821100,10200,3,2,2,0,0,4,0,43,1,0,1,0,1,0,1,0,1
200600030499,6,6,18,1815,1,1,1,6,4840400,20900,3,2,0,0,3,3,0,72,1,0,1,0,0,0,1,0,1
200600030500,6,6,24,1000,1,1,1,5,4825000,9000,3,2,2,0,1,3,0,64,2,0,1,0,1,0,0,2,1
200600030501,6,6,27,1730,1,1,1,7,4839000,-1000,4,2,2,0,1,4,0,50,1,0,3,0,0,0,1,0,1
200600030509,6,6,21,2345,3,1,1,1,4702000,-134000,3,2,2,0,1,1,0,0,1,0,1,0,0,1,2,0,1
200600030515,6,6,28,1830,1,1,1,6,4648600,-77600,3,2,0,0,2,2,0,59,0,0,3,0,0,0,1,0,1
200600030516,6,6,5,1030,1,2,1,3,4633200,-129900,3,2,2,0,1,1,70,0,1,0,1,0,1,0,1,0,1
200600030517,6,6,17,900,1,1,1,1,4640100,-119200,3,2,2,0,1,3,0,68,2,0,1,0,1,0,2,0,1
200600030518,6,6,21,1100,1,1,1,3,4641700,-106500,3,2,2,0,1,1,0,70,1,0,1,0,1,0,1,0,1
200600030519,6,6,24,1015,1,1,1,1,4635500,-124800,3,2,2,0,1,2,0,60,1,0,1,0,0,0,5,2,1
200600030520,6,6,5,400,3,1,1,6,4643700,-73300,3,3,2,0,1,1,0,80,1,0,1,0,0,0,1,0,1
200600030522,6,6,10,115,3,1,1,6,4675000,-95100,3,2,2,0,4,4,0,60,1,0,3,0,0,0,1,0,1
200600030523,6,6,12,2115,2,2,1,3,4677600,-93900,4,2,2,0,2,0,0,0,0,0,0,0,0,0,1,1,1
200600030524,6,6,20,1700,1,1,1,6,4681600,-74000,3,2,0,0,0,2,0,60,1,0,3,0,0,0,1,0,1
200600030525,6,6,7,1330,1,1,1,1,4675900,-168500,3,2,2,0,2,1,0,68,1,0,1,0,1,0,1,0,1
200600030526,6,6,10,2230,2,1,1,6,4676000,-168500,3,2,2,0,1,2,0,0,1,0,4,0,0,2,0,0,1
200600030527,6,6,11,1215,1,1,1,6,4681600,-158100,3,2,2,0,0,0,0,45,1,0,3,0,1,0,1,0,1