Num_Acc,an,mois,jour,hrmn,lum,int,atm,col,lat,long,catr,circ,nbv,vosp,prof,plan,lartpc,larrout,surf,infra,situ,env1,unscathed,killed,hospital,light,chance
200600030529,6,6,16,1800,1,1,1,6,4686100,-190000,3,2,2,0,0,1,0,0,1,0,1,0,0,1,0,0,1
200600030530,6,6,17,445,3,1,1,6,4690400,-188700,3,2,2,0,0,1,0,0,1,0,3,0,0,0,2,0,1
200600030538,6,6,19,800,1,1,1,3,4643800,-139800,3,2,2,0,0,1,0,78,1,0,0,0,0,0,0,2,1
200600030547,6,6,17,2015,1,1,1,3,4502600,-47400,3,2,2,0,1,2,0,71,1,0,1,0,1,0,1,0,1
200600030549,6,6,6,1730,1,1,1,7,4501600,-53100,4,2,0,0,0,1,0,0,1,0,1,0,0,0,1,0,1
200600030551,6,6,25,1700,1,1,1,6,4500400,-55200,3,2,2,0,1,2,0,58,1,0,3,0,0,0,1,2,1
200600030552,6,6,4,1845,1,2,1,3,4490600,-49000,3,2,0,0,1,1,0,0,1,0,1,0,0,0,2,1,1
200600030554,6,6,8,700,1,1,1,3,4483000,-36000,3,2,2,0,1,1,18,79,1,5,0,3,0,0,0,2,1
200600030555,6,6,16,1630,1,1,1,3,4479000,-37000,3,2,2,0,1,0,85,115,1,0,1,0,1,0,1,0,1
200600030556,6,6,30,815,1,3,1,3,4468000,-36000,3,2,0,0,1,1,0,57,1,0,1,0,1,0,1,0,1
200600030561,6,6,20,1600,1,1,1,6,4459100,-46400,3,2,2,0,1,0,0,48,1,0,1,0,0,0,1,0,1
200600030562,6,6,6,1645,1,1,1,3,4500000,-44000,3,2,2,0,1,1,0,62,1,0,1,0,1,0,2,0,1
200600030563,6,6,20,1815,1,1,1,2,4499600,-43000,3,2,0,0,1,1,20,70,1,3,1,0,1,0,1,0,1
200600030564,6,6,23,1000,1,1,1,5,4439500,-4900,3,2,2,0,0,1,0,0,1,0,1,0,3,0,2,0,1
200600030573,6,6,24,1700,1,1,1,7,4517900,-83800,2,2,2,0,1,1,0,74,1,0,3,0,0,0,1,0,1
200600030575,6,6,9,1745,1,1,1,3,4493000,-21000,3,2,0,0,1,1,0,39,1,0,1,0,1,0,1,1,1
200600030580,6,6,22,1715,1,1,1,1,4503800,-18400,3,2,2,0,0,1,0,200,1,5,1,0,0,0,2,0,1
200600030588,6,6,10,1100,1,1,1,3,4508000,86800,3,2,2,0,2,2,0,66,1,0,1,0,1,0,1,0,1
200600030591,6,6,19,1845,1,1,1,2,4519700,83100,3,0,2,0,1,3,0,67,1,0,1,0,1,0,1,0,1
200600030595,6,6,4,500,3,1,1,7,4512500,48400,3,2,0,0,1,2,70,0,1,0,0,0,0,0,1,0,1
200600030596,6,6,20,645,1,1,1,1,4520800,58600,4,2,1,0,0,2,0,47,1,0,1,0,1,0,1,0,1
200600030597,6,6,23,2015,1,1,1,5,4514300,54700,3,2,2,0,1,1,0,83,1,0,1,0,2,0,1,0,1
200600030599,6,6,10,1715,1,1,1,3,4527000,83300,3,2,2,0,2,1,0,60,1,0,1,0,1,0,1,0,1
200600030608,6,6,3,1700,1,1,1,6,4487200,18900,3,2,2,0,1,1,0,70,1,0,1,0,0,0,1,1,1
200600030616,6,6,23,1845,1,1,1,5,4505100,36800,3,2,2,0,0,1,0,63,1,0,1,0,1,0,1,4,1
200600030617,6,6,25,1800,1,1,1,7,4513800,-1600,4,2,2,0,1,2,0,41,1,0,3,0,0,1,1,0,1
200600030618,6,6,17,1115,1,1,1,1,4481300,120600,3,2,2,0,1,1,0,70,1,5,1,0,2,0,1,0,1
200600030621,6,6,15,1900,1,1,1,5,4475800,110900,3,2,2,0,1,2,0,50,1,0,1,0,1,1,1,0,1
200600030622,6,6,21,2215,5,7,1,6,4463100,108800,4,2,0,0,0,0,0,0,1,0,0,0,0,0,1,0,1
200600030625,6,6,7,2300,3,1,1,6,4484000,104700,3,2,2,0,2,2,0,53,9,0,3,0,0,4,4,0,1
200600030627,6,6,18,1730,3,1,1,1,4385500,-52200,3,2,2,0,1,1,0,74,1,0,1,0,0,1,2,0,1
200600030628,6,6,18,1400,1,1,1,7,4408700,-31100,3,2,2,0,0,1,0,75,1,0,1,0,1,0,1,0,1
200600030629,6,6,24,1440,1,1,1,6,4414400,-28800,3,2,2,0,1,1,0,70,1,0,3,0,1,0,1,0,1
200600030633,6,6,24,430,5,1,1,6,4371300,-100800,3,2,2,0,1,1,0,60,1,0,3,0,3,1,2,0,1
200600030635,6,6,8,1600,1,1,7,4,4403400,-125900,3,2,0,0,1,1,0,61,1,0,1,0,3,0,4,0,1
200600030636,6,6,11,1730,1,1,1,6,4395500,-134500,3,2,0,0,3,2,0,60,1,0,1,0,0,0,1,1,1
200600030638,6,6,4,1015,1,1,1,1,4355300,-110800,4,2,2,0,1,1,0,42,1,0,1,0,1,0,1,0,1
200600030639,6,6,8,1145,1,1,1,7,4356800,-100200,3,2,0,0,2,3,0,60,1,0,1,0,0,0,0,1,1
200600030655,6,6,11,1230,1,1,1,1,4428400,33700,3,2,2,0,1,3,0,74,1,0,1,0,1,0,3,1,1
200600030657,6,6,27,1445,1,1,1,6,4434600,52600,3,2,2,0,2,2,0,56,1,0,3,0,0,0,1,0,1
200600030659,6,6,13,1930,1,1,1,6,4450900,7800,3,2,2,0,1,3,0,65,9,0,3,0,0,1,0,0,1
200600030660,6,6,18,45,3,1,8,7,4435200,200,4,2,2,0,1,3,0,50,2,0,3,0,0,0,1,0,1
200600030661,6,6,26,1845,1,1,1,6,4453400,9600,2,2,0,0,1,1,0,81,1,0,1,0,0,0,1,0,1
200600030662,6,6,21,2130,2,1,1,2,4459200,34400,3,2,2,0,1,3,0,171,1,5,1,0,1,0,2,0,1
200600030666,6,6,11,1300,1,1,1,1,4451500,75400,3,2,2,0,0,3,0,74,1,0,1,0,0,0,1,1,1
200600030677,6,6,1,1245,1,1,1,2,4350500,-132400,3,2,2,0,1,1,0,67,1,0,1,0,1,0,1,0,1
200600030680,6,6,6,1230,1,1,1,6,4341900,-146700,4,2,1,0,3,3,0,70,1,0,1,3,1,0,1,0,1
200600030683,6,6,6,1545,1,1,1,3,4330200,-134900,3,2,2,0,1,1,0,74,1,0,1,0,1,0,1,0,1
200600030685,6,6,26,2315,3,1,1,6,4336600,-57100,3,2,0,0,1,1,0,80,1,0,3,0,0,0,1,0,1
200600030686,6,6,16,145,3,1,1,7,4352000,-72400,3,2,2,0,1,1,0,63,1,0,3,0,0,0,1,0,1
200600030688,6,6,18,2015,1,1,1,6,4352700,-89700,2,2,2,0,1,1,0,74,1,0,3,0,0,0,1,1,1
200600030696,6,6,17,445,3,1,1,7,4701600,7400,9,2,2,0,2,2,0,40,1,0,1,0,0,0,1,0,1
200600030697,6,6,17,645,2,1,1,3,4698800,9500,2,2,2,0,2,1,0,80,1,0,3,0,1,0,1,0,1
200600030698,6,6,9,1845,1,1,1,7,4671500,44500,4,0,2,0,0,1,0,40,1,0,3,0,4,0,1,0,1
200600030701,6,6,10,1000,1,1,1,3,4657300,63100,2,2,2,0,2,1,0,78,1,0,1,0,1,0,1,1,1
200600030702,6,6,17,1500,1,1,1,1,4617800,52500,3,2,0,0,0,2,0,60,1,0,0,0,2,1,1,0,1
200600030705,6,6,10,2030,1,1,1,7,4569000,-40100,3,2,2,0,1,2,0,0,1,0,3,0,0,0,1,0,1
200600030711,6,6,2,230,5,1,1,6,4602800,19600,3,2,0,0,2,1,0,63,1,0,4,0,0,0,1,0,1
200600030712,6,6,11,1830,1,1,1,6,4607100,15600,3,2,2,0,1,2,0,45,1,0,3,0,0,0,1,0,1
200600030713,6,6,18,1630,1,1,1,6,4602800,23200,4,2,0,0,0,3,0,45,1,0,0,0,0,1,1,0,1
200600030719,6,6,14,1715,1,1,1,3,4544800,-43200,3,2,2,0,1,1,0,51,1,0,1,0,1,0,1,0,1
200600030722,6,6,22,445,3,1,1,6,4525800,-30000,3,2,2,0,1,1,0,61,1,0,1,0,0,0,1,0,1
200600030723,6,6,22,1700,1,1,1,1,4530500,-43300,3,2,2,0,2,1,0,64,1,0,1,0,1,1,0,0,1
200600030724,6,6,24,345,3,1,1,6,4518500,-32400,2,3,4,0,1,1,0,72,1,0,1,0,0,0,1,0,1
200600030725,6,6,17,1515,1,1,1,6,4520800,-14800,3,2,2,0,1,3,0,64,1,0,3,0,0,0,1,0,1
200600030730,6,6,17,1745,1,1,1,3,4572900,-107700,3,2,2,0,1,1,0,60,1,0,1,0,1,0,2,0,1
200600030731,6,6,17,2115,5,1,1,1,4592400,-85800,4,2,2,0,1,1,0,43,1,0,1,0,0,0,2,1,1
200600030736,6,6,15,830,1,9,1,1,4557100,-80800,3,2,0,0,1,1,0,60,1,0,1,0,0,1,1,0,1
200600030740,6,6,2,1730,1,1,1,7,4588800,-20300,3,2,2,0,2,2,0,42,1,0,1,0,1,0,2,2,1
200600030741,6,6,7,1600,1,3,1,3,4587000,-31900,3,2,2,0,1,1,54,0,1,0,1,0,2,0,1,0,1
200600030743,6,6,30,2200,1,7,1,6,4648700,-59900,4,1,1,0,1,1,0,50,1,0,1,0,0,0,1,0,1
200600030744,6,6,8,800,1,2,1,3,4616200,-50100,3,2,0,0,1,1,0,59,1,0,1,0,1,0,1,0,1
200600030750,6,6,17,1830,1,1,1,1,4624400,-10500,3,2,2,0,2,3,0,81,1,0,1,0,2,1,0,0,1
200600030751,6,6,26,400,3,1,1,7,4619900,-9300,3,2,0,0,1,1,0,60,1,0,3,0,0,0,1,0,1
200600030754,6,6,8,2000,1,6,1,3,4590700,132300,3,3,0,0,1,1,70,0,1,5,1,0,1,0,1,0,1
200600030758,6,6,23,545,2,1,1,6,4619800,117000,3,2,0,0,1,2,0,60,1,0,3,0,0,0,1,0,1
200600030759,6,6,27,1500,1,1,1,7,4591000,96100,2,2,2,0,1,1,0,71,1,0,1,0,0,0,4,0,1
200600030760,6,6,9,1845,1,1,1,3,4575400,110300,4,2,2,0,0,0,0,33,0,0,0,0,1,0,1,0,1
200600030763,6,6,27,1830,1,9,2,1,4517800,173400,3,2,2,0,1,1,0,52,2,0,1,0,0,0,1,2,1
200600030764,6,6,23,1345,1,1,1,7,4509500,199000,3,2,2,0,2,2,0,70,1,0,3,0,0,0,1,0,1
200600030768,6,6,9,1815,1,1,1,6,4541000,158200,3,2,2,0,1,1,0,71,1,0,1,0,1,0,2,0,1
200600030769,6,6,9,2145,3,1,1,6,4540100,146200,4,2,2,0,3,1,0,30,1,0,3,0,0,0,1,0,1
200600030770,6,6,18,105,3,1,1,1,4546400,153000,3,2,1,0,2,1,0,60,1,0,1,0,1,0,1,0,1
200600030771,6,6,16,700,1,1,1,6,4536300,138900,3,2,2,0,1,4,0,75,1,0,3,0,0,0,1,1,1
200600030775,6,6,17,1230,1,1,1,1,4624000,153000,3,2,0,0,1,1,0,0,1,0,1,0,1,0,1,0,1
200600030776,6,6,23,1715,1,1,7,2,4637000,149000,3,2,2,0,1,1,0,60,1,0,3,0,1,0,2,0,1
200600030777,6,6,23,2330,5,1,1,6,4624000,148000,3,2,2,0,2,1,0,71,1,0,4,0,0,0,0,2,1
200600030779,6,6,10,1415,1,1,1,1,4589300,197000,3,0,2,0,1,3,0,50,1,0,1,0,1,0,0,1,1
200600030782,6,6,15,1530,1,1,7,1,4605200,209500,3,2,2,0,0,3,0,40,1,0,1,0,2,0,2,0,1
200600030787,6,6,10,315,3,1,1,6,4373200,105600,3,2,2,0,2,3,0,60,1,0,1,0,0,0,1,0,1
200600030788,6,6,14,730,1,1,1,3,4372200,128800,3,2,0,0,1,1,0,0,1,0,1,0,1,0,0,1,1
200600030789,6,6,9,2000,1,1,1,7,4354500,130000,3,2,2,0,1,2,0,60,1,0,1,0,0,0,1,0,1
200600030790,6,6,9,1930,1,1,1,2,4358800,127800,3,2,0,0,2,1,0,60,1,5,1,0,1,0,1,0,1
200600030793,6,6,16,1430,1,6,1,3,4346800,131800,4,2,0,0,1,3,0,0,1,5,1,0,3,0,1,0,1
200600030794,6,6,22,915,1,1,1,2,4338700,141700,3,2,2,0,1,1,0,60,1,0,1,0,1,0,1,0,1
200600030796,6,6,23,2315,3,1,1,6,4322500,111600,3,2,2,0,1,1,0,70,1,0,1,0,0,0,3,2,1
200600030800,6,6,12,1700,1,1,1,6,4314700,57100,3,2,0,0,0,3,0,70,1,0,0,0,0,0,0,1,1
200600030801,6,6,15,1645,1,9,1,1,4319300,73300,3,2,0,0,2,1,0,60,1,0,1,0,1,0,1,0,1
200600030803,6,6,1,2015,1,1,1,1,4340100,176500,3,2,0,0,1,2,0,46,1,0,1,0,1,0,1,0,1
200600030804,6,6,12,1930,1,1,1,1,4341000,158000,3,0,0,0,0,0,0,0,0,0,0,0,0,0,2,0,1
200600030805,6,6,24,300,3,1,1,7,4352300,176700,3,2,2,0,1,1,0,42,1,0,1,0,0,0,1,1,1
200600030806,6,6,26,1630,1,1,1,1,4293200,184500,9,2,0,0,0,3,0,0,1,0,1,3,1,0,0,1,1
200600030808,6,6,26,1615,1,1,1,3,4310100,189600,3,2,2,0,1,3,0,66,1,0,1,0,1,0,1,0,1
200600030810,6,6,4,530,2,1,1,6,4428200,246200,2,2,2,0,1,1,0,65,1,0,3,0,0,0,1,0,1
200600030811,6,6,8,1830,1,1,1,2,4433200,278700,3,2,0,0,2,1,0,65,1,0,1,0,0,0,1,1,1
200600030812,6,6,23,1745,1,1,1,5,4443100,246300,3,2,0,0,2,1,0,74,1,0,1,0,1,0,2,0,1
200600030813,6,6,14,15,3,1,1,6,4446200,217000,3,2,2,0,2,3,0,70,1,0,3,0,0,0,1,1,1
200600030816,6,6,12,1030,1,1,1,7,4462600,256200,3,2,0,0,2,3,0,69,9,0,1,0,0,0,1,0,1
200600030817,6,6,24,1645,1,1,1,7,4465800,254400,3,2,3,0,2,2,0,0,1,0,3,0,0,0,1,0,1
200600030821,6,6,20,2000,1,1,1,6,4441500,308700,3,2,2,0,1,1,0,56,1,0,1,0,1,0,2,0,1
200600030824,6,6,21,1445,1,1,1,1,4394100,282800,3,2,2,0,1,1,0,72,1,0,1,0,0,1,1,2,1
200600030825,6,6,24,1530,1,1,1,6,4388300,264500,3,2,2,0,1,1,0,73,0,0,3,0,1,0,1,2,1
200600030826,6,6,24,1245,1,1,1,6,4376000,286000,6,0,0,0,2,0,0,0,9,0,0,0,1,0,1,1,1
200600030827,6,6,21,1730,1,1,1,3,4435700,198000,3,2,3,3,1,1,48,130,1,5,1,0,1,0,1,0,1
200600030828,6,6,16,2100,1,1,1,1,4458100,207700,4,1,0,0,0,0,0,0,1,0,1,0,1,0,1,0,1
200600030833,6,6,17,615,1,1,1,6,4376300,-3300,9,2,2,0,1,3,0,65,1,0,3,0,1,0,0,1,1
200600030834,6,6,25,1045,1,1,1,3,4386700,5900,3,2,0,0,0,1,0,61,1,0,1,0,3,0,1,0,1
200600030835,6,6,27,1200,1,1,1,3,4387300,5000,2,2,2,0,1,1,0,65,1,0,1,0,1,0,1,0,1
200600030838,6,6,6,1800,1,1,1,6,4338200,31100,3,0,2,0,1,2,0,0,1,0,0,0,0,0,1,0,1
200600030839,6,6,21,345,3,1,2,7,4358400,32600,3,2,2,0,4,2,0,0,2,0,1,0,0,1,0,0,1
200600030840,6,6,5,2115,2,1,1,3,4370000,-20800,3,2,0,0,1,1,0,63,1,0,1,0,1,0,1,0,1
200600030841,6,6,9,1630,1,1,1,7,4360600,2400,3,2,0,0,1,1,0,56,1,0,1,0,0,0,1,0,1
200600030842,6,6,17,715,3,1,1,2,4369100,-17600,3,2,2,0,0,1,0,60,1,0,1,0,1,0,1,0,1
200600030843,6,6,25,1545,1,1,1,7,4450300,133100,3,2,0,0,0,1,49,0,1,0,1,0,2,1,0,0,1
200600030847,6,6,18,530,3,1,1,6,4469400,136100,3,0,0,0,1,3,0,0,1,0,3,0,0,0,1,0,1
200600030852,6,6,4,1915,1,2,1,6,4339200,7700,3,2,2,0,1,1,0,63,1,0,1,0,2,1,0,0,1
200600030853,6,6,19,1015,1,1,1,1,4336000,6700,3,2,0,0,0,1,0,67,1,0,1,0,1,1,0,0,1
200600030854,6,6,27,1200,1,1,1,7,4274900,9100,4,2,2,0,2,3,0,56,1,0,3,0,0,1,0,0,1
200600030857,6,6,17,615,2,1,1,6,4310600,32100,3,2,2,0,1,2,0,66,1,0,0,0,0,0,3,1,1
200600030858,6,6,20,700,2,1,2,6,4315900,39500,3,2,0,0,0,3,0,60,2,0,3,0,0,0,1,0,1
200600030862,6,6,30,1445,1,3,1,3,4386800,218700,3,2,2,0,1,1,52,0,1,5,1,0,1,1,0,1,1
200600030864,6,6,20,1715,1,1,1,1,4408800,225700,2,2,2,0,2,1,0,75,1,0,1,0,0,1,0,1,1
200600030865,6,6,30,1600,1,1,1,6,4368800,208300,4,2,2,0,1,2,0,40,1,0,1,0,0,0,1,0,1
200600030866,6,6,18,1445,1,1,7,1,4389800,191800,3,2,2,0,0,1,0,56,2,0,1,0,1,0,1,0,1
200600030867,6,6,23,1845,1,1,1,1,4385400,193200,3,2,2,0,1,1,0,70,1,0,1,0,3,1,1,0,1
200600030869,6,6,6,2115,1,1,1,7,4347900,250700,3,2,2,0,1,3,0,70,1,0,1,0,1,0,2,0,1
200600030872,6,6,4,615,2,1,1,6,4404300,146000,3,2,2,0,1,1,0,50,1,0,3,0,0,0,1,0,1
200600030874,6,6,16,1515,1,1,1,1,4397300,83900,3,2,2,0,2,3,0,47,1,0,1,0,1,0,1,0,1
200600030875,6,6,25,1300,1,1,1,6,4384100,94300,3,2,2,0,2,1,0,55,1,0,3,0,0,1,0,0,1
200600030876,6,6,2,1900,1,1,1,7,4390800,145300,3,2,0,0,2,3,40,0,1,0,1,0,0,0,1,0,1
200600030879,6,6,10,1730,1,1,1,6,4428000,112800,3,2,2,0,2,2,0,63,1,0,3,0,0,0,1,0,1
200600030880,6,6,21,1245,1,1,1,6,4433800,102200,3,2,2,0,2,2,0,0,1,0,3,0,0,0,1,0,1
200600030882,6,6,4,1900,1,1,7,1,4413700,118800,3,2,2,0,0,1,0,78,1,0,1,0,0,1,2,0,1
200600030905,6,6,3,430,3,1,1,1,4568200,464300,3,2,2,0,0,2,0,50,1,0,3,0,3,0,1,2,1
200600030917,6,6,10,1900,1,1,7,1,4613600,465900,3,2,0,0,2,2,0,54,1,0,1,0,1,0,1,1,1
200600030920,6,6,12,1615,1,1,1,3,4606300,470600,3,2,0,0,1,2,0,0,1,0,1,0,1,0,0,1,1
200600030921,6,6,16,1930,1,1,3,6,4606700,465200,3,2,1,0,1,1,0,0,2,0,3,0,0,0,1,0,1
200600030922,6,6,29,1430,1,1,1,1,4611300,475100,3,2,1,0,1,1,0,0,1,5,1,0,1,0,1,0,1
200600030924,6,6,11,1030,1,9,1,6,4604400,429900,3,2,2,0,0,1,0,62,1,0,1,0,1,1,0,0,1
200600030925,6,6,17,1015,1,1,1,3,4598600,432800,3,0,2,0,2,1,0,0,1,0,1,0,1,0,1,0,1
200600030929,6,6,30,1630,1,1,1,3,4641000,492400,3,2,0,0,1,1,0,60,1,0,1,0,2,0,0,2,1
200600030934,6,6,9,2300,5,1,1,6,4596900,582100,3,2,0,0,2,2,80,0,1,0,1,0,1,0,1,0,1
200600030936,6,6,3,600,1,1,1,6,4599900,534300,3,2,0,0,0,1,0,73,1,0,3,0,0,0,1,0,1
200600030937,6,6,12,1645,1,1,1,3,4584700,529600,3,2,2,0,0,0,0,60,1,0,1,0,1,0,1,0,1
200600030940,6,6,27,1545,1,1,1,2,4596200,535900,4,2,2,0,2,1,0,60,1,0,1,0,1,0,1,0,1
200600030948,6,6,12,2245,3,1,1,5,4627000,603300,3,2,2,0,1,1,0,75,1,0,1,0,2,1,0,0,1
200600030954,6,6,18,1300,1,1,1,7,4581600,497100,9,2,2,0,1,3,0,100,9,0,3,0,2,0,1,1,1
200600030958,6,6,17,2045,2,1,1,6,4440000,464000,2,2,2,0,4,4,0,76,1,2,1,0,0,0,1,1,1
200600030963,6,6,4,1900,1,1,1,7,4483200,478000,3,2,0,0,0,2,0,70,1,0,1,0,1,0,1,0,1
200600030964,6,6,9,1815,1,1,1,1,4481700,479300,9,0,0,0,1,1,0,50,1,0,1,0,1,0,1,0,1
200600030967,6,6,3,1330,1,1,1,6,4445800,434200,4,2,2,0,1,0,0,50,1,5,1,0,0,0,1,1,1
200600030968,6,6,29,900,1,1,1,7,4437000,437000,3,2,2,0,2,3,0,72,1,0,3,0,0,1,0,0,1
200600030972,6,6,21,1800,1,1,1,3,4519300,463900,3,0,2,0,1,0,0,0,0,0,0,0,1,0,1,0,1
200600030973,6,6,8,1830,1,1,1,1,4493100,498000,4,2,1,0,1,3,0,50,1,0,1,0,1,0,2,0,1
200600030975,6,6,21,2130,1,1,1,1,4473200,492500,3,2,0,0,1,1,0,70,1,0,1,0,0,0,1,2,1
200600030977,6,6,21,2045,1,1,1,5,4481900,492400,3,2,0,0,1,1,0,71,0,0,1,0,0,0,4,0,1
200600030979,6,6,4,1445,1,1,6,1,4460900,494500,3,2,2,0,1,1,0,61,1,0,1,0,0,1,1,0,1
200600030994,6,6,5,1745,1,1,1,3,4521400,585300,3,2,2,0,1,1,0,70,1,0,1,0,1,0,0,1,1
200600030996,6,6,17,1200,1,1,1,2,4519100,586700,3,2,0,0,2,1,0,50,1,0,1,0,1,0,0,2,1
200600031000,6,6,13,2045,1,1,1,2,4538100,594900,3,2,2,0,1,1,0,61,1,0,1,0,1,0,1,0,1
200600031001,6,6,21,1745,1,1,1,5,4512900,557800,3,2,0,0,1,1,0,70,1,2,1,0,2,0,0,1,1
200600031006,6,6,21,1815,1,1,1,1,4514400,527500,3,2,0,0,1,1,0,59,1,5,1,0,1,0,1,0,1
200600031007,6,6,5,800,3,1,1,3,4538700,547100,3,2,0,0,1,1,0,73,1,0,1,0,1,0,1,0,1
200600031009,6,6,2,2300,5,1,1,6,4570600,533000,3,2,2,0,1,1,0,54,1,0,1,0,0,1,0,0,1
200600031010,6,6,28,1815,1,1,1,1,4550600,548700,4,2,2,0,1,2,0,0,1,0,1,0,1,0,1,0,1
200600031013,6,6,26,1250,1,9,1,1,4569600,541500,3,2,0,0,1,1,0,0,1,0,1,0,0,0,2,0,1
200600031014,6,6,29,1830,1,1,1,3,4546100,554700,3,2,2,0,0,3,0,80,1,0,1,0,1,0,1,0,1
200600031018,6,6,30,1045,1,1,1,3,4558600,480700,4,2,2,0,2,0,0,42,0,0,1,0,0,0,0,2,1
200600031020,6,6,8,915,1,1,1,1,4539600,526300,3,2,2,0,1,1,20,40,1,0,0,0,1,0,1,0,1
200600031021,6,6,15,1600,1,1,1,7,4534800,521700,3,2,2,0,1,1,0,64,1,0,3,0,0,0,0,2,1
200600031023,6,6,26,1230,1,2,1,3,4542000,526300,3,2,2,0,1,1,0,45,1,5,1,0,3,0,0,1,1
200600031024,6,6,26,1845,1,1,1,6,4539800,526100,4,1,1,0,1,1,0,25,1,0,1,0,1,0,1,0,1
200600031025,6,6,2,1845,1,1,1,6,4550600,525300,3,2,2,0,2,4,0,52,1,0,1,0,1,1,0,0,1
200600031030,6,6,26,1645,1,1,1,3,4576100,512800,3,2,2,0,1,1,0,67,1,0,3,0,0,0,2,0,1
200600031032,6,6,15,1100,1,1,7,3,4538600,484300,3,2,2,0,1,1,0,90,1,0,1,0,0,0,4,1,1
200600031033,6,6,27,1415,1,1,1,3,4534300,480700,4,2,0,0,1,1,0,0,1,5,1,0,0,0,1,1,1
200600031035,6,6,11,200,3,1,1,1,4529000,441400,4,2,2,0,1,1,0,50,1,0,1,0,0,0,1,1,1
200600031037,6,6,23,1915,1,1,1,1,4530100,456200,3,2,1,0,1,3,0,55,1,2,1,0,1,0,1,0,1
200600031045,6,6,4,200,3,1,1,6,4558400,427300,2,2,2,0,0,1,0,90,1,0,1,0,0,0,0,1,1
200600031048,6,6,24,1145,1,1,1,2,4560000,426800,2,2,0,0,1,1,0,80,1,0,1,0,4,0,1,0,1
200600031049,6,6,26,1415,1,6,1,3,4558500,432400,4,2,0,0,1,0,0,40,1,5,1,0,2,0,2,0,1
200600031050,6,6,25,1815,1,1,3,1,4549100,458300,9,2,2,0,4,3,0,40,2,0,1,0,1,0,2,0,1
200600031054,6,6,10,1845,1,1,1,3,4601600,395300,3,2,3,3,2,1,0,120,1,5,1,0,2,0,0,2,1
200600031055,6,6,24,1630,1,1,1,7,4614800,402600,3,2,2,0,1,1,0,80,1,0,1,0,0,0,0,2,1
200600031056,6,6,30,1730,1,1,1,2,4616300,387700,2,2,0,0,1,1,0,74,1,0,1,0,1,0,0,2,1
200600031061,6,6,15,715,1,1,1,3,4554900,576700,3,2,2,0,1,1,0,60,1,0,1,0,1,0,1,0,1
200600031064,6,6,26,1745,1,1,1,1,4554000,575200,3,2,2,0,2,3,0,71,1,0,1,0,1,0,1,2,1
200600031070,6,6,4,1615,1,3,1,3,4520200,666400,2,2,1,0,4,1,0,70,1,5,1,0,1,0,0,1,1
200600031071,6,6,27,2300,3,1,1,7,4521100,667500,3,2,2,0,2,1,0,0,1,0,1,0,0,0,1,0,1
200600031072,6,6,6,900,1,1,1,1,4579300,631800,3,2,2,0,2,4,0,44,1,0,1,0,1,0,1,0,1
200600031076,6,6,3,1230,1,1,1,3,4589600,633300,3,2,0,0,0,1,0,0,1,3,1,0,1,0,1,0,1
200600031077,6,6,9,1415,1,1,1,7,4587500,647600,3,2,1,0,2,3,0,60,1,0,3,0,0,0,2,0,1
200600031084,6,6,6,1615,1,1,1,5,4610100,634200,3,2,2,0,0,1,0,62,1,5,3,0,4,1,0,0,1
200600031090,6,6,16,1545,1,1,1,1,4618900,628700,9,2,2,0,1,3,0,65,1,0,4,0,1,0,2,0,1
200600031092,6,6,16,1830,1,1,1,1,4608100,595800,3,2,2,0,1,1,0,0,1,0,1,0,1,0,2,0,1
200600031094,6,6,17,830,1,1,1,6,4603100,601500,3,2,1,0,2,1,0,58,9,0,1,0,0,1,2,0,1
200600031095,6,6,19,815,1,1,1,1,4605800,598000,3,2,2,0,2,3,0,64,1,0,1,0,0,0,2,1,1
200600031096,6,6,19,1800,1,1,1,6,4602300,583200,4,0,0,0,1,1,0,0,1,0,1,0,0,0,1,1,1
200600031100,6,6,11,2015,1,1,1,6,4633700,629300,3,2,2,0,0,1,0,70,1,0,1,0,0,1,0,0,1
200600031107,6,6,29,845,1,1,1,1,4636400,662200,3,2,2,0,2,3,0,65,1,0,1,0,0,0,2,0,1
200600031109,6,6,29,1730,1,1,1,1,4564500,350800,3,2,2,0,2,4,0,69,1,0,1,0,0,0,3,0,1
200600031115,6,6,15,1115,1,1,1,6,4557100,266500,3,2,2,0,1,1,0,60,1,0,3,0,0,0,1,0,1
200600031116,6,6,15,1745,1,1,1,6,4554800,274000,3,2,2,0,2,2,0,54,1,0,1,0,0,0,1,0,1
200600031118,6,6,14,1745,1,1,1,7,4596200,295900,3,2,2,0,2,1,0,68,1,0,1,0,0,0,1,0,1
200600031121,6,6,8,2100,1,1,1,1,4592000,287000,3,2,1,0,1,3,0,50,1,0,1,0,0,0,0,2,1
200600031123,6,6,22,1750,1,1,1,2,4625000,287000,3,2,2,0,0,1,0,68,1,0,1,0,0,0,1,1,1
200600031125,6,6,10,1815,1,9,1,7,4571200,359000,3,2,1,0,4,2,0,85,1,0,3,0,0,0,1,0,1
200600031126,6,6,13,855,1,2,1,3,4583000,338900,2,2,0,0,1,1,0,70,1,0,1,0,2,0,1,0,1
200600031128,6,6,8,1215,1,1,1,1,4662600,330800,4,2,0,0,1,2,0,30,1,0,1,0,1,0,1,0,1
200600031130,6,6,12,845,1,1,1,5,4648500,333100,2,2,2,0,1,1,0,73,1,0,1,0,3,0,1,0,1
200600031131,6,6,17,2230,3,1,1,6,4660300,364300,3,2,2,0,0,3,0,56,1,0,3,0,0,0,1,0,1
200600031132,6,6,21,1515,1,1,1,1,4631800,327200,3,0,0,0,1,1,0,76,1,0,1,0,0,0,2,2,1
200600031137,6,6,3,1930,1,2,1,1,4666400,268400,3,2,2,0,0,0,0,0,1,0,1,0,1,0,1,0,1
200600031139,6,6,20,2200,5,1,1,6,4629700,273600,4,2,2,0,1,1,0,59,1,0,3,0,0,0,1,0,1
200600031140,6,6,7,1600,1,3,1,3,4619200,348800,3,2,2,0,0,1,0,0,1,0,1,0,0,0,1,1,1
200600031145,6,6,9,1045,1,1,1,6,4635600,379100,3,2,2,0,2,3,0,0,1,0,1,0,0,0,1,0,1
200600031151,6,6,8,1645,1,1,1,2,4534500,254000,3,0,0,0,0,0,0,0,0,0,0,0,0,0,0,2,1
200600031154,6,6,15,1200,1,1,1,2,4506300,382200,3,2,2,0,2,1,0,71,1,0,1,0,2,0,1,0,1
200600031155,6,6,6,1545,1,1,1,7,4497500,388900,3,2,0,0,2,4,0,50,1,0,3,0,0,0,1,0,1
200600031156,6,6,4,1545,1,1,1,7,4493800,400300,4,2,2,0,1,1,0,51,1,0,1,0,1,0,1,0,1