Num_Acc,an,mois,jour,hrmn,lum,int,atm,col,lat,long,catr,circ,nbv,vosp,prof,plan,lartpc,larrout,surf,infra,situ,env1,unscathed,killed,hospital,light,chance
200600031157,6,6,18,2030,1,1,1,6,4494700,397900,3,2,2,0,1,1,0,60,1,0,3,0,1,0,1,0,1
200600031158,6,6,30,1445,1,1,1,6,4490900,407600,3,2,2,0,2,1,0,70,1,0,3,0,0,0,1,0,1
200600031159,6,6,23,1645,1,1,7,3,4507300,390400,3,2,0,0,1,1,0,68,1,0,1,0,1,0,1,0,1
200600031160,6,6,2,245,3,1,1,7,4497500,366100,3,2,2,0,2,3,0,84,2,0,3,0,0,1,0,0,1
200600031161,6,6,10,1915,1,1,1,6,4496900,359600,3,2,0,0,0,2,0,0,9,0,3,0,0,0,1,0,1
200600031163,6,6,19,1800,1,1,1,3,4499500,402400,4,2,2,0,2,2,0,40,1,0,1,0,0,0,1,1,1
200600031164,6,6,22,1400,1,1,1,1,4507500,404300,2,2,2,0,1,1,0,69,1,0,1,0,1,0,2,0,1
200600031166,6,6,2,1930,1,1,1,6,4529700,338600,4,2,2,0,1,1,0,0,1,0,1,0,1,0,1,0,1
200600031167,6,6,23,1400,1,1,1,6,4513500,355400,4,2,0,0,2,2,0,55,1,0,1,0,0,0,1,0,1
200600031169,6,6,12,830,1,1,1,3,4529000,325400,3,2,2,0,1,1,0,76,1,0,1,0,1,0,1,0,1
200600031170,6,6,15,1800,1,1,7,3,4534700,311600,3,2,0,0,1,1,0,60,1,0,1,0,1,0,1,0,1
200600031171,6,6,19,30,4,1,1,6,4541500,331900,4,2,2,0,1,1,0,66,2,0,3,0,0,0,1,0,1
200600031172,6,6,9,1145,1,1,1,3,4515400,412900,4,2,0,0,2,1,85,62,1,5,1,0,1,0,1,0,1
200600031176,6,6,30,1845,1,1,1,2,4513000,408900,2,2,0,0,1,1,0,80,1,2,1,0,1,0,1,0,1
200600031181,6,6,5,1045,1,1,1,5,4512000,430800,3,2,2,0,1,1,0,44,1,0,1,0,5,0,1,0,1
200600031182,6,6,13,1530,1,1,1,6,4522100,434800,9,2,2,0,1,1,0,63,1,0,1,0,1,0,1,0,1
200600031185,6,6,19,2045,1,1,1,5,4920900,599600,3,0,0,0,0,0,0,0,0,0,0,0,1,0,1,1,1
200600031193,6,6,15,500,2,1,5,6,4897600,652900,3,2,2,0,3,3,0,63,1,0,1,0,0,0,1,0,1
200600031194,6,6,28,1530,1,9,1,7,4909100,661500,3,1,2,0,1,3,0,75,1,3,1,0,0,0,1,0,1
200600031196,6,6,21,1930,1,1,1,1,4918100,671700,2,2,2,0,1,2,0,71,1,0,1,0,1,1,0,0,1
200600031197,6,6,11,2130,2,1,1,1,4896100,687600,3,2,2,0,0,0,0,62,1,0,1,0,1,0,1,0,1
200600031198,6,6,12,1330,1,1,1,1,4892500,662700,3,2,2,0,0,1,0,56,1,0,1,0,2,0,2,0,1
200600031199,6,6,22,1145,1,1,1,5,4895800,687500,3,2,0,0,1,0,0,67,1,0,1,0,1,0,1,1,1
200600031200,6,6,27,1030,1,2,1,1,4908400,670600,3,2,0,0,1,3,0,70,1,0,1,0,1,0,1,0,1
200600031201,6,6,29,1315,1,1,2,1,4907500,668700,3,2,0,0,0,1,0,72,2,0,1,0,0,0,1,1,1
200600031203,6,6,10,1600,1,1,1,7,4869600,716000,3,2,2,0,2,3,0,70,1,0,1,0,0,0,0,1,1
200600031204,6,6,11,1545,1,1,1,5,4869500,715700,3,2,2,0,2,2,0,70,1,0,1,0,0,0,1,2,1
200600031205,6,6,25,1200,1,1,1,6,4861600,715700,9,2,1,0,2,2,0,23,1,0,1,0,0,0,1,0,1
200600031210,6,6,9,1800,1,1,7,3,4905400,742900,4,2,2,0,1,0,0,0,1,0,1,0,1,0,1,0,1
200600031213,6,6,2,1600,1,1,1,1,4930500,610700,2,2,2,0,1,1,0,60,1,0,1,0,2,0,1,0,1
200600031215,6,6,13,1815,1,1,1,3,4927300,620300,3,2,3,3,1,1,0,150,1,5,1,0,1,0,1,1,1
200600031219,6,6,7,830,1,1,1,7,4880000,607100,3,2,0,0,1,2,0,66,1,0,1,0,0,1,0,0,1
200600031220,6,6,10,1230,1,1,1,6,4862600,611100,4,2,2,0,1,1,0,80,1,0,1,0,1,0,1,0,1
200600031234,6,6,17,1330,1,1,1,6,4884800,583900,3,2,2,0,1,1,0,60,1,0,3,0,0,0,1,1,1
200600031239,6,6,13,2000,1,1,1,6,4949600,519300,4,2,2,0,0,3,0,84,1,0,4,0,1,0,1,1,1
200600031240,6,6,20,1800,1,1,1,6,4951400,537900,2,2,2,0,1,1,0,75,1,0,1,0,0,0,1,0,1
200600031241,6,6,20,2230,3,1,1,6,4951700,543600,3,2,2,0,1,1,0,70,1,0,1,0,0,0,1,0,1
200600031245,6,6,27,1630,1,2,1,5,4836300,630600,3,2,0,0,0,0,0,0,0,5,0,0,1,0,2,0,1
200600031251,6,6,10,1315,1,9,1,1,4820600,584000,3,2,0,0,1,1,0,95,1,0,1,0,1,0,1,0,1
200600031253,6,6,5,1815,1,1,1,1,4787200,680300,4,2,2,0,1,2,0,0,1,0,1,0,1,0,2,0,1
200600031254,6,6,20,1030,1,1,1,3,4789400,674900,2,2,0,0,1,1,0,81,1,0,1,0,1,1,0,0,1
200600031256,6,6,17,1745,1,1,1,2,4817400,688700,3,2,2,0,1,1,0,68,1,0,1,0,0,0,4,0,1
200600031260,6,6,9,1630,1,1,1,7,4831800,765900,3,2,2,0,1,2,0,60,1,0,1,0,0,0,1,0,1
200600031261,6,6,12,300,5,1,1,2,4834200,754100,2,3,2,0,0,1,10,88,1,0,1,0,1,0,1,0,1
200600031262,6,6,13,1645,1,2,1,4,4832500,770500,3,0,0,0,0,0,0,0,0,0,0,0,3,0,2,0,1
200600031263,6,6,13,2145,1,1,1,6,4837100,759800,2,3,0,0,1,1,0,60,1,0,1,0,0,0,1,0,1
200600031264,6,6,21,2130,2,1,1,2,4836900,761200,3,2,2,0,1,1,0,80,1,0,1,0,1,0,0,1,1
200600031265,6,6,26,1415,1,1,1,5,4838100,759800,2,1,2,0,1,1,0,0,1,0,1,0,2,0,0,1,1
200600031280,6,6,1,1530,1,9,2,6,4880200,733900,3,2,2,0,1,3,0,60,2,0,3,0,0,0,1,0,1
200600031284,6,6,7,2030,1,1,1,7,4892000,741100,3,2,2,0,2,4,0,63,1,0,3,0,0,0,1,0,1
200600031285,6,6,7,1545,1,1,1,7,4886800,723100,3,2,2,0,1,2,0,65,1,0,4,0,0,0,0,2,1
200600031286,6,6,27,2030,1,1,1,7,4884200,712200,4,2,1,0,2,1,0,25,1,0,3,0,0,0,0,2,1
200600031288,6,6,18,2330,3,1,1,1,4867400,772500,3,2,1,0,1,1,0,59,1,5,1,0,0,0,0,5,1
200600031293,6,6,28,900,1,1,1,6,4876000,756700,3,2,2,0,2,1,0,0,1,0,1,0,1,0,0,1,1
200600031295,6,6,1,1615,1,2,1,3,4829200,767200,3,2,2,0,1,1,0,0,1,5,1,0,1,0,1,0,1
200600031300,6,6,3,1530,1,1,1,7,4891100,807900,3,3,2,0,1,1,0,0,1,0,1,0,0,0,0,1,1
200600031301,6,6,6,1545,1,1,1,1,4889400,812100,4,2,2,0,1,1,0,55,1,0,1,0,1,1,0,0,1
200600031303,6,6,5,2045,2,1,8,6,4896000,774000,3,2,1,0,1,3,0,60,2,0,1,0,1,0,1,0,1
200600031304,6,6,21,715,1,9,1,1,4894000,778100,3,0,0,0,1,3,0,80,0,0,1,0,1,0,1,0,1
200600031307,6,6,17,1900,1,1,1,1,4805400,753800,3,2,2,0,0,1,0,61,1,0,1,0,0,1,3,0,1
200600031308,6,6,24,1945,1,1,1,3,4827400,728300,4,2,2,0,1,1,0,40,1,0,1,0,1,0,1,0,1
200600031309,6,6,27,1930,1,1,1,1,4808300,730100,3,2,0,0,1,1,0,70,1,0,1,0,1,0,1,0,1
200600031310,6,6,2,1400,1,1,1,3,4755400,731400,3,2,2,0,2,0,0,0,1,0,1,0,0,0,1,1,1
200600031313,6,6,7,1300,1,1,1,5,4771700,706900,2,2,3,0,2,1,0,110,1,0,1,0,1,1,2,0,1
200600031314,6,6,11,1200,1,1,1,1,4748800,730000,3,2,2,0,3,1,0,63,1,0,1,0,0,1,0,1,1
200600031315,6,6,21,1315,1,2,1,3,4799600,738400,3,2,0,0,1,1,0,75,1,5,1,0,1,0,0,1,1
200600031316,6,6,22,515,2,1,1,1,4794800,727900,3,2,2,2,1,1,0,65,9,0,1,0,0,1,1,0,1
200600031317,6,6,26,1415,1,1,1,3,4795100,729200,3,3,2,0,1,1,15,240,1,0,1,0,1,0,0,1,1
200600031318,6,6,6,2130,5,1,1,3,4780500,738100,4,2,2,0,1,2,0,51,1,0,1,0,2,0,0,2,1
200600031321,6,6,14,2030,1,1,1,3,4769000,751200,9,2,0,0,1,1,0,48,1,0,1,0,1,0,1,0,1
200600031329,6,6,13,1400,1,1,1,1,4887300,428100,2,2,2,0,2,1,0,76,1,0,1,0,1,0,1,0,1
200600031330,6,6,15,1115,1,1,1,6,4892200,435700,3,2,2,0,1,1,0,72,1,0,3,0,0,0,1,0,1
200600031334,6,6,25,1700,1,1,1,7,4874500,413000,2,2,0,0,1,1,0,72,1,0,3,0,0,0,1,0,1
200600031335,6,6,15,1945,1,1,1,1,4888900,353200,3,2,2,0,1,2,0,75,1,0,1,0,1,0,1,0,1
200600031336,6,6,5,1830,1,1,1,6,4876100,372200,3,0,2,0,1,1,0,0,1,0,3,0,1,0,1,0,1
200600031341,6,6,7,1445,1,1,1,6,4907500,404900,9,2,0,0,1,2,0,0,1,0,1,0,1,0,1,0,1
200600031342,6,6,21,2200,2,1,1,6,4906500,396700,3,2,3,0,1,3,0,0,1,0,4,0,0,0,2,0,1
200600031344,6,6,4,1630,1,1,1,1,4879200,464200,3,2,2,0,3,1,0,60,1,0,1,0,0,1,1,0,1
200600031346,6,6,5,1827,1,1,1,3,4883900,452000,2,2,2,0,1,1,0,0,1,5,1,0,2,0,1,0,1
200600031347,6,6,9,1045,1,1,1,1,4874400,459400,2,2,2,0,1,1,0,88,1,0,1,0,1,0,1,0,1
200600031348,6,6,23,1715,1,1,1,1,4881100,449600,3,2,2,0,1,1,0,65,1,0,1,0,2,0,1,1,1
200600031350,6,6,20,1315,1,1,1,6,4881700,486000,3,2,2,0,1,1,0,72,1,0,1,0,0,0,1,0,1
200600031351,6,6,10,1815,1,1,1,6,4893800,492000,3,2,0,0,2,1,0,56,1,0,3,0,3,0,2,0,1
200600031352,6,6,17,1130,1,1,1,7,4895100,489500,3,2,2,0,0,2,0,54,1,0,3,0,0,0,1,1,1
200600031354,6,6,6,1430,1,1,1,1,4984300,476100,4,2,2,0,1,1,0,30,1,0,1,0,1,0,1,0,1
200600031355,6,6,17,1430,1,1,1,6,4993500,466300,3,0,2,0,0,0,0,0,1,0,1,0,0,0,0,1,1
200600031356,6,6,10,1330,1,1,1,7,4965700,477900,3,2,1,0,1,3,90,62,1,0,1,0,1,0,1,0,1
200600031357,6,6,29,1200,1,1,1,5,4972000,463000,3,0,2,0,3,2,0,59,1,0,1,0,1,0,1,1,1
200600031359,6,6,8,1730,1,1,1,6,4993300,465100,4,0,0,0,1,1,0,0,1,0,0,0,1,0,1,0,1
200600031361,6,6,8,1615,1,1,1,3,4965900,514300,3,2,2,0,2,0,71,0,1,0,1,0,1,0,1,0,1
200600031362,6,6,12,645,1,1,1,3,4967700,502400,3,2,2,0,1,1,0,73,1,0,1,0,1,0,1,0,1
200600031364,6,6,24,2345,4,1,1,1,4952200,450200,3,2,0,0,1,2,65,0,1,0,0,0,0,0,1,1,1
200600031365,6,6,17,900,1,6,1,7,4950300,413400,3,0,1,0,1,2,0,80,1,5,1,0,0,0,1,0,1
200600031366,6,6,9,1845,1,1,1,3,4958100,449500,9,2,2,0,1,1,0,67,1,0,1,0,1,0,1,0,1
200600031370,6,6,13,1540,1,1,1,6,4812000,437300,9,1,0,0,1,1,0,0,1,0,1,0,1,0,1,0,1
200600031372,6,6,24,215,3,1,1,7,4818000,511000,3,2,2,0,1,1,0,55,1,0,1,0,0,0,1,0,1
200600031378,6,6,18,1700,1,1,1,7,4800000,553300,3,2,2,0,4,1,0,70,1,2,3,0,2,0,3,0,1
200600031382,6,6,28,330,3,1,3,6,4774900,544100,3,2,0,0,2,3,0,50,2,0,3,0,0,1,0,0,1
200600031392,6,6,4,1345,1,1,1,7,4720200,532100,3,2,2,0,1,2,0,64,1,0,3,0,1,0,0,1,1
200600031393,6,6,1,715,1,2,1,3,4722700,518700,3,2,2,0,1,1,0,67,1,5,1,0,1,0,1,0,1
200600031394,6,6,24,2300,3,1,1,1,4723300,523600,3,2,3,0,1,1,0,106,1,5,1,0,2,0,1,0,1
200600031396,6,6,23,900,1,1,1,3,4722200,506800,3,2,2,0,1,1,0,73,1,0,1,0,0,0,2,1,1
200600031397,6,6,3,1130,1,1,1,1,4755300,492200,3,2,1,0,2,2,0,0,1,0,1,0,1,0,0,1,1
200600031398,6,6,30,800,1,1,1,3,4748400,508500,3,2,2,0,1,1,0,70,1,0,1,0,1,0,1,0,1
200600031399,6,6,3,1200,1,1,1,1,4730200,495500,3,2,0,0,1,1,0,65,1,0,1,0,1,0,0,1,1
200600031400,6,6,3,1800,1,1,1,1,4702000,451300,3,2,0,0,1,2,0,0,1,0,1,0,1,0,1,0,1
200600031401,6,6,4,615,2,3,1,6,4699800,479400,3,2,2,0,1,2,0,0,1,0,1,0,1,0,0,1,1
200600031402,6,6,11,1415,1,1,1,6,4700300,482400,3,2,2,0,1,2,0,50,1,0,1,0,0,0,1,0,1
200600031404,6,6,21,1830,1,1,1,3,4706800,481800,4,2,2,0,0,0,0,62,1,0,1,0,1,0,1,0,1
200600031406,6,6,5,800,1,1,1,6,4705700,496800,3,2,0,0,1,1,0,0,1,0,1,0,1,0,1,0,1
200600031407,6,6,11,615,1,1,1,6,4701000,509100,3,2,2,0,1,3,60,0,1,0,0,0,1,0,0,3,1
200600031408,6,6,29,1200,1,1,1,6,4697900,514200,3,2,2,0,1,1,0,80,1,0,0,0,0,0,1,0,1
200600031410,6,6,17,1,3,1,1,1,4791000,454500,3,2,2,0,0,1,0,44,1,0,1,0,0,0,1,2,1
200600031414,6,6,11,1730,1,2,1,1,4728700,421700,3,2,2,0,1,1,0,70,1,0,1,0,2,0,1,0,1
200600031415,6,6,30,1600,1,1,1,3,4721800,435200,3,2,0,0,1,0,0,0,1,0,1,0,0,0,2,0,1
200600031417,6,6,21,1815,1,1,1,3,4704800,336900,3,2,2,0,1,1,0,65,1,0,1,0,1,0,1,0,1
200600031423,6,6,9,1330,1,1,1,1,4739600,344500,2,2,2,0,2,1,0,69,1,0,1,0,0,0,3,1,1
200600031427,6,6,29,1445,1,1,1,1,4619000,476000,2,2,3,0,1,1,0,37,1,0,1,0,1,2,0,0,1
200600031428,6,6,10,2145,2,1,1,6,4631000,448400,3,2,2,0,2,1,0,0,1,0,1,0,0,0,2,0,1
200600031429,6,6,20,1400,1,1,1,3,4643500,466200,4,1,1,0,1,0,0,0,1,0,1,0,1,0,1,1,1
200600031431,6,6,15,715,1,1,1,3,4643100,487900,2,2,2,0,1,1,0,80,1,0,1,0,1,0,1,0,1
200600031436,6,6,9,1700,1,1,1,6,4679000,474000,3,2,0,0,1,1,0,72,1,0,1,0,0,1,0,0,1
200600031439,6,6,28,1745,1,1,1,3,4678000,474000,3,2,2,0,0,1,0,74,1,0,1,0,1,0,1,0,1
200600031442,6,6,30,2315,5,1,1,7,4663400,486800,3,2,0,0,1,1,0,0,1,0,1,0,0,0,1,0,1
200600031443,6,6,24,1815,1,1,1,7,4681200,494900,2,2,0,0,4,1,0,117,1,5,1,0,0,0,1,1,1
200600031444,6,6,29,230,3,1,1,6,4642000,432000,3,2,2,0,1,1,0,60,1,0,3,0,0,1,2,0,1
200600031445,6,6,25,1845,1,1,2,7,4647900,408600,3,2,0,0,1,1,0,54,2,0,1,0,0,0,2,0,1
200600031452,6,6,30,1400,1,1,1,7,4761300,367900,3,3,2,0,1,1,0,58,1,0,1,0,0,0,1,1,1
200600031457,6,6,3,1630,3,1,1,6,4778900,383800,3,2,0,0,1,1,0,51,1,0,3,0,0,0,1,0,1
200600031459,6,6,3,1600,1,1,1,6,4771300,323700,4,2,0,0,1,2,0,0,1,0,3,0,0,0,1,0,1
200600031462,6,6,3,1445,1,1,1,7,4814100,328500,3,2,0,0,0,0,0,70,1,0,1,0,0,0,1,0,1
200600031463,6,6,1,700,1,1,1,1,4829000,320600,3,2,2,0,1,1,0,0,1,0,1,0,1,0,0,1,1
200600031465,6,6,24,15,3,1,1,6,4821400,315900,3,2,1,0,1,2,0,50,1,0,1,0,0,0,1,0,1
200600031471,6,6,23,1730,1,1,1,5,4720400,603100,3,2,2,0,1,3,0,66,1,0,1,0,3,0,1,1,1
200600031472,6,6,28,1830,1,1,1,1,4701900,609100,3,2,2,0,2,1,0,60,1,0,1,0,0,0,1,1,1
200600031476,6,6,7,1100,1,1,1,3,4729000,687000,3,2,0,0,1,1,0,57,1,0,1,0,1,0,1,0,1
200600031480,6,6,14,1800,1,1,1,6,4746900,643700,3,2,2,0,1,1,0,60,1,0,1,0,1,0,1,0,1
200600031482,6,6,7,1815,1,1,1,1,4729200,613000,6,1,0,0,0,1,0,0,1,0,0,0,1,0,1,0,1
200600031483,6,6,12,945,1,1,1,2,4732600,613200,3,2,2,0,0,1,0,142,1,5,1,0,1,0,1,0,1
200600031484,6,6,1,1845,1,1,3,6,4713400,652500,4,2,2,0,2,2,0,61,2,0,1,0,1,0,1,0,1
200600031485,6,6,29,730,1,1,1,3,4712200,660300,3,2,2,0,2,1,0,53,1,0,1,0,0,1,0,1,1
200600031486,6,6,4,1230,1,1,1,3,4678000,632200,3,2,2,0,2,3,0,67,8,0,1,0,1,0,1,1,1
200600031487,6,6,11,1,3,1,1,6,4676200,622400,3,2,2,0,1,3,0,56,1,0,3,0,1,0,1,1,1
200600031488,6,6,14,1945,1,1,1,2,4677900,635900,3,2,2,0,1,1,0,56,1,0,1,0,3,0,1,0,1
200600031489,6,6,2,915,1,1,1,3,4706000,661000,3,2,2,0,1,1,0,80,1,5,1,0,1,0,1,0,1
200600031498,6,6,29,1200,1,1,1,1,4770500,641700,3,2,2,0,0,2,0,60,1,0,1,0,1,0,1,0,1
200600031500,6,6,2,1200,1,1,1,1,4770000,628500,2,2,0,0,2,1,0,64,1,0,4,0,1,0,1,0,1
200600031502,6,6,22,1530,1,1,1,1,4741000,561000,3,2,2,0,3,1,0,60,1,0,1,0,2,0,1,0,1
200600031503,6,6,12,900,1,2,1,3,4758800,554200,3,2,2,0,1,1,0,79,1,0,1,0,1,0,1,0,1
200600031505,6,6,29,1345,1,1,3,3,4767100,691300,4,3,0,0,1,1,0,0,2,0,1,0,1,0,1,0,1
200600031506,6,6,9,30,3,1,1,3,4751400,707000,3,2,0,0,1,1,0,60,1,0,1,0,0,0,1,1,1
200600031507,6,6,17,1845,1,1,1,3,4774400,682700,3,2,2,0,1,1,0,64,1,0,1,0,3,0,1,0,1
200600031508,6,6,6,745,1,1,1,3,4754100,698100,2,2,0,0,0,3,0,0,1,0,1,0,0,0,1,1,1
200600031509,6,6,18,1740,1,1,1,2,4759800,700000,3,0,0,0,1,1,55,0,1,0,1,0,1,0,1,0,1
200600031510,6,6,5,1315,1,1,9,3,4538000,480500,1,3,0,0,2,2,15,100,1,0,1,0,2,0,0,3,1
200600031518,6,6,12,1500,1,1,1,7,4361800,550400,2,2,0,0,1,1,0,0,0,0,3,0,0,0,1,0,1
200600031531,6,6,12,1000,1,1,1,1,4344000,553900,3,2,0,0,0,2,0,70,1,0,1,0,0,1,1,0,1
200600031541,6,6,3,1200,1,1,1,7,4376900,593500,3,2,2,0,1,2,0,71,1,0,1,0,0,0,1,0,1
200600031544,6,6,30,45,3,1,1,7,4437800,662600,3,2,2,0,1,3,0,0,1,0,1,0,1,0,1,0,1
200600031546,6,6,11,1600,1,1,1,2,4443400,629800,3,2,1,0,1,3,0,37,1,0,1,0,1,0,1,0,1
200600031547,6,6,23,1545,1,1,1,1,4428300,639000,3,2,2,0,1,1,0,61,1,0,1,0,4,0,0,1,1
200600031548,6,6,1,1315,1,1,1,1,4397800,573400,3,2,0,0,1,1,0,0,1,0,1,0,1,0,1,0,1
200600031552,6,6,5,1945,1,9,1,6,4420000,594200,4,2,1,0,1,1,0,30,1,0,0,0,0,0,1,0,1
200600031555,6,6,24,1015,1,1,1,3,4418400,594900,2,2,2,0,1,1,0,68,1,0,1,0,0,0,2,1,1
200600031557,6,6,9,1900,1,5,1,1,4434700,602900,3,2,2,0,1,1,0,67,1,0,1,3,1,0,1,0,1
200600031559,6,6,13,1645,1,1,7,1,4432200,588000,4,2,0,0,2,2,0,0,1,0,1,0,3,0,1,2,1
200600031560,6,6,17,1800,1,1,1,2,4439100,594000,3,1,1,0,1,1,0,64,1,5,1,0,2,0,1,0,1
200600031562,6,6,9,1845,1,1,1,6,4437800,552000,3,2,2,0,1,1,0,42,1,0,1,0,0,0,1,0,1
200600031567,6,6,22,1100,1,1,1,7,4453400,631900,3,2,3,0,2,2,0,105,1,0,3,0,0,0,2,0,1
200600031569,6,6,1,930,1,1,1,6,4384200,729600,3,2,2,0,2,3,0,71,1,0,1,0,0,0,1,1,1
200600031573,6,6,13,1645,1,1,1,1,4378700,727600,3,2,2,0,2,2,0,67,1,0,1,0,0,0,4,0,1
200600031574,6,6,23,845,1,1,1,1,4375500,727600,3,2,2,0,0,1,0,53,1,0,1,0,2,0,3,0,1
200600031579,6,6,2,1630,1,1,1,5,4362300,711400,3,2,0,1,1,1,0,34,1,5,1,0,2,0,1,0,1
200600031581,6,6,22,945,3,1,1,6,4365000,708000,3,2,3,0,0,2,0,65,1,0,3,0,0,1,0,0,1
200600031582,6,6,24,1315,1,1,1,6,4368000,708000,3,2,2,0,2,2,0,58,1,0,4,0,0,0,1,0,1
200600031585,6,6,25,1930,1,1,1,3,4354700,693600,3,1,3,0,1,1,0,105,1,0,1,0,1,0,1,0,1
200600031594,6,6,16,715,1,1,8,1,4385700,719800,3,1,2,0,2,4,0,83,9,0,1,0,1,0,0,1,1
200600031596,6,6,21,1000,2,1,1,7,4410100,701500,3,2,0,0,1,2,0,0,1,0,3,0,0,1,0,0,1
200600031597,6,6,25,1430,1,1,1,3,4382600,712300,3,2,0,0,0,4,0,0,1,0,1,0,1,0,0,1,1
200600031598,6,6,4,1445,1,1,1,6,4409000,710700,3,2,2,0,0,0,0,25,1,0,1,0,0,0,0,1,1
200600031599,6,6,5,1445,1,1,1,7,4409000,710000,3,2,2,0,1,3,0,35,1,0,1,0,0,0,0,1,1
200600031600,6,6,29,1600,1,1,3,7,4408000,710000,3,2,2,0,2,3,50,0,2,0,1,0,0,0,0,1,1
200600031601,6,6,30,1445,1,1,1,7,4432000,686000,3,2,2,0,0,0,40,0,1,0,0,0,0,0,0,1,1
200600031603,6,6,26,615,2,1,1,1,4346800,649700,3,2,2,0,1,2,0,70,1,0,1,0,0,0,2,0,1
200600031613,6,6,7,1800,1,1,1,7,4351600,592500,3,2,2,0,1,1,0,60,1,0,1,0,0,0,1,0,1
200600031623,6,6,13,1145,1,1,1,1,4346600,662400,4,0,0,0,0,0,0,0,1,0,1,0,1,0,1,0,1
200600031661,6,6,14,1500,1,1,1,3,4396700,487500,2,2,2,0,1,1,0,80,1,5,1,3,1,0,0,2,1
200600031665,6,6,12,1630,1,1,1,1,4378000,561300,3,2,2,0,2,4,0,73,1,0,1,0,2,0,1,0,1
200600031666,6,6,23,1345,1,1,1,5,4376200,550800,3,2,0,0,0,1,0,55,1,0,1,0,1,0,2,0,1
200600031671,6,6,7,945,1,1,1,1,4401900,503000,3,2,2,0,1,1,0,75,1,0,1,0,0,1,1,0,1
200600031673,6,6,9,1330,1,1,1,3,4424400,471400,2,3,0,0,1,1,0,0,1,5,1,0,1,0,1,1,1
200600031674,6,6,10,1000,1,1,1,1,4429900,475100,4,2,0,0,1,1,0,55,1,0,1,3,1,0,1,0,1
200600031677,6,6,19,845,1,6,1,1,4426900,467800,3,2,2,0,0,3,0,0,8,5,1,0,1,0,0,1,1
200600031688,6,6,19,1730,1,1,1,1,4363000,397000,3,2,2,0,1,4,0,47,1,0,1,0,2,0,1,0,1
200600031689,6,6,22,645,1,1,1,1,4360000,396000,3,2,2,0,0,1,70,0,1,0,1,0,2,1,0,0,1
200600031690,6,6,30,1500,1,1,1,1,4364600,395400,3,2,0,0,0,3,0,0,3,0,1,0,0,0,1,2,1
200600031694,6,6,28,800,1,1,1,7,4329600,312000,3,2,0,0,0,1,91,0,1,5,3,0,0,1,0,0,1
200600031696,6,6,7,930,1,1,1,6,4346000,342400,9,2,2,0,0,0,0,0,0,0,0,0,1,0,0,1,1
200600031697,6,6,16,1715,1,1,7,6,4346500,342100,9,2,0,0,1,1,0,78,1,0,1,0,1,0,1,0,1
200600031701,6,6,18,715,1,1,2,7,4339900,332700,2,2,2,3,1,1,0,108,2,0,3,0,0,0,0,1,1
200600031703,6,6,8,2300,5,1,1,6,4324700,329100,4,1,0,0,0,1,40,0,1,0,1,0,0,0,1,0,1
200600031704,6,6,30,1645,1,1,1,1,4328700,328400,3,2,2,0,1,1,0,0,1,0,1,0,1,0,1,0,1
200600031706,6,6,1,1715,1,7,1,6,4356200,352400,9,0,2,0,0,1,0,0,1,0,1,0,1,0,0,1,1
200600031707,6,6,10,1900,1,1,1,3,4354300,350000,3,2,2,0,1,1,0,120,1,0,1,0,2,0,3,0,1
200600031708,6,6,21,800,2,1,1,6,4358300,348900,3,2,2,0,1,1,0,58,1,0,1,0,0,0,1,0,1
200600031709,6,6,27,1615,1,1,1,3,4363300,343300,4,2,2,0,1,1,0,60,1,0,1,3,1,0,1,0,1
200600031710,6,6,27,1700,1,1,1,7,4362400,341200,3,2,2,0,2,1,0,60,1,0,1,0,0,0,1,0,1
200600031711,6,6,26,1630,1,1,1,7,4371000,355600,3,0,2,0,0,0,0,0,0,0,0,0,0,0,1,0,1
200600031712,6,6,26,800,1,1,1,2,4363100,343400,4,1,1,0,0,1,0,44,1,0,1,0,1,0,1,0,1
200600031714,6,6,26,1400,1,1,1,7,4346700,362600,9,0,0,0,0,0,0,0,9,0,3,0,0,0,1,1,1
200600031716,6,6,3,1905,1,1,1,7,4327700,242400,3,2,2,0,1,1,0,69,1,0,1,0,0,0,2,0,1
200600031718,6,6,30,1840,1,1,1,1,4331800,201300,3,2,2,0,2,3,0,36,1,0,1,0,3,0,1,0,1
200600031721,6,6,27,1230,1,1,1,7,4318100,191500,3,2,2,0,1,3,0,60,1,0,3,0,0,0,1,0,1
200600031722,6,6,7,1715,1,1,1,6,4311400,227000,3,2,1,0,1,1,0,100,1,0,1,0,0,1,0,0,1
200600031723,6,6,29,630,1,1,1,1,4300400,225100,3,2,0,0,1,1,82,82,2,0,1,0,0,0,0,2,1
200600031729,6,6,7,1545,1,1,1,7,4328300,288300,3,0,0,0,1,1,67,0,1,0,1,0,0,1,0,0,1
200600031738,6,6,1,845,1,1,1,5,4387400,445300,3,2,2,0,1,1,0,0,1,0,1,0,0,0,1,3,1
200600031740,6,6,24,1845,1,8,1,7,4380000,453400,3,2,2,0,2,1,0,0,1,4,1,0,0,0,4,0,1
200600031743,6,6,17,930,1,1,1,3,4375700,430900,3,2,0,0,1,1,0,50,1,0,1,0,1,0,1,0,1
200600031745,6,6,6,1900,1,1,1,3,4413000,415000,3,2,2,0,2,1,0,65,1,0,1,0,0,1,0,2,1
200600031746,6,6,14,1630,1,1,1,1,4414500,419600,3,2,1,0,2,2,0,72,1,0,1,0,0,1,1,0,1
200600031752,6,6,2,1815,1,1,1,6,4415200,471000,3,2,0,0,0,2,0,0,1,0,3,0,0,0,1,0,1
200600031756,6,6,11,1845,1,1,1,3,4385500,460500,3,2,0,0,1,1,0,0,1,0,1,0,0,0,0,3,1
200600031757,6,6,23,2030,1,1,1,1,4385600,460000,3,2,2,0,1,1,0,44,1,0,0,0,0,0,2,1,1
200600031766,6,6,8,830,1,1,1,6,4427700,384900,2,2,2,0,2,3,0,0,1,0,3,0,0,1,0,0,1
200600031768,6,6,8,1915,1,1,7,3,4449800,337600,2,2,2,0,2,3,0,62,1,0,1,0,1,1,1,0,1
200600031773,6,6,9,1945,1,1,1,6,4282000,252600,3,2,2,0,1,2,0,60,1,0,1,0,0,0,1,0,1
200600031777,6,6,8,1215,1,1,1,6,4262300,300800,4,2,1,0,1,1,0,57,1,6,1,0,1,0,1,0,1
200600031781,6,6,4,300,5,1,1,6,4265800,262600,3,2,2,0,1,1,0,40,1,0,3,0,0,0,1,0,1