Num_Acc,an,mois,jour,hrmn,lum,int,atm,col,lat,long,catr,circ,nbv,vosp,prof,plan,lartpc,larrout,surf,infra,situ,env1,unscathed,killed,hospital,light,chance
200600031792,6,6,2,1500,1,1,1,7,4290400,947400,3,2,2,0,1,2,0,60,1,0,3,0,0,0,1,0,1
200600031796,6,6,12,1030,1,1,1,5,4259000,882700,2,2,3,0,2,2,0,90,1,5,1,0,3,0,0,3,1
200600031797,6,6,15,1115,1,1,1,3,4259200,883000,2,2,2,0,2,4,0,60,1,0,1,0,1,0,1,0,1
200600031800,6,6,2,645,1,1,1,1,4262800,891500,2,2,2,0,1,1,0,82,1,0,1,0,0,0,2,0,1
200600031801,6,6,9,800,1,1,1,3,4261000,885400,2,2,0,0,2,1,0,76,1,0,1,0,0,0,1,1,1
200600031803,6,6,26,415,3,1,1,7,4228000,922100,2,2,2,0,1,2,0,67,1,0,3,0,0,0,1,1,1
200600031804,6,6,25,1845,1,3,1,3,4240000,919000,2,3,0,0,2,1,35,64,1,5,1,0,2,0,2,0,1
200600031806,6,6,27,615,1,1,1,7,4215500,950600,3,2,2,0,1,1,0,78,1,5,1,0,0,0,1,0,1
200600031807,6,6,30,1445,1,1,1,2,4209400,950500,2,2,2,0,1,1,0,78,1,0,1,0,0,0,2,0,1
200600031808,6,6,24,1845,1,1,1,6,4243000,947800,3,2,2,0,1,2,0,40,1,0,0,0,1,0,1,0,1
200600031809,6,6,13,1730,1,1,3,3,4897400,156900,3,2,0,0,1,2,0,60,2,0,1,0,1,0,0,1,1
200600031811,6,6,17,245,5,1,1,6,4872400,161700,4,2,2,0,1,1,0,0,1,0,1,0,0,0,0,1,1
200600031813,6,6,14,200,5,1,1,7,4902200,182700,3,2,2,0,2,2,0,50,0,0,1,0,0,0,1,0,1
200600031820,6,6,6,1530,1,1,1,5,4887300,187100,3,2,2,0,1,1,0,50,1,0,1,0,3,0,1,0,1
200600031821,6,6,16,1913,1,1,1,3,4885200,189800,3,2,2,0,2,1,0,60,1,0,1,0,1,0,1,0,1
200600031826,6,6,17,2330,5,1,1,6,4862300,202700,4,1,1,0,2,3,0,42,1,0,1,0,1,0,1,0,1
200600031829,6,6,18,1430,1,1,1,2,4862500,239000,3,2,4,0,1,1,0,116,1,0,1,0,0,0,2,0,1
200600031830,6,6,3,1015,1,1,1,1,4848800,234900,9,1,1,0,1,1,0,0,1,0,1,0,1,0,1,0,1
200600031837,6,6,11,400,3,1,1,7,4869000,228600,2,3,2,1,2,1,5,150,1,0,1,0,0,0,0,2,1
200600031838,6,6,10,1730,1,9,1,3,4866700,225200,4,0,0,0,0,0,0,0,0,0,0,0,1,0,0,1,1
200600031843,6,6,13,2330,3,1,1,1,4905200,244600,3,2,2,1,1,3,0,60,1,0,1,0,0,1,1,0,1
200600031846,6,6,16,445,2,1,1,3,4862600,297400,3,2,1,0,1,1,0,65,1,5,1,0,1,0,1,0,1
200600031848,6,6,10,1730,1,1,1,6,4874000,276000,9,2,0,0,3,0,0,0,2,0,0,0,1,0,1,0,1
200600031850,6,6,27,715,1,1,1,1,4883600,291400,4,2,2,0,2,3,0,40,2,0,1,0,0,0,1,1,1
200600031852,6,6,21,845,1,1,1,3,4872300,284500,2,2,2,0,0,1,0,0,1,3,0,0,2,0,1,0,1
200600031854,6,6,13,755,1,1,1,3,4817200,271500,3,2,2,0,1,1,0,75,1,5,1,0,1,0,1,0,1
200600031855,6,6,14,1500,1,1,1,3,4820100,255800,3,2,2,0,1,1,0,76,1,0,0,0,0,0,2,2,1
200600031856,6,6,16,400,3,1,1,6,4823000,290000,3,2,2,0,0,3,0,70,1,0,1,0,0,0,1,0,1
200600031857,6,6,18,445,2,1,1,7,4831000,295000,3,2,0,0,2,2,70,0,1,0,1,0,0,1,0,0,1
200600031858,6,6,25,430,4,1,1,1,4822600,286700,3,2,2,0,2,1,74,37,1,0,1,0,0,2,1,0,1
200600031859,6,6,8,945,1,1,1,3,4977400,210800,3,2,2,0,1,1,0,60,1,5,1,0,1,0,0,1,1
200600031860,6,6,7,830,1,1,1,6,4910900,302400,3,2,2,0,1,1,0,70,1,0,1,0,0,0,1,0,1
200600031861,6,6,29,2200,3,1,1,6,4865800,266300,3,2,2,0,0,2,0,63,1,0,1,0,0,0,1,0,1
200600031863,6,6,15,1945,1,1,1,7,4869600,335500,2,2,2,0,1,1,0,74,1,0,3,0,0,0,3,3,1
200600031865,6,6,29,1600,1,9,1,2,4842200,328200,3,2,0,0,1,1,0,68,1,0,1,0,1,0,2,0,1
200600031870,6,6,15,1915,1,1,1,5,4781300,166800,2,2,2,0,1,1,0,101,1,0,1,0,2,0,1,0,1
200600031872,6,6,1,1315,1,2,1,3,4823800,207700,3,2,2,0,1,0,94,110,1,0,0,0,1,0,1,0,1
200600031874,6,6,4,545,2,1,1,4,4800400,209100,2,2,2,0,1,1,0,0,1,0,1,0,5,0,0,7,1
200600031878,6,6,19,1345,1,1,1,1,4763700,274000,4,2,0,0,1,1,0,0,1,0,1,0,1,0,1,0,1
200600031882,6,6,27,1700,1,1,1,1,4794600,292500,3,2,1,0,4,2,0,39,1,0,1,0,3,0,1,0,1
200600031884,6,6,26,1845,1,1,1,2,4809000,277000,3,2,2,0,1,1,0,80,1,0,1,0,1,0,0,1,1
200600031885,6,6,15,1115,1,1,3,7,4829900,240700,3,2,2,0,1,1,0,70,2,0,1,0,0,0,0,1,1
200600031886,6,6,20,815,1,1,2,1,4819100,231200,3,2,2,0,1,1,0,65,2,0,1,0,1,0,1,0,1
200600031890,6,6,9,1000,1,1,1,2,4705600,300000,3,2,2,0,1,1,0,64,1,0,1,0,1,1,0,0,1
200600031891,6,6,29,415,5,1,1,6,4716700,291400,3,2,2,0,0,1,0,50,1,0,3,0,0,1,0,0,1
200600031893,6,6,2,1645,1,1,1,7,4674000,248900,2,4,0,0,0,1,0,105,1,0,0,0,0,0,1,0,1
200600031894,6,6,5,1745,1,1,1,3,4673000,244000,3,2,3,3,1,1,45,68,1,5,1,0,4,1,0,0,1
200600031895,6,6,11,2310,3,1,1,5,4683200,298700,2,2,2,0,1,1,0,73,1,0,1,0,2,1,0,0,1
200600031896,6,6,29,1315,1,9,1,7,4697800,289000,3,2,2,0,0,1,0,76,1,0,1,0,0,0,0,1,1
200600031897,6,6,10,830,1,1,1,6,4737900,214500,3,2,2,0,1,1,0,75,1,0,3,0,0,0,1,0,1
200600031899,6,6,30,1915,1,1,1,2,4698900,226800,3,2,2,0,1,1,0,63,1,0,1,0,0,0,2,0,1
200600031900,6,6,11,330,5,1,1,6,4718400,233100,3,2,2,0,1,2,0,72,1,0,0,0,0,3,0,0,1
200600031901,6,6,12,715,1,1,1,6,4713800,243000,3,3,4,0,0,1,42,177,1,0,1,0,1,0,2,0,1
200600031902,6,6,9,1615,1,1,1,3,4852900,153200,3,2,2,0,0,1,0,77,1,0,1,0,0,0,2,0,1
200600031904,6,6,1,1715,1,1,1,6,4861300,168800,4,2,2,0,2,1,0,57,1,0,1,0,1,0,1,0,1
200600031905,6,6,10,1400,1,1,1,1,4855400,163400,3,2,2,0,1,1,0,0,1,2,1,0,1,0,0,1,1
200600031906,6,6,24,1345,1,1,1,6,4852500,174600,3,2,2,0,0,0,0,48,0,0,0,0,0,0,1,0,1
200600031913,6,6,11,1030,1,1,1,5,4867400,130500,9,2,0,0,2,3,0,73,1,5,1,0,2,0,1,0,1
200600031914,6,6,12,1845,1,1,1,6,4871600,143700,3,2,2,0,1,3,0,59,1,0,1,0,0,0,1,0,1
200600031918,6,6,27,1800,1,1,1,6,4862900,112000,3,2,2,0,1,3,0,56,1,0,3,0,0,0,1,0,1
200600031919,6,6,5,1530,1,1,1,1,4832000,82000,3,2,2,0,2,1,0,0,1,0,1,0,1,0,1,0,1
200600031920,6,6,11,1645,2,3,1,3,4830900,84200,3,2,0,0,2,1,0,67,1,0,1,0,1,0,1,0,1
200600031921,6,6,15,500,2,1,1,6,4823100,87300,3,2,0,0,2,3,0,0,2,0,3,0,0,0,0,1,1
200600031922,6,6,17,1745,1,1,1,7,4820000,89200,3,2,2,0,2,3,0,65,1,0,1,0,0,0,1,0,1
200600031927,6,6,27,1615,1,1,1,6,4674800,183200,3,2,2,0,1,1,26,95,1,0,1,0,2,0,1,0,1
200600031932,6,6,26,1800,1,1,1,6,4662800,149000,4,2,2,0,1,1,0,91,1,0,1,0,1,0,0,1,1
200600031933,6,6,3,430,3,1,1,7,4690700,145900,3,2,2,0,1,3,0,52,1,0,3,0,0,0,0,4,1
200600031934,6,6,3,1900,1,1,1,3,4693500,131600,3,2,2,0,2,1,0,70,1,0,1,0,3,0,2,0,1
200600031935,6,6,10,1930,1,1,1,6,4699700,136700,3,0,2,0,1,2,0,60,1,0,3,0,0,0,1,0,1
200600031937,6,6,20,1430,1,1,1,6,4702300,111000,3,2,0,0,1,1,0,74,1,0,3,0,0,1,1,2,1
200600031938,6,6,28,1115,1,1,1,1,4700700,123500,3,2,2,0,1,3,0,50,1,0,1,0,1,0,1,0,1
200600031940,6,6,3,845,1,1,1,3,4716500,157900,3,2,2,0,1,1,0,57,1,0,1,0,1,0,1,0,1
200600031942,6,6,12,1515,1,1,1,1,4716000,157100,3,2,0,0,2,3,0,60,9,0,1,0,0,0,0,2,1
200600031943,6,6,6,1545,1,1,1,7,4663600,113800,3,2,2,0,1,1,0,75,1,0,3,0,0,0,2,0,1
200600031944,6,6,17,300,3,1,1,2,4662900,104200,3,2,0,0,1,1,0,76,1,0,1,0,2,0,1,0,1
200600031947,6,6,24,1915,1,1,1,1,4652400,163500,4,2,2,0,1,3,0,42,1,0,1,0,1,1,0,0,1
200600031948,6,6,9,1800,1,1,1,3,4694800,201300,3,2,2,0,1,1,0,55,1,0,1,0,1,0,1,0,1
200600031951,6,6,4,1915,1,1,1,5,4747800,100800,3,2,0,0,1,1,0,65,1,0,1,0,1,2,5,0,1
200600031954,6,6,3,15,3,1,1,7,4757300,64200,3,2,2,0,1,1,0,0,1,0,3,0,0,0,2,0,1
200600031958,6,6,23,1715,1,1,1,4,4759400,93200,3,2,2,0,1,1,0,117,1,5,1,0,2,2,0,0,1
200600031968,6,6,24,845,1,1,1,1,4733100,47200,1,1,2,0,1,1,0,94,1,2,1,0,0,1,0,2,1
200600031969,6,6,7,1930,1,1,1,7,4718900,56000,3,2,2,0,1,2,0,47,1,0,1,0,0,0,1,0,1
200600031970,6,6,30,1830,1,1,8,6,4711900,40900,3,2,2,0,0,1,0,57,1,0,3,0,0,0,1,0,1
200600031971,6,6,30,1845,1,1,7,6,4698200,46000,3,2,2,0,1,3,70,0,1,0,1,0,0,0,1,0,1
200600031972,6,6,28,2000,1,1,1,3,4704700,54000,3,2,2,0,1,0,0,52,1,0,1,0,1,0,1,0,1
200600031973,6,6,4,1030,1,1,1,6,4721400,94700,3,2,2,0,1,2,0,62,1,0,3,0,0,0,1,0,1
200600031981,6,6,3,1445,1,1,1,7,4753700,126900,4,2,0,0,1,1,0,42,1,0,1,0,0,0,1,0,1
200600031988,6,6,12,1815,1,3,1,3,4758000,195400,3,2,2,0,1,1,0,64,1,0,1,0,0,0,4,2,1
200600031990,6,6,11,1430,1,1,1,7,4772300,93700,3,2,2,0,1,1,0,57,1,0,1,0,0,0,1,0,1
200600031991,6,6,26,1730,1,1,1,3,4790200,92600,2,2,2,0,1,1,0,79,1,5,1,0,0,1,0,1,1
200600031992,6,6,3,1630,1,1,1,7,4790000,123000,4,2,1,0,0,1,0,0,1,0,1,0,0,0,1,0,1
200600031993,6,6,8,1315,1,1,1,6,4798600,89500,3,1,1,0,0,1,0,79,1,0,1,3,0,0,2,0,1
200600031995,6,6,30,2100,1,1,1,3,4522900,-114400,3,2,0,0,0,2,0,70,1,0,1,0,3,0,1,3,1
200600031996,6,6,17,1000,1,1,1,6,4787300,-354700,3,2,2,0,1,2,0,60,1,6,1,0,1,0,1,0,1
200600031998,6,6,4,2345,4,1,1,1,4793400,-370000,4,2,2,0,1,2,0,73,1,0,1,0,1,1,0,0,1
200600031999,6,6,16,1100,1,6,1,1,4796800,-384000,3,1,2,0,1,2,0,70,1,5,1,0,1,0,1,0,1
200600032006,6,6,18,1130,1,1,1,7,4570300,136000,3,2,2,0,1,3,0,47,1,0,1,0,0,0,1,0,1
200600032007,6,6,25,400,5,1,3,6,4558800,153800,3,2,2,0,2,3,0,55,2,0,1,0,1,0,2,1,1
200600032012,6,6,28,1420,1,1,1,6,4346700,555900,4,2,2,0,3,1,0,40,1,0,1,0,1,0,1,0,1
200600032014,6,6,29,825,1,1,1,6,4413000,40000,3,2,2,0,2,1,0,70,1,0,1,0,0,0,1,0,1
200600032016,6,6,16,1615,1,1,2,6,4292900,295500,3,2,0,0,2,3,0,60,2,0,3,0,0,0,1,0,1
200600032020,6,6,9,1845,1,1,1,1,4358700,375400,9,2,0,0,2,1,0,0,1,0,1,0,2,0,1,0,1
200600032023,6,6,17,2300,3,1,1,3,4811900,-155600,2,1,2,0,1,3,20,70,1,0,1,0,3,0,1,1,1
200600032024,6,6,24,1900,1,1,1,3,4318900,249100,2,2,4,0,1,1,24,124,1,5,1,0,1,1,1,1,1
200600032033,6,6,3,45,3,1,1,2,4838500,-433800,2,3,0,0,2,1,0,60,1,0,0,0,2,0,2,1,1
200600032034,6,6,30,930,1,9,1,5,4826000,273000,1,3,3,0,3,1,10,210,1,0,1,0,3,0,1,0,1
200600032051,6,6,15,1130,1,1,1,6,4408900,487800,1,0,3,0,1,1,35,135,1,0,1,0,0,0,1,0,1
200600032053,6,6,6,700,1,1,1,6,4340700,627800,1,3,3,0,1,1,10,130,0,0,3,0,2,0,1,1,1
200600032054,6,6,8,915,1,1,1,2,4316200,604500,1,3,2,0,1,1,10,90,1,0,1,0,1,0,1,0,1
200600032055,6,6,21,145,3,1,1,7,4340600,640400,1,3,0,0,1,1,20,125,1,0,3,0,0,0,2,0,1
200600032056,6,6,26,345,3,1,1,2,4342700,607100,1,0,0,0,1,1,5,125,1,0,1,0,2,0,1,0,1
200600032057,6,6,26,715,1,1,1,6,4312000,601700,1,0,2,0,0,1,20,95,1,0,1,0,0,0,1,0,1
200600032067,6,6,23,1800,1,1,1,3,4743600,481500,3,2,2,0,1,1,0,76,1,0,1,0,2,0,1,0,1
200600032068,6,6,29,1700,1,1,1,1,4741900,504800,3,2,2,0,4,1,0,64,1,0,1,0,1,0,1,0,1
200600032071,6,6,29,1845,1,1,1,2,4602600,472600,1,3,2,0,1,1,15,50,1,0,1,0,2,0,1,0,1
200600032074,6,6,14,1000,1,1,1,6,4556400,539000,1,3,0,0,1,1,10,140,1,0,1,0,0,0,1,1,1
200600032077,6,6,1,1400,1,2,8,3,4771900,742100,3,2,2,0,1,1,0,72,1,5,1,0,0,0,0,2,1
200600032078,6,6,19,915,1,1,1,2,4909500,256700,3,2,2,0,2,1,0,70,1,0,1,3,0,0,5,0,1
200600032082,6,6,14,600,2,1,1,7,4775100,153600,1,3,0,0,0,1,2,10,1,0,1,0,0,0,0,2,1
200600032087,6,6,3,615,2,1,1,6,4297800,297300,1,3,3,0,1,1,30,135,1,0,1,0,4,1,0,0,1
200600032088,6,6,18,1745,1,1,1,6,4295400,297200,1,3,3,3,1,1,30,105,1,0,1,0,0,1,0,0,1
200600032096,6,6,23,1715,1,1,1,1,4354000,527800,3,2,2,0,1,1,0,50,1,0,1,0,0,0,1,1,1
200600032099,6,6,4,1300,1,4,1,3,4758300,137500,4,2,2,0,4,2,0,59,1,5,1,0,1,0,0,1,1
200600032104,6,6,29,1400,1,1,1,1,4838100,-461800,3,2,2,0,1,1,0,60,1,0,1,0,1,0,1,0,1
200600032105,6,6,7,1415,1,1,1,2,4356800,383900,1,1,3,0,1,1,20,135,1,0,1,0,0,0,2,0,1
200600032110,6,6,20,745,1,1,1,1,4554000,326000,1,2,2,0,1,1,20,70,1,0,1,0,1,0,1,0,1
200600032112,6,6,6,1830,1,1,1,5,4368400,-130300,1,3,0,0,1,1,0,70,1,0,1,0,2,0,1,1,1
200600032119,6,6,23,1730,1,1,1,6,4504700,613100,2,2,2,0,2,3,0,0,1,0,1,0,0,0,1,0,1
200600032123,6,6,20,715,1,1,1,3,4371500,720500,1,3,12,0,0,1,0,420,1,7,1,0,1,0,0,1,1
200600032126,6,6,10,1630,1,1,1,6,5044700,270200,1,1,2,3,1,1,30,110,1,0,3,0,0,0,1,0,1
200600032127,6,6,21,1340,1,1,2,2,5058100,237600,1,3,2,3,1,1,30,110,2,0,1,0,1,1,0,3,1
200600032138,6,6,2,1645,1,1,1,2,4734800,616400,1,3,0,3,0,1,30,100,1,0,2,0,4,0,1,0,1
200600032140,6,6,4,1815,1,1,1,3,4462000,-110000,1,0,0,0,0,1,0,0,1,0,1,0,1,0,0,1,1
200600032141,6,6,8,645,2,1,1,2,4472000,-74000,1,3,0,0,1,1,40,100,1,3,1,0,0,0,1,1,1
200600032142,6,6,17,1430,1,1,1,3,4463000,-89000,3,2,0,0,0,1,0,50,0,3,1,0,1,0,1,0,1
200600032152,6,6,18,1600,1,1,1,6,4214600,859900,4,2,2,0,2,3,0,55,1,0,1,0,1,0,1,0,1
200600032153,6,6,19,1715,1,1,1,7,4215300,872600,3,2,2,0,1,2,0,57,1,0,3,0,0,0,2,0,1
200600032154,6,6,15,1745,1,1,1,6,4200000,918700,3,2,2,0,2,3,0,0,1,0,3,0,0,0,1,0,1
200600032171,6,6,26,2230,5,1,1,7,4186300,939900,3,2,0,0,1,1,0,60,1,0,1,0,1,0,1,0,1
200600032174,6,6,7,930,1,1,1,4,4585000,509000,1,3,2,0,1,0,15,55,1,0,1,0,2,0,0,1,1
200600032178,6,6,19,830,1,1,1,4,4857800,236500,3,2,2,0,1,1,0,80,1,0,1,0,2,0,0,1,1
200600032179,6,6,11,845,1,1,1,5,4914600,422500,3,2,2,0,2,3,0,76,1,0,1,0,0,1,4,2,1
200600032181,6,6,22,1615,1,1,1,6,4917800,401300,2,2,0,0,1,1,0,78,1,0,1,0,0,1,0,0,1
200600032183,6,6,24,915,1,1,1,1,4352000,132900,3,2,2,0,1,0,0,80,1,0,1,0,1,0,1,2,1
200600032186,6,6,6,1530,1,1,1,5,4542700,481800,4,2,0,0,2,0,0,0,1,0,1,0,2,0,1,0,1
200600032191,6,6,12,1030,1,1,1,1,4906900,230300,3,0,2,0,0,1,0,60,1,0,1,0,1,1,0,0,1
200600032192,6,6,23,2300,3,9,1,6,4906000,229900,4,2,2,0,1,3,0,66,1,0,1,0,0,1,1,0,1
200600032196,6,6,11,1500,1,1,1,7,4561500,420700,1,3,2,3,1,1,20,170,1,0,1,0,2,0,0,1,1
200600032211,6,6,22,1215,1,1,1,3,4581000,314500,1,1,2,0,0,1,0,70,1,0,1,0,1,0,1,0,1
200600032215,6,6,19,1715,1,1,8,1,4856500,764600,3,2,2,0,1,1,0,0,1,0,1,0,0,0,2,0,1
200600032216,6,6,2,1700,1,1,1,3,4865400,774200,3,2,2,0,1,1,0,112,1,0,1,0,1,0,1,0,1
200600032217,6,6,29,1230,1,1,1,3,4865800,771000,3,2,2,0,1,1,0,68,1,0,1,0,2,1,0,0,1
200600032221,6,6,29,1425,1,1,1,7,4690000,241700,1,3,2,0,1,1,10,70,1,0,3,0,0,1,0,0,1
200600032224,6,6,23,1230,1,1,1,6,4429700,590300,1,1,2,0,1,1,25,70,1,0,2,0,1,0,0,2,1
200600032236,6,6,9,530,2,1,1,1,4329600,117000,1,3,2,0,1,1,10,70,1,0,1,0,1,0,0,1,1
200600032240,6,6,12,1615,1,1,1,6,4312800,72800,1,3,4,0,1,1,20,210,1,0,2,0,0,0,1,3,1
200600032248,6,6,13,1645,1,9,1,2,4519200,149400,1,3,4,0,1,1,15,140,1,3,1,0,1,1,0,1,1
200600032256,6,6,29,1700,1,1,1,1,4873000,209400,3,2,2,0,2,2,0,73,1,0,1,0,1,1,0,0,1
200600032262,6,6,30,915,1,1,1,7,4914700,-53800,1,3,0,0,1,2,0,70,1,2,3,0,0,0,1,0,1
200600032263,6,6,3,1545,1,1,1,6,4383300,459100,3,2,2,0,2,2,65,0,1,0,1,0,1,1,0,0,1
200600032269,6,6,11,2030,1,1,1,3,5006500,137300,9,2,0,0,1,1,0,111,1,0,1,0,1,0,0,1,1
200600032270,6,6,11,1715,1,6,1,1,4949500,122300,3,2,2,0,1,1,0,52,1,0,1,0,2,0,1,0,1
200600032271,6,6,14,1445,1,2,3,3,4949300,127500,3,2,0,0,1,1,0,50,2,0,1,0,1,0,1,0,1
200600032273,6,6,30,800,1,1,1,6,4944800,120500,3,2,0,0,1,1,20,78,1,0,1,0,1,0,1,0,1
200600032277,6,6,8,1515,1,1,1,3,4367000,129600,3,2,2,0,1,1,0,54,1,0,1,0,0,0,1,1,1
200600032278,6,6,14,1915,1,1,1,1,4366700,130300,3,2,2,0,1,1,0,60,1,0,1,0,1,0,2,0,1
200600032284,6,6,6,1340,1,1,7,3,4774600,-291500,3,0,2,0,1,3,0,60,1,0,1,0,2,0,1,0,1
200600032289,6,6,10,710,1,1,1,5,5097000,193000,3,2,0,0,1,1,0,60,1,0,4,0,2,1,0,0,1
200600032294,6,6,19,930,1,1,8,2,4833400,-131600,1,3,2,0,1,1,25,70,1,0,1,0,2,0,0,1,1
200600032297,6,6,11,2015,1,6,1,6,4265900,295000,3,3,0,0,1,1,20,62,1,5,1,0,0,0,1,0,1
200600032298,6,6,22,1415,1,6,1,1,4265700,295600,3,2,2,0,1,1,0,78,1,0,1,0,1,0,1,0,1
200600039563,6,7,23,1000,1,6,1,2,4876459,345699,4,1,2,0,1,0,80,390,1,0,0,99,1,0,0,1,1
200600042269,6,7,19,715,1,1,1,3,5053000,293000,3,2,2,0,1,1,0,80,1,0,1,0,1,0,1,0,1
200600042270,6,7,17,945,1,1,7,7,5056300,282900,4,2,0,0,1,4,0,56,1,0,0,0,0,0,1,0,1
200600042271,6,7,7,1500,1,1,1,1,5052000,298800,3,0,2,0,0,0,0,80,1,0,1,0,0,0,1,2,1
200600042272,6,7,24,1545,1,1,1,7,5051200,303800,3,2,2,0,1,1,13,62,1,0,3,0,0,0,1,0,1
200600042273,6,7,1,645,1,1,1,7,5099000,240400,3,2,2,0,1,1,0,71,1,0,1,0,0,0,1,0,1
200600042275,6,7,1,645,1,1,1,6,5070300,250100,3,2,2,0,4,3,0,69,1,0,3,0,0,0,1,0,1
200600042276,6,7,24,815,1,3,1,3,5077100,270900,3,2,2,0,1,1,0,68,1,5,1,0,1,0,1,0,1
200600042278,6,7,8,1620,1,1,1,2,5064400,272200,3,2,0,0,1,1,0,88,1,0,1,0,2,0,0,1,1
200600042280,6,7,8,1400,1,1,1,6,5064400,258500,3,2,2,0,1,1,0,57,1,0,3,0,0,0,2,0,1
200600042281,6,7,7,2045,1,1,1,6,5083000,240000,3,2,0,0,0,1,0,0,1,0,1,0,1,0,1,0,1
200600042282,6,7,21,730,2,1,1,3,5079400,251300,3,3,2,3,1,1,0,103,1,5,1,0,1,0,0,1,1
200600042284,6,7,12,1800,1,1,1,6,5033000,360000,3,2,0,0,1,3,0,74,1,0,1,0,1,1,0,0,1
200600042285,6,7,30,1915,1,1,1,1,5048400,337100,3,2,2,0,1,3,0,57,1,0,1,0,1,1,0,0,1
200600042286,6,7,13,1830,1,1,1,7,5016200,357600,3,2,2,0,1,1,0,60,1,0,3,0,0,0,0,1,1
200600042289,6,7,30,2315,3,1,1,6,5007200,345800,3,2,2,0,1,3,0,60,1,0,4,0,0,0,1,1,1
200600042290,6,7,1,1830,1,1,1,3,5018800,349400,3,2,0,0,0,1,0,74,1,0,1,0,1,0,0,1,1
200600042294,6,7,3,1215,1,1,7,2,5030800,372900,2,3,4,0,3,1,30,150,1,0,2,0,3,0,0,1,1
200600042295,6,7,8,530,2,1,1,6,5034000,397000,2,3,2,0,1,1,34,102,1,0,1,0,0,0,1,0,1
200600042300,6,7,3,1745,1,1,7,6,5025000,311900,3,2,0,0,1,1,19,62,1,5,4,0,0,0,2,0,1
200600042301,6,7,22,1100,3,1,1,3,5025000,276900,3,2,2,0,1,1,0,76,1,0,1,0,0,0,2,0,1
200600042302,6,7,31,1745,1,1,1,7,5033800,296500,3,3,0,0,0,1,11,150,1,0,1,0,0,0,1,0,1
200600042304,6,7,29,1830,1,1,1,6,5060200,255100,3,2,2,0,1,2,0,53,1,0,3,0,4,0,1,1,1
200600042305,6,7,6,345,3,1,1,6,5061900,267000,3,2,2,0,1,1,0,55,1,0,4,0,0,0,2,0,1
200600042306,6,7,13,1530,1,1,1,3,5087000,189100,3,2,0,0,1,1,0,60,1,0,1,0,1,0,0,1,1
200600042308,6,7,16,2015,1,1,1,3,5046700,157900,3,2,0,0,1,1,0,58,1,0,1,0,0,0,1,0,1
200600042309,6,7,20,130,3,1,1,7,5038800,204500,3,2,2,0,2,1,0,0,1,0,3,0,0,0,1,0,1
200600042311,6,7,21,1500,1,3,1,3,5066300,242500,3,2,2,0,0,1,57,0,1,5,1,0,1,0,1,0,1
200600042315,6,7,21,945,1,1,1,1,5048800,241000,3,2,2,0,1,3,0,45,1,0,1,0,1,0,1,0,1
200600042316,6,7,2,1800,1,1,1,6,5029300,258100,3,2,2,0,1,2,0,59,1,0,3,0,0,0,1,0,1
200600042317,6,7,22,2045,1,1,1,1,5034900,254000,4,2,2,0,1,2,0,46,1,0,1,0,2,0,1,0,1
200600042318,6,7,28,1000,1,1,1,6,5027600,247300,3,2,0,0,1,1,0,62,1,0,3,0,0,0,1,0,1
200600042319,6,7,31,2230,3,1,1,6,5036200,254100,3,2,1,0,1,1,0,46,1,0,1,0,0,0,1,0,1
200600042320,6,7,16,1415,1,1,1,3,4988700,201600,3,2,2,0,1,1,0,65,1,0,1,0,1,0,0,2,1
200600042325,6,7,30,1545,1,9,1,7,4994800,180100,4,2,1,0,1,1,0,45,1,0,1,0,0,0,1,0,1
200600042335,6,7,12,1000,1,2,1,1,4994200,163600,3,2,2,0,0,1,0,82,1,0,1,0,1,0,1,0,1
200600042339,6,7,8,1930,1,1,1,3,5021600,167000,3,2,2,0,1,2,0,70,1,0,1,0,7,1,0,0,1
200600042346,6,7,31,1345,1,1,1,3,5011600,227300,3,2,2,0,1,3,0,55,1,0,1,0,1,0,1,0,1
200600042350,6,7,19,1000,1,1,1,6,4975900,236400,3,0,0,0,1,1,0,0,1,0,3,0,1,0,1,0,1
200600042352,6,7,18,1545,1,1,1,6,4993000,293000,2,2,2,0,1,1,0,70,1,0,1,0,1,0,1,0,1
200600042353,6,7,21,1930,1,1,1,3,4993000,296000,3,2,2,0,1,2,0,64,1,0,1,0,1,0,1,0,1
200600042354,6,7,25,1145,1,9,1,7,5000200,266200,3,2,2,0,0,1,0,60,1,0,1,0,0,1,0,0,1
200600042358,6,7,26,1515,1,1,1,2,4998400,276100,3,2,0,0,1,1,0,53,1,0,1,0,1,0,1,0,1
200600042360,6,7,5,715,1,1,1,6,4965500,361600,3,2,2,0,2,1,0,70,2,0,1,0,1,0,0,1,1
200600042363,6,7,24,800,1,1,1,7,4956500,369600,2,2,2,0,0,1,0,61,1,0,1,0,0,0,0,1,1
200600042364,6,7,27,1915,1,1,1,3,4948600,392800,3,2,2,0,0,0,0,60,1,0,1,0,1,0,1,0,1
200600042366,6,7,31,845,1,1,5,3,4889600,348900,3,2,2,0,4,1,38,80,2,5,1,0,0,0,1,2,1
200600042371,6,7,4,1445,1,1,1,6,4941300,311000,3,2,2,0,1,1,0,65,1,0,4,0,2,0,1,0,1
200600042373,6,7,14,2115,2,1,1,6,5001900,373100,3,2,2,0,2,2,0,58,1,0,3,0,3,0,2,0,1
200600042377,6,7,8,115,5,1,1,5,4992600,408700,4,2,0,0,2,1,0,48,2,0,1,0,2,0,1,0,1
200600042378,6,7,23,555,1,1,1,1,4995200,406800,3,2,2,0,1,1,0,70,1,0,1,0,1,0,1,0,1
200600042379,6,7,6,45,3,1,1,6,4935800,209900,3,2,2,0,1,2,0,68,1,0,3,0,0,0,1,0,1
200600042380,6,7,5,1930,1,2,1,3,4936700,197400,3,2,2,0,1,2,0,70,1,5,1,0,1,0,1,0,1
200600042381,6,7,8,1,3,1,2,7,4936100,202900,3,2,2,0,1,3,0,65,2,0,3,0,3,0,1,0,1
200600042383,6,7,26,1315,1,1,1,6,4942500,191800,4,2,0,0,1,1,0,50,1,0,4,0,0,0,1,0,1
200600042412,6,7,20,330,3,1,2,6,4954500,307000,3,2,2,0,0,1,0,80,2,0,1,0,0,0,1,0,1
200600042417,6,7,9,1615,1,1,1,6,4918700,238600,3,2,2,0,1,1,0,70,1,0,1,0,0,0,1,0,1
200600042421,6,7,1,1315,1,1,1,6,4913600,280200,4,2,2,0,2,0,0,41,1,0,3,0,0,1,0,0,1