Num_Acc,an,mois,jour,hrmn,lum,int,atm,col,lat,long,catr,circ,nbv,vosp,prof,plan,lartpc,larrout,surf,infra,situ,env1,unscathed,killed,hospital,light,chance
200600042425,6,7,11,1740,1,1,1,1,4958700,117000,3,2,2,0,2,1,0,59,1,0,1,0,0,0,1,3,1
200600042426,6,7,12,2235,3,1,1,1,4962700,109500,3,2,2,0,1,0,0,58,1,0,1,0,1,0,1,0,1
200600042427,6,7,30,1100,1,2,2,3,4982500,87700,3,2,2,0,1,1,0,70,2,0,1,0,2,0,0,1,1
200600042428,6,7,9,2045,1,6,1,3,4937900,122900,3,2,2,0,0,0,0,0,0,0,0,0,1,0,2,0,1
200600042435,6,7,28,1815,1,1,1,7,4953500,44500,3,2,1,0,2,4,0,64,1,0,1,0,0,0,1,0,1
200600042436,6,7,2,1130,1,1,7,7,4946000,36100,9,2,2,0,1,1,0,70,1,0,1,0,0,1,0,0,1
200600042437,6,7,28,1215,1,1,1,3,4950100,27000,3,2,2,0,1,3,0,77,1,0,1,0,1,0,1,0,1
200600042438,6,7,30,1730,1,1,8,1,4920000,103300,4,2,1,0,1,2,0,45,1,0,1,0,0,0,2,0,1
200600042440,6,7,23,600,2,1,1,6,4946400,150200,2,2,2,0,1,3,0,76,1,0,3,0,0,0,2,0,1
200600042441,6,7,14,300,3,2,1,3,4961900,68800,2,2,2,0,0,1,0,0,1,5,1,0,2,0,1,0,1
200600042442,6,7,10,1130,1,1,1,6,4963600,97200,3,2,0,0,1,2,0,57,1,0,3,0,0,0,1,0,1
200600042445,6,7,11,1915,1,1,1,7,4982300,63700,3,2,0,0,0,3,0,60,1,0,1,0,0,0,1,0,1
200600042448,6,7,9,1200,1,1,1,6,4978100,84000,3,2,2,0,1,1,0,62,1,0,1,0,0,0,1,0,1
200600042451,6,7,13,1945,1,6,1,6,4899500,115800,4,1,1,0,1,2,0,0,1,0,1,0,0,0,1,0,1
200600042454,6,7,2,100,3,1,1,7,4890300,117200,2,2,2,0,1,1,0,55,1,0,3,0,2,0,1,1,1
200600042455,6,7,1,2345,3,1,1,2,4886800,132000,3,2,2,0,1,3,0,41,1,0,1,0,0,0,3,1,1
200600042458,6,7,23,415,3,1,1,7,4875100,87600,3,2,2,0,1,3,0,67,1,0,3,0,0,0,1,0,1
200600042463,6,7,29,2215,5,1,1,1,4929400,171500,3,2,2,0,3,2,0,79,1,0,1,0,1,0,0,1,1
200600042464,6,7,10,1845,1,1,1,1,4909500,59400,9,2,2,0,2,2,0,60,1,0,1,0,1,0,1,0,1
200600042465,6,7,12,1615,1,1,1,3,4909600,59500,4,2,2,0,1,1,0,60,1,0,1,0,1,0,1,0,1
200600042467,6,7,21,930,1,2,1,3,4914800,53900,3,2,2,0,1,1,0,43,1,0,1,0,1,0,1,0,1
200600042468,6,7,22,1700,1,1,1,1,4910900,52800,3,2,2,0,1,3,0,66,1,0,1,0,2,0,1,0,1
200600042470,6,7,25,2015,1,1,2,7,4909700,65000,3,2,2,0,1,2,0,0,2,0,1,0,0,0,1,0,1
200600042477,6,7,11,1615,1,1,1,2,4917000,117400,2,3,0,3,1,1,0,177,1,0,2,0,0,0,1,1,1
200600042478,6,7,8,205,5,1,1,7,4918000,133900,4,2,2,0,0,1,0,56,1,0,4,0,1,0,1,0,1
200600042481,6,7,13,845,1,1,1,2,4930800,112000,3,2,2,0,1,1,11,83,1,0,1,0,3,0,1,0,1
200600042485,6,7,2,330,3,1,1,6,4924400,38100,3,2,2,0,2,1,0,68,1,0,3,0,1,0,1,0,1
200600042489,6,7,15,2115,1,1,1,1,4827000,-199400,3,2,0,0,1,1,0,51,1,0,1,0,2,0,2,0,1
200600042490,6,7,28,2000,2,2,1,3,4827000,-184000,3,2,2,0,1,1,0,0,1,0,1,0,1,0,0,4,1
200600042495,6,7,15,1830,1,1,1,1,4839000,-123800,3,2,0,0,0,2,100,0,1,0,1,0,4,0,1,0,1
200600042496,6,7,16,1130,1,3,1,5,4846300,-149000,3,2,0,0,2,1,0,0,1,0,1,0,2,0,1,0,1
200600042497,6,7,11,1745,1,2,1,3,4772400,-197200,3,2,0,0,1,1,0,114,1,5,1,0,1,0,1,0,1
200600042500,6,7,1,1530,1,1,1,3,4797100,-179100,3,2,0,3,1,1,0,0,1,0,1,0,2,0,1,0,1
200600042502,6,7,10,1330,1,1,1,3,4791300,-199000,3,2,2,0,1,1,0,115,1,5,1,0,0,0,1,1,1
200600042511,6,7,12,1845,1,9,7,6,4855400,-174800,4,0,2,1,2,1,0,0,1,0,1,0,1,0,1,0,1
200600042512,6,7,15,715,1,1,1,7,4861200,-166600,4,2,0,0,1,2,40,0,1,0,3,0,0,0,2,0,1
200600042514,6,7,27,1445,1,1,1,6,4851900,-166300,3,2,2,0,1,2,0,60,1,0,3,0,0,0,1,0,1
200600042516,6,7,5,1830,1,1,1,1,4857600,-205900,3,2,2,0,1,4,0,74,2,0,1,0,0,0,0,2,1
200600042520,6,7,21,2015,5,1,3,6,4792900,-124100,3,2,2,0,1,1,0,60,2,0,1,3,1,0,1,0,1
200600042522,6,7,29,1530,1,1,2,1,4830200,-304200,3,2,2,0,1,2,0,62,2,0,1,0,4,0,1,1,1
200600042523,6,7,9,500,3,1,8,7,4844000,-246900,2,3,0,0,1,1,30,70,1,0,3,0,0,0,2,0,1
200600042524,6,7,17,1145,1,1,1,1,4845900,-246600,4,2,2,0,1,2,0,36,1,0,1,0,1,0,1,3,1
200600042528,6,7,15,2015,1,1,1,1,4824500,-280200,4,2,2,0,2,3,0,32,1,0,1,0,1,0,1,0,1
200600042529,6,7,2,2200,3,1,1,3,4857300,-255000,3,2,2,0,2,1,0,60,1,0,1,0,1,0,1,3,1
200600042530,6,7,15,715,1,1,1,6,4851300,-266800,3,3,1,0,1,1,40,65,1,0,3,0,0,0,1,0,1
200600042531,6,7,15,1015,1,1,7,1,4862500,-240500,3,2,0,0,1,1,0,70,1,0,1,0,1,0,2,0,1
200600042534,6,7,15,1000,1,1,1,3,4828900,-214600,3,2,0,0,1,2,0,40,1,0,0,0,2,0,1,0,1
200600042537,6,7,26,930,1,1,1,1,4809400,251100,3,2,0,0,1,3,0,40,1,0,1,0,1,0,0,1,1
200600042538,6,7,29,1045,1,1,1,1,4860000,-227400,3,2,0,0,1,1,0,0,1,0,1,0,1,0,1,0,1
200600042539,6,7,30,545,2,1,1,6,4853200,-240100,3,2,2,0,1,2,0,0,1,0,1,0,0,0,4,0,1
200600042540,6,7,31,1530,1,1,1,5,4862000,-233000,3,2,2,0,3,1,0,60,1,0,1,0,2,0,2,2,1
200600042541,6,7,19,1900,1,1,1,3,4827700,-253100,3,2,2,0,1,1,0,62,1,5,1,0,0,0,1,6,1
200600042542,6,7,18,1010,1,1,7,6,4856000,-314000,3,2,1,0,1,0,0,0,1,0,1,0,1,0,0,1,1
200600042543,6,7,19,1630,1,1,1,1,4856500,-315300,4,2,2,0,1,1,0,0,1,0,3,0,1,0,0,1,1
200600042545,6,7,3,1700,1,1,1,6,4823800,-327500,4,2,1,0,1,2,0,40,1,0,1,0,0,0,2,1,1
200600042549,6,7,30,1730,1,1,1,2,4870300,-349800,3,2,2,0,1,1,0,52,1,0,1,0,0,0,1,1,1
200600042551,6,7,19,45,3,1,1,7,4881300,-337300,4,0,0,0,3,0,0,0,1,0,1,0,0,0,1,0,1
200600042552,6,7,12,1515,1,1,1,6,4879000,-322300,3,2,1,0,1,1,0,67,1,0,1,0,1,0,1,0,1
200600042555,6,7,19,1435,1,1,1,6,4804300,-470200,3,2,2,0,1,1,0,0,1,0,3,0,0,0,3,1,1
200600042558,6,7,9,530,4,1,2,6,4785700,-404000,3,2,2,0,1,1,0,71,2,0,3,0,0,0,1,0,1
200600042559,6,7,25,1645,1,1,2,7,4786700,-404600,4,2,2,0,0,1,0,50,1,0,3,0,1,1,0,1,1
200600042560,6,7,6,745,1,1,1,3,4782900,-422800,3,2,0,0,1,1,0,63,1,0,1,0,1,0,2,0,1
200600042562,6,7,22,1115,1,1,1,1,4783500,-417500,4,2,1,0,1,1,0,60,1,0,1,3,5,0,1,0,1
200600042563,6,7,27,1145,1,1,1,5,4783900,-418800,3,2,2,0,4,1,0,70,1,5,1,0,1,0,1,2,1
200600042564,6,7,20,1245,1,9,1,6,4846400,-425300,6,2,2,3,1,1,0,0,1,6,1,0,1,0,1,0,1
200600042565,6,7,29,1845,1,1,3,1,4847000,-422000,3,2,0,0,2,2,0,68,2,0,1,0,0,0,1,1,1
200600042567,6,7,9,1645,1,1,1,6,4864000,-438000,3,2,2,0,1,1,0,55,1,0,3,0,0,0,7,1,1
200600042569,6,7,27,1115,1,1,1,1,4863500,-454200,4,2,0,0,1,1,0,50,1,0,1,0,1,0,0,1,1
200600042570,6,7,17,545,2,1,1,1,4846900,-451400,3,2,2,0,1,1,0,77,1,0,1,0,2,0,1,0,1
200600042571,6,7,26,2000,1,1,1,3,4810000,-424500,3,2,2,0,0,4,0,65,1,0,1,0,1,1,0,0,1
200600042572,6,7,9,1230,1,2,1,3,4808200,-406600,3,2,0,0,1,1,0,67,1,0,1,0,3,0,1,0,1
200600042575,6,7,2,1030,1,9,1,3,4866400,-412700,3,2,3,0,1,1,43,80,1,5,1,0,3,0,2,0,1
200600042579,6,7,17,1000,1,1,1,1,4762500,-291300,9,0,0,0,0,0,0,0,0,0,0,0,2,1,0,0,1
200600042580,6,7,18,850,1,1,1,2,4769100,-276500,3,2,2,0,1,1,0,65,1,0,1,0,1,0,1,0,1
200600042581,6,7,11,1200,1,1,1,3,4769800,-217200,4,2,2,0,1,1,0,49,9,0,1,0,0,0,1,1,1
200600042583,6,7,13,2045,1,1,1,7,4759800,-231200,3,2,1,0,2,4,0,50,1,0,1,0,0,0,1,0,1
200600042588,6,7,8,1845,1,1,1,3,4757800,-306600,3,2,2,0,1,1,0,100,1,0,1,0,1,0,0,1,1
200600042590,6,7,23,1,3,1,1,6,4759700,-311200,4,2,0,0,1,1,0,0,1,0,1,0,1,0,0,1,1
200600042595,6,7,3,1700,1,1,1,1,4784900,-268600,3,2,0,0,2,1,0,59,1,0,1,0,0,1,3,0,1
200600042596,6,7,9,715,1,1,1,6,4803700,-278800,3,2,2,0,1,1,0,50,1,0,3,0,0,0,1,0,1
200600042597,6,7,10,2200,2,1,1,6,4789400,-264000,3,2,0,0,1,1,0,46,1,0,1,0,0,1,0,1,1
200600042598,6,7,1,1010,1,1,1,5,4806700,-284400,3,2,2,0,1,1,0,70,1,0,1,0,1,0,4,1,1
200600042599,6,7,4,915,1,2,1,3,4811800,-312000,3,2,0,0,1,0,0,80,1,5,1,0,0,0,1,1,1
200600042601,6,7,25,745,1,2,1,3,4811100,-288600,4,2,2,0,0,1,0,0,1,0,1,0,1,0,1,0,1
200600042602,6,7,27,1545,1,1,1,1,4802600,-291000,3,2,2,0,1,1,0,72,1,0,1,0,0,2,1,0,1
200600042603,6,7,6,400,3,1,1,7,4811400,-365000,4,2,1,0,2,2,0,0,1,0,3,0,0,0,1,0,1
200600042604,6,7,23,830,1,1,1,1,4815700,-357700,3,3,2,0,2,1,0,60,1,0,1,0,1,0,1,0,1
200600042605,6,7,30,530,2,1,5,7,4795300,-335200,3,2,2,0,1,1,0,48,2,0,1,0,1,2,0,0,1
200600042606,6,7,12,1840,1,1,1,1,4928900,-41600,3,2,2,0,1,4,0,55,1,0,1,0,1,0,0,1,1
200600042608,6,7,3,1915,1,1,3,2,4906000,-28600,2,3,4,0,1,1,10,420,2,0,1,0,0,0,1,1,1
200600042609,6,7,18,2200,1,1,1,6,4897200,-24100,9,2,0,0,0,1,0,65,1,0,1,0,2,0,1,0,1
200600042611,6,7,5,1630,1,1,1,7,4912200,-60000,3,2,2,0,1,1,0,0,1,0,3,0,0,0,1,0,1
200600042616,6,7,25,300,3,1,1,6,4893700,-26400,3,2,2,0,1,3,0,0,1,0,0,0,0,0,1,0,1
200600042617,6,7,4,1115,1,1,1,7,4907400,-1200,3,2,2,0,1,1,0,70,1,0,3,0,0,0,1,1,1
200600042618,6,7,8,100,5,1,1,6,4907200,-6500,3,2,2,0,1,2,0,51,1,0,3,0,0,0,3,0,1
200600042621,6,7,9,1945,1,1,1,3,4905400,36700,3,2,0,0,1,1,63,0,1,0,1,0,1,0,1,0,1
200600042623,6,7,22,500,3,1,1,6,4935800,24200,3,2,2,0,1,1,0,59,1,0,3,0,0,1,0,0,1
200600042624,6,7,24,1400,1,2,1,3,4925700,32700,3,2,0,0,1,1,0,38,1,0,1,0,1,0,1,0,1
200600042626,6,7,30,1030,1,1,1,5,4919500,-4600,3,2,0,0,0,3,0,0,2,0,1,0,1,0,2,0,1
200600042629,6,7,3,900,1,1,1,6,4884900,-88400,9,2,2,0,2,1,0,50,1,0,1,0,1,0,1,0,1
200600042631,6,7,26,1745,1,1,1,3,4886000,-87700,3,2,2,0,1,1,0,0,1,0,1,0,0,0,0,2,1
200600042635,6,7,27,2130,1,1,1,1,4889200,-78300,3,2,2,0,1,1,0,52,1,0,1,0,0,0,3,0,1
200600042636,6,7,14,2345,3,1,1,6,4900400,-109000,3,2,2,0,1,1,0,62,1,0,1,0,0,1,0,1,1
200600042637,6,7,20,900,1,1,1,1,4888600,-108600,3,2,0,0,0,4,0,32,8,0,1,0,2,0,1,1,1
200600042638,6,7,23,1815,1,1,1,6,4904500,-121800,3,2,0,0,2,0,0,40,1,0,1,0,1,1,0,0,1
200600042640,6,7,24,830,1,1,1,6,4917900,-99900,3,2,2,0,1,1,0,50,1,0,3,0,0,0,1,0,1
200600042642,6,7,5,1200,1,2,1,3,4868600,-127300,3,2,0,0,1,0,0,60,1,0,1,0,1,0,1,0,1
200600042643,6,7,4,1545,1,1,1,3,4871600,-149700,4,1,0,0,2,1,0,42,0,0,1,3,1,0,1,0,1
200600042644,6,7,7,1500,1,2,2,3,4883900,-140300,3,3,4,0,1,1,33,263,2,5,3,0,0,0,2,0,1
200600042647,6,7,26,2000,1,1,1,3,4875300,-149400,3,2,0,0,1,1,0,62,1,0,1,0,0,0,1,1,1
200600042650,6,7,1,2045,1,1,1,6,4958100,-171100,3,2,2,0,2,1,0,70,1,0,3,0,0,0,1,0,1
200600042653,6,7,13,1630,1,1,1,3,4964800,-150700,3,0,2,0,1,1,0,70,1,0,1,0,0,0,2,0,1
200600042660,6,7,3,1730,1,1,1,3,4936800,-128100,3,1,0,0,1,1,0,38,1,3,1,0,2,0,1,0,1
200600042662,6,7,14,1000,1,1,1,6,4943700,-133600,2,3,2,0,1,1,20,85,0,0,1,0,0,0,2,0,1
200600042663,6,7,17,1300,1,2,1,3,4938900,-163400,3,2,0,0,1,1,0,47,1,0,1,0,1,0,1,0,1
200600042666,6,7,21,500,3,1,1,6,4906900,-154700,3,2,2,0,1,3,0,66,1,0,3,0,1,0,1,0,1
200600042668,6,7,24,1745,1,1,1,3,4904200,-130400,3,2,2,0,2,1,0,80,1,0,1,0,1,0,0,1,1
200600042671,6,7,22,530,2,1,1,1,4921600,-151800,3,2,2,0,1,4,0,72,1,0,1,0,0,0,1,1,1
200600042673,6,7,31,315,3,1,1,6,4871000,-102000,3,2,2,0,1,3,0,60,1,0,3,0,0,0,1,0,1
200600042679,6,7,6,1230,1,1,1,6,4870000,31000,3,2,2,0,2,4,0,70,1,0,3,0,1,0,1,0,1
200600042681,6,7,28,1145,1,1,1,2,4878000,56000,3,2,1,0,1,1,0,56,1,0,1,0,1,0,0,1,1
200600042685,6,7,10,2100,1,1,1,2,4852000,-44500,3,2,2,0,1,1,0,52,1,0,1,0,1,0,1,0,1
200600042695,6,7,28,2330,5,6,1,1,4717400,-148000,4,2,0,2,0,1,0,70,0,5,1,0,0,0,2,0,1
200600042698,6,7,15,900,1,1,1,6,4734700,-134600,3,2,2,0,1,2,100,90,1,0,3,0,0,0,2,1,1
200600042699,6,7,18,1015,1,1,1,1,4767000,-129000,3,2,2,0,1,1,0,69,1,0,1,0,0,1,1,0,1
200600042701,6,7,18,830,1,1,7,5,4763900,-195600,3,2,2,0,1,1,0,64,1,0,1,0,2,2,0,0,1
200600042704,6,7,12,2030,1,1,1,3,4751400,-155700,3,2,2,0,1,1,0,67,1,0,1,0,1,0,1,0,1
200600042707,6,7,24,1545,1,1,1,7,4742000,-163000,3,2,0,0,4,1,0,0,1,0,3,0,1,0,1,1,1
200600042708,6,7,25,1345,1,1,1,7,4745000,-161000,3,2,0,0,0,1,0,0,1,0,1,0,0,0,1,0,1
200600042709,6,7,30,1800,1,1,1,6,4757000,-163400,2,3,4,0,1,1,50,70,1,0,2,0,2,0,2,0,1
200600042710,6,7,3,1845,1,9,1,3,4720400,-173500,4,0,0,0,2,3,0,0,1,0,1,0,1,0,1,0,1
200600042712,6,7,2,1815,1,1,1,2,4712200,-192900,3,2,2,0,0,1,0,60,1,0,1,0,1,0,0,1,1
200600042713,6,7,8,715,1,1,1,4,4712400,-192200,3,2,0,0,1,3,0,72,1,0,1,0,1,1,2,0,1
200600042714,6,7,26,430,3,1,1,6,4711000,-195500,3,2,0,0,0,2,0,0,1,0,1,0,1,0,1,0,1
200600042715,6,7,11,1930,1,1,1,3,4718200,-213100,3,2,2,0,1,2,0,60,1,0,1,0,2,0,1,0,1
200600042716,6,7,26,2015,1,6,1,3,4725900,-216600,9,2,2,0,1,1,0,70,1,5,1,0,1,0,1,0,1
200600042717,6,7,29,1915,1,1,1,1,4721100,-204300,4,2,2,0,0,1,0,70,1,5,1,0,1,0,0,1,1
200600042718,6,7,31,215,3,1,1,1,4711900,-195500,3,2,2,0,1,1,60,0,1,0,1,0,0,0,6,0,1
200600042726,6,7,7,1415,1,1,1,3,4747700,-219900,3,2,2,0,1,1,0,60,1,0,1,0,1,1,0,0,1
200600042729,6,7,13,2030,1,1,1,6,4752300,-204000,3,2,0,0,1,1,0,0,1,0,1,0,1,0,1,0,1
200600042730,6,7,28,1630,1,1,1,6,4752600,-210800,3,2,2,0,4,2,0,60,1,0,3,0,0,0,1,0,1
200600042731,6,7,28,2015,1,1,1,1,4750700,-212700,3,2,0,0,1,1,0,81,1,0,1,0,0,0,2,1,1
200600042735,6,7,9,100,4,1,1,3,4734000,-42800,3,2,2,0,3,1,0,80,1,0,1,0,1,1,0,0,1
200600042737,6,7,26,1930,1,1,1,1,4739000,-43000,3,2,2,0,3,3,0,65,1,0,1,0,4,1,0,0,1
200600042739,6,7,4,1545,1,1,1,3,4751200,-48000,3,2,2,0,2,1,70,0,1,0,1,0,1,0,1,0,1
200600042740,6,7,24,1845,1,1,1,2,4754900,-43400,3,2,2,0,1,1,0,62,1,0,1,0,5,0,1,0,1
200600042746,6,7,8,100,5,1,1,6,4720300,-99500,3,2,2,0,2,3,0,80,1,0,4,0,0,0,1,0,1
200600042747,6,7,17,1915,1,1,1,6,4715300,-75900,9,2,2,0,2,3,0,0,1,0,1,0,1,0,0,1,1
200600042748,6,7,23,30,5,1,1,7,4720400,-99500,3,2,2,0,2,1,0,80,1,0,1,0,0,0,0,1,1
200600042762,6,7,5,1,3,1,3,7,4725400,-1200,2,2,2,0,0,1,0,0,2,0,1,0,1,0,1,1,1
200600042766,6,7,2,1730,1,1,1,7,4746300,-95900,3,2,0,0,3,1,0,40,1,0,3,0,0,0,1,0,1
200600042767,6,7,21,1645,1,2,1,3,4768500,-43700,3,2,0,0,1,0,0,0,1,0,0,0,1,0,1,0,1
200600042769,6,7,6,1830,1,1,1,7,4810800,-29900,3,2,2,0,2,3,0,36,1,0,1,0,1,0,1,0,1
200600042772,6,7,31,2230,2,1,1,6,4784400,-70200,4,2,2,0,1,1,0,38,1,0,3,0,0,0,1,0,1
200600042775,6,7,21,1945,1,1,1,6,4848300,-103200,9,2,3,0,0,0,0,0,0,0,0,0,1,0,1,0,1
200600042777,6,7,17,1345,1,1,7,6,4851200,-41600,3,2,2,0,2,1,0,75,1,2,3,0,1,1,0,0,1
200600042785,6,7,12,1530,1,1,1,3,4789000,9000,3,2,0,0,2,3,0,50,1,0,1,0,1,1,0,0,1
200600042787,6,7,27,1700,1,1,1,6,4770100,-17100,3,2,0,0,4,2,0,50,1,0,1,0,0,0,1,0,1
200600042788,6,7,14,1230,1,1,1,6,4773700,54200,3,2,1,0,0,1,0,80,1,0,1,0,1,0,1,0,1
200600042789,6,7,19,1815,1,1,1,1,4777000,39500,3,2,2,0,0,4,0,35,1,0,1,0,2,0,0,1,1
200600042790,6,7,6,1945,1,1,1,3,4790600,-22000,3,2,2,0,4,1,0,65,1,0,1,0,1,0,1,0,1
200600042791,6,7,29,1830,1,1,1,7,4774100,-10700,4,2,2,0,4,3,0,32,1,0,0,0,0,0,2,0,1
200600042793,6,7,8,15,3,1,1,6,4781100,11100,3,2,0,0,2,3,0,47,1,0,1,0,2,0,1,0,1
200600042798,6,7,30,1315,1,1,1,6,4820500,44800,3,2,2,0,2,2,0,50,9,0,1,0,0,0,1,0,1
200600042803,6,7,11,1215,1,1,1,6,4844900,25600,3,2,2,0,4,3,70,0,1,0,1,0,1,0,1,0,1
200600042807,6,7,8,2130,1,6,1,7,4695100,-135000,3,0,1,0,1,0,0,0,1,0,0,0,0,0,1,0,1
200600042813,6,7,6,830,1,1,2,5,4634000,-90600,3,2,2,0,0,1,0,61,2,0,1,0,1,0,2,0,1
200600042814,6,7,15,1845,1,1,1,3,4641200,-117900,3,2,0,0,1,2,0,60,1,0,1,0,1,0,1,2,1
200600042815,6,7,17,1145,1,1,1,3,4645000,-126600,3,2,0,0,1,1,0,60,1,0,1,0,2,0,1,1,1
200600042819,6,7,21,2330,3,1,1,1,4664100,-72300,3,2,0,0,2,4,0,60,1,0,1,0,3,0,2,4,1
200600042820,6,7,1,1000,1,2,1,3,4689100,-188700,3,2,2,0,1,1,0,60,1,0,1,0,1,1,4,0,1
200600042844,6,7,27,1330,1,1,1,6,4512000,-37000,2,3,2,0,1,1,30,110,1,0,1,0,0,1,2,0,1
200600042845,6,7,19,1600,1,1,3,3,4493800,-54400,3,2,2,0,1,1,0,70,2,0,1,0,1,0,1,0,1
200600042846,6,7,23,1900,1,1,1,7,4496900,-47200,3,2,2,0,1,1,0,60,1,0,1,0,0,0,2,0,1
200600042847,6,7,15,2300,5,6,1,3,4477900,-34600,3,1,0,0,1,2,0,0,1,0,1,0,1,0,1,0,1
200600042850,6,7,5,1215,1,1,1,3,4455000,-31000,3,2,0,0,1,1,0,70,1,5,1,0,0,0,1,1,1
200600042851,6,7,16,2245,3,1,1,7,4465000,-34000,3,2,2,0,1,1,0,70,1,2,1,0,0,0,1,0,1
200600042852,6,7,31,1200,1,1,1,7,4461000,-32000,3,2,2,0,1,1,0,50,1,0,1,0,0,0,1,0,1
200600042853,6,7,8,1415,1,1,1,6,4455900,-24700,3,1,2,0,1,2,0,60,1,0,1,0,1,0,1,1,1
200600042854,6,7,12,1715,1,1,1,6,4455000,-35500,4,2,2,0,1,1,0,50,1,5,1,0,0,0,1,0,1
200600042855,6,7,1,815,1,1,1,1,4437000,-24000,2,2,2,0,1,3,0,68,1,0,1,0,0,0,1,3,1
200600042856,6,7,12,1000,1,1,1,3,4446700,-30200,3,2,2,0,1,1,0,110,1,5,1,0,0,0,2,0,1
200600042858,6,7,28,700,1,1,1,6,4429300,-25600,2,0,0,0,1,2,0,72,1,0,1,0,0,0,1,0,1
200600042860,6,7,24,915,1,9,1,3,4443000,-48700,3,2,0,0,1,1,0,58,1,0,1,0,0,0,0,2,1
200600042864,6,7,1,1845,1,1,1,6,4507800,-79100,2,2,2,0,2,1,10,80,1,0,1,0,2,0,1,0,1
200600042865,6,7,31,600,2,1,1,3,4505300,-79700,2,2,2,0,1,1,0,0,1,0,1,0,1,0,1,0,1
200600042866,6,7,30,1515,3,1,1,6,4523600,-86200,4,2,0,0,1,2,0,52,1,0,3,0,0,0,1,0,1
200600042867,6,7,22,2000,1,1,1,1,4543700,-104800,2,2,2,0,1,1,0,0,1,5,1,0,2,0,1,2,1
200600042870,6,7,29,1545,1,1,1,3,4482200,-25300,3,2,3,0,1,1,0,0,1,5,1,0,5,0,1,0,1
200600042873,6,7,24,145,5,6,1,6,4492000,-34300,3,3,2,0,1,1,60,0,1,0,1,0,0,0,1,0,1
200600042884,6,7,3,30,3,1,1,6,4463000,84000,3,3,0,0,1,1,5,69,1,0,1,0,0,1,0,0,1
200600042889,6,7,18,1900,1,1,1,1,4524900,35400,4,2,0,0,0,1,0,44,1,0,1,0,1,1,0,0,1
200600042890,6,7,11,1530,1,1,1,1,4502900,37500,3,2,2,0,1,3,0,62,1,0,1,0,1,1,1,0,1
200600042893,6,7,31,215,3,1,1,3,4484200,111900,3,2,2,0,1,1,0,66,1,0,1,0,0,0,1,1,1
200600042894,6,7,27,1530,1,1,1,1,4392300,-60400,3,2,0,0,0,2,0,0,1,0,1,0,1,0,1,0,1
200600042899,6,7,7,1700,1,1,1,3,4382700,-125800,3,2,2,0,0,1,0,60,1,5,1,0,1,0,1,0,1
200600042900,6,7,16,1645,1,1,1,3,4403000,-128200,3,2,2,0,1,3,0,62,1,0,1,0,1,1,0,0,1
200600042901,6,7,5,1645,1,1,1,5,4355000,-110300,2,2,2,0,1,1,0,75,1,0,1,0,1,0,0,2,1
200600042902,6,7,10,1015,1,1,1,6,4357800,-114300,3,0,2,0,2,1,0,88,1,0,3,0,0,2,0,2,1
200600042903,6,7,10,1115,1,1,1,1,4355000,-103500,2,2,0,0,3,1,0,65,1,0,1,0,2,0,2,1,1
200600042904,6,7,25,2300,3,1,1,6,4354800,-100100,3,2,2,0,2,2,0,0,1,0,3,0,0,0,2,0,1
200600042905,6,7,1,430,3,1,1,7,4363500,-136600,2,2,1,3,1,1,0,0,1,0,1,0,0,1,0,0,1
200600042908,6,7,13,1715,1,1,1,3,4368000,-138400,3,2,2,0,1,1,0,59,1,0,1,0,1,0,1,0,1
200600042909,6,7,14,1700,3,1,1,6,4366700,-138100,3,2,2,0,2,1,0,68,1,0,3,0,1,0,0,1,1
200600042910,6,7,28,630,3,1,2,6,4372700,-141400,3,2,2,0,4,2,0,61,2,0,3,0,0,1,3,0,1
200600042916,6,7,9,130,5,1,1,6,4433500,-58700,3,2,2,0,1,2,0,51,1,0,3,0,0,0,2,0,1
200600042921,6,7,12,1200,1,1,1,6,4366800,-50100,3,2,2,0,2,2,0,50,1,0,3,0,0,0,2,0,1
200600042931,6,7,15,2030,1,1,1,7,4438000,10600,3,2,2,0,1,1,0,70,1,0,1,0,0,0,2,0,1
200600042932,6,7,17,1945,1,1,1,1,4455200,8400,2,2,2,0,1,1,0,80,1,0,1,0,1,0,1,0,1
200600042934,6,7,19,1930,1,1,1,1,4451000,22000,3,2,0,0,1,1,0,70,1,0,1,3,1,0,1,0,1
200600042937,6,7,15,1930,1,1,1,7,4458800,43600,3,2,2,0,3,2,0,57,1,0,1,0,2,0,1,0,1
200600042942,6,7,30,400,3,1,1,6,4434400,5000,3,2,2,0,2,1,0,55,1,0,3,0,0,0,1,0,1
200600042953,6,7,18,2115,1,1,1,6,4318000,-24000,3,2,2,0,1,3,0,68,1,0,1,0,0,1,0,0,1
200600042956,6,7,15,1300,1,1,1,6,4317100,-121700,3,2,0,0,1,1,0,110,1,0,1,0,1,0,1,0,1
200600042959,6,7,7,1700,1,1,1,2,4349000,-76000,2,2,2,0,1,1,20,66,1,0,1,0,1,0,1,0,1
200600042963,6,7,8,1845,1,1,1,1,4656400,26400,3,2,2,0,0,1,0,0,1,0,1,0,1,0,4,0,1
200600042964,6,7,13,830,1,1,1,5,4652300,48200,3,2,2,0,1,1,0,57,1,0,1,0,2,0,1,0,1
200600042969,6,7,26,1545,1,1,1,1,4630300,18200,4,2,2,0,1,1,0,68,1,0,1,0,1,0,2,0,1
200600042975,6,7,18,1045,1,1,1,7,4682500,79800,4,2,0,0,2,3,0,36,1,0,3,0,0,0,1,0,1
200600042977,6,7,1,330,3,1,1,1,4634900,79600,2,2,2,0,1,1,0,72,1,0,1,0,0,2,3,0,1
200600042978,6,7,2,1515,1,1,1,5,4632200,82400,2,2,2,0,1,1,0,76,1,0,1,0,6,0,2,2,1
200600042979,6,7,22,1100,1,1,1,6,4642300,85400,3,2,2,0,1,1,0,62,1,0,1,0,0,0,1,0,1
200600042982,6,7,10,2100,1,1,1,7,4642300,63200,3,2,2,0,1,1,0,48,1,0,3,0,0,0,1,1,1
200600042983,6,7,2,945,1,1,1,3,4645200,98500,3,2,2,0,1,1,0,64,1,5,1,0,2,0,1,0,1
200600042984,6,7,24,1645,1,1,1,4,4545600,-15400,2,3,4,3,1,1,10,160,1,0,1,0,2,5,1,0,1
200600042988,6,7,6,1715,1,1,2,6,4601500,8600,3,2,2,0,1,1,0,65,2,0,3,0,0,1,0,0,1
200600042993,6,7,8,445,2,1,1,2,4620500,-102800,2,3,4,0,1,1,30,70,1,0,1,0,1,0,2,0,1
200600043007,6,7,22,1430,1,1,7,1,4530800,-23300,2,2,2,0,1,1,0,59,1,0,1,0,1,0,2,0,1