Num_Acc,an,mois,jour,hrmn,lum,int,atm,col,lat,long,catr,circ,nbv,vosp,prof,plan,lartpc,larrout,surf,infra,situ,env1,unscathed,killed,hospital,light,chance
200600043626,6,7,12,1345,1,1,1,1,4839400,658900,3,2,2,0,1,1,0,66,1,0,1,0,1,0,1,0,1
200600043627,6,7,5,1315,1,1,1,6,4825000,567600,3,2,2,0,1,1,0,0,1,0,1,0,1,0,1,0,1
200600043631,6,7,4,745,1,1,1,1,4820000,608900,3,2,2,0,0,1,0,76,1,0,1,0,1,0,0,1,1
200600043632,6,7,8,2130,2,1,1,6,4820700,596700,3,2,2,0,1,2,0,60,1,0,4,0,1,0,1,0,1
200600043633,6,7,28,900,1,1,1,6,4818700,589500,3,2,0,0,0,1,0,50,1,0,1,3,1,0,1,0,1
200600043642,6,7,28,1115,1,1,1,1,4825100,673100,3,2,2,0,1,3,0,75,1,0,1,0,15,0,9,1,1
200600043644,6,7,11,2015,1,1,1,1,4836700,758600,4,2,2,0,1,3,0,70,1,0,4,0,1,0,1,0,1
200600043645,6,7,14,1815,1,1,1,7,4838100,759400,3,2,2,0,1,2,0,60,1,5,1,0,0,0,1,0,1
200600043646,6,7,15,425,5,1,1,6,4834100,754200,2,3,0,3,1,1,0,68,1,0,1,0,0,0,1,0,1
200600043647,6,7,1,2040,1,1,1,7,4846000,771900,3,2,2,0,1,2,24,69,1,0,1,0,1,0,1,0,1
200600043649,6,7,26,430,2,1,1,6,4877500,774200,9,2,2,0,1,1,0,60,1,0,4,0,0,0,1,0,1
200600043650,6,7,25,1100,1,2,1,1,4879400,769900,4,2,2,0,1,1,0,60,1,0,1,0,2,0,2,0,1
200600043653,6,7,15,1800,1,2,7,3,4854200,749900,3,2,2,0,1,1,10,110,1,5,1,0,1,0,1,0,1
200600043654,6,7,21,2130,5,1,1,3,4854700,748900,4,0,2,0,0,1,0,50,0,0,1,0,1,0,1,0,1
200600043659,6,7,25,1745,1,1,7,6,4862500,749700,4,2,0,0,1,1,0,0,1,0,1,0,1,0,0,1,1
200600043660,6,7,5,1715,1,1,1,5,4885100,761200,4,2,0,0,1,1,0,50,1,0,1,0,2,0,0,1,1
200600043671,6,7,22,2015,1,1,1,7,4868200,770000,3,2,0,0,0,3,0,65,1,0,3,0,0,0,1,0,1
200600043672,6,7,11,1830,1,1,1,1,4877900,762400,3,2,0,0,1,1,0,63,1,0,1,0,1,0,1,0,1
200600043673,6,7,1,1530,1,6,1,6,4868300,750700,3,2,2,0,1,3,0,70,1,5,1,0,0,0,0,1,1
200600043675,6,7,11,1845,1,1,1,1,4859400,767400,4,2,2,0,1,1,0,70,1,0,1,0,1,0,1,0,1
200600043677,6,7,21,1745,1,1,1,2,4834600,744400,2,2,2,0,0,0,0,0,1,0,1,0,2,0,1,1,1
200600043678,6,7,13,1715,1,1,1,1,4833400,727600,3,2,2,0,2,3,0,52,1,0,1,0,1,1,0,0,1
200600043679,6,7,16,1445,1,1,1,6,4836900,723200,3,2,0,0,0,2,0,60,1,0,1,0,1,0,2,1,1
200600043680,6,7,3,1115,1,1,1,1,4901300,793300,4,2,2,0,0,0,0,0,1,0,1,3,1,0,1,0,1
200600043681,6,7,7,1200,1,1,1,7,4902400,791700,4,2,0,0,1,1,0,65,1,0,4,0,0,0,1,0,1
200600043682,6,7,10,2030,1,1,1,2,4885600,810300,3,2,2,0,1,1,0,71,1,0,1,0,1,1,0,0,1
200600043683,6,7,8,1745,1,1,1,6,4903100,789300,3,2,2,0,2,4,0,60,1,0,3,0,0,0,1,0,1
200600043684,6,7,19,1230,1,1,1,6,4894200,788300,3,2,0,0,0,1,0,0,1,0,1,0,1,0,1,0,1
200600043685,6,7,9,1430,1,1,1,1,4902200,778000,3,2,2,0,1,3,0,63,1,0,3,0,0,0,0,2,1
200600043689,6,7,18,2000,2,1,1,1,4805600,710700,3,2,0,0,2,1,0,0,1,0,1,0,1,0,0,1,1
200600043690,6,7,5,15,3,1,1,6,4810700,753500,3,2,0,0,1,1,0,0,1,0,3,0,0,0,1,0,1
200600043692,6,7,18,1930,1,1,1,6,4813700,757500,3,2,2,0,1,1,0,70,1,0,1,0,1,0,1,0,1
200600043693,6,7,18,1700,1,1,1,1,4811200,747200,3,2,0,0,0,2,0,116,1,0,1,0,0,0,2,0,1
200600043694,6,7,2,600,1,1,1,7,4818600,734100,3,2,1,0,1,3,0,63,1,0,3,0,0,0,4,0,1
200600043695,6,7,13,1145,1,1,1,3,4815000,732300,4,2,0,0,0,1,0,60,1,0,1,0,1,0,1,0,1
200600043696,6,7,17,1915,1,1,1,7,4823600,738100,3,2,0,0,1,1,0,74,9,0,3,0,1,0,1,0,1
200600043699,6,7,13,2045,2,1,1,7,4750200,717100,3,2,2,0,2,4,0,65,1,0,0,0,0,0,1,2,1
200600043702,6,7,26,1530,1,1,1,3,4794000,723400,3,2,2,0,0,1,0,60,1,5,1,0,2,0,1,0,1
200600043703,6,7,7,1000,1,2,1,3,4787300,736100,3,2,2,0,1,1,0,80,1,5,1,0,1,0,1,0,1
200600043705,6,7,18,1345,1,1,1,1,4795800,728800,4,2,0,0,2,3,0,30,1,0,1,0,1,0,0,1,1
200600043706,6,7,24,2000,1,1,1,2,4784200,722700,2,3,4,0,1,1,20,74,1,0,1,0,1,0,1,0,1
200600043708,6,7,30,1530,1,1,1,1,4772200,729300,3,2,0,0,2,1,0,76,1,0,1,0,0,0,1,0,1
200600043709,6,7,17,1515,1,1,1,1,4759400,754900,3,2,3,0,3,1,0,118,1,3,1,0,1,0,1,0,1
200600043710,6,7,27,730,1,3,1,1,4764100,753100,9,2,1,0,1,1,0,28,1,2,1,0,1,0,1,0,1
200600043715,6,7,29,415,2,1,1,7,4893200,422100,3,2,2,0,0,0,0,74,1,0,3,0,0,0,1,0,1
200600043716,6,7,19,1930,1,1,1,3,4913400,432800,3,2,2,0,1,3,0,77,1,0,1,0,1,0,1,0,1
200600043719,6,7,30,1045,1,1,1,2,4875000,396600,3,3,2,0,1,1,30,310,1,5,1,0,3,0,0,1,1
200600043720,6,7,30,1200,1,1,1,7,4873800,422100,2,3,4,0,1,1,10,72,1,0,2,0,0,0,1,1,1
200600043721,6,7,5,630,1,1,8,6,4863400,364900,3,2,2,0,1,3,0,0,2,0,3,0,1,0,1,0,1
200600043722,6,7,23,1630,1,1,1,6,4866000,369000,4,2,2,0,4,3,0,45,1,0,3,0,0,0,1,0,1
200600043724,6,7,1,1615,1,1,1,2,4926400,395900,3,2,0,0,1,1,0,0,1,5,1,0,1,0,1,0,1
200600043725,6,7,4,800,1,1,1,3,4920900,392000,3,2,0,0,0,3,0,0,1,5,1,0,1,0,1,2,1
200600043726,6,7,21,1630,1,1,1,6,4927300,392100,9,1,1,0,2,3,0,73,1,3,3,0,0,0,1,0,1
200600043729,6,7,28,1515,1,1,1,5,4871600,464300,2,2,2,0,1,1,0,73,1,0,1,0,0,0,3,4,1
200600043730,6,7,8,1000,1,1,1,7,4876900,490400,3,2,0,0,3,1,0,60,1,0,3,0,1,0,1,0,1
200600043732,6,7,27,1915,1,1,1,7,4858000,453500,3,2,2,0,1,2,0,70,1,0,3,0,0,0,1,0,1
200600043734,6,7,1,2130,2,1,1,3,4987800,480000,3,2,2,0,1,4,0,73,1,0,1,0,4,0,1,0,1
200600043740,6,7,5,1800,1,1,1,1,4967700,502600,3,2,0,0,1,0,73,0,1,0,1,0,1,0,1,0,1
200600043741,6,7,6,1315,1,1,1,6,4961900,451900,3,2,2,0,1,2,0,70,1,0,3,0,0,0,1,1,1
200600043742,6,7,8,1715,1,1,1,6,4820100,400300,2,2,2,0,0,1,0,73,1,0,3,0,0,0,1,0,1
200600043748,6,7,23,2115,2,1,1,1,4824600,437300,2,2,2,0,2,2,0,76,1,0,1,0,1,0,2,0,1
200600043750,6,7,11,1330,1,3,1,3,4824200,447100,4,2,0,0,2,1,0,38,1,0,1,0,1,0,1,0,1
200600043753,6,7,29,2245,3,1,1,6,4818000,467000,3,2,2,0,4,3,0,43,1,0,3,0,0,1,1,0,1
200600043755,6,7,14,400,3,1,1,6,4849900,457400,3,2,2,0,1,3,0,60,1,0,3,0,0,0,1,0,1
200600043756,6,7,19,930,1,1,1,3,4839500,453300,3,2,2,0,1,1,30,173,1,5,1,0,1,0,1,0,1
200600043757,6,7,16,2200,3,1,1,6,4804800,454800,3,2,0,0,2,3,0,50,1,0,3,0,0,0,1,0,1
200600043758,6,7,16,1315,1,1,1,1,4799800,437000,9,2,0,0,1,2,0,0,1,0,1,0,1,0,1,0,1
200600043759,6,7,25,800,1,1,1,3,4813100,436000,2,2,2,0,1,1,41,90,1,5,1,0,1,0,1,0,1
200600043761,6,7,23,1945,1,1,1,7,4803100,506100,3,2,2,0,1,3,0,60,1,0,3,0,0,0,1,0,1
200600043762,6,7,26,1830,1,1,1,6,4814200,507800,2,2,2,0,1,1,0,79,1,0,3,0,0,1,0,0,1
200600043763,6,7,1,1545,1,1,1,7,4818800,544700,4,2,2,0,3,1,0,40,1,0,3,0,0,0,1,0,1
200600043770,6,7,2,30,3,1,1,3,4799700,555000,3,2,0,0,2,2,0,67,1,2,1,0,3,0,5,0,1
200600043771,6,7,2,1200,1,9,1,1,4794400,579500,3,3,0,0,0,1,0,70,1,5,1,0,1,0,1,0,1
200600043772,6,7,1,1845,1,1,1,1,4782300,546400,3,2,1,0,2,3,0,51,1,0,1,0,1,1,0,0,1
200600043775,6,7,16,815,2,1,1,7,4852500,510500,3,2,0,0,1,2,0,50,1,0,3,0,0,0,1,0,1
200600043776,6,7,17,900,1,1,1,7,4855400,507600,3,2,0,0,1,3,47,0,1,0,1,3,0,0,1,0,1
200600043777,6,7,12,1400,1,1,1,3,4844300,514400,4,2,2,0,1,1,0,18,1,0,1,0,2,0,0,1,1
200600043778,6,7,19,515,2,1,1,7,4846300,514000,3,2,2,0,1,1,0,105,1,0,4,0,0,0,1,0,1
200600043781,6,7,5,545,2,1,1,7,4728100,451200,1,1,0,0,0,1,30,70,1,0,3,0,0,1,0,0,1
200600043783,6,7,4,1745,1,1,1,5,4734800,513100,3,3,4,3,1,1,10,60,1,0,1,0,1,0,1,1,1
200600043785,6,7,7,1245,1,1,1,1,4754400,513100,3,2,2,0,0,3,0,0,1,0,3,0,0,0,2,0,1
200600043786,6,7,12,1345,1,8,1,2,4751500,517200,3,2,0,0,1,1,0,72,1,4,1,0,0,0,1,1,1
200600043788,6,7,3,800,1,1,1,3,4698100,476900,3,2,0,0,1,1,0,90,1,0,1,0,1,0,1,0,1
200600043789,6,7,3,1715,1,1,1,3,4701200,479800,3,2,0,0,1,1,0,73,1,0,1,0,2,0,1,0,1
200600043790,6,7,5,1800,1,1,1,3,4700300,478600,4,2,0,0,1,1,0,20,1,0,1,0,1,0,1,0,1
200600043792,6,7,13,2100,1,1,1,7,4701000,492000,3,2,2,0,1,2,0,71,1,0,3,0,0,0,1,0,1
200600043793,6,7,23,1330,1,1,1,1,4701100,471000,3,2,2,0,2,3,0,62,9,0,1,0,2,0,1,0,1
200600043794,6,7,27,1745,1,2,1,1,4700900,479600,3,2,0,0,1,1,0,69,1,0,1,0,1,0,1,0,1
200600043796,6,7,26,2045,1,1,1,7,4752300,489300,3,2,2,0,1,1,0,50,1,0,1,0,1,0,1,0,1
200600043797,6,7,9,1945,1,1,1,1,4768000,449400,3,2,2,0,2,2,0,48,1,0,1,0,0,0,2,0,1
200600043798,6,7,12,2330,3,1,1,7,4765400,486500,3,2,1,0,3,2,0,62,1,0,3,0,0,1,0,0,1
200600043803,6,7,15,845,1,1,1,6,4695100,331300,3,2,2,0,1,1,0,51,1,0,0,0,0,0,1,0,1
200600043804,6,7,25,1345,1,1,1,2,4700000,339400,3,2,2,0,1,1,0,65,1,0,1,0,1,0,1,0,1
200600043806,6,7,16,515,2,1,1,7,4674100,342200,3,2,2,0,0,2,0,51,1,0,1,0,0,0,1,1,1
200600043809,6,7,17,1100,1,1,1,7,4703600,407300,3,2,2,0,2,2,0,72,1,0,3,0,0,0,1,0,1
200600043811,6,7,21,1230,1,1,1,1,4731000,337000,3,2,3,0,3,3,0,90,1,0,1,0,1,0,1,0,1
200600043812,6,7,30,1245,1,1,1,7,4719900,393900,3,2,2,0,4,4,0,60,9,0,1,0,0,0,1,0,1
200600043814,6,7,13,2045,1,1,1,6,4715000,340300,3,2,2,0,1,1,0,56,1,0,3,0,0,0,1,0,1
200600043816,6,7,19,1700,1,3,1,3,4623000,478000,2,2,3,0,0,1,27,110,1,5,1,0,1,0,1,0,1
200600043817,6,7,7,1730,1,1,1,3,4633000,455000,3,2,2,0,1,1,0,65,1,0,1,0,2,0,0,1,1
200600043819,6,7,23,400,5,1,1,1,4633000,469000,3,2,2,0,1,1,0,65,1,0,1,0,2,0,2,0,1
200600043820,6,7,6,2230,5,1,8,3,4656200,491600,2,2,0,0,2,3,0,0,8,0,1,0,2,0,2,0,1
200600043822,6,7,26,2145,2,1,1,2,4641900,487800,2,2,3,0,1,1,0,127,1,0,1,0,1,1,0,0,1
200600043824,6,7,29,345,3,1,1,7,4672300,409300,3,2,2,0,2,1,0,73,1,0,3,0,0,0,1,0,1
200600043827,6,7,30,1015,1,1,1,1,4688800,470200,3,2,2,0,3,3,0,54,1,0,1,0,1,1,0,0,1
200600043834,6,7,18,1415,1,1,1,3,4620300,430700,3,2,2,0,0,1,0,0,1,0,1,0,2,0,0,2,1
200600043836,6,7,27,1015,1,1,1,7,4650100,391700,3,2,2,0,1,4,0,0,1,0,1,0,0,0,1,0,1
200600043846,6,7,9,1845,1,1,1,6,4654500,503600,3,2,2,0,2,1,0,65,1,0,3,0,0,0,0,3,1
200600043851,6,7,5,845,1,1,1,7,4766100,349800,2,2,2,0,0,2,0,70,1,0,3,0,0,0,1,0,1
200600043852,6,7,24,1945,1,1,1,6,4797400,380800,3,2,2,0,1,1,0,80,1,0,3,0,0,0,2,0,1
200600043854,6,7,29,45,3,1,1,7,4783000,378800,3,2,0,0,1,1,0,60,1,0,3,0,0,0,1,0,1
200600043858,6,7,26,2000,1,1,1,7,4746800,377200,3,2,2,0,0,4,0,45,1,0,3,0,0,0,2,0,1
200600043859,6,7,3,1045,1,1,1,3,4798700,341200,3,2,2,0,1,1,0,70,1,0,1,0,1,0,1,0,1
200600043863,6,7,10,1800,1,9,1,1,4797200,353200,3,2,0,0,1,1,0,60,1,0,1,0,0,0,2,0,1
200600043865,6,7,16,600,1,1,1,1,4814600,330500,2,2,0,0,1,1,0,0,1,0,1,0,0,2,3,0,1
200600043866,6,7,16,1330,1,9,1,3,4827100,353500,3,2,2,0,1,1,0,0,1,0,1,0,2,0,0,1,1
200600043867,6,7,21,1300,1,1,1,3,4821700,326600,3,2,2,0,2,1,0,30,1,0,1,0,1,0,0,1,1
200600043870,6,7,1,1130,1,1,1,5,4819600,295600,4,2,1,0,1,1,0,33,1,0,1,0,1,0,2,0,1
200600043873,6,7,27,1,3,1,2,6,4819100,307000,3,0,2,0,1,1,0,74,2,0,1,0,0,0,1,0,1
200600043879,6,7,17,930,1,1,1,3,4754900,684900,3,2,2,0,0,1,0,62,1,0,1,0,1,0,1,0,1
200600043880,6,7,23,2130,2,1,1,1,4745500,680300,2,2,2,2,1,1,0,81,1,0,5,0,2,0,2,0,1
200600043883,6,7,17,2015,1,1,1,7,4749900,642900,3,2,2,0,2,1,0,53,1,0,3,0,0,1,0,0,1
200600043888,6,7,16,1900,1,1,1,1,4679700,635700,3,2,2,0,2,3,0,72,1,3,1,0,3,0,1,0,1
200600043892,6,7,17,715,1,1,1,1,4682600,553400,3,2,2,0,1,1,0,56,1,0,1,0,0,1,0,1,1
200600043893,6,7,2,1115,1,1,1,1,4673200,589200,3,2,2,0,4,1,0,44,1,0,1,0,3,0,1,0,1
200600043894,6,7,13,1845,1,1,1,1,4690200,574000,2,2,2,0,2,1,0,75,1,0,1,0,0,0,0,4,1
200600043895,6,7,25,2030,1,2,1,3,4683900,570800,2,1,0,0,2,1,0,50,1,0,1,0,2,0,1,0,1
200600043901,6,7,13,1315,1,1,1,1,4715400,566200,4,2,2,0,1,3,0,52,1,0,1,0,1,0,1,0,1
200600043903,6,7,9,1145,1,1,1,1,4657100,593700,3,2,2,0,0,3,0,70,1,0,1,0,1,0,1,0,1
200600043907,6,7,25,1700,1,2,1,3,4775600,575600,2,2,2,0,2,1,0,73,1,0,1,3,1,1,3,0,1
200600043911,6,7,19,815,1,1,1,1,4769300,673800,3,2,2,0,1,1,0,0,1,0,1,0,1,0,1,0,1
200600043915,6,7,5,1830,1,1,1,7,4781400,635300,3,2,2,0,1,1,0,70,1,0,3,0,0,0,1,0,1
200600043916,6,7,11,1630,1,1,1,5,4786800,638200,2,2,2,0,2,2,0,69,1,0,1,0,2,0,1,4,1
200600043918,6,7,30,1200,1,9,1,1,4743000,559000,3,2,2,0,0,1,0,63,1,0,1,0,1,0,2,0,1
200600043920,6,7,7,2300,3,6,2,7,4760600,681800,2,1,1,0,1,2,200,93,2,5,1,0,0,0,1,0,1
200600043923,6,7,29,800,1,1,1,4,4532700,481300,1,3,3,0,1,1,50,105,1,0,1,0,26,0,0,1,1
200600043926,6,7,1,1845,1,1,1,6,4342700,548100,3,2,2,0,2,1,0,70,1,0,1,0,1,0,1,0,1
200600043930,6,7,1,2200,3,1,1,7,4345000,567300,4,2,1,0,1,1,0,35,1,0,1,0,0,0,1,0,1
200600043935,6,7,15,845,1,1,1,3,4388800,485200,3,2,2,0,1,1,0,68,1,0,1,0,2,0,1,0,1
200600043936,6,7,29,2230,3,1,1,1,4388100,489900,4,2,2,0,1,0,0,40,1,0,1,0,1,0,2,0,1
200600043937,6,7,16,1500,1,1,1,7,4360500,476200,3,2,2,0,0,3,0,70,1,5,3,0,3,0,1,0,1
200600043940,6,7,13,1930,1,3,1,5,4322200,554200,4,2,2,0,0,3,0,68,1,0,1,0,2,0,1,0,1
200600043941,6,7,17,2330,3,1,1,1,4323800,558900,3,2,2,0,2,4,0,66,1,0,1,0,1,0,2,1,1
200600043946,6,7,6,715,1,1,1,6,4412900,628100,3,2,2,0,1,1,78,0,0,2,3,0,0,0,0,1,1
200600043949,6,7,9,1500,1,1,1,6,4402400,620900,2,2,3,0,0,3,0,0,1,0,1,0,0,0,1,0,1
200600043951,6,7,14,1415,1,1,1,6,4440100,648500,3,3,2,0,2,1,20,40,1,0,3,0,0,1,0,0,1
200600043952,6,7,21,645,1,1,1,7,4445000,639400,3,2,2,0,2,3,0,68,1,0,3,0,0,1,0,0,1
200600043953,6,7,16,1315,1,1,1,1,4382800,657500,2,2,2,0,2,2,0,66,1,0,1,0,1,1,0,0,1
200600043955,6,7,31,1500,1,1,1,6,4393700,679300,3,2,2,0,2,2,0,38,1,0,1,0,0,0,1,1,1
200600043957,6,7,1,1915,1,2,1,3,4392100,578600,3,0,0,0,0,0,0,0,1,0,0,0,1,0,0,2,1
200600043958,6,7,1,1515,3,1,1,1,4386700,567600,2,2,2,0,2,1,0,70,1,0,1,0,3,1,1,2,1
200600043959,6,7,19,2100,2,1,1,3,4389800,587600,2,3,2,0,0,1,0,0,0,0,0,0,1,0,1,0,1
200600043960,6,7,22,1630,1,1,1,1,4389700,586100,4,2,0,0,0,1,0,40,1,0,1,0,0,0,1,2,1
200600043961,6,7,25,2000,1,6,1,3,4389800,587000,4,2,0,0,0,0,0,0,1,5,1,0,1,0,1,0,1
200600043962,6,7,26,745,2,1,1,7,4389100,572100,2,2,0,0,1,2,0,60,1,0,1,0,0,0,1,0,1
200600043963,6,7,19,2315,3,1,1,6,4399300,565100,3,2,2,0,1,3,0,63,1,0,3,0,3,0,0,1,1
200600043965,6,7,3,1745,1,1,3,5,4428600,584900,2,2,2,0,1,3,0,80,2,0,1,0,5,0,1,0,1
200600043971,6,7,22,15,3,1,1,6,4456300,595400,3,2,0,0,0,2,0,70,1,2,3,0,0,0,1,1,1
200600043975,6,7,27,1745,1,1,1,3,4491700,667300,2,2,0,0,3,1,0,132,1,5,1,0,3,0,1,0,1
200600043981,6,7,9,615,2,1,1,1,4458200,612500,2,2,0,0,3,3,0,0,1,0,1,0,1,0,1,0,1
200600043982,6,7,12,1615,1,1,1,2,4457700,617500,3,2,0,0,1,1,0,74,1,0,1,0,1,0,1,0,1
200600043983,6,7,13,1525,1,1,1,5,4453400,636600,3,2,2,0,1,1,0,74,1,0,1,0,4,0,1,1,1
200600043985,6,7,22,1500,1,1,1,6,4455800,624200,2,2,2,0,1,1,0,71,1,0,3,3,0,0,2,0,1
200600043986,6,7,7,1045,1,6,1,3,4466400,664900,3,2,2,0,1,3,0,0,1,5,1,0,1,0,1,0,1
200600043992,6,7,15,530,4,1,1,6,4396000,727300,3,2,2,0,2,4,0,65,1,0,3,0,0,0,1,1,1
200600043998,6,7,8,1600,1,9,1,3,4363900,713000,3,2,2,0,1,1,0,40,1,5,1,0,1,0,1,1,1
200600044001,6,7,23,400,5,1,1,6,4354000,694600,4,3,1,0,1,3,0,0,1,0,1,0,1,0,1,0,1
200600044007,6,7,9,1200,1,1,1,6,4412500,756800,3,2,2,0,2,3,0,0,8,0,1,0,0,0,1,0,1
200600044008,6,7,30,2015,1,1,1,6,4392300,751900,3,2,2,0,1,3,0,0,1,0,1,0,0,0,1,0,1
200600044010,6,7,1,1615,1,1,1,6,4407000,720000,3,2,2,0,0,2,60,0,1,0,1,0,0,0,1,0,1
200600044011,6,7,29,2300,3,1,1,6,4397100,715200,3,2,0,0,1,1,0,70,1,0,1,0,0,0,1,0,1
200600044022,6,7,16,1145,1,1,1,1,4354400,614900,3,2,0,0,2,3,0,60,1,0,1,0,5,0,2,0,1
200600044031,6,7,9,1915,1,1,1,5,4346700,664800,2,2,2,0,1,1,0,71,1,0,0,0,1,1,0,5,1
200600044048,6,7,10,1830,1,1,1,1,4325300,658200,4,2,2,0,1,0,0,45,1,0,1,0,1,0,1,1,1
200600044050,6,7,20,2030,1,1,1,3,4326700,660700,3,2,2,0,1,1,0,71,1,0,1,0,1,0,1,0,1
200600044052,6,7,27,1900,1,1,1,1,4326800,662700,3,2,2,0,1,1,0,80,1,0,1,0,1,0,1,1,1
200600044054,6,7,30,2300,1,1,1,6,4323000,614300,3,2,1,0,2,1,0,60,1,0,1,3,0,0,0,1,1
200600044055,6,7,24,1715,1,1,1,3,4313600,604600,2,2,0,3,1,2,0,94,1,0,1,0,1,1,0,0,1
200600044063,6,7,30,1400,1,1,1,1,4316200,573300,3,2,2,0,2,1,0,60,1,0,1,0,4,0,2,0,1
200600044066,6,7,15,1415,1,3,1,3,4317000,604000,2,2,0,0,1,1,0,73,1,0,1,0,1,0,1,0,1
200600044072,6,7,22,1745,1,1,1,3,4389300,504300,3,2,2,0,1,1,0,68,1,0,1,0,1,0,1,0,1
200600044075,6,7,12,1915,1,1,8,3,4395800,486400,9,2,1,0,1,1,0,36,1,0,1,0,1,1,0,0,1
200600044077,6,7,25,1610,1,1,1,7,4375200,536400,3,0,1,0,1,4,0,0,1,0,1,0,0,0,1,0,1
200600044083,6,7,14,1745,1,1,7,1,4395100,502900,3,2,2,1,1,1,0,108,1,0,1,0,1,0,1,0,1
200600044085,6,7,10,630,1,1,9,6,4418500,479000,3,2,0,0,1,4,0,0,0,0,1,0,1,0,0,1,1
200600044086,6,7,20,2300,3,1,1,1,4410500,491400,3,2,2,2,2,1,0,98,1,0,1,0,1,0,6,0,1
200600044089,6,7,7,1215,1,1,1,7,4432500,474600,4,2,2,0,1,1,0,0,1,0,1,0,1,0,0,1,1
200600044092,6,7,1,2000,1,1,1,7,4390700,370000,3,2,2,0,0,0,0,60,1,0,1,0,0,0,1,1,1
200600044093,6,7,1,800,1,1,1,6,4357000,409400,4,2,1,0,0,2,0,75,1,0,3,0,0,0,1,0,1
200600044094,6,7,31,1745,1,1,1,6,4356400,402600,3,3,0,0,1,1,30,40,1,0,3,0,2,0,1,0,1
200600044097,6,7,8,330,3,1,1,6,4384700,363500,3,2,2,0,2,3,0,45,1,0,1,0,0,0,1,0,1
200600044100,6,7,23,845,1,1,1,1,4363200,316300,3,2,1,0,1,2,0,69,1,0,1,0,1,1,0,0,1
200600044101,6,7,30,1415,1,1,1,7,4369000,296200,3,2,2,0,3,2,0,59,1,0,1,0,1,0,1,0,1
200600044107,6,7,22,445,3,1,1,6,4346800,343300,3,2,2,0,0,1,0,70,1,0,3,0,0,0,1,0,1
200600044110,6,7,31,1700,1,1,1,1,4348400,268600,3,2,2,0,0,3,0,81,1,0,1,0,1,0,2,0,1
200600044112,6,7,10,2115,1,1,1,3,4329700,336000,3,2,0,0,1,1,0,0,1,0,1,0,1,0,1,0,1
200600044113,6,7,30,630,2,1,1,6,4328900,327900,3,2,0,0,2,2,0,72,1,0,4,0,0,1,0,0,1
200600044115,6,7,16,730,1,6,1,1,4359800,350000,3,2,0,0,1,0,0,88,1,5,1,0,1,0,1,0,1
200600044127,6,7,7,200,3,1,1,6,4327300,268100,3,2,2,0,1,2,0,53,1,0,1,0,0,0,0,2,1
200600044128,6,7,5,445,3,1,1,6,4328900,207400,2,2,0,0,1,1,0,0,1,0,1,0,0,1,0,0,1
200600044133,6,7,6,2245,3,1,1,6,4311000,225400,3,2,2,0,2,1,0,66,1,0,1,0,1,0,1,0,1
200600044138,6,7,25,2000,1,3,1,1,4320600,275300,2,3,3,0,1,2,0,100,1,5,1,0,2,0,2,0,1
200600044146,6,7,28,30,3,1,1,7,4391700,450800,3,2,0,0,0,0,0,60,1,0,1,0,0,0,1,0,1
200600044148,6,7,4,745,1,1,1,1,4374600,429300,3,2,0,0,0,1,0,0,1,5,1,0,0,0,0,2,1
200600044149,6,7,19,1730,1,1,1,3,4367900,421200,3,2,2,0,1,1,0,70,1,0,1,0,0,0,2,0,1
200600044150,6,7,25,715,1,1,1,6,4367500,421200,3,2,0,0,1,1,0,0,1,2,1,0,0,0,0,1,1
200600044154,6,7,30,1745,1,1,1,1,4406500,398500,3,2,0,0,1,3,0,60,1,0,1,0,2,0,1,0,1
200600044156,6,7,2,900,1,1,1,6,4415200,405600,4,2,2,0,1,1,0,60,1,0,1,0,1,0,1,0,1
200600044158,6,7,25,745,1,1,1,7,4407000,424200,3,2,2,0,1,1,0,60,1,0,1,0,0,0,0,1,1
200600044160,6,7,31,1430,1,1,1,4,4399900,418800,2,2,0,0,0,1,0,0,1,0,1,0,0,0,10,0,1
200600044166,6,7,18,1745,1,1,7,3,4395900,455300,3,2,0,0,3,1,0,0,1,0,1,0,2,0,1,0,1
200600044167,6,7,29,15,3,1,1,5,4397600,456100,3,0,0,0,0,0,0,0,0,0,0,0,1,1,1,1,1
200600044169,6,7,29,2215,3,1,1,6,4409600,469300,3,2,2,0,1,2,0,61,1,0,1,0,0,1,0,0,1
200600044172,6,7,10,1445,1,1,1,1,4400000,366000,3,2,2,0,1,1,0,50,1,0,1,0,1,0,0,1,1
200600044173,6,7,19,1800,1,1,1,6,4399400,360900,3,2,3,3,1,1,20,102,1,0,1,0,1,0,0,2,1
200600044174,6,7,26,1900,1,1,1,6,4408500,364300,4,2,1,0,1,1,0,64,1,0,1,0,2,0,1,0,1
200600044176,6,7,20,1645,1,1,1,3,4395000,381000,3,2,0,0,2,1,0,70,1,0,1,0,1,0,1,0,1
200600044177,6,7,28,900,3,1,1,1,4399000,394000,3,2,0,0,1,1,0,73,1,0,1,0,0,0,3,2,1
200600044178,6,7,30,2145,5,1,1,1,4390000,400000,3,2,2,0,1,1,0,74,1,0,1,0,2,0,1,0,1
200600044180,6,7,21,30,3,9,1,6,4469100,343200,3,2,0,0,1,1,0,43,1,0,1,0,0,0,1,0,1
200600044183,6,7,19,1315,1,1,1,1,4478000,363000,3,0,0,0,1,1,0,54,1,0,1,0,1,1,1,0,1
200600044184,6,7,6,1015,1,1,1,7,4446800,373100,9,0,0,0,2,1,0,30,2,0,1,0,0,0,0,2,1
200600044188,6,7,2,2000,1,1,1,1,4427000,386000,2,2,2,0,1,3,0,63,1,0,1,0,1,0,1,0,1
200600044192,6,7,14,1730,1,1,1,1,4478200,334900,3,2,2,0,1,1,0,50,1,0,1,0,2,0,0,1,1
200600044199,6,7,15,1945,1,1,1,1,4281400,250600,3,2,2,0,2,2,0,0,1,0,4,0,1,0,0,1,1
200600044200,6,7,26,100,3,1,1,7,4277300,264900,3,2,2,0,1,1,0,60,1,0,3,0,0,0,0,1,1
200600044202,6,7,5,1130,1,1,1,6,4277600,269900,3,2,2,0,1,1,0,0,1,0,1,0,1,0,0,1,1
200600044205,6,7,8,1600,1,1,1,1,4266000,266000,4,2,1,0,2,2,0,20,1,0,1,0,1,0,2,0,1
200600044212,6,7,21,1700,1,1,1,4,4278300,290800,3,2,2,0,1,1,0,65,1,0,1,0,3,0,0,2,1