Num_Acc,an,mois,jour,hrmn,lum,int,atm,col,lat,long,catr,circ,nbv,vosp,prof,plan,lartpc,larrout,surf,infra,situ,env1,unscathed,killed,hospital,light,chance
200600044214,6,7,25,1700,1,1,1,2,4276000,299500,3,2,2,0,1,1,0,62,1,0,1,0,1,0,0,1,1
200600044215,6,7,30,2215,3,1,1,2,4283400,303700,3,2,2,0,1,1,0,70,1,0,1,0,1,0,0,6,1
200600044216,6,7,31,1530,1,1,1,2,4275500,302100,3,2,2,0,1,1,0,65,1,0,3,0,0,0,1,1,1
200600044219,6,7,29,300,3,1,1,1,4259500,284400,3,2,2,0,1,1,0,52,1,0,1,0,0,0,2,0,1
200600044222,6,7,30,1800,1,1,1,6,4253800,295800,3,2,2,0,1,1,0,60,1,0,3,0,0,0,1,0,1
200600044232,6,7,23,900,1,1,1,3,4156900,933600,4,2,2,0,1,2,0,60,1,0,1,0,1,0,1,0,1
200600044234,6,7,16,630,1,1,1,1,4165700,893000,2,2,0,0,1,2,0,72,1,0,1,0,0,1,2,0,1
200600044236,6,7,3,1700,1,1,1,6,4179400,898000,2,2,2,0,2,1,0,70,1,0,4,0,0,0,1,0,1
200600044238,6,7,22,2000,1,1,1,4,4181200,896000,2,0,1,0,2,3,0,80,1,0,1,0,3,0,8,0,1
200600044239,6,7,31,2145,2,1,1,6,4173300,881100,3,2,2,0,2,1,0,52,1,0,3,0,0,0,3,0,1
200600044243,6,7,2,1915,1,1,1,1,4269900,937200,3,2,2,0,2,3,0,68,1,0,1,0,1,0,1,0,1
200600044246,6,7,24,1530,1,1,1,4,4255500,878000,2,2,2,0,2,1,0,70,1,0,1,0,4,0,0,2,1
200600044247,6,7,31,1730,1,1,1,3,4256900,875500,4,3,2,0,1,1,5,50,1,0,1,0,1,0,0,1,1
200600044249,6,7,21,1115,1,1,1,1,4263500,895400,2,2,2,0,0,1,0,64,1,5,1,0,1,0,1,1,1
200600044250,6,7,7,30,3,1,1,7,4243000,920000,2,2,0,0,1,2,0,70,1,0,1,0,0,1,1,0,1
200600044251,6,7,7,2030,2,1,1,6,4241000,919000,2,2,2,0,1,1,0,65,1,0,3,0,0,0,1,0,1
200600044252,6,7,28,500,3,6,1,7,4246600,920700,2,0,0,0,1,2,0,41,1,0,1,0,1,0,1,0,1
200600044260,6,7,27,1130,1,9,1,5,4228100,955100,2,2,3,3,1,1,11,104,1,5,1,0,3,1,1,0,1
200600044264,6,7,20,1815,1,1,1,2,4245300,950800,2,2,2,0,1,1,0,73,1,0,1,0,1,0,1,0,1
200600044267,6,7,29,1915,1,1,1,3,4896400,157800,3,2,2,0,3,2,0,61,1,0,1,0,1,0,1,0,1
200600044270,6,7,5,600,1,1,1,7,4849000,184800,2,2,2,0,1,1,0,0,1,0,1,0,0,0,1,0,1
200600044271,6,7,9,1030,1,1,1,2,4868000,198000,3,2,2,0,1,1,0,70,1,0,1,0,1,0,1,0,1
200600044274,6,7,1,215,3,1,1,6,4874100,177800,3,2,2,0,0,4,0,60,0,0,1,0,0,0,1,0,1
200600044275,6,7,6,1430,1,1,1,7,4885000,187000,3,2,0,0,0,3,0,70,1,0,1,0,0,0,1,0,1
200600044276,6,7,26,1000,1,1,1,5,4884000,190000,3,2,2,0,1,1,0,60,1,5,1,0,2,0,1,0,1
200600044278,6,7,15,1715,1,1,1,5,4857000,244300,3,2,2,0,1,1,60,0,1,0,1,0,1,0,2,0,1
200600044283,6,7,9,1000,1,6,2,3,4858200,213900,3,0,0,0,1,0,0,0,2,5,1,0,1,0,1,0,1
200600044285,6,7,13,1200,1,9,7,3,4856400,222500,3,2,2,0,2,4,0,76,1,3,1,0,1,0,1,0,1
200600044292,6,7,3,1700,1,1,1,6,4853300,275700,3,2,2,0,1,1,0,62,1,0,1,0,1,0,0,1,1
200600044293,6,7,1,1345,1,1,1,3,4862600,297400,3,2,2,0,1,1,0,70,1,0,1,0,1,0,1,2,1
200600044294,6,7,12,1015,1,8,1,3,4861300,290300,3,2,2,0,1,1,0,50,1,4,1,0,1,0,1,0,1
200600044295,6,7,17,1145,1,1,1,1,4856100,296900,3,2,2,0,1,1,0,70,1,5,1,0,3,0,0,1,1
200600044296,6,7,25,1745,1,1,1,2,4857600,296100,3,2,2,0,1,1,0,70,1,0,1,0,1,0,2,0,1
200600044298,6,7,19,1430,1,1,7,5,4879300,319800,2,2,2,0,2,1,0,0,1,0,1,0,2,0,1,0,1
200600044299,6,7,4,1600,1,1,7,6,4894500,312700,9,2,2,0,1,1,0,70,1,0,1,0,1,0,1,0,1
200600044301,6,7,9,415,3,1,1,7,4882700,287600,3,2,2,0,1,1,0,70,1,0,1,0,0,0,0,1,1
200600044302,6,7,26,2315,3,1,8,7,4879200,300500,3,2,2,0,1,1,0,0,1,0,1,0,0,0,1,1,1
200600044303,6,7,28,1535,1,1,1,3,4834700,260300,2,2,2,0,1,1,0,0,1,0,1,0,1,0,0,1,1
200600044305,6,7,21,1230,1,1,1,2,4910400,215700,3,2,2,0,1,1,0,79,1,0,1,0,2,0,1,1,1
200600044306,6,7,1,1730,1,1,1,6,4853900,218200,4,2,2,0,1,1,0,50,1,0,3,0,0,1,0,0,1
200600044307,6,7,23,1815,1,1,1,3,4859600,234300,2,2,2,0,1,1,30,90,1,5,1,0,1,0,1,0,1
200600044308,6,7,5,1430,1,1,1,6,4900700,254600,4,2,0,0,1,1,0,0,1,6,1,0,1,0,1,0,1
200600044309,6,7,27,600,2,4,1,3,4868800,310600,3,2,2,0,1,1,0,70,1,0,1,0,2,0,1,2,1
200600044310,6,7,12,1045,1,1,1,6,4845300,305400,3,2,2,0,2,1,0,0,1,0,3,0,0,0,1,0,1
200600044317,6,7,11,300,3,1,1,7,4792200,200700,2,3,2,0,1,1,0,0,1,0,3,0,0,0,1,0,1
200600044319,6,7,22,45,3,1,2,2,4779700,222600,3,2,2,0,1,1,0,0,2,0,1,0,0,0,0,2,1
200600044320,6,7,26,2330,3,1,3,7,4779200,157300,3,2,2,0,1,4,0,65,2,0,0,0,0,0,1,0,1
200600044323,6,7,31,1645,1,1,1,2,4811300,217500,2,2,2,0,1,1,0,80,1,0,1,0,1,0,0,2,1
200600044326,6,7,18,1315,1,2,1,3,4759500,249900,3,2,2,0,1,1,0,0,1,5,1,0,1,0,1,0,1
200600044329,6,7,30,1200,1,1,1,3,4771700,283000,3,2,2,0,1,1,0,57,1,0,1,0,1,1,0,0,1
200600044332,6,7,10,745,1,1,1,1,4794400,297500,3,2,2,0,1,1,0,60,0,0,1,0,1,0,1,0,1
200600044334,6,7,17,2145,1,1,1,7,4810000,281000,3,2,2,0,1,2,0,60,1,0,1,0,0,1,0,0,1
200600044336,6,7,29,530,2,1,1,7,4828100,235400,4,2,2,0,4,0,0,36,1,0,1,0,0,0,1,0,1
200600044339,6,7,28,1045,1,1,1,3,4725500,291500,3,2,2,0,1,1,60,0,1,5,1,0,1,0,1,0,1
200600044342,6,7,15,2000,1,1,1,7,4674900,276500,3,2,2,0,1,3,0,54,1,0,3,0,0,1,0,0,1
200600044343,6,7,27,1000,1,9,1,3,4673600,250400,3,2,0,0,1,1,0,80,1,5,1,0,2,0,1,0,1
200600044347,6,7,9,1115,1,1,1,2,4680900,291700,3,2,2,0,1,1,0,66,1,0,1,0,1,1,0,0,1
200600044349,6,7,24,2215,3,1,1,7,4694400,279700,4,2,1,0,2,3,0,35,1,0,3,0,0,0,1,1,1
200600044350,6,7,14,330,5,1,1,7,4747900,251300,3,2,2,0,1,3,0,68,1,0,4,0,1,0,3,1,1
200600044351,6,7,16,1745,3,1,1,3,4749800,251500,3,2,2,0,1,1,0,59,1,5,1,0,2,0,3,0,1
200600044352,6,7,21,1215,1,1,1,1,4715000,222000,3,0,0,0,0,0,0,0,0,0,0,0,1,0,1,0,1
200600044353,6,7,21,2000,1,1,1,6,4716500,214700,3,2,0,0,1,1,0,60,1,0,1,0,0,0,1,0,1
200600044354,6,7,12,1400,1,1,1,3,4718600,273000,3,2,2,0,1,1,0,36,1,0,1,0,1,0,1,0,1
200600044358,6,7,1,1630,1,1,1,3,4845300,130100,3,2,3,0,1,1,0,105,1,0,1,0,1,0,1,0,1
200600044359,6,7,15,530,2,1,1,7,4836000,132000,3,2,0,0,1,1,0,60,1,0,1,0,0,0,1,0,1
200600044360,6,7,5,1830,1,1,1,1,4854000,159000,3,2,2,0,1,0,0,52,1,0,1,0,1,0,1,0,1
200600044361,6,7,6,1700,1,1,2,7,4860000,167900,3,2,0,0,3,2,0,0,2,0,1,0,0,0,0,1,1
200600044362,6,7,23,1900,1,1,1,6,4852000,169000,4,2,2,0,1,2,0,60,1,0,1,0,3,0,0,1,1
200600044363,6,7,22,1745,1,7,1,6,4844000,192000,3,2,2,0,1,2,0,0,1,0,4,0,1,0,1,0,1
200600044365,6,7,21,1630,1,1,1,1,4826300,156800,3,2,0,0,1,3,0,0,1,0,1,0,1,0,1,0,1
200600044366,6,7,1,2330,5,1,1,3,4810600,112000,3,2,2,0,1,2,0,60,1,0,1,0,1,0,1,0,1
200600044370,6,7,18,2315,3,1,1,7,4875800,152000,3,2,1,0,1,1,0,64,1,0,1,0,0,0,1,0,1
200600044371,6,7,26,1645,1,9,1,6,4888800,146500,3,2,1,0,1,3,0,48,1,0,0,0,1,0,1,0,1
200600044372,6,7,21,1345,1,1,7,6,4862100,90300,3,2,2,0,1,1,0,60,1,0,3,0,0,1,1,0,1
200600044373,6,7,4,1845,1,1,3,5,4867300,145100,3,2,2,0,2,2,0,55,1,0,0,0,5,0,3,2,1
200600044376,6,7,19,845,1,1,1,2,4819600,87100,3,2,0,0,2,1,0,60,1,0,1,0,1,0,0,1,1
200600044379,6,7,2,1130,1,1,1,7,4667600,179200,3,2,1,0,0,1,0,70,1,0,1,0,0,0,1,0,1
200600044380,6,7,6,820,1,1,1,1,4674700,183200,4,1,1,0,2,1,0,35,1,0,1,3,1,0,1,0,1
200600044382,6,7,28,1800,1,1,1,3,4642400,124800,3,2,2,0,4,1,0,54,1,0,1,0,4,1,0,0,1
200600044383,6,7,8,1800,1,1,1,7,4677000,147000,3,2,0,0,1,1,0,0,1,0,1,0,0,0,0,1,1
200600044387,6,7,22,1,3,9,3,7,4715900,151700,3,2,2,0,1,1,0,60,2,0,3,0,0,0,1,0,1
200600044389,6,7,28,1430,1,1,1,3,4715700,156600,3,2,0,0,0,3,0,0,1,5,1,0,1,0,0,2,1
200600044391,6,7,27,1800,1,1,1,1,4670600,123500,3,2,2,0,1,1,0,47,1,0,1,0,1,0,0,1,1
200600044392,6,7,5,1810,1,1,1,5,4665400,194800,3,2,3,0,1,1,0,108,1,5,1,0,1,0,2,0,1
200600044393,6,7,9,1715,1,4,1,3,4658700,199100,4,2,2,0,4,1,0,40,1,0,1,0,2,0,0,1,1
200600044399,6,7,29,1845,1,1,1,7,4680100,203000,3,2,2,0,1,3,0,0,9,0,1,0,0,0,0,1,1
200600044401,6,7,24,1445,1,2,1,3,4739000,100000,3,2,2,0,1,1,0,80,1,5,1,0,1,0,0,1,1
200600044402,6,7,1,945,1,1,1,7,4745100,51200,3,2,2,0,1,1,0,57,1,0,0,0,0,0,1,0,1
200600044403,6,7,19,1515,1,1,1,4,4751700,59100,2,3,2,0,1,1,0,60,1,0,1,0,3,0,2,0,1
200600044404,6,7,11,1100,1,1,1,7,4753200,83200,3,2,2,0,1,1,0,0,1,0,1,0,0,0,1,0,1
200600044408,6,7,21,1030,1,1,1,1,4723700,10700,2,2,2,0,1,1,0,72,1,0,1,0,1,0,1,0,1
200600044409,6,7,23,1545,1,7,1,3,4722500,49700,3,2,2,0,1,1,0,62,1,0,1,0,1,0,0,1,1
200600044411,6,7,8,1200,1,1,1,1,4705600,55100,4,2,2,0,1,1,0,0,1,0,3,0,2,0,1,0,1
200600044412,6,7,9,215,3,1,1,6,4705100,55000,4,2,0,0,1,1,0,0,1,0,3,0,0,0,1,0,1
200600044413,6,7,29,2345,3,1,1,1,4702200,33000,3,2,2,0,1,2,0,56,1,0,1,0,1,0,1,0,1
200600044418,6,7,6,1045,1,1,1,3,4754400,123500,3,2,2,0,2,1,0,48,1,0,1,0,1,0,1,0,1
200600044421,6,7,8,1145,1,1,1,3,4734700,118900,4,2,2,0,1,1,0,50,1,0,1,0,1,0,1,0,1
200600044425,6,7,13,630,1,9,1,6,4789700,118000,2,2,2,0,0,1,0,80,1,2,1,0,0,0,1,0,1
200600044429,6,7,1,930,1,1,1,7,4498000,-105000,3,2,2,0,1,1,0,60,1,0,1,0,0,0,1,0,1
200600044430,6,7,7,2300,5,1,1,6,4487500,-109100,3,2,2,0,1,3,0,62,1,0,1,0,0,1,0,0,1
200600044432,6,7,26,1200,1,1,1,7,4508600,-104600,3,3,0,0,1,1,60,0,1,0,0,0,0,0,0,1,1
200600044433,6,7,23,950,1,1,1,3,4779500,-354800,3,2,2,0,2,4,0,61,1,0,1,0,1,0,1,0,1
200600044435,6,7,3,855,1,1,2,6,4572100,149600,3,2,0,0,2,2,0,0,2,0,1,0,0,0,1,0,1
200600044437,6,7,11,1715,1,1,1,2,4571200,124300,3,2,2,0,2,1,0,67,1,0,1,0,2,0,1,0,1
200600044438,6,7,3,930,1,1,1,2,4478500,-49900,3,2,2,0,1,1,0,70,1,0,1,0,2,0,2,0,1
200600044440,6,7,19,1900,1,1,1,7,4707800,327300,3,2,2,0,1,2,0,0,1,0,3,0,0,0,1,0,1
200600044441,6,7,30,1415,1,1,1,6,4709900,318200,3,2,1,0,1,1,0,0,1,0,3,0,1,0,1,0,1
200600044443,6,7,14,1530,1,9,1,3,4349300,556200,2,2,2,0,1,1,0,70,1,0,1,0,0,2,3,0,1
200600044444,6,7,31,1600,1,1,7,1,4349300,564000,2,2,2,0,1,1,0,72,1,0,1,0,1,0,1,0,1
200600044445,6,7,12,815,1,1,1,5,4412800,29100,3,2,2,0,1,2,0,78,1,0,1,0,1,0,3,0,1
200600044448,6,7,18,1350,1,1,1,6,4413900,35800,3,2,2,0,2,2,0,60,1,0,0,0,0,0,1,0,1
200600044452,6,7,11,1845,1,1,7,7,4815500,-158000,3,2,2,0,1,2,0,60,1,0,3,0,0,0,1,0,1
200600044453,6,7,13,1100,1,1,1,7,4812400,-155900,4,2,2,0,2,2,0,40,1,0,1,0,0,0,1,0,1
200600044454,6,7,31,1920,1,9,1,1,4813700,-162200,3,2,0,0,1,2,0,74,1,0,1,0,0,0,2,0,1
200600044457,6,7,21,115,3,1,1,6,4841700,189900,1,3,3,0,1,1,294,270,1,0,1,0,0,0,1,0,1
200600044460,6,7,25,1015,1,1,1,7,4836800,187800,1,3,0,0,1,1,24,270,1,0,1,0,0,0,2,0,1
200600044471,6,7,12,1330,1,1,1,3,4826800,272500,1,3,3,0,1,1,20,260,1,0,1,0,1,0,1,1,1
200600044495,6,7,14,830,1,2,1,4,4394600,461300,1,1,3,0,4,1,15,105,1,0,1,0,4,1,1,0,1
200600044496,6,7,23,1600,3,1,1,6,4318700,604500,1,3,2,0,1,1,20,80,1,0,1,0,0,1,0,0,1
200600044497,6,7,21,1015,1,1,1,3,4340600,630800,1,3,3,0,0,1,20,135,1,0,1,0,1,0,0,1,1
200600044509,6,7,26,1115,1,1,1,6,4738300,503300,3,2,2,0,1,2,0,74,1,0,3,0,0,0,2,0,1
200600044510,6,7,3,1730,1,1,1,5,4603000,472600,1,0,3,0,1,1,100,0,1,0,1,0,3,0,1,0,1
200600044511,6,7,26,1430,1,1,1,6,4598100,473600,1,0,0,0,1,1,0,0,1,7,1,0,0,0,1,0,1
200600044512,6,7,4,500,3,1,1,7,4560800,525500,1,3,3,0,1,1,20,100,1,0,3,0,0,0,1,0,1
200600044517,6,7,14,1515,1,1,1,6,4909600,250200,4,2,0,0,1,1,0,0,1,0,1,0,0,0,0,1,1
200600044522,6,7,8,200,4,1,1,2,4762200,118700,1,1,0,0,1,1,9,135,1,0,1,0,1,0,0,2,1
200600044523,6,7,18,1930,1,1,1,6,4761000,112000,1,0,3,0,1,1,8,105,1,0,1,0,0,0,0,1,1
200600044525,6,7,25,2145,2,1,1,7,4768000,140000,1,3,3,0,1,1,23,105,1,0,0,0,2,0,1,0,1
200600044529,6,7,23,1945,1,1,1,1,4315700,287500,1,3,2,0,1,1,30,70,1,0,1,0,1,1,0,0,1
200600044530,6,7,24,1550,1,1,1,7,4289900,299200,1,3,3,3,1,1,30,90,1,0,1,0,1,0,1,0,1
200600044551,6,7,14,2000,1,1,1,1,4736800,140500,4,0,0,0,0,3,0,31,1,0,1,0,2,0,1,0,1
200600044564,6,7,1,1625,1,1,1,6,4554000,326000,1,3,2,3,1,1,12,70,1,0,1,0,1,0,1,0,1
200600044565,6,7,16,600,2,1,1,6,4540000,327000,1,3,2,3,0,1,20,70,1,0,1,0,0,1,2,1,1
200600044566,6,7,19,20,3,1,1,4,4557000,324000,1,3,2,3,1,1,20,140,1,0,1,0,2,0,1,2,1
200600044567,6,7,18,1230,1,1,1,7,4348000,-144000,1,1,2,0,1,2,2,40,9,3,1,0,0,0,1,0,1
200600044568,6,7,3,2015,1,1,1,6,4517300,568000,3,2,0,0,2,2,0,0,1,0,1,0,0,0,1,0,1
200600044577,6,7,30,615,2,1,1,2,4372700,722700,1,1,3,0,0,1,0,0,1,1,1,0,2,0,0,3,1
200600044582,6,7,10,1530,1,1,1,5,5055100,246900,1,1,2,0,1,1,30,70,1,3,1,0,2,0,1,1,1
200600044583,6,7,18,900,1,1,1,6,5044400,270400,1,1,1,0,0,3,0,45,1,3,1,0,0,0,1,0,1
200600044586,6,7,18,1845,1,1,1,6,4345800,555600,1,3,3,0,1,1,35,105,1,0,3,0,3,0,1,0,1
200600044599,6,7,10,2230,2,2,1,5,4866300,251800,2,3,0,0,1,1,30,220,1,5,1,0,5,1,0,2,1
200600044601,6,7,11,1145,1,1,1,4,4348000,153000,1,1,3,0,1,1,200,135,1,0,0,0,11,0,2,0,1
200600044602,6,7,25,815,1,1,1,7,4448300,-82800,1,3,0,0,0,1,150,100,0,0,1,0,0,0,1,0,1
200600044624,6,7,31,700,1,1,1,6,4539800,-60400,1,1,2,0,1,1,10,70,1,0,3,0,3,0,0,1,1
200600044625,6,7,7,1815,1,1,2,3,4854000,-278000,3,2,2,0,1,1,0,130,2,5,1,0,1,0,1,2,1
200600044628,6,7,31,1745,1,1,1,3,4170700,935900,2,2,2,0,1,1,0,75,1,0,1,0,1,0,2,0,1
200600044633,6,7,2,830,1,1,1,6,4590600,523000,1,3,2,0,1,1,15,55,1,0,3,0,0,0,5,0,1
200600044636,6,7,3,1655,1,1,1,6,4550900,426400,4,0,2,0,2,2,0,0,1,0,1,0,0,0,1,0,1
200600044638,6,7,31,1445,1,1,1,1,4549700,424500,3,0,2,0,2,2,0,62,1,0,1,0,1,0,1,0,1
200600044639,6,7,3,815,1,1,1,7,4855200,240800,2,2,1,0,1,1,0,80,1,0,3,0,0,0,1,0,1
200600044640,6,7,18,1645,1,1,1,7,4853300,240900,3,2,1,0,0,3,0,0,1,0,1,0,0,0,0,2,1
200600044641,6,7,5,1430,1,1,1,2,4913100,424100,2,2,2,0,1,1,0,73,1,0,1,0,1,0,4,0,1
200600044642,6,7,16,430,2,1,1,6,4914000,410700,3,2,2,0,2,4,0,70,1,0,1,0,0,0,1,0,1
200600044643,6,7,19,1545,1,1,1,6,5086300,202100,1,3,2,0,1,1,10,204,1,0,1,0,1,1,0,0,1
200600044644,6,7,7,1725,1,1,1,5,5091000,213000,3,2,2,0,1,1,0,56,9,0,1,0,6,1,0,0,1
200600044653,6,7,30,945,1,1,1,6,4600200,617700,2,2,2,0,1,1,0,80,1,0,1,0,0,0,1,1,1
200600044657,6,7,7,855,1,1,1,1,4275900,177100,2,2,2,0,4,3,0,70,1,0,1,0,2,1,0,0,1
200600044661,6,7,13,1430,1,3,1,1,4754100,-274000,3,3,1,0,1,1,10,70,1,5,1,0,0,0,1,1,1
200600044662,6,7,14,345,3,1,1,2,4759300,-268600,3,2,0,0,1,1,0,71,1,0,1,0,1,1,0,0,1
200600044671,6,7,12,1330,1,1,1,2,4610900,545100,1,3,3,3,2,1,0,0,1,0,1,0,1,0,0,1,1
200600044672,6,7,16,1745,1,1,1,2,4610900,544900,1,3,3,3,2,1,10,107,1,0,1,0,1,2,0,0,1
200600044673,6,7,22,915,1,1,1,7,4608200,536500,1,3,0,0,1,1,0,0,1,0,1,0,2,0,1,1,1
200600044679,6,7,13,1115,1,9,1,2,4584300,316200,1,3,2,0,1,1,0,0,1,7,1,0,1,0,0,1,1
200600044681,6,7,27,435,3,1,1,1,4752000,-35000,1,3,0,0,1,2,25,150,1,0,1,0,0,2,2,0,1
200600044689,6,7,24,1715,1,1,1,1,4863900,774200,4,2,2,0,1,1,0,60,1,0,1,0,1,0,2,0,1
200600044694,6,7,31,1215,1,1,1,2,4639000,271000,1,3,2,0,0,1,40,100,1,0,1,0,1,0,2,2,1
200600044695,6,7,6,1630,1,1,1,7,4694400,242000,1,3,2,0,1,1,10,70,1,0,3,0,0,0,1,0,1
200600044696,6,7,15,1040,1,1,1,6,4688700,242000,1,3,2,0,1,1,10,70,1,0,1,0,0,1,2,0,1
200600044697,6,7,4,1630,1,1,1,5,4752800,520000,1,3,2,3,1,1,30,100,1,0,1,0,1,1,1,1,1
200600044698,6,7,11,1041,1,1,1,6,4754200,519900,1,3,0,0,1,1,30,105,1,0,1,0,2,0,0,2,1
200600044699,6,7,27,920,1,1,1,2,4735300,516300,1,3,4,0,1,1,28,140,1,0,1,0,1,0,1,0,1
200600044705,6,7,29,1530,1,1,1,1,4556700,594800,1,1,3,3,1,1,20,84,1,0,1,0,1,0,1,0,1
200600044717,6,7,10,1,3,1,1,7,4366900,525100,2,2,2,0,2,3,0,0,1,0,1,0,0,0,1,0,1
200600044718,6,7,18,245,3,1,1,7,4362300,525200,3,2,0,0,1,2,0,60,1,0,3,0,0,0,1,0,1
200600044735,6,7,2,1415,1,1,1,6,4640000,146000,1,3,4,0,1,1,30,100,1,0,1,0,0,0,1,0,1
200600044736,6,7,25,1200,1,1,1,5,4680000,166500,1,1,0,0,1,1,30,105,1,0,1,0,2,0,1,2,1
200600044737,6,7,31,900,1,1,1,2,4675000,162000,1,3,4,0,1,1,30,100,1,0,1,0,1,0,1,1,1
200600044745,6,7,9,1845,1,1,1,1,4816600,-14900,3,2,2,0,1,1,0,51,1,0,1,0,1,0,1,1,1
200600044748,6,7,18,945,1,1,1,2,4735400,292500,1,3,2,0,1,1,15,68,1,0,1,0,1,0,2,0,1
200600044754,6,7,30,1045,1,1,2,7,4914800,-53600,1,1,2,0,0,1,75,0,2,0,3,0,0,0,1,0,1
200600044755,6,7,11,2045,1,1,1,7,4378500,445400,2,2,0,0,1,1,0,114,1,0,1,0,0,0,1,0,1
200600044756,6,7,20,1815,1,1,1,1,4376700,452700,3,2,3,0,0,1,0,115,1,0,1,0,1,0,2,0,1
200600044757,6,7,28,815,1,1,1,3,4380500,440400,3,2,2,0,1,2,0,70,1,0,1,0,1,0,1,0,1
200600044758,6,7,12,730,1,1,1,7,4968300,466200,1,0,2,0,1,2,10,70,1,0,3,0,0,0,0,2,1
200600044770,6,7,5,2000,1,2,1,3,4957900,132500,3,2,2,0,1,1,0,40,1,0,1,0,0,0,4,1,1
200600044774,6,7,30,2200,5,1,1,7,4728100,598800,4,2,0,0,2,2,0,60,1,0,1,0,0,0,1,0,1
200600044778,6,7,15,1200,1,1,1,1,4781900,-294600,3,2,2,0,2,1,0,60,1,0,1,0,2,0,0,1,1
200600044780,6,7,9,545,2,1,1,7,4926600,-65900,2,3,2,0,2,2,20,70,1,0,3,0,2,0,1,0,1
200600044783,6,7,30,2330,3,1,1,3,4718800,-141700,2,3,4,0,0,1,76,0,1,0,1,0,3,0,1,2,1
200600044789,6,7,11,545,2,1,1,2,4267100,297300,3,2,2,0,1,1,0,60,1,0,1,0,0,1,1,0,1
200600044839,6,8,30,730,1,1,7,1,5051400,290400,3,2,2,0,1,1,0,60,1,0,1,0,1,0,1,0,1
200600044840,6,8,6,1950,1,1,1,4,5057900,290100,3,2,2,0,1,3,0,63,1,0,1,0,0,2,1,4,1
200600044843,6,8,8,750,1,1,7,3,5088800,249300,3,2,2,1,1,1,60,0,1,0,1,0,1,0,1,1,1
200600044848,6,8,19,445,5,1,1,6,5057200,322300,3,2,2,0,1,3,15,83,1,0,1,0,1,0,3,0,1
200600044850,6,8,15,1730,1,1,1,7,5029000,331000,4,2,2,0,1,3,0,0,1,0,1,0,0,0,2,0,1
200600044851,6,8,25,1400,1,1,1,6,5029000,327000,4,2,2,0,2,1,0,60,1,0,4,0,0,0,1,0,1
200600044854,6,8,4,2215,5,2,1,1,5029100,319700,4,2,0,0,1,1,0,60,1,0,1,0,1,0,1,0,1
200600044858,6,8,29,1907,1,1,2,1,5008000,321000,3,2,2,0,2,3,0,66,2,0,1,0,1,0,2,0,1
200600044859,6,8,26,1815,1,1,1,6,5027000,321000,3,2,2,0,1,1,0,0,2,0,4,0,0,0,1,0,1
200600044860,6,8,29,1415,1,1,1,1,5024500,266000,2,2,0,0,0,1,0,98,1,0,1,0,1,0,1,0,1
200600044861,6,8,14,1945,1,1,3,7,5032000,284000,2,3,2,0,1,3,0,72,2,0,3,0,0,0,1,0,1
200600044862,6,8,23,1215,1,1,1,6,5024600,306600,4,2,0,0,1,1,0,32,1,0,1,0,0,1,0,0,1
200600044863,6,8,22,1515,1,1,1,3,5057300,245700,2,2,3,3,1,1,0,115,1,5,1,0,0,0,2,1,1
200600044868,6,8,27,2000,1,7,1,6,5067200,183600,4,1,1,0,1,2,0,30,1,0,4,0,0,0,1,0,1
200600044870,6,8,6,1645,1,1,1,7,5051000,179700,3,2,2,0,1,1,0,56,1,0,3,0,2,0,2,0,1
200600044872,6,8,15,330,4,1,1,7,5033500,187300,3,2,2,0,1,0,0,0,1,0,1,0,0,0,1,0,1
200600044873,6,8,21,1530,1,1,1,3,5052600,217600,3,2,0,0,1,3,0,42,1,0,1,0,0,0,0,5,1
200600044875,6,8,8,700,1,1,1,5,5071200,233300,3,2,0,0,0,1,70,0,1,0,1,0,2,0,1,0,1
200600044878,6,8,24,1230,1,2,2,3,5075000,213000,3,2,2,0,1,1,0,54,2,0,1,0,1,0,1,0,1
200600044879,6,8,25,2200,4,1,1,6,5035700,226000,3,2,2,0,1,1,61,0,1,0,3,0,0,0,1,0,1
200600044880,6,8,31,1800,1,1,1,6,5038600,233600,2,2,2,0,1,1,0,71,1,0,1,0,1,1,0,0,1
200600044881,6,8,4,1715,1,1,1,6,5037200,260400,3,2,2,0,0,1,0,74,1,0,0,0,0,1,0,0,1
200600044882,6,8,10,2045,2,1,2,3,5038800,263000,3,2,2,0,3,3,0,0,2,0,1,0,1,0,1,1,1
200600044883,6,8,13,500,3,1,3,6,5027900,253800,3,2,2,0,0,3,0,74,2,0,3,0,0,1,0,0,1
200600044885,6,8,29,430,3,1,8,6,5020300,252200,2,2,0,0,2,1,0,74,8,0,3,0,0,1,0,0,1
200600044894,6,8,20,600,2,1,2,6,5009000,239000,3,2,2,0,1,1,0,70,2,0,4,0,0,1,1,2,1
200600044895,6,8,19,1800,1,9,2,4,4971700,279000,3,2,0,0,0,1,0,71,2,0,0,0,3,0,1,4,1
200600044898,6,8,25,645,1,1,1,7,4981700,249700,9,3,2,0,2,2,0,0,1,0,1,0,0,0,1,0,1
200600044903,6,8,22,1500,1,1,2,6,5001000,264900,3,2,2,0,1,1,0,80,2,0,1,0,1,0,1,0,1
200600044904,6,8,19,330,3,1,1,6,4973400,391100,3,2,2,0,1,0,0,60,1,0,1,0,0,0,1,0,1
200600044905,6,8,21,900,1,2,1,3,4960200,352100,2,2,2,0,1,1,0,63,1,5,1,0,1,0,0,2,1
200600044907,6,8,25,1800,1,1,1,2,4968800,358900,3,2,0,0,1,1,0,0,1,0,1,0,1,0,1,0,1
200600044914,6,8,17,1030,1,1,1,6,4898800,339500,3,2,2,0,0,2,0,0,1,0,1,0,0,0,1,0,1
200600044916,6,8,5,1800,1,1,1,2,4993200,337300,3,2,2,0,1,1,0,63,1,0,1,0,2,0,1,0,1
200600044922,6,8,12,1145,1,1,1,6,4925000,303700,2,3,0,0,2,2,36,47,1,0,1,0,0,0,1,0,1
200600044925,6,8,14,15,3,1,2,6,4993500,403200,3,2,2,0,1,1,0,49,2,0,1,0,0,0,3,0,1
200600044926,6,8,5,500,3,1,1,7,4942800,226100,3,2,2,0,1,3,0,50,1,0,3,0,0,0,1,2,1
200600044927,6,8,5,1630,1,1,1,2,4944200,187200,4,2,2,0,1,2,0,54,1,0,1,0,1,0,3,0,1
200600044946,6,8,26,1530,1,1,8,1,4957100,306100,3,2,2,0,1,4,0,60,2,0,1,0,0,0,1,2,1