Num_Acc,an,mois,jour,hrmn,lum,int,atm,col,lat,long,catr,circ,nbv,vosp,prof,plan,lartpc,larrout,surf,infra,situ,env1,unscathed,killed,hospital,light,chance
200600044947,6,8,4,1230,1,1,2,6,4941200,615600,2,0,2,0,2,3,0,77,2,0,4,0,0,0,1,0,1
200600044954,6,8,16,1930,1,1,1,1,4924500,302400,2,3,2,0,2,1,0,0,2,0,1,0,1,1,0,0,1
200600044958,6,8,19,1800,1,6,1,3,4955000,104000,2,2,0,0,1,1,0,117,1,5,1,0,2,0,1,0,1
200600044960,6,8,19,1300,1,1,1,7,4982000,105700,3,2,2,0,1,1,0,50,1,0,1,0,0,0,2,0,1
200600044961,6,8,20,2000,1,1,1,7,4976900,115100,3,2,2,0,1,1,0,50,1,0,1,0,0,0,1,0,1
200600044962,6,8,2,1245,1,2,1,3,4969700,95700,3,2,2,0,0,1,0,60,1,0,1,0,2,0,1,0,1
200600044963,6,8,9,1445,1,1,2,3,4967800,114800,2,2,2,0,2,1,77,0,2,0,1,0,2,0,1,1,1
200600044964,6,8,1,300,5,1,2,5,4940000,115000,2,2,2,0,1,1,22,96,2,0,1,0,2,0,1,0,1
200600044973,6,8,3,1845,1,1,1,1,4955700,40200,9,2,1,0,2,1,0,26,1,0,1,0,2,0,1,0,1
200600044974,6,8,31,2045,5,2,1,3,4956900,22900,3,2,2,0,2,1,0,76,1,5,1,0,1,0,0,3,1
200600044977,6,8,18,1915,1,3,1,3,4974400,162000,4,2,2,0,1,0,0,35,1,0,1,0,1,0,1,0,1
200600044978,6,8,22,1545,1,1,1,4,4946600,154600,2,2,2,0,3,1,0,82,1,0,1,0,1,0,2,0,1
200600044980,6,8,2,1900,1,3,1,3,4985200,62500,3,2,2,0,1,1,0,56,1,0,1,0,1,0,1,0,1
200600044981,6,8,14,2130,3,2,1,1,4986200,84000,3,2,2,0,1,1,0,31,1,0,1,0,1,0,1,0,1
200600044982,6,8,29,945,1,9,1,3,4979100,64300,3,2,2,0,2,1,0,50,1,0,1,0,1,0,1,0,1
200600044984,6,8,26,1245,1,1,8,1,4971600,36100,3,2,0,0,1,2,0,55,2,0,1,0,1,0,2,0,1
200600044986,6,8,15,1045,1,1,1,1,4907600,122300,3,2,2,0,1,1,30,61,1,5,1,0,1,0,1,0,1
200600044987,6,8,18,1815,1,1,8,1,4910300,110500,4,2,2,0,1,2,0,30,1,0,1,0,2,0,1,0,1
200600044992,6,8,15,745,2,1,1,7,4879200,98400,3,2,2,0,1,3,0,65,1,0,3,0,0,0,1,0,1
200600044996,6,8,31,1830,1,1,1,6,4914000,144400,3,2,2,0,1,1,0,60,1,0,3,0,0,0,1,1,1
200600044998,6,8,14,1415,1,1,1,1,4935900,172600,4,2,0,0,1,2,0,45,1,0,1,0,1,0,0,1,1
200600045000,6,8,20,415,3,1,1,6,4910300,62900,3,2,1,0,0,1,0,70,2,0,0,0,0,0,1,0,1
200600045005,6,8,20,1500,1,2,1,1,4909700,80400,3,2,2,0,0,1,70,0,1,0,1,0,0,0,1,1,1
200600045007,6,8,7,1700,1,2,2,3,4917500,117700,3,2,2,0,1,1,0,89,2,5,1,0,2,0,0,1,1
200600045011,6,8,27,1945,1,1,1,1,4914300,131700,3,3,2,0,3,1,37,115,1,5,1,0,1,0,1,0,1
200600045012,6,8,31,1645,1,1,1,6,4920200,129700,3,2,2,0,1,2,0,62,1,0,1,3,1,0,1,0,1
200600045013,6,8,25,2330,3,1,1,6,4930300,115200,3,2,2,0,1,2,0,60,1,0,0,0,1,0,1,2,1
200600045014,6,8,2,1650,1,2,1,3,4917800,87900,3,2,2,0,1,4,0,68,1,0,1,0,3,0,0,1,1
200600045015,6,8,11,1400,1,2,1,3,4917500,95200,3,2,2,0,1,1,0,47,1,0,1,0,1,1,1,0,1
200600045020,6,8,4,2045,1,1,1,5,4931300,62600,3,0,2,0,1,4,0,47,1,0,1,0,2,0,1,0,1
200600045022,6,8,31,1915,1,1,1,3,4822000,-175300,9,2,2,0,0,1,0,0,1,0,1,0,0,0,1,1,1
200600045026,6,8,5,115,3,1,1,6,4834800,-129400,2,3,4,0,1,1,11,200,1,0,1,0,3,1,1,0,1
200600045029,6,8,9,1045,1,1,1,6,4846200,-138900,3,2,2,0,0,1,0,40,1,5,1,0,0,0,1,0,1
200600045031,6,8,23,2330,3,1,2,7,4843000,-132500,3,2,2,0,0,1,0,43,2,0,1,0,0,1,0,1,1
200600045032,6,8,27,2100,1,1,1,6,4767300,-205800,3,2,2,0,2,1,0,51,1,0,3,0,0,0,1,0,1
200600045034,6,8,8,2045,1,1,1,7,4792900,-171600,3,2,2,0,2,1,0,0,1,0,3,0,0,0,1,0,1
200600045038,6,8,21,1100,1,2,1,3,4840600,-176000,3,2,0,0,1,1,0,70,1,0,1,0,3,0,1,2,1
200600045039,6,8,23,1700,1,1,1,3,4855200,-174900,4,2,2,0,1,1,0,70,1,0,1,0,1,0,1,0,1
200600045041,6,8,14,1430,1,1,1,1,4863200,-212000,4,2,0,0,2,1,0,45,1,0,1,0,1,0,1,0,1
200600045045,6,8,4,1700,1,1,1,1,4810900,-140700,3,2,2,0,1,1,0,63,1,0,1,0,1,1,0,0,1
200600045050,6,8,24,1615,1,1,1,1,4828300,-283200,3,2,2,0,1,1,0,69,1,0,1,0,1,1,1,0,1
200600045051,6,8,22,1015,1,9,8,6,4878300,-304600,6,0,0,0,0,0,0,0,1,0,0,0,1,0,1,0,1
200600045056,6,8,2,1300,1,1,1,6,4838100,-209300,3,2,2,0,1,1,0,82,1,0,3,0,2,0,1,0,1
200600045059,6,8,29,1315,1,1,1,3,4852000,-202000,3,2,2,0,2,3,0,65,1,0,1,0,0,0,1,2,1
200600045061,6,8,8,245,3,1,1,6,4860300,-228800,3,2,2,0,0,1,0,70,1,0,3,0,0,1,0,0,1
200600045064,6,8,28,2000,1,1,1,1,4849200,-225200,3,2,2,0,1,4,0,0,1,0,1,0,0,0,4,1,1
200600045066,6,8,27,1915,1,1,1,3,4827700,-253100,3,2,2,0,1,1,0,62,1,5,1,0,0,0,1,3,1
200600045067,6,8,4,100,3,1,1,7,4858500,-306300,3,2,2,0,1,1,0,69,1,0,0,0,0,1,0,0,1
200600045068,6,8,17,1400,1,7,1,6,4857100,-315300,9,4,0,0,0,0,0,0,1,0,4,0,1,0,0,2,1
200600045070,6,8,31,2330,3,1,1,6,4861400,-311600,3,2,2,0,1,1,0,52,9,0,3,0,0,0,1,0,1
200600045073,6,8,15,430,3,1,5,7,4860200,-347500,4,2,0,0,1,3,0,40,2,0,3,0,2,0,2,0,1
200600045076,6,8,6,130,3,1,1,1,4875600,-324300,3,2,2,0,3,3,0,65,1,0,1,0,0,0,2,0,1
200600045087,6,8,31,545,3,1,8,7,4792300,-406200,3,2,2,2,2,1,0,0,1,0,5,0,0,1,0,0,1
200600045088,6,8,6,515,3,1,1,6,4788800,-420600,3,2,2,1,1,1,0,70,1,0,1,0,0,0,1,0,1
200600045089,6,8,5,1530,1,1,1,7,4784900,-416800,9,0,1,0,1,1,0,34,1,0,1,0,1,0,1,0,1
200600045090,6,8,29,1800,1,1,1,3,4790100,-428800,3,2,2,0,1,1,0,60,1,0,1,0,1,0,1,0,1
200600045091,6,8,28,1630,1,1,1,3,4788200,-413500,3,3,0,2,1,2,30,120,1,5,1,0,0,0,1,1,1
200600045092,6,8,26,230,3,1,2,7,4863400,-438400,3,2,0,0,2,1,0,52,2,2,0,0,0,1,0,0,1
200600045093,6,8,15,1500,1,1,1,5,4861400,-453200,3,2,2,0,1,1,0,60,1,0,1,0,3,2,8,0,1
200600045095,6,8,24,1145,1,1,1,2,4855800,-472900,3,2,2,0,1,1,0,60,1,0,1,0,1,0,1,0,1
200600045096,6,8,7,1515,1,1,2,1,4826000,-408400,3,2,0,0,2,3,0,78,2,0,1,0,1,1,0,0,1
200600045097,6,8,13,1700,1,1,1,5,4819800,-418800,3,2,2,0,1,1,0,60,1,0,1,0,0,0,7,0,1
200600045098,6,8,12,1015,1,9,1,3,4825000,-382000,3,2,3,0,1,1,0,102,1,5,1,0,1,0,1,0,1
200600045099,6,8,23,1415,1,1,2,3,4811800,-389300,4,2,2,0,1,1,0,45,2,0,1,0,1,0,1,0,1
200600045100,6,8,9,1330,1,1,1,1,4825000,-438000,3,2,1,0,1,4,0,66,2,0,1,0,0,1,1,0,1
200600045106,6,8,1,1915,1,2,1,5,4865800,-417700,3,2,2,0,1,2,0,75,1,0,1,0,2,0,1,0,1
200600045118,6,8,11,1700,1,1,1,6,4768300,-301100,6,0,0,0,1,1,0,0,1,0,4,0,1,0,1,0,1
200600045121,6,8,11,330,5,1,1,6,4757700,-307700,4,1,1,0,1,1,0,53,1,0,1,0,0,0,1,0,1
200600045122,6,8,12,1315,1,6,1,3,4758300,-308100,3,2,0,0,0,1,0,60,0,5,1,0,1,0,1,1,1
200600045130,6,8,28,1445,1,1,1,7,4801000,-248600,3,2,2,0,2,4,70,0,1,0,3,0,0,0,1,0,1
200600045132,6,8,1,1645,1,9,1,1,4916100,-45600,9,2,2,3,2,1,60,0,1,0,1,3,2,0,1,0,1
200600045134,6,8,23,1315,1,1,1,2,4916800,-47300,3,2,2,0,1,1,0,56,1,0,1,0,1,0,1,0,1
200600045135,6,8,26,1900,1,1,1,6,4924200,-44900,3,3,2,0,0,3,0,100,1,0,1,0,0,0,1,1,1
200600045136,6,8,30,1330,1,1,1,1,4918700,-48700,3,2,0,0,1,1,0,60,1,5,1,0,1,0,1,0,1
200600045137,6,8,19,1815,1,1,1,1,4904500,-32000,3,2,0,0,0,3,0,57,2,0,1,0,3,1,0,0,1
200600045139,6,8,1,1245,1,1,1,6,4924800,-18400,3,2,2,0,1,1,0,66,1,0,1,0,2,1,0,0,1
200600045141,6,8,1,1745,1,1,1,3,4891200,-48400,3,2,0,0,0,2,0,114,1,5,1,0,9,0,1,0,1
200600045143,6,8,22,1930,2,1,1,7,4895700,-40900,3,2,2,0,1,2,0,38,1,0,1,0,0,0,1,1,1
200600045144,6,8,26,2030,2,1,1,6,4886000,-26100,3,2,2,0,1,3,0,50,1,0,3,0,0,1,0,0,1
200600045145,6,8,28,1730,1,1,1,6,4894100,-50600,3,2,2,0,1,1,0,60,1,0,4,0,1,0,1,0,1
200600045148,6,8,24,1830,1,3,1,3,4919000,30000,3,2,2,0,1,2,0,45,1,0,1,0,1,0,0,1,1
200600045149,6,8,20,1100,1,1,2,3,4927600,16800,3,2,0,0,2,1,0,70,2,0,1,0,1,0,1,0,1
200600045152,6,8,4,1045,1,1,1,1,4904100,-72900,3,2,0,0,3,1,105,0,1,5,1,0,2,0,0,1,1
200600045154,6,8,19,530,3,1,1,6,4901700,-62300,3,2,2,0,1,1,0,0,1,0,1,0,0,0,1,0,1
200600045155,6,8,22,1945,1,1,1,6,4884400,-79600,3,2,1,0,1,1,30,0,1,0,1,0,0,0,0,2,1
200600045157,6,8,7,1300,1,1,1,1,4902700,-114500,3,2,2,0,2,1,0,0,1,0,1,0,1,1,2,0,1
200600045162,6,8,18,1815,1,1,1,1,4868500,-132000,3,2,2,0,0,1,0,61,1,0,1,0,3,0,0,2,1
200600045163,6,8,18,2345,3,1,8,6,4970300,-184300,3,0,2,0,1,1,0,54,1,0,1,0,0,0,1,0,1
200600045171,6,8,2,1500,1,1,1,3,4916500,-138600,3,2,2,0,1,1,0,56,1,0,1,0,1,0,1,0,1
200600045174,6,8,20,1415,1,2,1,3,4898000,-124000,3,2,2,0,2,1,0,60,1,5,1,0,0,0,1,1,1
200600045176,6,8,9,1130,1,1,1,1,4931700,-153900,3,2,2,0,2,1,0,73,1,0,1,0,0,2,1,1,1
200600045177,6,8,11,1545,1,1,1,3,4930500,-157600,3,2,2,0,0,1,0,109,1,5,1,0,1,1,0,0,1
200600045178,6,8,30,1630,1,1,1,1,4925500,-163400,3,2,2,0,1,0,0,82,1,0,1,0,0,2,0,0,1
200600045179,6,8,4,945,1,1,1,7,4864000,-94000,3,2,0,0,2,2,0,0,1,0,1,0,0,0,1,0,1
200600045180,6,8,11,845,1,1,1,7,4860000,-96000,3,2,2,0,2,2,0,51,1,0,1,0,0,0,1,0,1
200600045181,6,8,16,1900,1,1,8,1,4857000,-77000,3,2,0,0,1,2,0,0,2,0,1,0,1,0,1,0,1
200600045186,6,8,1,1500,1,1,1,6,4876900,-300,3,2,2,0,0,2,70,0,1,0,1,0,0,0,1,0,1
200600045188,6,8,29,1915,1,1,2,7,4862600,-700,4,2,0,0,2,3,0,0,2,0,3,0,0,0,1,0,1
200600045191,6,8,31,930,1,1,1,1,4829500,58800,3,2,0,0,0,1,43,0,1,0,0,0,0,0,1,1,1
200600045192,6,8,19,1430,1,8,1,3,4705000,-115100,5,0,0,0,1,1,0,0,1,4,0,0,3,2,0,0,1
200600045193,6,8,24,1530,1,1,1,1,4712000,-135600,3,2,2,0,0,1,0,62,1,0,1,0,0,1,0,1,1
200600045194,6,8,5,315,3,1,1,7,4742000,-125100,3,2,2,0,0,2,0,55,1,0,3,0,0,0,2,0,1
200600045196,6,8,23,2145,3,1,2,7,4742100,-124900,3,2,2,0,1,3,0,58,2,0,3,0,0,0,1,0,1
200600045199,6,8,18,330,3,1,8,6,4736400,-123400,3,2,2,0,0,2,0,72,2,0,3,0,2,0,1,2,1
200600045200,6,8,20,2200,3,1,1,6,4755100,-126700,3,2,2,0,1,1,0,70,1,0,3,0,3,0,1,0,1
200600045201,6,8,24,100,3,1,3,6,4747200,-131600,4,2,2,0,0,2,0,37,2,0,3,0,1,1,0,0,1
200600045203,6,8,22,930,1,1,1,1,4773200,-132700,3,2,0,0,1,3,0,64,1,0,1,0,0,1,1,0,1
200600045204,6,8,10,1900,1,1,1,3,4771900,-135600,3,2,2,0,1,1,0,60,1,0,1,0,1,0,1,0,1
200600045206,6,8,23,1915,1,2,1,3,4767200,-138000,3,2,0,0,1,1,0,56,1,5,1,0,1,0,1,0,1
200600045207,6,8,31,1400,1,1,1,1,4763700,-137800,3,0,2,0,0,1,0,91,1,0,1,0,2,1,0,0,1
200600045208,6,8,5,1230,1,1,1,6,4750700,-177300,4,2,2,0,1,2,0,0,1,0,1,0,1,0,0,1,1
200600045209,6,8,16,1930,1,1,3,1,4752600,-161800,3,2,2,0,2,4,60,0,2,0,1,0,1,1,0,0,1
200600045211,6,8,15,45,5,1,1,3,4719000,-168000,3,2,2,0,1,1,0,50,1,0,1,0,1,0,1,0,1
200600045212,6,8,16,1800,1,1,2,6,4714000,-169000,3,2,0,0,1,1,0,0,2,0,1,0,1,1,0,0,1
200600045215,6,8,27,2330,3,1,1,2,4711200,-185800,3,2,2,0,1,1,0,0,0,0,1,0,0,0,1,0,1
200600045216,6,8,6,1145,1,1,1,7,4721000,-205200,3,2,2,0,1,1,0,65,1,5,1,0,0,0,1,0,1
200600045217,6,8,21,2345,5,2,1,3,4716300,-217200,4,0,2,0,1,1,0,55,1,5,1,0,4,0,0,3,1
200600045218,6,8,23,1715,1,1,1,3,4722000,-204000,3,2,2,0,1,1,0,70,1,5,1,0,2,0,1,0,1
200600045219,6,8,24,1730,1,1,1,3,4722500,-209300,3,2,2,0,1,1,0,58,1,0,1,0,0,1,1,2,1
200600045221,6,8,2,600,2,1,1,6,4719600,-184000,3,2,2,0,1,1,60,0,1,0,1,0,0,0,1,0,1
200600045222,6,8,2,1530,1,1,2,3,4697000,-175500,3,2,2,0,1,1,59,0,2,0,1,0,0,0,2,2,1
200600045226,6,8,28,1215,1,1,2,1,4737000,-237900,3,2,2,0,1,3,0,0,2,0,1,0,1,0,1,0,1
200600045228,6,8,4,2000,1,2,1,3,4744400,-22900,2,2,2,0,0,3,70,0,1,0,1,0,4,1,0,0,1
200600045229,6,8,4,1030,1,2,1,3,4746400,-10200,3,2,2,0,3,1,0,56,1,5,1,0,3,0,1,0,1
200600045230,6,8,7,2000,1,1,1,7,4744200,-22100,4,1,1,0,1,3,0,0,9,0,1,0,1,0,2,0,1
200600045231,6,8,11,1430,1,3,2,5,4745600,-26200,2,2,2,0,0,1,15,122,1,5,1,0,2,0,1,0,1
200600045232,6,8,1,745,1,1,1,1,4734000,-48000,3,2,2,0,1,2,0,49,1,0,1,0,1,0,0,1,1
200600045238,6,8,25,1915,1,6,1,3,4751000,-50400,3,2,2,0,1,1,0,60,1,0,1,0,2,0,1,0,1
200600045239,6,8,19,1945,1,1,1,7,4738400,-88100,3,2,2,0,1,1,0,60,1,0,3,0,0,1,0,0,1
200600045240,6,8,22,1715,1,1,1,1,4761500,-28300,3,2,2,0,1,3,0,37,1,0,1,0,1,1,1,0,1
200600045242,6,8,13,1800,1,1,1,6,4720100,-99300,4,2,2,0,2,1,0,68,1,0,3,0,0,1,0,0,1
200600045251,6,8,6,1330,1,1,1,6,4757700,-7200,3,2,2,0,1,2,0,0,1,0,1,0,0,0,1,0,1
200600045252,6,8,10,1915,1,1,1,1,4720100,-28800,9,2,0,0,1,3,0,59,1,0,1,0,1,0,1,0,1
200600045254,6,8,10,1945,1,1,1,1,4724000,3000,2,2,2,0,1,2,0,64,1,0,1,0,3,0,3,1,1
200600045257,6,8,28,1145,1,1,2,1,4753100,-80400,3,2,2,0,1,1,0,70,2,0,1,0,0,0,4,0,1
200600045263,6,8,22,1400,1,1,1,1,4810700,-62000,3,2,0,0,0,3,0,56,1,0,0,0,0,0,1,1,1
200600045264,6,8,2,1230,1,1,2,3,4815400,-41300,3,0,2,0,1,1,0,70,2,0,1,0,1,0,1,0,1
200600045265,6,8,20,1530,1,1,1,7,4816900,-44600,4,2,2,0,1,3,0,0,1,0,1,0,0,0,2,0,1
200600045266,6,8,30,2145,5,1,1,3,4782400,-68800,3,2,2,0,1,1,0,53,1,5,1,0,1,0,2,0,1
200600045270,6,8,30,1815,1,9,1,3,4829900,-61600,2,2,2,0,1,1,70,50,1,0,1,0,1,0,1,0,1
200600045271,6,8,12,1845,1,1,1,1,4830300,-89600,2,2,0,0,1,1,0,70,1,0,1,0,0,0,4,0,1
200600045274,6,8,21,1245,1,1,1,6,4836300,-41300,3,2,1,0,1,1,0,55,2,0,3,0,0,1,1,1,1
200600045275,6,8,11,2100,2,1,8,6,4805600,66100,3,2,0,0,0,1,0,61,2,0,3,0,0,3,0,0,1
200600045278,6,8,31,2100,3,1,1,6,4812900,24300,4,2,1,0,1,1,0,21,1,0,1,0,0,0,1,0,1
200600045279,6,8,13,1530,1,1,1,3,4802300,-4300,2,2,2,0,0,1,0,68,1,0,1,0,0,0,2,0,1
200600045283,6,8,31,1100,1,3,1,1,4779900,1000,3,2,2,0,1,1,0,73,1,0,1,0,1,0,1,0,1
200600045284,6,8,10,2030,1,1,1,7,4775200,14700,3,2,0,0,2,2,0,61,1,0,1,0,0,0,1,0,1
200600045287,6,8,30,1630,1,2,1,3,4784900,-33600,3,2,0,0,0,1,0,0,1,0,1,3,1,0,1,0,1
200600045290,6,8,24,1230,1,1,1,3,4808900,55700,2,2,3,0,3,1,0,0,1,0,1,0,1,0,1,0,1
200600045291,6,8,3,100,3,1,1,6,4832500,9400,3,2,2,0,0,0,0,0,0,0,0,0,0,0,1,1,1
200600045292,6,8,13,515,3,1,1,5,4832200,9500,2,2,2,0,1,1,0,72,1,0,1,0,1,0,2,3,1
200600045303,6,8,12,1145,1,1,1,2,4639700,-119700,3,2,0,0,0,1,0,0,1,0,1,0,1,0,1,0,1
200600045304,6,8,13,145,3,1,1,6,4644500,-110100,3,2,0,0,1,1,0,75,1,0,3,0,1,0,1,0,1
200600045305,6,8,29,815,1,1,2,6,4648800,-118400,3,2,2,0,1,1,0,61,2,0,3,0,0,0,1,0,1
200600045306,6,8,30,1745,1,1,1,6,4645900,-116700,3,0,0,0,0,1,0,70,1,6,1,0,1,0,1,0,1
200600045311,6,8,16,1645,1,1,2,6,4680600,-92100,3,2,2,0,1,2,0,52,2,0,1,0,0,0,1,0,1
200600045312,6,8,3,745,1,1,1,1,4689500,-183000,3,2,1,0,1,1,0,0,1,4,3,0,1,1,0,0,1
200600045313,6,8,4,1900,1,1,1,6,4676100,-171500,3,2,0,0,1,1,0,64,1,0,1,0,0,1,0,0,1
200600045314,6,8,23,1815,1,1,1,2,4686000,-189900,3,2,2,0,1,1,0,0,1,0,1,0,1,0,1,0,1
200600045315,6,8,25,1335,1,1,1,3,4680800,-177900,3,2,2,0,2,1,0,70,1,0,1,0,0,0,2,0,1
200600045331,6,8,4,1620,1,1,1,3,4518000,-44000,3,2,2,0,1,1,0,58,1,5,1,0,1,1,0,0,1
200600045332,6,8,27,1900,1,1,1,3,4514000,-51000,3,2,0,0,0,1,0,50,1,0,1,0,0,0,1,1,1
200600045333,6,8,7,1445,1,1,1,6,4459100,-22600,4,2,2,0,2,1,0,40,1,0,3,0,0,1,0,0,1
200600045334,6,8,6,1030,1,1,1,6,4488300,-38100,2,0,0,0,0,1,25,70,1,0,3,0,0,0,1,0,1
200600045340,6,8,25,1730,1,2,1,3,4455500,-23900,2,2,0,0,1,1,0,115,1,5,1,0,1,0,0,1,1
200600045341,6,8,29,1215,1,1,1,6,4455800,-24700,6,1,1,0,0,0,0,0,1,0,1,0,1,0,1,0,1
200600045342,6,8,25,430,3,1,2,7,4464700,6100,3,2,2,0,3,0,0,0,2,0,3,0,0,0,0,1,1
200600045343,6,8,20,1115,1,1,1,6,4440600,-35000,3,2,2,0,1,1,0,50,1,0,3,0,0,0,0,1,1
200600045349,6,8,7,1745,1,3,1,3,4553700,-109900,2,0,0,0,0,1,0,83,1,5,1,0,1,0,1,0,1
200600045353,6,8,20,330,3,1,1,6,4483000,-28000,3,2,0,0,3,2,0,58,1,0,3,0,0,1,0,0,1
200600045354,6,8,25,1115,1,1,3,1,4478400,-13600,3,2,2,0,3,2,0,58,2,0,1,0,1,1,0,0,1
200600045355,6,8,28,1415,1,2,1,3,4498400,-14800,2,2,0,0,1,1,0,70,1,0,1,0,0,1,0,2,1
200600045356,6,8,31,645,3,1,1,1,4498600,-14600,3,2,2,0,1,1,0,75,1,0,1,0,0,0,1,2,1
200600045358,6,8,28,615,2,1,2,6,4509400,-200,3,2,2,0,2,3,0,78,2,0,1,0,0,1,0,0,1
200600045360,6,8,22,615,2,1,1,1,4499200,-26900,3,2,0,0,1,1,0,66,1,0,1,0,1,0,1,0,1
200600045365,6,8,11,2330,3,1,1,1,4531700,111800,3,2,2,0,1,1,0,52,1,0,0,0,2,0,1,0,1
200600045366,6,8,21,1630,1,1,1,3,4531300,86900,3,2,2,0,2,3,0,50,1,0,1,0,1,0,1,0,1
200600045372,6,8,2,1845,1,1,3,1,4552800,66100,3,2,2,0,4,3,0,0,2,0,1,0,1,0,1,0,1
200600045373,6,8,9,1730,1,1,1,3,4539000,113700,3,2,2,0,1,2,0,105,1,5,1,0,1,0,1,0,1
200600045374,6,8,19,1845,1,1,8,3,4541400,92500,2,4,3,0,1,1,0,110,1,5,1,0,3,0,2,0,1
200600045376,6,8,8,830,1,1,1,1,4528500,54600,3,2,1,0,1,1,0,64,1,0,1,0,1,0,1,1,1
200600045377,6,8,19,1145,1,1,1,6,4532900,31100,3,2,2,0,1,1,0,52,1,0,3,0,0,0,1,0,1
200600045378,6,8,19,1500,1,9,8,3,4525800,49000,3,2,2,0,1,1,0,60,2,0,1,0,2,0,1,0,1
200600045379,6,8,10,1430,1,1,1,1,4502900,6700,3,2,0,0,1,1,0,0,1,0,1,0,1,0,1,0,1
200600045382,6,8,3,1115,1,1,1,2,4491600,93900,9,2,2,0,0,1,0,60,1,0,1,0,1,0,1,0,1
200600045384,6,8,1,1100,1,1,8,6,4359600,-110800,3,2,2,0,2,4,0,43,2,0,1,0,0,1,0,0,1
200600045385,6,8,4,2200,3,1,1,7,4359200,-88400,3,2,2,0,1,2,0,110,8,0,1,0,0,0,1,0,1
200600045387,6,8,9,900,1,1,1,6,4361700,-101400,3,2,2,0,1,1,0,60,1,0,3,0,0,0,1,0,1
200600045394,6,8,11,1800,1,1,1,1,4356000,-145000,2,1,2,0,4,1,30,136,1,5,1,0,2,0,1,0,1
200600045404,6,8,10,1530,1,1,1,1,4385600,-30500,3,2,2,0,1,1,0,76,1,0,1,0,2,0,1,0,1
200600045405,6,8,27,915,1,1,1,6,4412000,-10500,4,2,0,0,1,1,0,39,1,0,1,0,0,0,1,0,1
200600045407,6,8,16,1145,1,1,1,6,4413900,66500,3,2,0,0,0,3,0,0,1,0,4,0,0,1,0,0,1
200600045408,6,8,17,1100,1,1,1,6,4418200,63600,3,2,4,0,1,1,5,66,1,5,1,0,0,1,0,1,1
200600045411,6,8,27,1415,1,1,1,2,4423700,55100,3,2,2,0,1,1,0,60,1,0,1,0,1,0,1,1,1
200600045412,6,8,2,1730,1,1,1,1,4429900,34300,2,2,0,3,0,1,0,101,1,5,1,0,0,0,2,0,1
200600045413,6,8,9,1,1,2,1,3,4448000,10800,3,2,2,0,1,1,0,61,1,0,1,0,1,0,2,0,1
200600045414,6,8,5,1945,1,1,1,2,4454900,8900,2,2,0,0,0,3,0,0,1,0,1,0,3,0,1,1,1
200600045417,6,8,10,800,2,1,8,6,4437000,32000,2,2,1,0,0,1,0,75,1,0,3,0,0,1,0,0,1
200600045420,6,8,25,1400,1,1,2,1,4437000,36000,3,2,2,0,2,1,0,68,2,0,1,0,1,0,4,0,1
200600045423,6,8,27,430,5,1,1,6,4439600,31400,9,2,2,0,1,2,0,74,1,0,1,0,0,0,0,1,1
200600045424,6,8,20,1900,1,1,1,7,4436500,44900,3,2,2,0,1,1,0,74,1,0,1,0,0,0,3,0,1
200600045429,6,8,12,1030,1,1,1,3,4339900,-37800,2,2,3,3,4,1,0,105,1,0,1,0,4,1,0,0,1
200600045437,6,8,5,1015,1,3,1,3,4345200,-151700,3,2,2,0,0,1,0,70,1,5,1,0,2,0,1,0,1
200600045438,6,8,25,2215,3,1,1,7,4323000,-84200,3,2,2,0,3,2,0,48,1,0,3,0,0,1,0,0,1
200600045440,6,8,19,1415,3,1,2,6,4322200,-62600,3,2,2,0,1,0,0,44,1,0,1,0,1,1,0,0,1
200600045442,6,8,31,1445,1,1,1,1,4355600,-70900,3,0,0,0,0,0,0,0,0,0,0,0,2,0,2,0,1
200600045453,6,8,13,1045,1,1,1,6,4634800,87500,3,2,2,0,2,3,0,47,1,0,0,0,0,0,1,0,1
200600045454,6,8,17,1000,1,1,1,1,4632100,82600,2,2,2,0,1,1,76,76,1,0,1,0,7,0,1,0,1
200600045458,6,8,5,1,4,1,1,6,4531900,24900,3,2,0,0,4,2,0,0,1,0,3,0,1,0,3,0,1
200600045461,6,8,6,500,3,1,1,6,4546400,-17100,4,2,2,0,1,2,0,0,1,0,1,0,4,0,2,0,1
200600045464,6,8,21,1600,1,1,8,7,4597000,26100,3,2,2,0,1,1,0,38,1,0,3,0,0,0,1,0,1
200600045467,6,8,3,2245,3,1,1,6,4581800,7700,3,0,2,0,1,3,0,60,1,0,4,0,0,1,0,0,1
200600045473,6,8,12,415,5,1,1,6,4613500,-100500,9,2,2,0,1,1,0,46,1,0,1,3,0,0,1,0,1
200600045477,6,8,22,2145,3,1,1,6,4620200,-141400,3,2,0,0,1,4,0,67,1,0,1,0,0,0,1,0,1
200600045478,6,8,29,1915,1,1,7,6,4620900,-136200,4,3,2,3,0,0,70,0,1,7,1,0,0,0,1,0,1
200600045479,6,8,6,2330,3,1,1,2,4581500,-106800,3,2,0,0,1,3,0,78,1,0,1,0,4,0,1,0,1
200600045480,6,8,10,2230,3,1,1,6,4593000,-101600,3,2,2,0,2,1,0,0,1,0,3,0,0,2,0,0,1
200600045485,6,8,17,1440,1,1,1,6,4591100,-126700,4,0,0,0,0,0,0,0,0,0,0,0,0,0,1,0,1
200600045486,6,8,26,1230,1,3,1,5,4593600,-129200,3,2,0,0,1,1,0,126,1,5,1,0,2,0,1,0,1
200600045490,6,8,8,945,1,9,1,6,4573800,-110100,3,2,0,0,1,1,0,52,1,0,1,0,1,0,1,0,1
200600045491,6,8,30,1745,1,1,1,1,4578200,-114300,4,2,0,0,0,0,0,67,1,0,1,0,1,0,1,0,1
200600045493,6,8,14,830,1,1,1,3,4599300,-105500,3,2,0,0,1,1,0,63,1,0,1,0,1,0,1,0,1
200600045500,6,8,12,300,3,1,1,6,4568400,-49700,3,2,2,0,1,1,0,38,1,0,3,0,0,1,1,0,1
200600045501,6,8,13,1800,1,1,1,3,4559200,-76500,3,2,1,0,1,1,0,52,1,0,1,0,1,0,1,1,1
200600045505,6,8,1,855,1,1,1,1,4605200,-40300,3,2,2,0,3,2,0,63,1,0,1,0,1,1,0,1,1
200600045506,6,8,12,715,1,1,1,7,4627300,-70700,3,2,2,0,1,1,54,0,1,0,3,0,0,0,1,1,1
200600045512,6,8,6,545,2,1,1,6,4654000,-31000,3,2,0,0,1,3,0,65,1,0,1,0,0,0,1,0,1
200600045517,6,8,29,1445,1,1,3,6,4617000,95700,2,2,0,0,2,3,0,69,2,0,3,0,1,0,1,0,1