Num_Acc,an,mois,jour,hrmn,lum,int,atm,col,lat,long,catr,circ,nbv,vosp,prof,plan,lartpc,larrout,surf,infra,situ,env1,unscathed,killed,hospital,light,chance
200600045518,6,8,14,1830,1,1,1,7,4604200,139400,3,2,0,0,1,1,0,32,1,0,1,0,0,0,1,0,1
200600045519,6,8,30,615,2,1,5,7,4582800,92300,3,2,1,0,1,2,0,52,1,0,3,0,0,0,1,0,1
200600045520,6,8,4,845,1,2,1,3,4525000,162300,3,2,2,0,1,1,0,65,1,5,0,0,0,0,1,2,1
200600045526,6,8,26,1045,1,9,1,5,4511600,191400,2,2,2,0,1,1,0,76,1,0,1,0,2,0,1,3,1
200600045527,6,8,13,2100,3,1,2,6,4537800,206000,3,2,2,0,2,2,0,70,2,0,3,0,0,0,1,0,1
200600045530,6,8,17,635,2,1,2,1,4512900,171700,3,2,0,0,2,2,0,70,2,0,1,0,0,0,0,2,1
200600045531,6,8,21,1445,1,1,1,7,4513000,171600,3,2,0,0,0,2,0,70,1,0,3,0,0,0,1,1,1
200600045533,6,8,6,600,2,1,1,7,4537300,153500,4,2,2,0,1,3,0,60,1,0,3,0,0,0,1,0,1
200600045534,6,8,9,1430,1,1,1,7,4537500,153100,3,2,0,0,1,2,0,60,9,0,1,0,0,0,1,1,1
200600045535,6,8,27,1830,1,1,1,3,4558200,235700,3,2,2,0,3,1,0,66,1,0,1,0,0,0,1,2,1
200600045538,6,8,23,1100,1,2,1,3,4613300,212300,3,2,0,0,1,1,0,58,1,0,1,0,1,0,1,0,1
200600045540,6,8,24,1100,1,1,8,1,4571600,229200,3,2,2,0,2,4,0,59,2,0,1,0,1,0,2,0,1
200600045542,6,8,18,730,1,1,1,1,4627000,238000,2,2,2,0,1,1,0,110,1,0,1,0,1,2,0,0,1
200600045543,6,8,25,230,3,9,1,7,4619000,235000,3,2,2,0,2,1,0,58,1,0,0,0,1,0,1,1,1
200600045544,6,8,14,1745,1,1,1,6,4609000,156900,4,2,2,0,0,3,0,28,1,0,3,0,0,0,1,0,1
200600045545,6,8,7,1815,1,1,1,7,4593200,183900,3,2,2,0,1,2,0,66,1,0,0,0,0,0,0,1,1
200600045548,6,8,31,1600,1,1,1,3,4377600,129300,4,2,2,0,1,1,0,0,1,0,0,0,2,0,1,0,1
200600045551,6,8,26,2100,3,1,1,1,4366300,121000,3,2,2,0,1,1,0,58,1,0,1,0,3,0,1,0,1
200600045552,6,8,14,815,1,3,1,3,4352000,141900,3,0,2,0,1,1,0,59,1,0,1,0,0,0,2,0,1
200600045553,6,8,25,1330,1,1,2,6,4370900,138400,4,2,2,0,1,1,20,65,2,0,1,0,1,0,3,0,1
200600045554,6,8,2,1115,1,1,1,7,4337000,133000,3,2,2,0,1,1,0,65,1,0,3,0,1,0,1,0,1
200600045555,6,8,14,1215,1,1,1,7,4335000,143000,3,2,2,0,2,1,0,70,1,0,1,0,0,0,1,0,1
200600045556,6,8,13,2130,3,1,1,1,4334000,147000,3,2,2,0,1,1,0,55,1,0,1,0,2,0,1,0,1
200600045557,6,8,12,1000,1,1,1,5,4317800,96500,2,2,2,0,1,1,0,90,1,0,1,0,2,0,0,7,1
200600045558,6,8,4,1930,1,1,1,2,4352100,118100,3,2,2,0,2,1,0,62,1,5,1,0,0,1,0,1,1
200600045560,6,8,15,1745,1,2,8,5,4304000,60000,3,2,2,0,0,1,0,60,2,5,1,0,2,0,2,1,1
200600045561,6,8,17,1915,1,1,1,6,4308000,60000,4,2,2,0,1,1,0,50,1,0,3,0,0,0,1,0,1
200600045562,6,8,3,1215,1,1,2,1,4293200,66700,2,2,2,0,1,1,0,71,2,0,3,0,1,0,1,0,1
200600045563,6,8,20,1715,1,1,1,5,4290000,62200,3,2,2,0,2,3,0,59,1,0,1,0,3,1,1,0,1
200600045566,6,8,12,545,5,1,1,6,4353300,175900,3,2,2,0,1,1,0,50,1,0,3,0,0,0,0,1,1
200600045567,6,8,17,1445,1,1,8,2,4345200,160100,2,2,3,0,1,1,0,90,1,0,1,0,1,0,1,3,1
200600045568,6,8,28,1030,1,1,8,6,4342400,149400,3,2,0,0,1,1,0,69,1,0,3,0,1,0,1,0,1
200600045570,6,8,21,1100,1,1,1,1,4301600,144400,3,2,2,0,1,1,0,72,1,0,1,0,0,1,0,1,1
200600045572,6,8,23,1700,1,1,1,3,4310900,165200,4,2,2,0,1,1,0,39,1,0,1,0,2,0,1,0,1
200600045573,6,8,17,1815,1,1,1,6,4310600,143800,3,2,2,0,2,2,0,62,1,0,3,0,0,0,1,0,1
200600045574,6,8,9,2230,1,1,1,1,4298700,189800,3,2,0,0,1,2,0,40,1,0,1,0,1,1,0,0,1
200600045583,6,8,17,1815,1,1,2,1,4450200,243900,3,2,0,0,1,3,63,0,2,0,1,0,5,0,1,0,1
200600045584,6,8,30,745,1,1,1,3,4444700,244000,3,2,2,0,1,2,0,80,1,0,1,0,1,0,0,1,1
200600045585,6,8,21,1045,1,1,1,3,4424600,295400,3,2,2,0,2,1,0,75,1,5,1,0,1,0,0,1,1
200600045586,6,8,27,1100,1,1,1,6,4428100,307300,3,2,2,0,4,2,0,75,1,0,1,0,0,1,0,0,1
200600045588,6,8,22,1815,1,1,1,3,4371200,85400,3,2,2,0,1,2,0,70,1,0,1,0,5,0,1,1,1
200600045589,6,8,27,1045,1,1,1,7,4374000,80600,3,2,2,0,2,1,0,40,1,0,3,0,0,0,1,0,1
200600045593,6,8,23,1030,1,1,1,3,4388400,38600,3,2,2,0,1,2,30,68,1,5,1,0,1,1,0,0,1
200600045594,6,8,3,1130,1,1,1,6,4383100,-8900,4,2,0,0,2,1,0,27,1,0,1,0,0,0,0,1,1
200600045597,6,8,25,1600,1,1,2,2,4378500,-2800,3,2,0,0,1,1,0,71,2,0,1,0,0,0,0,2,1
200600045600,6,8,28,1945,1,1,1,6,4393900,-9200,3,2,2,0,1,1,0,65,1,0,3,0,0,0,1,0,1
200600045603,6,8,16,1715,1,1,1,1,4361700,1300,9,2,2,0,1,1,0,42,1,0,1,0,1,0,1,0,1
200600045604,6,8,21,1100,1,2,1,3,4357500,6600,3,2,2,0,1,1,0,55,1,0,1,0,4,0,0,1,1
200600045605,6,8,29,1315,1,1,1,6,4360600,1600,3,2,2,0,1,1,0,60,1,0,3,0,1,0,1,0,1
200600045606,6,8,24,1820,1,3,1,1,4434200,157700,3,2,2,0,1,3,0,57,1,0,1,0,1,0,1,0,1
200600045607,6,8,13,400,3,1,1,6,4436000,122800,3,2,0,0,1,1,0,60,1,0,3,0,0,0,1,0,1
200600045610,6,8,2,1030,1,1,1,6,4461300,202300,3,2,1,0,1,3,0,67,1,6,1,0,1,1,0,0,1
200600045611,6,8,6,1145,1,1,1,6,4467400,217000,2,2,2,0,1,1,0,70,1,0,3,0,1,0,1,0,1
200600045614,6,8,12,304,3,1,1,7,4489800,177500,3,2,2,0,1,2,0,64,1,0,1,0,0,1,0,0,1
200600045618,6,8,25,1125,1,1,2,3,4500800,151700,3,2,2,0,2,1,0,78,2,0,1,0,3,0,1,0,1
200600045619,6,8,21,1545,1,1,1,1,4487000,147900,3,2,3,0,2,3,0,120,1,0,1,0,2,0,1,0,1
200600045620,6,8,11,1430,1,1,1,1,4320000,900,2,2,0,0,1,1,0,66,1,0,1,0,1,1,1,0,1
200600045623,6,8,30,1230,1,1,1,2,4320700,3900,3,3,0,0,0,1,32,64,1,0,1,0,1,0,1,0,1
200600045628,6,8,17,1730,1,1,1,3,4298400,-16700,3,2,0,0,2,1,0,63,1,0,1,0,2,0,1,0,1
200600045635,6,8,23,1115,1,1,1,1,4407000,238000,3,2,2,0,2,4,0,58,1,0,1,0,1,0,1,0,1
200600045636,6,8,8,1830,1,1,1,4,4363400,210300,3,2,2,0,1,1,0,73,1,0,1,0,3,0,1,0,1
200600045640,6,8,26,1700,1,1,1,6,4367000,199200,3,2,0,0,1,2,0,61,1,0,1,0,0,2,0,2,1
200600045641,6,8,6,130,5,1,1,6,4390700,169400,3,2,2,0,1,3,0,55,1,0,3,0,0,1,0,0,1
200600045642,6,8,31,1800,1,1,1,1,4351800,238800,4,2,2,0,1,3,0,58,1,0,1,0,1,1,0,0,1
200600045643,6,8,6,1345,1,3,1,3,4353200,209700,3,2,2,0,1,1,0,66,1,5,1,0,3,0,1,0,1
200600045644,6,8,9,1015,1,1,1,2,4354400,201200,3,2,2,0,1,1,0,57,1,0,1,0,1,0,1,0,1
200600045648,6,8,27,530,3,1,1,2,4414400,151000,2,2,2,0,1,1,0,79,1,0,1,0,0,0,3,0,1
200600045657,6,8,11,915,1,2,1,3,4410900,109000,3,2,2,0,1,1,0,101,1,5,1,0,2,0,1,0,1
200600045658,6,8,11,1915,1,9,1,6,4410500,108200,4,2,2,0,4,2,20,76,1,0,1,0,0,0,2,0,1
200600045659,6,8,13,1030,1,6,7,6,4396100,123300,3,2,2,0,1,3,0,60,1,5,1,0,1,0,1,0,1
200600045660,6,8,28,1200,1,1,1,7,4390600,116800,4,2,2,0,0,1,0,50,1,0,3,0,0,1,0,0,1
200600045679,6,8,14,2030,1,1,1,6,4613800,464000,3,2,2,0,2,1,0,60,9,0,3,0,0,0,1,0,1
200600045680,6,8,26,1,1,1,1,1,4625900,467900,3,2,2,0,2,1,0,50,1,0,1,0,1,0,0,1,1
200600045681,6,8,3,815,1,1,8,6,4604000,467000,4,0,0,0,0,1,0,0,2,0,3,0,0,0,0,1,1
200600045682,6,8,9,1830,1,1,1,6,4605000,466000,3,2,0,0,2,2,0,0,1,0,1,0,0,0,0,1,1
200600045683,6,8,15,2045,2,1,6,6,4609000,472000,3,2,3,0,1,1,0,150,1,0,1,0,1,0,0,1,1
200600045685,6,8,26,1,1,1,1,6,4605900,471700,3,2,0,0,1,1,40,0,1,0,1,0,0,0,1,0,1
200600045693,6,8,15,1545,1,1,1,3,4640800,500900,3,2,0,0,0,1,60,0,1,0,1,0,3,0,1,0,1
200600045694,6,8,30,1945,1,1,1,6,4644000,497000,3,2,2,0,1,1,0,66,1,0,3,0,0,0,1,0,1
200600045697,6,8,19,1145,1,1,1,6,4586100,574700,3,2,2,0,2,3,0,57,1,0,1,0,1,0,1,0,1
200600045708,6,8,25,1615,1,1,1,3,4636600,602700,3,2,2,0,2,2,0,66,1,0,1,0,1,0,1,1,1
200600045711,6,8,25,1730,1,1,1,3,4612800,590300,3,2,1,0,2,1,0,0,1,0,1,0,0,0,2,0,1
200600045719,6,8,31,1945,1,1,1,7,4602100,476800,4,2,0,0,1,1,70,0,1,0,3,0,0,1,0,0,1
200600045720,6,8,18,2115,5,1,1,3,4438200,464700,4,2,1,0,1,1,0,79,1,0,1,0,1,1,0,0,1
200600045721,6,8,26,2315,3,1,1,3,4428000,462000,2,2,2,0,1,1,0,59,1,0,1,0,0,0,1,0,1
200600045722,6,8,27,230,3,1,1,6,4437000,464000,2,2,2,0,1,1,0,72,1,0,3,0,0,3,1,0,1
200600045726,6,8,8,1645,1,1,1,6,4481000,478000,3,2,2,0,1,1,0,0,1,0,1,0,1,0,0,1,1
200600045727,6,8,8,2000,1,9,1,1,4470000,470000,3,2,0,0,2,3,0,0,1,0,1,0,1,0,1,0,1
200600045728,6,8,30,130,3,1,1,7,4482800,468800,4,2,1,0,1,3,0,39,1,0,1,0,2,0,1,0,1
200600045730,6,8,16,2045,2,1,1,3,4475600,388200,2,2,0,0,1,1,70,0,1,0,1,0,1,0,2,0,1
200600045731,6,8,16,1615,1,1,1,5,4439600,440400,3,2,0,0,1,1,0,59,1,0,1,0,2,1,1,0,1
200600045732,6,8,26,1,3,1,1,6,4436500,437100,3,2,2,0,2,2,0,64,1,0,3,0,0,0,1,0,1
200600045735,6,8,12,1200,1,1,2,7,4494700,436600,3,2,2,0,1,3,0,68,1,0,0,0,0,0,3,0,1
200600045737,6,8,5,1545,1,1,1,6,4491300,465400,3,2,0,0,2,3,0,60,1,0,3,0,0,0,1,0,1
200600045738,6,8,14,1900,1,1,1,3,4503100,452900,4,2,2,0,2,3,0,30,1,5,1,0,1,0,1,0,1
200600045739,6,8,5,1515,1,1,1,1,4516700,469600,3,2,2,0,2,1,0,61,1,0,1,0,2,0,1,0,1
200600045743,6,8,26,145,3,1,1,7,4454400,479600,3,2,1,0,1,1,0,40,2,0,1,0,1,0,1,1,1
200600045745,6,8,2,1445,1,6,1,1,4438000,470000,3,0,0,0,1,2,0,0,1,2,1,0,0,0,0,2,1
200600045750,6,8,10,1730,1,1,1,2,4444700,498100,3,2,2,0,0,0,0,76,1,0,1,0,1,0,1,0,1
200600045751,6,8,1,1845,1,1,1,2,4499600,491200,3,2,2,1,0,1,0,105,1,5,1,0,1,0,0,1,1
200600045752,6,8,1,845,1,1,1,3,4512400,499900,3,2,2,0,0,3,0,70,1,5,1,0,1,0,0,1,1
200600045755,6,8,31,2315,3,1,1,1,4498100,515100,3,2,1,0,1,1,56,34,1,0,1,0,0,0,1,1,1
200600045760,6,8,7,1845,2,2,1,3,4527400,486200,3,2,2,0,1,3,0,110,1,0,1,0,4,0,1,0,1
200600045763,6,8,27,115,3,1,2,6,4516500,581700,3,2,2,0,2,4,0,90,2,0,3,0,1,0,1,0,1
200600045765,6,8,5,430,5,4,2,6,4516100,574400,4,2,2,1,1,3,0,65,2,5,3,0,1,0,1,0,1
200600045767,6,8,5,330,5,1,2,2,4513300,570700,2,3,2,3,1,1,30,84,2,0,1,0,1,1,1,0,1
200600045771,6,8,11,2045,1,1,1,5,4544300,577400,3,2,0,0,1,0,0,60,1,0,1,0,2,0,1,0,1
200600045772,6,8,23,930,1,1,1,3,4530800,595500,3,2,2,0,1,1,2,65,1,0,1,0,1,0,1,0,1
200600045774,6,8,26,1600,1,1,1,3,4517800,554000,4,2,0,0,1,0,0,0,1,0,1,0,1,0,1,0,1
200600045778,6,8,12,1730,1,1,1,1,4534000,557400,3,1,1,0,1,1,0,34,1,5,1,0,1,0,1,0,1
200600045779,6,8,13,530,3,1,1,6,4532500,559600,2,2,0,0,1,1,0,70,2,0,1,0,0,0,1,1,1
200600045780,6,8,11,2215,5,1,1,6,4536800,559200,2,2,2,0,4,3,0,0,1,0,1,0,0,0,1,0,1
200600045782,6,8,4,1930,2,1,1,6,4531200,511000,3,2,2,0,1,3,0,70,1,0,3,0,0,0,1,2,1
200600045783,6,8,10,1925,1,1,1,6,4520900,539900,2,2,2,0,1,1,0,73,1,0,1,0,0,1,0,0,1
200600045784,6,8,5,1130,1,1,1,5,4563400,529200,3,2,2,0,1,1,0,70,1,0,1,0,1,0,1,1,1
200600045785,6,8,10,1930,1,1,1,3,4559000,524500,4,0,0,0,1,1,0,0,1,0,1,0,1,0,1,0,1
200600045786,6,8,12,1700,1,1,7,1,4564800,539300,3,2,0,0,0,1,0,0,1,0,1,0,0,0,2,0,1
200600045788,6,8,26,1750,1,1,1,6,4572500,519700,5,0,0,0,1,1,0,0,9,0,0,0,1,0,2,0,1
200600045789,6,8,4,1145,1,1,2,1,4548800,539500,3,2,2,0,0,3,0,59,2,0,1,0,1,0,1,0,1
200600045791,6,8,3,230,3,1,3,6,4584000,532800,3,2,0,0,1,1,0,0,0,0,1,0,1,0,0,1,1
200600045795,6,8,2,1615,1,9,1,6,4556400,482400,3,2,2,0,1,4,35,70,1,0,1,0,0,0,1,0,1
200600045796,6,8,15,2100,2,6,2,7,4547600,483000,2,2,2,0,1,1,26,100,2,5,1,0,1,0,1,0,1
200600045798,6,8,2,915,1,1,1,3,4544000,529000,2,0,0,0,1,1,0,80,1,0,1,0,0,0,2,1,1
200600045799,6,8,13,1945,1,1,1,3,4534000,506000,3,2,2,0,1,1,35,65,1,0,1,0,3,0,0,2,1
200600045803,6,8,10,15,3,1,1,6,4532000,486000,3,2,2,0,1,1,0,70,1,0,3,0,0,1,0,0,1
200600045805,6,8,31,1845,1,9,1,3,4535000,481000,3,3,2,0,1,1,0,0,1,0,1,0,0,0,0,3,1
200600045808,6,8,31,1115,1,1,1,3,4538000,444200,3,0,1,0,1,2,0,70,1,0,1,0,1,0,0,1,1
200600045813,6,8,11,130,3,1,1,6,4574200,406700,2,2,0,0,1,1,0,72,1,0,1,0,0,0,1,0,1
200600045818,6,8,18,1800,5,1,1,6,4542100,401200,3,2,2,0,1,1,0,63,2,0,4,0,0,0,1,0,1
200600045819,6,8,5,1015,1,1,1,6,4563100,439000,4,2,0,0,1,1,0,40,1,0,1,0,1,0,1,0,1
200600045821,6,8,10,2100,2,1,1,6,4536300,470100,4,2,0,0,1,1,0,46,1,0,3,0,0,0,1,0,1
200600045822,6,8,29,1600,1,1,3,7,4538400,474900,3,2,0,0,1,3,0,52,2,0,3,0,1,0,1,0,1
200600045827,6,8,25,1640,1,1,1,5,4617600,419300,3,2,2,0,1,1,0,73,1,0,1,0,3,0,1,1,1
200600045831,6,8,10,1745,1,1,1,6,4553800,567800,2,2,0,0,1,3,70,0,1,0,1,0,1,0,1,0,1
200600045835,6,8,23,900,1,1,1,1,4565700,658000,3,2,0,0,0,4,0,46,0,0,1,0,3,0,1,0,1
200600045840,6,8,5,1015,1,1,1,5,4596000,612700,2,2,2,0,2,3,0,76,2,0,1,0,2,0,1,0,1
200600045847,6,8,20,130,3,1,2,1,4590100,664000,4,2,2,0,2,2,0,60,2,0,1,0,1,0,0,3,1
200600045852,6,8,23,1700,1,3,1,3,4610800,610000,2,2,3,0,1,1,32,108,1,5,1,0,1,1,0,0,1
200600045853,6,8,1,1300,1,1,8,1,4619300,629500,3,2,3,0,0,2,0,0,1,0,1,0,0,0,2,0,1
200600045855,6,8,28,1700,1,1,2,3,4618700,627400,4,2,2,0,1,1,0,0,2,0,1,0,1,0,1,0,1
200600045857,6,8,7,800,1,1,1,1,4612200,603700,4,2,2,0,2,2,0,100,1,0,1,0,0,0,2,0,1
200600045858,6,8,13,715,1,1,2,5,4632600,634200,2,2,2,0,0,1,0,68,2,0,1,0,4,1,0,0,1
200600045859,6,8,19,1100,1,1,1,6,4629900,631100,4,2,2,0,2,3,0,45,9,0,1,0,0,1,0,0,1
200600045864,6,8,2,1045,1,1,1,4,4635500,653300,3,2,2,0,1,1,0,65,1,0,1,0,2,0,0,4,1
200600045865,6,8,4,2130,3,1,2,7,4635900,665500,3,2,1,0,2,3,0,56,2,0,1,0,0,0,1,0,1
200600045867,6,8,23,2315,3,1,1,6,4640600,675600,2,2,2,0,1,4,0,74,1,0,1,0,0,0,1,0,1
200600045870,6,8,15,2315,3,2,2,3,4578200,301800,3,2,2,0,2,1,0,77,2,0,1,0,1,0,0,1,1
200600045871,6,8,2,1330,1,1,1,1,4573100,253100,4,2,2,0,1,1,0,30,1,0,1,0,1,0,1,0,1
200600045872,6,8,5,1810,1,1,1,3,4564700,324500,4,2,1,0,1,1,0,76,1,0,1,0,2,0,1,0,1
200600045873,6,8,13,245,3,1,6,6,4568900,294000,2,2,2,0,1,2,0,115,0,0,1,0,0,0,1,0,1
200600045874,6,8,24,1115,1,1,1,6,4549000,391200,3,2,2,0,2,1,0,67,1,0,3,0,0,0,1,1,1
200600045882,6,8,10,1950,1,1,1,3,4586800,301700,3,2,2,0,2,4,0,70,1,0,1,0,1,0,0,1,1
200600045883,6,8,23,2115,5,1,1,1,4595100,314000,3,2,2,0,1,1,0,80,1,0,1,3,0,0,2,0,1
200600045884,6,8,2,1615,1,1,1,1,4601600,335700,3,2,0,0,2,3,0,58,1,0,1,0,2,0,1,0,1
200600045885,6,8,30,530,5,1,8,6,4595300,308100,4,2,2,0,2,2,0,0,2,0,0,0,0,0,1,1,1
200600045887,6,8,10,1745,1,1,1,3,4585200,288900,3,2,2,0,1,1,0,69,1,0,1,0,2,0,0,1,1
200600045888,6,8,8,1700,1,1,1,7,4608000,298600,2,2,0,0,0,1,0,67,1,0,3,0,0,0,1,0,1
200600045893,6,8,26,1145,1,1,1,1,4578500,363900,4,2,2,0,2,3,0,38,2,0,1,0,1,0,3,0,1
200600045894,6,8,18,730,1,1,1,3,4601200,348800,3,2,2,0,1,1,0,74,2,0,1,0,0,0,2,0,1
200600045895,6,8,19,1015,3,1,1,6,4588800,331900,3,2,0,0,1,1,0,0,1,0,3,0,0,0,2,0,1
200600045906,6,8,2,600,2,1,1,7,4630600,278800,3,2,2,0,1,3,0,0,1,0,3,0,0,0,1,0,1
200600045908,6,8,5,30,3,9,1,6,4632600,300300,3,2,0,0,1,1,0,71,1,0,3,0,0,0,1,0,1
200600045909,6,8,10,1630,1,1,1,7,4638700,291600,4,0,0,0,2,1,0,0,0,0,0,0,0,0,1,0,1
200600045910,6,8,29,1,1,1,1,3,4610300,319900,2,2,0,0,1,1,0,60,1,0,1,0,1,0,0,1,1
200600045911,6,8,21,1100,1,2,1,3,4609800,320100,4,0,0,0,1,1,0,84,1,0,0,0,1,0,1,0,1
200600045912,6,8,12,1200,1,1,8,3,4639800,368600,3,2,2,0,0,1,0,65,2,0,1,0,1,0,1,0,1
200600045913,6,8,13,1815,1,2,1,3,4625300,363400,4,2,2,0,1,1,0,61,1,0,1,0,1,0,1,0,1
200600045915,6,8,6,130,3,1,1,6,4475000,221500,4,2,0,0,1,1,0,47,1,0,1,0,0,0,1,0,1
200600045918,6,8,2,1500,1,3,1,3,4535700,242200,3,2,2,0,1,1,0,59,1,0,1,0,1,0,1,0,1
200600045919,6,8,25,1245,1,1,1,3,4536500,250500,3,2,2,0,1,1,0,80,1,0,1,0,1,0,1,0,1
200600045920,6,8,14,1545,1,1,1,6,4501500,315600,3,2,0,0,2,3,0,89,1,0,1,0,1,0,1,0,1
200600045922,6,8,25,1115,1,1,1,7,4510200,378000,2,2,2,0,1,2,0,65,1,0,3,0,2,0,0,1,1
200600045923,6,8,3,1000,1,1,1,6,4489900,385000,2,2,2,0,1,1,0,78,1,0,1,0,1,0,1,0,1
200600045925,6,8,22,830,1,1,2,6,4478400,383900,3,2,0,0,2,1,0,47,2,0,1,0,1,0,1,0,1
200600045926,6,8,19,2345,3,1,2,6,4486100,384800,2,2,2,0,1,1,0,76,2,0,0,0,0,0,1,0,1
200600045927,6,8,3,1500,1,1,1,3,4494000,399000,4,0,1,0,2,3,0,21,9,0,1,0,1,0,2,0,1
200600045928,6,8,17,1500,1,1,3,3,4493600,411800,3,2,2,0,2,3,0,70,2,0,1,0,1,0,2,2,1
200600045929,6,8,14,1,5,1,1,6,4513400,394200,4,2,0,0,2,3,0,0,1,0,1,0,0,0,1,0,1
200600045930,6,8,29,1130,1,2,2,3,4496000,348000,3,2,0,0,3,1,0,60,2,0,0,0,1,1,0,0,1
200600045931,6,8,27,1715,1,1,1,6,4531700,354700,3,0,2,0,2,1,0,66,9,0,1,0,0,0,2,0,1
200600045932,6,8,12,1045,1,1,2,6,4508500,352000,3,2,0,0,2,3,0,0,2,0,1,0,0,0,0,6,1
200600045934,6,8,6,2230,3,3,1,3,4537500,330100,2,2,2,0,2,1,0,76,1,0,3,0,4,0,1,0,1
200600045936,6,8,15,830,1,1,1,3,4522400,402200,3,2,2,0,0,2,60,47,1,0,1,0,1,0,1,0,1
200600045937,6,8,14,2130,3,1,1,6,4514900,411200,3,1,1,0,2,1,0,38,1,0,2,0,2,0,1,0,1
200600045938,6,8,20,730,1,1,1,6,4511100,415700,3,2,2,0,1,1,0,68,1,0,3,0,0,0,1,0,1
200600045943,6,8,12,1545,1,1,3,1,4503900,434800,3,2,2,0,0,3,0,70,2,0,1,0,2,0,1,0,1
200600045945,6,8,21,1700,1,1,1,7,4516100,431300,9,4,1,0,1,1,0,30,9,0,1,0,0,0,0,1,1
200600045946,6,8,29,1630,1,1,2,1,4521800,438100,3,2,2,0,1,3,0,70,2,0,1,0,1,0,1,0,1
200600045948,6,8,16,2200,3,1,1,6,4918700,606000,3,2,2,0,3,1,0,76,1,0,3,0,0,0,1,0,1
200600045949,6,8,28,900,1,1,3,6,4919800,600000,2,2,2,0,1,1,0,70,2,0,1,0,1,0,1,0,1
200600045952,6,8,21,1300,1,1,1,5,4917500,618700,3,2,2,0,1,1,0,80,1,0,1,0,1,0,1,1,1
200600045954,6,8,31,2145,3,1,1,7,4904500,615500,3,2,2,0,1,1,0,0,1,0,1,0,0,0,2,0,1
200600045960,6,8,4,2300,3,1,1,1,4895000,666100,2,2,0,0,1,3,0,75,1,0,1,0,0,0,3,2,1
200600045962,6,8,9,830,1,1,1,7,4905800,676700,3,2,2,0,1,1,0,0,1,0,1,0,0,0,1,0,1
200600045969,6,8,5,1430,1,1,3,3,4908000,704100,3,2,2,0,3,0,0,0,2,0,1,0,1,1,1,0,1
200600045970,6,8,7,2000,1,1,1,3,4933000,623800,3,2,2,0,1,1,21,84,1,0,1,0,0,0,1,1,1
200600045973,6,8,3,2015,1,1,9,3,4880000,607900,3,2,2,0,0,4,0,0,2,0,1,0,1,0,0,1,1
200600045974,6,8,3,545,2,1,1,7,4862100,609200,3,2,2,0,1,2,0,70,1,0,3,0,0,0,1,0,1
200600045975,6,8,5,640,2,1,2,1,4860300,613800,3,2,2,0,1,3,0,70,2,0,1,0,0,0,2,0,1
200600045979,6,8,15,1400,1,9,2,3,4847300,624400,3,2,2,0,1,1,0,0,2,3,1,0,1,0,0,2,1
200600045980,6,8,16,630,2,1,2,3,4840800,619400,3,2,2,0,0,2,0,60,2,0,1,0,1,0,0,1,1
200600045981,6,8,18,1015,1,1,1,7,4852900,606300,3,2,0,0,1,2,0,65,9,0,1,0,0,0,1,0,1
200600045989,6,8,4,1730,1,9,3,2,4845200,675400,2,3,2,0,2,2,0,110,2,0,2,0,0,0,1,2,1
200600045995,6,8,21,2115,1,1,1,6,4876500,559100,3,2,2,0,1,1,0,0,1,5,1,0,2,0,0,1,1
200600045996,6,8,27,415,3,1,8,7,4879600,564200,3,2,2,0,2,2,0,0,2,0,1,0,2,0,2,0,1
200600045999,6,8,15,1945,1,1,1,3,4949800,518900,4,2,2,0,1,1,0,60,1,0,1,0,1,0,1,0,1
200600046002,6,8,15,445,3,1,1,6,4907100,535100,3,2,2,0,1,1,0,65,2,0,3,0,0,2,1,0,1
200600046003,6,8,20,1900,1,1,1,1,4917200,545300,2,2,0,0,0,3,0,114,9,5,1,0,1,0,1,0,1
200600046005,6,8,1,1345,1,1,8,2,4836100,620300,3,2,2,0,0,1,0,61,1,0,1,0,1,0,1,0,1
200600046006,6,8,12,1500,1,1,1,7,4837800,625900,2,2,0,0,3,3,0,35,1,0,1,0,0,1,1,0,1
200600046007,6,8,28,1145,1,1,3,1,4808700,602800,3,3,0,0,2,3,0,0,2,0,1,0,0,0,2,0,1
200600046009,6,8,25,1845,1,1,1,1,4809900,649600,4,2,2,0,1,1,0,40,1,0,1,0,0,1,0,1,1
200600046010,6,8,25,1030,1,1,1,6,4836000,570100,2,0,0,0,2,1,0,61,1,0,1,0,2,0,0,1,1
200600046012,6,8,15,415,5,1,1,1,4830700,583400,3,2,2,0,2,1,0,76,1,5,1,0,1,0,2,3,1
200600046021,6,8,11,1815,1,1,2,7,4832000,767300,3,2,0,0,1,1,0,65,2,0,0,0,0,0,0,1,1
200600046022,6,8,14,1145,1,1,8,3,4835600,753900,3,2,0,0,1,1,0,48,1,0,1,0,4,0,3,0,1
200600046023,6,8,11,815,1,1,2,1,4849400,769400,3,2,0,0,1,0,0,63,2,0,1,0,1,0,1,0,1
200600046025,6,8,31,1600,1,2,1,1,4884300,768000,3,2,2,0,1,1,0,0,1,0,1,0,1,0,1,0,1
200600046026,6,8,13,915,1,1,8,3,4876800,786000,3,2,2,0,1,1,0,72,1,0,1,0,1,0,1,0,1
200600046028,6,8,9,1315,1,1,1,3,4857500,752900,3,2,0,0,1,1,0,54,1,5,1,0,2,0,1,0,1
200600046029,6,8,29,2030,5,1,1,3,4853600,746500,3,2,2,0,1,1,40,80,1,0,1,0,0,0,2,1,1
200600046033,6,8,11,2130,5,1,1,1,4888200,744700,3,2,2,0,1,1,0,78,1,0,1,0,1,0,1,0,1
200600046034,6,8,10,1615,1,1,1,6,4876100,747100,3,2,1,0,2,1,0,64,1,0,1,0,0,0,0,1,1
200600046038,6,8,16,2015,3,1,8,6,4892000,739700,3,2,2,0,1,3,0,67,1,0,3,0,0,1,0,0,1
200600046042,6,8,27,1230,1,1,1,6,4894100,729600,3,2,0,0,0,2,0,50,1,0,1,0,0,0,1,0,1
200600046045,6,8,5,1500,1,1,1,2,4866400,772200,2,2,0,0,1,1,0,88,1,0,1,0,1,0,1,0,1
200600046050,6,8,28,2330,3,1,8,6,4827800,733800,2,2,0,0,1,1,0,0,1,0,3,0,0,0,1,0,1
200600046054,6,8,10,1800,1,1,1,3,4895600,790200,3,2,2,0,3,1,76,76,1,0,1,0,2,0,0,1,1
200600046055,6,8,21,1430,1,2,1,5,4888900,771900,3,2,2,0,1,1,0,69,1,0,1,0,3,0,2,0,1
200600046057,6,8,18,800,1,1,2,6,4800000,706500,3,0,2,0,0,0,0,0,0,0,0,0,0,0,1,0,1