Num_Acc,an,mois,jour,hrmn,lum,int,atm,col,lat,long,catr,circ,nbv,vosp,prof,plan,lartpc,larrout,surf,infra,situ,env1,unscathed,killed,hospital,light,chance
200600046058,6,8,19,1700,1,1,1,3,4817300,734700,3,2,2,0,1,1,0,70,1,0,1,0,2,0,0,1,1
200600046059,6,8,19,1600,1,1,1,1,4803800,727600,3,2,0,0,0,3,0,45,1,0,1,0,1,0,2,0,1
200600046060,6,8,27,1730,1,1,1,7,4802200,734400,3,2,0,0,1,1,0,50,1,0,3,0,0,0,2,0,1
200600046061,6,8,1,1245,1,1,1,7,4762800,706200,3,2,0,0,0,1,0,80,1,0,3,0,0,0,1,2,1
200600046062,6,8,3,1500,1,1,1,1,4759600,713100,3,2,2,0,2,1,0,75,1,0,1,0,1,0,0,2,1
200600046063,6,8,3,1700,1,1,2,7,4747500,729300,3,2,2,0,0,2,0,0,2,0,1,0,0,0,1,0,1
200600046064,6,8,30,1800,1,1,3,7,4752900,731600,3,2,2,0,1,2,0,65,2,0,0,0,0,0,1,0,1
200600046066,6,8,24,1745,1,1,1,7,4786600,721000,3,2,2,0,4,1,0,40,1,0,3,0,0,0,1,0,1
200600046067,6,8,3,2000,2,1,1,5,4778300,738200,3,3,0,0,1,1,28,0,1,3,1,0,2,0,0,4,1
200600046069,6,8,23,1645,1,1,1,3,4772300,729700,3,2,0,0,4,1,0,79,1,5,1,0,1,0,1,0,1
200600046070,6,8,6,745,1,1,2,6,4779900,752400,3,2,2,0,0,1,0,0,2,0,1,0,0,0,0,1,1
200600046073,6,8,23,445,3,1,1,6,4768000,743000,3,2,2,0,1,1,0,80,1,0,1,0,0,0,1,0,1
200600046075,6,8,5,2315,3,1,1,1,4780800,719100,3,2,1,0,2,3,0,0,1,3,1,0,2,0,0,1,1
200600046079,6,8,17,1500,1,1,1,6,4899300,457300,3,2,2,0,1,1,0,63,1,0,1,0,0,0,1,0,1
200600046081,6,8,22,715,1,1,1,1,4899100,462500,3,2,2,0,1,1,0,0,1,0,1,0,0,1,1,0,1
200600046085,6,8,8,830,1,1,1,2,4881500,424000,3,2,0,0,1,1,0,76,1,0,1,0,1,0,1,0,1
200600046086,6,8,8,1800,1,1,1,2,4875700,398600,4,2,2,0,1,1,0,89,1,0,1,3,1,0,1,1,1
200600046087,6,8,26,730,1,1,1,6,4880900,426300,3,2,2,0,0,3,0,70,1,5,1,0,0,0,1,1,1
200600046088,6,8,3,1245,1,1,8,1,4874100,371800,3,2,2,0,3,3,0,78,2,0,1,0,3,0,1,0,1
200600046089,6,8,15,1945,2,1,1,6,4863400,364900,3,2,2,0,1,3,0,78,1,0,1,0,0,1,0,0,1
200600046090,6,8,24,2330,3,1,1,6,4862500,368800,3,2,2,0,3,1,0,67,1,0,1,0,0,0,1,0,1
200600046093,6,8,2,1845,1,1,2,6,4988500,473000,3,2,2,0,1,2,0,72,2,0,3,0,0,0,1,0,1
200600046094,6,8,12,1615,1,1,3,1,4983100,477400,3,2,2,0,2,3,0,0,2,0,1,0,0,0,2,0,1
200600046095,6,8,15,1515,1,1,1,3,4989500,474300,3,2,2,0,2,1,0,60,1,0,1,0,2,0,1,0,1
200600046096,6,8,26,45,5,1,1,1,4986600,475000,3,2,2,0,1,3,0,69,1,0,1,0,1,0,1,0,1
200600046097,6,8,10,745,1,7,1,3,4999600,470200,2,3,2,0,1,0,0,88,1,0,1,0,1,0,1,0,1
200600046098,6,8,19,1900,1,9,2,3,5008100,473100,4,2,2,0,1,1,0,0,2,0,1,3,3,0,1,0,1
200600046099,6,8,31,1845,1,1,1,6,4973500,482800,4,2,2,0,2,1,0,45,1,0,1,0,1,0,1,0,1
200600046100,6,8,15,1800,1,1,1,1,4948200,457900,3,2,2,0,1,1,0,60,1,0,1,0,1,0,1,0,1
200600046101,6,8,29,800,1,1,1,7,4949100,465000,3,2,2,0,1,4,0,53,2,0,3,0,0,0,1,0,1
200600046104,6,8,14,1630,1,4,1,1,4959000,441100,3,2,2,0,1,1,0,58,1,5,0,0,0,0,1,3,1
200600046105,6,8,12,1800,1,1,2,6,4855000,424000,3,2,2,0,1,1,0,80,2,0,1,0,0,0,1,0,1
200600046107,6,8,11,445,3,1,2,6,4825900,460500,3,2,2,0,1,3,0,60,2,0,1,0,0,0,1,0,1
200600046112,6,8,28,1815,1,1,8,1,4781100,529000,3,2,0,0,2,4,0,48,2,0,1,0,0,1,2,0,1
200600046116,6,8,16,1830,1,1,1,7,4748700,417800,1,3,2,0,1,1,20,100,1,0,3,0,1,0,1,0,1
200600046118,6,8,14,1345,1,1,1,1,4722700,492800,3,2,2,0,2,4,0,60,1,0,1,0,1,0,1,0,1
200600046119,6,8,4,2345,3,1,1,7,4761800,500100,3,2,1,0,1,2,0,52,1,0,0,0,3,0,1,0,1
200600046120,6,8,8,1000,1,1,8,3,4752700,511400,3,4,2,3,1,1,0,85,1,5,1,0,1,0,0,1,1
200600046121,6,8,29,700,1,1,1,1,4749300,515500,3,2,2,0,1,1,0,0,1,0,1,0,1,0,1,0,1
200600046123,6,8,2,1545,1,1,1,7,4710200,447200,3,2,2,0,4,1,0,0,1,0,1,0,0,0,1,0,1
200600046124,6,8,13,845,1,1,1,7,4700800,502000,3,2,2,0,2,1,0,110,2,0,3,0,0,0,1,0,1
200600046126,6,8,17,745,1,1,5,6,4719100,427700,3,2,2,0,1,1,0,72,2,0,3,0,0,0,4,0,1
200600046128,6,8,6,1800,1,1,1,1,4701800,331100,3,2,2,0,2,2,0,73,1,0,1,0,2,0,3,1,1
200600046132,6,8,23,1700,1,1,1,3,4686900,314600,2,2,2,0,1,1,0,78,1,0,1,0,3,0,1,0,1
200600046135,6,8,31,1530,1,9,1,1,4712000,399600,3,2,2,0,2,1,0,80,1,0,1,0,1,0,1,0,1
200600046138,6,8,27,1815,1,1,1,4,4711000,307000,3,2,2,0,3,1,0,68,1,0,1,0,1,1,0,1,1
200600046139,6,8,6,815,1,9,1,6,4728400,323700,2,2,2,0,1,1,0,57,1,0,0,0,1,1,0,0,1
200600046141,6,8,26,1500,1,1,1,1,4648000,461000,3,2,2,0,4,4,0,40,1,0,1,0,2,0,0,1,1
200600046142,6,8,29,1800,1,1,1,6,4643000,466000,3,2,2,0,1,1,0,0,1,0,1,0,0,0,1,0,1
200600046143,6,8,10,1830,1,1,1,3,4684900,463600,3,2,2,0,2,1,0,61,1,0,1,0,1,0,1,0,1
200600046144,6,8,18,930,1,1,1,3,4684500,463700,3,2,0,0,2,2,0,0,1,0,1,0,1,0,0,1,1
200600046151,6,8,15,1015,1,1,1,1,4680900,500800,3,2,2,0,1,1,0,70,1,0,1,0,2,0,1,0,1
200600046152,6,8,4,1200,1,1,1,6,4625800,436400,4,2,2,0,0,1,35,0,1,0,3,0,0,0,1,0,1
200600046153,6,8,15,1645,1,1,1,3,4629700,432400,3,2,1,0,1,1,0,50,1,0,1,0,2,0,0,1,1
200600046156,6,8,12,445,3,1,2,6,4647500,404100,3,0,2,0,1,1,0,75,2,0,3,0,3,0,2,0,1
200600046157,6,8,31,2115,3,1,1,1,4645000,415700,3,2,2,0,1,1,0,72,1,0,1,0,2,0,1,0,1
200600046160,6,8,26,2030,2,1,8,1,4662900,378400,3,2,2,0,1,2,0,85,2,0,1,0,0,0,3,0,1
200600046166,6,8,15,1415,1,2,1,5,4672300,517700,2,2,2,3,1,1,0,124,1,5,1,0,3,0,1,1,1
200600046177,6,8,16,1545,1,1,8,7,4800500,361800,3,2,2,0,1,3,61,0,1,0,1,0,0,0,1,0,1
200600046178,6,8,22,600,3,1,8,1,4827300,347400,3,2,2,0,3,2,0,64,2,0,1,0,1,0,1,0,1
200600046181,6,8,24,1900,1,1,2,3,4835400,313800,3,2,0,0,1,2,0,55,2,0,1,0,1,0,1,0,1
200600046194,6,8,22,1800,1,1,1,3,4718700,581600,5,1,0,0,2,1,0,60,1,0,1,0,1,0,1,0,1
200600046195,6,8,16,1645,1,1,1,7,4753600,679400,3,2,2,0,2,2,80,0,1,2,1,0,0,0,0,1,1
200600046201,6,8,27,2045,2,1,8,3,4754400,688300,3,2,2,0,1,1,0,55,2,0,1,0,0,0,3,0,1
200600046202,6,8,11,1200,1,1,1,3,4720300,666400,4,2,2,0,1,1,0,30,1,0,1,0,1,0,1,0,1
200600046204,6,8,14,1800,1,1,1,1,4750900,642000,3,2,2,0,3,1,0,66,1,0,1,0,0,0,2,0,1
200600046207,6,8,9,1900,1,1,1,1,4728100,606400,4,2,2,0,0,2,0,65,1,0,1,0,1,0,0,1,1
200600046208,6,8,2,1130,1,1,1,1,4727600,657100,3,2,2,0,0,3,0,69,1,0,1,0,1,0,1,0,1
200600046209,6,8,2,1530,1,1,1,3,4720100,639800,3,2,0,0,2,1,0,65,1,0,1,0,0,1,1,3,1
200600046210,6,8,12,515,5,6,2,7,4716500,625600,2,2,4,0,1,2,0,80,2,5,1,0,0,0,1,1,1
200600046211,6,8,15,1830,1,1,1,6,4716100,626800,3,2,2,0,1,1,0,74,1,2,3,0,0,1,0,0,1
200600046215,6,8,23,1845,1,1,1,6,4704000,656400,3,2,2,0,1,4,0,0,1,0,1,0,1,1,0,0,1
200600046216,6,8,30,1900,1,1,1,7,4701000,648700,9,2,2,0,1,2,0,66,1,0,3,0,0,1,0,0,1
200600046218,6,8,2,110,3,1,1,6,4678100,555900,2,3,4,0,2,1,79,152,1,0,1,0,0,2,2,0,1
200600046219,6,8,24,1200,1,9,2,1,4675300,545600,3,2,0,0,1,1,0,81,2,0,1,0,1,0,1,0,1
200600046220,6,8,19,415,3,1,1,1,4656700,541200,2,2,2,0,3,1,0,74,1,0,1,0,1,0,2,2,1
200600046221,6,8,25,2000,2,1,1,1,4690200,579200,3,2,0,0,0,3,0,60,1,0,1,0,1,0,1,0,1
200600046222,6,8,27,1630,1,1,1,5,4726000,556100,3,2,2,0,1,1,0,76,1,0,1,0,2,1,1,2,1
200600046226,6,8,24,1815,1,1,8,6,4660300,586800,2,2,2,0,1,2,0,74,2,0,1,0,0,0,1,0,1
200600046227,6,8,31,2245,5,1,1,7,4651100,602900,3,2,2,0,0,1,0,68,1,0,3,0,0,0,1,0,1
200600046233,6,8,21,2345,5,1,1,2,4768600,649900,4,2,0,0,1,1,0,58,1,0,1,0,1,0,1,0,1
200600046234,6,8,13,1745,1,1,2,6,4776400,619900,3,2,2,0,4,1,0,0,2,0,3,0,0,0,1,0,1
200600046235,6,8,22,2130,5,1,1,1,4784700,656400,3,2,2,0,1,1,0,0,1,5,1,0,1,0,1,0,1
200600046238,6,8,2,2015,2,1,7,1,4762200,689900,3,2,2,0,2,2,0,68,1,0,1,0,2,0,0,1,1
200600046239,6,8,10,1445,1,1,3,3,4757400,685800,2,2,2,0,1,1,0,0,2,2,1,0,1,0,1,0,1
200600046241,6,8,24,2315,3,1,8,6,4772500,689400,3,2,2,0,1,2,0,74,2,0,1,0,0,0,1,1,1
200600046246,6,8,27,2145,3,1,1,2,4460800,479400,1,3,3,0,1,1,20,120,1,0,1,0,0,0,0,1,1
200600046247,6,8,31,815,1,2,1,2,4445200,475400,1,1,3,3,1,1,35,105,1,0,1,0,1,0,1,0,1
200600046248,6,8,23,1130,1,1,1,1,4368600,565700,2,2,2,0,1,1,0,75,1,0,1,0,0,1,1,0,1
200600046256,6,8,20,600,5,1,1,6,4378700,475500,3,2,2,0,2,3,0,65,1,0,3,0,0,0,1,0,1
200600046260,6,8,3,1430,1,1,1,6,4321800,563100,4,2,2,0,0,1,0,68,1,0,1,0,1,0,1,0,1
200600046261,6,8,27,330,5,1,1,6,4350400,516700,3,3,0,0,0,2,25,50,1,0,3,0,0,0,0,1,1
200600046267,6,8,27,600,3,1,1,6,4378300,582100,3,2,2,0,3,1,0,64,1,0,1,0,0,1,1,1,1
200600046274,6,8,21,1515,2,1,1,1,4444800,634400,3,2,2,0,1,3,0,79,1,0,1,0,3,0,4,1,1
200600046275,6,8,6,1445,1,1,1,6,4387700,656800,4,2,2,0,1,2,0,70,1,2,4,0,0,0,1,0,1
200600046276,6,8,24,1015,1,1,1,7,4381200,659800,2,2,2,0,2,3,0,72,1,0,0,0,1,0,2,2,1
200600046288,6,8,28,1245,1,1,1,3,4466000,608600,2,2,2,0,2,1,0,72,1,5,1,0,2,0,0,1,1
200600046289,6,8,31,1645,1,9,1,3,4478700,602800,4,2,2,0,1,1,0,43,1,0,1,0,1,0,0,1,1
200600046290,6,8,5,1400,1,1,1,6,4443200,601100,4,2,2,0,1,1,0,70,1,0,4,0,0,0,1,0,1
200600046293,6,8,3,1330,1,1,2,6,4416800,8300,3,2,0,0,2,3,0,50,2,0,0,0,0,0,0,1,1
200600046301,6,8,4,1855,1,1,7,3,4454900,627200,2,2,2,0,1,1,0,70,1,0,1,0,2,0,1,0,1
200600046303,6,8,14,1915,1,1,1,1,4456000,626000,4,2,0,0,0,1,0,0,1,0,1,0,1,0,1,0,1
200600046311,6,8,21,745,1,1,1,6,4378700,737400,3,2,2,0,1,4,0,40,1,0,1,0,0,0,0,2,1
200600046314,6,8,6,1600,1,1,1,6,4399400,733100,3,2,2,0,1,2,0,63,1,0,1,0,0,1,0,0,1
200600046315,6,8,11,1800,1,1,1,5,4395200,728700,3,2,2,0,1,1,0,66,1,0,1,0,1,0,2,0,1
200600046316,6,8,12,1730,1,1,1,6,4399400,733100,3,2,2,0,1,2,0,50,1,0,1,0,0,0,1,0,1
200600046317,6,8,11,1330,1,1,1,3,4364400,713800,3,4,4,0,2,1,0,0,1,0,1,0,1,0,1,0,1
200600046328,6,8,8,1645,2,1,3,3,4406000,758700,3,2,0,0,1,1,0,70,2,0,1,0,1,0,2,0,1
200600046329,6,8,31,1115,1,1,1,2,4395800,691000,3,2,2,0,1,1,0,69,1,0,1,0,1,0,1,1,1
200600046330,6,8,6,1745,1,1,2,1,4403400,682700,4,2,1,0,2,2,0,21,2,2,1,0,1,0,1,0,1
200600046331,6,8,30,1615,3,1,1,7,4398200,713000,3,2,0,0,0,3,0,64,1,0,3,0,0,0,1,0,1
200600046332,6,8,26,2030,2,1,1,5,4345800,651000,2,2,2,0,2,2,0,103,1,0,1,0,1,1,2,0,1
200600046339,6,8,24,1845,1,1,1,1,4336600,638300,3,2,2,0,2,3,0,71,1,0,1,0,1,0,2,0,1
200600046347,6,8,19,1830,1,1,1,7,4328000,614000,3,2,2,0,1,2,0,60,1,0,3,0,0,0,1,0,1
200600046352,6,8,13,400,5,1,1,3,4335200,671500,3,2,0,0,1,2,0,76,1,0,3,0,1,0,1,0,1
200600046377,6,8,14,1130,1,1,1,3,4325800,664000,3,2,0,0,1,1,0,69,1,0,1,0,0,0,1,1,1
200600046382,6,8,10,730,1,6,1,1,4315400,607500,3,0,0,0,0,0,0,50,1,5,1,0,1,0,1,0,1
200600046384,6,8,22,905,1,1,1,1,4315000,606900,3,2,2,0,1,1,0,60,1,0,1,0,1,0,1,0,1
200600046390,6,8,21,2000,1,1,1,7,4317600,621600,3,2,2,0,1,3,0,70,1,0,3,0,1,0,2,0,1
200600046391,6,8,5,2115,3,1,1,3,4316000,604000,3,2,0,0,1,1,0,40,1,0,1,0,1,1,0,0,1
200600046394,6,8,11,1530,1,1,1,6,4393800,495000,3,2,2,0,3,1,0,0,1,0,1,0,1,0,0,1,1
200600046401,6,8,4,1745,1,1,1,6,4372000,571900,2,2,2,0,1,1,0,80,1,0,3,0,0,2,1,0,1
200600046402,6,8,18,1700,1,1,1,2,4372800,554700,3,2,2,0,1,2,0,60,1,0,1,0,1,0,1,0,1
200600046409,6,8,26,1245,1,1,1,6,4432700,474900,9,0,0,0,1,0,0,0,0,0,0,0,0,0,1,0,1
200600046410,6,8,26,2200,5,1,1,3,4429100,475400,4,2,2,0,1,1,0,0,1,0,1,0,1,0,1,0,1
200600046418,6,8,10,2145,5,1,1,2,4356000,409000,9,2,4,0,0,1,12,130,1,5,1,0,2,0,0,1,1
200600046421,6,8,13,1530,1,1,1,6,4376500,388700,3,2,2,0,1,2,0,63,1,0,3,0,0,0,1,0,1
200600046422,6,8,2,1715,1,1,1,3,4360400,317100,3,2,0,0,0,3,0,62,1,0,0,0,1,0,0,2,1
200600046424,6,8,6,1645,1,1,1,3,4366800,305800,3,2,0,0,1,1,0,51,1,0,1,0,3,1,0,0,1
200600046425,6,8,13,1145,1,1,1,3,4366000,314400,3,2,2,0,0,4,0,61,1,0,1,0,1,0,1,0,1
200600046426,6,8,13,1715,1,1,1,5,4368900,292100,3,2,2,0,2,3,0,0,1,0,1,0,3,0,0,1,1
200600046431,6,8,13,2100,5,1,1,3,4342800,295100,3,2,2,0,1,1,0,57,1,0,1,3,0,0,2,2,1
200600046432,6,8,23,1130,1,1,1,7,4345900,289700,3,2,2,0,2,4,0,60,1,0,1,0,0,0,1,0,1
200600046437,6,8,2,1700,1,3,1,3,4348100,328200,3,2,2,0,1,1,0,68,1,0,1,0,2,0,1,0,1
200600046438,6,8,5,645,2,1,1,6,4345000,329500,3,2,2,0,1,3,0,58,1,0,1,0,0,1,0,1,1
200600046440,6,8,30,830,1,1,1,7,4342900,328800,3,2,2,0,0,1,0,0,1,0,1,0,0,0,1,0,1
200600046442,6,8,11,400,3,1,1,3,4327500,323200,9,2,0,0,1,1,0,40,1,0,1,0,0,1,1,0,1
200600046443,6,8,12,1030,1,1,1,1,4329700,329300,3,2,2,0,0,1,70,0,1,0,1,0,1,0,1,0,1
200600046445,6,8,28,500,3,6,1,6,4324400,325400,3,2,0,0,1,2,0,60,1,0,3,0,0,0,4,0,1
200600046447,6,8,3,1945,2,1,1,1,4360500,348700,3,2,0,0,1,1,0,44,1,0,1,0,1,0,1,0,1
200600046448,6,8,10,1630,1,1,1,3,4361500,332200,3,2,2,0,2,3,0,70,1,0,3,0,1,0,1,0,1
200600046449,6,8,12,245,3,1,1,6,4356000,349000,3,2,2,0,1,2,0,62,1,0,3,0,0,1,0,0,1
200600046450,6,8,13,330,3,1,1,7,4357500,345800,3,2,2,0,0,2,0,70,1,0,0,0,0,0,1,0,1
200600046452,6,8,18,1315,1,1,1,2,4361000,361000,3,2,2,0,1,3,0,0,1,0,1,0,3,0,0,1,1
200600046462,6,8,28,800,1,1,1,6,4351500,358400,3,2,0,0,1,1,0,42,1,0,1,0,0,0,1,0,1
200600046465,6,8,7,1345,1,1,1,1,4341700,232300,4,2,2,0,2,4,0,31,1,0,1,0,0,0,3,0,1
200600046467,6,8,16,600,2,1,1,6,4310200,250000,3,0,0,0,0,1,0,39,1,2,1,0,1,0,1,0,1
200600046468,6,8,1,1900,1,1,1,3,4328700,200700,3,2,2,0,0,1,0,0,1,5,1,0,1,0,3,0,1
200600046472,6,8,16,215,3,1,1,6,4318000,232600,3,2,2,0,2,0,0,58,1,2,0,0,0,0,4,0,1
200600046475,6,8,14,1515,1,1,1,6,4276900,209700,3,0,2,0,0,3,0,45,1,0,1,0,0,0,2,0,1
200600046476,6,8,20,1100,1,1,1,7,4287600,215500,3,2,2,0,2,2,0,68,1,0,1,0,0,0,1,0,1
200600046477,6,8,24,2115,3,1,1,7,4294400,228600,3,2,0,0,0,3,0,58,1,0,0,0,0,0,1,0,1
200600046490,6,8,13,1545,1,1,1,1,4370400,427300,3,2,2,0,1,1,0,62,1,0,1,0,0,0,2,0,1
200600046491,6,8,15,1000,1,1,1,3,4374800,421500,3,2,0,0,2,1,0,75,1,5,1,0,1,0,1,0,1
200600046492,6,8,20,915,1,1,1,1,4369900,416900,2,2,2,0,1,1,0,70,1,0,1,0,0,1,4,0,1
200600046493,6,8,28,30,3,1,1,7,4368000,423700,3,2,0,0,1,1,0,0,1,0,4,0,0,0,4,0,1
200600046496,6,8,10,1315,1,1,1,1,4411900,428600,3,2,2,0,1,1,0,70,1,0,1,0,0,1,2,0,1
200600046498,6,8,2,1830,1,1,1,1,4400500,407700,3,2,2,0,1,1,0,60,1,0,1,0,0,0,2,3,1
200600046503,6,8,28,315,3,1,1,7,4423300,427600,3,2,2,0,1,1,0,0,1,0,3,0,0,0,1,0,1
200600046507,6,8,30,1445,1,1,1,6,4401000,442000,3,1,1,0,1,1,0,0,1,0,1,0,1,0,1,0,1
200600046509,6,8,2,530,2,1,1,3,4394500,461300,2,2,2,0,3,3,0,60,1,0,0,0,3,0,0,2,1
200600046510,6,8,3,2000,1,6,1,6,4394300,457700,2,0,0,0,0,0,0,50,1,0,1,0,0,0,1,0,1
200600046512,6,8,23,300,1,1,1,6,4393000,454500,2,2,2,1,1,1,14,73,1,0,1,0,0,1,1,1,1
200600046517,6,8,7,745,1,1,1,1,4407400,394600,3,2,2,0,1,1,0,60,1,0,1,0,1,0,1,0,1
200600046520,6,8,3,845,1,1,2,7,4454000,354400,2,2,2,0,1,2,0,59,2,0,1,0,0,0,0,1,1
200600046523,6,8,8,1600,1,1,1,1,4472100,386300,3,0,2,0,1,3,0,65,1,0,1,0,0,0,3,0,1
200600046538,6,8,1,1945,1,1,1,7,4276000,268100,3,2,0,0,1,1,60,0,1,0,3,0,1,0,0,1,1
200600046540,6,8,12,1815,1,1,1,7,4245800,263100,3,2,2,0,1,1,0,50,1,0,1,0,0,0,1,0,1
200600046546,6,8,24,1530,1,1,1,5,4253300,307900,3,2,2,0,1,3,0,0,1,0,1,0,2,0,0,1,1
200600046549,6,8,23,1810,1,1,1,7,4150500,911200,3,2,2,0,1,2,0,60,1,0,1,0,0,0,1,0,1
200600046550,6,8,20,715,1,1,1,5,4163900,884000,3,2,2,0,0,2,0,56,1,0,1,0,2,0,1,2,1
200600046551,6,8,25,2345,5,1,1,6,4175500,917400,3,2,0,0,1,1,0,0,1,0,1,0,0,0,2,0,1
200600046552,6,8,9,600,2,1,1,3,4176500,893900,2,2,2,0,2,4,0,82,1,0,1,0,1,0,2,0,1
200600046553,6,8,11,600,2,1,1,6,4181400,902300,3,2,2,0,1,3,0,60,1,0,3,0,1,0,1,0,1
200600046557,6,8,2,730,1,1,1,4,4273900,946300,3,2,2,0,2,2,70,0,1,0,1,0,2,0,1,0,1
200600046558,6,8,22,1,3,3,1,1,4269200,931600,3,2,0,0,0,1,0,87,1,0,1,0,1,0,1,0,1
200600046559,6,8,7,600,1,1,1,6,4242800,872600,3,2,2,0,2,2,0,60,1,0,3,0,2,0,2,0,1
200600046563,6,8,18,2300,5,1,1,1,4259100,902200,2,2,2,0,2,2,0,70,1,0,1,0,1,0,3,0,1
200600046566,6,8,18,500,3,1,1,7,4213500,913900,2,2,2,0,2,2,0,72,1,0,3,0,0,0,1,0,1
200600046568,6,8,8,1245,1,1,1,6,4201800,940500,2,2,2,0,1,1,0,55,1,0,1,0,1,0,1,0,1
200600046569,6,8,5,1545,1,1,1,5,4220500,953600,2,2,2,0,1,3,0,71,1,0,1,0,1,0,2,1,1
200600046572,6,8,8,900,1,1,1,4,4238200,953000,3,2,2,0,1,1,0,70,1,0,1,0,5,0,0,4,1
200600046574,6,8,15,315,3,1,1,7,4233900,953700,2,2,2,0,1,1,0,62,1,0,3,0,0,0,2,0,1
200600046575,6,8,23,1815,1,1,1,7,4244900,946000,3,2,2,0,2,2,0,50,1,0,1,0,0,0,1,0,1
200600046576,6,8,25,530,2,1,1,6,4242900,952900,2,2,2,0,0,3,0,72,1,0,1,0,0,0,1,0,1
200600046577,6,8,4,715,1,1,1,5,4896800,163200,3,2,2,0,1,3,0,50,0,0,1,0,2,0,0,1,1
200600046578,6,8,19,1030,1,1,1,3,4905200,160400,9,2,2,0,1,1,0,0,1,0,1,0,0,0,0,2,1
200600046581,6,8,23,1,5,1,1,6,4902500,169800,3,3,2,0,4,1,5,60,1,0,3,0,0,0,0,1,1
200600046584,6,8,6,1915,1,1,1,3,4871600,203000,3,2,2,0,0,3,0,0,1,0,1,0,1,0,1,0,1
200600046585,6,8,2,2045,1,1,1,7,4880000,185000,2,3,2,0,1,1,0,0,1,0,1,0,0,0,0,1,1
200600046586,6,8,17,1030,1,1,1,2,4881500,190200,3,2,2,0,2,1,0,73,1,0,1,0,1,0,0,1,1
200600046591,6,8,12,515,3,1,1,6,4843100,207200,3,2,2,0,1,1,0,54,1,0,1,0,0,0,1,0,1
200600046594,6,8,23,2300,3,1,1,1,4844900,235800,3,2,2,0,1,4,0,0,1,0,1,0,1,0,0,2,1
200600046595,6,8,29,2230,3,1,1,6,4848300,231800,2,2,2,0,1,1,63,0,1,0,1,0,0,0,1,4,1
200600046598,6,8,9,900,1,1,1,3,4856800,204200,3,2,2,0,1,3,0,85,1,0,1,0,1,0,1,0,1
200600046599,6,8,17,1800,1,1,1,7,4855600,212800,4,2,2,0,1,1,0,50,1,0,1,0,1,0,4,0,1
200600046600,6,8,29,1315,1,2,3,1,4811700,210800,3,2,2,0,0,2,0,58,2,0,1,0,1,1,0,0,1
200600046604,6,8,28,900,1,1,3,1,4904300,244600,3,2,2,1,1,2,0,55,4,0,1,0,0,1,0,1,1
200600046605,6,8,27,1730,1,1,1,6,4860500,274200,9,0,1,0,0,1,0,40,1,0,3,0,0,1,0,0,1
200600046606,6,8,6,345,5,1,1,6,4888200,288800,3,3,2,0,1,1,0,64,0,0,1,0,0,0,1,0,1
200600046607,6,8,29,615,2,1,1,1,4886500,290700,2,2,0,0,1,0,0,92,1,0,1,0,1,0,0,1,1
200600046608,6,8,2,1145,1,2,1,6,4878700,330500,3,2,2,0,1,3,0,50,1,0,1,0,1,0,0,1,1
200600046611,6,8,17,830,1,1,1,6,4828800,260600,4,2,2,0,0,3,0,40,9,0,3,0,0,0,1,0,1
200600046614,6,8,27,345,5,1,1,6,4786500,182800,4,2,2,0,1,2,0,65,1,0,1,0,0,0,1,0,1
200600046623,6,8,13,1730,1,1,2,1,4805900,308700,2,2,2,0,2,3,0,0,2,0,1,0,1,0,2,1,1
200600046624,6,8,25,1800,1,6,1,4,4803800,300600,2,3,1,0,1,1,25,60,1,5,1,0,2,0,1,0,1
200600046628,6,8,19,2115,2,1,1,7,4804900,236800,3,2,2,0,1,1,0,27,1,0,0,0,0,0,1,0,1
200600046634,6,8,4,2330,3,1,1,5,4685000,293900,3,2,2,0,2,1,0,48,1,0,1,0,2,0,3,0,1
200600046641,6,8,10,349,3,1,1,1,4699800,211400,2,2,2,0,0,1,0,76,1,0,3,0,0,0,2,0,1
200600046642,6,8,28,2330,3,1,1,7,4714500,267900,3,2,0,0,4,2,0,52,1,0,1,0,0,0,1,0,1
200600046645,6,8,13,900,1,1,8,7,4846900,137300,3,2,2,0,0,1,0,65,1,0,1,0,0,0,1,0,1
200600046649,6,8,16,1830,1,1,1,1,4860000,168000,4,2,2,0,2,1,0,80,1,0,1,0,1,0,1,0,1
200600046650,6,8,20,1345,1,1,1,1,4847000,177000,3,2,2,0,1,1,0,65,1,0,1,0,1,0,1,0,1
200600046651,6,8,28,1015,3,1,1,1,4845400,177500,3,2,2,0,1,1,0,59,1,0,1,0,1,1,0,0,1
200600046652,6,8,29,1615,1,1,1,1,4847000,163000,2,2,2,0,1,1,0,116,1,0,1,0,1,1,0,0,1
200600046653,6,8,31,1340,1,2,1,3,4851000,170000,3,2,2,0,1,1,0,48,1,0,1,0,1,0,1,0,1
200600046654,6,8,18,1715,1,1,1,3,4833500,169300,3,2,2,0,1,3,0,65,2,0,1,0,2,0,0,2,1
200600046655,6,8,3,1700,1,1,1,7,4817700,140600,3,2,2,0,0,1,0,56,1,0,0,0,0,0,1,0,1
200600046656,6,8,8,1200,1,1,1,1,4821700,119300,3,2,2,0,1,2,0,49,1,0,1,0,0,0,1,1,1
200600046657,6,8,11,1930,1,1,1,1,4809800,112300,3,2,2,0,2,3,0,63,1,0,1,0,1,0,2,0,1
200600046660,6,8,27,900,1,1,1,6,4872800,130200,3,2,2,0,1,2,0,64,1,0,3,0,0,0,1,0,1
200600046661,6,8,31,1845,1,1,1,7,4888800,148900,4,2,0,0,2,1,0,0,9,0,1,0,0,1,0,0,1
200600046666,6,8,7,1715,1,1,1,6,4652300,114700,3,2,2,0,4,1,0,60,1,0,3,0,0,0,1,1,1
200600046668,6,8,17,700,1,1,8,6,4659300,127400,3,2,2,0,1,3,0,58,2,0,3,0,0,1,0,0,1
200600046670,6,8,31,1720,1,1,1,1,4658700,151300,3,2,1,0,1,1,0,70,1,0,1,0,1,0,1,0,1
200600046672,6,8,21,1445,1,1,1,4,4702100,111400,3,2,2,0,1,1,0,76,1,0,1,0,3,1,0,4,1
200600046673,6,8,15,2100,3,1,1,7,4694600,144000,3,0,2,0,1,1,0,53,1,0,1,0,0,0,1,0,1
200600046675,6,8,7,100,3,1,1,1,4708200,152000,4,2,0,0,2,1,0,40,1,0,1,0,1,0,1,0,1
200600046683,6,8,5,1530,1,1,1,6,4643900,182500,3,2,2,0,1,1,0,52,1,0,4,0,3,0,1,3,1