Num_Acc,an,mois,jour,hrmn,lum,int,atm,col,lat,long,catr,circ,nbv,vosp,prof,plan,lartpc,larrout,surf,infra,situ,env1,unscathed,killed,hospital,light,chance
200600046684,6,8,7,115,3,1,1,6,4660200,173300,3,2,0,0,2,2,0,62,1,0,3,0,0,0,0,1,1
200600046685,6,8,18,45,3,1,1,6,4648400,168700,3,2,0,0,2,2,0,53,2,0,3,0,1,0,1,0,1
200600046687,6,8,17,1415,1,1,1,7,4693300,197200,3,2,2,0,1,1,0,44,1,0,3,0,0,0,2,0,1
200600046689,6,8,21,1130,1,2,8,1,4693900,206000,3,2,2,0,1,1,0,60,1,0,1,0,0,2,1,0,1
200600046691,6,8,31,1830,1,3,1,3,4694800,201300,3,2,1,0,1,1,0,78,1,0,1,0,1,0,0,1,1
200600046692,6,8,15,1730,1,1,1,6,4746600,95600,3,2,2,0,1,1,47,0,1,0,3,0,1,0,0,1,1
200600046697,6,8,19,1515,1,1,1,6,4731600,45000,3,2,2,0,2,2,0,57,1,0,1,0,0,0,1,2,1
200600046698,6,8,22,2230,3,1,1,1,4734700,33400,3,2,2,0,0,0,0,0,0,0,0,0,1,1,0,1,1
200600046699,6,8,13,1915,1,1,1,6,4699500,32700,3,2,2,0,2,3,0,54,1,0,1,0,0,2,1,0,1
200600046700,6,8,27,1800,1,1,7,3,4712700,57800,4,2,0,0,1,3,0,0,1,0,1,0,1,0,1,0,1
200600046701,6,8,2,1415,1,1,1,1,4713300,100100,3,2,2,0,1,1,0,61,1,0,1,0,1,0,1,0,1
200600046703,6,8,31,1615,1,9,1,3,4712000,98000,2,1,0,0,0,0,0,0,0,0,0,0,2,0,0,1,1
200600046708,6,8,24,900,3,1,1,6,4751400,111000,3,2,2,0,3,1,0,35,1,0,3,0,2,0,1,0,1
200600046709,6,8,16,1415,1,1,1,3,4769600,151300,3,2,0,0,1,1,0,65,1,0,1,0,1,0,1,0,1
200600046710,6,8,2,1345,1,1,1,3,4735000,129600,3,2,2,0,0,2,50,0,1,0,1,0,1,0,1,0,1
200600046712,6,8,21,830,1,1,7,1,4734000,113800,3,2,2,0,1,1,0,89,1,0,1,0,1,0,1,0,1
200600046714,6,8,24,1515,1,1,1,6,4733600,125800,2,2,2,0,1,1,0,75,1,0,1,0,0,0,2,0,1
200600046715,6,8,17,1200,1,1,8,6,4764700,191100,3,2,2,0,2,3,0,70,2,0,3,0,1,0,1,0,1
200600046716,6,8,11,2330,3,1,1,6,4789600,94200,3,2,3,0,1,1,0,114,1,0,3,0,0,1,0,0,1
200600046717,6,8,12,315,3,1,1,7,4790700,96300,2,2,2,0,1,1,0,67,1,0,3,0,1,0,0,1,1
200600046718,6,8,14,2000,1,1,1,6,4781000,91400,4,2,2,0,1,3,0,55,1,0,1,0,1,1,0,0,1
200600046719,6,8,14,1730,1,1,7,2,4776300,87700,3,2,2,0,1,1,0,60,1,0,1,0,1,0,1,0,1
200600046720,6,8,18,1130,1,1,1,6,4776400,87900,4,2,0,0,1,1,0,0,1,5,1,0,1,0,1,0,1
200600046721,6,8,22,1345,1,1,1,7,4786800,82100,3,2,2,0,1,3,0,0,1,0,3,0,0,0,1,0,1
200600046725,6,8,13,1915,1,1,1,3,4498600,-109500,9,2,2,0,1,1,0,61,1,0,1,0,1,0,1,1,1
200600046726,6,8,18,1430,1,1,1,1,4500700,-118200,3,2,2,0,1,1,0,60,1,0,1,0,1,0,2,1,1
200600046727,6,8,6,445,3,1,1,2,4785400,-346200,3,2,2,0,3,1,0,110,1,0,1,0,1,0,0,1,1
200600046729,6,8,4,1730,1,1,7,1,4780400,-369900,3,2,0,1,1,1,0,62,1,0,1,0,1,1,0,0,1
200600046730,6,8,8,1200,1,1,1,6,4778300,-355600,3,2,0,0,1,3,0,0,0,0,1,0,1,0,1,0,1
200600046731,6,8,16,1615,1,1,1,3,4782900,-385600,4,2,2,0,2,1,0,50,1,0,0,0,1,1,0,1,1
200600046738,6,8,8,1145,1,1,1,6,4411100,22500,4,2,0,0,1,0,0,30,1,0,0,0,0,0,1,0,1
200600046739,6,8,20,1445,1,1,1,1,4416700,30800,3,2,0,0,0,1,89,0,1,0,1,0,1,0,1,0,1
200600046741,6,8,1,1515,1,1,1,1,4358600,379400,3,2,0,0,1,1,0,40,1,0,1,0,5,0,1,0,1
200600046742,6,8,18,1845,1,1,1,3,4357500,381300,2,0,0,0,1,1,0,70,1,0,1,0,1,0,1,0,1
200600046743,6,8,10,845,1,1,7,6,4816000,-160200,2,3,4,0,0,3,0,0,1,0,2,0,0,0,2,0,1
200600046744,6,8,1,800,1,1,2,7,4827100,185300,1,3,0,0,1,2,24,270,2,0,1,0,0,0,2,0,1
200600046745,6,8,2,1015,1,1,1,6,4842100,190100,1,3,3,0,1,1,24,270,1,0,2,0,0,0,0,1,1
200600046755,6,8,13,1315,1,1,1,3,4473100,-107900,4,3,2,0,1,1,50,74,1,5,1,0,3,0,1,0,1
200600046762,6,8,12,30,3,1,1,2,4829400,268500,1,3,3,3,1,1,30,135,2,0,1,0,5,1,1,0,1
200600046763,6,8,13,2030,1,1,1,6,4848000,251700,1,0,0,0,0,1,0,105,1,3,2,0,0,0,1,0,1
200600046764,6,8,27,1715,1,1,1,5,4846400,257700,2,3,4,0,0,1,0,0,0,0,1,0,2,1,2,0,1
200600046781,6,8,11,1330,1,1,1,2,4342300,609200,1,3,3,3,1,1,15,135,1,0,1,0,1,1,1,0,1
200600046782,6,8,20,1630,1,1,1,7,4340600,621700,1,3,3,0,1,1,20,135,1,0,1,0,1,0,1,0,1
200600046788,6,8,23,1700,1,1,1,3,4607100,473900,1,1,3,0,0,1,10,110,1,0,1,0,2,0,0,1,1
200600046789,6,8,26,615,1,1,1,5,4616600,477100,1,3,3,3,1,1,10,110,1,0,1,0,2,0,1,0,1
200600046790,6,8,30,715,1,1,1,6,4610400,475000,1,3,3,0,1,1,10,110,1,0,3,0,0,0,0,1,1
200600046792,6,8,27,2115,2,1,1,7,4816500,-82000,3,2,2,0,1,1,0,77,1,1,3,0,0,1,1,0,1
200600046793,6,8,27,645,5,1,1,6,4370000,141200,3,2,2,0,1,2,0,62,1,0,4,0,0,1,0,0,1
200600046795,6,8,5,915,1,1,1,3,4768300,140400,1,3,0,0,1,1,8,135,1,0,3,0,4,0,5,0,1
200600046796,6,8,31,1515,1,1,1,1,4758500,106400,1,3,3,0,1,1,26,35,1,0,2,0,2,0,1,0,1
200600046806,6,8,31,1030,1,1,1,1,4734400,88100,3,2,2,0,3,1,0,70,1,0,1,0,3,0,1,0,1
200600046811,6,8,22,1710,1,1,1,2,4606700,629300,1,3,2,0,1,1,7,41,1,0,1,0,3,0,2,0,1
200600046813,6,8,3,2055,3,1,3,6,4548600,539800,1,1,2,0,1,1,10,70,2,0,1,0,0,0,2,0,1
200600046821,6,8,8,1700,1,9,1,1,4343500,356100,1,3,3,0,1,1,30,105,1,0,1,0,0,0,5,0,1
200600046823,6,8,28,1950,2,1,1,2,4330600,321600,1,1,0,0,1,1,10,125,1,0,1,0,1,0,1,0,1
200600046825,6,8,16,1600,1,1,1,3,4357200,153200,3,2,2,0,2,3,0,60,1,0,1,0,1,0,1,0,1
200600046826,6,8,25,1315,1,1,3,7,4345100,-154300,3,3,2,0,2,3,20,75,2,0,1,0,1,0,1,0,1
200600046827,6,8,13,1445,1,1,3,6,4925200,395600,1,1,1,0,2,3,10,64,2,3,1,0,0,0,2,0,1
200600046829,6,8,31,1800,1,3,1,5,4578000,478500,4,2,0,0,0,2,15,70,1,5,1,0,2,0,1,0,1
200600046830,6,8,27,1230,1,1,1,1,4516900,569900,4,2,2,0,1,1,0,0,1,0,1,0,1,0,1,0,1
200600046835,6,8,7,1845,1,1,1,1,4373900,731400,1,1,3,3,2,3,0,115,1,0,1,0,0,0,0,2,1
200600046837,6,8,18,445,3,1,2,6,4371400,719700,1,3,3,3,2,3,10,110,1,0,1,0,1,0,0,1,1
200600046840,6,8,14,215,3,1,8,7,5050200,267200,1,3,2,0,1,1,30,70,2,0,3,0,0,0,2,1,1
200600046841,6,8,18,2100,1,1,3,7,5054100,254400,1,1,0,0,1,1,20,125,2,0,3,0,0,0,2,0,1
200600046848,6,8,14,2015,1,1,1,6,4348500,556000,1,1,0,0,1,1,38,76,1,0,1,0,0,0,1,0,1
200600046849,6,8,20,1845,1,1,1,5,4352000,543200,1,1,4,0,1,1,0,0,1,0,1,0,1,0,4,0,1
200600046850,6,8,25,300,3,1,1,6,4348600,556300,1,1,0,0,1,2,0,105,1,3,1,0,0,1,0,0,1
200600046857,6,8,6,1,3,1,1,6,5019600,341800,3,2,2,0,1,1,0,0,1,0,1,0,0,0,1,0,1
200600046860,6,8,20,115,3,1,9,6,4867800,250000,2,3,4,0,1,1,15,140,2,0,3,0,0,0,1,3,1
200600046862,6,8,4,1845,1,1,1,7,4471000,-75200,1,0,2,0,1,1,150,105,1,0,1,0,0,0,0,1,1
200600046864,6,8,5,1245,1,1,3,6,4790100,737500,1,3,2,0,1,1,50,72,2,0,3,0,2,0,1,0,1
200600046867,6,8,10,545,3,1,1,1,4421700,45100,1,1,2,0,1,1,47,73,1,0,1,0,0,0,3,4,1
200600046884,6,8,25,1645,1,1,1,5,4589200,610500,2,2,5,0,0,1,0,155,1,0,1,0,3,0,1,2,1
200600046885,6,8,1,1800,1,1,1,2,4582500,499500,1,3,3,0,1,1,0,0,1,7,1,0,0,0,1,1,1
200600046887,6,8,22,2315,5,1,1,6,4916800,401800,3,2,0,0,1,2,0,60,1,0,3,0,0,0,1,0,1
200600046889,6,8,18,2100,2,1,1,6,4354000,133000,3,2,2,0,1,1,0,60,1,0,4,0,1,0,3,0,1
200600046890,6,8,22,110,5,1,1,6,4352000,133400,3,2,2,0,1,1,0,58,1,0,3,0,1,0,1,0,1
200600046891,6,8,31,1100,1,1,1,1,4353800,136100,3,2,0,0,1,1,0,85,1,5,1,0,1,0,1,0,1
200600046895,6,8,29,1700,1,1,3,2,4587000,488000,3,2,0,0,1,3,0,70,2,0,1,0,1,0,0,1,1
200600046896,6,8,2,2230,5,1,2,1,4546000,476900,3,0,0,0,1,0,0,56,2,2,1,0,1,0,4,0,1
200600046902,6,8,1,800,1,9,9,1,4885900,196700,3,2,1,0,4,3,30,60,2,3,1,0,1,0,1,0,1
200600046906,6,8,12,2045,1,6,1,2,4761800,-273800,4,1,1,0,1,2,0,25,1,5,1,0,2,0,0,2,1
200600046907,6,8,17,2100,2,1,2,7,4754200,-269500,3,2,2,0,1,1,0,50,2,0,3,0,0,1,0,0,1
200600046908,6,8,15,2015,1,1,1,1,4754000,-274200,3,2,4,0,1,1,0,150,1,0,1,0,0,0,1,1,1
200600046909,6,8,19,1200,1,1,1,2,4751400,-280700,3,0,2,2,1,1,0,64,1,0,1,0,1,0,2,0,1
200600046910,6,8,28,1900,1,1,1,5,4753000,-280000,3,2,2,0,1,2,0,76,1,0,1,0,3,0,1,2,1
200600046911,6,8,29,1545,1,1,1,2,4754000,-288000,3,2,2,0,4,1,0,76,1,0,1,0,1,1,0,0,1
200600046912,6,8,15,2200,3,1,3,4,4557900,421900,1,2,2,0,0,1,30,70,2,0,1,0,1,0,2,0,1
200600046913,6,8,29,1945,2,1,2,6,4585000,379000,1,3,4,0,2,2,15,200,2,0,2,0,0,0,1,0,1
200600046918,6,8,4,1600,1,1,2,7,4611400,546400,1,3,3,3,2,1,0,0,2,0,1,0,0,0,1,0,1
200600046919,6,8,5,1915,1,1,2,7,4613500,551800,1,3,2,0,2,2,20,100,2,0,3,0,0,0,0,1,1
200600046920,6,8,24,845,1,1,1,3,4934200,-56900,3,2,2,0,0,1,0,70,1,0,1,0,21,0,1,0,1
200600046924,6,8,29,2345,3,1,1,7,4752200,-43000,1,1,0,0,1,1,0,0,1,3,3,0,0,0,1,0,1
200600046925,6,8,2,1815,1,1,1,3,4367700,698800,4,2,0,0,3,4,0,40,1,0,1,0,1,0,1,0,1
200600046930,6,8,25,230,3,1,1,1,4322000,600,1,1,2,0,1,1,20,70,1,0,1,0,1,0,1,0,1
200600046933,6,8,8,1830,1,1,1,2,4762000,518300,1,3,3,0,2,1,15,130,1,0,1,0,3,1,1,1,1
200600046942,6,8,18,1745,1,3,1,3,4609000,649300,3,2,2,0,1,1,0,70,1,5,1,0,1,0,1,0,1
200600046948,6,8,4,1530,1,1,1,6,4520000,150000,1,3,4,0,1,1,20,140,1,0,2,0,2,0,1,0,1
200600046953,6,8,21,1500,1,1,1,7,4621900,138600,1,3,4,0,1,1,22,146,1,0,3,0,1,1,0,0,1
200600046959,6,8,25,1730,1,1,8,6,4371000,332900,1,3,2,0,1,3,0,0,2,0,1,0,0,0,1,0,1
200600046960,6,8,27,600,3,1,1,6,4363300,377800,3,3,2,0,1,2,55,36,1,0,1,0,0,0,2,0,1
200600046972,6,8,21,1245,1,1,1,6,4377000,453000,3,2,2,0,1,1,0,70,1,0,3,0,2,0,1,1,1
200600046973,6,8,21,1915,1,1,1,6,4374000,449000,3,2,0,0,1,1,0,70,1,0,3,0,0,0,1,0,1
200600046975,6,8,24,730,1,1,1,7,4950800,435100,2,3,2,0,1,2,10,70,1,0,1,0,2,0,1,0,1
200600046978,6,8,6,930,1,6,1,3,4353900,394000,3,1,2,0,1,2,0,60,1,0,1,0,1,0,1,0,1
200600046983,6,8,10,1245,1,1,1,1,4949500,121700,3,2,2,0,1,2,0,0,1,0,1,0,1,0,1,0,1
200600046984,6,8,18,2030,1,1,1,7,4957400,133800,3,2,2,0,1,2,0,55,1,0,1,0,0,0,1,0,1
200600046988,6,8,22,545,2,1,1,7,4684000,485000,3,2,0,0,0,1,0,0,1,0,3,0,0,0,1,0,1
200600046992,6,8,5,1915,1,1,1,6,4777400,-307700,3,2,2,0,4,1,0,56,1,2,3,0,0,0,1,0,1
200600046994,6,8,26,1715,1,1,1,3,4366100,388900,4,2,2,0,1,1,0,70,1,0,1,0,1,0,0,1,1
200600046995,6,8,2,1745,1,1,1,2,4890800,-111300,1,3,4,3,0,1,15,68,1,0,1,0,2,0,1,0,1
200600046997,6,8,11,1045,1,1,8,6,4849000,253000,3,2,2,0,2,3,0,0,1,0,1,0,0,0,1,0,1
200600048347,6,8,24,2040,1,1,1,6,4432000,345699,3,2,2,0,2,3,0,61,1,0,1,0,0,1,0,0,1
200600050682,6,9,3,2230,5,1,1,3,5053800,294800,3,2,2,0,1,1,0,60,1,0,1,0,1,0,1,0,1
200600050683,6,9,12,1530,1,1,1,3,5051000,291000,3,2,2,0,1,1,0,60,1,5,1,0,2,0,1,0,1
200600050684,6,9,10,1545,1,9,1,6,5055400,282400,9,0,1,1,1,1,0,10,1,0,5,0,0,0,1,0,1
200600050685,6,9,7,830,1,1,1,7,5054900,282700,2,2,3,0,1,1,0,0,1,0,1,0,0,0,0,1,1
200600050686,6,9,29,1230,1,3,1,3,5062400,294100,3,2,2,0,1,1,0,72,1,0,1,0,1,0,1,0,1
200600050690,6,9,3,1115,1,1,1,1,5096200,232200,3,2,2,0,0,1,0,0,2,0,1,0,1,0,1,0,1
200600050692,6,9,11,1500,1,2,1,1,5088600,247000,3,2,0,0,1,1,0,80,0,0,1,0,1,0,1,0,1
200600050693,6,9,22,1815,1,1,1,3,5077400,274100,3,2,2,0,1,0,65,0,1,0,1,0,1,1,0,1,1
200600050695,6,9,13,1330,1,1,1,7,5066000,260700,3,2,2,0,1,3,0,65,1,5,1,0,0,0,1,0,1
200600050696,6,9,13,1700,1,1,1,6,5072800,294900,3,2,2,0,1,1,0,60,1,0,3,0,0,0,1,0,1
200600050699,6,9,6,1730,1,1,1,3,5047800,341300,3,2,2,0,0,3,0,60,1,0,1,0,2,0,1,0,1
200600050701,6,9,25,2245,3,1,2,7,5006200,411900,3,2,2,0,1,3,0,65,2,0,3,0,0,1,0,0,1
200600050702,6,9,12,1445,1,1,1,7,5023800,328700,3,2,2,0,2,2,0,0,1,0,3,0,0,0,1,0,1
200600050704,6,9,15,2215,5,1,1,6,5010700,328000,3,2,2,0,1,4,0,60,1,0,4,0,0,1,0,0,1
200600050708,6,9,10,1130,1,9,1,2,5036300,267200,3,2,2,0,1,1,0,67,1,0,1,0,1,1,0,0,1
200600050710,6,9,19,1730,1,1,1,3,5019900,301700,3,2,2,0,1,1,0,60,1,5,1,0,1,0,1,0,1
200600050711,6,9,17,1925,1,6,1,7,5027800,286500,9,1,0,0,1,3,0,0,1,0,1,0,0,0,1,0,1
200600050712,6,9,2,2215,5,3,1,3,5031500,295000,3,2,2,0,1,1,0,74,1,5,1,0,2,0,1,0,1
200600050714,6,9,25,830,1,1,3,1,5031300,306600,3,2,0,0,2,3,0,67,4,0,1,0,0,0,1,1,1
200600050715,6,9,10,930,1,1,1,3,5061900,245900,4,2,2,0,1,1,0,78,1,0,1,0,1,0,0,1,1
200600050716,6,9,16,15,5,1,1,6,5057500,241900,3,2,2,0,1,3,0,59,1,0,3,0,0,1,0,0,1
200600050717,6,9,18,2300,4,1,1,7,5060600,260900,4,2,1,0,1,2,0,52,1,0,0,0,0,0,1,0,1
200600050718,6,9,9,1745,1,1,1,2,5061100,277600,3,2,2,0,1,1,0,55,1,0,1,0,1,1,0,0,1
200600050722,6,9,22,1245,1,1,8,1,5081700,171000,4,2,0,0,1,2,0,0,1,0,1,0,1,0,1,0,1
200600050724,6,9,6,1530,1,1,1,6,5081000,182500,3,2,0,0,1,1,0,80,1,0,1,0,0,0,1,0,1
200600050725,6,9,2,215,5,1,1,6,5042700,269700,3,2,0,0,0,2,0,0,1,0,1,0,0,0,0,1,1
200600050726,6,9,2,1915,1,1,1,3,5036000,173000,3,2,0,0,0,1,0,0,1,0,1,0,1,0,1,0,1
200600050728,6,9,7,1800,1,1,1,1,5044000,176000,3,2,2,0,0,0,80,0,1,5,1,0,2,0,1,0,1
200600050733,6,9,27,1715,1,1,1,3,5089400,208900,4,2,2,0,1,1,0,37,1,0,1,0,1,0,1,0,1
200600050734,6,9,29,1345,1,1,1,3,5091400,215600,3,2,2,0,1,1,0,50,1,0,1,0,1,0,1,0,1
200600050735,6,9,4,1745,1,1,1,1,5057700,216700,3,2,2,0,1,3,0,50,1,0,1,0,1,1,0,0,1
200600050736,6,9,26,945,1,1,1,4,5057500,212700,3,2,0,0,1,1,0,37,1,0,3,0,2,0,1,0,1
200600050738,6,9,7,1830,1,1,1,3,5035000,258000,2,2,2,0,1,1,0,130,1,5,1,0,1,0,1,1,1
200600050739,6,9,16,2345,5,1,1,7,5035300,252500,4,2,2,0,1,3,0,50,1,0,1,0,0,0,1,0,1
200600050740,6,9,20,2115,5,1,1,1,5028300,252900,3,2,2,0,1,1,0,51,1,0,1,0,1,0,1,0,1
200600050741,6,9,9,1230,1,1,1,6,5026700,222500,3,2,2,0,1,1,0,59,1,0,1,0,1,0,0,1,1
200600050745,6,9,21,730,1,1,1,7,4999000,176600,3,2,2,0,1,3,58,0,1,0,1,0,0,0,1,0,1
200600050749,6,9,6,1600,1,1,1,7,4998800,243900,3,2,2,0,1,1,0,60,1,0,1,0,0,0,1,0,1
200600050750,6,9,18,1200,1,1,1,3,4994600,223100,2,2,2,0,1,1,0,70,1,5,1,0,2,1,0,0,1
200600050756,6,9,7,1600,1,1,1,6,5032300,175100,2,2,0,0,4,1,0,75,1,0,3,0,0,1,1,0,1
200600050758,6,9,17,1130,1,6,1,2,5031100,164000,3,0,0,0,1,2,0,0,1,5,1,0,1,0,1,0,1
200600050762,6,9,26,1130,1,1,1,6,5009900,239300,3,2,2,0,1,1,0,60,1,0,1,0,1,1,0,0,1
200600050780,6,9,17,1400,1,1,1,6,4976600,379100,2,2,2,0,1,1,0,60,1,0,1,0,1,0,1,0,1
200600050794,6,9,9,1345,1,1,1,7,4933000,341600,3,2,2,0,1,3,0,60,1,0,1,0,0,0,1,0,1
200600050796,6,9,17,415,3,1,1,6,4927000,312800,2,2,2,0,1,3,0,68,1,0,3,0,0,1,0,0,1
200600050797,6,9,23,2245,5,1,3,6,4941000,313700,3,0,2,0,1,1,0,61,2,0,0,0,2,1,0,0,1
200600050799,6,9,23,1800,1,1,1,6,5001800,359700,3,2,2,0,4,2,0,0,1,0,4,0,0,0,0,1,1
200600050800,6,9,1,1830,1,1,1,1,4940900,225400,4,2,2,0,1,1,0,80,1,5,1,0,1,0,1,0,1
200600050801,6,9,21,1700,1,1,1,1,4942800,204000,4,2,2,0,1,1,0,70,1,0,1,0,1,0,1,0,1
200600050802,6,9,22,1015,1,1,8,7,4941200,204500,3,2,2,0,2,1,0,73,2,0,1,0,0,1,0,0,1
200600050803,6,9,22,815,1,1,1,7,4949200,221500,3,2,2,0,1,1,0,58,1,0,3,0,0,0,0,1,1
200600050804,6,9,9,2230,3,1,1,6,4945800,191600,3,2,2,0,0,2,0,48,1,0,3,0,1,0,0,2,1
200600050806,6,9,12,1045,1,1,1,3,4944000,184000,2,2,2,0,1,1,0,76,1,0,1,0,0,0,2,0,1
200600050807,6,9,14,1630,1,1,1,3,4944800,183000,2,2,2,0,1,1,0,73,1,0,1,0,1,0,0,1,1
200600050809,6,9,24,1800,5,1,2,3,4939100,173800,3,2,2,0,1,1,0,74,2,0,1,3,2,0,1,0,1
200600050822,6,9,27,1345,1,2,1,3,4960800,236800,3,2,0,0,1,1,0,0,1,0,1,0,1,0,1,0,1
200600050829,6,9,27,2000,3,1,1,4,4956700,257900,3,2,2,0,1,1,0,0,1,0,1,0,1,1,1,1,1
200600050834,6,9,22,2215,5,1,1,6,4938400,277100,3,2,2,0,1,1,0,60,1,0,4,0,2,0,0,2,1
200600050835,6,9,27,1245,1,1,1,6,4941300,266000,3,2,2,0,1,1,0,0,1,0,3,0,0,0,1,0,1
200600050837,6,9,4,1445,1,1,1,6,4958500,301600,3,2,2,0,0,1,0,65,1,0,1,0,1,0,0,1,1
200600050842,6,9,15,2115,5,9,1,1,4921300,260800,2,2,2,0,1,1,0,0,1,0,1,0,1,0,1,1,1
200600050843,6,9,19,730,1,1,1,5,4921100,260800,2,2,2,0,1,1,0,45,1,0,1,0,3,0,1,0,1
200600050856,6,9,19,715,2,1,2,3,4952100,117300,3,2,2,0,1,1,0,70,2,0,1,0,0,0,1,1,1
200600050863,6,9,28,1815,1,1,1,3,4947500,76400,3,2,2,0,2,1,0,75,1,0,1,0,2,2,1,0,1
200600050865,6,9,3,2000,2,1,2,1,4957000,44000,4,2,2,0,2,3,0,40,2,0,1,0,0,0,0,3,1
200600050869,6,9,19,1615,1,1,1,6,4979000,174000,3,2,0,0,0,2,0,81,1,0,3,0,0,0,1,0,1
200600050870,6,9,1,1915,1,9,1,3,4958000,160400,3,2,2,0,3,1,0,72,1,0,1,0,1,0,2,0,1
200600050875,6,9,20,1700,1,1,1,3,4948800,172100,3,2,0,0,1,1,0,103,1,0,1,0,0,0,1,1,1
200600050877,6,9,8,1630,1,1,7,1,4968000,78900,3,0,2,0,1,2,0,55,1,0,1,0,1,0,1,0,1
200600050880,6,9,13,1015,1,1,1,6,4899500,104000,3,2,2,0,1,1,0,40,1,0,1,0,1,0,1,0,1
200600050881,6,9,20,1000,1,1,1,2,4893400,98900,3,2,2,0,1,1,0,50,1,0,1,0,1,0,1,0,1
200600050883,6,9,17,1530,1,1,1,1,4888000,129800,3,2,2,0,2,2,0,55,1,0,1,0,0,0,4,0,1
200600050884,6,9,30,530,3,1,1,6,4892700,127200,3,2,2,0,1,1,0,60,1,0,3,0,0,1,0,0,1
200600050892,6,9,13,1330,1,1,1,6,4906900,58700,4,2,0,0,2,2,0,34,1,0,3,0,0,0,1,0,1
200600050893,6,9,14,815,1,9,1,3,4910000,61100,4,2,2,0,0,0,0,0,1,0,1,0,1,0,1,0,1
200600050894,6,9,30,500,3,1,1,6,4908500,58900,9,0,2,0,1,1,40,0,1,0,1,0,1,0,1,0,1
200600050903,6,9,20,1715,1,1,1,6,4916100,118200,2,3,2,3,1,1,40,137,1,0,2,0,0,0,1,0,1
200600050906,6,9,14,1030,1,1,1,1,4912500,139300,4,2,0,0,2,1,0,50,1,0,1,0,1,0,1,0,1
200600050907,6,9,23,1130,1,1,1,1,4914000,129000,4,2,2,0,1,1,0,45,1,0,3,0,2,0,1,0,1
200600050908,6,9,13,1410,1,1,1,1,4932400,114300,3,2,2,0,2,1,0,65,1,0,1,0,1,0,1,0,1
200600050912,6,9,26,830,1,9,1,1,4914400,87300,4,2,2,0,1,3,0,42,2,0,1,0,1,0,0,1,1
200600050915,6,9,12,1715,1,1,1,7,4923800,58500,3,2,2,0,4,2,0,0,9,1,3,0,0,0,1,0,1
200600050916,6,9,7,2055,3,1,1,1,4829700,-163200,3,2,2,0,2,2,0,80,1,0,1,0,1,0,1,0,1
200600050917,6,9,10,1000,1,1,1,3,4833700,-153300,3,2,2,0,2,1,0,0,1,0,1,0,1,0,1,0,1
200600050924,6,9,17,1645,1,1,1,3,4827900,-142100,3,2,2,0,1,2,0,70,1,0,1,0,1,0,1,0,1
200600050926,6,9,24,30,3,1,2,7,4831000,-130800,3,2,0,0,1,1,0,0,2,0,1,0,0,0,2,0,1
200600050927,6,9,30,1445,1,2,3,3,4843100,-161000,3,2,2,0,2,1,0,66,2,0,1,0,1,0,0,1,1
200600050930,6,9,10,530,3,1,1,7,4778600,-182900,4,0,0,0,0,0,50,0,0,0,0,0,0,0,1,1,1
200600050931,6,9,24,830,1,1,1,1,4784700,-171500,3,2,2,0,1,1,0,67,1,0,1,0,0,0,2,0,1
200600050933,6,9,27,1830,1,1,1,5,4773800,-177700,3,2,2,0,1,2,0,54,1,0,1,0,0,0,3,0,1
200600050940,6,9,1,1930,1,1,1,2,4842000,-183900,3,2,0,0,1,1,0,106,1,5,1,0,1,0,1,0,1
200600050941,6,9,12,1330,1,3,1,3,4854400,-180700,3,2,1,0,1,1,0,48,2,0,1,0,1,0,1,0,1
200600050942,6,9,21,1145,1,1,1,3,4841400,-170300,3,2,2,0,0,1,0,0,1,0,0,0,0,0,1,1,1
200600050952,6,9,28,1145,1,1,2,1,4870700,-307000,3,2,2,0,2,3,0,50,2,0,1,0,1,0,1,0,1
200600050961,6,9,3,1130,1,1,1,7,4863400,-365000,4,2,0,0,2,2,0,35,1,0,3,0,0,0,1,0,1
200600050962,6,9,30,1900,1,1,1,2,4884500,-322800,3,2,0,0,1,1,0,53,1,0,1,0,1,0,1,0,1
200600050965,6,9,23,1345,1,1,1,3,4780600,-422800,4,2,2,0,2,1,0,0,1,0,1,0,1,0,1,0,1
200600050967,6,9,1,1900,1,9,1,3,4845000,-426500,3,3,4,3,1,1,18,159,1,5,1,0,1,1,0,0,1
200600050968,6,9,24,330,3,1,8,6,4850200,-421900,5,0,0,0,0,0,0,0,0,0,0,0,3,0,1,0,1
200600050969,6,9,1,2145,3,1,1,1,4855000,-445000,3,2,2,0,0,2,0,55,2,0,1,0,1,0,1,0,1
200600050970,6,9,3,500,3,1,1,6,4858200,-454900,3,2,2,0,0,3,0,74,2,0,1,0,0,0,2,0,1
200600050971,6,9,14,1215,1,1,1,2,4855000,-450500,3,2,2,0,4,1,0,86,1,5,1,0,4,0,1,0,1
200600050974,6,9,13,1900,1,6,1,1,4864300,-370600,3,2,2,0,1,1,0,71,1,0,1,0,1,0,1,0,1
200600050976,6,9,9,745,1,1,1,6,4854700,-384100,4,2,2,0,2,1,0,49,1,0,1,0,0,1,0,0,1
200600050977,6,9,24,1245,1,1,8,7,4848700,-387100,3,2,0,0,1,2,0,70,2,0,3,0,0,1,1,0,1
200600050981,6,9,29,1830,1,1,1,1,4767300,-294700,3,2,2,0,1,1,0,63,1,0,1,0,1,0,1,0,1
200600050982,6,9,5,1345,1,6,1,3,4777700,-352100,3,2,2,0,0,2,0,70,1,5,1,0,0,0,1,1,1
200600050984,6,9,22,1600,1,1,1,1,4785900,-246200,3,2,2,0,1,1,0,62,2,0,1,0,2,0,2,0,1
200600050985,6,9,19,930,1,6,1,1,4807200,-296600,3,2,2,0,1,3,60,0,1,0,1,0,1,0,0,1,1
200600050987,6,9,25,1600,1,1,1,6,4814600,-362500,3,1,0,0,0,3,0,0,1,0,3,0,0,1,0,0,1
200600050989,6,9,2,1200,1,1,1,1,4908400,-14300,3,2,2,0,0,2,0,60,1,0,3,0,1,0,1,0,1
200600050990,6,9,14,1845,1,9,1,5,4915300,-26000,3,2,3,3,1,1,0,106,1,0,1,0,2,1,0,0,1
200600050992,6,9,16,445,3,1,2,6,4900500,-30400,4,2,2,0,1,1,0,50,2,0,1,0,0,0,1,0,1
200600050993,6,9,21,215,5,1,1,1,4912000,-15100,3,3,2,0,2,2,10,60,1,0,1,0,0,1,1,0,1
200600050994,6,9,30,830,1,2,1,3,4908500,-22400,3,2,0,0,1,1,0,65,1,0,1,0,1,0,0,1,1