Num_Acc,an,mois,jour,hrmn,lum,int,atm,col,lat,long,catr,circ,nbv,vosp,prof,plan,lartpc,larrout,surf,infra,situ,env1,unscathed,killed,hospital,light,chance
200600050995,6,9,22,2215,5,1,1,6,4929500,-32800,4,2,2,0,1,1,0,0,1,0,1,0,0,0,1,0,1
200600050998,6,9,2,2015,3,1,1,3,4928800,-73500,3,2,2,0,2,0,0,46,1,0,1,0,4,0,1,1,1
200600050999,6,9,2,15,3,1,1,1,4922900,-90300,3,2,0,0,1,1,0,46,1,0,1,0,0,0,2,1,1
200600051000,6,9,9,1930,1,9,1,3,4922300,-79000,3,2,2,0,0,1,0,70,1,0,0,0,1,0,1,0,1
200600051001,6,9,9,1930,1,1,1,3,4931000,-109100,3,2,2,0,2,1,0,67,1,0,1,0,2,0,3,0,1
200600051003,6,9,19,1845,1,1,1,6,4932100,-93900,3,2,0,0,0,2,46,0,1,0,1,0,1,0,1,0,1
200600051004,6,9,26,1715,1,1,1,5,4892400,-18700,3,2,0,0,1,1,0,72,1,0,1,0,0,0,2,1,1
200600051006,6,9,20,1500,2,1,1,1,4903400,-5600,3,2,2,0,2,2,0,56,1,0,1,0,0,0,2,0,1
200600051007,6,9,20,645,2,1,1,1,4903100,-5300,3,2,2,0,1,3,0,63,0,0,1,0,0,0,2,0,1
200600051008,6,9,7,1830,1,1,1,7,4901000,18400,3,2,0,0,1,2,0,45,1,0,1,0,0,0,1,0,1
200600051011,6,9,20,300,5,1,1,7,4932400,-400,3,1,1,0,2,1,0,40,1,0,4,0,0,0,1,0,1
200600051013,6,9,14,915,1,1,3,1,4886700,-84000,3,2,2,0,2,1,60,0,2,0,1,0,1,0,0,1,1
200600051014,6,9,23,845,1,1,7,6,4884100,-88200,3,2,2,0,3,1,0,50,1,0,1,0,1,0,0,1,1
200600051018,6,9,24,1200,1,1,1,7,4886700,-116600,3,2,1,0,2,1,0,41,1,0,3,0,0,1,0,0,1
200600051021,6,9,29,1945,1,2,1,3,4919700,-119000,3,2,2,0,1,1,0,0,1,0,1,0,1,0,1,0,1
200600051022,6,9,14,730,2,6,2,3,4897200,-94600,3,2,2,0,1,1,0,77,2,5,1,0,1,0,1,0,1
200600051025,6,9,10,1600,1,1,1,3,4869300,-147900,3,2,2,0,1,1,0,56,1,0,1,0,3,0,1,0,1
200600051026,6,9,14,1045,1,1,8,1,4880300,-131900,3,2,2,0,2,4,0,73,2,0,1,0,1,0,1,0,1
200600051027,6,9,17,530,3,1,1,1,4856700,-151700,2,2,2,0,1,1,0,80,1,2,1,0,1,0,1,0,1
200600051028,6,9,26,1015,1,1,7,6,4884200,-122200,3,2,2,0,1,1,0,98,1,0,1,0,2,0,2,0,1
200600051031,6,9,12,545,3,1,1,6,4967600,-185500,3,2,3,0,1,2,0,120,1,0,1,0,0,0,1,0,1
200600051033,6,9,15,1400,1,2,1,3,4951400,-181100,9,2,2,0,1,1,59,0,1,0,0,0,1,0,1,0,1
200600051036,6,9,12,1515,1,1,1,3,4967900,-127200,3,2,2,0,0,1,70,0,1,0,1,0,1,0,1,0,1
200600051038,6,9,23,1215,1,1,1,3,4897900,-148200,3,2,0,0,1,1,0,56,1,0,1,0,1,0,1,0,1
200600051039,6,9,8,1645,1,1,1,7,4913600,-156000,3,2,0,0,0,0,0,65,1,0,0,0,1,0,2,0,1
200600051040,6,9,10,100,3,1,1,6,4923500,-164200,4,2,0,0,0,1,0,0,1,0,3,0,2,0,1,2,1
200600051043,6,9,7,1720,1,1,1,7,4858700,-97100,3,2,2,0,1,1,0,45,1,0,1,0,0,0,1,0,1
200600051044,6,9,20,845,1,1,1,7,4873600,-90700,3,2,2,0,0,4,0,90,1,0,3,0,0,0,1,0,1
200600051049,6,9,23,1515,1,1,1,3,4850900,31400,2,3,0,0,1,1,0,0,1,0,1,0,1,1,0,0,1
200600051052,6,9,9,1115,1,3,1,3,4890800,20900,3,0,2,0,0,0,0,0,1,0,1,0,1,0,1,0,1
200600051058,6,9,20,815,1,1,1,1,4870000,-36200,3,2,2,0,0,1,0,60,1,0,1,3,1,0,1,0,1
200600051061,6,9,13,1745,1,1,2,1,4865500,-50300,4,2,0,0,0,2,0,40,9,0,1,0,0,0,1,1,1
200600051063,6,9,5,1500,1,1,1,1,4873900,64700,3,2,2,0,1,1,0,71,1,0,1,0,0,1,1,0,1
200600051066,6,9,26,1715,1,1,1,6,4729900,-149200,9,2,2,0,1,1,0,60,1,0,1,0,1,0,1,0,1
200600051067,6,9,1,800,1,1,1,3,4689000,-160800,3,2,2,0,0,3,0,58,1,0,1,0,1,0,1,1,1
200600051073,6,9,19,1845,1,1,1,2,4752900,-118200,3,2,0,0,1,1,0,55,1,0,1,0,0,0,1,1,1
200600051078,6,9,10,600,3,1,1,6,4742900,-134500,3,2,2,0,2,1,62,62,1,0,1,0,2,1,0,0,1
200600051079,6,9,23,1130,1,1,1,2,4742400,-129200,3,2,2,0,4,1,0,64,1,0,1,0,0,0,1,2,1
200600051081,6,9,9,1615,1,1,1,3,4776400,-142100,3,2,2,0,0,3,0,64,1,0,1,0,0,1,0,1,1
200600051082,6,9,15,1645,1,2,2,1,4767200,-138000,3,2,0,0,2,1,0,50,2,5,1,0,1,0,1,0,1
200600051083,6,9,16,1100,1,1,1,3,4762400,-137800,3,2,0,0,1,1,0,83,1,0,1,0,0,0,3,0,1
200600051085,6,9,2,930,1,1,1,6,4766700,-177900,3,2,2,0,1,2,0,0,1,0,3,0,0,1,0,0,1
200600051090,6,9,10,645,3,1,1,1,4711000,-159300,3,2,2,0,1,1,0,71,1,0,1,0,1,1,0,0,1
200600051091,6,9,15,745,2,1,1,2,4716000,-160100,9,2,2,1,1,1,0,64,1,0,5,0,1,0,1,0,1
200600051092,6,9,23,2200,5,1,2,6,4715100,-170100,3,2,0,0,1,1,0,0,2,0,1,0,0,0,1,0,1
200600051093,6,9,9,1745,1,1,1,5,4711700,-203000,3,2,2,0,2,1,0,80,1,0,1,0,4,1,3,0,1
200600051095,6,9,9,1630,1,2,1,1,4698700,-190300,3,2,2,0,1,1,0,0,1,5,1,0,1,0,1,1,1
200600051097,6,9,22,1530,1,6,1,6,4722000,-168100,4,2,2,0,1,1,0,60,1,0,1,0,1,0,1,0,1
200600051099,6,9,1,1315,1,1,1,3,4730400,-238500,3,2,2,0,2,1,0,74,1,0,1,0,0,0,2,0,1
200600051100,6,9,5,930,1,2,1,1,4730000,-243300,3,2,2,0,1,0,0,0,1,5,1,0,1,0,1,0,1
200600051105,6,9,26,1630,1,1,1,3,4750700,-212700,3,2,0,0,1,0,27,64,1,5,1,0,1,0,1,0,1
200600051109,6,9,9,1815,1,1,1,2,4742900,-61300,3,2,0,0,2,1,0,32,1,0,3,0,0,0,1,1,1
200600051110,6,9,19,1515,1,1,1,1,4742400,-59300,3,2,2,0,1,1,40,110,1,5,1,0,1,0,1,0,1
200600051112,6,9,24,1350,1,1,2,6,4744700,-15500,4,2,2,0,4,0,0,32,2,0,3,0,0,0,1,0,1
200600051113,6,9,29,1515,1,1,2,6,4749200,-27500,4,2,0,0,1,1,0,43,2,0,3,0,0,1,0,0,1
200600051114,6,9,1,1200,1,1,1,3,4732700,-49700,3,2,2,0,1,1,0,51,1,0,1,0,1,0,0,1,1
200600051115,6,9,6,1800,1,2,7,3,4734000,-42800,3,2,2,0,0,1,0,80,1,5,1,0,1,0,2,0,1
200600051117,6,9,1,2330,5,1,1,7,4751700,-46200,2,3,2,0,2,1,20,70,1,5,1,0,0,0,1,0,1
200600051119,6,9,6,1300,1,1,1,2,4754500,-48700,3,2,2,0,1,1,0,60,1,0,1,0,4,0,1,1,1
200600051121,6,9,9,330,3,1,1,3,4716900,-75400,2,2,2,0,1,1,0,70,1,0,1,0,0,0,2,0,1
200600051122,6,9,22,2230,5,6,1,3,4715000,-106300,3,2,2,0,1,1,0,70,1,5,1,0,2,0,1,0,1
200600051123,6,9,27,1445,1,1,1,6,4720800,-98200,4,2,2,0,1,1,0,85,1,0,1,3,1,0,1,0,1
200600051131,6,9,27,1300,1,1,1,7,4725100,-99000,3,2,2,0,1,0,0,0,1,0,3,0,0,0,1,0,1
200600051132,6,9,9,1815,1,1,1,3,4737300,-23800,4,2,1,0,0,1,0,36,1,5,1,0,1,0,1,0,1
200600051135,6,9,6,1300,1,1,1,6,4756700,-81400,3,2,2,0,1,1,0,0,1,0,1,0,0,0,1,0,1
200600051138,6,9,25,1700,1,1,1,6,4754900,-96700,3,2,0,0,0,1,0,75,0,0,1,0,0,0,1,0,1
200600051140,6,9,25,1700,1,6,3,6,4815000,-39100,9,2,2,0,1,3,0,61,2,0,1,0,1,0,1,0,1
200600051141,6,9,22,1130,1,1,8,7,4783200,-72300,3,2,1,0,1,1,0,65,2,0,3,0,0,0,1,0,1
200600051143,6,9,5,1715,1,1,1,5,4831800,-47700,3,2,2,0,1,3,0,65,1,0,1,0,1,0,1,1,1
200600051144,6,9,9,2355,5,1,1,6,4831300,-60500,2,2,3,0,2,1,0,100,1,0,3,0,0,0,1,0,1
200600051145,6,9,14,1630,1,1,1,1,4817200,-68300,2,2,2,0,0,1,0,103,1,0,1,0,0,0,3,0,1
200600051147,6,9,5,2215,3,1,1,1,4845300,-46600,3,2,2,0,3,1,0,62,1,0,1,0,1,0,1,2,1
200600051148,6,9,17,1800,1,1,1,6,4840500,-10800,3,2,2,0,1,3,0,53,1,0,1,0,0,1,1,0,1
200600051150,6,9,30,1715,1,1,2,6,4848700,-29500,3,2,2,0,1,2,0,45,2,0,4,0,0,0,0,1,1
200600051151,6,9,3,30,3,1,1,7,4794200,34800,3,0,2,0,1,4,0,70,1,0,3,0,1,0,0,4,1
200600051153,6,9,13,815,1,1,1,1,4793600,18600,4,2,0,0,1,1,0,59,1,0,1,3,1,0,0,1,1
200600051157,6,9,8,900,1,1,1,3,4801500,28400,3,4,0,0,1,3,0,100,1,5,1,0,1,0,1,0,1
200600051162,6,9,7,2115,3,1,1,1,4787700,50800,3,2,2,0,1,1,0,63,1,0,1,0,0,0,1,1,1
200600051166,6,9,3,915,1,1,2,1,4826700,44800,3,2,2,0,0,2,0,74,2,0,1,0,1,0,1,0,1
200600051169,6,9,16,1155,1,2,1,5,4819400,42100,3,2,2,0,0,1,16,105,1,0,1,0,1,0,3,0,1
200600051172,6,9,30,1800,1,6,1,6,4819300,63600,3,2,2,0,2,1,0,100,8,0,1,0,1,0,1,0,1
200600051173,6,9,9,530,5,1,1,2,4838500,8900,2,2,3,0,2,1,19,144,1,0,1,0,0,2,0,1,1
200600051174,6,9,27,645,2,1,1,6,4831500,13700,3,2,2,0,1,1,72,0,1,0,1,0,0,0,1,0,1
200600051178,6,9,20,1410,1,1,7,6,4642000,-96000,3,2,2,0,0,2,0,65,1,0,3,0,0,0,1,0,1
200600051179,6,9,9,1150,1,1,1,7,4648200,-122000,3,2,0,0,1,0,0,0,1,4,1,0,0,0,1,0,1
200600051180,6,9,11,1730,1,1,1,3,4640100,-119300,3,2,0,0,0,1,0,63,1,0,1,0,1,1,0,0,1
200600051181,6,9,15,1755,1,1,3,1,4640500,-118500,3,2,1,0,1,0,0,0,2,0,1,0,0,0,1,1,1
200600051182,6,9,19,1730,1,2,1,1,4647200,-115200,3,2,2,0,1,1,0,100,0,0,1,0,0,0,1,2,1
200600051184,6,9,9,1200,1,2,1,3,4664600,-73000,3,2,2,0,2,1,0,80,1,5,1,0,1,0,2,0,1
200600051193,6,9,10,2130,3,2,1,3,4681100,-188100,3,2,2,0,1,3,0,80,1,5,1,0,1,0,1,0,1
200600051194,6,9,11,2050,3,1,1,1,4677300,-193000,3,2,2,0,1,1,0,62,1,0,1,0,0,0,1,1,1
200600051204,6,9,19,1130,1,1,1,1,4525200,-62500,3,2,2,0,1,1,0,72,1,0,1,0,1,0,1,0,1
200600051206,6,9,8,915,1,9,1,1,4492500,-44700,3,2,2,0,1,1,0,76,1,0,1,0,1,0,1,0,1
200600051209,6,9,15,1200,1,3,8,3,4475500,-54700,2,2,2,0,1,1,35,68,1,5,1,3,0,0,2,1,1
200600051210,6,9,8,630,1,1,1,1,4459800,-32700,3,2,2,0,0,1,0,50,1,0,3,0,1,0,1,0,1
200600051211,6,9,5,815,1,1,1,1,4502300,-44600,2,2,0,0,1,1,0,80,1,0,1,0,1,0,1,0,1
200600051212,6,9,5,1915,1,1,1,1,4497000,-45400,4,2,0,0,1,1,0,0,1,0,1,0,0,0,1,1,1
200600051213,6,9,14,1715,1,1,1,3,4454900,-25100,9,2,2,0,1,1,0,0,1,0,1,3,1,0,1,0,1
200600051215,6,9,12,1130,1,1,1,3,4441900,-21900,3,2,3,3,1,1,10,147,1,5,1,0,1,0,1,0,1
200600051216,6,9,5,830,1,1,7,6,4443700,-45900,3,2,2,0,1,1,0,62,1,0,1,0,1,0,1,0,1
200600051217,6,9,14,1015,1,1,2,6,4435900,-45000,3,2,2,0,1,2,0,46,2,0,3,0,0,1,0,0,1
200600051219,6,9,8,815,3,2,1,3,4521400,-78100,3,2,0,0,1,1,53,0,1,5,1,0,1,0,1,1,1
200600051222,6,9,23,1130,1,1,1,5,4485000,-4900,3,2,0,0,2,1,0,70,1,5,1,0,4,0,1,0,1
200600051224,6,9,15,1830,3,1,3,6,4488100,-8900,3,0,0,0,1,0,0,46,2,0,1,0,0,0,1,0,1
200600051225,6,9,13,1630,1,1,1,3,4499300,-17000,3,2,2,0,3,3,0,66,1,0,1,0,1,0,0,1,1
200600051227,6,9,4,645,1,1,1,3,4499500,-36900,3,3,2,0,1,0,0,70,1,0,1,0,1,0,1,0,1
200600051231,6,9,29,900,1,1,1,6,4515000,52800,9,2,0,0,1,1,0,60,1,5,1,3,1,0,1,0,1
200600051233,6,9,19,815,1,2,1,5,4520000,89300,4,2,2,0,0,1,0,54,1,0,1,3,3,0,3,0,1
200600051234,6,9,28,745,1,1,1,1,4531100,98100,4,2,0,0,0,2,0,40,1,0,1,0,1,0,1,0,1
200600051236,6,9,9,945,1,1,1,6,4480800,73300,3,2,1,0,1,2,0,61,1,0,1,0,1,0,1,0,1
200600051239,6,9,17,500,3,1,1,6,4541200,119700,3,2,2,0,1,3,0,54,1,0,3,0,2,0,3,1,1
200600051240,6,9,20,1100,1,3,1,3,4544400,93300,2,2,2,0,4,2,0,75,1,0,1,0,1,0,1,0,1
200600051241,6,9,10,1045,1,1,1,6,4530800,34800,3,2,2,0,1,1,0,50,1,0,1,0,1,0,1,0,1
200600051242,6,9,26,1800,1,2,1,3,4523500,26400,3,2,2,0,3,1,0,64,1,0,1,0,1,0,1,1,1
200600051243,6,9,10,1800,1,1,1,6,4503300,35000,3,0,0,0,0,1,0,0,1,0,1,0,1,0,1,0,1
200600051245,6,9,3,1745,1,1,1,6,4496500,125100,3,2,2,0,1,2,0,0,1,0,0,0,0,0,1,0,1
200600051247,6,9,17,1800,1,1,1,6,4488400,137500,3,2,2,0,1,3,0,60,1,0,3,0,0,1,1,0,1
200600051253,6,9,3,1830,1,1,7,3,4393100,-67600,3,2,2,0,1,2,0,58,1,0,1,0,3,0,2,0,1
200600051257,6,9,17,600,5,1,2,6,4355100,-111200,2,0,2,0,1,1,0,120,2,0,4,0,0,0,1,0,1
200600051258,6,9,16,1800,1,1,2,6,4359300,-92100,3,2,2,0,1,3,0,60,2,2,1,0,0,0,1,0,1
200600051265,6,9,27,1800,1,1,1,1,4432800,-77800,2,2,2,0,2,4,0,75,1,0,1,0,1,0,1,0,1
200600051268,6,9,28,1245,1,1,1,3,4372500,-39400,3,2,0,0,1,1,0,56,1,5,1,0,1,1,0,0,1
200600051269,6,9,16,945,1,1,3,1,4386900,-30700,3,2,2,0,1,2,0,79,2,0,1,0,0,0,3,0,1
200600051270,6,9,30,915,1,1,1,7,4401700,-26600,3,2,2,0,2,4,0,75,1,0,3,0,0,1,0,0,1
200600051277,6,9,1,1030,1,9,1,3,4425100,41300,2,2,2,0,1,1,0,73,1,0,1,0,2,1,1,0,1
200600051278,6,9,6,1445,1,1,1,6,4424500,46300,2,2,0,0,1,1,0,108,1,0,3,0,0,3,1,0,1
200600051279,6,9,27,815,1,1,7,2,4432400,50600,3,2,2,0,1,1,0,45,1,0,1,0,0,0,0,3,1
200600051280,6,9,5,745,1,1,1,1,4414900,79700,2,2,2,0,2,3,0,100,1,0,1,0,1,0,1,0,1
200600051282,6,9,14,1815,1,1,2,1,4451400,19300,3,2,2,0,1,1,0,70,2,0,1,0,1,0,1,1,1
200600051283,6,9,17,830,1,1,7,6,4451200,16600,9,2,2,0,0,1,0,0,1,0,3,0,1,0,1,0,1
200600051284,6,9,19,900,1,1,1,6,4450200,16700,9,2,2,0,0,1,0,0,1,0,1,0,1,0,1,0,1
200600051288,6,9,13,1830,1,1,2,6,4455800,23900,3,2,2,0,1,2,0,50,2,0,3,0,0,0,0,2,1
200600051289,6,9,20,1930,1,1,1,7,4457200,31000,3,2,2,0,2,3,0,54,1,0,1,0,0,0,1,0,1
200600051293,6,9,4,1015,1,1,1,1,4444700,87400,3,2,2,0,1,3,0,73,1,0,1,0,1,1,0,0,1
200600051296,6,9,19,745,3,1,1,6,4464600,56600,3,2,2,0,2,2,0,50,1,0,3,0,0,1,0,0,1
200600051301,6,9,11,700,1,1,1,1,4337000,-38000,2,2,0,0,1,1,0,107,1,0,1,0,0,1,1,0,1
200600051304,6,9,7,1845,2,1,1,5,4323400,-25700,3,2,2,0,1,1,72,0,1,0,1,0,1,1,2,1,1
200600051305,6,9,12,2000,3,1,3,5,4347800,-144200,3,2,0,0,2,2,0,85,2,0,1,0,0,0,3,0,1
200600051306,6,9,12,2130,3,1,2,6,4350500,-132600,3,2,2,0,1,3,0,63,2,0,3,0,1,1,0,0,1
200600051309,6,9,13,845,1,1,1,3,4336200,-154800,3,2,2,0,2,1,0,57,1,0,1,3,1,0,1,0,1
200600051311,6,9,14,700,2,1,3,3,4334500,-140100,3,2,2,0,1,1,0,66,2,0,1,0,2,1,0,0,1
200600051312,6,9,2,345,3,1,2,6,4317000,-54000,2,2,0,0,1,1,0,0,2,0,3,0,0,0,0,1,1
200600051313,6,9,3,1730,1,1,1,5,4348400,-74500,2,2,2,0,1,1,0,75,1,0,1,0,2,0,1,1,1
200600051314,6,9,11,1630,1,1,1,6,4346000,-72000,3,2,2,0,1,1,12,62,1,0,3,3,0,0,1,0,1
200600051316,6,9,29,2330,3,1,1,6,4349000,-68000,3,3,2,0,1,2,0,60,1,0,3,0,1,0,0,1,1
200600051319,6,9,6,1945,1,1,1,6,4638700,21900,2,3,2,0,2,1,20,75,1,0,3,0,0,0,1,0,1
200600051324,6,9,19,1215,1,2,2,3,4679100,17900,3,2,1,0,2,3,0,57,2,0,1,0,3,0,1,0,1
200600051328,6,9,10,500,3,9,1,6,4694900,29700,4,0,0,0,0,0,0,0,0,0,0,0,3,0,1,0,1
200600051334,6,9,8,1315,1,1,1,1,4548800,-15600,3,2,2,0,1,1,0,52,1,0,1,3,4,0,1,0,1
200600051336,6,9,25,1815,1,1,1,2,4547800,-15500,3,2,2,0,2,1,0,55,1,0,1,0,1,0,1,0,1
200600051337,6,9,2,130,3,1,1,2,4582000,44000,2,3,4,0,2,1,10,70,1,2,1,0,2,1,0,0,1
200600051338,6,9,1,2045,2,1,1,6,4580000,35000,3,2,0,0,0,1,0,41,1,0,0,0,0,0,1,0,1
200600051344,6,9,16,1300,1,1,2,3,4567000,3900,3,2,2,0,1,3,0,54,2,0,1,0,0,0,2,1,1
200600051351,6,9,11,1600,1,2,1,5,4623000,-87000,3,4,0,0,2,1,0,115,1,0,1,0,0,1,2,0,1
200600051352,6,9,17,1815,1,9,1,6,4621000,-151900,3,2,2,0,1,1,0,0,1,0,3,0,1,0,1,0,1
200600051356,6,9,19,815,1,1,1,6,4589700,-100700,4,2,2,0,1,1,0,53,1,0,3,0,0,0,1,0,1
200600051358,6,9,24,230,3,1,1,3,4596400,-130000,3,2,2,0,0,3,0,0,2,2,1,0,4,0,1,0,1
200600051370,6,9,7,1945,2,1,1,3,4563500,-51200,3,2,2,0,1,1,0,44,1,5,1,0,1,0,2,1,1
200600051374,6,9,6,1830,1,1,7,2,4597800,-22500,3,2,2,0,1,2,0,63,1,0,1,0,1,0,1,0,1
200600051375,6,9,22,2130,4,1,1,1,4602400,-34600,4,2,0,0,1,1,0,60,1,0,1,0,1,0,1,0,1
200600051378,6,9,12,1955,1,1,1,1,4647100,-36900,3,2,3,0,1,1,0,100,1,0,1,0,1,1,0,0,1
200600051379,6,9,16,1530,1,1,2,1,4615000,-46000,3,2,1,0,1,1,60,60,2,0,1,0,1,0,0,1,1
200600051384,6,9,18,945,1,2,1,3,4619900,-16900,3,2,2,0,1,1,0,78,1,5,1,0,1,0,1,0,1
200600051385,6,9,15,1400,1,1,2,7,4613300,9400,3,2,2,0,1,3,0,0,2,0,1,0,0,0,1,0,1
200600051386,6,9,17,1600,1,1,1,6,4606300,1200,3,2,0,0,1,1,0,0,1,0,3,0,1,1,0,0,1
200600051387,6,9,19,930,3,1,2,6,4613100,-8700,3,2,2,0,1,1,0,63,2,0,3,0,1,0,2,0,1
200600051389,6,9,10,1,3,1,1,7,4662800,-32100,3,2,2,0,2,3,0,65,1,0,3,0,0,0,1,0,1
200600051391,6,9,24,1700,1,1,3,7,4678000,-21900,3,2,2,0,1,1,30,77,2,0,1,0,0,0,1,0,1
200600051392,6,9,19,1215,1,1,1,7,4660000,-41700,3,2,2,0,1,1,0,63,2,0,3,0,0,0,1,0,1
200600051393,6,9,9,2000,1,1,1,6,4578900,112700,3,2,0,0,2,2,0,60,1,0,3,0,0,0,1,0,1
200600051397,6,9,23,1830,1,1,3,3,4577300,153800,3,2,2,0,2,3,0,72,2,0,1,0,0,0,3,0,1
200600051398,6,9,5,2200,3,1,1,7,4583400,148200,3,2,2,0,1,2,0,56,0,0,3,0,0,1,0,0,1
200600051399,6,9,23,2000,3,1,2,6,4555000,113000,3,2,2,0,2,3,0,62,2,0,3,0,0,0,3,0,1
200600051400,6,9,23,2315,3,1,1,7,4562600,98400,2,2,2,0,3,1,0,76,2,0,3,0,0,1,1,0,1
200600051402,6,9,16,1815,1,1,1,1,4603500,133700,3,2,0,0,0,1,0,56,1,0,1,0,1,0,1,0,1
200600051403,6,9,22,2330,3,1,1,7,4599200,103700,3,2,2,0,4,2,0,0,1,0,0,0,1,0,1,0,1
200600051404,6,9,10,530,5,1,1,6,4573000,88000,3,2,2,0,1,1,0,70,1,0,3,0,0,1,0,0,1
200600051405,6,9,5,1100,1,1,1,1,4528800,162200,3,2,2,0,1,3,0,54,1,0,1,0,1,0,1,0,1
200600051407,6,9,1,1900,2,3,7,5,4546900,151700,3,2,2,0,3,3,0,71,1,5,1,0,1,0,3,0,1
200600051412,6,9,4,415,3,1,1,7,4519200,148700,1,1,2,0,2,2,0,32,1,3,1,0,0,0,0,1,1
200600051413,6,9,4,1000,1,1,1,3,4538900,140000,3,0,0,0,1,1,0,0,1,0,1,0,1,0,1,0,1
200600051414,6,9,2,445,3,1,1,6,4636400,199000,3,2,1,0,2,2,1,62,1,0,1,0,0,0,1,1,1
200600051415,6,9,29,1600,1,1,1,1,4634900,222700,3,2,2,0,2,3,0,60,1,0,1,0,1,0,1,0,1
200600051416,6,9,8,1930,1,1,1,2,4621100,199700,2,2,0,0,1,1,0,61,1,0,1,3,1,0,1,0,1
200600051417,6,9,28,1130,1,1,1,3,4594700,207700,3,2,2,0,1,1,0,65,1,0,1,0,0,0,1,2,1
200600051418,6,9,8,1530,1,1,1,7,4627000,238000,2,2,2,0,0,1,0,72,1,0,3,0,0,0,2,0,1
200600051419,6,9,24,1745,2,1,3,5,4624600,248600,3,2,2,0,0,4,0,57,2,0,1,0,1,1,1,0,1
200600051420,6,9,15,1800,1,1,2,1,4594000,165100,3,2,2,0,1,3,0,76,2,0,1,0,0,0,1,2,1
200600051421,6,9,3,1630,1,1,1,7,4581600,189500,3,2,2,0,1,2,0,60,1,0,1,0,0,0,1,1,1
200600051422,6,9,3,1100,1,1,1,5,4349500,144100,3,2,2,0,1,1,0,63,1,0,1,0,1,0,1,2,1
200600051424,6,9,13,2000,5,1,1,6,4370600,122200,4,2,2,0,2,1,0,35,1,0,3,0,0,0,1,0,1
200600051427,6,9,23,1730,1,1,1,3,4356700,128900,3,2,0,0,1,1,0,68,1,0,1,0,0,0,3,0,1
200600051428,6,9,22,2000,3,1,2,6,4353000,140100,2,3,4,0,1,1,20,350,2,5,1,0,1,0,1,0,1
200600051429,6,9,29,415,5,1,1,3,4355200,147400,3,2,2,0,1,1,0,105,1,0,1,0,1,0,1,0,1
200600051430,6,9,19,1445,1,1,1,7,4368300,140800,3,2,2,0,1,1,0,50,1,0,1,0,1,0,1,0,1
200600051432,6,9,3,815,1,1,1,1,4347000,127400,3,2,0,0,1,1,0,61,1,0,1,0,1,1,0,0,1
200600051434,6,9,17,845,1,1,8,7,4346400,137000,3,2,2,0,1,1,0,60,2,0,3,0,0,1,1,0,1
200600051436,6,9,5,1130,1,1,1,1,4343800,144400,4,2,0,0,1,1,0,60,1,0,1,0,1,0,0,1,1
200600051437,6,9,30,1715,1,1,1,3,4335600,148400,3,2,1,0,2,1,60,0,1,0,1,3,1,0,0,1,1
200600051438,6,9,30,1645,1,1,1,7,4336200,148700,3,2,0,0,0,2,60,0,1,0,3,0,0,0,0,1,1
200600051439,6,9,5,1045,1,1,1,2,4336200,127500,3,2,0,3,1,1,0,80,1,5,1,0,0,0,2,0,1
200600051440,6,9,4,45,3,1,1,6,4316600,112000,3,2,2,0,1,3,0,60,1,0,3,0,0,0,1,0,1
200600051441,6,9,25,1645,1,1,1,3,4322000,108700,3,2,2,0,1,1,0,60,1,0,1,0,0,0,2,0,1
200600051442,6,9,1,1615,1,1,1,1,4302000,61000,3,0,2,0,0,1,0,62,1,0,1,0,1,1,0,1,1
200600051444,6,9,20,1200,1,1,1,6,4304200,71500,4,0,0,0,4,1,30,0,0,0,3,0,0,1,0,0,1
200600051445,6,9,27,1745,1,1,1,1,4341400,170700,2,2,2,0,1,1,0,74,1,0,1,0,1,0,1,0,1
200600051446,6,9,2,1315,1,9,1,6,4346300,157600,3,2,2,0,1,1,90,90,1,5,0,0,2,0,1,0,1
200600051447,6,9,25,945,1,1,8,6,4346000,161600,3,2,2,0,1,2,0,80,2,0,3,0,0,0,1,0,1
200600051451,6,9,29,2030,3,1,1,3,4308400,165300,3,2,2,0,1,3,0,56,1,0,1,0,0,0,1,1,1
200600051452,6,9,18,1445,1,1,2,6,4310300,144700,3,2,0,0,1,3,0,72,2,0,3,0,0,0,1,0,1
200600051455,6,9,3,1915,1,1,1,7,4424000,275300,3,2,0,0,2,2,0,72,1,0,1,0,1,0,1,0,1
200600051456,6,9,26,1715,1,9,1,3,4438400,245500,3,2,2,0,2,1,0,112,1,5,1,0,3,0,1,0,1
200600051458,6,9,11,1145,1,2,1,3,4404800,248900,3,2,2,0,4,1,0,65,1,0,1,0,2,0,1,1,1
200600051460,6,9,13,1800,1,1,8,5,4458100,265100,3,2,2,0,1,3,0,68,2,2,1,0,2,0,1,2,1
200600051464,6,9,15,1530,1,1,3,5,4442900,212500,3,2,2,0,1,1,0,0,2,0,1,0,1,0,3,0,1
200600051465,6,9,19,1245,1,1,1,6,4435700,203200,4,2,2,0,2,3,0,55,1,0,3,3,1,0,1,0,1
200600051466,6,9,23,1200,1,1,2,1,4434200,204900,3,2,3,0,2,3,0,105,2,0,1,0,0,1,2,1,1
200600051467,6,9,12,1800,1,1,2,6,4361300,96100,2,2,2,0,1,1,0,60,2,0,3,0,2,0,1,0,1
200600051473,6,9,2,1945,1,1,1,7,4378400,-5500,3,2,2,0,2,2,0,46,1,0,3,0,0,0,1,0,1
200600051474,6,9,13,530,3,1,1,6,4377500,13200,2,2,2,0,1,2,0,71,1,0,3,0,0,0,1,0,1
200600051475,6,9,1,2000,2,1,1,2,4392700,62400,2,2,0,0,1,1,0,0,1,0,1,0,1,0,1,0,1
200600051478,6,9,1,2100,3,1,1,6,4457200,112300,3,2,2,0,2,2,0,60,1,0,3,0,0,0,1,0,1
200600051479,6,9,3,630,2,1,1,6,4448200,128900,3,2,2,0,1,1,0,65,1,2,1,0,1,0,0,1,1
200600051480,6,9,4,1445,1,1,1,6,4452200,101300,3,2,2,0,1,1,0,57,1,0,3,0,0,0,1,0,1
200600051482,6,9,19,1600,1,1,1,6,4478100,172800,9,2,0,0,0,1,0,61,1,0,0,0,1,0,0,1,1
200600051483,6,9,22,1800,1,1,2,1,4494900,165100,3,2,1,0,2,1,0,63,2,0,3,0,0,1,1,0,1
200600051484,6,9,8,1315,1,1,1,3,4489700,147900,3,2,0,0,1,3,0,50,1,0,1,0,1,0,1,0,1
200600051487,6,9,20,1515,1,1,1,2,4354600,-1500,3,2,2,0,1,1,0,68,1,0,1,0,1,0,0,1,1
200600051489,6,9,23,2030,3,1,1,3,4308600,16600,3,2,2,0,2,3,0,69,1,0,1,0,1,1,0,0,1