Num_Acc,an,mois,jour,hrmn,lum,int,atm,col,lat,long,catr,circ,nbv,vosp,prof,plan,lartpc,larrout,surf,infra,situ,env1,unscathed,killed,hospital,light,chance
200600051493,6,9,1,1145,1,1,1,3,4361900,209900,3,2,0,0,1,1,0,61,0,0,1,0,1,0,1,0,1
200600051494,6,9,5,400,3,1,1,1,4370900,179800,3,2,2,0,1,1,0,0,1,0,1,0,2,1,0,0,1
200600051497,6,9,28,1630,1,1,1,5,4389100,190800,3,2,2,0,0,1,0,81,1,0,1,0,1,0,1,1,1
200600051498,6,9,4,1115,1,1,1,3,4389400,170100,3,2,2,0,1,3,0,50,1,0,1,0,0,0,1,1,1
200600051499,6,9,23,1800,1,1,1,4,4379600,175900,3,2,2,0,3,1,0,70,1,2,1,0,2,1,0,0,1
200600051501,6,9,22,500,2,1,6,6,4352500,207500,3,2,2,0,1,2,0,117,9,0,3,0,0,0,2,0,1
200600051502,6,9,17,1415,1,1,1,3,4417900,162100,4,2,2,0,1,1,0,40,1,0,1,0,1,0,2,0,1
200600051504,6,9,25,1037,1,1,1,1,4423000,148500,3,2,0,0,2,3,0,60,2,0,1,0,3,0,1,0,1
200600051509,6,9,23,1845,2,1,1,6,4405900,164700,4,2,2,0,1,1,0,37,1,0,1,0,1,0,1,0,1
200600051511,6,9,15,1830,1,1,1,3,4386000,98500,4,0,0,0,3,3,0,47,1,0,1,0,0,0,1,1,1
200600051512,6,9,22,1345,1,1,2,6,4394500,109500,3,2,2,0,1,3,0,64,2,0,1,0,0,0,1,0,1
200600051513,6,9,27,1000,1,1,1,6,4403700,85100,3,2,2,0,1,1,0,60,1,0,3,0,0,0,1,0,1
200600051521,6,9,20,1600,1,1,1,7,4574100,502700,3,2,2,0,1,1,0,54,1,0,5,0,0,0,1,0,1
200600051530,6,9,14,1300,1,1,1,6,4568400,479000,6,1,0,0,1,3,0,0,1,0,1,0,1,0,1,0,1
200600051531,6,9,20,1830,1,4,1,3,4572400,477300,3,2,2,0,2,1,0,0,1,0,1,0,1,0,1,0,1
200600051532,6,9,5,1930,2,1,1,3,4565200,501300,3,2,2,0,1,1,7,0,1,0,1,0,1,0,1,0,1
200600051533,6,9,28,1845,1,1,1,1,4570000,507800,3,2,1,0,2,1,0,0,1,0,0,0,1,0,1,0,1
200600051545,6,9,6,1600,1,1,1,3,4574400,468800,3,2,0,0,2,1,0,0,1,0,0,0,1,0,1,0,1
200600051546,6,9,9,15,3,1,1,1,4567000,463000,3,2,2,0,0,3,0,65,1,0,1,0,1,0,2,0,1
200600051558,6,9,9,1915,1,1,1,3,4612300,467000,3,2,0,0,1,1,0,74,1,0,1,0,1,0,1,0,1
200600051559,6,9,15,1000,1,1,2,1,4611200,474300,3,2,2,0,1,1,0,0,2,0,1,3,0,0,1,1,1
200600051560,6,9,18,1245,1,1,1,3,4607900,464700,3,0,0,0,0,1,0,0,1,5,1,0,0,0,0,3,1
200600051563,6,9,30,445,3,9,1,6,4589000,446200,4,0,1,0,0,2,0,60,1,2,1,0,0,0,1,0,1
200600051567,6,9,28,1630,1,1,1,6,4603200,431400,4,2,2,0,1,1,0,88,1,0,4,0,0,1,0,0,1
200600051579,6,9,4,1330,1,1,1,7,4599300,579400,4,2,2,0,2,1,0,45,1,0,1,0,0,0,1,0,1
200600051589,6,9,27,1830,1,1,1,3,4630100,607500,3,2,2,0,1,1,0,70,1,5,1,0,1,0,1,0,1
200600051594,6,9,5,1745,1,1,1,1,4613900,492700,3,2,2,0,2,1,0,65,1,5,1,0,0,0,1,1,1
200600051608,6,9,18,1115,1,1,1,3,4468900,466600,3,3,2,0,2,2,0,64,1,0,1,0,2,0,1,0,1
200600051609,6,9,26,1445,1,1,1,1,4481100,478400,9,0,0,0,0,0,0,0,0,0,0,0,1,0,1,0,1
200600051611,6,9,2,1700,1,1,1,1,4483000,403100,3,2,2,0,1,3,0,72,1,0,1,0,1,0,1,0,1
200600051612,6,9,17,730,2,1,1,6,4473100,400900,2,2,2,0,0,3,0,60,1,0,1,0,0,0,1,0,1
200600051614,6,9,23,1000,1,1,8,6,4438500,437400,3,2,2,0,0,1,0,61,9,0,3,0,0,0,1,0,1
200600051617,6,9,9,900,1,1,1,6,4493800,448500,3,2,2,0,0,1,0,0,1,0,1,0,1,0,1,0,1
200600051618,6,9,29,1100,1,1,1,3,4491300,465300,3,2,2,0,1,1,0,68,1,0,1,0,1,0,1,0,1
200600051622,6,9,3,1200,1,1,1,1,4472200,501100,3,2,2,0,1,1,0,0,1,0,1,0,0,1,0,2,1
200600051624,6,9,15,1800,1,1,2,3,4474600,489700,3,2,0,0,0,1,0,0,2,0,1,0,2,0,0,1,1
200600051625,6,9,28,1945,2,1,1,5,4476000,476200,2,2,2,0,1,1,0,70,1,0,1,0,0,2,1,1,1
200600051628,6,9,3,1130,1,1,1,6,4449400,475300,2,2,1,0,3,1,34,80,1,0,3,0,0,1,1,0,1
200600051629,6,9,6,1430,1,3,1,3,4449900,474400,3,2,2,0,4,1,0,70,1,0,1,0,2,0,1,0,1
200600051636,6,9,1,2300,3,1,1,1,4507900,506900,3,2,0,0,1,2,0,70,1,0,1,0,1,0,2,0,1
200600051637,6,9,12,1215,1,1,1,2,4527200,482500,2,2,2,0,1,1,0,0,1,0,1,0,1,0,1,0,1
200600051644,6,9,10,1200,1,1,1,1,4513300,570700,9,1,1,1,1,1,0,0,1,0,5,0,1,0,0,1,1
200600051650,6,9,2,2300,3,1,1,6,4532400,596600,3,2,2,0,0,1,0,70,1,0,1,0,2,0,0,1,1
200600051652,6,9,13,1715,1,1,1,1,4537000,600900,3,2,2,0,1,1,0,70,1,0,1,0,1,0,1,0,1
200600051662,6,9,28,815,1,1,1,7,4533000,556500,3,1,1,0,1,1,0,40,1,0,4,3,1,0,1,0,1
200600051663,6,9,29,1215,1,1,1,6,4535300,549400,4,2,2,0,2,2,0,49,1,0,1,0,0,0,1,0,1
200600051668,6,9,15,1345,1,1,1,1,4517200,536700,3,2,2,0,1,4,0,82,2,0,1,0,0,0,3,0,1
200600051669,6,9,21,1730,1,1,1,6,4531100,549700,4,2,2,0,2,1,0,50,1,0,1,0,0,0,2,0,1
200600051673,6,9,11,1000,1,1,1,3,4578000,544000,3,0,2,0,1,1,0,100,1,0,1,0,1,0,2,0,1
200600051675,6,9,25,1730,1,1,1,5,4562500,554100,3,2,2,0,1,3,0,74,2,0,1,0,2,0,1,0,1
200600051681,6,9,5,1700,1,1,1,3,4546100,484400,3,2,1,0,1,2,0,0,1,5,1,0,0,0,2,1,1
200600051683,6,9,24,1730,1,1,2,3,4550600,501200,3,2,2,3,1,1,37,140,2,5,1,0,0,0,0,2,1
200600051685,6,9,28,815,1,1,1,5,4539700,528100,3,2,2,0,3,1,0,0,1,0,1,0,1,0,0,3,1
200600051686,6,9,29,845,1,1,1,1,4536800,514000,3,4,2,0,3,3,0,60,1,0,1,0,0,0,0,2,1
200600051689,6,9,23,100,3,1,2,7,4556400,497300,3,0,0,0,0,0,0,0,0,0,0,0,0,0,1,0,1
200600051691,6,9,13,1,5,2,1,3,4573900,518800,3,2,2,0,1,1,0,72,1,5,1,0,1,1,0,0,1
200600051692,6,9,15,2100,5,3,1,3,4579800,517400,4,2,0,0,1,1,0,50,1,0,1,0,0,0,1,1,1
200600051693,6,9,27,1215,1,1,1,3,4575100,516800,3,2,1,0,1,1,0,0,1,0,1,0,1,0,1,0,1
200600051694,6,9,4,2245,3,1,1,7,4531000,478000,4,2,0,0,0,0,0,0,1,0,3,0,0,0,1,0,1
200600051695,6,9,13,1800,1,1,1,3,4532500,480800,2,0,3,0,1,1,0,0,1,0,1,0,1,0,0,2,1
200600051696,6,9,20,1330,1,1,1,1,4537100,480200,2,2,2,0,1,1,0,0,1,0,1,0,1,0,1,0,1
200600051701,6,9,16,1915,2,1,1,6,4536900,443400,3,2,2,0,1,3,0,0,2,0,0,0,0,0,2,0,1
200600051703,6,9,9,1615,1,1,1,6,4548300,430800,3,2,2,0,1,2,0,65,1,0,3,0,0,1,0,0,1
200600051705,6,9,13,1500,1,1,1,1,4549300,433100,2,2,2,0,0,1,15,12,0,5,1,0,0,0,2,1,1
200600051709,6,9,3,1430,1,1,1,1,4581200,372700,3,2,2,0,1,3,0,62,1,0,1,0,0,0,2,2,1
200600051711,6,9,24,300,3,1,1,6,4574200,408900,3,2,0,0,1,1,0,0,1,0,1,0,1,1,0,0,1
200600051721,6,9,20,1700,1,1,1,7,4548500,457900,3,2,1,0,2,1,0,66,1,0,1,0,0,1,0,0,1
200600051722,6,9,2,1645,1,1,1,3,4543600,467200,3,3,0,0,0,3,0,47,1,0,1,0,2,0,2,0,1
200600051725,6,9,1,1745,1,1,1,3,4615500,425000,3,2,2,0,0,1,0,78,1,5,1,0,1,0,3,0,1
200600051727,6,9,24,545,3,1,1,6,4617400,423300,3,2,2,0,2,1,0,48,1,0,3,0,0,1,0,0,1
200600051728,6,9,6,1730,1,1,7,1,4603500,393200,9,2,2,0,2,1,0,63,1,0,1,0,1,0,1,0,1
200600051729,6,9,10,645,2,1,1,1,4610000,398900,2,2,2,0,1,3,0,70,1,0,1,0,0,0,2,1,1
200600051732,6,9,7,1415,1,1,1,7,4574300,614100,3,2,2,0,4,2,0,0,8,2,1,0,0,0,0,1,1
200600051736,6,9,29,2130,3,1,1,1,4562500,586200,3,2,2,0,0,3,0,65,1,0,1,0,0,0,2,0,1
200600051741,6,9,7,800,1,1,1,7,4565800,643300,2,3,4,0,0,1,31,140,1,0,0,0,1,0,1,0,1
200600051742,6,9,13,1700,1,1,1,1,4580900,649800,2,2,2,0,2,1,0,121,1,5,1,0,1,0,1,0,1
200600051743,6,9,16,545,3,1,1,6,4566300,642900,2,3,4,0,1,1,15,100,1,0,1,0,0,0,1,0,1
200600051745,6,9,9,630,2,1,1,1,4594700,611900,2,1,0,0,2,1,0,0,1,0,1,0,0,0,1,1,1
200600051768,6,9,25,1130,1,3,2,3,4606900,586200,1,1,2,0,1,1,0,73,2,5,0,0,1,0,2,0,1
200600051769,6,9,13,15,5,1,1,6,4626600,635400,3,2,2,0,0,1,0,56,1,0,1,0,1,1,2,1,1
200600051770,6,9,14,1345,1,1,2,3,4626300,632100,2,2,2,0,1,1,0,123,2,0,1,0,1,0,1,0,1
200600051771,6,9,16,100,5,1,1,7,4635500,643600,2,3,2,0,0,1,10,100,1,0,1,0,0,1,0,0,1
200600051772,6,9,20,1730,1,1,1,6,4627700,635100,3,2,2,0,2,3,0,71,1,0,1,0,0,0,1,0,1
200600051773,6,9,26,1715,1,1,1,1,4633700,639000,2,2,3,0,2,3,0,105,1,0,1,0,0,0,2,0,1
200600051774,6,9,26,915,1,2,2,3,4632900,629300,3,2,2,0,1,3,0,65,2,0,1,0,1,0,1,0,1
200600051782,6,9,3,230,3,1,1,6,4565400,255900,4,2,2,0,4,3,0,30,1,0,1,0,0,0,1,0,1
200600051783,6,9,27,1530,1,1,1,6,4565800,255900,4,2,0,0,1,1,0,32,1,0,3,0,2,0,0,2,1
200600051784,6,9,12,1715,1,2,1,3,4584600,304200,3,2,0,0,1,1,0,104,1,5,1,0,0,0,2,1,1
200600051787,6,9,12,715,2,3,1,3,4571000,320000,3,2,1,0,2,3,0,32,1,5,0,0,0,1,1,0,1
200600051788,6,9,16,600,2,9,1,6,4564600,325200,5,0,0,0,1,0,0,0,1,0,0,0,0,0,1,0,1
200600051789,6,9,14,1245,1,1,3,1,4571300,305700,2,2,2,0,2,2,0,97,2,0,1,0,1,0,1,0,1
200600051790,6,9,21,2230,3,6,1,7,4570000,316600,3,2,2,0,4,4,0,70,1,5,4,0,0,1,0,0,1
200600051791,6,9,27,1800,1,3,1,3,4568600,318800,3,2,2,0,0,1,0,80,1,5,1,0,1,0,1,0,1
200600051792,6,9,9,1000,1,1,1,3,4553300,372800,3,2,3,3,1,1,0,130,1,5,1,0,1,0,1,0,1
200600051793,6,9,23,400,5,1,2,3,4541100,372500,3,2,0,0,0,1,0,70,2,0,1,0,2,0,2,0,1
200600051794,6,9,2,1400,1,1,1,1,4553800,378600,3,2,2,0,2,2,0,73,8,0,1,0,0,0,1,1,1
200600051796,6,9,16,1500,1,1,1,6,4556300,325100,3,3,2,0,1,1,8,60,1,0,1,0,0,1,0,0,1
200600051797,6,9,17,115,3,1,1,7,4538900,313400,3,0,0,0,1,3,0,55,1,0,3,0,1,0,1,0,1
200600051799,6,9,21,1330,1,1,1,6,4551700,275200,4,2,0,0,1,1,0,27,1,0,3,0,0,0,0,1,1
200600051800,6,9,13,930,1,1,1,3,4588000,304600,3,2,0,0,1,1,0,100,1,5,1,0,1,0,1,0,1
200600051801,6,9,15,1715,1,1,1,2,4604500,307100,2,2,2,0,1,1,0,68,2,0,1,0,1,0,1,1,1
200600051802,6,9,19,2145,3,1,1,3,4601700,309100,2,2,2,0,1,1,0,70,1,0,1,0,1,1,0,0,1
200600051803,6,9,30,815,1,1,8,5,4605500,304600,2,2,2,0,2,1,0,70,2,0,1,0,2,0,1,1,1
200600051804,6,9,2,300,3,1,1,6,4600800,321400,3,2,0,0,1,3,0,0,1,0,0,0,0,0,1,0,1
200600051806,6,9,22,1200,1,6,2,7,4586800,266800,3,2,2,0,1,3,20,90,2,5,3,0,0,0,1,0,1
200600051807,6,9,3,1700,1,1,1,3,4611500,269800,3,2,2,0,1,1,0,58,1,5,1,0,1,0,1,0,1
200600051809,6,9,10,1545,1,1,1,7,4571200,367900,3,2,1,0,0,3,0,70,1,0,1,0,1,0,1,0,1
200600051810,6,9,12,745,1,1,1,6,4584600,336600,3,2,1,0,1,1,0,45,1,0,1,0,0,0,1,0,1
200600051812,6,9,24,1800,1,9,3,1,4583700,339000,9,2,0,0,1,2,0,49,2,0,1,0,2,0,1,0,1
200600051814,6,9,18,800,1,1,8,7,4593200,346300,3,2,2,0,0,2,0,60,2,0,3,0,0,0,0,1,1
200600051816,6,9,16,1430,1,1,1,3,4670400,302000,3,2,2,0,0,3,0,60,1,0,1,0,0,0,2,0,1
200600051818,6,9,9,1215,1,1,1,3,4630200,327700,3,2,2,0,1,1,0,62,1,0,1,0,1,1,2,0,1
200600051823,6,9,30,1915,1,1,1,5,4641500,288800,4,2,2,0,1,3,0,25,1,0,1,0,4,0,0,1,1
200600051824,6,9,16,1930,2,1,1,7,4609500,333000,3,2,2,0,1,4,0,50,1,0,3,0,0,0,1,0,1
200600051826,6,9,1,2145,5,1,1,7,4625200,364000,2,2,2,0,1,1,0,71,1,0,1,0,0,0,2,0,1
200600051828,6,9,11,1415,1,6,1,3,4486300,230800,3,2,0,0,2,0,0,60,1,5,1,0,1,0,0,1,1
200600051829,6,9,2,2115,5,1,1,1,4493300,253300,9,2,2,0,2,2,0,58,1,0,1,0,1,0,1,0,1
200600051831,6,9,21,1830,1,1,7,6,4514000,247700,3,2,2,0,2,2,0,70,1,0,0,0,0,0,2,0,1
200600051834,6,9,10,400,3,1,1,6,4501500,313000,3,2,0,0,1,1,0,50,1,0,1,0,1,0,1,0,1
200600051835,6,9,13,1800,1,1,2,1,4505500,304400,3,2,0,0,1,1,0,75,2,0,1,0,1,0,1,1,1
200600051836,6,9,16,1215,1,1,1,1,4503800,308700,4,2,2,0,2,3,0,0,1,0,1,0,1,0,1,0,1
200600051837,6,9,4,800,1,2,1,3,4513900,298300,2,2,2,0,2,1,0,75,1,5,1,0,1,0,1,0,1
200600051838,6,9,9,1930,1,1,1,7,4525100,291900,3,2,2,0,0,3,0,30,1,0,0,0,0,0,2,0,1
200600051839,6,9,5,730,1,1,1,7,4502200,379400,3,2,2,0,3,3,0,64,1,0,1,0,0,0,1,0,1
200600051840,6,9,13,1730,1,1,1,6,4508200,381400,3,2,2,0,1,3,0,54,2,0,1,0,0,0,0,2,1
200600051841,6,9,23,930,1,1,8,5,4475900,388400,2,2,0,0,2,1,0,70,2,0,1,0,0,0,2,4,1
200600051842,6,9,23,145,3,1,2,6,4507100,400500,2,3,2,0,2,2,0,80,2,0,1,0,0,0,1,0,1
200600051848,6,9,19,1000,1,1,1,1,4534100,336400,2,2,2,0,4,1,0,75,1,5,0,0,0,1,4,0,1
200600051849,6,9,30,100,3,1,1,7,4533600,347900,4,2,1,0,2,0,0,31,9,0,3,0,0,1,0,0,1
200600051851,6,9,20,1815,1,1,1,1,4540000,333300,4,2,2,0,1,2,0,33,1,0,1,0,1,0,1,1,1
200600051852,6,9,3,1900,1,1,1,4,4513800,410200,2,2,2,0,1,1,0,73,1,0,1,0,3,1,2,0,1
200600051854,6,9,22,815,1,1,1,7,4517200,406100,3,2,0,0,0,3,0,62,9,0,1,0,0,0,0,1,1
200600051856,6,9,13,2130,3,1,2,1,4517100,422900,3,2,2,0,3,2,0,70,2,0,1,0,1,0,2,0,1
200600051858,6,9,7,715,2,1,5,4,4910800,600400,3,2,1,0,0,1,0,138,1,0,1,0,7,1,7,1,1
200600051860,6,9,20,2315,5,1,1,6,4906700,611600,4,2,2,0,1,2,0,70,1,0,4,0,0,0,1,0,1
200600051862,6,9,22,1200,1,1,1,3,4921600,615000,3,2,2,0,1,1,0,0,1,0,1,0,1,0,2,0,1
200600051870,6,9,4,1515,1,1,1,6,4878000,656500,3,2,2,0,1,1,30,40,1,5,1,0,0,1,0,0,1
200600051871,6,9,7,2345,3,1,1,6,4874700,674200,3,2,2,0,1,1,0,70,1,0,3,0,0,0,1,0,1
200600051874,6,9,11,100,5,1,1,6,4915100,689300,3,2,2,0,0,3,0,60,1,5,4,0,0,0,1,0,1
200600051877,6,9,21,2015,4,9,1,7,4900800,684500,2,2,2,0,1,3,0,0,1,0,1,0,0,0,1,0,1
200600051879,6,9,23,1430,1,2,1,6,4869000,712000,3,2,0,0,2,3,0,72,1,0,1,0,0,0,2,2,1
200600051882,6,9,29,1615,1,1,1,3,4916300,702800,2,2,0,0,1,1,0,0,1,0,1,0,1,0,1,0,1
200600051885,6,9,2,845,3,1,1,6,4944600,634800,2,2,2,0,3,2,0,0,0,0,3,0,0,1,0,0,1
200600051890,6,9,15,2245,5,1,1,7,4873800,616700,2,0,0,0,0,3,0,0,1,0,3,0,0,0,1,0,1
200600051899,6,9,28,1730,1,1,1,2,4940300,588300,3,2,2,0,2,1,0,60,1,0,1,0,1,1,0,0,1
200600051910,6,9,30,1715,1,1,1,7,4882000,497600,3,2,2,0,1,2,0,68,1,0,1,0,0,1,0,0,1
200600051911,6,9,24,1915,5,1,2,6,4863100,521700,4,2,2,0,1,1,0,69,2,0,1,3,1,0,1,0,1
200600051913,6,9,9,1200,1,1,1,1,4865300,569300,4,0,0,0,1,0,0,42,1,2,1,0,1,0,1,0,1
200600051915,6,9,30,1400,1,1,3,7,4945700,517500,3,2,2,0,1,1,0,60,2,0,3,0,0,0,1,0,1
200600051916,6,9,4,815,1,1,1,7,4910100,574900,3,2,2,0,0,2,0,67,1,0,3,0,0,0,1,0,1
200600051918,6,9,17,245,5,1,1,6,4914100,554400,3,2,2,0,2,1,0,58,1,0,4,0,0,0,1,0,1
200600051920,6,9,23,1515,1,1,1,3,4822000,630900,4,2,2,0,1,1,0,50,1,5,1,0,1,0,1,0,1
200600051923,6,9,29,700,1,3,1,1,4825300,640100,3,0,2,0,1,1,0,0,1,0,1,0,1,0,0,1,1
200600051930,6,9,13,1800,1,1,1,7,4795100,643400,3,2,0,0,1,1,0,62,9,0,3,0,0,0,1,0,1
200600051932,6,9,25,1200,1,1,2,6,4846100,771900,3,2,2,0,1,2,0,65,2,0,3,0,0,1,0,0,1
200600051935,6,9,29,1100,1,1,1,6,4877700,773300,3,2,2,0,1,0,0,59,1,0,1,0,0,0,1,1,1
200600051936,6,9,24,1815,1,1,1,1,4835400,711300,2,2,0,0,2,1,0,0,1,0,1,0,0,0,1,1,1
200600051938,6,9,22,1600,1,1,1,6,4863900,730100,4,2,2,0,4,1,0,39,1,0,1,0,0,0,2,0,1
200600051939,6,9,23,1830,1,2,1,2,4864900,744300,2,2,2,0,4,1,0,0,1,5,1,0,2,0,1,0,1
200600051942,6,9,10,1445,1,1,1,1,4894200,704000,4,2,2,0,4,3,0,34,1,0,1,0,0,0,0,2,1
200600051946,6,9,30,145,3,1,1,6,4870200,766900,3,2,2,0,1,2,0,54,1,0,3,0,0,1,0,0,1
200600051948,6,9,13,1300,1,1,1,1,4878600,756000,3,2,0,0,0,1,0,0,1,0,1,0,1,0,1,0,1
200600051949,6,9,17,1015,1,1,8,7,4882100,759400,3,2,0,0,2,3,0,55,1,0,1,0,0,0,1,0,1
200600051952,6,9,4,1600,1,1,1,2,4861300,757100,2,2,0,3,2,1,0,110,1,0,1,0,1,1,0,0,1
200600051953,6,9,29,1245,1,1,1,2,4862800,757500,3,2,2,0,1,1,0,62,1,0,1,0,1,0,0,1,1
200600051954,6,9,9,2030,5,1,1,1,4859000,765000,3,2,2,0,2,1,0,150,1,5,1,0,1,0,1,0,1
200600051955,6,9,23,1830,1,1,1,3,4857900,763200,3,2,2,0,1,1,0,65,1,0,1,0,1,1,0,0,1
200600051960,6,9,18,1215,1,1,8,5,4826000,759400,3,2,2,0,1,1,0,60,2,0,1,0,4,0,1,0,1
200600051962,6,9,7,1800,1,1,2,1,4897400,818700,3,2,2,0,1,1,0,70,8,0,1,0,0,0,0,2,1
200600051965,6,9,3,1930,1,1,1,6,4806800,741500,4,2,0,0,1,1,0,50,1,0,1,0,1,0,1,0,1
200600051968,6,9,20,705,1,1,1,3,4804500,715000,3,2,0,0,1,1,0,105,1,0,1,0,0,0,0,2,1
200600051969,6,9,28,630,4,9,1,1,4803500,710900,3,2,0,0,0,0,0,0,0,0,0,0,1,1,0,0,1
200600051970,6,9,10,1800,1,1,1,6,4798100,760500,4,2,2,0,1,2,0,0,1,0,3,0,0,0,1,0,1
200600051971,6,9,11,1115,1,1,1,1,4804200,755900,3,2,2,0,1,1,20,90,1,5,1,0,0,0,1,1,1
200600051973,6,9,29,1615,1,1,1,7,4794400,754400,3,2,2,0,1,1,0,62,1,0,3,0,1,0,1,0,1
200600051974,6,9,16,1945,2,1,1,1,4826600,723600,4,2,2,0,1,4,0,0,1,0,1,0,2,0,1,0,1
200600051975,6,9,21,1745,1,1,1,1,4823200,722700,3,2,2,0,2,4,0,70,1,0,1,0,1,0,0,1,1
200600051976,6,9,1,1800,1,1,1,1,4808800,725300,3,0,2,0,2,1,0,0,1,0,1,0,1,0,1,0,1
200600051977,6,9,19,830,1,1,5,3,4802500,733000,3,2,2,0,1,1,0,68,1,0,1,0,1,0,1,0,1
200600051980,6,9,9,2045,5,1,1,1,4767600,709200,3,2,0,0,0,3,0,70,1,0,1,0,1,0,0,1,1
200600051981,6,9,23,1115,1,1,1,2,4767600,726600,3,2,0,0,1,1,0,90,1,0,1,0,3,0,1,0,1
200600051985,6,9,15,1615,1,2,1,3,4786200,734200,9,2,1,0,1,2,0,60,1,5,1,3,1,0,1,0,1
200600051986,6,9,10,630,5,1,1,6,4797100,739300,3,2,2,0,1,1,0,70,1,0,1,0,0,0,1,0,1
200600051987,6,9,7,1330,1,1,1,6,4801500,730000,3,2,2,0,0,1,0,90,1,0,1,3,1,0,1,0,1
200600051989,6,9,14,1715,1,1,1,3,4774000,726300,2,2,1,0,1,2,0,71,1,0,1,0,1,0,0,2,1
200600051990,6,9,26,1845,2,1,2,1,4774200,728500,2,2,2,0,4,1,0,0,2,0,1,0,3,0,1,0,1
200600051991,6,9,2,145,3,1,1,6,4778700,751300,3,2,2,0,1,2,0,74,1,0,1,0,0,0,1,0,1
200600051992,6,9,29,700,2,1,1,7,4781700,754100,3,2,2,0,1,2,0,81,1,0,3,0,0,0,1,0,1
200600051995,6,9,23,815,1,1,1,6,4905300,416800,3,2,0,0,1,1,0,71,1,0,3,0,0,0,1,0,1
200600051996,6,9,1,1215,1,1,1,3,4909500,453700,3,2,2,0,2,1,0,70,1,0,1,0,2,0,0,1,1
200600052001,6,9,4,1745,1,1,1,1,4875000,408800,2,2,0,0,1,1,0,72,1,0,1,0,1,1,0,0,1
200600052002,6,9,23,1215,1,1,1,6,4887400,353600,3,2,2,0,1,1,0,0,1,0,1,0,1,0,1,0,1
200600052003,6,9,27,1800,1,1,1,1,4898800,380300,3,2,2,0,1,1,0,60,1,0,1,0,0,3,0,0,1
200600052005,6,9,27,445,3,1,8,7,4914700,399800,3,2,2,0,1,3,0,62,2,0,3,0,0,1,0,0,1
200600052006,6,9,30,1500,2,1,2,6,4914100,382500,3,2,2,0,2,3,0,52,2,0,1,0,0,0,1,1,1
200600052007,6,9,7,1615,1,1,1,7,4881100,449600,3,2,2,0,1,3,0,65,1,0,1,0,0,0,1,0,1
200600052008,6,9,7,1645,1,1,1,3,4873700,459000,9,2,3,0,1,1,0,0,1,0,1,0,1,0,0,1,1
200600052010,6,9,6,1200,1,1,1,7,4911900,486100,3,2,2,0,0,2,63,0,1,0,3,0,0,0,0,1,1
200600052011,6,9,6,2015,2,1,1,3,4984900,477200,4,2,2,0,1,1,0,0,1,0,1,0,1,0,1,0,1
200600052012,6,9,16,2000,1,1,1,1,4961700,460900,3,2,2,0,2,3,0,80,1,0,1,0,1,0,1,0,1
200600052016,6,9,29,1645,1,1,2,7,5014000,482800,2,2,2,0,1,1,0,68,2,2,4,0,1,0,1,0,1
200600052017,6,9,13,1945,1,1,1,3,4987200,442900,3,2,2,0,1,1,13,120,1,0,1,0,0,0,1,1,1
200600052018,6,9,30,1,3,1,1,1,4954600,506800,3,2,2,0,1,1,40,0,1,0,1,0,0,1,1,0,1
200600052019,6,9,3,45,3,1,1,6,4964600,502400,3,2,2,0,2,2,0,62,1,0,3,0,0,0,1,0,1
200600052022,6,9,16,2030,3,1,1,2,4950300,414100,3,2,2,0,1,1,0,63,1,0,1,0,1,0,1,0,1
200600052024,6,9,9,1345,1,1,1,3,4975400,455400,3,2,2,0,2,3,0,56,1,0,1,0,1,1,0,0,1
200600052025,6,9,2,915,3,1,1,7,4817000,418000,3,2,2,0,1,2,0,58,1,0,3,0,0,1,0,0,1
200600052026,6,9,3,1015,1,1,8,5,4810000,387000,2,2,2,0,0,1,0,74,1,0,0,0,6,0,2,0,1
200600052027,6,9,10,1200,1,1,1,2,4825000,410800,3,2,2,0,0,1,0,55,1,0,1,0,1,0,1,1,1
200600052028,6,9,16,2130,3,1,1,6,4820800,417500,4,0,1,0,0,0,0,0,0,0,0,0,1,0,1,0,1
200600052029,6,9,4,1745,1,1,1,1,4824000,446000,3,2,2,0,2,1,0,90,1,0,1,0,1,0,1,0,1
200600052030,6,9,23,1845,2,1,2,6,4818000,475000,3,2,1,0,2,1,0,45,2,0,3,0,1,0,2,0,1
200600052031,6,9,25,1615,1,1,1,6,4820500,476600,3,2,1,0,1,1,0,0,1,0,3,0,0,0,1,0,1
200600052032,6,9,4,1115,1,6,1,2,4839900,453000,3,2,0,0,1,1,0,30,1,5,1,0,1,0,0,1,1
200600052033,6,9,16,1000,1,1,1,1,4800400,432000,3,2,0,0,2,2,0,45,1,0,1,0,2,0,1,0,1
200600052038,6,9,12,1100,1,1,1,1,4800200,552500,3,2,2,0,1,1,0,63,1,0,1,0,1,0,2,0,1
200600052039,6,9,21,1845,1,9,1,1,4800600,550600,3,2,0,0,2,0,0,110,1,5,1,0,1,0,1,0,1
200600052040,6,9,12,1300,1,3,1,1,4778600,560400,2,2,2,0,1,1,0,90,1,0,1,0,1,0,0,1,1
200600052041,6,9,17,930,1,1,1,7,4777700,566600,2,2,2,0,1,1,76,0,1,0,0,0,0,0,1,0,1
200600052043,6,9,16,845,1,1,1,3,4777000,531100,4,2,2,0,1,3,0,63,1,0,1,0,1,0,1,0,1
200600052048,6,9,25,1945,3,1,1,7,4721900,460600,1,1,2,0,1,1,0,0,1,0,1,0,0,0,1,0,1
200600052049,6,9,8,1600,1,1,1,1,4724700,522700,3,2,2,0,2,3,0,78,1,0,1,0,1,0,1,0,1
200600052050,6,9,22,2300,5,1,1,6,4719800,514900,3,2,1,0,1,1,13,70,1,0,1,0,0,0,1,0,1
200600052051,6,9,30,315,5,1,8,1,4722400,525100,3,2,2,0,1,1,0,0,2,0,1,0,1,0,2,0,1
200600052052,6,9,28,1730,1,1,1,2,4731800,540000,3,2,2,0,1,3,0,85,1,0,1,0,1,0,1,0,1
200600052053,6,9,2,1845,1,1,1,3,4761300,533000,3,2,2,0,4,1,0,41,1,0,1,0,1,1,0,0,1
200600052054,6,9,3,1515,1,1,1,1,4762000,491000,4,2,0,0,0,1,0,41,0,0,1,0,2,0,1,0,1
200600052055,6,9,8,2145,2,1,1,6,4752700,511600,3,2,3,0,1,1,0,75,1,0,1,0,0,0,0,1,1
200600052057,6,9,26,715,2,1,1,1,4694600,473200,4,2,0,0,2,0,0,0,1,0,0,0,0,0,0,2,1
200600052058,6,9,3,15,5,1,1,3,4727800,454000,3,2,1,0,1,1,0,68,1,0,1,0,1,0,1,0,1