Num_Acc,an,mois,jour,hrmn,lum,int,atm,col,lat,long,catr,circ,nbv,vosp,prof,plan,lartpc,larrout,surf,infra,situ,env1,unscathed,killed,hospital,light,chance
200600052059,6,9,2,1430,1,1,1,3,4711500,525700,3,2,2,0,1,1,0,35,1,0,1,0,0,1,1,0,1
200600052061,6,9,2,445,3,1,1,6,4750200,436200,3,2,2,0,1,1,0,56,1,0,1,0,0,1,0,0,1
200600052066,6,9,10,1400,1,1,1,3,4698600,322500,3,2,2,0,1,1,0,78,1,0,1,0,2,1,1,0,1
200600052067,6,9,11,1715,1,1,1,2,4695700,342200,3,2,2,0,1,4,0,38,1,0,1,0,1,0,1,0,1
200600052068,6,9,25,1130,1,1,1,6,4698700,322000,3,2,2,0,1,1,0,78,1,0,1,0,1,1,0,0,1
200600052069,6,9,14,2100,3,1,3,5,4683500,312700,2,2,0,0,0,1,0,110,2,0,1,0,1,1,1,0,1
200600052072,6,9,29,1615,1,1,1,3,4745200,324700,3,2,2,0,1,2,0,56,1,0,1,0,1,1,0,0,1
200600052073,6,9,30,1000,1,1,8,6,4743000,354800,3,2,2,0,2,3,0,60,2,0,1,0,0,0,1,0,1
200600052074,6,9,15,1200,1,1,2,1,4721200,403800,3,2,0,0,1,1,0,67,2,0,1,0,0,0,2,0,1
200600052085,6,9,11,2200,3,1,1,7,4662400,488400,2,2,3,0,1,1,0,105,1,0,3,0,0,1,0,0,1
200600052086,6,9,30,1930,3,1,2,7,4658200,471900,3,2,0,0,2,2,0,42,2,0,3,0,0,1,0,0,1
200600052087,6,9,24,1115,1,1,2,1,4659600,454600,3,2,2,0,3,3,0,0,2,0,1,0,0,0,2,2,1
200600052088,6,9,19,1530,1,1,1,6,4648800,397900,4,2,2,0,1,3,0,72,1,0,1,0,1,0,1,0,1
200600052089,6,9,28,700,3,1,5,3,4645300,415900,3,2,0,0,1,1,0,70,1,5,1,0,1,0,1,0,1
200600052091,6,9,3,1145,1,7,1,6,4662300,377500,6,2,2,0,2,1,0,60,1,0,3,0,1,0,1,0,1
200600052097,6,9,16,900,1,1,1,3,4676300,447800,4,2,2,0,0,2,0,79,1,5,1,0,1,0,1,0,1
200600052099,6,9,9,30,3,1,1,6,4770700,360500,3,2,0,0,0,1,0,67,1,0,3,0,0,1,0,0,1
200600052103,6,9,3,1115,1,1,2,6,4760100,297900,3,2,0,0,1,3,0,38,2,0,1,0,0,0,1,0,1
200600052105,6,9,29,945,1,1,1,3,4774200,396200,3,2,0,0,1,1,28,55,1,0,1,0,0,0,2,0,1
200600052106,6,9,5,1845,1,1,1,1,4798400,343600,3,2,2,0,2,1,0,0,1,0,1,0,0,0,0,2,1
200600052108,6,9,16,2215,3,1,1,6,4795400,337300,3,2,2,0,1,4,0,0,1,0,3,0,0,0,3,0,1
200600052109,6,9,26,700,2,1,1,6,4800700,334400,3,2,2,0,3,1,0,78,1,0,1,0,0,1,1,0,1
200600052110,6,9,5,845,1,1,5,3,4792100,336300,3,2,2,0,1,1,0,62,1,0,1,0,1,0,1,0,1
200600052112,6,9,20,1615,1,1,1,1,4791700,312800,3,2,2,0,1,1,0,55,1,0,1,3,1,0,1,0,1
200600052113,6,9,3,1400,1,1,1,1,4796900,348600,4,0,2,0,1,2,0,70,1,0,1,0,1,0,1,0,1
200600052114,6,9,23,400,3,1,1,7,4819400,344600,2,2,2,0,1,1,0,77,1,0,0,0,0,0,1,0,1
200600052117,6,9,30,1145,1,1,1,6,4821200,320000,4,2,1,0,2,1,0,50,2,0,3,0,2,0,1,0,1
200600052130,6,9,2,30,5,1,1,6,4671400,619200,9,2,2,0,1,1,0,52,1,0,3,3,0,0,1,1,1
200600052131,6,9,9,1615,1,1,1,6,4677900,637000,3,2,0,0,2,2,0,70,1,0,1,0,0,0,0,2,1
200600052132,6,9,11,1900,2,1,1,1,4675200,628400,4,2,2,0,2,3,0,48,1,0,1,0,1,1,0,0,1
200600052133,6,9,7,1600,1,1,1,3,4703400,654100,3,3,0,0,1,3,0,0,1,0,1,0,1,1,0,0,1
200600052137,6,9,27,1030,1,1,1,6,4674700,591200,9,2,3,0,1,1,0,80,1,5,1,0,1,0,1,0,1
200600052144,6,9,10,130,3,1,1,1,4713900,566000,3,2,2,0,2,2,0,60,1,0,1,0,0,0,2,0,1
200600052145,6,9,30,2000,3,1,2,6,4721000,553000,3,2,2,0,2,1,0,81,2,0,3,0,1,1,0,0,1
200600052152,6,9,26,830,1,1,2,7,4775300,619800,3,2,2,0,0,3,0,0,0,0,1,0,0,0,1,0,1
200600052154,6,9,22,1715,1,1,8,2,4760200,574600,3,2,2,0,2,2,0,72,1,0,1,0,1,1,0,0,1
200600052155,6,9,30,1600,1,2,3,3,4763200,579700,3,2,1,0,2,1,0,75,2,0,1,0,3,0,1,0,1
200600052157,6,9,9,1215,1,1,1,1,4749200,692300,3,2,0,0,1,0,0,0,1,0,1,0,1,0,1,0,1
200600052161,6,9,6,1200,1,1,1,6,4756100,692700,2,2,2,0,1,1,0,72,1,0,1,0,1,0,1,0,1
200600052164,6,9,23,545,2,1,1,2,4526400,483500,1,0,3,0,3,1,0,0,1,0,1,0,1,0,1,0,1
200600052172,6,9,18,330,3,1,1,2,4441600,473100,1,1,3,0,1,1,20,120,1,0,1,0,1,0,1,0,1
200600052175,6,9,6,1315,1,1,1,3,4343400,543700,4,2,0,0,2,1,0,35,1,0,1,0,1,0,0,2,1
200600052177,6,9,12,2345,5,1,1,1,4341500,537300,2,2,0,0,0,2,0,87,1,0,1,3,1,0,1,0,1
200600052179,6,9,24,615,2,6,2,7,4343000,534200,3,3,2,0,1,1,30,140,2,5,1,0,0,0,1,0,1
200600052183,6,9,4,1030,1,1,1,7,4358100,477600,2,3,4,0,1,2,200,200,1,0,2,0,0,1,0,2,1
200600052186,6,9,1,2300,5,1,1,3,4323200,553700,9,2,0,0,2,1,0,62,1,0,1,0,1,0,2,0,1
200600052193,6,9,14,800,1,1,2,1,4372300,505900,3,2,0,0,0,3,0,0,2,0,1,0,1,0,1,0,1
200600052196,6,9,27,2115,3,1,1,2,4349800,523700,3,3,2,0,1,1,5,0,1,0,1,0,1,0,0,3,1
200600052197,6,9,30,130,3,1,1,7,4349600,520500,3,3,2,0,1,1,0,82,1,0,1,0,0,1,0,0,1
200600052201,6,9,6,1730,1,1,1,3,4439500,668600,3,2,0,0,0,2,0,68,1,0,1,0,1,0,1,0,1
200600052202,6,9,8,1945,2,1,8,6,4441100,635000,3,2,2,0,2,1,0,40,2,0,0,0,0,0,2,0,1
200600052203,6,9,19,1730,1,1,1,6,4390700,654200,3,0,2,0,1,2,0,65,1,0,1,0,1,0,1,0,1
200600052205,6,9,4,1630,1,3,1,3,4390000,574000,2,0,0,0,1,1,0,0,1,0,1,0,0,0,1,1,1
200600052214,6,9,16,1455,1,1,1,6,4480800,595800,2,2,2,0,2,3,0,72,1,0,1,0,0,0,1,4,1
200600052215,6,9,8,1730,1,1,3,2,4454600,601500,3,2,2,0,1,1,0,70,2,0,1,0,1,0,1,0,1
200600052216,6,9,14,100,3,1,1,6,4447000,624400,3,2,2,0,0,1,0,70,1,0,1,0,0,1,0,0,1
200600052220,6,9,3,100,3,1,1,7,4492500,668600,2,2,0,0,2,3,0,69,1,0,3,0,0,0,1,0,1
200600052224,6,9,29,1925,1,1,1,7,4475800,675700,3,2,0,0,2,3,0,0,1,0,1,0,0,0,1,0,1
200600052225,6,9,5,1900,1,1,7,2,4458000,611600,2,2,2,0,1,1,0,70,1,0,1,3,0,0,0,3,1
200600052226,6,9,11,1030,1,1,1,3,4456600,619900,3,2,0,0,1,1,0,72,1,5,1,0,1,0,1,0,1
200600052227,6,9,24,400,5,1,1,2,4455500,625600,2,2,2,0,1,1,70,0,1,0,1,0,1,0,1,0,1
200600052228,6,9,25,1330,1,1,3,6,4455000,627700,6,2,0,0,0,0,0,360,2,0,1,0,1,0,1,0,1
200600052229,6,9,24,1830,2,1,1,7,4453700,630900,3,2,2,0,1,1,0,80,1,0,3,0,2,0,1,2,1
200600052241,6,9,15,1730,1,1,1,2,4363300,713300,3,2,2,0,1,1,0,0,1,0,1,0,1,0,1,0,1
200600052242,6,9,24,315,5,1,1,6,4371000,715100,4,2,1,0,2,1,0,52,1,0,1,0,0,0,1,0,1
200600052245,6,9,3,1700,1,1,1,6,4395700,688400,3,2,2,0,1,1,0,65,1,0,1,0,0,0,2,0,1
200600052255,6,9,24,1845,5,1,3,6,4347100,611700,3,2,2,0,1,1,0,45,3,0,1,0,1,0,2,0,1
200600052260,6,9,15,1530,1,1,2,7,4341300,582600,3,2,0,0,1,4,0,60,2,0,3,0,0,0,0,1,1
200600052274,6,9,3,2215,3,1,1,1,4322500,665000,3,2,2,0,2,3,0,66,1,0,1,0,2,0,1,0,1
200600052281,6,9,1,245,5,1,1,3,4315400,641100,3,2,2,1,1,3,70,0,1,0,1,0,2,0,0,1,1
200600052288,6,9,5,1130,1,1,1,3,4389400,493100,3,2,2,0,1,1,0,57,1,0,1,0,1,0,1,0,1
200600052291,6,9,30,2200,5,1,1,3,4400700,490600,3,2,2,0,2,1,0,60,1,0,1,0,1,0,1,0,1
200600052292,6,9,6,800,1,1,1,6,4388100,540100,3,2,2,0,1,1,0,65,1,0,1,3,1,0,1,0,1
200600052295,6,9,19,900,1,1,1,6,4373000,554700,3,2,0,0,1,1,0,57,1,0,1,0,1,0,1,0,1
200600052298,6,9,13,745,1,1,1,3,4417100,487800,3,2,0,0,1,1,0,0,1,0,1,0,0,0,2,0,1
200600052299,6,9,25,800,1,1,1,1,4429200,472900,3,2,0,0,1,1,34,68,1,0,1,0,1,0,1,0,1
200600052300,6,9,25,1900,1,1,1,7,4424000,473400,3,2,2,0,2,1,0,60,9,0,1,0,0,0,1,0,1
200600052310,6,9,18,30,3,1,1,6,4343300,297900,3,2,0,0,1,1,0,55,1,0,3,0,0,1,0,0,1
200600052311,6,9,4,2000,2,1,1,6,4344200,341700,3,2,2,0,1,1,0,79,1,0,3,0,0,1,1,0,1
200600052312,6,9,22,1100,1,1,2,1,4348800,275200,3,2,2,0,2,3,0,80,2,0,1,0,1,0,1,0,1
200600052313,6,9,24,1215,1,1,2,1,4348300,266800,3,2,2,0,1,2,0,80,2,0,1,0,0,0,2,0,1
200600052314,6,9,1,2030,2,1,1,1,4353100,324200,3,2,0,0,1,1,0,60,1,0,1,0,1,0,1,0,1
200600052315,6,9,23,700,2,1,2,6,4343600,325400,3,2,2,0,2,3,0,57,2,0,1,0,0,0,1,0,1
200600052320,6,9,6,2115,3,1,1,1,4353400,348600,3,2,2,0,1,1,0,0,1,0,1,0,0,0,2,0,1
200600052321,6,9,8,1445,1,1,1,7,4358000,348200,3,2,2,0,1,2,0,75,1,0,1,0,0,1,0,0,1
200600052322,6,9,9,1915,1,1,1,6,4354900,348600,3,2,0,0,1,1,0,100,1,5,1,0,0,0,0,5,1
200600052323,6,9,14,1845,1,1,2,3,4363000,343600,4,0,0,0,1,0,0,0,2,5,1,0,1,0,1,0,1
200600052324,6,9,23,1745,1,1,3,7,4361200,335100,3,2,2,0,2,2,0,75,2,0,3,0,1,0,1,1,1
200600052325,6,9,27,1715,1,1,1,6,4363200,343600,6,0,0,0,0,0,0,0,0,0,0,0,1,0,0,1,1
200600052326,6,9,29,845,1,1,1,3,4364800,347600,3,2,0,0,2,1,0,60,1,0,1,0,1,0,1,0,1
200600052327,6,9,2,530,3,1,5,6,4365400,350300,4,2,0,0,0,1,0,0,9,0,1,0,0,0,4,1,1
200600052336,6,9,18,1045,1,1,1,1,4345400,361500,3,2,2,0,1,3,0,63,1,0,1,0,0,0,1,1,1
200600052337,6,9,27,930,1,1,7,6,4350400,360500,3,2,2,0,0,1,0,60,1,0,1,0,1,0,1,0,1
200600052338,6,9,23,1045,1,1,1,6,4323200,263900,3,2,2,0,1,1,0,72,1,0,3,0,0,0,1,0,1
200600052339,6,9,27,1915,1,1,1,3,4322600,261900,3,2,2,0,1,1,0,63,1,0,1,0,1,0,1,0,1
200600052340,6,9,30,1345,1,1,1,6,4331400,249100,3,2,0,0,1,1,0,63,1,0,3,0,2,0,1,0,1
200600052341,6,9,13,1845,1,1,1,1,4333500,203700,3,2,2,0,4,1,0,51,1,0,1,0,0,0,1,1,1
200600052342,6,9,1,735,1,1,1,6,4298300,226600,3,2,2,0,1,1,0,70,1,0,3,0,0,0,1,0,1
200600052348,6,9,28,800,1,1,1,6,4293100,226700,3,2,0,0,2,3,0,0,1,0,1,0,0,0,1,0,1
200600052352,6,9,1,600,2,6,1,6,4358000,418400,3,3,0,0,1,3,0,150,1,0,3,0,0,0,1,0,1
200600052359,6,9,28,1045,1,1,1,3,4378500,419800,3,4,0,0,1,1,0,116,1,5,1,0,0,0,1,2,1
200600052360,6,9,10,100,3,1,1,6,4380500,451500,3,0,0,0,1,3,0,0,1,0,0,0,0,0,0,1,1
200600052362,6,9,13,1800,1,1,1,5,4376700,427500,2,2,0,0,1,3,0,71,1,0,1,0,1,0,2,0,1
200600052363,6,9,16,930,1,1,1,3,4378000,428700,2,2,2,0,1,1,0,74,1,0,1,0,1,0,1,0,1
200600052364,6,9,30,1700,1,1,1,2,4373400,422000,3,2,0,0,1,1,0,50,1,0,1,0,1,0,0,1,1
200600052367,6,9,15,2015,2,1,1,3,4416500,412100,3,2,2,0,1,1,0,110,1,5,1,0,0,0,1,1,1
200600052369,6,9,18,1,3,1,1,2,4410800,410400,2,3,4,0,1,1,5,75,1,0,1,0,0,0,4,0,1
200600052371,6,9,17,1330,1,1,1,7,4430800,401600,4,1,1,0,1,1,0,0,1,0,3,0,0,0,1,0,1
200600052373,6,9,16,945,1,1,1,5,4424000,420000,3,2,2,0,1,2,0,104,2,0,3,0,0,0,2,1,1
200600052375,6,9,22,815,1,1,1,3,4427600,418900,3,2,2,0,1,1,0,70,1,5,1,0,0,0,2,0,1
200600052381,6,9,22,2200,3,1,1,6,4395700,459600,3,2,0,0,1,1,0,50,9,0,3,0,0,0,1,4,1
200600052382,6,9,28,1800,1,1,1,3,4384700,462000,3,2,0,0,1,1,0,68,1,0,1,0,2,0,1,0,1
200600052383,6,9,13,715,2,1,1,1,4401400,473400,2,2,0,0,1,3,0,114,1,0,1,0,0,1,0,1,1
200600052387,6,9,1,2030,5,6,1,6,4396000,473000,2,0,2,0,4,3,0,0,1,0,3,0,0,3,1,0,1
200600052391,6,9,28,1200,1,1,1,3,4399200,368400,3,2,2,0,2,3,0,40,1,0,1,0,1,0,0,1,1
200600052392,6,9,9,1900,1,1,1,1,4454000,355100,9,2,0,0,0,3,0,0,1,0,1,0,1,0,1,0,1
200600052399,6,9,12,930,1,1,1,5,4450500,325000,3,2,2,0,1,3,0,73,1,0,1,0,2,0,1,3,1
200600052403,6,9,13,830,1,1,3,1,4280000,286000,3,2,2,0,0,3,0,64,2,0,1,0,1,1,0,0,1
200600052406,6,9,9,900,1,1,1,3,4255400,301900,4,2,2,0,1,1,0,0,1,0,1,0,1,0,1,0,1
200600052411,6,9,23,1130,1,7,1,6,4252100,310800,6,0,0,0,0,3,0,0,1,0,4,0,0,0,0,2,1
200600052416,6,9,5,430,5,1,1,6,4227000,870200,3,3,2,0,1,3,28,90,1,0,3,0,1,1,2,0,1
200600052420,6,9,11,830,1,1,1,5,4165400,894400,2,2,2,0,1,1,0,72,1,0,1,0,2,0,1,0,1
200600052426,6,9,3,1430,1,1,1,1,4260100,936000,3,2,0,0,2,4,0,56,1,0,1,0,1,0,1,0,1
200600052427,6,9,7,1830,1,1,1,1,4267400,928900,3,2,2,0,2,3,0,65,1,0,1,0,0,0,0,2,1
200600052430,6,9,2,1100,1,1,1,6,4228700,916400,2,2,2,0,2,3,0,66,0,0,1,0,1,0,1,3,1
200600052431,6,9,4,1200,1,1,1,1,4213600,914100,2,2,2,0,2,3,0,63,1,0,1,0,2,1,0,0,1
200600052432,6,9,6,1230,1,9,1,2,4240300,919200,2,2,2,0,1,1,0,70,1,0,1,0,2,0,2,0,1
200600052437,6,9,19,1030,1,1,1,3,4215000,950000,2,2,0,0,1,1,0,0,1,5,1,0,1,0,1,0,1
200600052438,6,9,5,1030,1,3,1,3,4232400,954000,2,2,0,0,0,1,50,0,1,5,1,0,1,0,0,2,1
200600052440,6,9,10,2230,3,1,1,1,4225600,954600,2,2,2,0,3,2,0,74,1,0,1,0,0,1,3,0,1
200600052441,6,9,4,1445,1,1,1,2,4242400,953000,2,2,2,0,3,1,0,65,1,0,1,0,1,0,0,1,1
200600052442,6,9,5,1130,1,1,1,7,4237200,938300,3,2,2,0,1,1,0,45,1,0,1,0,0,0,1,0,1
200600052444,6,9,9,15,3,1,1,1,4903000,174500,3,2,2,0,4,1,0,60,1,0,1,0,2,0,2,0,1
200600052445,6,9,22,2130,3,1,1,7,4902500,170300,3,0,2,0,1,1,0,60,1,0,1,0,1,0,1,0,1
200600052446,6,9,21,600,2,1,1,6,4893200,160700,3,2,2,0,0,1,0,60,1,0,1,0,0,0,1,0,1
200600052447,6,9,29,1445,1,1,1,2,4852700,183200,2,3,4,0,1,1,10,40,1,0,1,0,0,0,0,2,1
200600052448,6,9,18,1115,1,1,8,7,4872400,202100,4,2,2,0,1,4,0,43,2,0,3,0,0,0,1,0,1
200600052449,6,9,2,1600,1,1,1,7,4885000,188600,4,2,2,0,2,1,0,60,1,0,4,0,0,0,1,0,1
200600052455,6,9,16,1900,1,1,1,4,4852700,246000,3,3,2,0,1,1,0,60,1,0,1,0,0,0,4,0,1
200600052456,6,9,28,1730,1,1,1,3,4857100,248200,3,2,0,0,1,1,0,0,1,0,1,0,1,0,0,1,1
200600052461,6,9,1,1730,1,1,1,3,4857200,203100,3,2,2,0,4,1,0,0,1,5,1,0,1,0,1,0,1
200600052464,6,9,12,1015,1,6,1,2,4857800,223800,3,1,1,0,0,1,15,35,0,0,0,0,1,0,0,1,1
200600052465,6,9,19,1230,1,9,8,1,4857000,232600,3,2,2,0,1,3,0,0,2,0,0,0,0,0,2,0,1
200600052473,6,9,24,1300,1,1,1,7,4913000,198300,3,2,0,0,0,3,0,0,1,0,3,0,0,0,1,0,1
200600052478,6,9,20,1015,1,1,9,1,4854900,283400,3,2,2,0,1,1,0,102,1,0,1,0,0,1,2,0,1
200600052479,6,9,12,1500,1,1,1,3,4880700,320800,3,2,1,0,1,1,0,55,1,5,1,0,1,0,2,1,1
200600052481,6,9,19,815,1,3,1,3,4876800,326800,3,2,2,0,1,1,0,55,2,0,1,0,2,0,0,1,1
200600052483,6,9,7,715,2,2,5,3,4897100,322500,3,2,2,0,1,1,0,0,1,5,1,0,0,0,0,3,1
200600052487,6,9,27,730,1,1,1,5,4894800,311800,2,2,3,0,2,1,0,91,1,0,1,0,2,0,1,0,1
200600052489,6,9,29,1615,1,9,1,6,4886700,332600,5,0,0,3,1,1,0,30,1,6,0,3,0,0,2,0,1
200600052491,6,9,9,1530,1,1,1,7,4829600,281800,3,2,2,0,1,1,0,62,1,0,1,0,0,0,1,0,1
200600052492,6,9,11,1900,1,1,1,1,4824600,280900,3,2,2,0,2,1,0,70,1,0,1,0,0,0,1,1,1
200600052493,6,9,27,1615,1,1,1,1,4827400,286100,3,2,2,0,1,1,0,51,1,0,1,0,1,0,1,0,1
200600052494,6,9,6,830,1,1,1,6,4912500,212500,3,2,2,0,0,1,0,70,1,0,1,0,1,0,1,0,1
200600052495,6,9,6,815,2,1,1,6,4912200,219800,3,2,2,0,1,1,0,65,9,0,1,0,0,0,1,1,1
200600052496,6,9,15,2145,3,1,1,3,4909000,241000,3,2,0,0,1,1,0,56,1,0,1,0,4,0,1,1,1
200600052497,6,9,11,530,3,1,1,5,4869700,317200,2,2,2,0,3,2,0,0,1,0,1,0,3,0,1,0,1
200600052500,6,9,12,1430,1,1,1,3,4786600,225400,3,2,2,0,1,1,0,0,1,5,1,0,1,0,0,3,1
200600052505,6,9,15,1130,1,1,2,7,4823600,209800,3,2,2,0,1,1,0,63,2,0,1,0,0,0,2,0,1
200600052506,6,9,20,830,1,1,5,5,4816600,206600,3,2,2,0,1,1,63,0,0,0,1,0,2,0,1,0,1
200600052507,6,9,28,915,1,1,1,5,4804000,197800,3,2,2,0,1,1,0,70,1,0,1,0,3,1,1,0,1
200600052510,6,9,26,1130,1,1,1,3,4775500,274000,2,3,3,0,1,2,0,120,1,5,1,0,0,0,0,2,1
200600052514,6,9,10,230,3,1,1,6,4792500,279200,4,2,0,0,1,1,0,29,1,0,1,0,0,0,0,2,1
200600052516,6,9,23,615,3,9,2,6,4805000,276000,2,2,0,0,0,3,0,72,2,0,3,0,0,0,1,0,1
200600052518,6,9,9,15,3,1,1,7,4830600,220100,3,1,0,0,3,3,0,0,1,0,1,0,0,1,3,0,1
200600052519,6,9,13,2145,3,1,2,7,4823800,237600,3,2,0,0,1,3,0,0,2,0,1,0,0,0,1,0,1
200600052521,6,9,16,1045,1,1,1,6,4711200,301100,4,2,0,0,2,1,0,30,1,0,3,0,0,1,0,0,1
200600052523,6,9,27,645,2,1,5,6,4721300,296300,3,2,2,0,1,1,0,0,1,0,1,0,0,0,1,0,1
200600052526,6,9,28,2200,5,1,1,3,4733000,283000,3,2,0,0,0,1,0,110,1,0,1,0,0,0,2,1,1
200600052528,6,9,9,1745,1,1,7,6,4700300,305500,4,0,1,0,1,1,0,38,9,6,1,0,0,1,0,0,1
200600052529,6,9,11,1345,1,1,1,7,4697000,290600,3,2,2,0,1,2,0,75,1,0,1,0,0,0,2,0,1
200600052535,6,9,26,1745,1,1,1,3,4699700,216800,3,2,1,0,1,3,0,56,1,0,1,0,1,1,0,0,1
200600052536,6,9,20,1745,1,2,1,3,4716100,249500,3,2,2,0,2,1,0,57,1,2,1,0,0,1,0,1,1
200600052539,6,9,1,1530,1,2,1,3,4843600,174500,3,2,2,0,1,1,0,63,1,5,1,0,0,1,1,2,1
200600052540,6,9,10,1800,1,1,1,3,4861800,166900,3,2,2,0,2,2,0,71,1,0,1,0,1,0,2,0,1
200600052543,6,9,25,1100,1,1,1,3,4825800,154500,3,2,2,0,1,1,0,70,1,5,1,0,2,0,0,2,1
200600052545,6,9,3,1530,1,1,1,3,4889600,152300,3,2,2,0,1,1,0,70,1,0,1,0,2,0,1,0,1
200600052546,6,9,18,1415,1,1,1,3,4882600,141300,3,2,0,0,1,1,0,70,1,0,1,0,2,0,1,0,1
200600052547,6,9,3,915,1,1,2,1,4826900,85600,3,2,0,0,1,1,0,49,2,0,1,0,1,0,1,0,1
200600052551,6,9,19,745,2,1,2,6,4683100,183600,3,2,2,0,1,3,0,0,2,0,3,0,0,0,1,0,1
200600052554,6,9,15,2315,3,1,3,6,4660700,169100,3,0,2,0,0,2,0,40,2,0,3,0,0,0,0,1,1
200600052556,6,9,17,700,3,1,1,6,4692100,112300,3,2,2,0,1,1,0,70,1,0,1,0,0,1,0,0,1
200600052558,6,9,21,1930,1,1,1,1,4713600,143900,4,2,2,0,2,0,0,57,1,0,1,0,1,0,0,1,1
200600052559,6,9,3,1330,1,1,1,6,4663300,106500,3,2,0,0,1,1,0,0,1,0,1,0,1,0,0,1,1
200600052561,6,9,19,745,1,1,1,5,4663300,116300,3,2,2,0,1,1,0,75,1,0,1,0,2,0,1,4,1
200600052563,6,9,25,1015,1,9,8,6,4663700,106200,6,0,0,0,1,0,0,0,1,0,1,0,1,0,1,0,1
200600052564,6,9,9,1600,1,1,1,2,4660000,199900,3,2,0,0,0,1,0,73,1,0,1,0,1,0,1,0,1
200600052565,6,9,10,845,1,2,1,3,4673800,204600,3,2,2,0,1,1,0,50,1,0,1,0,2,0,1,3,1
200600052566,6,9,1,1430,1,1,1,2,4690700,188300,2,2,2,0,1,1,0,73,1,0,1,0,1,0,0,1,1
200600052570,6,9,3,700,2,1,8,1,4746000,59000,3,2,0,0,1,1,0,65,1,0,1,0,1,1,0,0,1
200600052571,6,9,18,1730,1,2,1,3,4754900,47200,3,2,2,0,1,1,0,70,1,0,1,0,4,0,1,0,1
200600052581,6,9,6,1745,1,1,1,6,4728200,42500,3,2,0,0,0,0,0,0,1,0,3,0,2,0,0,1,1
200600052582,6,9,7,1945,1,1,1,3,4733000,43000,2,2,2,0,1,3,0,78,1,0,1,0,1,0,1,0,1
200600052583,6,9,26,1330,1,1,1,6,4734800,34800,3,2,2,0,1,3,60,0,1,0,3,0,0,0,1,0,1
200600052584,6,9,15,1615,1,1,3,1,4698700,34700,3,2,2,0,3,1,0,70,2,0,1,0,2,0,1,0,1
200600052585,6,9,9,1745,1,1,1,1,4713200,99600,3,2,0,0,1,1,90,0,1,0,1,0,1,0,0,1,1
200600052590,6,9,29,1000,1,1,1,1,4712000,98000,9,2,0,0,1,1,0,70,1,0,1,0,1,0,1,0,1
200600052592,6,9,3,1,5,1,1,3,4729400,71900,2,3,2,0,1,1,18,85,1,5,1,0,1,0,1,0,1
200600052596,6,9,12,1230,1,1,1,1,4769300,149200,2,2,2,0,1,1,0,0,1,0,1,0,0,1,0,1,1
200600052600,6,9,4,930,1,1,8,3,4766600,198100,2,2,2,0,1,1,0,78,9,0,1,0,0,0,2,0,1
200600052603,6,9,10,1600,1,1,1,3,4779300,89800,3,2,0,0,2,1,0,40,1,0,1,0,1,0,1,0,1
200600052604,6,9,8,2230,3,1,1,6,4790000,122700,4,2,0,0,1,1,0,50,1,0,1,0,1,0,1,0,1
200600052605,6,9,23,2000,3,1,2,6,4786400,132000,3,2,2,0,0,2,0,60,2,0,3,0,0,0,1,0,1
200600052610,6,9,6,1900,1,1,1,1,4913500,239300,3,3,0,0,3,3,0,114,1,0,1,0,0,1,1,0,1
200600052611,6,9,17,1700,1,1,1,3,4916300,231400,4,2,0,0,1,2,0,55,1,0,1,0,1,0,0,1,1
200600052615,6,9,10,330,3,1,1,5,4412800,29100,3,3,2,0,0,2,0,0,1,0,0,0,1,0,2,1,1
200600052617,6,9,2,15,3,6,1,1,4290900,304000,3,2,2,0,0,0,0,0,1,5,1,0,1,0,1,1,1
200600052620,6,9,16,1500,1,1,1,6,4944000,601000,3,2,0,0,2,2,0,100,1,0,0,0,0,0,1,1,1
200600052621,6,9,9,1500,1,1,1,2,4358000,385000,2,2,0,0,2,1,0,90,1,0,1,0,1,0,1,0,1
200600052622,6,9,24,1315,1,1,3,6,4365000,370900,3,2,2,0,0,3,0,65,2,0,0,0,1,0,1,0,1
200600052624,6,9,8,2145,3,1,1,2,4321500,245800,3,2,2,0,1,1,0,46,1,0,1,0,3,0,1,1,1
200600052629,6,9,8,2045,3,6,1,2,4733000,76400,2,1,0,0,1,1,0,40,1,0,1,0,1,0,0,1,1
200600052631,6,9,26,1830,1,1,1,6,4731900,71200,3,2,4,3,3,1,0,150,1,0,1,0,0,0,1,0,1
200600052634,6,9,14,1030,1,1,2,7,4841900,-424800,3,2,2,0,2,2,0,66,2,0,3,0,0,1,0,0,1
200600052635,6,9,17,1500,1,1,1,1,4476000,-102100,3,2,2,0,1,1,0,45,1,0,1,0,1,1,2,0,1
200600052636,6,9,3,1830,1,1,1,7,4839100,255800,1,1,3,3,2,3,20,130,1,0,3,0,0,0,1,0,1
200600052638,6,9,22,1945,2,9,1,6,4845900,252400,1,1,0,3,1,1,0,0,1,7,1,0,0,1,0,0,1
200600052647,6,9,16,915,1,9,1,1,4376400,508000,1,3,3,0,1,1,150,140,1,0,1,0,1,0,0,1,1
200600052649,6,9,8,300,3,1,1,6,4409600,487500,1,3,3,0,1,2,25,105,1,0,1,0,0,1,0,0,1
200600052651,6,9,29,1415,1,1,1,7,4321100,605100,1,0,2,0,1,3,30,100,1,0,1,0,0,0,1,0,1
200600052652,6,9,4,1630,1,9,1,2,4934100,36500,1,1,2,0,1,1,10,90,1,7,1,0,5,0,1,0,1
200600052653,6,9,29,1700,1,1,1,6,4937900,48700,1,1,2,0,2,2,10,95,1,0,3,0,0,0,0,2,1
200600052660,6,9,23,1600,1,2,1,3,4737600,503800,3,2,3,3,1,1,0,108,1,5,1,0,0,0,2,0,1
200600052663,6,9,12,1245,1,1,1,4,4557600,560500,1,1,0,0,0,1,20,90,1,0,1,0,2,0,0,1,1
200600052664,6,9,12,1800,1,1,1,2,4773200,741800,3,2,2,0,1,1,0,60,1,0,1,0,1,0,0,1,1
200600052665,6,9,26,1500,1,1,2,6,4775100,741200,9,2,0,0,0,1,0,0,2,1,1,0,0,0,0,2,1
200600052666,6,9,1,415,3,1,1,6,4822300,-91700,3,2,1,0,2,1,0,47,1,0,1,0,0,0,1,0,1
200600052667,6,9,22,1045,1,7,3,6,4823400,-103600,3,0,0,0,0,0,0,0,2,0,0,0,1,0,1,0,1
200600052669,6,9,20,1700,1,1,1,2,4954000,122500,1,1,1,0,1,1,10,73,1,0,1,0,0,0,1,1,1