Num_Acc,an,mois,jour,hrmn,lum,int,atm,col,lat,long,catr,circ,nbv,vosp,prof,plan,lartpc,larrout,surf,infra,situ,env1,unscathed,killed,hospital,light,chance
200600052680,6,9,19,1330,1,1,1,1,4740000,87300,3,2,2,0,1,1,0,62,1,0,1,0,1,0,1,0,1
200600052689,6,9,17,415,3,6,1,7,4885400,806300,3,2,0,0,1,1,91,93,1,5,1,0,0,0,1,0,1
200600052690,6,9,19,800,1,1,8,6,4880900,800000,3,2,2,0,0,1,0,75,2,0,3,0,0,0,1,0,1
200600052695,6,9,22,2030,3,1,1,6,4554000,326000,1,3,2,0,1,1,20,70,1,0,3,0,0,0,1,0,1
200600052704,6,9,23,1800,1,1,1,6,4367400,720100,1,1,2,0,1,3,0,70,1,0,1,0,0,0,1,0,1
200600052717,6,9,25,945,1,2,1,3,4271600,284300,4,2,2,0,2,1,0,70,1,0,1,0,4,0,0,1,1
200600052718,6,9,29,1645,1,2,1,3,4526200,585100,2,2,0,0,1,1,10,100,1,5,1,0,1,0,0,1,1
200600052724,6,9,18,1315,1,9,1,6,4737800,638400,1,3,2,0,1,3,30,100,1,3,1,0,0,0,1,0,1
200600052726,6,9,11,1525,1,1,1,2,4471800,-74500,1,3,2,0,1,1,100,105,1,0,1,0,1,0,3,0,1
200600052727,6,9,16,1845,1,1,1,3,4443300,-81500,2,1,0,0,1,1,100,70,1,0,1,0,2,0,2,0,1
200600052728,6,9,25,2315,3,1,1,7,4461500,-101700,1,3,2,0,1,1,10,70,1,0,1,0,0,1,2,0,1
200600052749,6,9,23,1315,1,1,1,6,4852800,-285100,3,2,0,0,0,2,15,67,1,0,1,0,1,0,1,0,1
200600052754,6,9,26,630,2,1,1,2,4585000,507200,1,3,3,0,1,1,0,0,1,0,1,0,1,0,0,2,1
200600052755,6,9,23,1515,1,1,8,1,4550900,416400,3,2,2,0,0,3,0,63,1,0,1,0,2,0,1,0,1
200600052757,6,9,30,1815,1,1,1,7,4913200,423800,3,2,2,0,1,1,0,73,1,0,1,0,0,0,1,0,1
200600052760,6,9,1,1000,1,1,1,1,4361800,704800,3,1,0,0,3,1,0,71,1,5,1,0,0,1,0,1,1
200600052765,6,9,1,1630,1,9,1,1,4545500,476800,3,2,0,3,1,1,38,60,1,5,1,0,1,0,1,0,1
200600052768,6,9,29,815,2,1,1,1,4595500,619700,3,3,2,0,1,1,22,0,1,5,1,0,1,0,1,0,1
200600052769,6,9,23,1900,2,1,2,5,4373000,379000,3,2,2,0,2,2,0,70,2,0,1,0,1,1,3,4,1
200600052772,6,9,17,1545,1,1,1,1,4276200,176900,2,2,0,0,0,0,0,0,0,0,0,0,0,0,2,1,1
200600052777,6,9,2,215,3,1,1,3,4757300,-270600,3,2,2,0,0,1,0,56,1,5,1,0,0,0,3,0,1
200600052778,6,9,4,515,3,1,5,6,4753800,-274400,3,2,4,0,1,1,0,140,1,0,1,0,3,1,0,0,1
200600052779,6,9,22,1830,1,1,1,6,4752300,-266400,4,2,2,0,1,1,0,61,1,0,1,0,1,0,1,0,1
200600052780,6,9,16,1900,2,1,4,5,4585200,375900,1,3,4,0,1,3,15,200,9,0,1,0,4,0,1,1,1
200600052790,6,9,11,630,2,1,1,1,4614600,562000,1,3,0,0,1,1,0,87,1,0,1,0,0,0,2,0,1
200600052792,6,9,11,745,1,1,1,2,4594000,312800,1,3,2,0,1,2,20,70,1,0,1,0,2,0,2,0,1
200600052795,6,9,10,1100,1,1,1,7,4853400,766300,3,3,2,0,1,1,5,105,1,0,1,0,0,0,1,0,1
200600052796,6,9,1,1345,1,1,1,3,4370200,696800,3,2,3,0,0,2,0,120,1,0,1,0,1,1,1,1,1
200600052799,6,9,22,115,5,1,1,7,4560600,522100,4,2,2,0,2,1,0,0,1,0,1,0,0,0,1,0,1
200600052800,6,9,11,1645,1,1,1,2,4638400,273200,1,1,2,0,1,1,0,72,1,0,1,0,3,0,2,0,1
200600052801,6,9,7,2030,2,1,1,7,4668900,245700,1,3,2,0,1,2,10,70,1,0,1,0,0,0,1,0,1
200600052812,6,9,29,1145,1,1,1,3,4608800,651400,4,2,2,0,1,1,0,60,1,0,1,0,1,0,1,0,1
200600052815,6,9,5,2100,5,9,1,2,4529800,635500,1,1,2,3,1,1,10,73,1,3,1,0,0,0,1,4,1
200600052820,6,9,9,1845,1,1,1,7,4657900,149900,1,3,4,0,1,1,30,100,1,0,3,0,3,0,0,1,1
200600052821,6,9,16,100,3,1,3,1,4651700,150000,1,0,2,0,1,3,15,105,2,0,1,0,1,0,1,0,1
200600052824,6,9,18,845,1,1,2,7,4874000,206700,3,2,2,0,1,3,0,45,2,0,3,0,0,0,1,0,1
200600052825,6,9,21,745,1,1,1,2,4812600,14500,2,2,2,0,1,1,0,70,1,0,1,0,1,0,1,0,1
200600052826,6,9,12,1445,1,1,1,1,4780600,724200,3,2,2,2,1,1,20,70,9,0,1,0,1,0,1,0,1
200600052831,6,9,29,1845,1,1,1,3,4894800,761600,3,2,2,0,1,1,0,54,1,0,1,0,0,0,1,1,1
200600052844,6,9,28,1300,1,1,1,1,4368100,136600,3,2,2,0,1,1,0,65,1,0,1,0,1,0,1,0,1
200600052847,6,9,29,2200,3,1,1,2,4732300,586700,3,2,2,0,1,1,0,57,2,0,1,0,2,0,2,0,1
200600052848,6,9,22,1830,1,9,1,1,4902700,202700,4,2,0,0,1,1,0,0,1,0,4,0,1,0,1,0,1
200600052855,6,9,8,2115,3,1,1,4,4933500,-90100,2,3,2,0,1,1,20,70,1,0,1,0,3,1,1,0,1
200600052856,6,9,10,1830,1,1,1,7,4933500,-89900,2,3,2,0,0,1,84,140,1,0,3,0,0,0,2,0,1
200600052863,6,9,24,1345,1,1,1,1,4724400,-145800,3,2,2,0,1,3,0,61,2,0,1,0,1,0,5,0,1
200600058185,6,10,6,1330,1,1,2,1,5053600,292800,3,2,0,0,1,1,0,62,2,0,1,0,1,0,1,0,1
200600058186,6,10,7,1800,1,1,1,3,5051200,289300,4,2,2,0,1,1,0,40,1,0,1,0,1,0,1,0,1
200600058187,6,10,14,1000,1,1,1,6,5052400,289200,4,2,2,0,1,1,0,53,1,0,1,0,0,1,0,0,1
200600058188,6,10,9,1700,1,1,1,3,5053700,280400,3,2,2,0,1,1,70,0,1,5,1,3,1,0,0,1,1
200600058192,6,10,8,2115,3,1,1,6,5091700,240600,3,2,0,0,1,1,0,61,1,0,1,0,0,0,1,0,1
200600058194,6,10,21,1315,1,1,1,3,5088800,249500,3,2,1,0,1,1,0,64,0,0,1,0,1,0,1,0,1
200600058195,6,10,18,1345,1,1,1,5,5076100,260200,3,2,2,0,1,1,0,63,1,0,1,0,3,1,0,0,1
200600058196,6,10,25,630,3,1,1,7,5069200,240300,4,2,2,0,1,1,0,40,1,0,1,0,0,1,0,0,1
200600058198,6,10,16,1930,3,1,1,6,5077200,264100,3,2,2,0,0,4,0,48,1,0,3,0,0,1,0,0,1
200600058200,6,10,22,745,2,1,1,6,5063900,275000,3,2,0,0,1,1,0,70,1,0,0,0,0,0,1,0,1
200600058201,6,10,27,1630,1,1,1,1,5078100,255400,3,2,0,0,2,1,0,75,1,5,1,0,1,1,0,0,1
200600058202,6,10,4,1600,1,2,1,1,5073500,296300,3,3,0,0,1,1,0,0,1,0,1,0,1,0,0,1,1
200600058204,6,10,3,530,3,1,1,6,5014900,394800,2,2,4,0,2,1,0,132,1,0,1,0,1,1,0,0,1
200600058205,6,10,10,830,2,1,9,3,5012700,389400,3,2,2,0,0,1,0,75,2,0,1,0,27,0,4,0,1
200600058206,6,10,20,1930,3,1,1,1,5026900,382400,3,2,2,0,2,1,0,58,1,0,1,0,0,0,2,0,1
200600058207,6,10,26,945,5,1,1,1,5016100,364300,3,2,2,0,0,4,0,47,1,0,0,0,1,0,1,0,1
200600058209,6,10,6,1245,1,1,1,7,5012800,340900,9,2,0,0,1,1,0,50,1,0,1,0,1,0,1,0,1
200600058212,6,10,10,1200,1,1,1,6,5009600,341000,3,0,2,0,1,0,60,0,1,0,1,0,1,0,1,0,1
200600058213,6,10,6,1645,1,1,1,1,5007300,333700,3,2,2,0,1,1,0,60,1,0,1,3,1,0,1,0,1
200600058217,6,10,18,1630,1,2,2,3,5025900,364100,4,2,1,0,1,2,0,50,2,0,1,0,2,0,1,0,1
200600058222,6,10,14,1645,1,1,1,7,5024400,315000,3,2,2,0,1,3,0,60,1,0,3,0,0,0,2,0,1
200600058226,6,10,1,2145,5,1,8,1,5041000,165000,3,2,2,0,4,3,0,70,2,0,1,0,1,0,4,0,1
200600058227,6,10,19,1615,1,1,1,2,5043700,206900,3,2,2,0,3,1,0,70,1,0,1,0,1,0,1,0,1
200600058228,6,10,31,1300,1,1,1,7,5037900,201700,3,2,2,0,1,4,0,89,1,0,1,0,0,1,0,0,1
200600058230,6,10,21,1630,1,1,1,1,5085800,198600,3,2,0,0,1,1,0,130,1,5,1,0,2,0,1,0,1
200600058237,6,10,6,1800,1,1,3,1,5024600,230900,3,2,2,0,1,1,0,71,2,0,1,0,1,0,1,0,1
200600058243,6,10,19,1615,1,1,1,6,5001600,231700,3,2,0,0,0,1,0,70,0,0,3,0,1,0,0,1,1
200600058248,6,10,5,945,1,1,1,3,5034200,157200,3,2,2,0,1,1,0,70,1,0,1,0,1,0,1,0,1
200600058249,6,10,15,1015,1,1,1,7,5030300,165000,3,3,2,0,1,3,30,60,1,0,0,0,0,0,1,0,1
200600058251,6,10,4,1730,1,1,1,6,5016000,234000,9,1,1,0,1,1,0,61,1,0,0,0,2,0,1,0,1
200600058252,6,10,29,1800,5,1,1,7,5005700,214200,9,3,1,0,1,0,50,0,1,0,1,0,0,0,0,1,1
200600058253,6,10,13,1315,1,1,1,1,5003800,281100,3,2,2,0,1,3,0,62,1,0,1,0,2,0,1,0,1
200600058255,6,10,24,2115,3,2,1,3,4990600,300600,3,2,0,0,0,1,70,70,1,5,1,0,2,0,1,0,1
200600058259,6,10,9,800,1,1,1,1,4973700,385600,3,2,2,0,1,4,0,64,1,0,1,0,1,1,0,0,1
200600058265,6,10,2,1745,1,1,2,6,4944900,367400,3,2,2,0,0,2,0,62,2,0,3,0,0,0,1,0,1
200600058267,6,10,12,2100,3,1,1,6,4943200,377400,3,2,2,0,2,2,50,50,8,0,3,0,0,0,1,0,1
200600058268,6,10,27,1730,1,1,1,7,4946100,383000,3,2,2,0,0,1,0,72,1,0,3,0,1,0,1,0,1
200600058270,6,10,13,1230,1,1,1,1,4953900,383200,3,2,2,0,1,0,0,58,1,0,1,0,1,0,1,0,1
200600058276,6,10,18,1930,3,1,8,2,4999200,324000,3,2,0,0,1,1,0,74,2,0,1,0,2,0,0,1,1
200600058281,6,10,20,900,1,1,2,3,4936400,310000,3,2,1,0,2,3,0,60,2,0,0,0,1,1,0,0,1
200600058282,6,10,28,1100,1,1,1,1,5001300,360600,3,2,2,0,1,1,0,55,2,0,1,0,0,0,0,2,1
200600058283,6,10,5,1200,1,1,8,2,4940500,219200,3,2,2,0,1,1,0,72,1,0,1,0,1,0,0,1,1
200600058284,6,10,15,2015,3,1,1,5,4942000,226100,2,3,4,0,1,1,15,122,1,0,1,0,2,0,0,4,1
200600058285,6,10,16,945,1,1,8,7,4940800,212300,2,2,2,0,1,1,0,85,1,0,3,0,0,0,1,0,1
200600058286,6,10,27,2130,3,1,1,3,4939300,221300,3,2,2,0,1,1,0,52,1,0,1,0,1,0,0,2,1
200600058288,6,10,8,1130,1,1,1,2,4945100,190100,3,2,2,0,2,1,0,70,1,0,1,0,2,0,2,0,1
200600058289,6,10,9,915,1,1,1,3,4935100,189900,3,2,2,0,1,3,0,45,1,0,1,0,1,0,1,0,1
200600058294,6,10,19,1200,1,1,1,1,4962300,175500,3,2,0,0,1,0,0,45,1,0,1,0,0,0,1,1,1
200600058308,6,10,7,700,2,1,1,1,4945500,278600,3,2,2,0,1,1,0,77,1,0,1,0,0,1,1,0,1
200600058309,6,10,7,2350,3,6,1,7,4940700,262800,2,2,0,0,1,1,0,57,1,5,1,0,0,1,0,0,1
200600058322,6,10,24,1715,1,1,1,2,4923800,247200,2,3,4,0,1,1,7,75,1,0,1,0,2,0,1,0,1
200600058332,6,10,31,1900,3,1,2,2,4939500,119700,2,2,3,0,1,1,0,0,2,0,1,0,1,0,1,0,1
200600058339,6,10,1,1615,1,1,1,1,4979300,175000,3,2,2,0,1,1,0,50,1,0,1,0,1,0,1,0,1
200600058340,6,10,8,730,2,8,1,6,4993900,162100,3,2,2,0,0,4,0,70,1,4,0,0,0,0,1,0,1
200600058341,6,10,21,2145,4,1,8,6,4980300,174300,3,2,2,0,1,2,0,70,1,0,3,0,0,1,1,0,1
200600058345,6,10,13,1845,1,6,1,3,4948500,173800,2,2,2,0,1,1,0,70,1,5,1,0,1,0,1,0,1
200600058346,6,10,14,1900,3,2,1,3,4962700,74500,3,2,2,0,1,1,0,67,1,0,1,0,1,0,1,0,1
200600058349,6,10,28,45,5,1,1,7,4954400,94500,3,2,2,0,1,0,0,0,1,0,4,0,1,0,0,1,1
200600058350,6,10,12,2045,5,1,1,1,4987800,79900,3,2,2,0,1,1,0,64,1,0,1,0,0,0,2,0,1
200600058352,6,10,1,1215,1,1,8,7,4896800,90100,3,2,2,0,1,2,0,65,2,0,1,0,0,0,1,0,1
200600058354,6,10,22,1650,1,1,8,6,4895000,96400,3,2,0,0,0,0,0,0,1,0,1,0,0,0,1,0,1
200600058358,6,10,22,1815,1,1,2,1,4877600,116600,2,3,4,0,4,2,30,137,2,5,1,0,1,0,0,1,1
200600058360,6,10,28,2315,5,1,1,6,4887400,141700,4,2,2,0,1,1,60,0,1,0,3,0,1,0,1,0,1
200600058362,6,10,8,900,2,1,1,6,4938800,137700,3,2,2,0,1,1,0,70,0,0,1,0,0,0,1,0,1
200600058364,6,10,1,1000,1,1,8,2,4927000,153000,2,2,2,0,1,1,0,74,2,0,1,0,1,0,1,0,1
200600058366,6,10,12,645,5,1,1,6,4909800,64700,3,2,2,0,1,3,0,101,8,0,3,0,0,0,1,0,1
200600058367,6,10,21,1500,1,2,1,3,4915800,58100,2,2,2,0,1,1,0,100,1,5,1,0,2,0,1,0,1
200600058368,6,10,20,2300,5,1,2,7,4909900,60100,4,2,2,0,0,2,0,53,2,0,0,0,0,0,2,0,1
200600058369,6,10,25,2015,3,1,1,3,4905000,66000,4,2,2,0,1,1,0,34,1,0,0,0,1,0,1,0,1
200600058370,6,10,29,630,3,1,2,7,4915000,59000,2,2,3,0,1,1,0,100,2,0,3,0,0,0,1,0,1
200600058373,6,10,10,2100,5,1,1,3,4916400,133200,4,2,2,0,1,1,0,65,1,5,1,0,1,0,1,0,1
200600058376,6,10,1,1645,1,1,1,1,4922700,107100,3,2,0,0,1,2,0,62,1,0,1,0,1,0,1,0,1
200600058377,6,10,13,2115,5,1,1,6,4930800,114800,3,2,2,0,1,1,0,93,1,0,1,0,0,0,1,0,1
200600058380,6,10,19,2115,3,1,2,7,4929900,106000,3,2,0,0,0,0,0,0,0,0,0,0,0,0,1,0,1
200600058381,6,10,26,1700,1,1,1,1,4922900,106400,3,2,1,0,0,1,0,0,1,0,1,0,1,0,1,0,1
200600058382,6,10,27,1845,5,9,1,6,4930500,116600,9,2,1,0,1,1,0,0,2,0,1,0,1,0,0,1,1
200600058386,6,10,21,900,1,1,7,1,4920000,48000,4,2,2,0,1,1,0,36,1,0,1,0,0,0,0,2,1
200600058387,6,10,28,300,3,1,5,1,4819400,-214900,2,2,2,0,1,1,0,72,1,0,1,0,2,0,1,0,1
200600058391,6,10,12,930,1,1,1,3,4846000,-148000,3,2,0,0,1,2,0,0,1,0,1,0,1,0,1,0,1
200600058397,6,10,11,1715,1,2,3,5,4771200,-199600,3,3,3,0,1,1,0,145,3,5,1,0,2,0,5,0,1
200600058399,6,10,28,1,3,1,5,6,4775900,-163800,4,2,2,0,1,1,0,37,1,0,1,0,1,0,0,1,1
200600058404,6,10,28,1300,1,1,1,7,4777900,-201500,3,2,2,0,1,1,0,56,1,0,3,0,0,0,1,0,1
200600058408,6,10,9,2015,3,1,1,6,4860500,-168100,3,2,2,0,0,2,0,0,1,0,1,0,0,1,0,0,1
200600058409,6,10,11,1245,1,1,8,3,4856900,-178000,3,2,2,0,1,1,0,68,1,5,1,0,1,1,0,0,1
200600058418,6,10,24,800,2,1,3,6,4878500,-304900,3,2,2,0,1,1,0,60,2,0,1,0,1,0,1,1,1
200600058419,6,10,7,515,3,1,1,1,4849200,-263300,3,2,2,0,0,1,0,124,1,0,1,3,0,2,0,1,1
200600058420,6,10,7,1830,1,1,7,1,4849700,-201700,3,2,2,0,1,1,0,68,1,0,1,0,1,0,0,2,1
200600058422,6,10,29,1930,3,1,1,1,4849500,-200300,3,2,0,0,0,2,0,50,1,2,1,0,1,0,1,0,1
200600058428,6,10,6,1845,1,1,1,5,4854100,-318000,3,2,2,0,1,1,0,70,1,0,1,0,2,0,2,0,1
200600058430,6,10,9,915,1,1,1,3,4874800,-340000,3,2,0,0,1,1,0,107,1,0,1,0,1,0,1,0,1
200600058431,6,10,30,2130,3,1,1,7,4867400,-364300,3,2,2,0,1,1,0,0,1,2,1,0,0,0,2,0,1
200600058432,6,10,5,2230,5,1,1,6,4881700,-345500,3,2,0,0,0,2,0,70,1,0,4,0,0,1,0,0,1
200600058433,6,10,17,1715,1,1,1,6,4882200,-346100,4,2,2,0,2,2,0,82,1,0,1,0,1,0,1,0,1
200600058434,6,10,4,945,1,1,1,3,4878700,-311900,3,2,0,0,2,1,0,73,1,0,1,0,1,0,0,1,1
200600058435,6,10,28,1400,1,3,1,3,4872900,-331300,4,2,2,0,0,1,0,0,1,0,1,0,1,0,1,0,1
200600058436,6,10,15,2130,3,1,1,1,4793000,-406500,3,2,2,0,2,1,0,70,9,0,1,0,0,0,2,0,1
200600058437,6,10,15,30,3,1,1,6,4780800,-426200,9,2,2,0,1,1,0,79,1,5,1,0,0,0,0,4,1
200600058438,6,10,23,1115,1,1,2,1,4780500,-435900,3,2,2,0,1,3,0,60,2,0,1,0,0,0,2,0,1
200600058439,6,10,28,215,3,1,1,6,4780700,-430700,3,2,2,0,4,1,0,60,1,0,1,0,0,0,2,1,1
200600058440,6,10,30,2000,5,1,1,6,4784600,-428400,3,2,2,0,1,1,0,60,1,0,1,0,1,0,1,0,1
200600058445,6,10,19,915,1,1,3,3,4862600,-432900,3,2,2,0,2,1,0,74,2,5,0,0,0,0,2,0,1
200600058446,6,10,28,1600,1,1,1,2,4855700,-434400,3,3,2,0,1,1,0,72,1,0,1,0,1,0,1,0,1
200600058447,6,10,24,1615,1,1,1,3,4852000,-440600,3,2,2,0,1,1,0,65,1,5,1,0,1,0,2,0,1
200600058450,6,10,27,2145,3,1,1,6,4830700,-394800,3,2,0,0,2,1,0,57,1,0,3,0,1,0,1,0,1
200600058451,6,10,28,345,3,1,1,2,4854700,-389600,2,3,4,0,2,2,10,73,1,0,1,0,1,0,0,1,1
200600058452,6,10,29,1715,1,1,1,3,4766600,-287700,2,3,4,0,1,1,20,148,1,0,1,0,2,0,0,2,1
200600058453,6,10,1,315,3,1,2,7,4782600,-209200,3,2,0,0,2,1,0,59,2,0,1,0,1,0,0,3,1
200600058458,6,10,28,1045,1,9,5,6,4757900,-305800,5,0,0,0,1,0,0,0,1,0,0,0,1,0,1,0,1
200600058461,6,10,17,900,1,1,1,1,4778400,-245900,3,2,2,0,1,1,0,115,1,0,1,0,1,0,2,0,1
200600058463,6,10,19,745,5,1,8,6,4807300,-296500,3,0,2,0,2,0,0,0,2,0,1,3,1,0,1,0,1
200600058464,6,10,20,800,3,1,2,6,4805100,-298000,3,2,0,0,1,1,0,64,2,0,1,0,1,1,0,0,1
200600058466,6,10,25,715,3,1,1,1,4806900,-289500,3,2,2,0,2,1,0,73,1,0,1,0,0,0,1,1,1
200600058468,6,10,30,1500,1,1,1,3,4814700,-300100,4,2,0,0,1,1,0,0,1,5,1,0,1,0,1,0,1
200600058469,6,10,20,800,5,1,2,3,4796200,-297400,3,2,2,0,1,1,0,83,2,0,1,0,0,0,1,1,1
200600058470,6,10,22,500,3,1,3,6,4807300,-347700,3,2,2,0,1,1,0,68,2,5,3,0,0,0,1,0,1
200600058475,6,10,29,700,2,1,2,6,4894200,-56600,3,2,2,0,2,1,0,57,2,0,3,0,0,0,1,0,1
200600058477,6,10,18,2200,3,7,1,7,4901900,-3500,9,0,0,0,0,0,0,0,0,0,1,0,0,0,1,0,1
200600058478,6,10,25,1930,5,1,1,1,4901100,15100,3,2,2,0,1,1,0,106,1,0,1,0,3,0,1,0,1
200600058479,6,10,13,1715,1,1,1,1,4927900,10900,3,2,2,0,2,1,0,54,1,0,3,0,2,0,2,0,1
200600058480,6,10,18,1315,1,1,1,7,4930700,25000,3,0,2,0,1,1,0,73,1,0,1,0,0,1,0,0,1
200600058484,6,10,5,1800,1,1,2,2,4950400,-148300,2,3,2,0,1,1,10,70,2,0,1,0,0,0,2,1,1
200600058486,6,10,5,745,3,1,2,3,4913500,-99600,3,3,2,0,1,1,35,76,2,0,1,0,1,1,0,0,1
200600058489,6,10,10,745,2,1,8,1,4939400,-176300,3,2,0,0,2,1,0,70,1,0,1,0,0,0,2,0,1
200600058491,6,10,8,2015,1,1,1,1,4955100,-146500,3,2,0,0,0,1,0,70,1,0,1,0,1,0,1,0,1
200600058492,6,10,9,1245,1,1,1,1,4969800,-127600,3,2,0,0,1,2,0,50,3,0,1,0,1,0,1,0,1
200600058493,6,10,14,1115,1,1,1,1,4967400,-141200,3,2,2,0,1,3,0,55,1,0,1,0,1,1,4,0,1
200600058496,6,10,20,1630,1,1,1,1,4890200,-135800,3,2,2,0,1,1,0,50,1,6,1,0,1,1,9,6,1
200600058499,6,10,24,815,2,1,2,1,4922900,-142600,3,2,2,0,1,1,0,60,2,0,1,0,1,1,0,0,1
200600058500,6,10,30,1600,1,1,2,6,4932800,-134500,3,2,0,0,1,0,0,28,2,0,3,0,0,0,2,0,1
200600058505,6,10,8,1600,1,1,1,7,4858200,-109400,3,2,2,0,1,1,24,31,1,0,1,0,0,0,1,0,1
200600058507,6,10,15,15,5,1,1,3,4870700,-36100,3,3,0,0,2,1,21,65,1,0,1,0,1,0,1,0,1
200600058508,6,10,25,1925,3,1,1,6,4870900,37700,3,2,2,0,1,1,0,75,1,0,3,0,1,0,0,1,1
200600058509,6,10,4,1200,1,1,1,6,4860700,-60900,3,2,0,0,2,3,0,60,2,0,3,0,0,0,1,0,1
200600058510,6,10,27,1745,1,1,1,2,4861200,-71500,3,2,0,0,1,1,0,77,1,0,3,0,1,0,1,0,1
200600058511,6,10,20,1730,1,1,1,3,4857100,-38900,3,2,2,0,1,1,0,0,1,0,1,0,0,0,1,1,1
200600058516,6,10,12,1830,1,1,3,2,4876600,65900,2,2,2,0,1,1,0,0,2,0,1,0,1,0,1,0,1
200600058518,6,10,17,1815,1,6,2,3,4727100,-144000,3,1,2,0,1,2,63,61,2,5,1,0,1,0,1,0,1
200600058519,6,10,2,1115,1,1,2,4,4732200,-147700,3,2,2,0,1,1,0,64,2,5,1,0,0,0,1,3,1
200600058521,6,10,9,1245,1,3,1,1,4729800,-147100,3,2,2,0,1,1,0,96,1,0,1,0,1,1,3,0,1
200600058522,6,10,27,1815,2,6,1,6,4731000,-150600,4,2,2,0,1,3,0,60,1,5,1,0,1,0,1,0,1
200600058525,6,10,26,1815,3,1,1,1,4746000,-127800,4,2,0,0,2,2,0,45,1,0,1,0,1,0,1,0,1
200600058526,6,10,26,1615,1,1,7,5,4749600,-143400,3,2,2,0,1,1,0,61,2,0,1,0,2,0,1,0,1
200600058527,6,10,16,1930,3,1,1,6,4763500,-144400,4,0,0,0,1,1,0,0,1,0,3,0,0,1,0,0,1
200600058528,6,10,21,1415,1,1,1,6,4764000,-124000,3,3,0,0,1,1,0,60,1,0,3,0,0,0,1,0,1
200600058529,6,10,8,330,3,1,1,6,4753500,-191200,3,2,2,0,0,1,71,0,1,0,1,0,1,1,0,0,1
200600058531,6,10,15,930,1,1,1,6,4758000,-163000,2,3,4,0,4,1,20,80,1,3,3,0,0,2,0,0,1
200600058533,6,10,31,1230,1,1,1,1,4771000,-170300,2,3,2,0,0,1,0,74,1,0,1,0,0,0,1,3,1
200600058536,6,10,31,1830,5,1,1,3,4719800,-172300,9,0,0,0,0,1,0,59,1,0,1,0,1,0,0,1,1
200600058538,6,10,13,2245,3,1,1,6,4711600,-207800,3,1,1,0,0,2,0,50,1,0,1,0,2,0,1,0,1
200600058539,6,10,18,1600,1,3,1,3,4703000,-181900,3,2,2,0,1,1,0,60,1,5,0,0,0,0,2,1,1
200600058540,6,10,26,1030,1,1,2,7,4699800,-176400,3,2,2,0,1,2,0,60,2,0,3,0,0,0,1,0,1
200600058541,6,10,30,1045,1,1,1,3,4724000,-170100,3,2,1,0,1,1,0,61,1,5,1,0,0,0,1,1,1
200600058542,6,10,4,1645,1,1,1,6,4731800,-226900,4,2,2,0,1,2,0,0,2,0,1,0,1,1,2,0,1
200600058545,6,10,20,1115,1,1,2,2,4732800,-208000,4,3,0,0,1,1,0,100,2,5,1,0,0,0,0,2,1
200600058552,6,10,28,1815,1,2,1,3,4729600,-185700,4,2,2,0,0,3,0,0,1,0,1,0,1,0,2,0,1
200600058554,6,10,14,1645,1,1,1,3,4742600,-55900,4,2,2,0,1,1,0,90,1,0,1,0,1,0,2,0,1
200600058556,6,10,25,1930,3,1,1,6,4741700,-49700,3,2,0,0,1,1,0,59,1,0,1,0,1,1,0,0,1
200600058559,6,10,29,1900,5,1,1,3,4732300,-69800,4,2,2,0,1,1,0,50,1,0,1,0,1,0,1,0,1
200600058560,6,10,9,1645,1,1,1,1,4719400,-69400,4,2,2,0,1,1,0,50,1,5,1,0,1,0,1,0,1
200600058561,6,10,16,715,3,1,1,6,4717100,-95700,3,2,2,0,3,3,0,75,1,0,3,0,0,1,0,0,1
200600058566,6,10,26,1730,1,1,1,6,4738900,-93400,3,2,2,0,1,2,0,56,1,0,3,0,0,0,1,0,1
200600058567,6,10,27,1930,1,1,1,1,4737000,-93500,3,2,2,0,0,1,0,84,1,0,1,0,1,0,1,0,1
200600058573,6,10,15,1530,1,1,1,6,4741200,-12900,3,2,1,0,1,1,0,49,1,0,3,0,0,0,1,1,1
200600058577,6,10,31,1930,5,1,1,6,4760500,-83400,3,2,2,0,1,1,0,56,1,0,1,0,1,0,1,0,1
200600058581,6,10,23,1545,1,1,3,3,4821800,-44700,3,2,2,0,1,1,0,61,2,0,0,0,0,0,1,1,1
200600058582,6,10,6,800,1,1,1,2,4787700,-50000,3,2,2,0,2,1,0,63,1,0,1,0,1,0,1,0,1
200600058584,6,10,14,2030,3,1,1,1,4850300,-106000,3,2,2,0,2,2,0,56,1,0,1,0,1,0,1,0,1
200600058585,6,10,22,1815,2,2,8,3,4841500,-81700,3,2,2,0,4,1,0,57,2,0,1,0,1,0,1,0,1
200600058591,6,10,5,1545,1,6,8,3,4800300,23500,3,3,0,0,1,2,0,0,1,5,1,0,2,0,1,0,1
200600058592,6,10,1,845,1,1,1,3,4815200,15700,3,2,0,0,1,1,0,63,2,0,1,0,2,0,1,0,1
200600058596,6,10,11,1730,1,1,3,6,4821100,23800,3,2,2,0,1,3,0,65,2,0,0,0,0,0,1,0,1
200600058597,6,10,19,2245,5,1,1,6,4819100,43200,4,0,0,0,0,0,0,0,0,0,0,0,0,0,1,0,1
200600058599,6,10,27,630,3,1,5,7,4825400,68000,4,2,0,0,0,1,0,46,2,0,0,0,0,1,0,0,1
200600058600,6,10,12,2130,3,1,1,7,4828900,16300,3,2,2,0,1,1,0,0,1,0,1,0,0,0,1,0,1
200600058611,6,10,25,715,3,1,1,1,4673500,-143300,4,2,0,0,1,1,0,57,1,0,1,0,1,0,1,0,1
200600058612,6,10,31,1345,1,1,1,7,4669000,-151800,3,2,2,0,1,1,0,56,1,0,1,0,0,0,1,0,1
200600058613,6,10,5,900,1,1,1,5,4645900,-83100,2,2,2,0,1,1,0,71,1,0,1,0,3,0,1,0,1
200600058614,6,10,7,1645,1,1,1,1,4634700,-93000,4,2,2,0,1,2,44,0,1,0,1,0,1,0,1,0,1
200600058615,6,10,19,1730,1,1,1,1,4662000,-91000,3,2,2,0,2,2,0,50,2,0,1,0,2,0,1,0,1
200600058616,6,10,23,1130,1,2,1,5,4647600,-109400,3,2,2,0,0,1,0,60,1,5,1,0,2,0,1,0,1
200600058617,6,10,17,1215,1,1,1,3,4679700,-94000,3,2,2,0,1,1,0,58,1,0,1,0,2,0,1,1,1