Num_Acc,an,mois,jour,hrmn,lum,int,atm,col,lat,long,catr,circ,nbv,vosp,prof,plan,lartpc,larrout,surf,infra,situ,env1,unscathed,killed,hospital,light,chance
200600058618,6,10,21,915,1,1,3,7,4663300,-71700,3,2,0,0,2,3,0,62,2,0,1,0,0,0,1,0,1
200600058620,6,10,12,800,2,1,1,2,4689400,-183300,3,2,2,0,1,1,0,70,1,0,1,0,1,0,1,0,1
200600058621,6,10,12,30,3,1,1,6,4676100,-173100,3,2,2,0,1,1,0,58,1,0,3,0,0,0,1,0,1
200600058623,6,10,13,2345,3,1,1,1,4669000,-184000,3,2,2,0,2,2,60,0,1,0,1,0,0,0,1,1,1
200600058631,6,10,20,500,5,3,1,3,4477300,-112800,3,2,2,1,1,1,0,61,2,0,1,0,2,1,0,0,1
200600058637,6,10,4,2000,3,2,1,3,4478000,-25800,3,2,2,0,1,1,0,54,1,0,1,0,1,0,1,1,1
200600058638,6,10,21,1230,1,1,1,1,4479700,-38200,3,0,2,0,0,1,0,0,1,0,1,0,1,0,1,0,1
200600058641,6,10,18,730,5,2,2,1,4460000,-30000,2,2,2,0,1,1,0,79,2,5,1,0,1,0,1,0,1
200600058642,6,10,20,1830,1,1,1,1,4462000,-32000,3,2,2,0,1,1,0,74,1,0,1,0,0,1,3,0,1
200600058644,6,10,26,1145,1,1,1,7,4504000,-43700,2,3,4,0,1,1,10,120,1,0,1,0,0,0,1,0,1
200600058645,6,10,14,1300,1,1,1,7,4466000,7600,3,2,2,0,1,1,0,68,1,2,3,0,0,0,1,0,1
200600058651,6,10,10,1345,1,1,2,7,4522900,-76800,3,2,2,0,1,1,0,0,2,0,1,0,0,0,0,1,1
200600058653,6,10,31,1145,1,1,1,3,4523600,-78700,3,2,2,0,3,1,0,55,1,0,1,0,2,0,1,0,1
200600058655,6,10,17,1745,1,1,1,6,4494100,-28000,3,2,2,0,0,0,0,0,1,0,1,0,1,0,1,0,1
200600058656,6,10,14,1000,1,2,5,5,4482000,-29000,3,4,0,0,1,1,0,120,1,5,1,0,3,0,1,1,1
200600058657,6,10,3,1330,1,1,8,6,4489000,-20000,3,2,1,0,1,1,0,80,1,0,3,0,0,1,0,0,1
200600058658,6,10,31,1715,1,1,1,6,4504100,-14300,5,2,2,0,4,1,0,30,1,0,4,0,0,0,1,0,1
200600058659,6,10,5,1730,1,1,8,7,4510000,84100,3,2,2,0,1,2,0,0,2,0,1,0,1,0,1,0,1
200600058661,6,10,6,1200,1,2,1,3,4530800,86300,3,2,2,0,0,1,0,66,1,0,1,0,1,0,1,0,1
200600058662,6,10,27,1645,1,1,1,1,4534100,104600,3,2,2,0,1,1,66,0,1,0,1,0,2,0,1,0,1
200600058663,6,10,30,1000,1,1,1,2,4533900,104900,3,2,2,0,1,1,0,53,1,5,1,0,1,0,1,0,1
200600058668,6,10,8,2045,3,1,1,1,4542900,70500,3,2,2,0,1,4,0,59,1,0,1,0,3,0,2,1,1
200600058669,6,10,15,1800,1,1,1,1,4552300,68800,4,4,1,0,2,1,0,0,9,0,0,0,1,0,2,0,1
200600058671,6,10,24,1815,1,1,1,5,4560400,70500,3,0,2,0,2,1,0,0,1,0,1,0,1,0,3,1,1
200600058673,6,10,29,150,3,1,1,7,4490800,119900,3,2,0,0,0,1,0,60,1,0,1,0,1,0,2,0,1
200600058674,6,10,13,730,1,2,5,3,4509200,135600,4,2,2,0,0,1,0,40,1,0,0,0,0,0,2,0,1
200600058679,6,10,11,630,3,1,1,6,4356500,-116000,2,2,2,0,2,1,0,74,2,0,1,0,1,0,1,0,1
200600058683,6,10,30,1700,1,1,1,2,4353200,-146300,2,2,2,0,1,1,0,80,1,0,1,0,1,0,0,1,1
200600058690,6,10,25,1500,1,1,1,3,4429000,-110200,3,2,2,0,1,1,0,61,1,0,1,0,1,2,1,0,1
200600058697,6,10,14,600,3,1,5,1,4424800,41700,2,2,2,0,1,1,0,75,1,0,1,0,0,0,2,0,1
200600058698,6,10,30,1715,1,1,1,3,4427000,52800,3,2,0,0,2,2,0,60,1,0,1,0,1,0,1,0,1
200600058700,6,10,8,1015,1,2,7,1,4468500,22900,3,2,2,0,3,1,0,48,1,5,1,0,1,0,1,0,1
200600058701,6,10,4,845,1,1,1,2,4442600,23300,3,2,2,0,1,1,0,60,1,0,1,0,1,0,2,0,1
200600058705,6,10,25,1600,1,1,1,6,4429200,28000,3,2,2,0,2,2,0,75,1,2,1,0,0,1,0,0,1
200600058713,6,10,15,1400,1,1,1,2,4336000,-36000,3,2,2,0,1,1,0,75,1,0,1,0,1,0,1,0,1
200600058714,6,10,20,900,1,1,1,6,4318400,-26000,3,2,2,0,2,1,0,75,1,2,4,0,2,0,1,0,1
200600058715,6,10,12,15,3,1,3,7,4336900,-141300,3,2,2,0,2,1,70,0,2,0,1,0,2,0,1,0,1
200600058719,6,10,1,315,3,1,1,6,4347700,-72300,2,2,2,0,0,2,0,103,1,5,1,0,0,0,1,0,1
200600058721,6,10,24,1900,5,1,1,3,4349500,-78700,2,2,2,0,0,1,0,0,1,0,1,0,1,0,1,0,1
200600058722,6,10,20,1930,3,1,8,1,4351600,-61700,3,0,2,0,1,1,0,72,1,0,1,0,0,1,4,0,1
200600058725,6,10,24,745,3,1,1,6,4675000,16000,3,2,2,0,1,1,0,40,9,0,1,0,0,0,1,0,1
200600058728,6,10,21,1515,1,1,8,1,4709300,6400,3,2,0,0,3,1,0,60,2,0,1,0,1,0,2,0,1
200600058729,6,10,24,2100,3,1,1,7,4688800,-100,3,2,2,0,2,1,0,60,1,0,3,0,0,0,1,0,1
200600058732,6,10,8,1400,1,1,1,6,4620600,37900,3,2,2,0,1,1,0,52,1,0,3,0,0,1,0,0,1
200600058737,6,10,15,515,3,1,1,2,4546100,-24600,3,2,2,0,1,1,0,63,1,0,1,0,0,0,4,2,1
200600058740,6,10,9,2200,3,1,1,2,4602100,18600,2,3,2,0,1,3,30,69,1,0,1,0,1,1,0,0,1
200600058741,6,10,11,1900,2,1,1,3,4588500,10800,4,2,2,0,0,1,0,56,1,0,1,0,2,0,1,0,1
200600058743,6,10,4,2100,3,1,1,1,4590000,2000,3,3,2,0,1,1,0,66,9,0,1,0,1,0,1,0,1
200600058744,6,10,7,530,3,1,1,7,4617300,-107500,4,2,1,0,1,1,0,32,1,0,3,0,0,1,0,0,1
200600058747,6,10,21,2300,3,1,1,6,4624500,-112100,3,2,0,0,4,4,0,57,0,0,1,0,0,0,1,0,1
200600058753,6,10,2,1730,1,1,1,6,4517800,-22500,3,2,2,0,0,0,0,57,1,0,3,0,1,0,1,0,1
200600058754,6,10,15,1515,1,3,1,1,4513500,-20400,3,2,2,0,0,1,0,80,1,0,1,0,1,0,1,0,1
200600058755,6,10,20,1330,1,1,1,6,4573200,-93400,3,2,2,0,1,3,0,50,2,0,3,0,0,0,1,0,1
200600058756,6,10,24,1900,2,1,1,6,4572900,-98400,4,0,2,0,1,0,0,0,1,0,4,0,0,0,1,0,1
200600058757,6,10,1,1915,3,1,1,1,4596800,-124400,3,2,2,0,0,2,0,0,1,0,0,0,1,0,1,0,1
200600058759,6,10,27,745,3,1,5,6,4588700,-125500,4,2,2,0,1,1,0,60,1,0,3,0,0,1,0,0,1
200600058761,6,10,16,1820,1,1,1,6,4599100,-90100,3,2,2,0,1,1,0,105,1,0,1,0,1,0,1,0,1
200600058771,6,10,22,330,3,1,1,6,4588000,-16000,3,2,2,0,1,3,0,64,1,0,4,0,0,0,2,0,1
200600058772,6,10,29,1845,2,9,1,1,4640100,-47800,4,2,2,0,3,0,0,40,1,2,1,0,1,0,2,0,1
200600058775,6,10,6,1700,1,1,8,4,4703700,-19400,3,2,2,0,0,1,0,75,2,0,1,0,4,0,1,0,1
200600058779,6,10,15,1825,1,1,1,6,4610500,-27000,3,2,2,0,1,1,0,70,1,0,3,0,0,0,1,0,1
200600058780,6,10,23,1645,1,1,2,3,4620200,-7300,3,2,2,0,0,1,0,71,2,0,1,0,1,0,1,0,1
200600058784,6,10,30,1745,2,1,1,3,4672900,-58700,3,2,2,0,1,2,29,79,1,5,1,0,1,1,0,0,1
200600058785,6,10,8,1400,1,1,1,3,4580000,113700,2,2,2,0,2,3,0,81,1,0,1,0,2,0,1,0,1
200600058786,6,10,25,1415,1,1,1,5,4577500,122100,3,2,2,0,2,1,0,61,1,0,1,0,0,0,2,2,1
200600058790,6,10,19,800,1,1,8,7,4583800,149400,4,1,1,0,2,1,0,53,2,6,3,3,0,0,1,0,1
200600058792,6,10,15,730,2,1,1,6,4586100,87500,3,2,2,0,3,1,0,60,1,0,1,0,0,0,1,0,1
200600058799,6,10,19,730,5,9,2,1,4525100,177500,3,2,3,0,0,1,0,42,2,5,1,0,1,0,1,0,1
200600058800,6,10,14,1345,1,1,1,1,4546000,155000,3,2,0,0,1,1,0,69,1,0,1,0,1,0,2,0,1
200600058801,6,10,19,845,2,1,2,6,4546900,150000,3,2,0,0,1,2,0,76,2,0,3,0,0,0,1,0,1
200600058802,6,10,21,1245,1,1,1,6,4519200,146800,3,2,2,0,1,2,0,0,1,0,3,0,0,0,1,0,1
200600058804,6,10,2,715,2,1,9,6,4565200,246100,3,2,0,0,1,1,0,90,1,0,1,0,1,0,1,0,1
200600058806,6,10,23,2230,3,1,1,7,4589600,218500,3,2,0,0,3,2,0,96,1,0,0,0,0,0,0,1,1
200600058808,6,10,17,1630,1,1,1,5,4629700,241600,2,2,2,0,0,1,0,72,1,0,1,0,2,1,0,0,1
200600058814,6,10,3,815,1,1,6,6,4363200,125200,4,2,2,0,1,1,0,30,2,0,3,0,0,0,1,0,1
200600058818,6,10,30,1830,2,1,1,3,4354700,141400,4,2,3,3,1,1,0,107,1,0,1,0,1,0,0,1,1
200600058820,6,10,12,630,3,1,3,7,4374000,144000,3,2,2,0,1,1,0,60,2,0,3,0,0,0,1,0,1
200600058821,6,10,25,1415,5,1,1,3,4369700,140100,4,2,0,0,1,1,0,58,1,0,1,0,1,0,1,0,1
200600058822,6,10,29,630,2,1,1,6,4372000,143300,3,2,2,0,1,2,0,70,1,0,1,0,0,0,1,0,1
200600058823,6,10,30,1845,3,1,1,1,4376600,136000,2,2,2,0,1,1,16,86,1,0,1,0,0,1,0,1,1
200600058824,6,10,13,1805,1,1,1,5,4335700,147000,2,2,2,0,1,1,0,70,1,0,1,0,1,0,2,0,1
200600058825,6,10,17,645,3,1,1,1,4334000,129400,3,2,2,0,2,1,0,70,1,0,1,0,1,0,1,0,1
200600058826,6,10,5,1915,1,1,1,6,4335500,123500,3,2,2,0,1,1,0,0,1,0,3,0,0,0,1,0,1
200600058827,6,10,14,1600,1,1,1,6,4322600,108500,3,2,2,0,1,1,0,65,1,0,1,0,0,1,0,0,1
200600058830,6,10,5,930,1,1,1,3,4309200,54700,3,2,2,0,1,1,0,70,1,0,1,0,1,0,2,0,1
200600058831,6,10,15,1530,1,1,1,3,4308000,63500,3,2,0,0,0,1,0,0,1,5,1,0,4,1,0,0,1
200600058834,6,10,30,1715,1,1,1,1,4292000,63000,4,2,2,0,2,3,0,34,1,0,1,0,1,0,1,0,1
200600058837,6,10,5,1715,1,1,1,1,4345100,188800,3,2,2,0,2,3,0,70,1,0,1,0,3,0,1,0,1
200600058839,6,10,1,715,2,1,8,6,4294000,185000,4,2,2,0,1,1,0,68,1,0,3,0,1,0,0,2,1
200600058844,6,10,19,1700,1,1,1,3,4321800,163300,3,2,2,0,1,1,0,0,1,5,1,0,1,1,0,1,1
200600058846,6,10,28,1945,5,1,1,6,4328100,134700,3,2,2,0,1,1,0,71,1,0,1,0,1,0,1,0,1
200600058848,6,10,27,1930,5,1,1,3,4309300,187500,3,2,0,0,1,1,0,66,1,0,1,0,1,0,0,1,1
200600058851,6,10,26,1915,3,1,1,1,4429800,243500,3,2,2,0,1,1,0,53,1,0,1,0,1,0,1,0,1
200600058853,6,10,7,1645,1,1,1,1,4439400,279400,2,2,2,0,1,4,0,80,1,4,1,0,1,0,4,0,1
200600058854,6,10,21,2145,5,7,1,6,4438600,282500,3,2,2,0,1,1,0,68,1,0,1,0,1,0,1,0,1
200600058855,6,10,26,1330,1,1,1,1,4423100,248400,3,2,2,0,1,2,0,60,1,0,1,0,0,0,1,1,1
200600058858,6,10,22,500,3,1,1,6,4445100,221300,3,2,2,0,0,1,0,77,1,0,1,0,0,2,2,0,1
200600058861,6,10,1,1400,1,1,1,6,4431300,203600,3,2,0,0,2,2,0,50,1,0,1,0,0,0,1,0,1
200600058862,6,10,20,1,3,1,2,7,4433500,192900,3,2,2,0,2,1,0,82,2,0,1,0,0,1,0,0,1
200600058864,6,10,6,1730,1,1,1,7,4448000,208500,3,2,2,0,1,2,0,65,1,0,1,0,0,1,0,0,1
200600058866,6,10,11,1030,1,1,1,6,4373000,87000,9,1,1,0,2,1,0,40,1,0,1,0,1,0,1,0,1
200600058869,6,10,8,1830,1,1,1,5,4360600,102000,2,2,2,0,1,1,0,75,1,0,1,0,2,0,1,4,1
200600058871,6,10,3,1430,1,1,2,7,4368700,49400,2,2,0,0,1,3,0,80,2,0,3,0,0,0,1,1,1
200600058872,6,10,26,345,5,1,1,6,4381000,42900,3,2,1,0,2,2,0,70,1,0,3,0,0,0,0,1,1
200600058877,6,10,17,245,3,1,1,7,4332000,52600,3,2,2,0,1,1,0,70,1,0,3,0,0,0,4,0,1
200600058879,6,10,6,1645,1,1,1,1,4352600,14800,3,2,2,0,0,1,0,56,1,0,1,0,1,0,1,0,1
200600058880,6,10,10,740,3,1,1,6,4351800,19500,3,2,0,0,0,1,0,60,1,0,1,0,1,0,1,0,1
200600058883,6,10,27,1200,1,1,1,6,4466700,214400,2,2,2,0,1,0,0,64,1,0,3,0,1,1,0,0,1
200600058885,6,10,26,1630,1,1,1,6,4478900,188400,3,2,2,0,3,2,0,59,1,0,3,0,0,1,0,0,1
200600058887,6,10,19,2100,3,1,1,6,4477200,137200,3,2,0,0,0,1,0,0,2,0,3,0,0,0,1,0,1
200600058888,6,10,14,100,5,1,5,6,4500300,164600,3,2,2,0,1,1,0,65,1,0,1,0,0,0,2,0,1
200600058889,6,10,24,1800,1,1,1,6,4328100,9000,4,2,0,0,1,1,0,38,1,0,1,0,0,0,1,0,1
200600058891,6,10,24,745,3,1,1,1,4319900,18200,3,2,3,0,2,1,10,155,1,0,1,0,0,1,1,0,1
200600058893,6,10,28,1330,1,1,1,6,4338900,5400,4,2,0,0,0,1,52,0,1,0,1,0,1,0,1,0,1
200600058894,6,10,20,2145,5,6,2,3,4301200,-9800,3,2,2,0,1,1,0,60,2,0,1,0,2,0,1,0,1
200600058895,6,10,30,1000,1,9,1,6,4297900,-7200,3,3,2,0,1,2,0,0,1,0,1,0,1,0,1,0,1
200600058896,6,10,24,2115,3,1,1,6,4307300,-4200,2,3,2,0,1,2,0,45,1,0,2,0,0,1,0,0,1
200600058898,6,10,6,1030,1,7,1,6,4307600,54300,6,0,0,0,1,0,0,0,1,0,0,0,1,0,1,0,1
200600058899,6,10,8,140,3,1,1,6,4301000,46000,3,2,2,0,1,1,45,0,1,0,3,0,0,1,1,0,1
200600058902,6,10,30,1115,1,1,7,6,4386600,256200,3,2,2,0,2,3,0,60,1,0,3,0,0,0,1,0,1
200600058903,6,10,16,1115,1,1,1,7,4411900,225700,3,2,2,0,1,1,0,56,1,0,1,0,0,0,1,0,1
200600058904,6,10,19,1245,1,1,1,7,4362900,209700,3,2,1,0,1,1,0,47,1,0,1,0,0,0,1,0,1
200600058906,6,10,27,1330,1,1,1,6,4375700,172400,3,2,2,0,1,2,0,69,1,0,1,0,0,1,0,0,1
200600058909,6,10,3,1415,1,1,1,6,4392800,164300,3,2,0,0,1,1,0,70,1,0,3,0,0,0,1,0,1
200600058910,6,10,14,200,3,1,1,7,4353500,250700,4,2,1,0,1,3,0,36,1,0,3,0,0,0,1,0,1
200600058914,6,10,10,1945,2,1,1,7,4417600,194600,3,2,0,0,0,3,0,45,1,0,3,0,0,0,1,0,1
200600058917,6,10,18,1840,2,1,1,6,4393000,92800,3,2,2,0,4,2,0,45,1,0,1,0,0,0,1,0,1
200600058920,6,10,24,1430,1,1,1,3,4401500,117300,2,2,2,0,1,1,0,60,1,0,1,0,1,0,1,0,1
200600058921,6,10,25,1930,3,1,1,5,4402000,117600,3,2,2,0,1,1,60,0,1,0,1,0,3,0,1,0,1
200600058930,6,10,19,730,2,1,3,3,4567800,477500,3,2,0,0,2,3,0,0,2,0,1,0,1,0,1,1,1
200600058932,6,10,5,700,2,6,9,1,4568700,503700,4,2,2,0,2,1,0,0,9,0,1,0,1,0,1,0,1
200600058945,6,10,20,1815,1,1,1,3,4577000,470000,3,2,0,0,1,3,63,35,1,0,1,0,0,0,1,1,1
200600058946,6,10,26,1900,3,1,1,1,4572300,460500,3,2,0,0,0,3,0,60,1,0,1,0,1,0,0,1,1
200600058954,6,10,8,1730,1,1,1,1,4616600,455600,3,2,2,0,2,3,0,0,1,0,1,0,0,0,1,1,1
200600058957,6,10,5,730,1,1,1,3,4611200,473700,3,2,2,0,1,1,0,80,1,0,1,0,1,0,0,1,1
200600058958,6,10,12,930,1,1,8,7,4614200,476400,3,2,2,0,0,3,0,50,1,0,3,0,0,0,1,0,1
200600058959,6,10,19,930,1,1,2,3,4611200,474800,9,2,2,0,1,1,50,0,2,0,1,0,1,0,0,1,1
200600058960,6,10,22,1545,1,1,1,7,4611400,472400,3,2,1,0,1,2,0,60,1,0,1,0,0,0,0,1,1
200600058961,6,10,27,400,3,1,1,6,4607500,466200,3,2,2,0,0,2,0,66,1,0,3,0,0,1,0,0,1
200600058964,6,10,1,1330,1,1,2,7,4590500,436600,2,2,0,0,0,2,0,0,2,0,3,0,1,0,1,0,1
200600058966,6,10,8,1430,1,1,1,6,4605800,449300,3,2,2,2,1,3,0,74,1,0,1,0,0,0,2,0,1
200600058967,6,10,27,1250,1,1,1,6,4602200,450000,3,2,0,0,1,1,0,73,1,0,3,0,0,2,0,0,1
200600058989,6,10,27,2145,5,3,1,1,4615400,590500,3,2,2,0,3,1,0,0,1,0,1,0,0,1,0,1,1
200600058994,6,10,27,1530,1,1,1,3,4585600,508000,3,2,2,0,1,1,0,0,1,5,1,0,1,0,1,0,1
200600058995,6,10,7,1800,1,1,1,6,4610400,485200,4,2,0,0,2,1,0,45,1,0,1,0,0,1,0,0,1
200600059004,6,10,1,1445,1,9,2,5,4468100,424300,2,2,2,0,1,2,0,78,2,0,1,0,1,0,2,0,1
200600059007,6,10,16,1400,1,1,1,1,4502400,471000,3,2,1,0,2,3,0,56,1,0,1,0,1,0,0,1,1
200600059008,6,10,17,1200,1,1,1,3,4506900,483800,9,1,1,1,1,1,0,100,1,0,1,3,1,0,0,1,1
200600059010,6,10,12,745,1,1,1,1,4488700,449200,4,2,2,0,4,3,0,40,2,0,1,0,1,0,1,0,1
200600059011,6,10,28,1515,1,1,1,7,4490300,432300,3,2,2,0,2,2,0,0,1,0,0,0,0,0,1,0,1
200600059012,6,10,29,645,2,1,1,6,4502400,435800,3,2,2,0,3,3,0,70,1,0,3,0,0,1,0,0,1
200600059015,6,10,3,2030,3,1,1,3,4486100,497800,4,2,2,0,0,1,0,30,1,0,1,0,0,1,1,0,1
200600059034,6,10,12,1245,1,1,1,2,4529400,594000,3,2,2,0,1,1,0,73,1,0,1,0,1,0,1,0,1
200600059037,6,10,27,2045,5,1,1,1,4530700,562700,2,3,4,0,0,1,0,0,1,5,1,0,1,0,2,0,1
200600059038,6,10,4,1630,1,1,1,1,4490500,578300,3,2,0,0,1,1,0,0,1,0,1,0,2,0,1,1,1
200600059041,6,10,30,1215,1,1,1,3,4479100,564600,2,2,2,0,1,2,0,70,1,0,1,0,1,0,1,1,1
200600059048,6,10,8,500,3,1,1,6,4528800,548300,2,2,2,0,1,1,0,53,1,0,3,0,0,0,1,0,1
200600059049,6,10,29,1215,1,1,1,1,4518200,541800,2,2,2,0,1,1,0,76,1,0,1,0,1,0,1,1,1
200600059051,6,10,2,1300,1,1,1,1,4559300,531100,9,2,0,0,0,1,0,50,1,0,1,0,1,0,1,0,1
200600059053,6,10,15,430,3,1,5,6,4567000,533100,3,2,2,0,1,1,0,50,1,0,3,0,1,0,2,1,1
200600059054,6,10,1,15,3,1,8,6,4569000,532000,3,2,2,0,2,3,0,40,2,0,3,0,1,0,1,1,1
200600059055,6,10,6,630,2,1,1,6,4580000,528000,3,2,2,0,2,3,0,67,8,0,0,0,0,1,0,0,1
200600059056,6,10,18,1715,1,1,1,1,4588600,534800,2,2,0,0,1,2,0,0,1,0,1,0,1,0,1,0,1
200600059057,6,10,25,1700,1,3,1,1,4579900,540300,2,2,2,0,2,2,0,0,1,0,1,0,0,0,0,2,1
200600059060,6,10,25,2200,3,1,1,6,4550100,566800,3,2,2,0,2,1,0,50,1,0,3,0,0,1,0,0,1
200600059065,6,10,13,1800,1,1,1,1,4559300,495300,4,2,2,0,1,1,0,60,1,0,1,0,1,0,0,1,1
200600059066,6,10,29,1730,1,1,1,7,4559400,490500,4,2,2,0,2,0,0,0,1,0,1,0,0,0,0,1,1
200600059067,6,10,3,2100,3,1,1,7,4545500,529000,2,0,2,0,1,1,0,72,1,0,1,0,0,1,1,0,1
200600059068,6,10,14,45,3,1,1,3,4537300,502800,3,2,2,0,1,1,0,64,1,0,1,0,0,0,3,0,1
200600059069,6,10,17,1615,1,1,1,3,4534100,495000,3,2,2,0,1,1,0,0,1,0,1,0,1,0,0,1,1
200600059070,6,10,24,1045,1,1,1,3,4536900,519900,4,2,0,0,1,1,0,0,1,0,1,0,1,0,1,0,1
200600059071,6,10,27,1630,1,2,1,3,4535600,526500,3,2,2,0,1,1,0,62,1,0,1,0,1,0,1,0,1
200600059072,6,10,8,1530,1,1,1,3,4555000,524500,3,2,2,0,1,1,0,82,1,0,1,0,0,0,1,1,1
200600059076,6,10,10,1530,1,6,1,1,4575500,516700,3,2,2,0,2,3,0,0,1,0,1,0,1,0,1,0,1
200600059085,6,10,13,1600,1,1,1,1,4557800,432000,3,2,2,0,1,3,0,58,1,0,1,0,0,0,0,1,1
200600059089,6,10,25,700,3,1,1,5,4600400,423700,3,2,2,0,1,1,0,52,2,0,1,0,2,0,1,0,1
200600059090,6,10,17,1015,1,1,1,2,4617900,414700,3,2,2,0,2,1,0,55,1,0,1,0,1,0,1,0,1
200600059093,6,10,29,1735,3,1,1,1,4577800,589800,3,0,0,0,2,4,0,0,1,0,1,0,1,0,1,0,1
200600059095,6,10,8,1715,1,1,1,1,4559900,572700,3,2,0,0,2,2,0,70,1,0,1,0,1,0,1,0,1
200600059096,6,10,22,1745,1,1,1,7,4550200,573100,2,2,2,0,2,2,0,70,1,0,1,0,0,0,1,0,1
200600059097,6,10,4,1215,1,1,1,2,4544800,607600,3,2,2,1,1,1,0,70,1,0,1,0,1,0,2,0,1
200600059098,6,10,8,1600,1,1,1,6,4565300,632000,3,2,0,0,2,1,0,55,1,0,1,0,0,1,0,0,1
200600059099,6,10,2,1015,1,1,1,1,4572000,644500,3,2,2,0,1,3,0,60,1,0,1,0,0,0,0,2,1
200600059102,6,10,15,45,5,1,1,6,4526900,638000,3,2,2,0,4,1,0,60,1,0,3,0,1,1,0,0,1
200600059105,6,10,25,1330,1,1,1,1,4592200,609200,3,4,2,2,1,1,0,113,1,5,1,0,1,0,1,0,1
200600059114,6,10,8,1645,1,9,7,3,4600700,694800,6,0,0,0,2,1,0,0,1,0,1,0,1,0,1,0,1
200600059120,6,10,8,245,3,1,1,6,4609100,610300,2,3,2,0,2,2,0,0,1,0,1,0,0,0,1,0,1
200600059121,6,10,13,745,2,1,1,1,4609200,610300,2,2,0,0,0,2,0,0,1,0,1,0,0,0,1,1,1
200600059128,6,10,7,2230,5,1,1,6,4639500,673300,3,2,2,0,1,1,0,70,1,0,1,0,0,0,0,1,1
200600059133,6,10,18,1115,1,1,1,3,4576100,256800,3,2,2,0,1,2,0,74,2,0,1,0,2,0,1,0,1
200600059138,6,10,13,1145,1,1,1,1,4562000,295000,3,2,2,0,2,2,0,54,1,0,1,0,1,0,2,0,1
200600059139,6,10,27,2315,5,1,1,3,4562800,323000,3,2,2,3,2,2,0,40,1,0,1,3,1,0,1,0,1
200600059140,6,10,5,1000,1,1,1,6,4547100,376800,3,2,2,0,4,3,0,62,1,5,3,0,0,0,1,0,1
200600059141,6,10,19,1345,1,1,1,6,4568400,363200,3,2,2,0,1,2,0,79,1,0,3,0,0,1,0,0,1
200600059143,6,10,30,1115,1,1,1,1,4539600,87200,3,2,2,0,1,1,0,0,1,0,1,0,1,0,0,1,1
200600059145,6,10,13,1900,1,3,1,3,4559300,312800,3,2,2,0,1,1,0,60,1,0,1,0,1,0,1,0,1
200600059146,6,10,12,1845,2,3,5,1,4559000,264800,3,2,2,0,2,2,0,77,2,5,1,0,1,0,1,1,1
200600059147,6,10,5,1815,1,1,1,2,4593300,302000,3,2,2,0,1,3,0,72,1,0,1,0,2,0,1,0,1
200600059155,6,10,12,1230,1,1,8,7,4602400,291000,3,2,1,0,0,2,0,70,2,0,1,0,0,0,1,0,1
200600059156,6,10,21,1215,1,1,1,7,4593300,286600,3,2,2,0,2,1,0,43,9,0,1,0,1,0,1,0,1
200600059158,6,10,26,815,1,6,1,3,4585200,353000,2,2,21,0,1,1,102,187,1,5,1,0,0,0,2,0,1
200600059162,6,10,4,1515,1,1,1,1,4593900,349500,3,2,0,0,2,2,0,70,2,0,0,0,2,0,0,2,1
200600059164,6,10,23,1445,1,1,1,1,4656000,328700,3,2,0,0,1,1,0,60,1,0,1,0,1,0,1,0,1
200600059165,6,10,27,1215,1,1,1,3,4669000,322200,2,2,1,0,1,1,0,70,1,0,1,0,1,0,1,0,1
200600059167,6,10,18,1130,5,1,1,6,4631000,329000,3,2,0,0,1,1,0,76,1,0,1,0,2,0,1,0,1
200600059168,6,10,10,100,3,1,1,6,4652600,312600,3,0,2,0,2,1,0,61,1,0,3,0,0,1,0,0,1
200600059169,6,10,6,2230,4,1,1,6,4637400,248000,3,2,2,0,1,1,0,74,1,0,4,0,0,0,1,0,1
200600059173,6,10,19,1900,3,1,1,1,4674300,270700,3,2,2,0,0,2,56,50,1,0,1,0,1,0,1,0,1
200600059174,6,10,22,1430,1,1,1,1,4633900,282300,3,2,2,0,2,1,0,43,1,0,1,0,1,0,1,0,1
200600059175,6,10,6,1215,1,1,1,7,4606400,347800,3,1,0,0,0,1,0,0,1,0,1,0,1,0,1,0,1
200600059177,6,10,8,840,3,1,1,7,4626500,302500,3,2,2,0,2,3,0,50,1,0,3,0,0,1,0,0,1
200600059178,6,10,20,900,1,1,1,5,4644300,397900,2,3,4,0,1,1,0,74,1,0,1,0,12,0,0,3,1
200600059181,6,10,31,1500,1,1,1,6,4471600,219600,2,2,2,0,1,1,0,101,1,6,1,0,1,0,1,0,1
200600059184,6,10,12,945,1,1,2,1,4530100,239000,3,2,2,0,4,2,0,80,2,0,0,0,1,0,2,0,1
200600059185,6,10,13,1400,1,1,1,1,4543900,251600,3,2,2,0,1,1,0,75,1,0,1,0,2,0,1,0,1
200600059186,6,10,21,1200,1,1,1,2,4535100,244000,3,2,2,0,0,0,0,55,1,0,1,0,1,0,1,0,1
200600059187,6,10,22,945,1,1,1,6,4504800,308400,3,2,2,0,2,1,0,78,1,0,1,0,0,0,1,0,1
200600059188,6,10,20,2015,5,9,3,6,4511400,287300,2,2,2,0,1,1,0,70,2,0,1,0,1,0,1,0,1
200600059191,6,10,26,1545,1,1,1,4,4509300,375300,3,2,2,0,2,3,0,72,1,5,1,0,6,0,0,3,1
200600059192,6,10,13,1200,1,1,8,6,4509000,390000,3,2,2,0,0,2,0,58,1,0,1,0,1,0,1,0,1
200600059193,6,10,15,230,3,1,1,7,4495800,352600,3,2,2,0,1,3,0,60,0,0,3,3,0,0,1,0,1
200600059194,6,10,16,1430,1,1,1,3,4499300,369800,3,2,2,0,0,1,0,66,1,5,1,0,1,0,1,0,1
200600059195,6,10,8,2100,3,1,1,2,4517600,412900,2,3,2,0,1,1,0,109,1,0,1,0,0,0,2,0,1
200600059197,6,10,30,1715,1,1,1,1,4521700,403000,3,2,2,0,3,2,0,68,1,0,1,0,1,0,1,0,1
200600059198,6,10,15,1345,1,1,1,7,4534800,418600,3,2,1,0,1,2,0,71,1,0,1,0,0,1,0,0,1
200600059203,6,10,14,1115,1,1,1,3,4505900,424700,3,2,2,0,1,1,0,64,1,0,1,0,1,0,1,0,1
200600059207,6,10,22,1630,1,1,2,7,4916900,609200,3,2,2,0,2,2,0,65,2,0,3,0,0,0,1,0,1