Num_Acc,an,mois,jour,hrmn,lum,int,atm,col,lat,long,catr,circ,nbv,vosp,prof,plan,lartpc,larrout,surf,infra,situ,env1,unscathed,killed,hospital,light,chance
200600059208,6,10,17,715,2,1,1,1,4904900,605600,3,2,0,0,1,1,0,69,1,0,1,0,1,0,1,0,1
200600059209,6,10,26,1500,1,1,1,1,4904800,602600,3,2,2,0,1,2,0,62,1,0,1,0,1,0,1,0,1
200600059210,6,10,4,1800,1,1,1,2,4921400,612900,2,2,2,0,1,1,75,0,1,0,1,0,2,0,1,0,1
200600059211,6,10,3,1400,1,1,1,6,4905600,632000,3,2,2,0,3,4,0,70,1,0,3,0,0,0,1,0,1
200600059215,6,10,2,1630,1,1,2,4,4912000,630300,2,2,2,0,1,1,0,0,2,0,1,0,2,0,0,4,1
200600059216,6,10,9,1400,1,1,1,2,4914200,629000,3,2,2,0,1,1,0,0,1,0,1,0,1,0,0,2,1
200600059223,6,10,30,1915,3,1,1,1,4922200,664800,3,2,0,0,3,1,0,78,1,0,3,0,2,0,0,1,1
200600059226,6,10,3,630,5,2,3,3,4911600,683600,3,2,2,0,0,1,80,0,2,0,1,0,2,0,0,1,1
200600059227,6,10,5,645,2,1,5,6,4897200,669400,2,2,0,0,0,2,0,60,0,0,1,0,0,0,0,1,1
200600059228,6,10,6,630,3,1,1,3,4890700,676500,3,2,2,0,2,4,0,68,1,0,1,0,1,0,1,0,1
200600059229,6,10,9,1100,1,1,1,3,4880900,671400,3,0,2,0,1,1,0,0,1,0,1,0,1,1,0,0,1
200600059232,6,10,30,2030,5,1,1,2,4909700,671100,3,2,2,0,1,1,0,72,1,0,1,0,0,0,1,1,1
200600059233,6,10,3,745,1,1,3,5,4870000,697000,2,3,4,0,2,1,40,500,2,0,1,0,2,0,1,2,1
200600059237,6,10,28,1500,1,1,1,6,4930400,620500,4,2,2,0,1,1,60,0,1,0,1,0,1,0,1,0,1
200600059243,6,10,27,1745,1,1,1,2,4889200,612300,3,2,2,0,1,1,0,72,1,0,1,0,1,1,0,0,1
200600059245,6,10,27,2015,2,1,1,6,4884600,606900,2,2,2,0,2,1,0,88,1,0,1,0,1,0,1,0,1
200600059247,6,10,20,1600,1,1,2,1,4876300,613400,3,2,0,0,0,1,0,0,2,0,1,0,1,0,2,0,1
200600059248,6,10,14,100,5,1,1,6,4861100,610000,4,2,2,0,1,1,0,65,1,0,0,0,0,0,1,0,1
200600059253,6,10,16,1730,1,1,7,2,4855100,618700,3,2,2,0,2,1,0,70,1,0,1,0,2,0,0,3,1
200600059266,6,10,19,1745,1,1,1,6,4917100,570800,3,2,0,0,2,2,0,54,1,0,3,0,0,0,1,0,1
200600059267,6,10,27,1730,1,1,1,3,4925800,566700,2,2,2,0,1,1,0,70,1,0,3,0,1,0,1,0,1
200600059268,6,10,1,100,5,1,1,6,4819100,615100,3,2,2,0,2,1,0,40,1,0,3,0,0,0,1,0,1
200600059275,6,10,25,2015,3,1,1,3,4825500,653200,3,2,2,0,1,1,0,80,1,0,1,0,4,0,1,0,1
200600059280,6,10,31,2245,5,1,2,7,4798400,663800,4,2,2,0,1,1,0,50,2,0,4,0,1,0,1,0,1
200600059281,6,10,1,1115,1,1,2,6,4790600,678000,3,2,2,0,2,3,0,69,2,0,3,0,0,0,1,0,1
200600059282,6,10,9,1730,1,1,1,1,4787600,679000,4,2,2,0,1,1,0,86,1,5,1,0,1,0,1,0,1
200600059286,6,10,24,1500,1,1,6,7,4824800,693500,3,2,2,0,2,1,0,50,1,0,1,0,0,0,1,0,1
200600059287,6,10,6,2115,3,1,8,6,4805900,687800,4,2,0,0,1,3,0,0,1,0,3,0,1,0,1,0,1
200600059291,6,10,1,2230,3,1,2,7,4836600,761100,3,2,2,0,1,2,0,49,2,5,3,0,0,0,3,0,1
200600059293,6,10,17,1830,2,1,1,1,4830100,765700,3,2,0,0,1,2,0,44,1,0,1,0,1,0,1,0,1
200600059294,6,10,18,1400,1,1,1,6,4833000,761500,3,2,2,0,1,1,0,48,1,0,3,0,0,0,1,0,1
200600059295,6,10,21,1840,2,1,1,6,4837600,759900,4,2,2,0,1,1,0,62,1,0,1,0,1,0,0,1,1
200600059296,6,10,22,1545,1,1,1,7,4833500,770900,4,2,2,0,1,2,0,40,1,2,1,0,0,1,0,0,1
200600059297,6,10,23,800,2,1,8,6,4847200,772300,3,2,2,0,1,1,75,0,2,0,1,0,1,0,1,0,1
200600059301,6,10,10,1230,1,1,1,3,4850100,747400,3,2,2,0,1,1,0,71,1,0,1,0,2,0,1,0,1
200600059303,6,10,27,1745,2,1,7,1,4854800,742500,3,2,2,0,1,1,0,0,1,0,1,0,1,0,1,0,1
200600059304,6,10,2,1845,2,3,5,3,4862400,750100,2,2,2,0,1,1,0,0,2,5,1,0,1,0,1,0,1
200600059306,6,10,17,1500,1,1,1,1,4887800,748700,3,2,0,0,2,2,0,63,1,0,1,0,2,0,2,0,1
200600059307,6,10,18,1700,1,1,1,7,4887600,747400,9,2,2,0,2,3,0,0,1,0,1,0,0,0,0,2,1
200600059310,6,10,1,2215,3,1,3,6,4887000,725900,3,2,2,0,1,3,0,60,2,0,1,0,0,0,1,0,1
200600059316,6,10,19,2215,3,1,2,2,4876000,756700,3,2,0,0,4,1,0,0,2,0,1,0,1,0,1,0,1
200600059320,6,10,28,200,5,1,1,6,4876200,757500,3,2,0,0,0,1,0,0,1,0,1,0,0,0,1,0,1
200600059323,6,10,20,1245,1,1,1,7,4866700,751500,3,2,0,0,3,4,0,55,1,0,1,0,0,0,0,1,1
200600059325,6,10,13,1630,1,1,1,6,4816200,757500,3,2,2,1,0,1,0,66,1,0,3,0,0,1,0,0,1
200600059326,6,10,18,1645,1,1,1,1,4816600,752400,3,2,2,0,1,1,0,64,1,0,1,0,1,0,0,1,1
200600059327,6,10,27,700,3,2,1,3,4821400,752800,3,2,2,0,1,1,0,63,1,5,1,0,1,0,1,0,1
200600059329,6,10,31,1900,2,1,1,3,4816800,754400,3,2,2,0,1,1,0,80,1,5,1,0,1,0,1,0,1
200600059330,6,10,5,1745,1,1,1,6,4898700,794300,3,2,0,0,3,4,0,68,0,0,0,0,0,1,3,0,1
200600059331,6,10,5,2100,3,1,1,1,4891900,805200,3,0,2,0,0,1,0,0,1,0,1,0,1,0,1,0,1
200600059332,6,10,28,1500,1,1,1,2,4889900,810700,3,0,0,0,1,1,0,0,1,0,1,0,1,0,1,0,1
200600059333,6,10,4,800,1,1,1,1,4891500,784300,4,2,2,0,1,2,0,44,1,0,1,0,1,0,1,0,1
200600059334,6,10,9,1145,1,1,1,7,4890300,795000,3,2,1,0,1,2,0,66,1,0,1,0,0,0,1,0,1
200600059335,6,10,16,130,1,1,1,6,4890600,796000,3,2,0,0,1,1,0,58,1,0,4,0,0,0,1,0,1
200600059338,6,10,2,1615,1,1,1,2,4815500,732100,3,2,2,0,1,1,0,0,1,0,1,0,2,0,0,3,1
200600059339,6,10,8,945,1,1,1,3,4813700,730100,3,2,0,0,1,1,0,70,1,0,1,0,0,0,1,1,1
200600059340,6,10,25,730,2,1,1,1,4818700,732400,3,2,2,0,1,2,30,34,1,5,1,0,1,0,1,0,1
200600059341,6,10,30,2145,3,1,1,3,4806700,731200,2,2,0,0,0,1,0,0,1,5,1,0,1,0,0,1,1
200600059342,6,10,6,1315,1,1,1,6,4756800,730000,4,2,2,0,0,1,0,0,1,0,1,3,1,0,1,0,1
200600059343,6,10,2,1730,1,1,1,6,4768000,726700,4,2,0,0,1,1,0,70,1,0,4,0,0,0,2,0,1
200600059345,6,10,15,215,3,1,1,6,4765700,722200,3,2,2,0,2,4,0,80,1,0,3,0,0,0,3,0,1
200600059346,6,10,19,1430,1,1,2,1,4756400,724500,3,2,2,0,0,2,0,64,2,0,3,0,1,1,0,0,1
200600059347,6,10,13,115,4,6,1,6,4787700,724800,3,3,0,0,1,3,0,0,1,5,0,0,1,0,2,0,1
200600059348,6,10,3,2115,5,3,1,3,4791700,744500,3,3,0,0,0,2,0,80,1,0,1,0,2,0,1,0,1
200600059349,6,10,13,1415,1,1,1,6,4788200,745100,3,2,0,0,1,3,0,0,8,0,1,0,0,0,1,0,1
200600059351,6,10,29,1645,1,1,1,1,4788900,754100,4,2,2,0,1,4,0,64,1,0,1,0,2,0,1,1,1
200600059352,6,10,5,1645,1,1,7,2,4795100,729200,3,1,2,0,1,1,0,70,1,3,1,0,1,1,0,0,1
200600059354,6,10,24,815,1,1,8,3,4788900,728700,4,2,2,0,2,3,0,76,2,0,1,0,1,0,1,0,1
200600059356,6,10,15,730,2,1,5,6,4782700,751100,3,2,2,0,1,2,0,50,1,0,3,0,0,0,1,0,1
200600059357,6,10,9,1945,5,1,1,3,4759500,755100,3,2,0,0,1,1,0,118,1,3,1,0,0,0,1,1,1
200600059358,6,10,20,1330,1,1,1,6,4756800,752700,3,2,0,0,1,1,0,71,1,6,1,3,1,0,1,0,1
200600059359,6,10,22,1500,1,1,1,2,4753100,747600,3,2,2,0,2,1,0,74,1,0,1,0,1,0,1,0,1
200600059362,6,10,19,2345,5,1,8,3,4904200,432300,2,2,3,0,0,1,0,121,2,3,1,0,0,0,2,1,1
200600059366,6,10,12,1745,1,1,1,6,4871700,428200,3,3,2,0,0,0,0,0,9,0,3,0,0,0,1,0,1
200600059367,6,10,30,1715,2,1,1,5,4874600,441000,2,2,2,0,1,1,0,72,1,0,1,0,2,0,1,1,1
200600059368,6,10,14,1700,1,1,1,7,4891900,379000,3,2,2,0,1,1,0,70,1,0,1,0,0,1,0,0,1
200600059369,6,10,9,1815,1,1,2,6,4880700,340500,3,2,2,0,0,1,0,70,2,0,1,0,0,0,1,0,1
200600059370,6,10,15,1415,1,1,1,7,4873000,373000,3,2,2,0,1,2,0,61,1,0,1,0,1,0,0,1,1
200600059372,6,10,5,1115,2,1,8,7,4904800,404700,3,0,2,0,1,3,0,0,1,0,1,0,0,0,1,0,1
200600059377,6,10,11,1815,1,1,1,1,4872600,463000,2,2,2,0,1,1,0,75,1,0,1,0,2,0,2,0,1
200600059378,6,10,9,2030,3,1,1,6,4867400,478000,2,3,4,0,1,1,30,70,1,0,1,0,0,0,1,0,1
200600059379,6,10,14,1215,1,1,7,3,4876200,475200,3,2,2,0,1,1,0,160,1,5,1,0,1,1,0,0,1
200600059381,6,10,3,1030,1,1,3,6,4902200,488300,3,2,2,0,2,3,0,68,8,0,3,0,0,0,1,0,1
200600059382,6,10,15,1645,1,1,1,3,4911200,491900,3,2,1,0,1,1,0,50,1,0,1,0,1,0,1,1,1
200600059385,6,10,6,1330,1,1,2,3,4985700,483300,3,2,2,0,2,1,0,0,2,0,1,0,0,0,1,1,1
200600059386,6,10,21,1500,1,9,1,7,4959200,459300,3,2,2,0,1,2,0,60,1,0,3,0,0,0,1,0,1
200600059387,6,10,15,1015,1,1,7,6,4993500,423100,3,2,2,0,1,4,0,52,0,0,3,0,0,0,1,0,1
200600059388,6,10,1,1345,1,1,1,7,4963500,502900,3,2,2,0,1,4,0,62,1,0,0,0,0,0,1,0,1
200600059389,6,10,18,1730,1,1,1,6,4970400,505200,9,2,2,0,1,1,0,50,1,0,1,0,1,0,1,0,1
200600059390,6,10,4,1630,1,1,3,1,4974000,500900,3,2,0,0,2,3,0,80,2,0,1,0,0,1,2,0,1
200600059391,6,10,6,2030,3,1,1,6,4930300,485100,3,0,2,0,1,2,0,0,1,0,1,0,1,0,1,0,1
200600059396,6,10,3,1815,1,1,3,1,4825600,402800,2,2,2,0,1,1,0,78,2,0,1,0,1,0,1,0,1
200600059398,6,10,14,1500,1,1,1,3,4837400,434400,3,3,0,0,1,1,0,80,1,0,1,0,2,0,0,1,1
200600059399,6,10,31,2145,3,1,1,7,4824600,437100,3,2,2,0,2,2,0,76,1,0,1,0,0,0,2,0,1
200600059405,6,10,15,2215,3,1,1,6,4816700,486300,3,2,1,0,1,1,0,56,1,0,1,0,0,0,2,0,1
200600059406,6,10,29,1700,1,1,2,6,4790300,539100,3,2,0,0,1,1,0,70,2,0,1,0,3,0,2,0,1
200600059409,6,10,22,430,3,1,1,7,4768900,541400,3,2,2,0,1,1,0,40,1,0,1,0,1,0,1,0,1
200600059412,6,10,5,1730,1,1,1,1,4719800,539100,4,2,0,0,1,1,0,70,1,0,1,3,1,0,1,0,1
200600059414,6,10,26,1750,1,1,1,3,4718900,530300,4,2,0,0,0,2,0,0,9,0,3,0,1,0,1,0,1
200600059415,6,10,5,830,2,1,5,1,4716700,517300,3,2,2,0,1,1,0,0,2,0,1,0,1,0,1,0,1
200600059416,6,10,19,800,2,3,2,1,4726200,514800,3,2,2,0,0,1,0,80,2,0,1,0,1,0,1,0,1
200600059418,6,10,26,1200,1,9,1,3,4731400,541000,3,2,0,0,1,1,0,0,1,5,1,0,1,0,1,0,1
200600059419,6,10,5,830,2,1,5,1,4754700,492900,3,2,2,0,1,4,0,41,9,0,1,0,0,0,1,1,1
200600059423,6,10,6,2045,3,1,1,2,4698400,488500,3,2,0,0,1,1,0,66,1,0,1,0,0,0,2,0,1
200600059424,6,10,10,1900,2,1,1,3,4699400,487300,3,2,2,0,3,1,0,72,1,0,1,0,1,0,1,0,1
200600059425,6,10,20,1200,1,1,2,3,4699000,474400,3,2,0,0,1,1,76,0,2,0,1,0,1,1,0,0,1
200600059426,6,10,22,1430,1,1,1,1,4700800,494900,3,2,2,0,1,1,0,55,1,0,1,0,1,0,1,0,1
200600059427,6,10,1,1530,1,1,1,6,4707700,436400,4,2,1,0,0,2,0,36,1,2,3,0,0,1,0,0,1
200600059437,6,10,30,1730,2,1,1,1,4706800,392900,3,2,3,0,2,1,0,116,1,0,1,0,0,0,1,1,1
200600059441,6,10,22,400,3,1,2,7,4635800,470400,3,2,2,0,1,1,0,0,2,0,1,0,1,0,0,2,1
200600059445,6,10,31,1845,3,1,1,6,4683600,411000,3,2,2,0,2,1,0,68,1,0,1,0,0,0,1,1,1
200600059448,6,10,27,1845,2,9,1,1,4667200,460300,3,2,2,0,2,1,0,55,1,0,1,0,1,2,0,0,1
200600059449,6,10,20,1630,1,1,1,5,4667700,487300,2,2,3,0,0,1,0,200,1,0,1,0,1,0,3,0,1
200600059450,6,10,20,700,3,1,1,3,4692800,494600,3,2,2,0,1,1,0,74,1,0,1,0,0,0,2,0,1
200600059452,6,10,12,1300,1,3,1,5,4650400,401400,3,2,3,0,1,1,0,0,1,0,1,0,3,0,1,0,1
200600059453,6,10,18,1115,1,6,1,6,4649200,399400,4,0,2,1,1,1,20,90,1,0,5,0,1,0,1,0,1
200600059461,6,10,27,1430,1,1,1,6,4652900,404200,3,2,0,0,1,1,0,0,1,5,1,0,1,0,1,0,1
200600059464,6,10,19,800,1,1,2,6,4681200,518200,3,2,2,0,1,2,0,68,2,0,3,0,0,0,1,0,1
200600059468,6,10,15,600,3,1,5,7,4763100,349400,2,2,2,0,1,3,0,73,1,0,0,0,0,2,3,0,1
200600059471,6,10,15,815,1,1,1,6,4795200,388700,3,2,2,0,1,1,0,76,1,0,3,0,0,0,1,0,1
200600059474,6,10,3,1230,1,1,3,1,4788600,359800,3,2,2,0,2,2,73,0,2,0,1,0,0,1,2,0,1
200600059475,6,10,5,1545,1,1,1,1,4795900,361300,3,2,2,0,3,1,0,0,1,5,1,0,1,0,0,1,1
200600059476,6,10,22,530,3,1,1,6,4788500,359800,3,2,2,0,2,1,0,73,1,0,1,0,0,0,2,3,1
200600059481,6,10,16,1615,1,1,1,6,4798400,339600,2,2,2,0,1,1,0,180,0,0,4,0,1,0,1,0,1
200600059484,6,10,17,1530,1,1,1,1,4794100,350200,2,2,2,0,1,1,90,84,1,5,1,0,0,2,1,1,1
200600059486,6,10,8,1430,1,1,1,3,4819400,344600,2,2,2,0,1,1,0,71,1,0,1,0,1,0,1,0,1
200600059491,6,10,26,715,2,1,1,3,4818200,319100,3,2,2,0,1,1,0,0,1,0,1,0,1,0,1,0,1
200600059499,6,10,20,2300,3,1,1,2,4739400,673000,3,2,0,0,1,1,0,65,1,0,1,0,1,0,1,0,1
200600059500,6,10,8,1200,1,1,1,6,4722300,655100,3,2,0,0,1,1,0,70,1,0,1,0,0,0,1,0,1
200600059501,6,10,24,530,5,1,1,6,4715600,649400,3,2,2,0,2,2,0,71,1,0,4,0,0,0,1,0,1
200600059507,6,10,28,815,1,1,1,3,4684200,568300,2,2,0,0,0,1,0,120,1,0,1,0,1,0,1,0,1
200600059513,6,10,16,445,3,1,1,6,4748500,610300,2,2,2,0,1,1,0,107,1,0,1,0,0,0,2,0,1
200600059514,6,10,7,1345,1,9,1,6,4772500,655400,3,2,2,0,1,1,0,40,1,0,1,0,1,0,1,0,1
200600059519,6,10,3,1700,1,1,1,6,4775300,649400,3,2,2,0,1,1,0,53,2,0,1,0,1,0,1,0,1
200600059525,6,10,31,1515,1,1,1,6,4771600,681900,3,2,2,0,1,1,0,64,1,0,3,0,0,1,0,0,1
200600059529,6,10,21,1400,1,1,1,6,4448400,476700,1,1,3,0,1,1,0,0,1,0,1,0,1,0,0,1,1
200600059532,6,10,23,2045,5,1,2,2,4344300,546600,3,2,2,0,1,2,69,0,2,0,1,0,1,0,0,1,1
200600059533,6,10,5,1730,1,1,1,1,4362200,568300,3,2,0,0,0,1,0,53,1,0,1,0,2,0,1,0,1
200600059534,6,10,15,45,3,6,1,6,4365000,549300,3,2,0,2,0,1,0,100,1,5,1,0,0,1,0,0,1
200600059535,6,10,6,1615,1,1,1,6,4346100,540900,4,2,2,0,1,1,45,0,1,0,1,0,1,0,1,0,1
200600059536,6,10,4,1800,1,6,1,3,4342700,536800,3,1,2,0,1,2,0,0,1,5,1,0,0,0,1,1,1
200600059540,6,10,15,1500,1,1,1,6,4365100,466300,9,2,1,0,1,1,0,31,1,0,3,0,0,0,2,1,1
200600059541,6,10,15,1745,1,6,1,3,4388200,483500,3,4,0,0,1,1,300,50,1,5,1,0,2,0,1,0,1
200600059547,6,10,4,2100,5,1,1,3,4364300,482000,2,2,2,0,1,1,0,70,1,5,1,0,1,0,1,0,1
200600059550,6,10,27,1900,2,1,1,3,4367200,477300,3,2,2,0,1,1,0,62,1,0,1,0,1,0,0,1,1
200600059558,6,10,5,1900,3,1,1,6,4353200,509100,3,2,2,0,1,4,0,70,1,0,3,0,1,0,1,0,1
200600059561,6,10,4,1240,1,1,1,6,4374500,510600,2,2,3,0,0,1,30,95,1,0,3,0,0,1,0,0,1
200600059566,6,10,17,1,1,1,1,4,4404200,611800,2,2,2,0,1,1,68,0,1,0,1,0,2,2,0,0,1
200600059573,6,10,29,945,3,1,1,6,4451800,636700,3,2,2,0,2,2,0,0,1,0,3,0,0,0,1,0,1
200600059574,6,10,8,1200,1,1,1,3,4374000,639000,3,2,2,0,2,3,0,65,1,0,1,0,0,0,0,3,1
200600059575,6,10,29,1030,1,1,1,7,4381900,659800,2,2,2,0,2,2,0,72,1,0,3,0,0,0,1,0,1
200600059579,6,10,7,945,1,8,1,1,4428900,584600,2,2,2,0,2,1,0,67,2,4,1,0,1,1,0,0,1
200600059581,6,10,22,2345,5,1,1,7,4429600,589800,3,2,2,0,2,3,0,70,1,0,4,0,0,0,1,0,1
200600059582,6,10,13,1930,3,1,1,1,4445400,603500,3,2,0,1,1,1,0,104,1,0,1,0,0,0,2,1,1
200600059584,6,10,9,2000,3,1,1,1,4456600,619900,2,2,2,0,1,2,0,75,1,5,1,0,0,0,1,1,1
200600059586,6,10,29,1515,1,1,1,1,4455000,625000,2,2,2,0,0,1,0,0,1,0,1,0,2,1,1,0,1
200600059591,6,10,23,15,5,1,1,3,4370600,732800,3,2,2,0,1,0,0,0,1,5,1,0,1,0,1,0,1
200600059593,6,10,4,930,1,1,1,1,4364000,711300,3,2,3,0,3,3,0,0,1,0,1,0,0,0,1,2,1
200600059602,6,10,10,800,1,1,1,5,4368500,713000,3,2,3,0,0,1,0,106,1,0,1,0,0,0,3,1,1
200600059603,6,10,26,1130,5,7,1,3,4372600,711200,4,2,0,0,1,1,0,86,1,0,1,0,1,0,1,0,1
200600059607,6,10,13,1115,1,1,1,2,4380200,719900,3,2,4,0,1,1,0,138,1,0,1,0,1,0,1,0,1
200600059612,6,10,3,1815,1,1,1,6,4392000,717200,3,2,0,0,1,1,0,71,2,0,0,0,0,0,1,0,1
200600059613,6,10,8,1215,1,1,1,1,4382100,713000,3,2,2,0,2,3,0,58,1,0,1,0,2,0,0,3,1
200600059614,6,10,1,900,1,1,1,6,4412700,709100,3,2,2,0,1,3,0,70,1,0,3,0,0,0,1,1,1
200600059618,6,10,27,1900,3,1,1,2,4364700,618900,3,2,0,0,2,1,0,60,1,0,1,0,2,0,1,1,1
200600059626,6,10,16,930,1,3,1,3,4340100,591800,4,2,1,0,1,1,0,50,1,0,1,0,1,0,1,0,1
200600059627,6,10,28,1345,1,1,1,6,4346900,585800,4,2,0,0,1,2,0,80,1,0,1,0,0,0,1,0,1
200600059630,6,10,17,1715,1,1,1,6,4334700,668700,3,2,2,0,1,1,10,120,1,0,1,0,1,1,0,0,1
200600059639,6,10,8,1700,1,1,1,1,4326600,660300,3,2,0,0,1,3,0,62,1,0,1,0,2,0,1,0,1
200600059640,6,10,17,700,2,1,1,1,4324000,661100,3,2,0,0,1,1,0,0,1,5,1,3,1,0,1,0,1
200600059645,6,10,20,1300,1,1,1,3,4314900,606700,3,2,2,0,1,3,0,58,1,0,1,0,1,0,1,0,1
200600059648,6,10,14,315,5,1,1,6,4315000,639500,3,2,2,0,0,3,0,67,1,0,4,0,0,1,0,0,1
200600059657,6,10,7,2045,5,1,1,3,4398800,488000,5,1,0,0,1,1,70,0,1,0,1,0,4,0,1,0,1
200600059659,6,10,30,1245,1,1,1,5,4399400,489400,3,3,2,0,2,1,0,60,1,0,0,0,1,0,2,0,1
200600059664,6,10,1,600,3,1,1,6,4426800,467800,3,2,2,0,1,1,0,0,1,0,3,3,0,1,0,0,1
200600059665,6,10,4,1345,1,1,1,1,4429600,476300,3,2,1,0,1,4,0,45,1,0,1,0,0,0,0,2,1
200600059667,6,10,9,1600,1,1,1,3,4430500,475000,3,3,0,0,1,1,0,0,1,0,1,0,1,0,1,0,1
200600059668,6,10,16,1815,1,1,1,6,4437400,495300,3,2,2,0,1,1,0,50,1,0,1,0,0,0,1,1,1
200600059670,6,10,5,645,2,1,1,1,4366700,403100,2,2,2,3,1,3,0,80,1,0,1,0,1,0,0,1,1
200600059671,6,10,1,1200,1,1,1,3,4394900,371400,3,2,2,0,2,2,0,68,2,0,1,0,8,1,0,0,1
200600059672,6,10,3,1700,1,1,7,3,4356700,408400,4,2,3,0,1,1,0,105,1,0,1,0,1,0,1,0,1
200600059676,6,10,15,1715,5,1,1,3,4375900,407300,2,2,2,0,1,1,0,0,1,0,1,0,1,0,1,0,1
200600059680,6,10,10,1600,1,1,1,7,4375700,375700,3,2,1,0,1,1,0,75,1,0,3,0,0,0,1,0,1
200600059685,6,10,7,1700,1,1,1,3,4335900,294200,3,2,2,0,2,1,0,80,1,0,1,0,1,0,1,0,1
200600059687,6,10,14,1845,1,3,1,3,4342600,294900,4,1,1,0,1,1,0,43,1,0,1,0,1,0,1,0,1
200600059689,6,10,20,1930,2,1,1,1,4347400,343200,2,2,2,0,1,2,0,0,1,0,1,0,1,0,0,3,1
200600059690,6,10,31,1345,1,1,1,1,4343900,341600,3,2,0,0,0,1,0,0,1,3,1,0,0,0,1,1,1
200600059691,6,10,31,1115,1,1,1,7,4339200,276100,3,2,2,0,1,2,0,75,1,0,1,0,0,0,0,1,1
200600059693,6,10,16,1130,1,1,1,1,4339300,331600,2,2,3,3,1,1,0,95,1,0,1,0,2,0,2,0,1
200600059694,6,10,18,1600,1,3,3,3,4347000,322900,4,2,0,0,1,1,0,60,2,0,0,0,1,0,0,2,1
200600059695,6,10,29,930,1,1,1,7,4355200,328700,3,2,2,0,2,4,0,40,1,0,1,0,0,0,1,0,1
200600059697,6,10,23,830,1,1,1,7,4329700,329200,3,2,0,0,0,1,0,80,1,0,1,0,0,0,1,0,1
200600059698,6,10,28,1645,1,3,1,3,4328900,328400,3,2,3,0,1,1,0,98,1,0,1,0,1,0,1,0,1
200600059700,6,10,14,1100,1,1,1,6,4354500,346400,9,1,1,0,1,1,0,45,1,0,1,0,0,0,0,1,1
200600059706,6,10,1,1115,1,1,1,6,4343000,360900,4,1,0,0,1,1,0,0,1,0,1,0,0,0,2,1,1
200600059707,6,10,13,900,1,1,7,6,4346000,354500,3,2,2,0,2,3,0,0,2,0,3,0,1,0,1,0,1
200600059708,6,10,5,2245,3,1,1,6,4329400,235700,3,2,2,0,2,1,0,65,1,0,3,0,0,0,2,0,1
200600059718,6,10,25,1445,1,1,1,1,4283300,221800,3,2,2,0,1,1,0,76,1,0,1,0,2,1,1,0,1
200600059731,6,10,21,1045,1,1,1,6,4388600,450100,2,2,2,0,1,1,0,0,1,0,1,0,1,0,1,0,1
200600059734,6,10,28,1145,1,1,8,1,4376500,431100,3,2,2,0,1,3,0,55,2,0,1,0,1,0,1,0,1
200600059735,6,10,29,1645,1,1,1,6,4375100,430200,3,2,2,0,1,1,0,102,1,0,1,0,0,1,0,0,1
200600059736,6,10,7,1400,1,1,1,2,4404300,398800,3,2,2,0,3,2,0,60,1,0,1,0,1,0,1,0,1
200600059737,6,10,21,1645,1,1,1,1,4411300,388200,3,2,2,0,2,2,0,82,1,0,1,0,2,0,1,1,1
200600059739,6,10,15,1815,1,1,1,6,4421100,414300,3,2,3,0,1,1,0,100,1,0,3,0,0,1,0,0,1
200600059741,6,10,30,745,1,1,1,1,4417000,408500,3,2,2,0,1,1,0,70,1,0,1,0,0,0,4,1,1
200600059742,6,10,1,1330,1,1,1,1,4399600,419100,2,2,2,0,1,1,0,70,0,0,1,0,0,1,1,0,1
200600059743,6,10,7,145,3,1,1,6,4402500,405700,3,2,0,0,1,2,0,92,1,0,1,0,0,0,1,0,1
200600059744,6,10,7,45,3,1,1,6,4405600,414100,9,0,2,0,3,3,0,0,1,0,1,0,0,0,0,1,1
200600059749,6,10,4,1315,1,1,1,3,4395300,456000,3,2,2,0,1,2,0,61,1,0,1,0,2,0,1,0,1
200600059750,6,10,12,1845,1,1,1,3,4395900,455400,3,2,0,0,0,1,0,70,1,0,1,0,1,0,0,1,1
200600059751,6,10,13,1530,1,1,1,6,4397200,450900,3,2,0,0,1,1,0,114,1,0,1,0,0,1,0,0,1
200600059756,6,10,3,915,1,1,1,6,4389000,468000,4,2,2,0,1,1,0,63,1,0,1,0,1,1,0,0,1
200600059761,6,10,27,1930,3,1,1,1,4411900,377300,3,2,2,0,1,1,0,0,1,0,1,0,1,0,2,0,1
200600059762,6,10,1,1130,1,1,2,1,4389100,402000,3,2,1,0,0,3,0,65,2,0,1,0,1,1,2,0,1
200600059770,6,10,27,745,2,1,1,1,4260600,296200,3,2,2,0,1,1,0,69,1,5,1,0,1,1,0,0,1
200600059776,6,10,14,345,3,1,1,6,4261600,281900,3,2,2,0,0,1,0,64,1,0,1,0,1,0,0,1,1
200600059779,6,10,16,1015,1,1,1,3,4252200,284100,3,2,0,0,1,1,0,44,1,0,1,0,2,0,1,0,1
200600059782,6,10,27,1415,1,1,1,2,4265300,252900,2,2,3,0,1,1,0,70,1,0,1,0,1,0,1,0,1
200600059790,6,10,16,830,1,6,1,1,4265100,909900,2,2,2,0,1,1,35,70,1,5,1,0,0,0,4,0,1
200600059795,6,10,21,1000,1,1,1,7,4222400,953800,2,2,2,0,2,1,0,73,1,0,1,0,2,0,0,1,1
200600059796,6,10,2,15,1,3,1,3,4250500,946600,2,2,2,0,1,1,0,58,1,0,1,0,1,0,1,0,1
200600059797,6,10,3,1830,2,1,1,6,4903300,155300,2,2,0,0,2,3,0,0,1,0,3,0,0,0,1,0,1
200600059801,6,10,26,2230,3,1,1,6,4866200,190500,3,2,2,0,1,3,0,0,1,0,1,0,0,0,0,1,1
200600059802,6,10,28,1715,1,1,7,3,4865800,188500,3,2,0,0,1,1,0,0,1,0,1,0,1,1,1,0,1
200600059808,6,10,4,1315,1,1,1,7,4853700,201100,9,2,2,0,1,2,0,48,1,2,1,0,0,0,0,1,1
200600059809,6,10,8,1800,1,1,1,6,4848900,198500,3,2,0,0,0,1,0,60,1,0,1,0,0,0,1,1,1
200600059810,6,10,25,800,3,1,2,3,4848700,235200,3,3,1,0,1,2,0,0,2,5,1,0,1,0,1,0,1