Num_Acc,an,mois,jour,hrmn,lum,int,atm,col,lat,long,catr,circ,nbv,vosp,prof,plan,lartpc,larrout,surf,infra,situ,env1,unscathed,killed,hospital,light,chance
200600074697,6,12,7,730,2,1,2,3,4912300,212100,3,2,2,0,1,1,0,70,2,0,1,0,1,0,0,1,1
200600074698,6,12,12,2230,5,1,1,6,4852000,235900,3,2,2,0,1,1,0,65,1,0,3,0,1,0,1,0,1
200600074699,6,12,12,830,1,1,5,1,4907800,231900,2,2,2,0,1,1,0,72,1,0,1,0,1,0,1,0,1
200600074701,6,12,14,900,1,1,1,6,4805300,169800,4,2,2,0,1,1,0,102,1,0,1,0,3,0,1,0,1
200600074704,6,12,20,900,1,1,1,1,4789200,203200,4,2,0,0,1,3,0,0,2,0,1,0,0,0,1,1,1
200600074706,6,12,14,1715,5,1,1,1,4772000,194800,4,2,2,0,1,1,0,60,2,0,1,3,1,1,0,0,1
200600074707,6,12,22,2115,3,1,1,1,4770700,194700,2,2,0,0,1,1,0,70,2,0,1,0,1,1,0,0,1
200600074708,6,12,5,1345,1,1,9,6,4782800,215500,3,2,2,0,1,2,0,60,2,0,3,0,0,0,1,0,1
200600074716,6,12,3,1215,1,1,2,1,4828000,210000,9,2,0,0,1,1,0,58,2,0,1,0,1,0,1,0,1
200600074717,6,12,6,1930,3,1,1,4,4817400,191900,2,3,0,0,1,1,35,78,2,0,1,0,1,0,3,2,1
200600074718,6,12,9,700,3,1,1,6,4795900,205100,4,2,2,0,1,0,0,0,1,0,1,0,2,0,1,0,1
200600074719,6,12,21,2345,3,1,5,2,4810500,213400,3,2,2,0,1,0,0,0,7,0,3,0,1,0,1,1,1
200600074721,6,12,3,2130,3,1,2,6,4763900,259200,3,2,2,0,1,1,0,56,2,0,1,0,0,0,1,0,1
200600074722,6,12,21,800,2,1,1,6,4752000,279100,3,2,2,0,1,2,0,65,7,0,1,0,0,0,1,1,1
200600074725,6,12,21,1815,3,1,1,5,4794100,295300,3,2,2,0,2,1,0,0,1,0,1,0,2,0,1,0,1
200600074732,6,12,25,1115,1,1,2,1,4808800,242200,3,2,2,0,1,1,0,65,2,0,1,0,0,1,2,0,1
200600074733,6,12,21,1215,1,1,7,1,4707800,272600,3,2,2,0,1,1,0,80,1,0,1,0,1,0,1,0,1
200600074734,6,12,22,900,1,1,9,3,4673300,249800,3,2,2,0,1,2,0,100,7,0,1,0,1,1,1,0,1
200600074742,6,12,26,1830,3,2,2,3,4850600,150500,3,2,2,0,1,1,0,65,2,5,1,0,1,0,1,0,1
200600074744,6,12,15,2245,3,1,1,6,4840200,135000,3,2,2,0,1,1,0,0,1,0,3,0,0,1,0,0,1
200600074745,6,12,21,1830,3,1,8,7,4848500,110400,3,0,2,0,1,2,0,45,1,0,3,0,0,0,1,0,1
200600074748,6,12,9,1800,5,1,1,2,4821400,118000,3,2,2,1,2,1,0,80,1,0,1,0,1,0,1,0,1
200600074751,6,12,24,1745,2,1,9,1,4876300,115100,3,2,0,0,3,1,0,0,2,0,1,0,1,1,1,2,1
200600074752,6,12,29,2315,3,1,1,1,4870500,134800,3,2,0,0,0,1,25,80,1,5,1,0,3,3,2,0,1
200600074753,6,12,20,830,1,1,9,7,4869000,111000,3,2,0,0,1,1,0,61,9,0,3,0,0,0,1,0,1
200600074754,6,12,14,1645,1,1,1,1,4863600,141600,3,2,0,0,1,1,0,70,1,0,1,0,0,0,4,0,1
200600074761,6,12,5,1415,1,1,1,7,4726000,171700,3,2,1,0,1,1,0,35,1,0,3,0,0,0,0,1,1
200600074762,6,12,31,1800,5,1,1,3,4663800,106500,3,4,0,0,1,1,0,0,2,5,1,0,0,0,0,2,1
200600074765,6,12,22,945,1,1,9,6,4694100,204200,3,2,2,0,0,0,0,51,7,0,3,0,1,0,0,1,1
200600074766,6,12,19,1500,1,3,1,3,4739800,100500,3,2,2,0,1,1,0,120,1,5,1,0,1,0,0,1,1
200600074769,6,12,22,730,3,1,9,6,4757800,78200,3,2,2,0,1,1,0,55,7,0,1,0,0,0,1,0,1
200600074772,6,12,5,1915,3,1,2,3,4731900,40800,3,2,2,0,3,2,0,65,2,0,1,0,1,0,1,0,1
200600074773,6,12,13,200,3,1,5,7,4723200,58200,3,2,2,0,2,1,0,0,2,0,3,0,0,0,1,0,1
200600074776,6,12,20,730,2,1,9,6,4713600,82600,3,2,2,0,1,1,0,0,7,0,3,0,0,1,0,0,1
200600074790,6,12,28,1545,1,1,5,4,4725300,143800,3,2,0,0,1,1,0,62,1,0,1,0,4,0,2,0,1
200600074794,6,12,29,745,3,1,9,6,4506000,-95900,3,2,0,0,1,3,0,60,7,0,3,0,0,0,0,1,1
200600074796,6,12,25,830,2,1,1,6,4786700,-339900,4,2,2,0,0,3,0,46,1,0,1,0,0,0,1,0,1
200600074797,6,12,6,1115,1,1,1,6,4781000,-367300,3,2,2,2,1,1,0,66,2,0,1,0,1,1,0,0,1
200600074798,6,12,18,1645,1,1,1,1,4780900,-362700,3,2,0,0,1,1,0,63,1,0,1,0,1,0,1,0,1
200600074800,6,12,8,830,4,1,2,6,4797000,-382900,9,2,2,0,1,1,0,63,2,0,1,3,1,0,0,1,1
200600074802,6,12,20,1800,5,1,1,1,4797100,-393200,3,2,2,0,1,1,0,60,1,0,1,0,1,0,1,0,1
200600074805,6,12,25,1915,5,1,1,6,4463700,-102000,3,2,0,0,1,1,0,65,1,0,1,0,1,0,1,0,1
200600074806,6,12,12,215,5,9,1,1,4481800,-52600,3,3,4,0,1,2,0,0,1,5,1,0,1,0,1,0,1
200600074807,6,12,29,1300,1,1,1,7,4714300,326900,3,2,2,0,1,1,0,48,1,0,3,0,0,1,0,0,1
200600074810,6,12,8,1100,1,1,3,1,4349300,562900,2,2,2,0,2,3,0,70,2,0,1,0,1,1,0,0,1
200600074813,6,12,3,1730,2,1,3,6,4947200,595400,4,1,1,0,0,3,0,50,2,5,1,0,0,0,1,0,1
200600074814,6,12,31,30,3,1,8,3,4938900,603800,3,2,0,0,0,1,0,36,2,5,0,0,1,0,1,0,1
200600074821,6,12,12,1815,3,1,1,2,4865800,217600,1,1,4,0,0,1,364,340,1,0,1,0,0,0,2,0,1
200600074823,6,12,18,1915,3,1,1,2,4861200,209100,1,3,4,0,1,1,24,340,1,0,3,0,0,0,1,1,1
200600074827,6,12,20,1200,1,1,1,6,4837000,-436000,3,2,2,0,2,0,0,70,1,0,1,3,1,0,1,0,1
200600074828,6,12,22,1830,5,1,1,1,4473600,-107800,3,2,2,0,1,1,0,69,2,0,1,0,1,0,1,0,1
200600074830,6,12,19,715,3,1,9,6,4837500,256300,1,3,6,0,0,1,30,260,2,0,1,0,0,0,1,0,1
200600074845,6,12,11,1,3,1,1,7,4332900,629300,1,3,2,0,1,1,15,70,1,0,1,0,0,0,1,0,1
200600074846,6,12,11,815,1,1,1,3,4320300,604500,1,3,2,0,1,1,10,70,1,0,1,0,1,0,1,0,1
200600074847,6,12,23,1015,1,1,1,2,4340200,634600,1,3,3,0,1,1,25,130,1,0,1,0,3,0,2,1,1
200600074848,6,12,24,945,1,1,1,1,4314500,600400,1,0,2,0,1,1,90,70,1,0,1,0,0,0,1,1,1
200600074857,6,12,13,1700,2,9,8,1,4774700,739700,9,2,2,0,2,1,0,41,1,0,1,0,1,0,0,1,1
200600074859,6,12,14,1400,1,4,1,3,4807300,-93100,3,2,2,0,1,1,0,0,1,0,1,0,1,0,1,0,1
200600074860,6,12,16,1930,3,2,1,3,4814600,-102800,3,2,2,0,1,1,0,61,1,0,1,0,4,0,1,0,1
200600074861,6,12,9,530,5,6,1,7,4368700,141100,4,2,2,0,1,1,0,75,1,5,1,0,1,0,1,0,1
200600074863,6,12,27,1630,1,1,7,3,4370000,144400,3,2,0,0,1,1,54,108,1,5,1,0,3,0,1,0,1
200600074864,6,12,30,1815,5,3,1,2,4367800,142700,3,2,2,0,1,1,0,90,1,0,1,0,1,0,1,0,1
200600074876,6,12,11,130,3,1,1,3,4541800,546000,1,3,2,0,2,3,10,102,1,0,1,0,1,1,0,0,1
200600074878,6,12,30,2300,3,1,1,3,4925000,-1200,1,3,4,0,2,2,28,70,2,0,1,0,0,1,3,0,1
200600074881,6,12,28,815,1,1,1,1,4753400,138000,3,2,0,0,2,1,0,62,1,0,1,0,1,0,1,0,1
200600074886,6,12,9,1015,1,1,2,6,4335500,-171700,1,3,4,0,2,2,20,72,2,0,2,0,4,0,0,1,1
200600074887,6,12,23,1830,3,9,1,2,4340700,-163000,1,3,4,0,1,3,40,75,1,0,1,0,1,0,1,0,1
200600074896,6,12,18,715,1,1,1,7,4371300,719600,1,3,3,0,4,1,0,105,8,0,1,0,0,0,1,0,1
200600074901,6,12,8,725,2,1,1,3,4526700,589200,1,3,2,0,1,1,25,25,1,0,1,0,1,0,0,1,1
200600074903,6,12,6,1415,1,1,3,7,4335400,562100,1,2,3,0,1,2,15,90,2,0,1,0,0,0,2,0,1
200600074904,6,12,13,500,3,1,1,7,4335700,562300,1,1,2,0,0,3,25,70,1,0,2,0,1,0,1,0,1
200600074905,6,12,15,815,1,9,1,4,4332600,559900,1,3,0,0,1,1,0,0,1,7,1,0,1,0,0,3,1
200600074906,6,12,21,945,1,1,1,4,4351900,543400,1,1,4,0,0,1,25,140,1,0,1,0,1,0,3,0,1
200600074911,6,12,8,945,1,1,2,2,4805500,30200,1,1,3,0,1,1,8,135,2,0,1,0,2,0,0,1,1
200600074914,6,12,17,730,3,9,1,7,4862900,247600,2,2,0,0,1,3,0,80,9,0,3,0,0,1,0,0,1
200600074915,6,12,6,855,1,1,1,1,4462000,-106900,1,2,2,0,1,1,2,64,1,0,1,0,1,0,1,1,1
200600074917,6,12,23,900,1,1,5,5,4469100,-77800,1,3,4,0,1,1,100,204,1,0,1,0,37,0,5,42,1
200600074918,6,12,23,915,1,1,5,4,4469000,-77800,1,3,0,0,1,1,100,204,2,0,1,0,17,0,0,3,1
200600074923,6,12,28,800,1,1,5,3,4411000,74800,1,1,2,0,1,1,30,70,2,0,1,0,1,0,1,0,1
200600074931,6,12,23,545,3,1,1,7,4269000,281200,2,3,2,0,1,1,10,70,1,0,1,0,0,1,0,0,1
200600074939,6,12,12,1615,1,1,1,3,4585100,507000,1,1,0,0,1,1,0,140,1,0,1,0,2,0,1,0,1
200600074940,6,12,14,715,3,1,5,4,4586700,516700,1,3,3,0,1,1,10,90,0,0,1,0,6,0,1,0,1
200600074941,6,12,3,1210,1,9,1,3,4550600,425500,3,3,0,3,1,3,88,60,1,5,1,0,1,0,0,1,1
200600074944,6,12,9,1825,3,1,8,5,4795200,532200,1,3,2,0,1,1,15,70,2,0,1,0,6,0,3,0,1
200600074945,6,12,5,715,2,9,1,6,4352400,133600,3,2,2,0,1,1,0,58,1,0,1,0,1,0,1,0,1
200600074947,6,12,2,1430,1,1,1,3,4543600,481700,2,2,0,3,4,1,30,90,1,5,1,0,0,0,1,1,1
200600074948,6,12,7,900,1,9,1,2,4602000,617300,3,4,2,0,1,0,0,30,2,0,1,0,1,0,1,0,1
200600074957,6,12,9,730,5,2,8,3,4758600,-269300,3,3,0,0,1,1,70,970,2,0,1,0,0,0,1,1,1
200600074962,6,12,1,1200,1,1,1,1,4352500,383000,3,0,0,0,1,1,0,0,1,0,1,0,1,0,1,0,1
200600074968,6,12,3,1130,1,1,1,6,4863900,775100,3,2,2,0,0,1,0,71,1,0,4,0,0,1,1,0,1
200600074970,6,12,16,1415,1,1,2,1,4367600,698400,3,2,2,0,4,1,0,76,2,0,1,0,1,0,1,0,1
200600074977,6,12,23,1645,2,1,1,1,4366500,545400,3,2,2,2,1,3,0,0,1,5,1,0,0,0,3,0,1
200600074979,6,12,3,1030,1,1,1,7,4505300,516900,1,1,1,0,3,3,0,40,1,3,2,0,2,0,0,1,1
200600074980,6,12,14,1945,5,1,1,6,4503000,510000,1,1,2,0,0,0,35,0,1,7,0,0,0,0,0,1,1
200600074989,6,12,12,2130,3,1,5,6,4643800,-82300,1,3,2,0,0,1,10,70,2,0,1,0,0,0,1,0,1
200600074995,6,12,10,1730,3,1,1,2,4994700,223000,1,1,2,0,1,1,25,70,1,0,1,0,2,1,0,0,1
200600075009,6,12,7,230,3,1,5,4,4452000,153000,1,1,2,0,3,1,15,74,2,0,1,0,1,1,2,0,1
200600075010,6,12,22,845,1,1,1,6,4465000,153800,1,3,2,0,0,1,30,70,1,0,1,0,0,0,1,0,1
200600075011,6,12,22,2345,3,1,1,6,4469400,155900,1,3,2,0,1,1,30,70,1,0,1,0,1,0,1,0,1
200600075020,6,12,26,1345,1,1,1,1,4379300,443600,3,2,2,0,1,1,0,80,1,0,1,0,0,0,2,0,1
200600075021,6,12,31,1545,1,1,1,7,4696600,-135700,1,3,2,0,1,1,10,70,2,0,1,0,1,0,2,0,1
200600075023,6,12,29,1115,1,1,1,1,5000900,151300,3,2,2,0,1,1,5,70,1,0,1,0,1,0,1,0,1
200600075024,6,12,12,800,2,1,1,7,4948000,120300,3,2,2,0,1,1,0,40,1,0,1,0,0,0,1,0,1
200600075028,6,12,8,1730,3,1,2,5,4727100,577100,3,2,2,0,1,3,0,60,2,0,1,0,3,0,1,0,1
200600075031,6,12,17,1200,1,1,1,3,4786200,-324900,3,2,2,0,1,1,0,65,1,0,1,0,1,0,1,0,1
200600075037,6,12,29,1845,3,1,8,3,4862200,-133800,1,3,4,0,1,3,30,70,2,0,1,0,1,2,1,0,1
200600075038,6,12,30,1945,3,1,1,6,4865500,-135100,2,3,0,0,1,2,30,144,9,0,2,0,0,0,1,0,1
200600076387,6,12,20,411,5,6,1,7,4360121,386796,4,1,4,0,1,0,200,120,1,5,3,3,0,0,0,1,1
200600076764,6,12,23,1245,1,1,1,6,4786012,345699,4,2,2,0,1,1,0,85,2,0,1,0,1,0,1,0,1
200600076765,6,12,23,120,3,1,1,6,4786012,345699,9,2,20,0,1,1,0,74,1,0,1,0,0,0,0,1,1
200600076767,6,12,26,1815,5,2,1,3,4792427,345699,4,2,2,0,1,1,0,52,1,0,0,0,2,0,0,1,1
200600076768,6,12,26,1520,1,1,2,6,4790664,345699,4,1,3,0,2,1,0,121,2,0,0,0,2,0,0,1,1
200600076770,6,12,27,1215,1,1,8,1,4789287,345699,4,2,2,0,1,4,0,70,1,0,0,0,2,0,0,1,1
200600076771,6,12,27,1740,5,1,1,3,4788333,345699,4,0,2,0,1,1,0,97,1,0,0,0,1,0,0,1,1
200600076772,6,12,27,2000,5,1,1,3,4790721,345699,4,2,2,0,1,1,0,60,1,0,0,0,1,0,0,1,1
200600076773,6,12,28,1735,5,1,1,4,4789287,345699,4,1,2,0,1,1,0,73,1,0,0,0,3,0,0,1,1
200600076774,6,12,28,1840,5,1,1,6,4790767,345699,4,1,1,0,1,0,0,55,1,0,1,0,1,0,0,1,1
200600077292,6,12,11,1305,1,1,2,5,4875581,934567,3,2,2,0,2,1,0,65,2,0,1,0,0,0,3,1,1
200500000001,5,1,12,1900,3,1,1,3,5051500,294400,3,2,2,0,1,1,0,63,1,0,1,0,4,0,1,1,1
200500000002,5,1,21,1600,1,1,1,1,5053700,280200,2,0,2,1,1,1,0,100,1,0,5,0,1,0,1,0,1
200500000003,5,1,21,1845,3,1,2,1,5054600,280000,2,0,0,1,1,1,0,0,2,0,5,0,1,0,1,0,1
200500000004,5,1,4,1615,1,1,1,5,5098700,240800,3,2,2,0,1,1,0,0,1,0,1,0,0,0,2,2,1
200500000005,5,1,10,1945,3,1,3,6,5096400,247500,3,2,2,0,1,3,0,59,2,0,3,0,0,0,1,1,1
200500000006,5,1,28,1415,1,1,8,6,5099500,239700,3,2,2,0,1,3,0,70,2,0,5,0,0,1,0,0,1
200500000008,5,1,18,2115,5,1,2,6,5105200,253300,3,2,2,0,1,3,0,69,1,0,3,0,0,0,1,0,1
200500000009,5,1,25,1715,1,2,8,3,5097300,257100,3,2,2,0,0,1,0,67,1,0,1,0,0,0,1,2,1
200500000010,5,1,29,2015,3,1,2,6,5106500,252400,2,0,2,0,1,1,0,70,2,0,1,0,1,0,1,0,1
200500000012,5,1,11,615,5,1,1,6,5064700,273300,3,2,2,0,1,1,0,90,2,0,4,0,0,0,0,1,1
200500000013,5,1,1,800,1,1,1,6,5081700,248300,3,2,2,0,1,3,0,71,1,0,3,0,0,0,0,1,1
200500000014,5,1,30,1930,5,1,2,6,5067800,283400,3,2,0,0,0,1,0,59,2,0,1,0,2,0,1,0,1
200500000015,5,1,28,1930,5,1,1,6,5061500,325200,3,2,2,0,1,1,0,106,2,0,1,0,0,0,1,0,1
200500000016,5,1,19,2030,3,1,1,3,5048800,348700,3,2,2,0,1,1,0,57,9,0,1,0,0,1,1,1,1
200500000017,5,1,9,2000,5,1,2,3,5015000,387000,3,2,0,0,2,1,0,58,2,0,1,0,1,0,1,0,1
200500000019,5,1,9,1630,1,1,1,1,5012300,340500,4,0,1,0,1,1,0,0,1,5,1,0,1,0,1,0,1
200500000020,5,1,30,2030,5,1,2,6,5012300,341500,4,2,2,0,1,3,0,0,2,0,1,0,1,0,0,2,1
200500000021,5,1,31,815,1,1,1,1,5007200,333800,3,2,0,0,0,1,0,69,1,0,1,0,1,0,0,1,1
200500000022,5,1,18,1930,3,1,1,2,5016500,313500,2,2,2,0,1,1,0,0,1,0,1,0,1,1,0,0,1
200500000024,5,1,15,1100,1,1,1,1,5020100,409600,3,2,2,0,1,2,0,55,7,0,1,0,1,0,1,1,1
200500000025,5,1,13,900,1,1,1,6,5011700,308700,3,2,0,0,0,1,0,75,1,0,1,0,1,1,0,0,1
200500000028,5,1,2,45,3,9,2,1,5023800,317400,2,2,2,3,0,1,0,68,2,5,1,0,2,0,0,4,1
200500000030,5,1,13,1945,5,1,1,3,5030000,284000,3,2,0,0,0,1,0,50,1,0,1,0,1,0,0,1,1
200500000031,5,1,8,1600,1,1,8,4,5032900,298100,3,2,0,0,2,1,0,60,2,0,1,0,3,0,1,3,1
200500000033,5,1,21,2200,3,1,1,7,5058500,271500,4,2,0,0,1,1,0,40,1,0,3,0,1,0,0,2,1
200500000035,5,1,18,715,5,1,1,2,5084000,177400,4,2,0,0,1,1,0,63,1,0,1,0,1,0,0,1,1
200500000037,5,1,29,15,3,1,1,1,5090700,195400,2,2,0,0,1,1,0,76,1,0,1,0,1,0,0,1,1
200500000038,5,1,28,730,5,1,6,1,5041500,263300,4,2,2,0,1,1,0,53,2,0,1,0,1,0,0,1,1
200500000040,5,1,16,1515,1,1,1,6,5037800,203100,3,2,2,0,1,1,0,0,1,0,4,0,0,0,1,0,1
200500000041,5,1,15,900,1,1,1,7,5047900,164900,3,2,2,0,1,1,0,57,1,0,1,0,0,0,0,1,1
200500000042,5,1,20,500,3,1,2,6,5046200,165100,3,2,2,0,1,3,0,60,2,0,3,0,0,1,0,0,1
200500000046,5,1,2,1115,1,1,7,6,5085900,197700,3,2,0,0,0,2,0,67,1,0,1,0,1,0,0,1,1
200500000047,5,1,2,1630,1,1,1,6,5086400,194300,4,4,2,0,1,1,25,20,1,0,1,0,1,0,0,1,1
200500000049,5,1,20,1845,3,1,6,6,5075700,217500,3,2,2,0,1,1,0,68,2,0,3,0,0,1,0,0,1
200500000050,5,1,18,2300,3,8,2,1,5039500,237200,3,2,2,0,4,4,0,0,2,4,1,0,1,0,2,3,1
200500000051,5,1,1,1545,1,1,8,6,5023200,213200,3,2,0,0,1,1,0,57,2,0,3,0,0,0,2,0,1
200500000052,5,1,10,1800,3,1,2,1,5022000,256400,2,2,2,0,1,1,0,74,2,0,1,0,1,0,1,1,1
200500000053,5,1,7,1415,1,1,1,6,5031100,221800,3,2,2,0,2,1,0,42,1,0,3,0,0,1,0,0,1
200500000055,5,1,3,1715,2,1,1,3,4996900,195300,3,2,2,0,0,2,0,0,1,0,1,0,1,0,0,1,1
200500000058,5,1,23,1200,1,2,1,1,4997600,227100,3,2,2,0,1,1,0,68,1,5,1,0,3,2,0,2,1
200500000061,5,1,14,1215,1,1,7,3,5010000,186000,3,2,2,0,1,1,0,74,1,0,1,0,0,0,0,2,1
200500000064,5,1,20,815,2,1,1,3,5016300,235100,4,2,0,0,1,1,0,65,2,0,1,0,1,0,0,1,1
200500000071,5,1,19,1415,1,1,8,7,4981700,280500,3,2,2,0,0,1,0,62,2,0,1,0,1,0,0,1,1
200500000082,5,1,8,500,4,1,1,6,4954000,382200,3,2,0,0,1,1,0,47,1,0,0,0,0,0,0,1,1
200500000083,5,1,25,1200,1,1,1,3,4955200,387600,3,2,2,0,1,1,0,60,2,0,1,0,1,0,1,0,1
200500000087,5,1,13,1030,1,9,1,3,4998600,345400,3,2,2,0,1,1,0,0,2,0,1,0,2,0,1,1,1
200500000089,5,1,21,830,2,1,1,6,4984700,350200,2,2,2,0,2,1,0,71,1,0,1,0,1,1,0,0,1
200500000090,5,1,18,1645,1,1,1,3,4931200,333700,3,2,2,0,0,2,0,72,1,0,1,0,0,0,3,0,1
200500000091,5,1,31,1815,5,2,1,3,4943400,333800,3,2,2,0,1,1,0,59,1,5,1,0,1,0,0,1,1
200500000092,5,1,31,2045,3,1,2,6,4933300,365400,3,0,2,0,2,0,0,50,2,0,3,0,0,0,0,1,1
200500000093,5,1,3,1330,1,1,1,1,4925500,309400,3,2,0,0,1,2,0,52,1,0,1,0,1,0,1,0,1
200500000094,5,1,3,700,2,1,9,5,4983000,389000,2,2,2,0,3,1,142,0,7,0,3,0,1,0,2,0,1
200500000095,5,1,19,815,1,1,9,7,4974000,420100,4,2,2,0,1,0,0,35,7,0,1,0,0,0,0,1,1
200500000096,5,1,30,2315,5,1,1,6,4977500,418100,3,2,0,0,1,1,0,70,1,0,4,0,0,1,0,0,1
200500000097,5,1,6,1815,5,1,1,1,5002100,379500,2,2,2,0,1,1,21,68,1,0,1,0,1,0,1,0,1
200500000098,5,1,13,2100,3,1,1,6,5001700,372600,3,2,2,0,1,3,0,0,1,0,1,0,0,0,1,0,1
200500000099,5,1,10,1815,3,1,1,1,4996700,398900,2,2,2,0,1,1,0,72,1,0,1,0,0,1,0,1,1
200500000100,5,1,31,2215,3,1,1,5,4996100,403500,2,2,2,0,1,1,0,72,1,0,1,0,2,0,2,0,1
200500000101,5,1,6,800,2,1,1,4,4949400,203400,3,2,2,0,1,1,0,72,1,0,1,0,3,0,0,2,1
200500000102,5,1,15,1915,3,1,1,6,4940600,206400,3,2,2,0,0,2,0,56,1,0,3,0,1,0,1,0,1
200500000103,5,1,21,1015,1,1,1,7,4938800,225300,3,2,2,0,1,3,0,97,1,0,3,0,0,0,1,0,1
200500000108,5,1,3,815,2,1,2,7,4968700,193800,3,2,0,0,1,1,0,60,7,0,3,0,0,0,1,0,1
200500000115,5,1,30,530,5,1,1,6,4961400,209700,3,2,2,0,2,1,0,74,1,0,3,0,0,0,1,0,1
200500000121,5,1,20,745,3,1,2,3,4931900,228100,3,2,2,0,1,1,0,70,2,0,1,0,0,0,0,2,1
200500000122,5,1,24,1630,1,1,1,6,4935300,236600,4,2,2,0,2,1,0,44,1,0,1,0,0,0,0,1,1
200500000123,5,1,1,430,3,1,1,7,4935000,285000,3,2,2,0,1,1,0,59,1,0,3,0,0,0,1,2,1
200500000125,5,1,29,1600,1,1,1,4,4944300,283400,2,2,2,0,2,1,0,71,1,0,1,0,2,0,1,2,1
200500000130,5,1,26,1145,1,2,1,4,4959700,271800,2,2,0,0,3,1,120,0,1,0,1,0,2,0,0,1,1
200500000131,5,1,28,830,1,1,2,2,4935400,268000,3,2,0,0,1,1,0,73,2,0,1,0,1,0,0,1,1
200500000132,5,1,30,600,3,1,8,6,4952200,281200,3,2,0,0,1,1,0,70,2,0,1,0,2,0,1,1,1
200500000134,5,1,12,2245,5,1,1,1,4956000,304000,3,2,2,0,1,1,0,65,1,0,1,0,0,0,1,1,1
200500000135,5,1,23,215,3,1,2,4,4958000,307000,2,2,2,0,3,1,0,70,2,0,1,0,2,1,1,0,1
200500000140,5,1,13,930,1,1,1,2,4923200,228700,3,2,2,0,1,2,0,74,1,0,1,0,1,0,1,0,1
200500000151,5,1,8,1400,1,1,1,2,4923700,290100,4,2,0,0,1,3,0,0,2,0,1,0,1,0,0,1,1
200500000152,5,1,18,1815,5,1,2,6,4923100,288100,3,2,2,0,1,1,0,70,2,0,1,0,1,0,0,1,1
200500000153,5,1,29,1530,1,1,1,1,4932500,289400,3,2,0,0,1,1,0,70,1,0,1,0,2,1,0,3,1
200500000156,5,1,20,1500,1,1,1,6,4950800,109800,3,3,2,0,2,4,0,57,2,0,1,0,0,0,1,0,1
200500000157,5,1,14,445,5,1,1,7,4955800,107400,3,2,2,0,1,1,0,55,1,0,1,0,0,0,0,1,1
200500000158,5,1,10,1030,1,1,8,7,4956900,107700,3,2,2,0,1,1,0,70,1,0,1,0,0,0,0,1,1
200500000160,5,1,29,1200,1,4,1,3,4985700,116400,3,0,2,0,1,1,0,66,1,0,1,0,1,1,0,0,1
200500000161,5,1,14,645,2,1,9,6,4971700,104900,2,3,4,0,1,2,15,100,7,0,2,0,1,0,0,2,1
200500000162,5,1,13,1200,1,1,1,6,4939100,120100,4,2,2,0,0,1,0,0,1,0,1,3,1,0,1,0,1
200500000163,5,1,29,1130,1,1,1,7,4934300,119100,3,2,2,0,1,1,0,52,1,0,1,0,2,0,1,0,1
200500000164,5,1,12,1545,1,1,1,6,4944800,96300,4,1,1,0,2,1,0,0,2,0,1,0,1,0,1,0,1
200500000173,5,1,3,1330,1,2,1,1,4951100,51500,3,2,2,0,1,1,0,60,1,5,1,0,2,0,2,0,1
200500000176,5,1,31,1715,1,1,1,2,4951000,49600,3,2,0,0,0,1,0,63,1,0,1,0,1,0,0,1,1
200500000177,5,1,2,1230,1,2,1,3,4981900,136500,3,2,2,0,1,1,0,57,1,0,1,0,5,0,0,2,1
200500000178,5,1,28,1745,3,1,1,1,4975000,156300,2,2,1,0,2,2,0,70,1,0,1,0,0,1,1,0,1
200500000180,5,1,16,1300,1,1,1,6,4996300,155500,3,2,2,0,1,2,0,48,1,0,0,0,2,0,0,1,1
200500000182,5,1,14,2045,5,1,1,1,4949000,170000,2,2,0,0,0,0,0,0,1,0,1,0,1,0,1,0,1
200500000183,5,1,21,900,1,1,1,1,4946500,148700,2,2,2,0,3,4,0,46,1,0,1,0,0,0,0,2,1
200500000184,5,1,29,630,3,1,1,1,4963100,79400,2,3,0,0,1,1,0,98,1,0,1,0,3,1,0,0,1
200500000185,5,1,1,330,5,1,1,6,4953000,92600,3,2,0,0,1,3,0,65,1,0,3,0,0,0,0,1,1
200500000186,5,1,10,1030,1,2,1,3,4963600,91700,3,2,2,0,1,1,0,60,1,5,1,0,0,0,0,2,1
200500000187,5,1,10,1530,1,1,1,3,4956200,95400,3,2,0,0,1,1,0,60,1,0,1,3,1,0,0,1,1
200500000188,5,1,16,1100,1,1,7,6,4958900,84500,3,2,0,0,1,1,0,41,2,0,3,0,0,0,1,0,1
200500000189,5,1,30,1630,1,1,1,6,4959100,81200,3,2,2,0,2,1,0,29,2,0,3,0,1,0,1,0,1
200500000190,5,1,17,815,2,6,8,6,4963900,85500,3,2,2,0,1,1,15,35,2,0,1,3,1,0,0,1,1
200500000191,5,1,2,1800,3,1,1,1,4906000,92400,3,2,2,0,1,1,0,68,1,0,1,0,0,1,0,2,1
200500000196,5,1,31,2030,3,1,8,6,4883500,117200,3,2,0,0,1,2,0,41,2,0,4,0,0,0,1,0,1
200500000198,5,1,12,745,5,1,8,3,4924000,141000,3,2,2,0,1,1,0,50,2,0,1,0,1,0,0,1,1
200500000200,5,1,18,2145,3,1,9,6,4926000,178000,3,3,3,0,1,3,0,109,2,0,1,0,0,0,0,1,1
200500000203,5,1,29,1330,1,1,1,3,4907000,50900,3,2,2,0,1,1,0,59,1,0,1,0,2,0,0,1,1
200500000204,5,1,1,1545,1,1,8,3,4908400,78500,3,2,2,0,1,1,0,0,1,0,1,0,4,0,0,1,1
200500000206,5,1,29,2130,3,1,1,6,4909900,68600,3,2,2,0,1,1,0,72,1,0,1,0,0,0,2,0,1
200500000207,5,1,4,1630,1,2,1,1,4914300,119000,3,2,0,0,1,1,1,71,1,0,1,3,1,0,0,1,1
200500000208,5,1,7,2345,3,1,2,7,4917000,116000,3,2,2,0,2,1,0,57,2,0,3,0,3,0,0,2,1
200500000209,5,1,18,900,1,1,8,6,4912200,118800,2,3,4,0,2,2,50,127,2,0,1,0,0,0,0,1,1
200500000217,5,1,27,600,3,1,9,3,4922900,49800,3,2,2,0,1,2,0,77,7,5,1,0,1,0,1,0,1