Num_Acc,an,mois,jour,hrmn,lum,int,atm,col,lat,long,catr,circ,nbv,vosp,prof,plan,lartpc,larrout,surf,infra,situ,env1,unscathed,killed,hospital,light,chance
200500000220,5,1,1,1830,5,1,1,1,4822200,-169900,9,2,2,0,1,1,0,63,1,0,1,0,0,0,0,2,1
200500000222,5,1,24,1800,5,1,2,3,4826900,-183900,3,2,0,0,1,1,0,70,2,0,1,0,1,0,0,1,1
200500000223,5,1,22,1700,1,1,2,3,4821100,-204600,3,2,2,0,1,1,0,60,2,2,1,0,1,0,1,0,1
200500000226,5,1,22,845,1,1,1,3,4814000,-195000,3,2,2,0,2,1,0,0,1,0,1,0,1,0,1,0,1
200500000229,5,1,25,915,1,1,4,6,4838300,-137300,3,2,1,0,1,1,0,60,5,0,3,0,0,0,1,0,1
200500000230,5,1,25,900,1,1,4,7,4839500,-125100,3,2,1,0,1,3,0,50,5,0,1,0,0,0,0,1,1
200500000231,5,1,18,2045,4,1,1,1,4798400,-171900,3,2,2,0,1,1,0,68,1,0,1,0,1,0,1,0,1
200500000232,5,1,26,1615,1,1,2,1,4782100,-191700,3,2,0,3,1,1,0,112,2,5,1,0,1,0,1,0,1
200500000237,5,1,9,715,2,1,1,6,4853200,-174500,3,2,2,0,4,1,0,68,1,0,1,0,0,0,1,0,1
200500000239,5,1,7,115,5,1,8,6,4857000,-205000,3,2,0,0,1,4,0,70,1,0,3,0,0,0,1,0,1
200500000240,5,1,18,1945,5,1,2,6,4859000,-205000,3,2,0,0,1,3,0,65,2,0,3,0,0,0,1,2,1
200500000241,5,1,3,800,5,1,1,6,4812500,-120400,9,2,0,0,0,1,80,0,1,0,1,0,1,0,0,1,1
200500000251,5,1,18,800,5,1,3,6,4847200,-251600,3,2,2,0,1,3,0,0,2,0,1,0,1,0,1,0,1
200500000252,5,1,20,1530,1,1,2,5,4843900,-242700,3,2,0,0,2,1,0,379,2,5,1,0,5,0,1,0,1
200500000253,5,1,14,915,1,1,1,7,4836800,-262800,4,2,0,0,2,1,0,50,1,0,3,0,0,0,1,0,1
200500000254,5,1,23,1715,3,1,1,7,4825800,-278100,3,2,2,0,1,2,0,72,2,0,0,0,1,0,1,0,1
200500000256,5,1,23,345,5,1,1,6,4858800,-256000,3,2,2,0,1,2,0,50,1,0,4,0,0,0,1,0,1
200500000260,5,1,4,1645,1,2,1,1,4859000,-230000,4,2,0,0,2,1,0,0,1,0,1,3,1,0,1,0,1
200500000262,5,1,12,745,3,2,1,3,4817500,-261800,2,3,2,0,3,1,31,130,2,5,1,0,1,0,0,1,1
200500000263,5,1,26,1215,1,9,9,6,4817200,-225700,3,2,2,0,0,1,0,52,7,0,0,0,0,0,1,0,1
200500000265,5,1,8,1915,3,2,2,3,4870500,-352200,3,2,2,0,1,1,0,63,1,0,1,0,2,0,1,0,1
200500000266,5,1,1,400,4,1,8,1,4880100,-345600,3,2,2,0,2,3,0,53,2,0,1,0,2,0,3,1,1
200500000270,5,1,18,1145,1,1,1,1,4806200,-414800,3,2,2,0,2,1,0,65,1,0,1,0,0,0,0,2,1
200500000271,5,1,4,1730,2,1,2,3,4789900,-401200,3,2,2,0,2,1,0,92,2,0,1,0,1,0,1,0,1
200500000275,5,1,28,1730,1,1,8,6,4849600,-429200,3,2,2,0,1,2,0,0,1,0,1,0,0,0,2,0,1
200500000280,5,1,25,1700,1,1,1,5,4844100,-457700,3,2,0,0,1,1,0,86,2,5,1,0,1,0,2,0,1
200500000281,5,1,16,630,3,1,1,7,4828300,-360200,9,2,2,0,1,2,0,40,2,0,0,0,0,1,0,0,1
200500000291,5,1,24,1730,1,1,1,3,4748500,-246700,4,2,1,0,1,1,0,0,1,0,1,0,1,0,0,1,1
200500000292,5,1,3,745,1,1,1,3,4773200,-269400,3,2,2,0,1,1,0,61,1,0,1,0,1,0,0,1,1
200500000294,5,1,8,1830,5,1,1,6,4748700,-311800,3,1,1,0,1,3,0,0,2,0,1,0,1,0,1,0,1
200500000297,5,1,5,1845,5,1,1,6,4793100,-240000,9,2,2,1,0,1,10,80,1,0,1,0,1,0,1,0,1
200500000299,5,1,7,1845,2,1,1,1,4792600,-252700,3,2,0,0,1,1,0,65,1,5,1,0,1,0,1,0,1
200500000301,5,1,8,2045,3,1,1,6,4803700,-323800,3,0,2,0,1,2,0,58,2,0,3,0,0,0,0,1,1
200500000302,5,1,10,2130,5,1,1,3,4807000,-296000,3,2,0,0,0,1,0,87,2,0,1,0,2,0,0,1,1
200500000303,5,1,11,1815,5,1,3,6,4806700,-296100,3,2,2,1,1,1,0,0,2,0,1,0,1,0,1,0,1
200500000306,5,1,18,1815,5,1,1,3,4913100,-16800,3,2,2,0,1,1,50,0,1,0,1,0,1,0,0,1,1
200500000310,5,1,4,1945,5,1,1,6,4931200,-90400,3,0,2,0,1,1,0,60,1,0,1,0,1,0,1,0,1
200500000311,5,1,23,1200,1,1,1,3,4924000,-82700,3,2,0,0,1,1,0,45,1,0,1,0,1,0,1,1,1
200500000313,5,1,30,915,1,1,1,1,4895000,-27100,3,2,2,0,0,1,0,70,2,0,1,0,1,1,0,0,1
200500000314,5,1,10,845,2,1,1,6,4893800,-48900,3,2,2,0,2,1,0,50,2,0,1,0,1,0,0,1,1
200500000315,5,1,24,2030,5,1,4,6,4901200,-43400,3,2,2,0,2,1,0,64,7,0,4,0,0,0,0,1,1
200500000316,5,1,8,115,3,1,1,6,4907900,-2000,3,2,2,0,1,3,0,59,1,0,1,0,0,1,0,0,1
200500000317,5,1,11,1930,3,1,2,1,4914000,-7000,3,2,0,0,1,1,0,44,2,0,1,0,1,0,0,1,1
200500000318,5,1,17,815,1,2,8,3,4902000,1000,3,2,2,0,1,1,0,59,2,0,1,0,0,0,0,2,1
200500000320,5,1,18,1930,5,1,1,1,4907000,-7000,3,2,2,0,1,1,0,60,1,0,1,0,1,0,1,0,1
200500000324,5,1,21,1645,1,9,1,3,4918500,3400,3,2,2,0,1,1,0,67,1,0,1,0,4,0,0,1,1
200500000325,5,1,29,1515,1,1,1,1,4926500,6300,4,2,2,0,1,3,0,27,9,0,1,0,0,0,0,2,1
200500000326,5,1,4,1800,5,1,8,6,4884200,-87600,3,2,1,0,1,1,0,70,2,6,1,0,1,0,1,0,1
200500000329,5,1,4,1900,3,1,8,2,4908600,-109200,3,2,2,0,1,1,0,54,2,0,1,0,1,1,0,0,1
200500000330,5,1,21,1730,1,1,8,3,4929500,-126000,3,0,2,0,0,1,0,75,2,0,1,0,2,0,2,0,1
200500000331,5,1,7,1345,1,1,1,3,4914200,-96200,3,2,2,0,1,1,0,100,1,0,1,0,1,0,1,0,1
200500000334,5,1,5,745,4,3,1,3,4868000,-132500,3,0,2,0,1,1,0,73,2,5,1,0,0,0,0,2,1
200500000337,5,1,30,1400,1,1,1,7,4868000,-142000,3,2,0,0,4,2,0,57,1,0,1,0,0,1,0,0,1
200500000342,5,1,12,1545,1,1,1,1,4953100,-159400,4,1,0,0,2,1,0,32,1,0,1,0,1,0,1,0,1
200500000343,5,1,11,1430,1,1,1,6,4949100,-139200,9,1,1,0,2,1,0,40,1,0,4,0,0,0,0,1,1
200500000344,5,1,26,715,3,1,4,3,4947500,-136600,2,3,4,0,1,1,25,140,2,0,3,0,1,0,0,3,1
200500000345,5,1,2,1645,1,1,1,1,4968700,-145400,3,2,0,0,1,3,0,48,1,0,1,0,1,0,1,0,1
200500000346,5,1,4,1345,1,1,1,1,4949600,-150500,3,2,0,0,0,3,0,55,1,5,1,0,1,0,1,0,1
200500000347,5,1,8,2345,3,1,1,6,4963400,-141000,3,2,2,0,0,3,0,50,1,0,3,0,0,0,1,0,1
200500000348,5,1,9,45,3,1,1,1,4923000,-153000,3,2,2,0,1,0,0,71,1,0,1,0,0,1,1,4,1
200500000350,5,1,23,630,3,1,2,6,4918300,-152000,3,2,2,0,1,1,0,65,2,0,3,0,0,0,0,1,1
200500000352,5,1,7,715,3,1,1,6,4859000,-109000,4,2,2,0,1,0,0,60,2,0,4,0,1,0,1,0,1
200500000353,5,1,3,1545,1,1,1,3,4881800,-11600,2,2,0,0,0,1,0,70,1,0,1,0,1,0,1,0,1
200500000354,5,1,14,1915,3,2,1,3,4866300,-43400,3,2,0,0,1,1,0,52,1,0,1,0,2,0,1,0,1
200500000362,5,1,7,2100,5,1,1,3,4876900,62400,9,1,0,0,3,1,0,60,1,5,1,0,1,0,0,1,1
200500000364,5,1,28,2030,3,1,2,1,4871200,62000,3,2,2,0,3,3,0,63,7,0,1,0,0,1,1,1,1
200500000367,5,1,11,1745,5,1,2,1,4728800,-150800,4,2,3,2,1,1,0,120,2,5,1,0,1,0,0,1,1
200500000369,5,1,9,15,3,1,9,1,4689800,-158000,3,2,2,0,1,1,0,66,2,0,1,0,3,0,1,1,1
200500000370,5,1,10,745,5,3,8,3,4710000,-159000,3,2,2,0,1,1,0,55,1,5,1,0,2,1,0,0,1
200500000371,5,1,20,945,5,1,1,6,4704500,-164000,3,2,2,0,4,1,0,52,1,0,1,0,1,0,1,0,1
200500000374,5,1,12,1645,1,3,1,3,4715800,-153200,4,2,2,0,1,1,0,0,1,5,1,0,1,0,0,1,1
200500000376,5,1,4,715,3,1,8,4,4715900,-120500,2,3,4,0,1,1,30,70,7,0,2,0,1,0,1,1,1
200500000377,5,1,4,1100,1,1,9,3,4763900,-130100,3,2,1,0,1,1,0,60,2,0,1,0,1,0,0,2,1
200500000378,5,1,10,1830,3,1,3,3,4770600,-136600,3,2,2,0,1,1,0,54,2,0,1,0,0,0,0,2,1
200500000379,5,1,29,1430,1,6,1,3,4720100,-175800,3,2,2,0,1,2,0,0,1,5,1,0,1,0,0,1,1
200500000380,5,1,31,1315,1,1,1,6,4714800,-164100,4,2,2,0,1,2,0,56,1,0,3,0,0,1,0,0,1
200500000381,5,1,20,615,5,1,1,6,4711800,-209400,3,2,0,0,1,3,0,90,2,6,1,0,0,0,1,0,1
200500000384,5,1,4,1800,5,1,1,3,4699800,-181900,4,2,2,0,0,1,0,70,1,0,1,0,1,0,1,0,1
200500000385,5,1,6,1645,1,1,1,1,4695100,-178400,3,2,2,0,1,1,0,56,1,0,1,0,1,0,0,4,1
200500000386,5,1,20,1130,3,1,9,3,4720800,-191300,3,2,2,0,1,1,0,60,2,5,1,0,3,1,0,0,1
200500000391,5,1,5,1400,3,1,2,3,4737800,-198800,4,2,2,0,1,1,0,65,2,5,1,0,2,0,1,0,1
200500000392,5,1,7,2030,3,1,1,5,4737000,-194900,2,3,2,0,1,1,0,0,2,0,1,0,3,0,1,0,1
200500000395,5,1,21,1915,3,4,1,3,4742600,-196800,3,2,0,0,1,1,60,0,1,5,1,0,1,0,1,0,1
200500000397,5,1,9,1845,3,1,2,3,4741000,-20000,3,0,2,0,1,1,0,65,2,0,1,0,2,0,1,0,1
200500000398,5,1,15,1145,1,1,1,1,4745800,-26400,9,2,2,0,0,1,0,58,1,0,1,0,1,0,0,1,1
200500000399,5,1,22,430,3,1,8,7,4747000,-29000,2,2,2,0,0,1,0,0,2,0,3,0,0,0,1,0,1
200500000400,5,1,22,2115,3,1,8,1,4738100,-52400,3,2,1,0,2,4,0,56,2,0,1,0,1,0,1,0,1
200500000401,5,1,31,1745,3,1,1,7,4739900,-52800,4,2,2,0,1,2,0,45,1,0,1,0,0,0,1,0,1
200500000402,5,1,10,2200,1,1,1,3,4741900,-31100,3,2,2,0,1,1,0,60,1,5,1,0,1,0,1,0,1
200500000403,5,1,12,1530,1,1,1,2,4742500,-45100,3,2,2,0,1,1,0,105,1,0,1,0,1,0,1,0,1
200500000404,5,1,29,30,3,1,1,1,4742400,-41400,3,2,2,0,0,3,0,58,1,0,1,0,0,0,3,0,1
200500000405,5,1,18,1545,1,1,1,6,4755000,-27200,3,2,2,0,2,1,0,95,1,0,0,0,0,0,0,1,1
200500000406,5,1,3,1515,1,1,7,1,4700000,-84000,3,2,2,0,1,1,0,56,1,0,1,0,0,0,1,1,1
200500000408,5,1,5,1800,5,1,2,6,4706400,-102300,3,1,1,0,1,1,0,69,2,0,1,0,1,0,2,0,1
200500000412,5,1,14,1915,3,1,1,2,4721600,-18100,3,2,2,0,1,1,74,74,1,0,1,0,1,0,0,1,1
200500000413,5,1,25,1415,1,1,8,1,4739600,-3200,3,2,2,0,1,3,0,57,1,0,1,0,1,1,0,0,1
200500000414,5,1,26,1445,1,1,1,1,4730000,-11000,3,2,3,0,1,1,0,87,1,0,1,0,0,0,0,2,1
200500000418,5,1,19,1530,1,2,8,3,4753400,-108500,3,2,2,0,4,1,0,70,2,0,1,0,0,0,1,2,1
200500000421,5,1,25,1915,3,1,1,6,4758800,-37900,3,2,0,0,1,1,30,74,1,0,3,0,0,0,1,1,1
200500000423,5,1,30,1600,1,1,1,6,4820600,-54800,3,2,2,0,1,1,0,39,1,0,1,0,1,0,1,0,1
200500000425,5,1,10,1800,5,1,3,6,4795200,-91000,2,2,2,0,2,1,0,0,2,0,1,0,1,0,1,0,1
200500000427,5,1,20,1400,1,2,2,1,4840200,-46900,3,2,2,0,1,1,0,58,2,0,1,0,1,0,1,0,1
200500000428,5,1,30,1400,1,2,1,1,4841200,-49600,3,2,2,0,2,1,0,56,1,0,1,0,0,0,3,0,1
200500000430,5,1,12,2330,3,1,1,3,4832100,-32100,3,2,2,0,0,1,0,0,1,0,1,0,1,1,0,0,1
200500000432,5,1,2,430,3,1,1,7,4801000,31000,2,2,2,0,0,2,0,70,1,0,1,0,1,0,1,2,1
200500000433,5,1,22,515,3,1,8,1,4799100,49300,2,2,2,2,2,1,0,96,2,0,1,0,0,0,2,1,1
200500000434,5,1,26,1700,1,1,1,1,4801400,31200,2,2,0,0,1,2,0,71,1,0,1,0,1,0,0,1,1
200500000436,5,1,22,1730,1,1,3,6,4790700,13000,3,2,2,0,1,3,0,60,2,0,0,0,0,0,1,4,1
200500000439,5,1,11,1015,1,1,1,1,4780000,53800,3,2,2,0,3,0,69,0,1,5,1,0,3,0,1,0,1
200500000440,5,1,14,815,1,2,1,3,4769600,42400,2,2,0,0,0,1,0,75,1,0,1,0,1,0,0,1,1
200500000441,5,1,27,1215,1,1,1,3,4768600,24800,3,2,2,0,1,1,0,56,1,0,1,0,1,0,0,1,1
200500000442,5,1,2,1145,1,1,1,2,4784300,-33100,9,2,2,0,0,0,0,50,1,0,1,0,1,0,0,1,1
200500000446,5,1,22,1645,1,1,8,7,4675800,-121700,4,2,2,0,1,2,0,63,1,0,3,0,1,0,1,0,1
200500000447,5,1,4,800,2,1,1,6,4698200,-131100,4,1,0,0,1,1,0,41,1,0,1,0,1,0,0,1,1
200500000451,5,1,28,1730,1,1,8,1,4696700,-100100,4,2,2,0,1,3,0,65,1,0,3,0,1,0,1,0,1
200500000453,5,1,3,1230,1,1,1,3,4633800,-130900,3,2,0,0,0,1,0,60,1,0,1,0,0,0,1,1,1
200500000454,5,1,19,915,1,1,2,5,4647300,-110300,3,2,2,0,1,1,0,60,2,0,1,0,2,0,0,3,1
200500000455,5,1,22,1145,1,1,1,2,4658300,-104800,2,2,2,3,0,1,0,71,1,0,1,0,2,0,1,0,1
200500000456,5,1,11,2315,3,1,2,6,4634100,-82300,9,2,1,0,1,3,0,40,2,0,3,0,1,0,1,0,1
200500000457,5,1,16,1045,1,1,1,1,4655000,-86100,3,2,0,0,1,2,0,65,1,0,1,0,1,0,1,0,1
200500000458,5,1,20,1915,5,1,2,6,4687000,-194000,3,2,2,0,1,1,0,66,2,0,1,0,1,0,0,1,1
200500000459,5,1,7,2030,3,1,1,3,4656700,-178100,3,2,2,0,1,3,0,49,1,0,1,0,1,0,1,0,1
200500000460,5,1,12,1245,1,1,1,2,4663500,-160800,2,2,2,0,4,1,0,70,1,0,1,0,1,0,1,0,1
200500000465,5,1,25,1030,1,1,1,2,4689200,-211900,4,2,2,0,1,1,0,63,1,0,1,0,1,0,0,1,1
200500000474,5,1,1,930,2,1,8,6,4528500,-44100,3,2,0,0,1,3,0,59,2,0,3,0,0,1,0,0,1
200500000475,5,1,12,745,2,1,1,3,4520400,-62900,3,2,0,0,1,1,0,70,1,0,1,0,1,0,0,1,1
200500000476,5,1,16,2230,5,1,5,7,4510100,-38800,3,2,2,0,1,2,0,67,1,0,3,0,0,1,0,0,1
200500000479,5,1,15,1530,1,1,1,1,4470000,-49000,2,2,0,0,0,1,0,70,1,0,1,0,1,0,1,0,1
200500000480,5,1,18,1745,2,1,8,6,4470000,-44000,2,2,2,0,2,4,0,65,2,0,1,0,1,0,0,1,1
200500000483,5,1,14,1800,3,1,5,6,4454000,-42600,3,2,0,0,0,1,0,0,2,0,1,0,0,0,1,2,1
200500000485,5,1,31,1130,1,1,1,3,4455400,-25100,3,2,0,0,1,1,0,83,1,5,1,3,1,0,0,1,1
200500000486,5,1,5,2000,3,1,1,6,4438500,-3300,3,2,2,0,1,1,0,70,1,0,3,0,0,0,0,1,1
200500000487,5,1,16,1815,4,1,1,1,4457500,2200,2,2,2,0,0,0,0,50,1,0,1,0,2,0,1,0,1
200500000495,5,1,2,2100,3,1,1,7,4483000,-4000,3,2,0,0,1,1,60,0,1,0,3,0,0,0,0,1,1
200500000496,5,1,9,1745,1,4,1,1,4481000,-22000,3,2,2,0,3,3,0,82,1,0,1,0,0,0,2,7,1
200500000497,5,1,29,730,3,3,1,3,4481000,-13000,3,2,0,0,1,1,0,50,1,5,1,0,0,0,1,3,1
200500000498,5,1,23,615,3,1,1,6,4485900,-8200,3,2,2,0,1,1,0,60,1,0,3,0,0,0,1,1,1
200500000499,5,1,15,215,3,1,5,7,4500000,-12000,3,2,2,0,1,4,0,65,0,0,3,0,0,1,0,0,1
200500000500,5,1,10,1830,2,1,1,2,4507800,-16700,3,2,2,0,4,0,0,0,1,0,3,0,0,1,0,1,1
200500000502,5,1,28,815,1,1,2,3,4499700,-36400,3,2,2,0,2,0,0,90,7,0,1,0,1,0,1,0,1
200500000503,5,1,2,1230,1,1,8,2,4539200,63100,3,2,2,0,2,3,0,74,2,0,1,0,0,0,0,2,1
200500000505,5,1,16,1100,1,1,1,6,4528200,115500,3,2,0,0,2,2,0,44,1,0,3,0,0,0,0,1,1
200500000507,5,1,20,745,5,1,2,3,4527800,91500,3,2,2,0,1,1,0,60,2,0,1,0,1,0,0,1,1
200500000512,5,1,4,1600,1,9,1,6,4553400,66000,3,2,2,0,1,3,0,65,1,0,1,3,1,0,1,0,1
200500000513,5,1,9,2115,3,1,1,6,4525200,41500,3,2,2,0,1,1,0,72,1,0,1,0,0,1,0,1,1
200500000514,5,1,22,2330,3,1,8,6,4533800,50900,3,2,2,0,1,1,0,50,2,0,1,0,2,0,1,1,1
200500000522,5,1,15,100,3,1,5,6,4395200,-40400,3,2,2,0,1,1,0,73,1,0,3,0,0,1,1,0,1
200500000523,5,1,17,1830,3,1,1,1,4392700,-44100,3,2,2,0,1,1,0,0,1,0,1,0,1,0,0,1,1
200500000524,5,1,20,1000,1,1,2,1,4386000,-44000,3,2,2,0,2,1,0,70,2,0,3,0,0,0,0,2,1
200500000527,5,1,31,1545,1,1,1,6,4383700,-81000,9,2,2,0,2,1,0,45,1,0,1,0,1,0,1,0,1
200500000528,5,1,16,500,3,1,1,6,4350000,-112000,3,2,0,0,2,3,0,65,1,0,3,0,0,0,1,0,1
200500000529,5,1,18,1915,3,1,2,1,4356600,-120300,2,2,2,0,4,3,0,74,2,0,1,0,1,0,0,1,1
200500000531,5,1,12,15,3,1,1,7,4379700,-116300,3,2,2,0,1,1,0,56,1,0,3,0,0,0,0,1,1
200500000532,5,1,17,1800,2,1,1,3,4350200,-145500,3,2,2,0,1,1,0,100,1,0,1,0,1,0,1,0,1
200500000533,5,1,25,945,1,1,1,6,4356000,-135200,3,2,0,0,1,1,0,34,1,0,1,0,1,0,1,0,1
200500000537,5,1,13,1845,5,6,1,7,4364800,-61800,3,4,0,0,1,4,0,0,2,5,1,0,1,0,0,1,1
200500000541,5,1,20,1345,1,1,8,6,4366600,-35200,3,2,0,0,0,3,0,0,2,0,3,0,1,0,2,0,1
200500000551,5,1,4,1945,3,1,1,7,4429400,62100,3,2,2,0,2,3,0,60,1,0,3,0,0,0,1,0,1
200500000552,5,1,18,745,2,1,2,1,4424700,42100,3,2,0,0,1,3,0,0,2,0,1,0,0,0,0,3,1
200500000554,5,1,21,1830,5,1,9,5,4418400,67700,2,2,3,0,1,1,0,110,2,0,1,0,2,0,1,0,1
200500000555,5,1,8,1845,3,1,1,6,4434300,13000,3,2,2,0,2,3,0,60,1,0,3,0,0,0,0,1,1
200500000556,5,1,8,1515,1,1,1,6,4449600,24700,3,2,2,0,1,4,0,60,1,0,3,0,1,0,0,1,1
200500000557,5,1,29,2000,3,1,1,6,4449900,24600,3,2,0,0,1,3,0,55,1,0,3,0,0,0,0,1,1
200500000558,5,1,28,1745,3,1,1,5,4449200,11800,3,2,0,0,1,1,0,61,1,0,1,0,1,0,0,2,1
200500000559,5,1,30,1015,1,2,1,3,4458800,42800,3,2,2,0,2,2,0,50,1,0,1,0,2,0,0,2,1
200500000560,5,1,11,1730,1,1,1,2,4435800,36800,3,2,2,0,1,1,0,65,1,5,1,3,1,0,0,1,1
200500000561,5,1,13,1100,1,1,1,3,4436600,37000,3,2,2,0,0,3,0,74,2,0,1,0,1,0,1,0,1
200500000562,5,1,15,545,3,1,1,6,4435800,32000,2,2,1,0,1,1,0,76,1,0,3,0,0,1,0,0,1
200500000563,5,1,19,1115,1,1,2,6,4440500,29900,2,2,0,0,0,1,0,0,2,0,1,0,0,0,0,1,1
200500000564,5,1,25,1545,1,1,1,4,4441500,22100,3,2,2,0,1,1,0,58,1,2,1,0,1,0,1,2,1
200500000565,5,1,3,1600,1,1,1,1,4420000,6000,3,2,2,0,1,1,0,65,1,0,1,0,1,0,1,0,1
200500000568,5,1,1,700,3,9,1,1,4326700,-7300,3,2,2,0,1,1,0,82,1,0,1,0,0,0,2,0,1
200500000569,5,1,30,430,3,1,1,6,4343100,-47200,3,2,0,0,1,1,0,70,1,0,3,0,0,1,0,0,1
200500000572,5,1,6,1900,3,9,1,3,4350500,-131700,3,2,2,0,1,2,0,80,1,0,1,0,1,0,1,0,1
200500000574,5,1,13,1700,1,1,1,1,4310500,-83000,3,2,2,0,1,1,0,77,1,5,1,0,2,0,0,1,1
200500000575,5,1,15,1045,1,1,1,1,4319000,-77400,3,2,2,0,0,3,0,44,2,0,1,0,1,0,1,0,1
200500000576,5,1,14,1730,1,1,1,6,4336600,-108500,3,2,2,0,1,1,0,66,1,0,1,0,1,0,0,1,1
200500000577,5,1,4,1230,1,1,7,6,4319600,-60600,4,2,0,0,1,1,0,107,1,6,1,0,4,0,1,0,1
200500000578,5,1,11,1545,1,1,1,6,4319600,-61000,4,2,2,0,1,1,0,97,1,6,1,0,1,0,1,0,1
200500000579,5,1,12,1730,5,1,1,1,4316600,-59900,2,2,0,3,1,1,0,90,1,5,1,0,2,0,1,0,1
200500000580,5,1,2,1230,1,1,2,3,4304000,-60600,2,2,0,0,2,4,0,86,2,2,1,0,1,0,0,3,1
200500000583,5,1,18,1830,3,1,1,6,4350500,-77300,3,2,2,0,1,1,0,69,2,0,3,0,0,0,1,0,1
200500000593,5,1,23,2300,3,1,1,5,4687500,14600,2,2,2,0,1,1,0,69,1,0,1,0,3,0,1,0,1
200500000596,5,1,19,730,2,1,1,6,4653200,72900,3,2,2,0,2,1,0,70,0,0,3,0,0,0,1,0,1
200500000602,5,1,13,1515,1,1,1,6,4574800,-35700,3,2,2,0,1,3,0,56,1,0,1,0,1,0,1,0,1
200500000603,5,1,15,1545,3,1,1,7,4547100,-12300,3,2,0,0,0,0,0,0,1,0,0,0,2,0,2,0,1
200500000605,5,1,26,1115,1,1,1,3,4565200,-26000,4,2,2,0,1,1,0,57,1,0,1,0,1,0,1,0,1
200500000607,5,1,28,1000,1,9,4,2,4603400,64500,3,2,2,0,1,1,0,70,5,0,1,0,1,0,1,0,1
200500000608,5,1,8,2000,5,1,2,6,4590000,57400,3,2,2,0,0,1,0,54,2,0,1,0,1,1,0,0,1
200500000609,5,1,6,1445,1,9,1,6,4603300,20200,3,2,2,0,1,0,0,0,1,5,1,3,1,0,1,0,1
200500000610,5,1,6,1015,1,1,1,6,4576500,-200,3,2,0,0,1,1,0,66,1,0,3,0,0,0,0,1,1
200500000611,5,1,6,1300,1,1,8,3,4572300,30400,3,2,2,0,0,1,0,63,2,0,1,0,1,0,0,1,1
200500000613,5,1,2,1315,1,2,1,1,4578000,-6000,3,2,0,0,1,1,0,0,1,5,1,0,2,0,1,1,1
200500000614,5,1,13,700,3,9,5,3,4611000,-98300,3,3,2,0,2,2,0,0,2,2,1,0,1,0,0,1,1
200500000615,5,1,29,1545,1,2,1,3,4613700,-99900,3,2,0,0,0,1,0,60,1,5,1,0,2,0,1,0,1
200500000616,5,1,14,1815,5,9,1,3,4545600,-43900,3,2,2,0,1,1,0,113,1,5,1,0,1,0,0,1,1
200500000617,5,1,29,915,1,3,1,3,4529200,-40800,3,2,2,0,2,1,0,73,1,0,1,0,1,0,1,0,1
200500000619,5,1,15,1900,4,1,1,6,4516100,-500,3,2,2,0,1,3,0,60,1,0,1,0,1,0,1,0,1
200500000620,5,1,16,500,5,1,1,6,4583300,-109700,3,3,2,3,1,1,52,164,1,5,1,0,0,1,0,0,1
200500000621,5,1,6,215,5,1,2,6,4592900,-100700,3,2,2,0,1,3,0,74,2,0,3,0,0,0,1,0,1
200500000622,5,1,22,1830,2,1,2,6,4592900,-100900,3,2,0,0,1,1,0,50,2,0,3,0,0,0,1,0,1
200500000623,5,1,8,915,1,1,8,1,4601900,-135200,4,2,2,0,1,1,56,0,2,0,1,0,2,0,0,1,1
200500000624,5,1,12,1230,1,2,8,3,4586900,-119900,2,3,1,0,0,1,35,80,2,5,1,0,2,0,0,1,1
200500000625,5,1,13,1615,3,1,2,6,4596100,-137700,4,2,0,0,1,3,0,0,2,0,1,0,0,0,1,0,1
200500000627,5,1,17,1230,1,2,5,3,4594000,-82000,3,2,0,0,1,1,0,45,2,0,1,0,1,0,0,1,1
200500000631,5,1,15,1500,1,1,1,6,4569900,-66700,3,2,2,0,1,1,0,58,1,0,3,0,0,0,1,0,1
200500000632,5,1,17,815,1,1,5,1,4588200,-82100,3,2,2,0,1,2,0,55,2,0,1,0,1,0,0,1,1
200500000634,5,1,29,1945,2,1,1,6,4562000,-91800,3,2,2,0,1,2,0,69,1,0,1,0,0,0,1,0,1
200500000640,5,1,9,1700,1,1,1,1,4649300,-42400,3,2,2,0,1,1,0,63,1,0,1,0,1,1,1,0,1
200500000645,5,1,31,1030,1,1,1,1,4681900,-66400,3,2,2,0,1,1,0,62,1,0,1,0,1,0,1,0,1
200500000647,5,1,22,1830,3,2,2,5,4689400,-19700,3,2,0,0,1,1,25,140,2,5,1,0,4,0,0,3,1
200500000650,5,1,16,1515,1,1,1,6,4627600,-3800,4,2,2,0,1,3,0,46,1,0,1,0,2,1,0,0,1
200500000655,5,1,13,1400,1,1,1,7,4634900,136500,3,2,2,0,1,3,0,70,2,0,3,0,0,0,1,0,1
200500000656,5,1,23,2330,5,1,1,7,4635400,139100,3,2,2,0,1,2,0,55,1,0,3,0,0,0,0,1,1
200500000657,5,1,24,2130,3,1,4,3,4619600,125500,2,2,2,0,1,3,0,74,7,0,1,0,0,0,1,1,1
200500000658,5,1,31,1000,1,1,5,1,4571300,88700,3,2,2,0,2,1,0,60,2,0,1,0,1,0,1,0,1
200500000659,5,1,6,1845,3,1,1,6,4520000,177400,3,2,2,0,3,3,0,78,1,0,1,0,1,0,1,0,1
200500000660,5,1,11,2015,3,1,1,5,4525700,163300,3,2,2,0,0,3,0,75,1,0,1,0,3,0,1,0,1
200500000661,5,1,29,1630,1,1,1,6,4516200,186900,2,2,2,0,1,1,0,74,1,0,3,0,0,0,2,0,1
200500000662,5,1,14,1600,1,1,7,7,4527700,203200,3,2,0,0,2,3,0,60,1,0,1,3,2,0,1,0,1
200500000664,5,1,10,1700,1,1,7,3,4529100,139200,3,2,2,0,1,1,0,66,1,0,1,0,1,0,0,1,1
200500000665,5,1,13,1200,1,1,1,3,4527000,140100,3,2,0,0,0,0,0,74,0,0,0,0,1,0,1,0,1
200500000666,5,1,24,1845,5,1,1,6,4526200,140500,3,2,2,0,2,1,0,52,1,0,0,0,1,0,1,0,1
200500000667,5,1,10,800,1,1,1,6,4550400,229600,3,2,2,0,1,1,0,0,1,0,3,0,0,0,1,0,1
200500000668,5,1,15,1745,1,2,1,3,4565800,246700,2,0,2,0,3,1,0,75,1,5,1,0,1,1,1,0,1
200500000669,5,1,4,945,1,1,1,1,4559400,192000,3,2,2,0,1,1,0,62,1,0,1,0,1,0,1,0,1
200500000670,5,1,8,930,1,1,9,6,4552200,217100,3,2,2,0,0,0,0,71,7,0,1,0,0,0,2,0,1
200500000671,5,1,31,1030,1,1,5,1,4620600,223900,3,2,2,0,0,1,0,0,2,0,1,0,0,1,1,0,1
200500000672,5,1,6,2315,3,1,1,2,4620100,178500,2,0,2,0,2,2,0,73,1,0,1,0,1,1,0,0,1