Num_Acc,an,mois,jour,hrmn,lum,int,atm,col,lat,long,catr,circ,nbv,vosp,prof,plan,lartpc,larrout,surf,infra,situ,env1,unscathed,killed,hospital,light,chance
200500001099,5,1,1,1215,1,1,2,7,4836200,629700,2,3,0,0,1,2,10,74,2,0,0,0,0,0,0,1,1
200500001101,5,1,13,1745,2,1,8,6,4836100,570100,2,2,2,0,1,0,0,60,2,0,1,0,1,0,1,0,1
200500001102,5,1,20,1830,3,1,2,1,4832500,562000,2,2,0,0,1,1,0,80,2,0,1,0,0,0,1,2,1
200500001103,5,1,26,1815,3,1,9,5,4832400,562100,2,2,0,0,0,0,0,0,0,4,0,0,5,0,0,2,1
200500001104,5,1,13,1900,5,1,1,3,4820300,595100,3,2,2,0,1,2,19,122,1,5,1,0,1,0,0,2,1
200500001105,5,1,4,1545,1,1,7,6,4811000,653000,4,2,0,0,1,1,0,0,1,0,1,0,1,0,1,0,1
200500001106,5,1,22,1900,3,1,1,3,4813000,649600,3,4,2,0,1,1,0,62,1,3,1,0,3,0,0,6,1
200500001109,5,1,14,1745,5,1,1,6,4818900,698900,3,2,2,0,1,1,0,70,1,6,1,0,1,0,1,0,1
200500001111,5,1,13,1245,1,1,8,6,4847700,697600,3,2,2,0,1,3,0,55,2,0,1,0,0,0,1,0,1
200500001114,5,1,7,1800,5,6,1,6,4837000,759000,3,1,1,0,1,2,0,71,1,0,1,0,1,0,0,1,1
200500001115,5,1,25,1715,2,1,8,6,4842600,765900,3,2,2,0,0,1,0,68,9,0,1,3,1,0,0,2,1
200500001116,5,1,4,2000,3,1,1,3,4875200,783300,3,2,2,0,1,1,78,0,1,0,1,0,1,0,0,1,1
200500001117,5,1,4,930,1,1,1,1,4878600,786700,4,2,2,0,1,1,0,60,1,0,1,0,1,0,0,1,1
200500001121,5,1,24,630,2,1,8,7,4885000,763300,3,2,2,0,2,2,0,74,5,0,3,0,0,0,0,1,1
200500001123,5,1,8,1545,1,1,1,7,4893400,735200,3,2,2,0,1,1,0,60,2,0,3,0,0,0,0,1,1
200500001124,5,1,8,2030,3,1,1,5,4900900,707000,3,2,0,0,1,1,0,70,2,0,1,0,3,1,0,0,1
200500001127,5,1,16,1200,1,1,1,2,4875800,754400,3,2,2,0,0,1,0,100,1,0,1,0,5,0,0,1,1
200500001128,5,1,22,1200,1,1,1,2,4876600,757000,4,2,1,0,1,1,0,70,1,0,1,3,1,0,0,1,1
200500001129,5,1,4,1945,3,1,1,6,4861900,766200,3,0,2,0,2,1,0,69,1,0,1,0,0,0,0,1,1
200500001131,5,1,22,1800,5,1,1,3,4869800,788700,3,2,0,1,1,1,0,75,1,0,1,0,1,0,1,1,1
200500001132,5,1,15,1030,1,1,4,6,4831600,751400,3,2,2,0,1,1,0,60,7,2,3,0,0,0,1,0,1
200500001133,5,1,1,30,5,1,1,6,4825500,760800,4,2,2,0,1,1,0,90,2,0,1,0,1,0,1,0,1
200500001134,5,1,21,900,1,1,1,6,4818000,755300,3,2,2,0,1,2,0,60,1,0,3,0,0,0,0,1,1
200500001136,5,1,20,1100,1,1,1,3,4904100,793900,3,2,0,0,1,0,34,69,1,0,1,0,0,0,0,2,1
200500001137,5,1,27,1615,3,1,1,7,4896900,786100,3,2,0,0,1,3,0,60,1,0,3,0,0,0,1,1,1
200500001138,5,1,15,515,3,1,9,6,4890100,794300,3,2,0,0,1,1,0,55,7,2,1,0,0,0,0,1,1
200500001139,5,1,9,30,5,1,1,7,4887900,774000,3,2,2,0,1,1,0,60,1,0,1,0,0,0,0,1,1
200500001145,5,1,27,645,5,1,9,6,4804600,718400,3,2,2,0,1,1,0,75,7,0,1,0,1,1,0,0,1
200500001146,5,1,7,1500,1,1,1,1,4813900,730300,4,2,0,0,1,0,0,60,1,0,1,0,1,0,1,0,1
200500001147,5,1,18,700,2,1,2,7,4814000,730300,4,2,0,0,1,1,0,60,2,0,1,0,0,0,1,1,1
200500001148,5,1,19,1745,1,1,1,3,4813900,728300,3,2,3,0,1,1,0,91,1,0,1,0,3,0,0,1,1
200500001149,5,1,24,800,1,1,4,1,4819100,733800,3,2,2,0,0,4,61,0,7,0,1,0,0,0,0,2,1
200500001150,5,1,1,915,1,1,8,3,4763200,726600,3,3,2,0,1,1,10,70,1,0,1,0,4,0,0,1,1
200500001153,5,1,11,1200,3,1,1,3,4791000,724000,3,2,2,0,1,1,26,78,1,5,1,0,1,0,1,0,1
200500001156,5,1,5,1945,3,9,1,1,4796500,731000,2,2,0,0,2,2,0,110,1,3,1,0,3,0,1,2,1
200500001158,5,1,31,1100,1,1,1,6,4784300,722200,3,2,0,0,1,2,0,71,1,0,3,0,0,0,1,0,1
200500001159,5,1,10,1830,5,1,1,3,4778300,736900,3,3,0,0,1,1,0,120,1,5,1,0,1,0,1,0,1
200500001160,5,1,31,715,2,9,1,1,4779100,743100,3,2,4,0,1,1,65,0,1,3,1,0,0,1,0,1,1
200500001161,5,1,21,1215,1,1,1,3,4781900,750700,3,2,0,0,1,1,63,105,1,5,1,0,1,0,2,0,1
200500001162,5,1,4,1415,1,1,8,3,4764300,752000,3,2,2,0,1,1,0,53,1,0,1,0,1,0,1,0,1
200500001165,5,1,10,1215,1,1,7,6,4783300,708100,2,2,2,0,1,1,28,70,1,0,1,0,1,0,1,0,1
200500001166,5,1,19,1400,1,9,1,1,4783300,708100,2,2,2,3,1,1,28,70,2,0,1,0,2,0,0,2,1
200500001167,5,1,27,1500,1,1,1,3,4780900,717700,4,2,2,1,1,1,70,0,1,0,1,0,1,0,0,1,1
200500001168,5,1,8,1500,1,1,1,3,4790300,698200,3,2,2,0,1,1,34,69,1,5,1,0,0,0,1,2,1
200500001169,5,1,16,1900,3,1,1,1,4789200,697000,2,2,0,0,1,3,0,80,7,0,1,0,1,0,1,0,1
200500001170,5,1,30,1745,3,1,1,1,4788700,691900,2,2,0,0,2,3,0,88,7,0,1,0,1,0,0,1,1
200500001171,5,1,3,1300,1,1,8,3,4891300,427300,3,2,0,0,1,1,0,70,2,0,1,0,1,0,1,2,1
200500001172,5,1,27,200,3,1,1,7,4905500,430400,2,3,0,0,1,1,54,145,1,0,0,0,0,1,0,0,1
200500001174,5,1,4,1545,1,1,7,2,4883700,394700,3,2,2,0,1,1,0,60,1,0,1,0,1,1,0,0,1
200500001175,5,1,8,1400,1,1,8,6,4886400,416600,3,2,2,0,1,2,0,0,1,0,1,0,0,0,0,1,1
200500001176,5,1,10,1915,5,1,2,3,4890800,400600,3,1,1,0,1,1,0,77,2,0,1,0,1,0,0,1,1
200500001177,5,1,19,1315,1,1,1,6,4890400,400800,3,2,0,0,1,1,0,69,1,0,3,0,0,0,0,1,1
200500001178,5,1,19,830,1,1,2,7,4891500,355500,3,2,2,0,0,2,0,40,2,0,1,0,0,0,0,1,1
200500001179,5,1,5,1500,1,1,2,2,4873300,357100,2,3,4,0,1,1,45,140,2,0,1,0,1,0,0,1,1
200500001180,5,1,6,1000,1,1,1,1,4869800,367100,9,2,0,0,1,1,0,37,2,0,1,0,1,0,0,1,1
200500001181,5,1,25,730,1,1,1,6,4864800,357400,3,2,0,0,1,1,0,0,2,0,3,0,0,0,0,1,1
200500001185,5,1,15,745,2,1,5,3,4911600,386500,3,2,2,0,1,1,0,50,1,0,1,0,2,0,1,0,1
200500001186,5,1,16,1930,3,1,9,1,4920900,389400,3,2,0,0,2,3,0,65,9,0,1,0,0,0,5,0,1
200500001188,5,1,29,1845,3,1,1,6,4913400,385300,3,2,0,0,1,1,0,41,1,0,1,0,1,1,0,0,1
200500001190,5,1,18,930,1,1,1,3,4873300,459300,3,2,2,0,1,1,0,0,1,0,1,0,2,0,0,1,1
200500001191,5,1,19,700,2,1,8,2,4873400,458600,3,0,0,0,0,0,0,0,2,0,1,0,1,0,0,1,1
200500001192,5,1,19,1545,1,1,9,6,4907700,488900,3,2,0,0,2,2,0,56,7,2,1,0,0,0,0,1,1
200500001193,5,1,25,1815,3,1,2,5,4975400,477200,3,2,2,0,1,1,0,70,2,0,1,0,1,1,0,3,1
200500001194,5,1,31,1845,3,1,9,5,4974300,477800,1,3,0,0,1,1,30,240,2,0,1,0,2,0,0,2,1
200500001195,5,1,31,1745,1,1,8,3,4982200,474500,4,2,0,0,0,0,70,0,2,0,1,0,1,0,0,1,1
200500001198,5,1,19,930,1,1,9,6,4989200,438000,4,2,2,0,0,2,0,31,7,0,3,0,0,0,1,1,1
200500001199,5,1,3,1800,3,1,2,5,4965900,514300,2,2,2,0,1,1,76,0,2,0,1,0,2,1,0,0,1
200500001200,5,1,22,1230,1,1,1,6,4956500,486700,3,2,2,0,1,4,0,67,1,0,3,0,2,0,1,1,1
200500001201,5,1,1,1115,1,1,8,2,4944100,467000,3,2,2,0,2,1,0,0,2,0,1,0,3,0,0,3,1
200500001202,5,1,16,2015,5,1,1,1,4929600,482100,3,2,0,0,1,1,0,73,1,0,1,0,3,0,0,1,1
200500001203,5,1,18,2345,3,1,2,7,4949800,461700,3,2,2,0,1,1,0,50,2,0,1,0,0,0,0,1,1
200500001204,5,1,12,1100,1,1,8,1,4933900,487200,3,2,2,0,1,3,0,64,2,0,1,0,0,0,2,1,1
200500001207,5,1,7,2000,5,1,1,1,4846000,412300,2,2,2,0,1,1,0,100,1,0,1,0,2,0,1,0,1
200500001208,5,1,28,1700,1,1,8,3,4867400,420100,3,2,0,0,1,1,0,80,2,0,1,0,1,0,1,0,1
200500001210,5,1,16,845,1,1,4,6,4825900,457800,2,2,2,0,1,1,0,72,7,0,3,0,0,0,0,3,1
200500001211,5,1,9,1930,5,1,1,6,4803400,443000,4,2,2,0,1,1,0,35,1,0,4,0,0,0,1,0,1
200500001212,5,1,4,1415,3,1,1,3,4838000,377600,3,2,0,0,0,1,0,47,1,0,1,0,0,0,1,1,1
200500001213,5,1,21,1215,1,1,1,1,4850900,345500,2,2,2,0,1,1,0,71,1,0,1,0,1,0,1,0,1
200500001214,5,1,11,1830,5,1,1,3,4851000,373000,2,2,3,3,0,1,33,100,1,5,1,0,1,0,1,1,1
200500001215,5,1,11,830,1,6,1,3,4852400,372600,4,2,1,0,1,1,0,80,1,5,1,0,1,0,1,0,1
200500001216,5,1,18,1045,1,2,2,3,4846900,389200,2,2,3,0,1,1,0,156,2,5,1,0,7,0,1,0,1
200500001217,5,1,21,845,1,1,8,7,4849500,402600,3,2,2,0,1,3,0,60,2,0,3,0,0,0,2,0,1
200500001218,5,1,23,1530,1,2,1,3,4851000,368000,2,2,0,0,1,1,0,142,1,0,1,0,3,0,1,0,1
200500001219,5,1,4,1630,1,3,1,3,4801000,490200,3,2,2,0,0,1,0,60,1,5,1,0,1,0,0,1,1
200500001223,5,1,1,445,3,1,1,3,4786200,537100,2,2,2,0,1,3,0,71,2,0,1,0,4,0,0,2,1
200500001226,5,1,25,745,2,1,1,1,4781100,543900,4,2,0,0,1,1,0,75,1,0,1,0,1,0,0,1,1
200500001227,5,1,21,700,3,1,6,6,4773600,530700,2,2,2,0,1,1,0,73,2,0,3,0,0,0,1,0,1
200500001228,5,1,4,1645,1,1,1,1,4846000,517400,4,2,0,0,0,1,58,0,1,0,1,0,2,0,1,0,1
200500001229,5,1,13,2330,3,1,1,6,4846300,513200,3,2,0,0,1,2,0,71,2,0,0,0,0,1,0,1,1
200500001234,5,1,26,445,3,1,6,1,4739000,437200,1,3,2,0,1,1,30,105,5,0,1,0,1,1,0,0,1
200500001235,5,1,22,1830,3,1,1,5,4721000,527900,3,2,2,0,1,1,0,60,1,0,1,0,0,2,4,1,1
200500001237,5,1,9,2015,3,1,2,6,4735600,526500,3,2,0,0,1,1,0,48,2,0,3,0,2,0,0,1,1
200500001240,5,1,19,800,3,1,1,6,4731100,463400,1,0,0,0,0,0,0,0,0,0,0,0,0,0,1,0,1
200500001242,5,1,27,900,1,1,1,1,4696600,477000,2,2,2,0,1,1,0,82,1,0,1,0,1,0,0,1,1
200500001243,5,1,6,630,3,1,2,6,4773300,459900,2,2,2,0,1,3,0,74,2,0,3,0,0,0,1,0,1
200500001244,5,1,13,2145,3,1,5,3,4739800,440100,3,2,2,1,1,1,0,74,2,0,1,0,0,2,0,0,1
200500001245,5,1,9,445,3,1,1,6,4685900,336800,2,2,2,0,1,1,0,78,2,0,3,0,0,1,0,0,1
200500001246,5,1,17,1445,1,1,1,2,4681300,347700,3,2,0,0,0,1,0,61,1,0,1,0,1,0,1,0,1
200500001247,5,1,20,1915,5,1,1,6,4696500,315300,4,2,0,0,1,3,0,40,2,0,1,0,0,0,0,2,1
200500001248,5,1,12,1400,3,1,2,1,4675200,315000,2,2,2,0,1,1,38,73,2,0,1,0,2,1,0,0,1
200500001251,5,1,8,2215,3,1,8,6,4744800,350700,3,2,2,0,1,3,0,60,2,0,3,0,1,0,1,0,1
200500001252,5,1,21,1100,1,1,2,6,4735000,338000,2,2,0,0,2,1,0,65,8,0,3,0,1,0,1,0,1
200500001256,5,1,9,1345,1,1,8,1,4678300,416800,4,2,2,0,1,1,0,33,2,0,1,0,1,0,1,0,1
200500001258,5,1,12,1900,3,1,1,1,4676300,473100,3,2,2,0,1,2,0,64,1,3,1,0,2,0,0,2,1
200500001265,5,1,18,1045,1,1,2,6,4695500,490900,3,2,0,0,1,1,0,50,2,2,1,0,0,0,1,0,1
200500001266,5,1,16,1330,1,1,1,7,4642100,443000,2,2,0,0,1,1,0,0,0,0,1,0,2,1,5,6,1
200500001269,5,1,14,500,5,1,5,5,4646000,401500,3,2,2,0,1,1,0,61,2,0,1,0,1,0,1,1,1
200500001275,5,1,8,1930,3,1,1,1,4667500,539900,2,2,0,0,2,1,0,75,1,0,1,0,2,0,0,1,1
200500001277,5,1,20,1700,1,1,2,4,4664600,529300,2,2,2,0,1,1,0,65,2,0,1,0,2,0,0,1,1
200500001278,5,1,6,745,1,2,2,3,4654700,503400,3,2,0,0,1,1,0,68,2,0,1,0,0,0,0,2,1
200500001279,5,1,21,1745,3,1,2,5,4673100,445500,2,2,3,0,0,1,0,99,1,0,1,0,7,1,1,0,1
200500001280,5,1,6,1745,3,1,2,7,4780400,345400,3,2,2,0,1,1,0,55,2,0,3,0,0,0,0,1,1
200500001281,5,1,12,1230,1,2,2,3,4775100,347800,3,2,0,0,2,0,0,46,2,0,1,0,1,0,1,1,1
200500001282,5,1,28,745,5,1,4,3,4778000,350000,3,2,2,0,2,2,0,70,2,5,1,0,1,0,0,1,1
200500001286,5,1,9,1600,3,6,1,7,4793300,360800,3,2,0,0,0,1,100,88,1,5,1,0,1,0,1,0,1
200500001289,5,1,13,1930,3,1,5,5,4778700,308800,3,2,0,0,1,1,0,55,1,0,1,0,2,0,0,1,1
200500001290,5,1,16,1300,1,2,1,3,4775500,340700,3,2,0,0,1,1,0,120,1,5,1,0,1,0,0,1,1
200500001291,5,1,3,1545,1,1,1,6,4746500,376400,3,2,0,0,4,3,0,60,1,0,1,0,1,0,1,0,1
200500001292,5,1,26,1115,1,1,4,6,4749600,397900,2,2,0,0,2,1,0,0,5,0,3,0,0,0,0,1,1
200500001293,5,1,20,2030,5,3,2,1,4747300,403100,3,2,2,0,1,1,0,58,2,0,1,0,1,0,0,1,1
200500001294,5,1,21,1700,1,1,1,3,4800300,331400,3,2,0,0,1,1,0,0,1,0,1,0,2,0,0,1,1
200500001295,5,1,18,915,1,1,1,6,4789500,303200,3,2,2,0,1,2,0,40,2,0,1,0,0,0,0,1,1
200500001296,5,1,29,1530,1,1,1,3,4797000,351600,9,2,2,0,1,1,0,60,1,0,1,0,2,0,1,0,1
200500001299,5,1,6,645,5,1,8,2,4828500,321000,3,2,2,0,1,1,0,60,2,0,1,0,1,0,1,0,1
200500001300,5,1,20,1515,1,1,1,6,4828400,321400,3,2,2,0,0,1,0,64,1,0,1,0,0,0,0,1,1
200500001301,5,1,3,715,3,1,1,7,4818900,307600,3,2,2,0,1,1,0,70,1,0,1,0,0,0,0,1,1
200500001303,5,1,19,730,1,1,1,7,4818000,316000,3,2,2,0,1,1,0,70,7,0,1,0,0,0,0,2,1
200500001304,5,1,2,2115,3,1,1,6,4818000,339800,2,2,0,0,1,1,0,80,1,0,1,0,0,0,0,2,1
200500001306,5,1,11,1745,3,2,1,3,4808800,330300,2,2,2,0,4,2,0,260,1,0,1,0,1,0,0,1,1
200500001307,5,1,20,1900,3,1,1,6,4802800,325900,3,2,2,0,0,1,0,0,1,0,1,0,1,0,0,1,1
200500001308,5,1,31,1215,1,1,1,6,4813600,355300,3,2,2,0,1,0,0,84,1,0,1,3,1,0,0,1,1
200500001309,5,1,14,1830,3,1,8,6,4724500,612600,3,2,0,0,1,1,0,65,2,0,1,0,0,0,1,2,1
200500001312,5,1,5,1400,1,1,1,6,4752400,678800,4,2,2,0,2,1,0,0,1,0,3,0,0,0,1,0,1
200500001313,5,1,11,1545,1,6,7,3,4752900,685800,3,1,0,0,1,2,0,60,1,0,1,0,1,0,0,1,1
200500001314,5,1,24,1500,1,1,4,6,4748500,668900,3,2,0,0,0,0,0,0,5,0,0,0,0,0,0,1,1
200500001315,5,1,12,1800,5,9,2,6,4745400,680900,2,2,0,0,1,1,0,70,2,0,1,0,1,0,1,1,1
200500001316,5,1,9,1600,1,1,1,6,4744000,678600,3,2,0,0,1,3,0,67,2,0,3,0,1,0,0,1,1
200500001317,5,1,24,1300,1,1,8,6,4738700,677500,3,2,2,0,0,1,0,69,2,0,1,0,1,1,0,0,1
200500001320,5,1,19,1900,3,1,1,1,4696000,606900,3,2,2,0,2,3,0,71,7,0,1,0,1,0,1,0,1
200500001321,5,1,27,630,3,1,6,1,4692300,629900,3,2,2,0,1,3,0,101,5,0,1,0,0,0,0,2,1
200500001322,5,1,23,1615,1,1,4,7,4677700,628100,3,2,0,0,0,0,0,70,5,0,0,0,0,0,0,1,1
200500001324,5,1,12,815,2,1,8,5,4672700,547400,3,2,2,0,1,1,0,65,1,0,1,0,1,1,0,1,1
200500001326,5,1,21,1345,1,1,2,7,4696000,579000,2,2,4,0,1,2,0,126,2,0,1,0,0,0,1,0,1
200500001327,5,1,20,1915,3,1,5,1,4716100,571900,3,2,2,0,3,1,0,75,1,0,1,0,2,0,1,0,1
200500001328,5,1,8,445,3,1,9,6,4639000,574800,3,2,3,0,0,3,0,111,7,0,1,0,0,0,1,0,1
200500001329,5,1,15,2330,5,1,1,6,4638800,577900,3,2,2,0,1,1,63,63,1,0,1,3,1,0,1,0,1
200500001331,5,1,8,1100,1,1,7,6,4654100,601600,2,2,0,0,2,1,0,65,1,0,1,0,1,0,1,0,1
200500001333,5,1,29,2000,3,1,1,1,4663000,595000,2,2,0,0,2,3,0,73,7,0,1,0,3,0,0,1,1
200500001335,5,1,3,1615,1,1,1,5,4751000,611000,2,2,2,0,1,1,0,75,1,0,1,0,2,0,2,0,1
200500001336,5,1,14,1930,3,1,1,3,4734000,601000,2,4,3,0,1,1,0,120,1,0,1,0,0,1,1,2,1
200500001337,5,1,6,745,2,1,2,1,4768100,640000,2,2,2,0,1,1,0,79,2,0,1,0,0,0,2,0,1
200500001338,5,1,26,1330,1,1,1,3,4767900,650600,3,2,2,0,0,1,0,61,1,0,1,0,1,0,1,0,1
200500001339,5,1,22,1630,1,1,1,2,4774100,673000,3,2,0,0,1,1,0,66,1,0,1,0,1,0,0,1,1
200500001340,5,1,25,1830,5,1,1,7,4775200,658500,3,2,2,0,2,2,0,66,1,0,3,0,0,1,0,0,1
200500001343,5,1,7,1445,1,1,1,6,4749200,594800,3,2,2,0,1,1,0,72,1,0,4,0,0,0,1,0,1
200500001344,5,1,19,1800,3,1,8,3,4752900,564700,3,2,2,0,1,4,0,70,2,0,1,0,0,0,0,2,1
200500001349,5,1,20,1900,5,1,2,6,4774700,682600,3,2,2,0,2,2,0,60,2,0,1,0,1,0,0,1,1
200500001350,5,1,26,830,1,1,8,1,4752800,696300,3,2,0,0,1,2,0,66,2,0,1,0,6,0,0,6,1
200500001355,5,1,15,2300,3,1,1,5,4366000,549500,3,2,0,0,0,1,0,75,1,0,1,0,0,1,0,8,1
200500001358,5,1,4,900,1,1,1,1,4344000,537000,3,2,2,0,1,1,0,45,1,0,1,0,1,0,1,0,1
200500001359,5,1,6,945,1,1,1,6,4346000,541000,5,2,2,0,0,3,0,35,1,0,1,0,1,0,0,1,1
200500001361,5,1,20,1945,3,1,1,1,4389100,490200,3,2,2,0,1,1,0,74,1,0,3,0,0,0,2,0,1
200500001363,5,1,25,2345,3,1,1,1,4387300,491500,2,2,2,0,0,1,0,105,1,0,1,0,2,0,0,2,1
200500001367,5,1,23,1745,2,1,2,6,4353000,470700,3,2,2,0,1,3,0,69,2,0,1,0,0,1,1,0,1
200500001371,5,1,22,1215,1,1,1,1,4334200,560300,2,2,0,0,1,1,0,62,1,0,1,0,1,0,1,1,1
200500001372,5,1,29,1630,1,7,1,3,4335600,560500,4,1,0,0,0,0,0,40,1,0,0,0,2,0,1,0,1
200500001374,5,1,23,745,2,1,1,1,4379000,493600,3,2,2,0,0,1,0,64,1,0,1,0,0,0,0,2,1
200500001375,5,1,9,500,5,1,1,5,4349000,522300,2,2,0,0,1,1,10,60,1,0,3,0,2,0,0,1,1
200500001376,5,1,29,1230,1,1,1,5,4349100,523200,3,2,2,0,0,1,0,70,1,0,1,0,1,0,0,2,1
200500001377,5,1,16,1345,1,1,1,1,4368800,539900,3,2,0,0,3,1,0,0,1,0,1,0,0,1,0,3,1
200500001378,5,1,29,400,3,1,1,6,4378600,586900,3,2,2,0,1,3,0,70,1,0,3,0,0,0,1,0,1
200500001379,5,1,7,1400,1,1,1,1,4404100,594900,2,2,2,0,1,1,0,75,1,0,1,0,0,0,1,1,1
200500001380,5,1,29,100,3,1,1,1,4389600,590900,3,2,2,0,1,1,0,70,1,0,1,0,1,0,0,2,1
200500001381,5,1,3,1415,1,1,1,3,4438900,666300,3,1,0,0,1,1,0,42,2,2,1,0,1,0,0,1,1
200500001382,5,1,28,430,3,1,9,6,4437800,668000,3,2,0,0,0,3,0,80,1,0,1,0,0,2,1,2,1
200500001383,5,1,12,1200,1,1,9,6,4445100,633000,3,0,0,0,4,2,73,0,7,0,0,0,0,0,0,1,1
200500001384,5,1,18,630,2,1,8,7,4440400,654300,3,2,2,0,1,3,0,65,7,0,1,0,0,0,0,1,1
200500001386,5,1,13,1815,3,1,1,3,4390800,579200,3,2,0,0,1,2,0,0,1,0,1,0,2,0,1,0,1
200500001388,5,1,5,1815,3,1,1,3,4429900,584300,2,2,2,0,1,1,0,70,1,0,1,0,1,0,0,1,1
200500001389,5,1,13,1845,5,1,1,6,4420100,594500,4,2,2,0,1,1,0,70,1,0,1,3,1,0,0,1,1
200500001391,5,1,15,1115,1,1,1,2,4440900,573100,2,2,2,0,0,1,0,100,1,0,1,0,0,0,0,2,1
200500001392,5,1,16,1345,1,1,1,7,4460400,585900,3,2,1,0,1,1,0,70,1,0,1,0,0,0,1,1,1
200500001395,5,1,27,1145,1,1,1,7,4455000,627000,4,2,2,0,1,1,0,40,1,0,0,0,1,0,1,0,1
200500001403,5,1,6,615,2,1,1,7,4390700,719800,2,1,2,0,1,2,0,0,7,0,0,0,0,0,1,0,1
200500001404,5,1,8,1345,1,1,1,2,4390900,719800,2,1,2,0,1,1,0,72,2,0,1,0,2,0,2,0,1
200500001405,5,1,12,1830,5,1,1,7,4402000,731400,3,2,2,0,1,1,0,70,1,0,1,0,0,0,0,2,1
200500001408,5,1,17,1615,1,1,1,5,4369600,733000,3,2,0,0,1,1,0,55,1,0,1,0,3,0,0,1,1
200500001416,5,1,6,1115,1,1,1,1,4392200,716700,2,2,2,0,0,2,0,75,7,0,1,0,0,0,1,3,1
200500001417,5,1,23,1615,1,1,1,5,4395600,716100,3,2,2,0,1,3,0,67,1,0,1,0,3,0,0,5,1
200500001418,5,1,27,545,3,1,1,6,4409200,691900,3,2,2,0,1,1,0,80,1,0,1,0,0,0,1,0,1
200500001419,5,1,9,1530,1,1,1,6,4423100,693800,3,2,2,0,2,1,0,67,1,0,1,0,1,0,0,1,1
200500001420,5,1,5,1930,3,1,1,7,4359700,646300,3,2,0,0,1,3,0,70,1,0,1,0,2,0,2,0,1
200500001425,5,1,5,745,1,1,1,1,4356400,609200,3,2,2,0,1,1,0,56,7,0,1,0,1,0,0,1,1
200500001426,5,1,5,1730,2,1,1,7,4351500,592300,3,2,2,0,1,1,0,54,1,0,1,0,0,0,2,0,1
200500001427,5,1,24,2300,5,1,1,6,4356400,601100,3,2,2,0,1,4,0,56,1,0,4,3,0,0,1,0,1
200500001428,5,1,12,1900,3,1,1,1,4371100,587200,3,2,0,0,2,1,0,45,1,0,1,0,0,0,2,0,1
200500001431,5,1,7,2345,3,1,1,7,4350100,573600,3,2,0,0,1,2,0,70,1,0,1,0,0,0,1,1,1
200500001434,5,1,29,1815,3,1,1,6,4346700,662800,2,3,0,0,2,1,45,140,1,0,0,0,1,1,0,0,1
200500001437,5,1,14,2230,3,1,1,6,4352400,656300,3,2,2,0,3,2,0,97,1,0,1,0,0,0,3,1,1
200500001442,5,1,12,1445,1,1,1,3,4322200,581600,2,2,2,0,2,2,0,76,1,0,1,0,2,0,0,1,1
200500001444,5,1,4,1915,3,1,1,3,4324000,610400,3,2,2,0,1,1,25,80,1,5,1,0,2,0,0,2,1
200500001445,5,1,10,1730,3,1,1,3,4313200,608200,2,2,0,0,1,1,0,115,1,0,1,0,1,0,1,0,1
200500001446,5,1,19,1800,3,1,1,6,4314100,608100,3,2,2,0,1,0,0,60,1,0,1,0,1,0,1,1,1
200500001451,5,1,19,930,1,1,8,3,4316500,572900,3,2,2,0,2,4,0,78,1,0,1,0,1,1,0,0,1
200500001454,5,1,3,1200,1,1,1,2,4383900,507900,3,2,0,0,0,1,0,0,1,0,1,0,1,0,0,1,1
200500001455,5,1,10,1730,2,1,1,3,4387300,512700,2,2,2,0,1,1,0,0,1,5,1,0,2,0,0,1,1
200500001456,5,1,14,1715,1,1,1,6,4384900,514000,3,2,2,0,1,1,0,50,1,0,1,0,1,0,0,1,1
200500001457,5,1,21,515,5,1,1,2,4382000,506700,3,2,2,0,1,1,14,62,1,0,1,0,4,1,0,0,1
200500001458,5,1,7,2345,3,1,1,7,4400700,488800,4,2,0,0,1,3,0,60,1,0,3,0,0,0,0,1,1
200500001460,5,1,16,830,1,1,1,6,4385600,538500,3,2,2,0,2,0,0,45,1,0,3,0,0,0,1,0,1
200500001461,5,1,17,1645,1,1,1,3,4388300,538800,3,2,0,0,1,2,90,70,1,5,1,0,1,0,1,1,1
200500001464,5,1,29,1400,1,1,1,1,4386500,522300,2,2,0,0,1,1,0,0,1,0,1,0,1,0,1,0,1
200500001469,5,1,7,1800,3,1,1,3,4416000,476000,2,2,2,0,1,1,0,105,1,0,1,0,1,0,0,5,1
200500001472,5,1,23,1745,3,1,2,1,4425900,468200,3,2,2,0,1,3,0,76,2,0,1,0,1,1,0,0,1
200500001477,5,1,21,1215,1,1,1,3,4366400,397500,4,2,2,0,1,1,0,68,1,5,1,0,1,0,1,0,1
200500001478,5,1,6,745,1,1,9,6,4391100,376600,3,2,0,0,0,3,0,55,7,0,3,0,0,0,1,0,1
200500001479,5,1,5,1230,1,1,1,3,4356300,408900,4,2,1,0,0,2,0,75,1,0,1,0,1,0,0,1,1
200500001485,5,1,15,1415,1,1,1,2,4361800,317400,3,2,2,0,1,1,0,72,1,0,1,0,1,0,0,2,1
200500001487,5,1,1,800,1,1,1,6,4330100,314500,2,2,0,0,0,1,0,100,1,0,1,0,0,0,0,1,1
200500001488,5,1,7,1000,1,1,7,2,4337300,304200,2,2,2,0,1,1,0,60,1,0,1,0,1,0,0,2,1
200500001489,5,1,10,800,2,2,1,5,4331200,316800,2,2,2,0,1,1,0,120,1,0,1,0,1,0,0,2,1
200500001490,5,1,3,2215,5,1,1,3,4342700,316800,4,2,0,0,2,1,0,68,1,0,1,0,2,0,1,1,1
200500001491,5,1,24,1030,1,1,1,7,4344000,312900,3,2,0,0,1,0,0,60,0,0,0,0,0,0,1,0,1
200500001492,5,1,22,1900,3,1,1,6,4337500,314700,3,2,0,0,1,2,0,0,1,0,1,0,0,0,1,1,1
200500001494,5,1,18,1945,3,1,6,6,4350000,333400,3,2,2,0,0,1,0,60,1,0,3,0,0,1,1,0,1
200500001496,5,1,24,1000,1,1,1,6,4350900,331100,3,2,0,0,0,1,0,70,1,0,1,0,1,0,1,0,1
200500001497,5,1,24,2230,3,1,1,6,4343500,325500,3,2,2,0,1,1,0,60,1,0,0,0,0,0,1,0,1
200500001498,5,1,15,45,5,1,1,6,4328500,328400,3,2,2,0,1,1,0,70,1,0,4,0,1,0,0,3,1