Num_Acc,an,mois,jour,hrmn,lum,int,atm,col,lat,long,catr,circ,nbv,vosp,prof,plan,lartpc,larrout,surf,infra,situ,env1,unscathed,killed,hospital,light,chance
200500001499,5,1,29,2030,3,1,1,5,4329600,322100,3,2,0,0,1,0,0,70,1,0,1,0,2,1,1,2,1
200500001502,5,1,3,1800,1,1,1,3,4355700,348700,3,0,2,0,0,1,60,70,1,0,1,0,0,0,0,3,1
200500001503,5,1,13,800,3,1,1,7,4357500,336400,3,2,2,0,1,2,0,60,1,0,0,0,0,1,0,0,1
200500001504,5,1,15,1430,1,1,1,1,4361400,350300,3,2,2,0,1,1,0,65,1,0,1,0,2,0,0,2,1
200500001505,5,1,29,30,3,1,6,6,4354500,348500,3,2,2,0,1,1,0,56,1,0,3,0,0,0,1,0,1
200500001508,5,1,4,1200,1,9,1,7,4356200,379600,2,2,1,0,2,1,70,70,1,3,1,0,0,0,0,1,1
200500001509,5,1,10,1830,5,1,1,5,4350200,371200,2,2,0,0,1,1,120,90,1,0,1,0,2,0,0,1,1
200500001510,5,1,20,1930,3,1,1,1,4350400,366800,3,2,2,0,2,2,0,98,1,0,1,0,0,0,0,2,1
200500001511,5,1,28,2000,3,1,1,1,4346100,369100,3,2,2,0,1,1,0,72,1,0,1,0,1,0,0,1,1
200500001512,5,1,10,1030,1,1,1,7,4345900,359700,3,2,2,0,1,1,0,55,1,0,1,0,1,0,0,1,1
200500001513,5,1,30,1700,1,1,1,2,4348800,366300,4,2,0,0,1,0,0,0,1,0,0,0,0,0,0,2,1
200500001514,5,1,20,730,2,1,2,6,4330000,254000,3,2,2,0,1,1,0,60,2,0,1,0,1,0,1,0,1
200500001516,5,1,30,215,3,1,1,6,4331700,250000,3,2,0,0,1,3,0,60,1,0,3,0,2,1,1,0,1
200500001517,5,1,2,1700,2,1,2,6,4320300,214700,9,2,2,0,2,3,0,78,2,0,1,0,1,0,1,0,1
200500001518,5,1,28,1500,1,1,8,1,4311500,227300,3,2,2,0,1,1,0,65,2,0,1,0,1,0,0,2,1
200500001519,5,1,30,1400,1,1,1,2,4306400,222100,3,2,2,1,1,1,0,70,1,0,1,0,1,0,0,1,1
200500001521,5,1,1,200,5,9,1,6,4323600,267600,3,2,2,0,0,1,0,50,1,2,1,0,0,0,1,1,1
200500001522,5,1,9,1830,3,1,1,7,4321000,279100,2,2,0,0,1,1,0,80,1,0,3,0,0,0,0,2,1
200500001524,5,1,29,1500,1,1,6,7,4313400,265400,4,2,0,0,3,2,0,30,1,0,1,0,0,0,0,1,1
200500001525,5,1,25,730,3,1,4,7,4296500,276900,3,2,2,0,1,2,0,60,7,0,3,0,0,0,0,1,1
200500001527,5,1,19,1400,1,1,1,6,4378700,408700,2,2,0,1,1,1,0,0,1,0,1,3,1,1,0,0,1
200500001529,5,1,21,2100,3,1,1,5,4389900,452800,3,2,0,0,1,1,0,65,1,0,1,0,0,1,1,1,1
200500001531,5,1,25,1045,1,1,6,6,4369900,438900,3,2,2,0,0,1,0,58,9,0,3,0,0,0,0,1,1
200500001533,5,1,22,2245,3,1,1,6,4411300,416400,3,2,1,0,2,2,0,51,1,0,3,0,0,1,0,1,1
200500001534,5,1,23,1800,5,1,2,3,4417700,416000,4,2,2,0,1,1,0,50,2,5,1,0,1,0,0,1,1
200500001535,5,1,26,1415,1,1,1,6,4414700,417300,3,2,1,0,2,2,0,65,1,0,3,0,0,0,1,0,1
200500001536,5,1,28,1030,1,1,1,6,4413300,413600,3,2,2,0,2,1,0,60,1,0,1,0,0,0,1,2,1
200500001539,5,1,3,1000,1,1,1,6,4425900,420700,3,0,2,0,1,1,0,77,1,0,1,0,0,0,1,1,1
200500001540,5,1,14,1445,3,1,1,6,4420600,423900,3,2,0,0,1,2,0,55,1,0,1,0,0,0,1,1,1
200500001541,5,1,15,1630,1,1,1,6,4423700,414400,4,2,0,0,1,1,0,0,1,0,3,0,0,0,0,1,1
200500001543,5,1,31,1415,1,1,1,3,4430600,434300,3,0,0,0,1,1,0,61,1,0,1,0,1,0,0,2,1
200500001546,5,1,21,945,1,1,1,3,4394500,460400,2,0,2,0,1,1,0,64,1,0,1,0,1,0,1,0,1
200500001552,5,1,6,2045,3,1,1,6,4388800,430400,2,3,2,0,4,1,0,76,1,0,1,0,0,0,0,1,1
200500001553,5,1,6,1545,3,1,1,4,4388800,430500,2,3,2,0,4,1,0,76,1,0,1,0,4,0,1,3,1
200500001555,5,1,18,800,1,1,1,1,4390100,422500,3,2,2,0,3,1,0,58,1,0,1,0,1,0,1,0,1
200500001557,5,1,23,2030,3,1,1,3,4401400,367500,3,0,2,0,1,3,0,0,1,0,1,0,1,0,0,1,1
200500001558,5,1,10,1545,1,1,1,1,4392500,399000,3,2,2,0,1,1,0,74,1,0,1,0,0,0,2,0,1
200500001560,5,1,16,1430,1,1,1,1,4397400,392500,3,2,2,0,1,1,0,70,1,0,1,0,1,0,2,0,1
200500001561,5,1,28,1630,1,1,8,6,4473600,385700,2,2,2,0,1,1,0,67,5,0,1,0,1,0,0,1,1
200500001562,5,1,2,1745,3,1,1,5,4452900,329800,2,2,2,0,1,1,0,86,1,0,1,0,1,1,2,0,1
200500001563,5,1,10,530,3,1,9,7,4448400,320500,2,2,0,0,1,1,0,38,7,0,1,0,0,0,0,2,1
200500001564,5,1,13,830,1,1,9,6,4480400,321000,4,2,0,0,4,2,0,50,7,0,1,0,6,0,0,2,1
200500001565,5,1,18,930,3,1,1,6,4469800,339700,2,2,2,0,2,2,0,80,1,0,1,0,1,1,0,0,1
200500001567,5,1,19,1500,3,1,1,6,4277000,284000,3,2,0,0,1,0,0,50,1,0,0,0,0,0,0,1,1
200500001569,5,1,9,1930,3,1,1,3,4262600,286900,2,2,0,0,1,1,72,72,1,0,1,0,1,0,1,0,1
200500001571,5,1,17,1000,1,1,1,1,4248000,267000,3,2,2,0,1,4,0,90,1,0,1,0,1,0,1,0,1
200500001572,5,1,21,1615,1,1,1,1,4248500,269900,3,2,0,0,2,2,0,34,1,0,1,0,1,0,1,0,1
200500001573,5,1,27,1700,1,1,1,6,4250000,274000,3,2,0,0,1,1,0,55,1,0,1,0,1,0,1,0,1
200500001575,5,1,12,1245,1,1,1,3,4254800,302900,4,2,0,0,1,1,0,0,1,0,1,0,1,0,1,0,1
200500001576,5,1,19,1000,1,1,2,1,4251600,279700,9,2,2,0,0,2,0,50,2,0,0,0,2,0,1,0,1
200500001577,5,1,25,1300,1,1,9,7,4252000,285500,3,2,2,0,2,1,0,0,7,0,0,0,0,0,0,1,1
200500001580,5,1,14,845,1,1,1,1,4260000,210000,3,2,2,0,2,2,0,58,1,0,1,0,3,0,0,1,1
200500001581,5,1,14,1915,5,1,1,1,4190800,881600,3,2,2,0,1,4,0,72,1,0,1,0,1,1,0,0,1
200500001582,5,1,1,1615,1,1,1,6,4203100,890900,2,2,0,0,1,1,0,60,1,0,3,0,0,0,1,1,1
200500001583,5,1,18,1245,1,1,8,7,4198100,878100,3,2,0,0,0,1,0,76,2,0,0,0,0,0,0,1,1
200500001585,5,1,16,1845,3,3,1,3,4157400,927500,2,2,2,0,1,1,0,64,1,0,1,0,0,0,1,2,1
200500001587,5,1,8,1915,3,1,1,3,4252400,939400,2,2,2,0,1,2,0,68,1,0,1,0,1,1,1,0,1
200500001588,5,1,16,1145,1,1,1,1,4231200,915000,3,2,2,0,1,1,0,0,0,0,1,3,1,0,0,1,1
200500001589,5,1,11,1900,3,1,1,6,4230400,915900,3,2,1,0,0,2,0,70,1,0,1,0,2,0,0,1,1
200500001594,5,1,2,2100,3,1,1,3,4235800,953300,2,2,2,0,1,1,72,0,1,0,1,0,1,0,1,0,1
200500001595,5,1,6,1800,3,1,1,1,4232700,950600,3,2,0,0,0,3,0,60,2,0,1,0,1,0,1,1,1
200500001596,5,1,15,200,3,1,1,7,4217000,952700,2,2,2,0,1,1,0,70,1,0,3,0,0,0,0,3,1
200500001597,5,1,18,915,1,1,1,6,4222000,953500,2,2,2,0,3,3,0,74,1,0,3,0,0,0,0,1,1
200500001598,5,1,24,1915,5,1,2,2,4236600,953100,2,2,2,0,1,1,62,0,2,0,1,0,1,0,0,2,1
200500001599,5,1,22,1630,1,1,1,7,4233100,942300,3,2,1,0,2,3,0,32,1,0,1,0,0,1,0,0,1
200500001600,5,1,15,1730,3,1,1,1,4246800,949700,2,2,0,0,1,2,0,72,1,0,1,0,0,1,2,0,1
200500001601,5,1,9,2015,3,1,8,7,4908600,158700,4,2,2,0,1,2,0,38,2,0,0,0,0,0,1,0,1
200500001602,5,1,8,1630,1,1,2,3,4903300,185400,3,2,2,0,1,2,0,60,2,0,1,0,1,0,1,0,1
200500001603,5,1,29,1030,1,2,1,5,4903700,174800,3,2,0,0,2,1,0,67,2,5,1,0,2,0,0,2,1
200500001605,5,1,24,1845,3,1,1,1,4879400,169600,3,2,2,0,1,1,0,0,1,0,1,0,0,0,1,1,1
200500001607,5,1,9,345,3,1,1,6,4891400,160800,3,2,1,0,1,3,0,60,1,0,3,0,0,0,0,1,1
200500001608,5,1,18,2100,3,1,2,1,4851900,182300,2,2,2,0,1,1,0,101,2,0,1,0,0,1,0,1,1
200500001609,5,1,10,1515,3,1,1,6,4866900,193500,3,2,0,0,0,2,0,69,1,0,1,0,0,0,1,1,1
200500001612,5,1,29,300,3,1,1,6,4878200,188700,3,2,2,0,2,2,0,60,1,0,3,0,0,1,2,0,1
200500001618,5,1,14,745,1,1,5,1,4844000,245700,9,4,2,0,1,0,0,50,2,0,4,0,1,0,0,1,1
200500001620,5,1,12,1200,1,1,1,1,4860800,237300,4,2,2,0,0,3,93,0,2,0,1,0,0,0,1,1,1
200500001622,5,1,13,2015,3,1,2,1,4852800,220500,2,3,4,0,1,1,6,70,2,0,1,0,1,1,0,0,1
200500001623,5,1,12,845,1,1,2,6,4848900,219600,2,3,0,0,1,1,15,69,2,0,0,0,0,0,1,0,1
200500001624,5,1,14,2015,3,1,1,1,4853900,228800,3,2,0,0,2,3,0,100,1,0,1,0,0,0,2,0,1
200500001626,5,1,3,1700,2,1,8,1,4849600,235100,3,2,2,0,1,0,0,64,1,0,1,0,0,0,0,2,1
200500001627,5,1,16,1415,1,1,8,1,4847000,239000,3,2,2,0,1,4,0,51,2,0,1,0,1,0,1,1,1
200500001628,5,1,29,930,1,1,4,6,4849000,243000,4,2,2,0,0,1,0,39,5,0,1,0,0,0,0,1,1
200500001629,5,1,26,800,1,1,1,7,4837200,225100,3,2,1,0,1,1,0,0,1,0,1,0,0,0,1,0,1
200500001630,5,1,17,830,1,1,5,1,4875100,218000,4,2,0,0,1,1,0,0,2,0,1,0,1,0,0,1,1
200500001631,5,1,3,745,2,1,1,7,4917000,176600,3,2,3,0,2,3,0,102,7,0,1,0,0,0,0,1,1
200500001634,5,1,20,615,2,1,1,1,4916200,194600,3,2,2,0,2,1,0,69,2,5,1,3,0,0,0,2,1
200500001635,5,1,30,730,2,1,1,6,4916000,188300,3,2,2,0,1,1,0,0,1,0,0,0,0,0,1,0,1
200500001636,5,1,1,200,3,1,1,6,4909000,210700,3,0,2,0,0,2,20,72,2,0,1,0,1,0,0,1,1
200500001637,5,1,6,830,1,1,1,7,4909000,210200,3,2,2,0,1,2,33,106,0,5,0,0,1,0,0,1,1
200500001638,5,1,31,2000,3,1,1,7,4914500,210600,3,2,2,0,0,2,0,0,1,0,1,0,0,1,0,1,1
200500001640,5,1,30,1015,1,1,8,6,4866000,271400,4,2,2,0,1,1,0,41,1,0,1,0,0,0,1,0,1
200500001641,5,1,4,1830,3,1,1,2,4855000,276000,3,2,2,0,1,1,56,36,1,0,1,0,1,0,0,1,1
200500001644,5,1,8,2045,3,1,2,7,4851200,292300,3,2,1,0,0,0,0,62,2,0,0,0,0,0,1,0,1
200500001645,5,1,10,1445,1,1,7,6,4860900,289000,3,2,2,0,1,1,0,65,1,0,1,0,1,0,0,1,1
200500001646,5,1,19,900,1,1,1,6,4858300,282100,3,2,2,0,2,1,0,60,7,0,1,0,0,0,0,1,1
200500001647,5,1,28,1800,2,1,1,6,4858200,298700,2,2,0,0,1,1,0,70,2,0,3,0,0,0,0,1,1
200500001649,5,1,5,845,1,1,2,2,4871200,276300,3,2,2,0,1,1,55,0,2,0,1,0,0,0,0,2,1
200500001650,5,1,19,1815,3,9,2,6,4875600,276600,3,2,0,0,1,0,0,0,2,0,1,0,0,0,0,2,1
200500001651,5,1,1,2130,3,1,1,2,4886800,293700,3,2,1,0,2,2,0,60,2,0,1,0,1,0,0,1,1
200500001652,5,1,16,1230,1,1,1,1,4892900,297200,3,2,2,0,1,1,0,50,1,0,1,0,0,0,0,3,1
200500001653,5,1,20,800,2,1,1,7,4886500,286300,3,0,0,0,1,0,0,0,1,6,1,0,1,0,0,1,1
200500001654,5,1,9,1630,1,1,1,3,4878000,328000,2,2,2,0,1,1,0,70,1,5,1,0,2,0,0,1,1
200500001655,5,1,25,1800,5,1,1,6,4876400,321800,9,2,0,0,1,1,0,53,1,0,1,3,1,0,0,1,1
200500001660,5,1,22,645,3,1,1,7,4871400,295100,3,2,2,0,0,1,0,70,1,0,1,0,0,0,0,1,1
200500001661,5,1,5,830,1,9,2,1,4827800,243300,3,2,0,0,2,3,0,60,2,0,1,0,1,0,1,0,1
200500001662,5,1,10,1100,1,1,1,3,4815300,269000,3,2,2,0,0,3,0,60,1,0,1,0,0,0,0,2,1
200500001663,5,1,19,815,2,1,9,1,4823700,290200,3,2,2,0,2,3,0,70,7,0,1,0,1,0,0,1,1
200500001664,5,1,19,700,4,1,1,1,4896000,274700,3,2,2,0,1,1,0,60,7,0,1,0,0,0,2,0,1
200500001666,5,1,28,1700,1,1,8,2,4903700,280600,3,2,2,0,1,1,0,70,9,0,1,0,1,1,0,1,1
200500001667,5,1,28,2330,5,1,1,6,4898500,278400,3,2,2,0,1,3,0,0,2,0,4,0,1,0,0,2,1
200500001669,5,1,15,1745,2,1,5,5,4870200,327800,2,2,2,0,2,1,0,0,2,0,1,0,3,1,0,0,1
200500001670,5,1,20,1130,1,1,1,1,4846600,322800,4,2,0,0,1,1,0,59,1,0,1,3,1,0,1,0,1
200500001673,5,1,30,1430,1,1,8,1,4781400,184500,3,2,0,0,1,1,0,61,2,0,1,0,3,0,0,1,1
200500001674,5,1,19,1600,1,1,1,3,4797800,205300,2,2,2,0,1,1,0,133,1,5,1,0,1,1,0,0,1
200500001675,5,1,11,730,2,1,1,6,4770100,274500,2,2,0,0,1,1,0,180,1,5,1,0,1,1,0,0,1
200500001677,5,1,17,845,1,1,1,6,4770000,263200,9,2,2,0,1,1,0,0,2,0,1,0,1,1,0,0,1
200500001679,5,1,13,1815,1,1,1,3,4796500,279700,3,2,2,0,1,1,35,70,0,5,1,0,1,0,1,0,1
200500001680,5,1,18,900,1,2,3,3,4810100,288500,4,2,2,0,1,1,0,0,1,0,1,0,0,1,2,1,1
200500001683,5,1,25,915,1,1,4,7,4819300,224900,3,2,2,0,1,0,0,70,7,0,1,0,0,0,1,0,1
200500001684,5,1,27,1030,1,1,1,1,4818400,224600,4,2,2,0,1,1,0,70,1,0,1,0,1,1,0,0,1
200500001687,5,1,6,1500,2,1,2,6,4715800,290500,3,2,0,0,1,2,0,47,1,0,1,0,1,0,1,1,1
200500001689,5,1,7,1845,5,1,1,3,4733300,283200,3,2,2,0,2,1,0,78,1,0,1,0,1,0,1,0,1
200500001690,5,1,8,1515,1,1,2,7,4744500,288400,3,2,2,0,1,2,0,0,2,0,1,0,1,0,2,0,1
200500001691,5,1,9,15,5,1,2,6,4673400,250500,9,2,2,0,1,1,0,77,2,0,1,0,0,0,0,1,1
200500001694,5,1,28,1730,2,1,2,1,4699000,299900,3,2,0,0,3,2,0,60,7,0,1,0,0,0,1,1,1
200500001695,5,1,9,30,3,1,2,6,4748000,243000,3,2,0,0,1,1,75,0,2,0,3,0,0,0,0,1,1
200500001697,5,1,12,1215,1,1,2,6,4713300,232000,2,2,2,0,0,1,0,130,2,0,3,0,0,1,0,0,1
200500001698,5,1,24,815,2,1,9,1,4719800,232700,3,2,2,0,1,2,0,70,7,0,1,0,0,1,2,0,1
200500001699,5,1,28,1400,1,1,8,5,4725600,268200,3,2,2,0,3,1,0,70,1,0,1,0,2,0,2,0,1
200500001700,5,1,4,1800,3,1,8,3,4830000,148000,3,2,2,0,1,1,0,55,1,5,1,0,0,0,1,1,1
200500001701,5,1,4,645,3,2,1,5,4847300,161100,2,2,3,0,1,1,0,111,2,0,1,0,2,1,0,0,1
200500001703,5,1,25,800,2,1,1,7,4845000,129000,2,2,3,0,1,1,0,0,1,0,3,0,0,1,0,0,1
200500001705,5,1,29,1545,1,1,8,1,4850600,173400,2,4,3,0,1,1,0,110,2,0,1,0,0,1,3,2,1
200500001706,5,1,3,1500,1,1,1,2,4875600,146000,2,3,4,0,1,1,80,71,1,5,1,0,1,0,1,0,1
200500001707,5,1,17,645,3,1,1,2,4870800,102000,3,2,2,0,0,1,0,77,2,0,1,0,1,1,0,0,1
200500001708,5,1,15,1900,5,1,1,6,4857300,125300,3,2,2,0,1,1,0,75,0,0,1,0,0,0,0,1,1
200500001709,5,1,4,1500,1,1,1,6,4832000,82000,2,2,2,0,1,1,0,70,1,0,1,0,1,0,1,0,1
200500001710,5,1,7,1815,3,1,2,3,4829000,85000,3,2,0,0,0,1,0,0,2,5,1,0,0,0,0,2,1
200500001711,5,1,13,1200,1,1,1,6,4831300,80100,9,2,2,0,1,1,0,60,1,0,1,0,1,0,0,1,1
200500001712,5,1,23,1230,1,1,1,6,4849000,107200,3,2,2,0,1,2,0,60,2,0,3,0,0,0,1,0,1
200500001713,5,1,17,1045,1,3,1,3,4698500,161000,4,2,2,0,1,1,0,80,1,0,1,0,1,0,0,1,1
200500001717,5,1,21,1445,1,1,3,7,4659500,152100,3,2,0,0,2,1,0,60,2,0,1,0,0,0,0,1,1
200500001718,5,1,28,2000,3,1,1,7,4653700,125200,3,2,2,0,2,3,0,58,1,0,1,0,1,0,0,2,1
200500001719,5,1,3,845,1,1,9,6,4706600,139900,3,2,2,0,1,1,0,59,7,0,1,0,0,0,0,1,1
200500001720,5,1,3,900,1,1,9,6,4706500,140300,3,2,2,0,1,1,0,59,7,0,3,0,0,0,0,1,1
200500001721,5,1,6,930,1,1,1,6,4679000,148000,3,2,2,0,1,1,0,60,2,0,3,0,0,0,0,1,1
200500001722,5,1,8,2030,3,1,2,6,4689000,148000,3,2,2,0,1,1,0,40,2,0,3,0,0,0,0,1,1
200500001723,5,1,16,1330,3,1,1,7,4690000,145000,3,2,2,0,1,1,0,58,1,0,3,0,0,0,0,1,1
200500001725,5,1,26,700,3,1,1,3,4710000,138000,3,2,2,0,1,1,0,52,1,0,1,0,3,0,0,1,1
200500001726,5,1,3,1100,2,1,1,3,4722500,160900,3,2,0,0,2,1,0,50,1,0,1,0,1,0,1,0,1
200500001727,5,1,3,2045,3,1,5,1,4725900,161000,3,2,2,0,1,1,0,50,1,0,1,0,1,0,1,0,1
200500001729,5,1,30,1515,1,1,8,6,4715600,151100,3,2,2,0,1,1,0,58,2,0,1,0,0,0,0,3,1
200500001730,5,1,2,2045,3,1,1,1,4662000,116000,3,2,0,0,1,1,0,48,1,0,1,0,1,0,1,0,1
200500001732,5,1,7,1500,1,1,1,5,4658700,198900,3,2,0,0,0,1,0,80,1,0,1,0,2,0,1,3,1
200500001733,5,1,6,1015,3,1,1,1,4648600,150700,3,2,0,0,1,3,0,36,1,0,1,0,0,0,1,1,1
200500001738,5,1,9,2030,3,1,1,1,4740800,92100,2,2,2,0,1,1,0,72,2,0,1,0,0,0,2,1,1
200500001741,5,1,1,1800,3,1,2,7,4754000,56000,3,2,0,0,1,1,0,0,2,0,3,0,1,0,1,0,1
200500001743,5,1,5,1815,2,1,2,1,4745800,69700,3,2,2,1,1,1,0,76,2,0,1,0,1,0,0,1,1
200500001744,5,1,8,630,3,1,1,6,4754700,85400,2,2,2,0,0,1,0,86,1,0,1,0,2,0,1,0,1
200500001745,5,1,12,1815,2,1,1,1,4760200,91500,4,2,2,0,1,1,0,80,1,0,1,0,2,0,1,0,1
200500001746,5,1,14,1300,1,2,1,3,4720300,5600,3,2,2,0,1,2,0,70,1,5,1,0,1,0,1,0,1
200500001747,5,1,19,645,3,1,1,5,4713000,15600,3,2,2,0,1,1,0,62,1,0,1,0,4,0,1,0,1
200500001748,5,1,16,1630,1,1,8,6,4738900,47300,3,2,2,0,0,1,60,0,1,0,0,0,0,1,0,0,1
200500001749,5,1,6,1400,1,1,1,7,4721100,61900,3,2,1,0,1,1,0,47,1,0,3,0,0,0,1,0,1
200500001751,5,1,31,1900,2,1,1,6,4699000,50000,3,2,1,0,1,2,0,52,1,0,3,0,0,0,2,0,1
200500001753,5,1,14,1530,1,1,1,6,4679400,81800,3,2,2,0,2,1,0,78,1,0,1,0,1,0,1,0,1
200500001754,5,1,21,2100,3,1,3,1,4730600,64700,3,2,2,2,1,1,0,92,2,0,1,0,0,0,0,3,1
200500001756,5,1,22,900,1,1,2,3,4761000,128000,6,2,2,0,1,1,0,40,2,0,1,0,1,0,0,1,1
200500001758,5,1,14,1700,1,1,1,1,4772300,161800,3,2,3,3,1,1,0,140,1,5,4,0,1,0,1,0,1
200500001759,5,1,21,1115,1,2,8,3,4766100,143200,2,2,2,0,1,1,0,70,2,0,1,0,2,0,0,1,1
200500001766,5,1,4,1100,1,1,1,6,4777000,96200,3,2,2,0,2,3,0,63,1,0,3,0,0,0,0,1,1
200500001767,5,1,7,1600,1,1,1,6,4774700,70100,4,2,2,0,4,3,0,42,2,0,3,0,0,0,1,0,1
200500001768,5,1,12,1630,1,1,1,2,4775900,86400,3,2,0,0,1,1,0,62,1,0,1,0,2,0,1,0,1
200500001769,5,1,22,1,3,1,2,7,4771800,96900,3,2,1,0,0,3,0,65,2,0,1,0,0,0,1,0,1
200500001770,5,1,1,400,3,1,9,7,4489900,-111900,4,2,1,0,1,1,0,43,2,0,3,0,0,1,0,0,1
200500001771,5,1,16,200,3,1,1,6,4520300,-104700,3,2,2,0,1,1,0,56,1,0,1,0,0,0,1,0,1
200500001772,5,1,15,1630,1,1,1,7,4336300,527700,2,2,1,0,0,2,0,65,1,0,3,0,1,1,0,0,1
200500001774,5,1,3,2215,3,1,1,1,4914000,234500,3,2,2,0,1,2,60,60,1,0,1,0,1,0,0,1,1
200500001777,5,1,4,830,1,3,1,1,4480300,-51600,3,1,0,1,1,1,0,30,1,0,1,0,2,0,0,1,1
200500001778,5,1,13,1130,1,9,1,1,4477400,-44500,3,2,2,0,2,1,0,63,1,0,1,0,1,0,0,1,1
200500001779,5,1,21,745,2,1,2,3,4701100,319100,3,2,2,0,1,1,0,74,2,0,1,0,2,0,1,0,1
200500001780,5,1,4,815,1,1,1,1,4346300,554700,2,2,0,0,1,1,0,70,1,0,1,0,1,0,0,1,1
200500001781,5,1,13,2100,3,1,1,7,4344600,555500,2,2,2,0,1,3,0,0,1,0,3,0,0,1,0,0,1
200500001782,5,1,26,900,1,1,1,6,4345700,556400,4,0,0,0,0,0,0,0,1,0,1,0,0,0,0,1,1
200500001783,5,1,18,645,2,3,2,3,4413100,35100,3,2,0,0,1,1,0,56,2,0,1,0,1,0,0,1,1
200500001784,5,1,19,945,1,1,2,3,4414000,42000,3,2,2,0,1,1,0,75,2,0,1,0,0,0,1,1,1
200500001785,5,1,23,130,3,1,1,1,4421600,39000,3,2,2,0,1,4,0,72,1,0,1,0,0,1,2,0,1
200500001786,5,1,28,1515,1,1,9,6,4406400,55900,3,2,0,0,1,1,0,60,7,0,0,0,0,0,0,1,1
200500001792,5,1,17,1800,2,9,8,5,4812000,-156000,2,0,0,0,2,2,70,0,2,0,1,0,0,0,1,2,1
200500001793,5,1,19,830,2,1,2,1,4811000,-165000,4,4,1,0,1,1,30,0,2,2,1,0,1,0,1,0,1
200500001794,5,1,5,2115,3,1,8,1,4856000,197000,1,3,4,0,0,1,364,340,2,0,1,0,3,0,0,1,1
200500001795,5,1,9,730,3,1,8,6,4865000,216000,1,1,0,0,3,1,364,340,1,0,3,0,1,0,0,4,1
200500001797,5,1,4,645,2,1,1,3,4551100,483900,2,2,2,0,2,1,0,60,1,2,1,0,1,0,0,1,1
200500001798,5,1,4,715,3,1,5,4,4552900,469500,3,2,2,0,1,1,0,58,7,0,1,0,2,0,0,1,1
200500001800,5,1,31,430,3,1,2,6,4837500,-433600,4,2,0,0,1,1,0,51,2,0,1,0,0,0,0,1,1
200500001801,5,1,1,1745,2,2,2,3,4475200,-109400,4,2,0,0,1,1,0,50,2,0,1,0,3,0,0,1,1
200500001803,5,1,29,1945,3,1,8,6,4476200,-107200,3,2,2,0,0,1,0,60,1,0,1,3,1,0,0,3,1
200500001805,5,1,24,415,3,1,1,2,4831800,263900,1,3,6,0,2,1,40,276,1,0,1,0,1,0,0,1,1
200500001814,5,1,8,1900,3,9,1,2,4938700,60500,1,3,2,0,1,1,10,70,1,0,1,0,3,0,0,1,1
200500001815,5,1,18,1045,1,1,4,4,4936800,46800,1,3,4,0,1,1,10,80,7,0,1,0,3,0,3,0,1
200500001826,5,1,19,1100,1,1,9,1,4807000,-92000,2,2,0,0,1,1,0,0,2,0,1,0,0,0,2,0,1
200500001827,5,1,29,600,3,1,1,7,4808600,-103600,3,3,2,0,1,3,203,0,2,3,3,0,0,0,0,1,1
200500001828,5,1,23,2000,3,9,1,3,4908200,252900,2,2,0,0,1,1,0,159,1,5,1,0,0,3,0,0,1
200500001829,5,1,19,1815,5,1,2,6,4367700,143000,4,2,2,0,1,1,0,65,2,0,1,0,1,0,1,0,1
200500001830,5,1,28,1330,1,1,4,3,4370200,145400,3,2,0,0,4,1,0,60,2,0,1,0,1,0,0,1,1
200500001835,5,1,11,1215,1,1,1,2,4733000,99300,3,2,2,0,0,1,0,55,1,0,1,0,1,0,1,0,1
200500001839,5,1,28,1530,1,1,1,3,4354700,537500,3,2,2,0,0,1,0,45,1,0,1,0,1,0,0,1,1
200500001842,5,1,13,1315,1,1,1,2,4381500,441600,3,2,0,0,1,1,0,70,1,0,1,0,0,0,0,2,1
200500001845,5,1,2,1115,1,1,2,2,4592800,610700,1,0,0,0,1,1,18,70,2,0,1,0,27,0,0,2,1
200500001846,5,1,14,900,3,1,1,7,4595200,611300,1,3,2,0,4,2,30,100,2,0,2,0,0,1,0,0,1
200500001847,5,1,18,2000,3,1,4,6,4597300,610600,1,0,0,0,1,1,20,70,7,0,1,0,0,0,1,0,1
200500001848,5,1,29,645,3,1,1,6,4526600,563700,1,1,0,0,1,3,20,35,1,0,1,0,0,0,0,1,1
200500001849,5,1,29,515,3,1,1,5,4526800,563400,1,1,0,0,1,1,20,35,1,0,1,0,1,0,0,3,1
200500001850,5,1,20,2200,4,1,1,1,4750500,140000,4,2,0,0,0,2,44,0,1,0,1,0,1,0,0,1,1
200500001851,5,1,28,1500,1,1,2,6,4753600,130800,3,2,2,0,1,1,0,75,2,0,1,3,1,0,1,0,1
200500001852,5,1,8,1015,1,1,9,3,4567400,477500,3,2,2,0,2,2,0,70,7,0,0,0,1,0,0,2,1
200500001856,5,1,26,1800,1,1,1,2,4339100,-164200,1,1,0,0,2,2,8,32,1,0,1,0,3,0,1,0,1
200500001864,5,1,15,2015,3,1,8,6,4908200,337400,1,3,4,0,2,2,20,200,2,0,3,0,0,0,1,0,1
200500001867,5,1,21,2030,3,1,1,6,4375000,738000,1,0,3,0,2,2,10,120,2,0,1,0,0,0,0,1,1
200500001872,5,1,1,400,3,1,1,6,4265000,286000,1,3,2,0,1,1,0,70,1,0,2,0,4,0,1,0,1
200500001873,5,1,27,800,1,1,2,2,5048200,269400,1,3,2,0,1,1,30,110,2,0,1,0,1,0,0,2,1
200500001876,5,1,10,1815,3,1,1,3,4325900,203800,1,3,2,0,1,1,30,105,1,0,1,0,0,1,0,1,1
200500001877,5,1,18,1745,2,1,4,6,4319900,230100,1,3,2,0,1,1,15,104,9,0,2,0,0,0,0,1,1
200500001878,5,1,17,1415,1,1,1,2,4447600,5100,1,1,2,3,1,2,47,70,1,0,1,0,1,1,0,0,1
200500001879,5,1,2,1930,3,1,1,6,4863800,252700,4,2,2,0,1,2,0,60,2,0,3,0,0,0,1,1,1
200500001880,5,1,12,1315,1,1,1,7,4864000,247900,4,0,0,0,1,1,0,50,1,0,1,0,0,0,1,0,1
200500001881,5,1,12,1900,3,1,1,4,4866900,251300,2,3,4,0,1,1,0,72,1,0,1,0,1,0,0,2,1
200500001883,5,1,13,1100,1,1,1,6,4592900,673400,2,1,2,0,2,2,79,79,8,0,1,0,0,0,0,1,1
200500001899,5,1,19,1530,1,1,9,5,4521100,574600,3,2,2,0,2,1,0,80,2,0,1,0,3,0,0,2,1