Num_Acc,an,mois,jour,hrmn,lum,int,atm,col,lat,long,catr,circ,nbv,vosp,prof,plan,lartpc,larrout,surf,infra,situ,env1,unscathed,killed,hospital,light,chance
200500001901,5,1,20,1745,1,9,2,1,4893900,195500,3,2,3,0,1,1,0,90,2,0,1,0,1,0,1,0,1
200500001902,5,1,10,1900,3,1,1,7,4472700,-74700,3,2,2,0,1,1,0,0,1,0,3,0,0,0,1,0,1
200500001904,5,1,25,1100,1,1,6,3,4268100,278600,3,2,2,0,1,0,0,60,1,0,1,0,1,0,1,0,1
200500001908,5,1,20,1945,5,1,2,1,4854100,-299400,3,2,0,0,1,1,68,0,2,0,1,0,1,0,0,1,1
200500001914,5,1,3,430,3,1,8,7,4919300,428700,3,2,0,0,1,1,0,69,2,0,3,0,0,0,1,0,1
200500001916,5,1,31,1530,1,2,1,3,4920600,425600,3,2,2,0,1,1,0,68,2,5,1,0,1,0,0,1,1
200500001917,5,1,11,1830,3,1,3,3,4837200,-294700,3,2,0,0,0,1,0,70,2,0,1,0,1,0,2,1,1
200500001918,5,1,26,1215,1,1,1,1,4841200,-282300,3,2,2,0,1,1,0,70,1,0,1,0,1,0,1,0,1
200500001919,5,1,4,1815,5,1,1,6,4353500,135600,3,3,2,0,1,1,36,94,1,0,1,0,1,0,1,0,1
200500001920,5,1,7,2200,5,1,1,7,4352500,134500,3,2,0,0,1,1,0,54,1,0,1,0,1,0,1,0,1
200500001923,5,1,17,845,2,1,8,1,4541900,475200,3,2,3,0,1,1,0,100,1,0,1,0,1,0,1,0,1
200500001925,5,1,16,115,5,1,1,1,4601300,617000,3,2,2,0,3,1,0,60,1,5,1,0,1,0,1,0,1
200500001926,5,1,20,300,5,1,1,6,4591000,615800,3,2,2,1,1,1,0,105,1,0,1,0,0,0,1,1,1
200500001930,5,1,15,1515,1,1,1,1,4906400,232800,9,4,0,1,0,1,0,0,1,0,5,0,1,0,0,1,1
200500001931,5,1,22,1500,1,1,1,6,4276600,176300,4,2,2,0,1,1,0,0,1,0,1,0,3,0,1,0,1
200500001932,5,1,23,1600,1,3,1,1,4280000,167500,2,3,2,0,0,2,0,61,1,5,1,0,6,0,1,0,1
200500001934,5,1,14,2015,3,1,1,4,4976000,148000,1,1,2,0,1,3,10,100,1,0,1,0,3,1,1,2,1
200500001935,5,1,12,1700,1,1,1,1,4759600,-264500,3,2,2,0,1,1,0,60,1,0,1,0,1,0,1,0,1
200500001936,5,1,14,1615,1,1,3,1,4758300,-269500,3,2,2,0,1,3,0,74,2,0,1,0,1,0,0,1,1
200500001940,5,1,4,1000,1,1,1,2,4355600,384000,2,3,1,0,0,1,50,70,1,0,1,0,1,0,0,2,1
200500001941,5,1,27,745,2,1,1,1,4349600,377500,2,2,2,0,0,1,0,70,1,0,1,0,1,0,1,0,1
200500001944,5,1,5,830,1,1,1,3,4356100,516700,2,2,4,0,2,1,0,140,1,0,1,0,1,0,0,2,1
200500001945,5,1,21,2200,3,1,1,1,4356300,516300,2,2,4,0,2,2,0,140,1,0,1,0,1,0,1,0,1
200500001949,5,1,10,1645,2,1,1,3,4852600,766600,4,2,2,1,1,1,0,70,1,0,1,0,1,0,0,1,1
200500001950,5,1,13,1745,3,1,1,1,4851400,761400,3,2,1,0,1,1,0,56,1,0,1,0,0,0,0,2,1
200500001951,5,1,18,800,2,1,2,3,4852500,766600,3,2,3,0,0,1,0,137,2,3,1,0,0,0,0,3,1
200500001954,5,1,27,1845,2,1,1,3,4863300,772900,3,2,4,0,1,1,0,120,1,5,1,0,1,0,0,1,1
200500001955,5,1,8,1600,1,1,1,6,4323400,-5400,1,1,2,0,1,1,10,75,1,0,1,0,2,0,0,1,1
200500001964,5,1,5,1845,5,1,2,3,4804900,-166100,3,2,0,0,1,1,0,0,2,5,1,0,1,0,1,0,1
200500001968,5,1,21,1100,1,1,1,6,4362200,530000,3,2,2,0,0,1,0,0,1,0,1,0,1,0,0,1,1
200500001969,5,1,30,1900,3,1,1,6,4362900,529400,2,2,0,0,2,1,0,0,1,0,1,0,1,0,0,1,1
200500001970,5,1,5,1800,3,1,1,6,4330200,118100,1,3,2,0,1,1,20,60,1,0,1,0,1,0,0,1,1
200500001972,5,1,6,1430,1,1,1,6,4949500,26400,9,1,1,0,1,3,0,77,1,3,1,0,0,0,1,0,1
200500001973,5,1,24,1900,3,9,4,2,4947400,27400,9,3,2,0,2,1,0,68,5,0,1,0,1,0,0,1,1
200500001975,5,1,5,1900,3,1,1,5,4615800,637300,3,2,2,0,0,1,0,0,1,0,1,0,2,0,0,2,1
200500001976,5,1,8,1100,1,1,1,6,4609500,651000,3,2,2,0,0,1,0,69,1,0,1,0,1,0,1,0,1
200500001977,5,1,22,900,4,1,2,7,4607600,647600,3,2,2,0,1,3,0,70,2,0,3,0,0,1,0,0,1
200500001978,5,1,26,630,3,1,8,3,4613000,649900,3,2,0,0,1,1,0,60,1,0,1,0,0,1,1,0,1
200500001980,5,1,24,1930,3,1,8,5,4985100,239500,1,3,2,0,1,1,10,72,2,0,1,0,9,0,1,2,1
200500001989,5,1,3,1530,1,9,1,3,4631900,141900,6,0,0,0,1,2,0,0,1,0,0,0,3,0,0,1,1
200500001993,5,1,14,1630,1,1,1,2,4680400,164500,1,3,4,0,1,2,15,120,1,0,1,0,1,0,0,1,1
200500002004,5,1,25,2300,3,1,1,2,4865500,418700,2,2,0,0,1,1,0,70,1,0,1,0,4,0,1,0,1
200500002005,5,1,7,1930,3,1,1,7,4782400,724900,3,2,2,0,1,1,0,66,1,0,3,0,0,1,0,0,1
200500002010,5,1,6,1145,1,1,1,6,4952500,435400,2,3,2,0,1,2,10,85,1,0,3,0,0,0,0,1,1
200500002011,5,1,26,615,3,1,1,6,4384700,483800,3,2,0,0,1,1,0,73,1,0,3,0,0,0,0,1,1
200500002013,5,1,7,1845,5,1,1,1,5006400,137400,3,2,2,0,1,1,0,71,1,0,1,0,1,0,0,1,1
200500002015,5,1,13,1845,5,1,1,6,4366800,138100,4,2,2,0,1,1,0,60,1,0,1,0,1,0,0,1,1
200500002017,5,1,11,500,3,1,1,6,4774600,-289300,3,2,2,0,1,1,0,53,2,0,1,0,0,0,1,0,1
200500002018,5,1,26,1500,1,3,1,3,4776300,-313300,2,1,1,0,1,1,0,36,1,3,0,0,1,0,1,0,1
200500006709,5,1,13,1815,3,1,5,6,4787000,47000,3,2,2,0,1,1,73,0,1,0,1,0,1,1,0,0,1
200500010462,5,2,18,2145,3,1,2,6,5059500,282500,3,2,1,0,1,1,30,70,2,5,1,0,1,0,0,1,1
200500010463,5,2,10,1245,1,1,3,3,5089900,246200,3,0,2,0,4,1,0,70,2,0,1,0,1,0,1,0,1
200500010466,5,2,16,1845,3,1,1,1,5051700,349800,4,2,0,0,1,2,0,37,1,0,1,0,1,0,0,1,1
200500010467,5,2,28,545,5,1,1,6,5050300,345100,3,2,2,0,1,1,0,0,1,0,1,0,1,1,0,0,1
200500010471,5,2,22,1315,1,2,1,3,5012100,341200,4,2,2,0,1,1,0,50,1,0,1,0,1,0,0,1,1
200500010474,5,2,22,1630,1,1,1,1,5028900,361800,4,2,0,0,1,3,0,55,1,0,1,0,1,0,0,1,1
200500010476,5,2,20,1930,3,1,4,6,5036900,279600,2,2,3,0,2,1,0,80,2,0,3,0,0,0,0,1,1
200500010477,5,2,25,1,3,1,4,6,5038100,274200,3,2,0,0,1,3,0,72,5,0,3,0,0,1,0,0,1
200500010478,5,2,3,1715,1,1,1,6,5020600,295600,3,3,2,0,1,0,0,61,2,0,1,0,1,0,0,1,1
200500010479,5,2,16,1015,1,2,1,1,5064600,282000,3,0,2,0,1,2,0,66,1,0,1,0,1,0,1,0,1
200500010483,5,2,11,1500,1,1,2,3,5082700,178300,4,2,0,0,3,2,0,0,2,5,1,0,1,0,0,1,1
200500010486,5,2,6,1915,2,1,1,1,5044700,264500,3,2,0,0,1,1,0,40,1,0,1,0,1,0,1,0,1
200500010489,5,2,25,1500,1,1,1,6,5046300,162600,3,2,0,0,1,4,0,0,1,0,4,0,0,0,0,1,1
200500010490,5,2,6,1700,1,1,8,3,5054200,162500,3,2,0,1,1,1,0,68,1,0,1,0,1,0,1,0,1
200500010491,5,2,20,1845,2,2,2,3,5057300,160500,3,2,3,1,1,1,0,120,2,5,1,0,1,0,0,1,1
200500010492,5,2,19,2145,3,1,1,6,5055500,188800,3,2,2,0,0,1,0,31,1,0,3,0,0,1,1,0,1
200500010496,5,2,25,1530,1,1,1,7,5058800,209800,3,2,2,2,2,1,0,102,1,0,3,0,0,0,1,0,1
200500010497,5,2,9,645,5,1,1,6,5072600,217200,2,2,2,0,0,1,0,43,1,0,1,0,0,0,1,0,1
200500010498,5,2,13,100,3,1,1,6,5040500,245000,3,2,2,0,1,2,0,59,0,0,1,0,1,0,1,0,1
200500010500,5,2,9,1915,5,1,2,6,5035400,255900,3,2,2,0,4,2,0,69,2,0,4,3,0,0,1,2,1
200500010501,5,2,11,1,3,1,2,6,5033700,264100,2,2,2,0,2,1,0,89,2,0,1,0,0,0,2,1,1
200500010503,5,2,7,1745,1,1,1,1,5024700,226300,3,2,0,0,1,1,0,62,1,0,1,0,1,0,1,0,1
200500010504,5,2,14,2300,3,1,4,7,5047100,233100,3,2,0,0,1,2,0,48,2,0,3,0,0,0,0,2,1
200500010511,5,2,26,500,1,1,5,6,4977900,217400,3,2,2,0,1,2,0,60,1,0,1,0,1,0,0,1,1
200500010513,5,2,14,1815,2,1,1,1,4995100,244600,3,3,2,0,4,2,0,52,1,0,1,0,0,0,1,1,1
200500010514,5,2,26,45,3,1,8,7,4995000,237000,3,2,2,0,4,3,0,63,1,0,3,0,0,0,0,2,1
200500010515,5,2,8,1330,1,1,1,6,5004000,177000,3,2,2,0,1,2,0,0,1,0,3,0,0,0,0,1,1
200500010516,5,2,16,1400,1,9,1,6,5007500,157900,9,2,0,0,0,1,70,0,1,6,0,3,1,0,0,1,1
200500010518,5,2,19,2000,3,1,1,6,5005500,153300,3,2,0,0,1,1,0,70,1,0,1,0,0,1,0,0,1
200500010519,5,2,10,1630,1,1,1,6,5034000,155000,9,2,2,0,1,1,10,99,1,0,1,0,1,0,1,0,1
200500010520,5,2,19,1630,1,1,1,3,5027800,166500,9,2,0,0,1,1,0,70,1,0,1,0,2,0,0,1,1
200500010522,5,2,17,645,5,1,8,6,5016100,155500,3,2,2,0,1,3,0,70,2,0,1,0,0,0,0,1,1
200500010526,5,2,19,1845,2,1,1,6,4974000,252000,3,2,2,0,0,2,0,74,1,0,0,0,0,0,1,0,1
200500010531,5,2,21,815,1,1,8,1,4996800,270000,3,2,0,0,1,1,0,60,7,0,1,0,0,0,1,2,1
200500010532,5,2,23,1200,1,1,1,6,4973200,307400,3,2,2,0,1,1,0,65,1,0,1,0,1,0,1,0,1
200500010539,5,2,26,200,5,1,1,6,4950300,345100,3,2,2,0,0,2,10,70,1,0,1,0,0,0,1,1,1
200500010541,5,2,17,1830,3,1,1,1,4919300,347700,3,2,1,0,2,4,0,33,1,0,1,0,1,0,1,0,1
200500010544,5,2,10,2100,5,1,1,6,4984600,349900,3,2,0,0,1,1,0,48,1,0,3,0,0,0,0,1,1
200500010545,5,2,7,1430,1,1,1,3,4930300,334200,3,2,0,0,0,2,0,77,1,0,1,0,0,1,0,1,1
200500010546,5,2,27,1600,1,1,1,1,4936100,329400,9,2,1,0,1,4,54,54,1,0,1,0,0,0,1,0,1
200500010547,5,2,5,200,3,1,1,6,4923100,297600,2,2,2,0,1,1,0,75,1,0,1,0,0,1,1,0,1
200500010548,5,2,11,1330,1,1,1,6,4924500,302400,2,2,0,0,1,1,0,75,1,0,3,0,0,0,0,1,1
200500010549,5,2,19,1130,1,1,1,3,4921600,310500,3,2,2,0,0,1,0,73,1,0,1,0,0,1,0,1,1
200500010550,5,2,19,1300,1,3,8,3,4928000,321400,3,2,2,0,1,4,0,59,8,0,1,0,2,0,0,1,1
200500010551,5,2,27,1330,1,1,1,6,4943100,312200,4,0,0,0,1,0,0,0,1,0,1,0,0,0,0,1,1
200500010552,5,2,28,2345,3,1,1,2,4921800,310500,3,2,2,0,1,1,0,50,1,0,1,0,3,0,1,0,1
200500010553,5,2,2,1430,1,1,2,3,4971300,408800,3,2,0,0,1,1,0,70,2,0,1,0,1,0,1,0,1
200500010554,5,2,17,730,1,1,9,7,4966200,396400,3,2,2,0,1,0,0,53,7,0,1,0,0,0,0,1,1
200500010555,5,2,26,300,3,1,1,6,4978600,381000,2,2,2,0,1,2,0,78,1,0,3,0,0,0,1,1,1
200500010556,5,2,9,1830,3,1,1,2,4980200,384000,2,2,2,0,2,1,0,73,2,0,1,0,1,0,0,1,1
200500010558,5,2,11,1830,5,1,3,6,4992200,408200,9,2,0,0,2,1,0,80,2,0,1,0,0,0,0,1,1
200500010559,5,2,7,930,1,1,5,4,4938900,200300,3,2,0,0,1,1,0,70,2,0,1,0,5,0,0,1,1
200500010561,5,2,13,2300,3,1,2,3,4942400,195900,2,2,0,0,3,1,0,67,2,0,1,0,1,0,1,1,1
200500010562,5,2,8,915,1,1,8,6,4924800,184100,3,2,0,0,2,2,0,53,7,0,3,0,0,0,1,0,1
200500010563,5,2,11,2230,3,1,2,1,4928400,185400,3,2,2,0,2,3,0,73,2,0,1,0,0,1,2,0,1
200500010565,5,2,19,845,1,1,2,7,4929100,209200,3,2,0,0,1,2,0,75,2,0,1,0,1,0,0,1,1
200500010567,5,2,19,1830,3,1,1,1,4966300,195900,3,2,0,0,1,0,0,0,1,0,1,0,0,0,1,1,1
200500010572,5,2,4,1400,1,1,1,3,4965000,231200,3,2,0,0,2,1,0,60,1,0,1,0,1,0,1,0,1
200500010573,5,2,7,815,2,1,5,1,4964000,221800,3,2,2,0,1,1,0,58,7,0,1,0,0,0,2,0,1
200500010574,5,2,10,1145,1,1,1,1,4963600,229600,9,0,2,0,0,0,0,70,0,0,0,0,0,0,0,2,1
200500010575,5,2,11,1700,1,2,1,5,4959000,214000,3,2,0,0,1,1,70,40,2,5,1,0,1,1,0,4,1
200500010577,5,2,7,1845,5,1,1,4,4935300,243000,3,3,0,0,0,1,0,51,1,0,1,0,1,0,1,1,1
200500010580,5,2,21,1745,1,1,1,6,4961000,272000,2,2,0,0,0,1,0,70,1,0,1,0,1,0,0,1,1
200500010581,5,2,2,100,5,1,2,6,4957100,302700,3,2,0,0,1,1,0,58,2,0,4,0,1,0,0,1,1
200500010582,5,2,6,2130,5,1,1,6,4956800,298900,4,2,0,0,0,1,0,50,1,0,4,3,0,0,0,2,1
200500010583,5,2,13,2045,3,1,2,6,4924400,258600,2,2,2,0,1,1,0,78,2,0,3,0,0,0,2,0,1
200500010586,5,2,18,1915,5,1,1,2,4916500,244600,2,2,0,0,1,1,0,41,1,0,1,0,1,0,0,1,1
200500010588,5,2,23,1630,1,6,1,6,4948700,101500,3,1,2,0,1,2,0,90,1,5,1,0,0,0,0,1,1
200500010589,5,2,21,815,1,1,4,3,4987000,133200,3,2,2,0,1,1,0,57,5,0,1,0,1,0,0,1,1
200500010590,5,2,6,1615,1,1,1,6,4978200,105000,2,3,4,0,1,1,0,170,1,3,2,0,1,0,0,1,1
200500010591,5,2,22,1745,1,3,1,3,4979100,98900,3,2,0,0,0,1,0,62,1,0,1,0,1,0,0,1,1
200500010592,5,2,7,1515,1,1,7,3,4972600,114500,3,2,2,0,1,1,0,70,1,0,1,0,0,1,0,2,1
200500010593,5,2,4,1315,1,1,1,6,4941500,123500,3,2,2,0,0,1,0,50,1,0,0,0,0,0,1,0,1
200500010594,5,2,13,45,3,1,2,3,4937400,112900,2,2,2,0,1,1,0,100,2,0,1,0,3,0,0,3,1
200500010598,5,2,6,100,3,1,8,1,4959300,54800,2,2,0,0,1,1,0,110,2,0,1,0,1,0,0,2,1
200500010600,5,2,3,1830,3,1,1,7,4955100,34100,4,2,0,0,2,1,0,25,1,0,1,0,0,0,1,0,1
200500010601,5,2,22,1745,1,1,1,3,4953300,32400,4,2,0,0,1,3,0,50,1,0,1,0,1,0,0,2,1
200500010602,5,2,18,1545,1,1,1,3,4975000,156100,2,2,1,0,2,2,0,78,0,0,1,0,1,1,1,3,1
200500010603,5,2,3,2030,3,1,1,6,4960800,75600,3,2,3,0,4,2,0,108,2,0,1,0,2,0,1,1,1
200500010604,5,2,28,2030,4,1,1,6,4956600,95300,3,2,3,0,1,1,0,80,1,5,1,0,2,1,0,0,1
200500010605,5,2,11,1915,5,2,2,3,4983500,90200,3,2,2,0,1,1,0,60,2,5,1,0,2,0,1,0,1
200500010606,5,2,10,1900,3,1,1,1,4966100,83500,3,2,2,0,1,1,0,64,1,0,1,0,1,0,1,0,1
200500010615,5,2,7,800,1,1,5,1,4877100,122100,2,2,0,0,1,1,0,109,1,0,1,0,1,0,1,0,1
200500010616,5,2,3,1230,1,1,1,7,4879800,99300,3,2,2,0,0,1,0,67,1,0,3,0,0,1,0,0,1
200500010617,5,2,11,1300,1,1,1,6,4909600,43000,3,2,0,0,1,1,0,70,1,0,1,0,0,0,0,1,1
200500010618,5,2,13,1315,1,1,4,6,4914700,42200,2,0,2,0,1,0,0,0,5,0,1,0,0,0,1,1,1
200500010619,5,2,13,545,3,2,2,1,4911900,85000,3,2,2,0,0,1,0,57,2,0,0,0,0,0,2,3,1
200500010624,5,2,6,1930,5,1,1,6,4930700,115500,3,2,2,0,1,1,0,80,1,0,1,0,1,0,0,1,1
200500010625,5,2,23,800,1,1,1,3,4932300,117100,4,0,2,0,1,1,0,50,1,0,1,0,1,0,0,1,1
200500010626,5,2,3,1330,1,1,1,1,4927100,98400,3,2,2,0,1,1,0,0,1,0,1,0,1,0,1,1,1
200500010628,5,2,13,915,1,1,4,2,4928600,83600,2,2,0,0,1,1,0,74,7,0,1,0,7,0,0,1,1
200500010630,5,2,21,645,5,1,9,6,4930200,87800,3,2,2,0,0,1,0,60,7,0,4,0,0,0,0,1,1
200500010632,5,2,3,1815,1,1,1,1,4805300,-173100,4,2,0,0,1,1,0,50,1,0,1,0,1,0,1,0,1
200500010635,5,2,10,730,2,1,1,1,4821700,-162500,3,2,2,0,0,2,0,55,1,5,0,0,1,0,1,1,1
200500010636,5,2,23,30,3,1,9,7,4819300,-162800,3,2,0,0,0,1,0,70,9,0,3,0,0,0,0,2,1
200500010637,5,2,6,1045,3,1,1,7,4829000,-195400,3,2,0,0,0,1,0,60,1,0,3,0,0,0,0,5,1
200500010639,5,2,20,1500,1,6,1,2,4805900,-186900,3,2,2,0,1,1,0,60,1,5,1,0,1,0,1,0,1
200500010641,5,2,14,1845,5,1,8,6,4825100,-146800,3,2,2,0,1,1,0,60,2,0,1,0,1,0,0,1,1
200500010643,5,2,18,1615,1,2,1,3,4772300,-187200,3,2,2,0,1,1,0,0,1,5,1,0,1,0,1,0,1
200500010644,5,2,24,445,3,1,9,6,4782000,-159000,3,2,0,0,1,1,0,0,7,0,0,0,0,0,0,1,1
200500010655,5,2,24,1400,1,1,1,6,4823100,-317900,2,0,2,0,1,1,0,70,1,0,1,0,1,0,0,1,1
200500010656,5,2,12,1045,1,1,2,3,4844000,-242600,3,2,2,0,1,1,0,68,2,5,1,0,0,0,0,2,1
200500010657,5,2,20,1645,1,1,1,6,4847500,-251200,9,2,2,0,2,1,0,68,1,0,1,0,0,0,1,0,1
200500010658,5,2,21,2000,5,1,4,1,4828300,-270400,3,2,2,0,2,3,0,73,5,0,1,0,1,0,1,2,1
200500010659,5,2,11,1615,1,1,1,3,4819500,-285000,2,2,2,0,0,2,0,87,1,0,1,0,1,0,1,0,1
200500010660,5,2,13,1815,2,1,2,5,4818600,-281400,2,0,0,0,1,1,0,98,2,0,1,0,0,1,0,11,1
200500010661,5,2,21,530,3,1,9,5,4814800,-277600,3,3,0,0,1,1,20,69,7,0,1,0,2,0,1,1,1
200500010662,5,2,28,1915,2,1,1,1,4855000,-259500,4,2,2,0,1,1,0,42,1,0,1,0,1,0,0,1,1
200500010664,5,2,12,2245,3,1,1,6,4834600,-220300,3,2,0,0,0,1,0,70,1,0,3,0,0,0,1,2,1
200500010666,5,2,4,1100,1,1,1,3,4823900,-256000,3,2,2,0,2,1,0,25,1,0,1,0,1,0,1,0,1
200500010667,5,2,11,2100,3,1,1,6,4827600,-254500,4,2,0,0,2,4,0,0,1,0,1,0,0,0,1,0,1
200500010668,5,2,12,645,3,1,6,6,4866200,-333600,3,3,4,0,1,1,33,70,2,0,1,0,1,1,0,0,1
200500010669,5,2,28,1500,1,3,1,1,4878000,-331000,3,2,2,0,1,1,0,90,1,5,1,0,0,0,1,2,1
200500010670,5,2,12,1530,1,1,1,3,4800200,-437100,3,2,0,0,1,1,73,0,1,0,1,0,1,0,0,1,1
200500010671,5,2,24,1600,1,6,1,3,4789300,-401000,3,2,0,0,1,0,0,95,1,0,1,0,1,0,1,1,1
200500010673,5,2,10,2100,3,1,2,4,4791100,-419500,3,1,2,0,1,1,70,0,2,0,1,0,5,0,0,1,1
200500010675,5,2,22,1900,3,1,1,6,4780100,-436700,4,0,1,0,1,1,0,57,1,0,3,0,0,0,0,1,1
200500010676,5,2,26,1200,1,1,1,6,4841200,-439000,9,1,1,0,4,2,0,60,1,0,1,0,1,0,0,1,1
200500010677,5,2,3,1445,1,9,1,6,4845600,-424900,3,2,0,0,1,1,0,60,1,0,1,0,1,0,0,1,1
200500010681,5,2,19,1345,1,1,1,5,4812500,-422400,3,2,0,0,1,1,0,70,1,0,1,0,1,0,1,2,1
200500010682,5,2,23,1000,1,1,1,6,4823100,-397100,9,2,0,0,0,1,0,50,1,0,1,0,1,0,0,1,1
200500010683,5,2,9,215,3,1,1,6,4826400,-435900,3,2,2,0,1,2,0,66,1,0,1,0,0,0,0,1,1
200500010684,5,2,11,1400,1,1,8,1,4826700,-430600,3,2,0,0,1,1,67,0,2,0,1,0,0,0,2,1,1
200500010688,5,2,18,1745,1,1,1,1,4778000,-271000,3,0,2,0,1,3,0,55,1,0,1,0,1,0,1,0,1
200500010690,5,2,13,130,3,1,1,1,4746800,-248500,4,2,0,0,1,1,0,62,1,5,1,0,1,0,1,0,1
200500010691,5,2,5,2215,3,1,2,7,4765400,-247200,3,2,2,0,1,1,0,55,2,0,1,0,0,1,0,0,1
200500010694,5,2,25,215,3,1,1,7,4748600,-312800,3,2,2,0,1,1,0,44,1,0,1,0,0,1,0,0,1
200500010696,5,2,3,1145,1,1,8,3,4791400,-272200,3,2,2,0,2,1,0,58,1,0,1,0,2,0,0,1,1
200500010698,5,2,19,2300,3,1,1,6,4808300,-354200,3,2,2,0,4,1,0,0,1,0,1,0,1,1,0,0,1
200500010699,5,2,2,1515,1,2,1,3,4925200,-40200,3,2,2,0,1,1,0,68,1,5,1,0,1,0,0,3,1
200500010703,5,2,1,30,3,1,1,6,4919000,-88000,3,2,2,0,1,1,0,60,1,0,3,0,0,0,1,1,1
200500010704,5,2,18,800,1,1,1,6,4931400,-111900,3,2,2,0,1,1,0,71,1,0,1,0,1,0,1,0,1
200500010705,5,2,20,2130,3,1,4,1,4933500,-89400,2,3,2,0,1,1,0,81,5,0,1,0,3,0,0,2,1
200500010706,5,2,25,2145,3,1,1,7,4889200,-17400,3,2,2,0,0,2,0,90,1,0,3,0,0,0,0,1,1
200500010710,5,2,17,2130,3,1,2,6,4911000,-9000,3,2,2,0,1,2,40,0,1,0,3,0,0,0,1,0,1
200500010711,5,2,5,1,3,1,1,2,4914000,37000,2,2,0,0,1,1,0,104,1,0,1,0,2,0,1,0,1
200500010714,5,2,7,1100,1,1,1,1,4931600,14400,2,2,2,0,1,1,0,60,1,4,1,0,0,1,0,1,1
200500010715,5,2,22,1430,1,1,1,1,4928100,7600,4,2,0,0,1,1,0,25,6,0,1,0,1,0,0,1,1
200500010716,5,2,27,1430,1,1,9,7,4933300,24400,3,2,2,0,1,2,0,58,7,0,3,0,2,0,1,0,1
200500010723,5,2,1,1330,1,1,1,4,4910700,-119300,3,2,2,0,2,1,0,70,1,0,1,0,2,0,0,1,1
200500010724,5,2,27,1030,1,1,9,7,4910900,-114900,3,2,2,0,1,1,0,70,7,0,1,0,3,1,1,1,1
200500010732,5,2,22,2245,3,1,4,6,4952800,-168200,3,2,2,0,1,1,0,56,5,0,1,0,0,0,1,1,1
200500010733,5,2,5,1930,5,1,2,7,4940100,-123200,3,2,0,0,1,1,0,53,2,0,3,0,0,0,1,0,1
200500010734,5,2,13,830,1,1,8,6,4936600,-161800,3,2,0,0,0,2,40,0,2,0,0,0,0,0,1,0,1
200500010736,5,2,1,1530,1,9,1,5,4956400,-156700,2,3,2,0,2,2,0,70,1,0,1,0,3,0,0,1,1
200500010740,5,2,8,1630,1,2,7,3,4909700,-159900,3,2,2,0,1,1,0,48,1,5,1,0,2,0,0,1,1
200500010741,5,2,16,1830,2,2,1,3,4886500,-155300,3,2,0,0,1,1,0,0,1,0,1,0,0,0,0,4,1
200500010742,5,2,17,945,1,2,1,1,4892600,-143400,3,0,0,0,1,1,0,52,1,0,1,0,2,0,0,1,1
200500010743,5,2,21,1415,1,1,4,5,4896400,-147500,3,2,2,0,2,1,0,75,2,0,1,0,3,2,2,0,1
200500010744,5,2,15,1715,2,1,2,1,4875900,-98400,3,2,2,0,2,3,0,51,2,0,1,0,0,0,1,1,1
200500010748,5,2,1,1345,1,1,1,2,4877100,-5300,2,2,2,0,3,1,0,73,1,0,1,0,1,1,0,0,1
200500010751,5,2,11,1230,1,1,8,3,4870400,28400,2,2,0,0,0,1,0,72,2,0,1,0,1,0,1,0,1
200500010757,5,2,12,1230,1,3,2,3,4877100,-72500,3,2,2,0,1,1,0,67,2,0,1,0,1,0,1,0,1
200500010758,5,2,5,300,5,1,1,6,4837700,57100,3,2,0,0,1,3,0,60,1,0,1,0,0,3,0,0,1
200500010760,5,2,5,1915,3,1,1,1,4871700,66500,3,2,0,0,1,1,0,64,1,0,1,0,0,1,1,0,1
200500010761,5,2,8,600,3,6,5,3,4876300,68600,2,2,2,0,1,2,0,77,2,5,1,0,1,1,1,0,1
200500010762,5,2,4,1645,1,1,1,1,4729900,-147200,3,2,2,0,1,1,0,70,1,0,1,0,1,0,0,2,1
200500010766,5,2,11,1645,1,1,1,3,4757800,-107200,3,2,2,0,1,0,0,0,1,5,1,0,1,0,0,1,1
200500010767,5,2,19,1545,1,2,1,3,4753000,-118000,9,2,0,0,1,1,0,0,1,0,1,0,1,0,0,1,1
200500010768,5,2,25,845,1,2,8,3,4741200,-126600,3,2,2,0,1,1,0,78,2,0,0,0,2,0,1,0,1
200500010769,5,2,26,1815,1,1,1,5,4742800,-122700,3,2,0,0,1,1,0,60,1,0,1,0,2,0,1,0,1
200500010770,5,2,24,1030,1,1,1,2,4713200,-130800,3,2,2,0,1,1,56,0,1,0,1,0,1,0,0,1,1
200500010771,5,2,21,1330,1,1,1,3,4733300,-139300,4,2,0,0,1,1,0,48,1,0,1,0,1,0,1,0,1
200500010774,5,2,25,815,1,1,1,3,4779200,-134800,3,3,2,0,3,2,15,137,1,5,3,0,0,0,0,2,1
200500010775,5,2,2,1600,1,3,1,3,4741500,-169800,3,2,2,0,1,1,0,50,1,0,1,0,0,0,0,2,1
200500010776,5,2,2,1645,1,1,1,7,4756700,-162800,4,2,0,0,4,3,45,0,1,0,1,0,0,0,0,1,1
200500010777,5,2,16,745,1,1,1,5,4738000,-145000,3,2,2,0,3,1,0,66,1,0,1,0,2,0,0,3,1
200500010779,5,2,20,1430,1,9,1,7,4752600,-154800,3,2,1,0,2,2,0,0,1,0,1,0,0,0,1,0,1
200500010780,5,2,8,1930,5,1,1,3,4720600,-175700,9,2,1,0,0,0,0,50,1,0,1,0,1,0,1,1,1
200500010781,5,2,10,745,2,1,5,5,4703800,-192700,3,2,2,0,0,1,0,75,1,0,1,0,2,0,1,1,1
200500010782,5,2,11,1245,1,3,2,3,4712300,-210700,4,1,0,0,1,1,0,63,2,0,1,3,1,0,1,0,1
200500010783,5,2,4,1830,5,2,1,3,4721800,-172700,3,2,2,0,1,1,0,83,1,0,1,0,1,1,0,0,1
200500010785,5,2,4,1200,1,1,1,2,4734500,-201300,3,2,0,0,1,1,0,63,1,0,1,0,1,0,1,0,1
200500010788,5,2,7,1845,3,1,1,3,4739200,-200200,3,2,2,0,3,1,0,55,1,0,1,0,1,0,0,1,1
200500010789,5,2,2,715,5,1,2,6,4752700,-60800,9,2,2,0,1,1,31,61,2,0,1,0,1,0,1,0,1
200500010790,5,2,2,1530,3,1,1,6,4744100,-60900,3,2,0,0,2,1,0,60,0,0,1,0,1,0,1,0,1
200500010792,5,2,6,130,5,1,1,3,4747200,-30200,2,2,2,0,1,1,0,67,1,5,1,0,2,0,1,1,1
200500010794,5,2,11,45,3,6,1,7,4733900,-58800,2,2,1,0,0,3,0,70,1,5,1,0,0,0,3,1,1
200500010795,5,2,28,1500,1,2,1,3,4727400,-45100,3,2,2,0,1,1,0,60,1,0,1,0,2,0,1,0,1