Num_Acc,an,mois,jour,hrmn,lum,int,atm,col,lat,long,catr,circ,nbv,vosp,prof,plan,lartpc,larrout,surf,infra,situ,env1,unscathed,killed,hospital,light,chance
200500010796,5,2,9,1230,1,1,7,2,4742600,-40100,4,2,2,0,1,1,0,50,1,0,1,0,1,0,0,1,1
200500010797,5,2,18,2100,3,1,2,7,4747000,-68000,3,2,1,0,2,2,0,60,2,3,1,0,0,0,1,0,1
200500010798,5,2,19,1015,1,1,7,3,4758000,-35000,2,2,2,0,2,0,0,71,1,0,1,0,2,0,0,2,1
200500010799,5,2,12,1715,1,3,1,3,4712400,-93300,3,2,2,0,1,1,0,70,1,0,1,0,3,0,0,1,1
200500010800,5,2,26,1145,1,1,1,3,4710700,-112300,3,0,2,0,0,1,0,60,1,0,0,0,1,0,0,1,1
200500010803,5,2,23,1730,2,1,1,3,4764700,-76400,4,2,0,0,1,1,0,53,2,0,1,0,2,0,0,1,1
200500010804,5,2,6,1100,1,1,1,5,4762700,-45900,3,2,2,0,1,1,0,0,1,0,1,0,1,0,2,2,1
200500010807,5,2,17,1330,1,1,1,5,4790900,25700,3,2,2,0,1,0,0,0,1,0,1,0,1,0,2,0,1
200500010808,5,2,2,1430,1,2,8,3,4793100,65600,3,2,1,0,1,1,0,48,1,0,1,0,0,0,1,1,1
200500010809,5,2,3,230,5,1,1,6,4797900,55100,2,2,0,0,1,1,0,75,1,0,4,0,0,0,0,1,1
200500010811,5,2,1,1430,1,9,1,6,4801000,27000,4,2,2,0,1,2,0,60,1,0,3,0,1,0,0,1,1
200500010813,5,2,13,1915,3,1,2,5,4801300,32800,2,2,0,0,3,1,0,73,2,0,1,0,2,0,3,1,1
200500010814,5,2,8,2145,3,1,1,6,4814100,37600,3,2,2,0,0,1,0,71,1,0,1,0,0,1,0,0,1
200500010817,5,2,13,215,5,1,1,6,4789400,4400,4,2,2,0,0,1,60,0,1,0,1,0,0,0,0,1,1
200500010819,5,2,5,1930,2,1,2,7,4782000,8000,3,2,2,0,1,1,0,56,2,0,3,0,0,0,1,0,1
200500010820,5,2,23,1715,2,1,4,6,4817000,42000,3,2,2,0,1,3,0,54,2,0,3,0,0,0,0,1,1
200500010821,5,2,24,1115,1,9,1,3,4813000,61000,2,2,0,0,1,0,0,0,2,0,1,0,1,0,1,0,1
200500010822,5,2,12,1215,1,1,2,2,4822400,11400,3,2,2,0,1,1,0,60,2,0,1,0,1,0,0,1,1
200500010827,5,2,10,530,3,1,5,5,4671000,-151000,3,3,0,0,0,2,30,70,2,0,1,0,2,0,0,3,1
200500010830,5,2,9,1715,1,1,1,6,4659600,-98000,4,2,0,0,2,1,0,60,1,0,3,0,0,0,1,0,1
200500010831,5,2,11,1530,1,1,2,5,4640800,-103500,2,2,2,0,0,3,0,73,2,0,1,0,1,1,1,1,1
200500010832,5,2,19,100,3,1,2,7,4652900,-105500,4,0,0,0,2,0,0,0,2,0,0,0,0,0,0,1,1
200500010833,5,2,13,300,3,1,8,3,4660400,-79000,3,2,0,0,2,2,0,63,2,0,1,0,0,2,1,1,1
200500010835,5,2,23,1730,1,1,1,1,4688300,-184600,3,2,0,0,1,1,0,76,1,0,1,0,0,1,1,0,1
200500010836,5,2,12,1345,1,1,2,1,4669300,-161000,3,2,0,0,1,1,0,63,2,0,1,0,0,0,1,4,1
200500010837,5,2,4,1745,3,1,1,6,4660200,-181600,4,2,1,0,2,2,0,0,1,0,3,0,1,0,0,1,1
200500010840,5,2,12,1215,1,2,8,5,4514000,-61600,3,2,0,0,1,2,0,68,2,5,1,0,0,0,2,2,1
200500010841,5,2,12,1530,1,2,2,3,4526300,-45900,3,2,0,0,1,1,0,54,2,5,1,0,1,0,0,1,1
200500010842,5,2,13,1900,3,1,2,1,4522000,-65200,3,2,2,0,1,0,0,75,2,0,1,0,1,0,1,2,1
200500010843,5,2,20,2045,3,1,1,4,4529600,-58100,3,2,2,0,1,3,0,57,1,0,1,0,2,0,0,1,1
200500010844,5,2,26,1200,1,1,1,3,4518500,-59600,2,0,2,0,1,1,0,70,1,0,1,0,1,0,1,2,1
200500010847,5,2,22,2130,3,1,1,6,4457400,-15900,3,2,2,0,1,2,0,50,1,0,3,0,0,0,0,1,1
200500010851,5,2,17,800,5,1,1,6,4443600,-21300,4,2,0,0,1,0,0,78,1,0,1,0,1,0,0,1,1
200500010852,5,2,9,1945,3,1,1,1,4444500,-43900,3,2,2,0,1,3,0,66,1,0,1,0,0,2,2,0,1
200500010855,5,2,3,1615,1,1,1,6,4486800,-26700,3,2,2,0,1,2,0,0,1,0,3,0,0,0,1,0,1
200500010858,5,2,11,545,3,1,1,2,4498700,-20500,3,2,0,0,1,1,0,69,1,0,1,0,1,1,0,0,1
200500010861,5,2,20,515,3,9,9,6,4497400,-16600,2,2,2,0,1,1,0,70,1,0,1,0,1,0,1,0,1
200500010862,5,2,18,1300,1,1,1,3,4503000,72400,4,2,2,0,1,1,0,40,1,0,1,0,2,0,0,1,1
200500010863,5,2,18,1815,3,1,1,6,4513100,77400,3,2,2,0,1,2,0,55,1,0,1,0,2,0,0,3,1
200500010864,5,2,5,245,3,1,1,7,4537300,70600,3,0,0,0,2,3,0,0,1,0,1,0,0,0,0,1,1
200500010865,5,2,19,2030,3,1,8,7,4511300,61800,3,2,2,0,1,2,0,68,2,0,1,0,0,0,1,0,1
200500010867,5,2,10,1045,1,1,1,7,4534100,105000,4,1,1,0,2,1,0,35,1,0,1,0,1,0,0,1,1
200500010874,5,2,3,915,1,1,5,5,4541900,87000,3,3,2,0,1,4,0,62,2,0,1,0,1,2,2,1,1
200500010876,5,2,10,1900,3,3,1,3,4502500,25100,2,2,2,0,2,1,0,72,1,0,1,0,1,1,0,0,1
200500010878,5,2,18,300,3,1,1,6,4486800,120400,3,2,0,0,0,1,0,70,1,0,1,0,0,1,0,1,1
200500010880,5,2,9,1230,1,1,1,6,4492200,92900,3,0,0,0,1,1,0,0,1,0,1,0,1,0,1,0,1
200500010882,5,2,17,1030,1,1,1,2,4401900,-32400,3,2,2,0,1,1,0,60,1,0,1,0,1,0,0,1,1
200500010885,5,2,13,645,4,1,2,7,4381400,-137800,3,2,0,0,1,1,0,81,2,0,3,0,0,0,0,3,1
200500010886,5,2,24,2030,3,1,4,3,4381000,-135000,3,2,2,0,1,2,0,59,2,0,1,0,1,0,0,1,1
200500010893,5,2,7,2145,3,1,1,3,4367300,-61200,3,2,2,0,0,1,0,61,1,0,1,0,2,0,1,0,1
200500010900,5,2,19,1115,1,3,1,2,4453300,9900,3,2,2,0,1,1,0,83,1,0,1,0,0,1,0,1,1
200500010902,5,2,5,430,3,1,1,3,4442900,28800,2,2,0,0,1,2,0,0,1,0,1,0,1,0,0,1,1
200500010903,5,2,6,1515,1,1,1,6,4438200,34100,3,2,2,0,2,1,0,74,1,0,1,0,0,0,2,0,1
200500010904,5,2,13,800,1,4,8,1,4429400,28200,3,2,2,0,1,2,0,111,2,5,1,0,2,0,1,0,1
200500010906,5,2,13,1330,1,1,8,6,4465300,59200,2,2,2,0,2,1,0,75,2,0,3,0,0,0,2,2,1
200500010907,5,2,3,900,1,1,1,4,4448100,100300,3,2,2,0,1,1,0,70,1,0,1,0,3,0,0,2,1
200500010908,5,2,14,1845,5,1,1,3,4449800,96400,3,2,0,0,4,1,0,70,1,0,1,0,1,0,1,0,1
200500010910,5,2,18,1100,1,1,1,1,4438900,57900,3,2,0,0,1,1,0,72,1,0,1,0,1,0,1,0,1
200500010911,5,2,8,730,3,1,1,1,4358500,-27700,2,2,2,0,1,1,0,73,1,0,1,0,1,0,1,1,1
200500010913,5,2,27,515,5,1,1,3,4316900,-123300,4,1,0,0,1,1,0,75,1,0,1,0,1,0,0,1,1
200500010915,5,2,19,1900,5,1,2,6,4319500,-61700,4,2,0,1,1,1,0,150,2,6,1,0,1,0,1,0,1
200500010917,5,2,13,545,3,1,2,6,4336000,-67800,3,0,0,0,1,3,0,85,2,0,3,0,0,0,0,1,1
200500010921,5,2,27,15,3,1,1,3,4344800,-62700,3,2,2,0,1,3,0,75,1,0,1,0,0,1,1,0,1
200500010925,5,2,9,1930,5,1,8,5,4667600,36500,3,2,2,0,4,2,0,73,2,0,1,0,3,0,1,0,1
200500010926,5,2,22,1600,1,1,8,6,4630700,17700,2,3,4,0,2,3,20,150,1,0,1,0,4,0,1,0,1
200500010928,5,2,4,1645,1,1,1,6,4678600,81500,4,2,0,0,1,1,0,0,0,0,1,3,1,0,1,0,1
200500010929,5,2,10,1515,1,1,1,6,4682900,64800,3,2,2,0,1,1,0,0,1,0,3,0,0,1,0,0,1
200500010932,5,2,25,930,1,1,1,6,4635300,89500,4,2,2,0,1,1,0,29,1,0,3,0,0,0,1,0,1
200500010933,5,2,26,830,1,6,1,3,4642300,85400,3,2,2,0,1,2,150,50,1,5,1,0,1,0,1,0,1
200500010934,5,2,11,915,1,3,3,3,4646600,74600,3,2,2,0,1,1,0,53,2,0,3,0,3,0,0,2,1
200500010939,5,2,10,1900,3,1,1,1,4560500,7700,3,2,0,0,0,1,0,101,1,0,1,0,0,0,0,2,1
200500010940,5,2,11,1430,1,1,3,3,4558500,15700,3,2,0,0,2,2,3,73,2,0,1,0,1,0,1,0,1
200500010942,5,2,26,1715,1,1,1,1,4588000,59000,2,2,2,0,1,1,0,76,1,0,1,0,3,0,0,1,1
200500010943,5,2,1,2330,3,1,1,2,4599000,20000,2,0,4,0,0,1,20,70,1,0,1,0,1,0,0,1,1
200500010945,5,2,8,1715,1,3,1,3,4608100,-108900,3,2,2,2,1,1,0,60,1,0,1,0,1,0,1,0,1
200500010948,5,2,3,1900,3,1,1,1,4543900,-56500,2,2,2,0,2,1,0,80,1,0,3,0,0,1,1,0,1
200500010949,5,2,4,730,3,1,1,3,4523300,-21500,3,2,2,0,4,1,0,62,1,0,1,0,1,0,1,0,1
200500010950,5,2,17,1400,1,1,1,1,4582600,-107100,3,2,0,0,1,1,0,73,1,0,1,0,2,0,0,1,1
200500010951,5,2,4,915,1,1,1,3,4593600,-103300,3,2,2,0,1,1,0,60,1,5,1,0,4,0,0,1,1
200500010952,5,2,6,530,3,1,1,1,4585900,-97800,3,2,2,0,1,2,0,75,1,0,1,0,1,1,0,0,1
200500010956,5,2,2,915,1,2,1,3,4565700,-60800,3,2,2,0,1,1,0,47,1,0,1,0,0,0,0,2,1
200500010958,5,2,7,1545,1,1,1,3,4574400,-83000,3,2,2,0,1,1,0,70,1,0,1,0,1,0,0,1,1
200500010959,5,2,28,1700,1,1,1,3,4581000,-75400,2,2,2,0,1,1,0,70,1,0,1,0,1,0,0,1,1
200500010961,5,2,14,830,1,2,1,3,4568100,-71900,3,2,2,0,1,1,0,56,1,0,1,0,1,0,1,0,1
200500010962,5,2,18,1430,1,1,1,2,4558500,-54600,9,2,2,0,1,1,0,0,1,0,0,0,4,0,1,0,1
200500010965,5,2,7,2145,3,1,1,6,4607900,-33200,3,2,2,0,3,2,0,56,1,0,3,0,0,1,0,1,1
200500010967,5,2,5,1715,1,1,1,6,4591400,-26300,3,2,2,0,2,0,0,0,1,0,1,0,0,0,0,1,1
200500010968,5,2,14,2100,3,1,1,7,4624100,-57900,2,3,2,0,1,1,20,100,1,0,3,0,0,0,1,0,1
200500010969,5,2,27,800,1,1,4,1,4619300,-67000,2,2,4,3,1,3,0,141,5,0,1,0,2,0,2,0,1
200500010970,5,2,13,1530,1,1,2,7,4635800,-1700,3,3,0,0,1,4,50,0,2,0,3,0,0,0,1,0,1
200500010972,5,2,6,1115,1,1,1,3,4689200,-63300,3,2,2,0,2,1,0,53,0,0,1,0,1,0,1,0,1
200500010973,5,2,7,2245,5,9,1,6,4609000,-1000,4,2,0,0,1,2,0,45,1,0,3,0,0,0,1,1,1
200500010974,5,2,9,1500,1,2,1,3,4685100,-19000,3,0,0,0,1,1,0,58,1,5,1,0,0,0,0,3,1
200500010975,5,2,25,700,3,1,4,1,4662200,-38100,3,2,2,0,2,1,0,63,5,0,1,0,1,0,0,1,1
200500010976,5,2,27,800,2,1,1,6,4586300,114300,2,2,2,0,1,1,0,74,1,0,3,0,0,0,0,1,1
200500010977,5,2,4,1530,1,1,1,6,4596800,116600,2,2,2,0,1,2,0,70,1,0,1,0,1,0,0,1,1
200500010979,5,2,5,1515,1,1,1,7,4570400,97100,3,2,2,0,2,2,0,48,1,0,1,0,2,0,2,0,1
200500010980,5,2,1,715,3,1,5,7,4533500,187500,2,2,2,0,2,1,0,78,2,0,3,0,0,0,0,1,1
200500010981,5,2,8,2045,3,1,1,6,4529100,186400,3,2,0,0,0,2,0,61,0,0,1,0,0,0,0,1,1
200500010982,5,2,13,1245,1,1,2,3,4529100,180400,2,2,3,0,2,1,0,109,2,0,1,0,0,0,0,4,1
200500010983,5,2,23,1345,1,1,1,1,4534800,175600,4,2,0,0,1,2,0,53,1,0,1,0,1,0,0,1,1
200500010984,5,2,10,1830,3,1,5,6,4540700,207400,3,2,2,0,1,0,0,0,1,0,3,0,1,0,0,1,1
200500010987,5,2,9,1700,1,1,1,3,4526200,147600,3,2,2,0,1,3,0,70,1,0,0,0,1,0,1,0,1
200500010988,5,2,10,945,1,1,2,6,4526800,141400,3,2,0,0,1,3,0,52,2,0,4,0,1,0,0,1,1
200500010989,5,2,13,1715,1,1,4,6,4565700,246300,2,2,2,0,2,1,0,78,5,0,3,0,1,0,1,0,1
200500010990,5,2,25,1115,1,1,1,3,4550400,222600,2,2,2,3,1,1,0,105,1,0,1,0,1,0,1,0,1
200500010992,5,2,15,1300,1,1,1,7,4618200,189700,2,3,2,0,1,1,8,140,1,0,1,0,0,0,1,0,1
200500010993,5,2,5,1915,3,1,1,1,4628800,161300,3,2,0,0,2,3,0,44,1,0,1,0,0,1,2,0,1
200500010994,5,2,21,1900,2,9,4,1,4624000,149000,3,2,0,0,0,0,0,80,5,0,1,0,1,0,0,1,1
200500010995,5,2,19,1215,1,1,4,1,4595100,223400,2,2,2,0,2,1,0,70,5,0,1,0,7,0,1,1,1
200500010996,5,2,13,1730,3,1,4,1,4590300,242900,2,2,2,0,2,3,0,75,5,0,1,0,3,0,0,2,1
200500010997,5,2,18,1600,1,1,4,1,4611600,216300,4,2,0,0,0,1,0,35,7,0,1,0,1,0,1,0,1
200500010999,5,2,18,1430,1,1,1,1,4356900,129700,3,2,2,0,1,3,0,67,1,0,1,0,0,0,1,1,1
200500011000,5,2,11,145,3,1,1,6,4350800,136100,2,3,4,0,1,1,25,180,1,0,1,0,2,0,1,0,1
200500011001,5,2,6,1200,1,2,1,3,4372300,150700,3,2,1,0,1,1,0,60,1,0,1,0,1,0,1,0,1
200500011002,5,2,9,600,3,1,8,1,4332400,150300,2,2,2,0,1,1,0,70,2,0,1,0,0,0,1,1,1
200500011004,5,2,25,1245,1,1,1,3,4338400,144500,2,2,2,0,1,1,0,90,1,0,1,0,2,0,0,3,1
200500011005,5,2,10,1230,1,1,1,7,4321000,108300,4,2,2,0,0,1,0,60,1,0,0,0,2,0,0,2,1
200500011006,5,2,4,1445,1,2,1,3,4303300,61100,3,2,2,0,1,1,0,90,1,0,1,0,4,0,0,1,1
200500011007,5,2,7,1815,2,1,1,2,4310500,60700,2,2,2,0,1,1,0,105,1,0,1,0,0,0,0,2,1
200500011008,5,2,18,1615,1,1,1,3,4310500,60600,2,2,0,0,0,1,0,0,1,0,1,0,0,0,1,2,1
200500011009,5,2,2,730,2,1,9,6,4320100,86000,3,2,2,0,1,1,0,0,7,0,3,0,0,0,1,0,1
200500011011,5,2,4,1615,1,1,1,7,4322900,62600,3,2,2,0,1,1,0,50,1,0,3,0,0,0,1,0,1
200500011013,5,2,20,2330,3,1,1,6,4325500,163700,3,2,2,0,1,1,0,55,1,0,3,0,0,1,0,0,1
200500011014,5,2,6,715,1,1,1,1,4359400,172100,2,2,2,0,1,1,0,52,1,0,1,0,1,0,1,0,1
200500011015,5,2,9,2045,3,1,1,1,4368400,161300,3,2,2,0,4,1,0,55,1,0,1,0,2,1,0,0,1
200500011016,5,2,11,2045,5,2,2,3,4352700,182600,3,2,2,0,4,1,0,58,2,5,1,0,1,0,1,0,1
200500011017,5,2,11,215,3,1,1,6,4346800,159400,3,2,2,0,1,1,0,70,1,0,1,0,0,0,1,0,1
200500011020,5,2,21,1500,1,1,1,6,4293900,185000,3,2,0,0,1,1,0,70,1,0,1,0,0,0,0,1,1
200500011021,5,2,5,1100,1,1,1,6,4305700,162200,3,2,2,0,1,1,0,0,1,0,1,0,0,0,1,0,1
200500011022,5,2,19,15,5,1,1,6,4324400,157200,4,2,2,0,1,1,0,70,1,0,3,0,1,0,1,0,1
200500011023,5,2,19,1130,1,1,1,6,4328400,134800,3,2,2,0,1,1,0,66,1,0,1,0,1,0,0,1,1
200500011024,5,2,24,2315,3,1,1,7,4303600,193800,3,2,0,0,1,3,0,51,1,0,3,0,0,0,0,1,1
200500011025,5,2,11,1845,3,1,1,3,4301900,112400,3,2,0,0,1,1,0,53,1,5,1,0,1,0,1,0,1
200500011026,5,2,14,530,3,1,4,6,4418700,303100,1,3,0,0,1,3,40,130,5,3,2,0,0,0,0,1,1
200500011027,5,2,14,1130,1,8,1,5,4440300,271800,2,2,2,0,1,4,0,73,2,4,1,0,2,0,1,0,1
200500011028,5,2,4,1945,3,1,1,6,4415200,224000,3,2,2,0,1,2,0,39,1,0,3,0,0,0,1,0,1
200500011029,5,2,13,1500,1,1,2,6,4442400,230700,3,0,2,0,2,2,0,55,2,0,3,0,0,0,1,0,1
200500011030,5,2,15,1745,1,1,1,1,4439400,239600,3,2,2,0,1,3,0,77,1,0,1,0,0,1,3,0,1
200500011031,5,2,28,1030,1,1,1,1,4443000,216800,3,2,2,0,1,1,0,67,1,0,1,0,1,0,0,1,1
200500011032,5,2,11,1700,2,3,8,1,4435900,203000,3,2,2,0,1,1,0,63,2,0,1,0,2,0,2,0,1
200500011033,5,2,9,1445,1,1,1,3,4363200,88900,3,2,0,0,0,1,0,59,1,0,3,0,2,0,0,1,1
200500011034,5,2,27,930,1,1,1,6,4369900,83700,3,2,0,0,1,1,0,70,1,0,3,0,0,0,1,0,1
200500011035,5,2,10,2230,3,1,1,6,4360200,110400,3,3,4,0,0,0,10,35,1,0,1,0,0,0,1,0,1
200500011039,5,2,17,1215,1,1,1,6,4404300,48100,3,2,2,0,2,3,0,69,1,0,1,0,0,0,0,1,1
200500011040,5,2,25,745,1,1,1,1,4388100,42600,3,2,2,0,1,1,0,50,1,0,1,0,0,0,0,2,1
200500011043,5,2,11,1400,1,1,1,3,4386500,10200,4,2,2,0,1,1,0,0,1,0,1,0,1,0,1,0,1
200500011044,5,2,17,1330,1,1,1,3,4340200,20400,3,2,0,0,0,1,0,52,1,0,1,0,1,0,1,0,1
200500011045,5,2,12,1015,1,1,2,2,4366100,-8100,3,2,0,0,0,1,0,72,8,0,1,0,2,0,0,1,1
200500011046,5,2,12,1330,1,1,2,2,4370600,-23400,3,2,2,0,1,1,0,72,2,0,1,0,1,0,0,1,1
200500011047,5,2,2,1430,1,1,1,1,4458000,138700,3,2,2,0,2,1,0,50,1,0,1,0,2,0,0,1,1
200500011048,5,2,20,830,1,1,9,1,4466400,212400,2,2,2,0,1,1,0,70,2,0,1,0,1,0,1,4,1
200500011051,5,2,15,1730,1,1,1,6,4463200,141400,3,2,2,0,1,3,0,58,1,0,3,0,0,1,0,1,1
200500011054,5,2,19,1715,1,1,8,1,4480000,178000,3,2,2,0,2,2,82,101,2,0,1,0,0,0,1,2,1
200500011057,5,2,2,1045,1,1,1,1,4338900,9000,3,2,2,0,1,1,0,61,1,0,1,0,0,1,0,1,1
200500011058,5,2,25,800,1,1,1,1,4289300,4700,3,2,0,0,0,2,0,70,0,0,1,0,0,0,0,2,1
200500011061,5,2,25,1330,1,1,1,1,4411800,229800,4,2,0,0,2,1,0,32,1,0,1,0,1,1,0,0,1
200500011062,5,2,17,1145,1,9,1,5,4391800,190300,3,2,2,0,1,1,28,90,1,0,1,0,2,0,1,0,1
200500011066,5,2,13,645,5,1,1,7,4357100,231600,3,2,2,3,1,2,0,72,2,0,3,0,0,0,1,1,1
200500011067,5,2,4,2045,5,1,1,6,4358200,214700,2,2,3,0,0,1,25,115,1,0,1,0,0,0,1,0,1
200500011069,5,2,27,515,3,1,1,6,4409300,126900,3,2,2,0,1,1,62,62,1,2,1,0,0,0,2,0,1
200500011072,5,2,20,2330,3,1,1,6,4387500,120200,3,2,2,0,2,1,0,59,2,0,3,0,0,0,1,0,1
200500011073,5,2,24,2015,3,1,1,1,4411000,86000,3,2,0,0,1,1,0,75,1,0,1,0,1,1,0,0,1
200500011075,5,2,2,1800,2,1,1,2,4586700,483500,3,2,2,0,1,1,0,0,1,0,4,0,1,0,0,2,1
200500011076,5,2,17,1000,1,1,1,7,4593800,477000,3,2,2,0,1,2,0,58,1,0,1,0,0,0,1,2,1
200500011088,5,2,6,1700,1,1,1,1,4619600,470600,3,2,2,0,1,3,0,63,1,0,1,0,2,0,0,2,1
200500011089,5,2,5,730,2,1,5,1,4611000,475000,3,2,0,0,1,2,0,73,2,0,1,0,1,0,1,0,1
200500011090,5,2,22,1430,1,6,8,2,4612000,467000,3,0,0,0,4,0,0,0,1,5,1,0,0,0,0,2,1
200500011091,5,2,22,1830,5,1,8,4,4606000,472000,2,0,0,0,1,1,0,0,1,0,1,0,1,0,0,3,1
200500011095,5,2,17,1130,1,1,1,1,4602900,438600,3,2,2,0,1,3,0,0,2,0,1,0,1,0,0,1,1
200500011097,5,2,11,730,3,1,1,3,4624800,546800,3,2,2,0,2,1,0,61,1,0,1,0,1,0,0,1,1
200500011098,5,2,20,1345,1,2,1,1,4639600,504000,3,2,2,0,3,1,0,58,1,5,1,0,4,0,0,1,1
200500011099,5,2,25,1730,1,1,1,6,4640400,511500,3,2,0,0,1,2,0,92,1,0,4,0,0,1,0,0,1
200500011101,5,2,15,800,1,1,4,6,4608000,531000,3,2,2,0,2,1,0,0,5,0,3,0,0,0,0,1,1
200500011108,5,2,27,545,5,1,1,7,4580000,574000,3,2,2,0,2,1,0,65,1,0,1,0,0,0,2,1,1
200500011109,5,2,28,745,1,1,4,3,4610000,554100,3,2,2,0,2,2,0,64,5,0,1,0,0,0,0,4,1
200500011114,5,2,6,1100,1,1,1,6,4631900,605100,3,2,0,0,1,0,0,0,2,0,3,0,2,0,0,2,1
200500011115,5,2,9,1300,1,1,1,3,4591000,482000,3,2,2,0,1,3,0,70,1,5,1,0,1,0,1,0,1
200500011117,5,2,13,1630,1,1,4,6,4608500,510400,2,2,2,0,1,1,59,0,5,0,1,0,0,0,0,1,1
200500011118,5,2,6,1030,1,1,5,6,4622400,507800,3,2,2,0,2,3,0,57,2,0,3,0,0,1,0,1,1
200500011119,5,2,8,1730,1,1,1,7,4591000,519300,4,1,0,0,2,1,0,38,1,0,1,0,0,0,0,1,1
200500011120,5,2,26,1600,1,1,8,1,4587200,492300,4,2,1,0,3,3,0,65,1,0,1,0,1,1,0,0,1
200500011122,5,2,13,1900,3,1,2,6,4603000,479100,3,2,2,0,1,2,0,57,2,0,3,0,0,1,0,0,1
200500011125,5,2,5,1745,3,1,5,1,4608400,485000,3,2,2,0,1,1,0,0,1,2,1,0,1,0,2,0,1
200500011126,5,2,21,1315,1,1,1,1,4607900,488800,3,3,2,0,1,1,0,54,2,0,1,0,0,0,1,1,1
200500011127,5,2,8,1930,5,1,1,7,4438000,463000,3,2,2,0,2,1,0,65,1,5,1,0,0,0,0,1,1
200500011130,5,2,15,845,1,1,8,7,4469800,477100,2,2,2,0,1,3,0,65,2,0,1,0,0,0,0,1,1
200500011131,5,2,22,2145,3,1,1,6,4472300,475300,2,1,0,0,0,1,0,63,1,0,1,0,0,1,0,0,1
200500011132,5,2,23,1430,1,1,1,6,4452200,432400,3,2,0,0,1,1,0,70,1,2,3,0,0,1,1,0,1
200500011133,5,2,28,2030,5,1,1,6,4465500,432200,4,2,2,0,1,1,0,41,1,0,3,0,0,0,1,0,1
200500011134,5,2,12,100,3,1,1,7,4495900,423800,3,2,2,0,1,3,0,60,1,0,1,0,0,1,0,0,1
200500011135,5,2,26,1300,1,1,7,2,4490000,440900,3,2,2,0,1,1,0,0,1,0,1,0,1,0,1,0,1
200500011139,5,2,15,2100,5,1,1,1,4449000,471000,3,2,2,0,1,1,0,80,1,5,1,0,1,0,1,0,1
200500011140,5,2,27,545,3,3,1,1,4452000,475000,3,2,0,0,1,1,0,47,1,0,1,0,3,0,0,2,1
200500011141,5,2,14,1145,1,1,1,6,4436400,513600,3,2,2,0,1,1,0,81,1,0,1,0,1,0,0,1,1
200500011143,5,2,19,1630,1,1,2,4,4503000,509900,2,2,0,0,3,1,0,0,2,0,1,0,0,0,0,5,1
200500011144,5,2,25,1600,1,1,1,7,4508000,507400,3,2,1,0,1,1,60,20,1,0,1,0,0,0,0,2,1
200500011145,5,2,12,130,3,1,5,7,4503600,529300,3,2,2,0,1,3,0,67,2,0,1,0,0,0,2,0,1
200500011148,5,2,5,1745,5,1,1,1,4531400,595800,3,2,2,0,1,1,0,70,1,5,1,0,2,0,0,1,1
200500011149,5,2,9,1930,3,1,1,3,4532700,593300,2,2,2,0,3,1,0,200,1,5,1,0,3,0,0,2,1
200500011150,5,2,12,1400,1,1,3,1,4536500,595500,3,2,0,0,2,3,0,90,2,0,1,0,1,0,0,2,1
200500011151,5,2,18,1800,2,1,1,3,4534000,597000,3,2,0,0,1,1,0,60,1,0,1,0,1,0,0,1,1
200500011152,5,2,23,1915,5,1,1,1,4505000,567000,3,2,2,0,1,1,0,63,1,5,1,0,1,0,0,1,1
200500011154,5,2,16,1830,5,1,8,1,4509500,590400,3,2,2,0,1,1,0,82,9,0,1,0,1,0,2,3,1
200500011157,5,2,15,2145,3,1,4,2,4534800,532800,3,2,0,0,1,1,0,0,7,0,1,0,1,0,0,1,1
200500011158,5,2,13,1845,1,1,2,6,4521100,540800,3,2,0,0,1,1,0,0,2,0,3,0,0,0,0,1,1
200500011159,5,2,11,1000,1,1,2,5,4587900,536000,2,2,2,0,1,1,0,70,2,0,1,0,1,0,0,2,1
200500011160,5,2,6,515,3,1,1,7,4569600,553500,3,2,0,0,0,2,0,0,2,0,1,0,0,0,0,1,1
200500011161,5,2,19,100,5,1,1,6,4564100,555900,4,2,0,0,2,1,0,0,1,0,1,0,0,0,0,2,1
200500011162,5,2,11,1000,1,1,1,7,4568400,544200,6,0,0,0,0,0,0,0,1,0,0,0,1,0,0,1,1
200500011165,5,2,8,1700,1,1,1,3,4539100,524600,3,2,0,0,1,0,0,0,1,0,1,0,1,0,0,1,1
200500011167,5,2,15,615,5,1,4,5,4559300,509500,3,1,2,0,0,3,0,66,7,0,1,0,0,1,0,3,1
200500011168,5,2,23,1500,1,1,1,1,4575000,515700,4,2,2,0,2,0,150,150,1,0,1,3,1,1,0,0,1
200500011169,5,2,18,1500,1,1,1,7,4579600,511200,3,2,0,0,1,3,0,0,1,0,1,0,0,0,0,1,1
200500011173,5,2,12,1445,1,1,1,6,4574400,425500,3,2,2,0,0,1,0,65,2,0,3,0,0,0,1,1,1
200500011175,5,2,15,1645,1,1,4,5,4592400,416300,2,2,3,0,2,1,0,106,5,0,1,0,1,0,0,2,1
200500011176,5,2,10,1115,1,1,1,6,4603300,392700,3,2,2,0,4,2,0,50,0,0,3,0,0,0,1,0,1
200500011177,5,2,21,1545,1,1,4,6,4614700,389100,2,2,2,0,3,1,0,70,5,0,3,0,0,0,0,2,1
200500011178,5,2,28,1100,1,1,1,1,4617800,387200,2,2,0,0,1,1,0,71,1,0,1,0,1,0,1,1,1
200500011181,5,2,4,1330,1,1,1,2,4568100,589500,2,4,3,1,1,1,0,102,1,0,5,0,1,1,0,0,1
200500011185,5,2,15,1030,1,3,1,3,4583300,581400,3,2,2,0,1,1,0,71,2,0,1,0,1,0,1,1,1
200500011186,5,2,5,30,3,1,1,1,4547700,604500,3,2,0,1,0,3,0,88,1,0,0,0,1,0,1,1,1
200500011187,5,2,9,1015,1,1,1,6,4560100,587700,3,2,1,0,1,1,0,69,1,6,1,0,1,0,0,1,1
200500011188,5,2,22,1830,2,1,1,1,4553700,567800,2,2,2,0,1,1,0,72,1,0,1,0,1,0,0,1,1
200500011189,5,2,18,1330,1,1,1,1,4554500,567600,3,0,2,0,1,1,0,70,1,0,1,0,0,0,0,2,1
200500011190,5,2,8,930,5,1,1,4,4566100,637300,2,1,2,0,1,1,16,75,1,0,1,0,1,1,0,1,1
200500011191,5,2,13,115,3,1,2,2,4564400,633000,2,3,2,0,1,3,0,152,2,5,1,0,1,0,0,4,1
200500011194,5,2,13,530,3,1,2,6,4526700,638000,3,2,2,0,1,3,0,77,2,0,3,0,0,0,0,1,1
200500011195,5,2,20,1130,1,1,9,6,4531700,699000,3,3,2,0,0,3,0,0,5,0,3,0,1,0,0,3,1