Num_Acc,an,mois,jour,hrmn,lum,int,atm,col,lat,long,catr,circ,nbv,vosp,prof,plan,lartpc,larrout,surf,infra,situ,env1,unscathed,killed,hospital,light,chance
200500011198,5,2,11,915,1,1,1,6,4584800,621500,3,2,2,0,2,3,0,71,2,0,1,0,1,0,1,0,1
200500011202,5,2,19,1945,5,1,9,6,4605600,658300,5,2,2,0,1,1,0,60,7,0,1,0,0,0,1,0,1
200500011203,5,2,16,900,1,1,9,1,4592400,662900,3,2,0,0,2,3,0,50,5,0,1,0,1,0,0,5,1
200500011204,5,2,6,1815,5,3,8,6,4607600,639500,2,2,2,0,1,3,0,75,2,2,4,0,1,0,1,1,1
200500011205,5,2,9,1700,1,1,1,6,4607400,638000,4,2,0,0,1,1,0,0,1,0,1,0,1,0,1,0,1
200500011206,5,2,4,900,1,1,1,1,4616200,666900,3,2,0,0,0,1,0,65,1,5,1,0,0,0,1,1,1
200500011208,5,2,17,1515,1,1,8,1,4614500,661700,3,2,2,0,2,4,0,58,1,0,1,0,0,0,0,4,1
200500011209,5,2,2,30,3,9,9,6,4614800,607900,6,0,0,0,1,0,0,0,7,0,1,0,3,0,1,0,1
200500011212,5,2,3,815,1,1,1,3,4612600,597400,3,2,0,0,1,1,0,61,2,0,1,0,1,0,0,1,1
200500011213,5,2,7,830,3,1,2,1,4610600,594800,2,2,2,0,1,2,0,72,2,0,1,0,2,0,0,2,1
200500011217,5,2,1,1700,1,3,1,3,4630500,628800,2,2,2,0,0,1,0,78,1,0,1,0,1,0,1,0,1
200500011218,5,2,23,1730,1,1,1,3,4632700,634600,2,2,0,0,1,1,0,80,1,0,1,0,2,0,1,0,1
200500011219,5,2,13,945,1,1,4,1,4625600,650300,3,2,2,0,2,3,0,0,5,0,1,0,1,0,3,1,1
200500011220,5,2,4,1245,1,1,1,6,4638000,661000,3,2,0,0,2,1,0,65,1,0,3,0,0,0,0,1,1
200500011221,5,2,15,1100,1,1,4,7,4633000,659700,3,2,0,0,1,2,0,60,0,0,1,0,0,0,0,1,1
200500011222,5,2,2,830,1,1,1,1,4622900,666200,3,2,2,0,1,1,0,76,2,2,1,0,0,0,0,2,1
200500011223,5,2,26,415,3,1,9,7,4582300,326500,3,2,2,0,1,1,0,70,7,0,0,0,0,0,1,1,1
200500011224,5,2,2,1915,3,1,4,4,4569300,293100,2,2,3,0,1,1,0,149,7,0,1,0,3,2,2,0,1
200500011226,5,2,9,1600,1,1,7,1,4564500,316300,3,2,2,0,1,3,0,69,1,0,1,0,2,0,1,0,1
200500011227,5,2,21,715,2,1,4,7,4570000,322000,4,0,0,0,0,0,0,30,5,0,0,0,1,0,1,0,1
200500011232,5,2,19,830,1,1,1,7,4601900,320200,3,2,2,0,1,2,0,55,5,2,1,0,0,0,3,0,1
200500011233,5,2,27,1900,3,1,4,7,4605100,326500,3,2,2,0,1,3,0,67,7,0,1,0,1,0,0,1,1
200500011235,5,2,4,2315,3,1,1,3,4541200,228300,3,2,2,0,2,3,0,60,1,0,1,0,0,0,1,5,1
200500011237,5,2,28,1000,1,1,4,7,4586000,338600,3,2,2,0,1,1,0,55,5,0,3,0,0,0,1,0,1
200500011238,5,2,21,945,1,1,4,3,4592700,334000,3,2,0,0,1,1,0,104,5,5,1,0,1,0,0,1,1
200500011242,5,2,12,1030,1,1,1,6,4652000,371000,2,2,2,0,1,1,0,32,1,0,1,0,0,0,1,0,1
200500011243,5,2,2,1030,1,1,1,6,4634100,246100,3,2,2,0,1,3,0,60,1,0,3,0,0,0,0,1,1
200500011244,5,2,13,1545,1,1,4,3,4632300,248600,3,2,0,0,2,1,0,77,5,0,1,0,0,0,1,6,1
200500011245,5,2,27,800,1,1,4,7,4637900,267100,2,2,2,0,0,1,0,72,7,0,1,0,0,0,2,0,1
200500011247,5,2,10,1500,1,1,1,6,4629300,274000,4,2,0,0,1,1,0,56,1,0,0,0,1,0,0,1,1
200500011248,5,2,23,2230,3,1,5,2,4635700,299800,2,2,2,0,1,1,0,70,7,0,1,0,2,0,1,0,1
200500011249,5,2,25,930,1,9,5,2,4633000,296000,2,2,1,0,1,1,0,72,7,0,1,0,1,0,0,2,1
200500011251,5,2,11,730,1,1,1,2,4610300,318700,3,2,0,0,1,1,0,79,1,0,1,0,1,0,0,1,1
200500011252,5,2,19,1230,1,1,4,1,4621800,377300,2,2,2,0,1,1,0,72,5,0,1,0,0,0,2,1,1
200500011253,5,2,27,1545,1,1,4,7,4507600,231100,3,2,2,0,3,1,0,0,2,0,1,0,0,0,1,0,1
200500011255,5,2,19,1330,1,1,8,3,4500500,392100,3,2,2,0,1,1,30,56,2,0,1,0,1,0,1,0,1
200500011256,5,2,14,1315,1,1,4,1,4517800,351000,3,2,0,0,1,3,0,77,5,0,1,0,1,0,1,0,1
200500011257,5,2,12,200,3,1,3,7,4537800,328900,2,2,2,0,2,3,0,65,2,0,3,0,0,0,0,1,1
200500011258,5,2,27,1730,2,1,6,5,4536200,332400,2,2,2,0,2,1,0,70,5,0,1,3,3,0,0,1,1
200500011260,5,2,15,1215,1,1,8,6,4515800,409500,3,2,2,0,2,2,0,0,7,0,3,0,0,0,1,1,1
200500011262,5,2,19,1700,1,1,4,1,4531200,432000,3,2,2,0,1,4,0,68,5,0,1,0,3,0,1,0,1
200500011263,5,2,21,1400,1,1,1,6,4522000,433700,3,2,0,0,1,1,0,0,5,0,3,0,0,0,0,1,1
200500011265,5,2,27,2230,3,1,4,7,4917700,604600,2,2,2,0,1,1,0,67,5,0,1,0,0,0,0,1,1
200500011267,5,2,20,500,5,1,4,7,4909300,609100,3,2,2,0,1,2,0,80,5,0,3,0,0,1,0,0,1
200500011275,5,2,3,1815,5,1,1,6,4910900,647900,3,2,2,0,1,2,0,0,1,0,3,0,0,0,0,1,1
200500011276,5,2,11,1800,3,1,2,1,4913900,667000,3,2,2,0,2,4,0,58,2,0,1,0,1,0,0,2,1
200500011277,5,2,13,200,3,1,1,7,4859900,702000,3,2,0,0,1,2,0,0,1,0,1,0,0,0,0,1,1
200500011278,5,2,21,1415,1,6,1,7,4870000,697400,2,2,2,0,2,3,0,93,1,0,3,0,0,0,1,0,1
200500011290,5,2,17,930,1,1,4,1,4843000,616000,3,2,0,0,0,0,0,60,9,0,1,0,1,0,0,1,1
200500011291,5,2,16,1500,1,1,1,2,4947700,559800,2,2,0,0,1,1,0,84,1,5,1,0,2,0,1,1,1
200500011292,5,2,9,1830,2,1,1,5,4930200,580800,3,2,2,0,1,1,0,60,0,5,1,0,5,0,1,1,1
200500011293,5,2,25,900,1,1,1,6,4851800,638900,3,2,2,0,1,1,0,75,1,0,1,0,0,0,0,4,1
200500011302,5,2,8,1345,1,1,1,3,4821000,649000,6,1,0,0,1,1,0,70,1,0,1,0,1,0,0,1,1
200500011303,5,2,12,1045,1,1,2,7,4821100,649000,3,2,0,0,2,1,0,70,2,2,3,0,0,0,1,0,1
200500011306,5,2,11,1100,1,1,2,6,4805000,602400,3,2,0,0,1,3,0,60,2,0,3,0,0,0,0,1,1
200500011307,5,2,15,1700,1,1,4,7,4831200,668400,3,0,2,0,0,1,0,0,5,0,0,0,0,0,0,1,1
200500011308,5,2,25,1200,1,4,1,3,4837600,592800,3,2,2,0,1,2,0,73,1,5,1,0,1,0,0,1,1
200500011309,5,2,3,1915,3,1,1,5,4819500,609200,3,2,0,0,0,1,0,0,1,0,1,0,1,2,0,1,1
200500011311,5,2,17,2330,5,1,8,1,4819400,677700,3,2,2,0,1,2,0,70,2,0,1,0,1,0,0,2,1
200500011312,5,2,11,1930,4,1,2,1,4834800,696500,3,2,2,0,1,4,0,49,2,0,1,0,1,0,1,0,1
200500011313,5,2,12,1215,1,1,2,6,4833000,761600,3,2,2,0,1,2,0,50,2,0,1,0,0,1,0,0,1
200500011314,5,2,1,1445,1,1,1,1,4845700,771700,3,2,2,0,1,1,0,62,1,0,1,0,0,0,1,1,1
200500011315,5,2,24,1800,5,1,8,3,4849200,771600,3,2,2,0,1,1,0,104,2,5,1,0,2,0,0,4,1
200500011316,5,2,10,1915,3,1,2,6,4845200,749100,3,2,2,0,1,1,0,0,2,0,3,0,0,0,1,0,1
200500011317,5,2,16,1500,1,1,4,3,4847000,749000,3,2,1,0,1,1,0,64,2,0,1,0,1,0,1,0,1
200500011319,5,2,4,1,3,8,1,7,4877200,784900,4,2,2,0,1,0,0,70,1,4,1,0,0,0,0,1,1
200500011326,5,2,28,2130,3,1,1,3,4845900,720600,2,2,2,0,1,1,0,0,1,0,1,0,1,0,0,1,1
200500011328,5,2,18,1130,1,1,1,2,4874200,736900,2,2,0,0,1,1,0,0,0,0,1,3,0,0,0,2,1
200500011329,5,2,1,715,2,1,8,6,4887900,716500,3,2,2,0,1,1,0,59,7,0,1,0,15,0,1,2,1
200500011333,5,2,24,1745,5,1,1,1,4864600,752800,3,2,2,0,1,1,60,0,1,0,1,0,2,0,0,2,1
200500011334,5,2,15,730,2,1,4,7,4904100,794300,4,2,2,0,1,2,0,0,7,0,1,0,0,0,0,1,1
200500011335,5,2,23,530,5,1,4,1,4891400,784900,3,2,0,0,1,0,0,75,5,5,1,0,1,0,0,1,1
200500011338,5,2,2,745,2,1,8,6,4897300,776400,3,2,2,0,1,3,0,67,1,0,3,0,0,0,1,0,1
200500011340,5,2,7,1630,1,1,1,1,4805500,711200,3,2,0,0,1,1,0,0,1,0,1,0,1,0,0,1,1
200500011341,5,2,5,1545,1,1,1,5,4803100,750500,2,2,2,0,3,1,0,113,1,2,1,0,2,0,0,2,1
200500011342,5,2,13,1915,3,1,4,1,4826300,722900,2,2,3,0,2,2,0,115,5,0,1,0,1,2,1,0,1
200500011343,5,2,28,1415,1,6,1,1,4809800,730800,3,4,0,0,1,1,0,0,1,0,1,0,1,0,0,1,1
200500011344,5,2,14,1615,1,1,1,1,4764700,723300,3,2,2,0,1,1,0,68,1,0,1,0,1,0,1,1,1
200500011345,5,2,17,1900,3,1,1,1,4763800,704300,3,2,0,0,1,1,0,0,1,0,1,0,1,1,0,0,1
200500011347,5,2,18,600,3,1,4,6,4754300,727500,3,2,2,0,1,1,0,61,2,0,3,0,0,0,1,0,1
200500011348,5,2,3,1315,1,1,1,3,4788500,721500,3,2,1,0,1,1,0,65,1,0,1,0,1,0,1,0,1
200500011349,5,2,4,2000,5,1,1,3,4799700,737800,3,2,2,0,1,1,0,70,1,0,1,0,2,0,0,2,1
200500011350,5,2,15,845,1,1,1,7,4786900,734900,9,0,0,0,1,1,0,0,1,0,1,0,1,0,0,1,1
200500011353,5,2,21,1900,5,1,4,1,4788300,730800,3,2,0,0,1,1,0,69,2,0,1,0,1,1,0,0,1
200500011354,5,2,5,1700,1,1,1,6,4778200,741300,3,2,2,0,1,1,40,0,1,0,1,0,0,0,0,1,1
200500011356,5,2,14,1830,2,6,1,2,4777500,738800,3,2,4,0,1,3,50,175,1,5,1,0,0,0,0,3,1
200500011357,5,2,15,1100,5,1,4,3,4778700,734600,3,2,0,0,0,0,0,0,2,5,1,0,1,0,0,1,1
200500011358,5,2,1,745,2,1,8,1,4781600,710100,3,2,0,0,1,1,0,69,9,0,1,0,1,1,0,1,1
200500011361,5,2,24,2000,3,2,1,3,4913700,433800,3,2,0,0,1,1,0,65,2,5,1,0,2,0,0,1,1
200500011362,5,2,14,1500,1,1,1,3,4890900,411300,3,2,2,0,1,0,0,0,1,0,1,0,2,0,0,1,1
200500011363,5,2,21,1130,1,1,8,1,4892800,396600,3,2,2,0,3,1,0,51,2,0,1,0,0,0,0,2,1
200500011364,5,2,11,345,5,1,3,6,4908500,376300,2,2,2,0,1,1,25,75,2,5,1,0,0,0,0,1,1
200500011365,5,2,4,1045,1,3,7,3,4874900,397900,2,2,2,0,1,1,0,80,1,0,1,0,2,1,0,0,1
200500011366,5,2,6,2100,3,1,1,6,4864500,394100,3,2,0,0,1,3,0,60,1,2,1,0,0,1,1,1,1
200500011367,5,2,23,700,2,1,1,3,4873600,392100,4,2,2,0,1,1,0,70,1,0,1,0,2,0,1,0,1
200500011368,5,2,27,215,3,1,4,6,4871700,414000,3,2,2,0,1,2,0,60,5,0,4,0,0,0,1,1,1
200500011369,5,2,28,630,2,1,9,6,4873900,430500,2,2,2,0,2,1,25,0,7,0,3,0,0,0,1,0,1
200500011370,5,2,17,1400,1,1,1,7,4874000,373700,3,2,2,0,4,2,0,70,1,0,1,0,1,0,0,1,1
200500011371,5,2,21,1900,3,1,1,1,4873100,385600,2,2,2,0,1,1,0,80,2,0,1,0,0,0,0,3,1
200500011372,5,2,22,915,1,1,4,6,4872600,357700,3,2,2,0,4,1,0,40,5,2,3,0,1,0,0,1,1
200500011375,5,2,1,1215,1,1,2,2,4910400,486900,3,2,2,0,1,1,0,60,2,0,1,0,1,0,0,1,1
200500011376,5,2,11,900,1,1,2,6,4909000,475700,3,2,2,0,2,3,0,74,7,0,3,0,0,0,1,0,1
200500011378,5,2,4,1000,1,1,1,1,4984200,460500,3,0,0,0,2,1,68,0,1,0,1,0,1,0,0,1,1
200500011379,5,2,11,1500,1,1,2,1,4994400,463700,3,2,2,0,1,0,0,100,2,5,1,0,1,0,0,1,1
200500011380,5,2,28,1915,2,1,1,7,4967300,517100,3,2,2,0,0,4,0,57,1,2,3,0,1,0,1,0,1
200500011381,5,2,21,1715,1,1,1,3,4940300,471700,3,2,2,0,0,1,0,0,1,5,1,0,1,0,0,2,1
200500011382,5,2,5,700,2,1,1,6,4943600,484000,3,2,2,0,2,3,0,73,1,0,3,0,1,2,0,0,1
200500011384,5,2,11,1800,3,1,2,7,4857800,426400,3,2,2,0,1,1,0,60,2,0,0,0,0,0,1,0,1
200500011385,5,2,21,1315,1,1,1,6,4839400,410900,2,2,3,0,2,1,0,107,1,0,3,0,0,0,0,1,1
200500011387,5,2,16,745,1,1,1,1,4824100,416400,3,2,2,0,1,2,0,57,1,0,1,0,1,0,1,0,1
200500011388,5,2,25,815,2,1,5,3,4838900,420000,4,2,2,0,3,1,0,80,6,4,1,0,1,0,0,1,1
200500011389,5,2,13,645,4,1,1,6,4827800,462100,3,3,1,0,1,1,0,55,1,5,0,0,0,0,2,0,1
200500011391,5,2,14,2130,3,1,2,7,4847000,459200,3,2,2,0,0,4,0,0,2,0,3,0,0,0,1,0,1
200500011393,5,2,15,1300,1,9,1,3,4850000,380000,2,2,4,0,1,1,0,135,1,5,0,0,1,0,0,1,1
200500011394,5,2,18,530,3,1,1,1,4845800,390400,2,2,3,0,1,1,0,113,1,0,1,0,2,1,0,2,1
200500011395,5,2,14,1000,1,2,4,3,4798600,489500,3,2,2,0,1,1,0,78,2,0,1,0,1,0,0,1,1
200500011396,5,2,19,600,5,1,4,6,4824700,529400,2,2,2,0,1,3,0,0,5,0,1,0,1,0,0,1,1
200500011399,5,2,14,1545,1,1,8,5,4828500,511300,2,2,3,0,2,3,0,110,2,0,1,0,3,0,1,2,1
200500011400,5,2,19,1015,1,9,4,6,4820800,514200,6,0,0,0,0,0,0,0,5,0,0,0,1,0,1,0,1
200500011402,5,2,12,1745,5,1,2,6,4795900,575200,3,2,0,0,1,1,0,68,2,0,0,0,1,0,0,1,1
200500011403,5,2,14,1730,1,1,3,6,4795800,575000,4,2,0,0,2,1,0,70,2,0,4,0,0,0,1,2,1
200500011404,5,2,23,1230,1,1,1,6,4783600,552300,3,2,2,0,2,0,0,0,1,2,1,0,0,0,0,1,1
200500011405,5,2,9,730,5,1,1,6,4859500,486800,3,2,2,0,1,1,0,52,1,0,1,0,1,0,0,1,1
200500011407,5,2,12,1500,1,1,2,7,4843400,510600,3,2,0,0,4,3,0,63,2,0,3,0,0,0,1,0,1
200500011408,5,2,19,1500,3,1,2,6,4834300,518800,3,0,2,0,1,1,0,55,2,0,3,0,0,0,0,1,1
200500011412,5,2,11,2100,3,1,2,4,4717100,469700,1,3,4,0,1,1,30,105,2,0,1,0,2,1,0,2,1
200500011414,5,2,28,715,2,1,1,2,4733800,447500,1,3,2,0,1,1,30,105,1,0,1,0,3,0,0,2,1
200500011415,5,2,27,930,1,1,4,7,4723200,511000,3,2,2,0,1,2,0,0,5,0,1,0,0,0,1,1,1
200500011416,5,2,23,1000,1,1,1,3,4724700,498900,4,2,0,0,1,1,70,0,1,0,1,0,1,0,0,1,1
200500011418,5,2,22,1615,1,1,2,3,4693900,475100,3,2,2,0,1,1,0,0,2,0,1,0,1,0,0,1,1
200500011420,5,2,25,1030,1,1,1,1,4712500,467000,3,2,2,0,1,1,0,60,1,0,0,0,0,0,0,2,1
200500011421,5,2,4,630,3,1,4,6,4726000,481700,2,3,2,0,1,3,0,75,7,0,1,0,0,0,0,1,1
200500011424,5,2,5,1830,3,1,1,3,4750400,413200,3,2,2,0,1,1,0,75,1,0,1,0,3,0,1,0,1
200500011425,5,2,19,330,3,1,4,1,4730700,420900,2,2,2,0,2,1,0,70,5,0,1,0,1,0,3,2,1
200500011426,5,2,13,1015,3,1,4,1,4682500,335400,3,2,0,0,1,2,0,59,2,0,1,0,3,0,0,1,1
200500011427,5,2,7,945,1,1,1,7,4693100,349300,3,2,0,0,1,1,0,0,1,0,3,0,0,0,1,0,1
200500011428,5,2,17,1845,3,1,1,7,4752400,349900,3,2,2,0,1,3,0,54,1,0,1,0,0,0,1,0,1
200500011430,5,2,5,2200,3,1,1,7,4717300,336500,3,2,2,0,0,3,0,60,1,0,1,0,1,0,2,0,1
200500011431,5,2,4,1700,1,1,1,2,4634100,461500,3,2,0,0,1,1,60,0,1,0,1,0,1,0,0,1,1
200500011432,5,2,15,1300,1,1,4,7,4638400,450000,2,3,2,0,1,4,0,75,5,0,3,0,0,0,0,1,1
200500011441,5,2,15,645,3,1,1,3,4680200,497500,3,2,0,0,3,1,0,69,1,5,1,0,1,0,0,1,1
200500011442,5,2,2,800,1,1,1,4,4643000,441400,2,0,2,0,1,1,0,70,1,0,0,0,0,5,2,2,1
200500011443,5,2,23,730,2,1,4,6,4658000,453600,3,2,2,0,2,2,0,60,5,0,3,0,0,0,0,1,1
200500011444,5,2,28,2230,3,1,1,7,4652300,386100,3,2,2,0,1,2,0,55,1,0,0,0,0,0,1,0,1
200500011446,5,2,11,1500,1,2,2,3,4662900,383100,3,2,0,0,1,1,0,67,2,0,1,0,1,0,0,1,1
200500011447,5,2,14,1315,1,1,8,6,4654500,375200,3,2,2,0,1,3,0,70,2,0,3,0,0,0,1,0,1
200500011449,5,2,12,2200,5,1,2,6,4650200,538200,4,2,2,0,0,1,0,80,2,0,4,0,0,0,0,2,1
200500011450,5,2,27,1830,3,1,4,6,4654800,534700,4,2,2,0,2,3,0,40,5,0,3,0,1,0,1,0,1
200500011451,5,2,5,1045,1,7,5,3,4663000,500000,3,2,0,0,1,1,0,48,1,0,1,0,1,0,0,2,1
200500011452,5,2,7,1500,5,1,5,6,4656000,499000,3,2,0,0,1,2,0,76,2,0,4,0,1,0,1,0,1
200500011453,5,2,13,1500,5,1,2,6,4656700,496400,4,2,1,0,1,2,0,0,2,0,3,0,0,0,0,2,1
200500011454,5,2,24,1730,1,2,1,3,4656100,502200,3,2,2,0,2,1,0,0,1,0,1,3,1,0,0,1,1
200500011455,5,2,26,1400,1,1,1,6,4657500,498700,3,0,0,0,1,2,0,62,1,0,1,0,1,0,0,1,1
200500011457,5,2,18,1515,1,1,1,1,4673800,447500,2,2,3,0,1,1,0,99,1,0,1,0,0,0,1,1,1
200500011460,5,2,23,1930,3,1,1,3,4795100,389300,3,2,2,0,2,1,0,72,1,0,3,0,1,0,0,1,1
200500011462,5,2,22,930,1,1,4,3,4788900,356400,3,2,2,0,1,2,0,0,5,0,1,0,2,0,1,0,1
200500011464,5,2,3,1100,1,1,8,6,4777000,301900,3,2,2,0,1,1,0,48,2,0,1,0,0,1,0,0,1
200500011469,5,2,3,2000,5,1,1,6,4833200,308100,3,2,2,0,0,1,0,0,1,0,4,0,1,0,0,1,1
200500011471,5,2,21,1745,1,1,1,5,4810100,328600,3,2,2,0,1,2,0,50,2,0,1,0,1,0,1,2,1
200500011472,5,2,7,830,1,1,8,7,4785500,397100,3,2,0,0,2,1,0,70,7,0,1,0,0,0,1,0,1
200500011475,5,2,8,1500,1,1,1,6,4745500,679800,2,2,0,0,1,1,71,0,1,0,3,0,0,0,1,0,1
200500011480,5,2,7,930,1,1,1,7,4714100,661600,3,2,2,0,2,4,0,67,1,0,1,0,0,0,0,1,1
200500011482,5,2,24,1700,1,1,1,3,4672000,619800,3,2,2,0,1,1,0,68,1,0,1,0,1,0,0,1,1
200500011484,5,2,6,1500,1,1,1,2,4701000,582000,4,2,2,0,1,1,0,0,1,0,1,0,1,0,1,0,1
200500011485,5,2,6,1100,1,1,1,1,4707500,541300,3,2,2,0,1,1,0,71,1,0,1,0,1,0,1,0,1
200500011486,5,2,18,2015,3,4,1,3,4696100,537400,3,2,2,0,1,2,0,75,1,0,1,0,2,0,1,0,1
200500011487,5,2,20,900,1,1,1,6,4695400,550200,3,2,2,0,1,2,0,58,5,0,1,0,2,0,1,1,1
200500011488,5,2,23,1500,1,1,8,1,4716600,575900,2,2,2,0,1,1,0,145,1,0,1,0,1,0,1,1,1
200500011490,5,2,5,915,1,1,1,5,4655000,601000,2,2,3,0,2,2,0,109,1,0,1,0,1,4,1,0,1
200500011493,5,2,2,100,5,6,8,7,4745600,559100,3,2,0,0,1,0,0,0,2,5,1,0,0,0,1,0,1
200500011495,5,2,1,1415,1,1,8,1,4749000,597000,3,2,2,0,3,2,0,76,1,0,1,0,0,2,2,2,1
200500011496,5,2,18,930,1,1,1,1,4770600,699700,2,3,0,0,1,1,20,90,1,0,1,0,0,1,0,1,1
200500011498,5,2,8,1400,1,1,1,2,4446500,476000,1,3,2,3,1,1,0,0,1,0,2,0,1,0,0,1,1
200500011499,5,2,10,415,3,1,1,2,4460400,479500,1,1,1,3,0,1,35,100,0,0,0,0,1,0,1,1,1
200500011501,5,2,14,1530,1,1,1,6,4343200,551000,3,2,2,0,1,1,0,70,1,0,3,0,0,0,1,1,1
200500011502,5,2,20,1400,1,1,1,1,4363100,548900,3,2,0,0,1,3,0,60,1,0,1,0,1,0,0,2,1
200500011503,5,2,28,1200,1,1,1,1,4371100,575900,3,2,2,0,1,2,0,72,1,0,1,0,0,0,1,1,1
200500011505,5,2,5,2000,3,1,1,1,4348700,568800,2,2,2,0,3,2,0,77,1,0,1,0,2,0,0,1,1
200500011506,5,2,3,1630,1,1,1,6,4354700,481600,2,3,2,0,1,1,340,70,1,0,3,0,0,1,0,0,1
200500011507,5,2,11,1200,1,1,1,7,4362400,492400,3,2,2,2,1,1,0,75,1,0,3,0,0,0,1,1,1
200500011508,5,2,20,930,1,1,1,6,4354800,473200,3,2,1,0,1,1,0,70,1,0,1,0,0,0,1,0,1
200500011509,5,2,13,645,2,1,1,7,4346200,472100,3,2,2,0,0,1,0,59,1,0,1,0,0,0,0,2,1
200500011512,5,2,13,1615,1,1,2,1,4369100,520800,2,2,3,0,2,1,0,0,1,0,1,0,0,0,2,2,1
200500011516,5,2,10,2000,3,1,1,3,4431700,584500,3,2,2,0,3,3,0,69,1,0,1,0,0,0,0,2,1
200500011517,5,2,19,2015,3,1,1,6,4432600,580400,2,2,2,0,1,1,0,74,1,0,1,0,0,0,0,1,1
200500011518,5,2,26,500,3,1,1,7,4436000,576400,2,2,0,0,1,1,0,72,1,0,0,0,3,0,0,1,1
200500011519,5,2,4,1030,1,1,1,2,4445400,603700,3,2,2,0,1,1,0,70,1,0,1,0,2,0,0,1,1
200500011520,5,2,16,915,1,1,1,6,4446600,605400,3,2,0,0,1,1,0,64,1,0,1,0,3,0,1,0,1
200500011521,5,2,7,1130,1,1,1,3,4485400,649100,3,2,2,0,0,1,0,56,1,0,1,0,1,0,0,1,1
200500011530,5,2,18,1230,1,1,1,6,4377400,719600,4,2,2,0,0,1,0,80,1,0,4,0,1,0,0,1,1
200500011531,5,2,20,1630,1,1,4,1,4387800,701100,3,2,2,0,1,3,0,61,5,0,1,0,2,0,0,1,1
200500011533,5,2,21,2000,3,1,1,1,4343000,643000,2,2,3,0,3,2,0,103,1,0,1,0,0,0,1,1,1
200500011538,5,2,27,1515,1,1,1,1,4360000,598200,3,2,0,0,1,3,0,65,1,0,1,0,0,0,0,2,1
200500011541,5,2,24,830,1,1,1,3,4339000,658000,3,3,0,0,3,2,0,65,1,0,1,0,1,0,0,1,1
200500011546,5,2,21,1415,1,1,1,2,4319000,582100,2,2,2,0,1,1,0,80,1,0,1,0,1,0,0,1,1
200500011548,5,2,11,1415,1,1,1,6,4322800,613900,3,2,2,0,1,3,0,60,1,0,3,0,0,0,0,1,1
200500011553,5,2,18,2330,5,1,1,6,4320000,604300,3,2,0,0,1,1,0,70,1,0,1,0,0,0,1,0,1
200500011555,5,2,14,1430,1,2,1,3,4385200,511200,3,2,2,0,1,1,0,90,1,5,1,0,1,0,1,0,1
200500011563,5,2,17,945,1,1,1,3,4404000,488100,2,2,2,0,0,1,105,105,1,5,1,0,1,0,0,1,1
200500011569,5,2,27,700,2,1,1,1,4437800,498100,3,2,2,0,1,3,0,74,1,0,1,0,0,0,6,0,1
200500011570,5,2,16,1900,3,1,1,6,4366400,395000,3,2,2,0,1,1,0,0,1,0,1,0,0,1,0,1,1
200500011571,5,2,24,1215,1,1,1,2,4363200,389800,2,2,3,0,1,1,0,115,1,2,1,0,1,0,1,0,1
200500011572,5,2,20,1915,5,1,1,1,4366300,401200,4,2,0,0,1,1,0,62,1,0,1,0,6,0,1,0,1
200500011573,5,2,11,1930,3,1,1,3,4395400,378400,3,2,2,0,1,1,0,60,1,0,1,0,1,1,0,0,1
200500011576,5,2,7,630,3,1,1,1,4362700,402400,3,2,2,0,1,3,0,0,1,0,1,0,1,0,0,2,1
200500011577,5,2,19,1045,1,1,1,6,4360000,398100,3,2,2,0,1,1,0,58,1,0,1,0,0,0,0,3,1
200500011584,5,2,22,30,3,1,1,7,4345600,303500,3,2,0,0,1,3,0,64,1,0,3,0,0,1,0,0,1
200500011586,5,2,9,1745,2,1,1,1,4355600,323500,3,2,0,0,2,3,0,64,1,0,1,0,1,0,1,2,1
200500011587,5,2,17,730,1,1,1,3,4344400,326300,3,2,0,0,0,1,60,0,1,5,1,3,1,0,0,1,1
200500011588,5,2,18,1800,1,1,1,5,4352100,326700,3,2,2,0,1,1,0,63,1,0,1,0,2,1,0,0,1
200500011589,5,2,20,45,3,1,1,6,4349500,329500,3,2,2,0,1,1,0,60,2,0,3,0,0,0,2,1,1
200500011590,5,2,28,2100,3,1,1,7,4345200,324500,3,2,0,0,1,3,0,55,1,0,3,0,2,0,0,1,1
200500011593,5,2,19,1515,1,1,1,3,4358500,349200,3,2,0,0,1,1,0,55,1,0,1,0,1,0,0,1,1
200500011598,5,2,14,2115,3,1,1,1,4355100,377800,2,2,2,0,1,1,0,80,1,0,1,0,0,1,0,1,1
200500011599,5,2,27,330,3,1,1,7,4351000,368000,3,2,0,0,2,0,0,61,1,0,1,0,0,1,0,0,1
200500011600,5,2,27,1415,1,1,1,3,4345400,364600,2,2,3,0,1,1,0,140,1,5,1,0,1,0,0,1,1
200500011602,5,2,27,1500,1,1,1,3,4327400,203800,3,2,2,0,1,1,0,0,1,0,1,0,2,0,1,1,1
200500011603,5,2,3,1745,2,1,1,1,4326500,213400,2,2,2,0,3,1,0,70,1,0,1,0,0,1,0,1,1
200500011604,5,2,19,730,1,5,1,3,4324500,212800,3,2,2,0,1,2,0,70,2,5,1,0,5,0,1,1,1
200500011605,5,2,14,1215,1,1,4,6,4283100,202400,3,2,2,0,0,1,0,60,5,0,1,0,2,0,1,0,1
200500011606,5,2,18,1130,3,1,1,3,4322300,284700,3,2,0,0,1,1,0,371,1,5,1,0,1,0,1,0,1
200500011607,5,2,8,1415,1,1,3,6,4329000,283200,3,2,2,0,0,3,0,70,2,2,3,0,0,0,0,1,1
200500011608,5,2,28,1515,1,1,1,3,4328000,288700,3,2,0,0,1,1,0,62,1,5,1,0,0,0,0,2,1
200500011609,5,2,4,1115,1,1,1,3,4303200,298800,4,2,0,0,1,2,0,47,1,0,1,0,1,0,0,1,1
200500011610,5,2,15,1430,1,1,1,3,4305600,296500,2,2,2,0,2,2,0,90,1,0,1,0,1,0,1,0,1
200500011615,5,2,27,1415,1,1,1,1,4405800,399500,3,2,0,0,0,3,0,60,1,0,1,0,2,0,0,1,1
200500011616,5,2,14,715,2,1,2,5,4422000,415400,3,2,0,0,2,1,0,103,2,0,1,0,3,0,0,1,1
200500011617,5,2,14,1030,1,1,1,1,4416300,411400,3,0,0,0,1,1,0,0,1,5,1,0,0,0,0,2,1
200500011618,5,2,19,430,3,1,1,6,4415200,406200,2,2,0,0,1,1,0,70,1,0,1,0,1,1,0,0,1