Num_Acc,an,mois,jour,hrmn,lum,int,atm,col,lat,long,catr,circ,nbv,vosp,prof,plan,lartpc,larrout,surf,infra,situ,env1,unscathed,killed,hospital,light,chance
200500011620,5,2,25,1500,1,1,1,1,4396000,409000,2,0,0,0,0,1,0,0,1,0,1,0,0,0,1,2,1
200500011621,5,2,2,1130,1,1,1,6,4428400,413200,3,2,2,0,2,2,0,0,1,0,3,0,0,0,1,1,1
200500011623,5,2,27,1400,1,1,1,6,4431600,435000,3,2,0,0,1,0,0,60,1,0,1,0,2,0,1,0,1
200500011627,5,2,9,815,1,1,1,1,4409700,470500,2,2,2,0,2,3,0,0,1,4,1,0,1,0,0,1,1
200500011629,5,2,1,1715,1,1,6,1,4389100,468300,3,2,2,0,1,1,0,125,1,5,1,0,0,0,0,2,1
200500011636,5,2,27,1215,1,1,1,2,4263600,303600,4,3,2,0,0,1,0,71,1,0,1,0,1,1,0,0,1
200500011638,5,2,3,1530,1,1,1,6,4248200,267700,3,2,2,0,1,1,0,40,1,0,4,0,1,0,1,0,1
200500011640,5,2,9,1830,5,1,1,6,4252700,283000,4,2,0,0,1,1,0,70,1,0,1,0,1,0,1,0,1
200500011641,5,2,27,2115,3,3,1,3,4255800,286200,2,2,2,0,1,2,16,124,1,0,1,0,2,0,0,1,1
200500011642,5,2,21,930,1,1,7,6,4252000,310000,3,2,0,0,2,1,0,85,0,6,1,0,1,0,1,0,1
200500011644,5,2,15,1300,1,1,1,6,4183900,878200,3,2,0,0,2,2,0,70,1,0,1,0,0,0,0,1,1
200500011645,5,2,20,1545,1,1,1,6,4207000,900000,2,2,1,0,1,1,0,139,1,5,1,0,0,0,1,2,1
200500011646,5,2,24,630,3,1,8,6,4201000,887000,2,2,0,0,2,4,0,72,1,0,1,0,0,0,1,0,1
200500011647,5,2,19,1115,1,1,2,6,4224000,873000,3,2,0,0,2,1,0,60,2,0,1,0,0,0,1,0,1
200500011652,5,2,22,1100,1,1,1,6,4258000,951000,3,2,0,1,1,1,0,72,1,0,3,0,0,1,0,0,1
200500011653,5,2,21,1545,1,1,8,7,4264000,901000,2,2,2,0,4,2,0,61,2,2,1,0,1,0,0,1,1
200500011654,5,2,1,1615,1,1,1,6,4225300,954700,2,2,2,0,1,1,0,72,1,2,3,0,0,0,1,0,1
200500011656,5,2,13,230,5,6,1,6,4251000,946000,2,2,2,0,1,1,0,80,1,5,0,0,0,2,2,1,1
200500011657,5,2,5,2000,5,1,1,2,4903900,153900,2,2,0,0,1,1,0,71,1,0,1,0,0,0,0,3,1
200500011658,5,2,22,2030,1,1,1,2,4904100,157400,4,2,0,0,0,2,0,60,1,2,1,0,1,0,0,1,1
200500011659,5,2,11,900,1,1,2,4,4899400,177000,3,2,2,0,2,1,0,72,2,0,1,0,2,0,0,2,1
200500011660,5,2,4,1115,5,9,1,1,4879500,161900,4,2,0,0,1,1,56,56,9,0,1,0,2,0,0,3,1
200500011662,5,2,13,945,1,1,8,6,4880100,170400,3,2,2,0,4,3,0,0,2,0,3,0,0,0,0,1,1
200500011663,5,2,5,2045,5,1,1,6,4903100,175100,4,1,1,0,2,2,0,55,1,0,1,0,1,0,0,1,1
200500011664,5,2,4,2145,3,1,1,7,4890200,172200,3,2,1,0,1,2,0,60,1,0,3,0,2,0,0,1,1
200500011667,5,2,14,930,1,1,8,1,4846000,189000,2,0,2,0,1,1,0,80,2,0,1,0,1,0,1,0,1
200500011670,5,2,22,1515,1,1,4,1,4885100,190000,3,2,2,0,2,1,0,63,5,0,1,0,1,0,0,1,1
200500011671,5,2,25,1600,1,1,1,7,4879400,188300,3,2,2,0,2,1,0,51,1,0,1,0,1,0,0,1,1
200500011678,5,2,18,1315,1,1,1,6,4860000,241000,4,2,2,0,1,1,0,70,1,0,1,0,3,0,1,0,1
200500011679,5,2,16,1315,1,1,1,1,4853900,244000,3,2,2,1,1,1,0,50,1,0,1,0,1,0,0,2,1
200500011680,5,2,25,1000,1,1,7,1,4840600,248300,3,2,2,0,1,1,0,66,2,0,1,0,2,0,0,3,1
200500011683,5,2,11,1515,1,1,2,2,4840200,243700,3,2,0,0,2,2,0,116,2,0,1,0,2,0,0,2,1
200500011685,5,2,11,2015,5,1,2,6,4853000,220700,2,3,0,0,1,1,0,75,2,0,1,0,0,0,0,1,1
200500011687,5,2,5,1500,1,1,1,6,4848000,236000,3,2,2,0,4,1,0,51,1,0,0,0,0,2,2,0,1
200500011691,5,2,8,2000,3,1,1,7,4860400,223600,4,2,0,0,1,3,0,0,1,0,4,0,0,0,0,1,1
200500011692,5,2,21,2030,3,6,4,7,4855900,227300,3,2,2,0,1,1,0,70,2,5,1,0,0,0,1,0,1
200500011697,5,2,21,1930,5,2,1,3,4914900,197700,3,0,0,0,1,1,0,70,2,0,1,0,0,0,1,1,1
200500011699,5,2,22,1230,1,1,4,3,4911900,212500,3,2,2,0,1,1,68,0,2,0,1,0,1,0,1,0,1
200500011700,5,2,15,845,1,1,9,3,4904800,239900,2,2,0,0,1,1,0,102,7,3,1,0,1,0,0,1,1
200500011701,5,2,9,2300,5,1,1,1,4855000,289000,3,2,2,0,1,1,0,59,1,0,1,0,2,0,1,0,1
200500011702,5,2,1,1145,1,1,1,3,4855300,287700,3,2,2,0,1,1,0,0,1,5,1,0,1,0,0,1,1
200500011704,5,2,15,645,2,9,9,1,4874000,276800,2,3,2,0,1,1,5,74,7,3,1,0,1,0,1,0,1
200500011708,5,2,28,1500,3,1,1,1,4880000,295800,3,2,2,0,1,1,0,60,1,0,1,0,0,0,2,0,1
200500011709,5,2,26,1815,1,1,9,7,4891600,315500,3,2,2,0,2,1,0,0,2,0,0,0,0,0,0,1,1
200500011710,5,2,4,1530,3,1,1,6,4872400,295800,3,2,0,0,2,1,0,0,1,0,1,0,1,0,1,0,1
200500011711,5,2,4,1800,3,2,1,3,4873700,300600,3,2,2,0,0,0,0,0,1,5,1,0,1,0,1,0,1
200500011712,5,2,15,615,3,1,9,4,4871700,286500,2,1,2,0,1,1,0,80,7,0,1,0,6,0,0,2,1
200500011713,5,2,20,1800,2,1,4,1,4871800,296200,3,2,2,0,1,2,0,58,2,0,1,0,0,0,3,0,1
200500011714,5,2,1,1800,2,4,8,3,4828900,258100,3,2,2,0,1,1,60,0,1,0,1,0,0,0,1,1,1
200500011716,5,2,13,30,3,1,1,6,4901700,294900,3,2,2,0,1,1,0,60,2,0,0,0,0,0,1,0,1
200500011717,5,2,11,1530,1,2,2,3,4898600,279600,3,2,2,0,1,1,0,63,2,0,1,0,0,0,1,1,1
200500011720,5,2,5,2000,5,1,1,6,4849500,329200,3,2,0,0,1,1,0,58,1,0,0,0,0,0,0,1,1
200500011721,5,2,19,515,3,1,1,6,4843100,324000,3,2,2,0,0,1,0,70,1,2,3,0,0,0,1,0,1
200500011722,5,2,18,45,1,1,1,3,4855500,300100,3,2,0,0,1,3,0,0,1,5,1,0,1,0,1,0,1
200500011724,5,2,12,1730,1,1,1,6,4790200,212700,3,2,2,0,1,1,0,60,1,0,1,0,0,0,1,0,1
200500011725,5,2,4,1945,5,1,1,3,4787100,212300,4,2,0,0,1,1,0,0,1,0,1,0,1,0,0,1,1
200500011726,5,2,10,1700,1,1,1,7,4785200,217900,4,2,2,0,1,3,30,0,1,0,1,0,1,0,1,0,1
200500011727,5,2,17,2215,5,1,1,6,4787400,213400,3,2,2,0,1,1,20,80,1,0,1,0,0,0,0,1,1
200500011728,5,2,19,1700,1,1,2,3,4776900,202200,3,2,2,0,1,1,0,0,2,5,1,0,1,0,0,1,1
200500011735,5,2,18,2015,3,1,1,5,4802000,286000,2,2,2,0,1,1,0,72,1,0,1,0,5,0,0,5,1
200500011738,5,2,13,2015,3,1,4,1,4816700,222900,3,2,2,0,1,1,0,76,7,0,1,0,1,0,1,1,1
200500011739,5,2,20,2130,5,1,9,1,4812800,225200,3,2,2,0,1,2,0,70,2,0,1,0,1,1,2,0,1
200500011740,5,2,4,1445,1,1,1,1,4708500,273200,3,2,2,0,1,1,60,0,1,5,1,0,1,0,0,1,1
200500011745,5,2,9,1515,1,1,1,3,4673000,220600,3,2,2,0,1,1,0,43,1,0,1,0,2,0,1,0,1
200500011746,5,2,13,2015,5,1,8,6,4667900,249600,3,2,2,0,1,1,0,60,2,0,1,0,0,1,0,0,1
200500011750,5,2,17,1245,1,1,1,1,4727900,217400,3,2,2,0,1,1,0,67,0,0,1,0,1,1,0,0,1
200500011751,5,2,26,1900,3,1,1,4,4751500,244200,3,2,2,0,1,1,0,75,1,0,1,0,3,1,0,4,1
200500011753,5,2,26,1500,1,1,1,6,4715700,182500,4,2,2,0,0,2,0,40,1,0,3,0,0,0,1,0,1
200500011755,5,2,16,1700,1,1,1,2,4711500,258700,2,2,2,0,1,1,0,62,1,0,1,0,1,1,0,0,1
200500011756,5,2,7,1630,1,1,7,3,4849900,149700,3,2,2,0,1,1,0,60,1,0,1,0,2,0,0,1,1
200500011757,5,2,27,2230,3,1,4,7,4838400,158900,2,2,2,0,1,1,0,76,7,0,1,0,0,0,1,0,1
200500011758,5,2,9,1915,3,1,1,7,4845700,126800,2,2,3,0,0,0,0,100,0,0,3,0,0,0,0,1,1
200500011760,5,2,25,745,2,1,4,6,4856300,165000,4,2,0,0,0,0,0,49,5,0,4,0,1,1,0,0,1
200500011761,5,2,7,2045,3,1,1,7,4816000,188000,3,2,2,0,0,1,0,30,1,0,1,0,0,0,1,0,1
200500011762,5,2,27,1745,3,1,4,3,4818500,192800,2,3,3,0,1,4,0,90,7,0,1,0,2,0,1,1,1
200500011765,5,2,8,500,4,1,1,6,4875500,145600,2,3,2,0,1,1,110,160,1,3,3,0,0,0,1,0,1
200500011766,5,2,8,1230,1,1,1,2,4875400,126700,2,3,0,0,1,1,50,120,1,0,1,0,1,0,0,1,1
200500011767,5,2,8,1700,1,1,1,2,4874600,130600,2,3,4,0,2,1,42,152,1,0,1,0,3,0,1,0,1
200500011768,5,2,8,1215,1,1,1,2,4875700,125900,2,3,2,0,1,1,127,75,1,0,1,0,1,0,0,2,1
200500011769,5,2,22,2100,3,1,1,2,4872600,132400,3,2,1,0,1,1,0,0,1,0,1,0,2,0,1,0,1
200500011770,5,2,7,1530,1,1,1,1,4880100,140300,3,2,2,0,1,1,0,72,1,0,1,0,1,0,0,1,1
200500011771,5,2,17,1230,1,1,8,3,4888600,148000,3,2,1,0,1,1,0,0,1,5,1,0,1,0,0,1,1
200500011772,5,2,26,845,1,1,9,1,4876900,152600,2,2,0,0,1,1,126,70,7,0,1,0,0,0,0,3,1
200500011773,5,2,20,430,3,1,4,7,4867100,156000,3,2,2,0,0,1,0,0,7,0,3,0,0,0,1,2,1
200500011774,5,2,26,15,3,1,9,7,4829900,79500,2,3,0,0,1,1,0,108,7,0,3,0,2,0,0,1,1
200500011775,5,2,4,2230,5,1,1,6,4698300,161400,4,2,0,0,1,0,0,70,1,0,0,0,0,0,0,1,1
200500011776,5,2,11,1800,5,1,2,1,4698800,161300,3,0,2,0,0,0,0,0,0,0,0,0,2,0,1,1,1
200500011778,5,2,4,1730,1,1,1,6,4649900,136200,3,2,2,0,2,0,0,44,1,0,3,0,3,1,0,0,1
200500011780,5,2,12,1615,1,3,3,5,4688500,145100,2,3,2,0,1,1,0,70,2,0,1,0,3,0,0,2,1
200500011782,5,2,24,930,1,1,4,6,4708300,158700,3,2,2,0,0,2,0,74,5,0,0,0,0,0,0,1,1
200500011783,5,2,14,730,2,1,1,3,4663100,108300,3,2,2,0,1,1,134,74,2,0,1,0,1,0,1,0,1
200500011785,5,2,17,1500,1,1,8,7,4663400,106800,5,0,1,0,1,3,0,100,1,0,1,0,0,0,1,0,1
200500011787,5,2,24,1730,1,1,9,6,4691300,189900,2,2,2,0,4,1,0,72,2,0,3,0,0,0,0,1,1
200500011788,5,2,3,1900,3,1,1,1,4738500,94500,3,2,2,0,1,1,0,0,1,0,1,0,1,0,0,1,1
200500011789,5,2,11,1345,1,1,2,1,4738700,106600,3,0,0,0,1,3,0,64,2,0,1,0,0,0,1,1,1
200500011792,5,2,2,1830,3,9,1,5,4717300,98000,2,2,2,0,2,1,0,0,1,0,1,0,1,0,0,3,1
200500011793,5,2,2,530,3,1,1,6,4714000,122000,3,2,0,0,1,3,62,0,1,2,4,0,2,0,1,0,1
200500011794,5,2,19,1545,1,1,1,1,4713000,97900,2,2,2,0,0,1,0,0,1,0,1,0,5,0,0,2,1
200500011795,5,2,23,1430,1,9,8,3,4712000,98100,3,4,2,0,0,1,0,34,1,5,1,0,2,0,1,0,1
200500011796,5,2,11,2130,3,1,1,6,4698700,70200,3,2,0,0,2,1,0,77,1,0,3,0,0,0,0,1,1
200500011798,5,2,24,800,2,1,4,6,4729000,85100,3,2,2,0,1,3,0,58,7,0,1,0,1,0,1,0,1
200500011799,5,2,23,930,1,2,1,3,4724000,69000,2,3,2,0,1,1,20,150,1,5,0,0,0,0,0,2,1
200500011809,5,2,8,730,2,1,1,1,4497700,-104400,3,2,2,0,1,2,0,60,1,0,1,0,1,0,1,0,1
200500011812,5,2,5,330,3,1,2,7,4717200,-159500,3,2,2,0,1,1,95,70,2,3,3,0,0,0,0,1,1
200500011815,5,2,28,845,1,1,8,1,4345900,554600,2,2,2,0,1,1,0,67,1,0,1,0,0,1,0,5,1
200500011820,5,2,6,1645,1,1,1,4,4864000,215000,1,1,4,0,1,1,294,270,1,0,1,0,3,0,0,3,1
200500011821,5,2,25,2315,3,1,1,6,4827900,185700,1,1,3,0,1,1,27,135,1,0,1,0,0,0,0,1,1
200500011823,5,2,1,845,1,1,1,4,4937300,390200,2,2,2,0,1,1,0,125,1,0,1,0,3,0,0,1,1
200500011826,5,2,4,130,3,1,1,6,4471700,-105300,4,2,0,0,1,1,0,20,1,0,3,0,0,0,1,0,1
200500011829,5,2,25,2200,3,1,1,1,4816400,288300,1,1,2,0,1,1,150,104,1,0,1,0,1,1,0,0,1
200500011830,5,2,26,1400,1,1,1,6,4820800,280000,1,3,0,0,1,1,0,0,1,0,1,0,0,0,2,0,1
200500011842,5,2,18,1430,1,1,1,1,4341600,642500,1,3,3,0,1,1,20,125,1,0,1,0,0,0,2,0,1
200500011843,5,2,25,945,1,1,1,6,4332900,629400,1,3,2,0,1,1,0,90,1,0,1,0,0,0,0,1,1
200500011844,5,2,4,2300,3,1,1,4,4931700,111000,1,3,0,0,1,1,10,130,1,0,1,0,5,0,0,1,1
200500011845,5,2,10,815,1,1,1,2,4938700,60400,1,3,0,0,1,1,0,70,1,0,1,0,4,1,1,0,1
200500011851,5,2,14,1500,1,1,8,6,5008000,303000,1,3,2,0,1,1,40,100,2,0,2,0,0,0,0,1,1
200500011853,5,2,15,1630,1,1,1,3,4370200,140000,3,2,1,0,1,1,0,70,1,5,1,0,1,0,0,1,1
200500011858,5,2,17,1730,1,1,1,6,4319000,305000,1,3,3,0,1,1,30,105,1,0,0,0,0,0,1,0,1
200500011860,5,2,8,2115,3,1,2,7,4736600,80200,2,0,2,0,0,3,75,0,0,0,1,0,0,0,1,0,1
200500011868,5,2,1,545,3,1,1,5,4713400,497300,1,1,2,0,1,1,10,100,1,0,1,0,2,0,1,1,1
200500011869,5,2,15,1345,1,1,1,6,4560800,586900,1,3,2,3,4,2,11,73,1,2,3,0,0,0,0,1,1
200500011870,5,2,8,945,1,1,1,7,4374900,451800,3,2,0,0,0,1,0,100,1,0,3,0,0,1,0,0,1
200500011872,5,2,18,1730,1,1,1,6,4377300,443500,4,2,2,0,1,1,0,50,1,0,3,0,0,0,0,2,1
200500011873,5,2,21,1700,1,1,1,3,4379900,442300,2,4,2,0,0,1,43,170,1,5,1,0,3,0,0,1,1
200500011874,5,2,3,1715,1,1,8,6,4610200,629600,1,1,0,0,0,1,3,80,1,0,3,0,0,0,1,0,1
200500011876,5,2,10,1330,1,1,1,2,4534300,557700,1,1,2,0,2,1,0,50,1,0,1,0,1,0,0,2,1
200500011877,5,2,24,815,1,1,1,3,4546300,540100,1,3,5,3,2,1,8,175,2,0,1,0,0,0,1,1,1
200500011878,5,2,11,1845,3,1,3,4,4917000,-28200,1,3,2,0,1,1,10,40,2,0,1,0,6,0,0,2,1
200500011879,5,2,17,100,3,1,1,2,4923800,-3900,1,3,0,0,1,1,10,90,1,0,1,0,2,0,0,1,1
200500011882,5,2,12,430,3,1,2,1,4750100,147400,3,2,2,0,1,2,0,65,2,0,1,0,1,0,0,1,1
200500011893,5,2,23,1715,1,1,1,6,4518100,569100,3,2,0,0,0,1,0,25,1,0,1,0,0,0,0,1,1
200500011894,5,2,24,700,2,1,1,7,4518100,564900,3,2,2,0,0,4,0,0,7,0,0,0,0,1,0,3,1
200500011897,5,2,6,2345,3,1,1,6,4380000,748000,1,3,2,0,1,2,0,70,1,0,1,0,0,0,0,1,1
200500011908,5,2,1,1000,1,9,1,2,5044500,270000,1,0,2,0,1,1,30,30,0,3,2,0,1,0,0,1,1
200500011909,5,2,3,1630,1,1,1,6,5054100,254700,1,3,2,0,1,1,25,70,1,0,2,0,0,0,0,1,1
200500011911,5,2,7,1215,1,1,1,1,4523400,582600,1,1,2,0,1,1,30,30,1,0,1,0,1,0,0,1,1
200500011914,5,2,25,2045,3,1,1,2,4335000,-42200,1,1,0,0,1,1,0,0,1,0,1,0,0,0,2,1,1
200500011915,5,2,10,1900,5,1,1,1,4271000,284000,3,2,2,0,1,1,0,80,1,0,1,0,1,0,1,0,1
200500011918,5,2,9,915,1,9,1,6,4862300,249700,3,3,2,0,1,1,40,70,1,0,1,3,1,0,0,1,1
200500011920,5,2,18,2215,3,1,1,6,4456000,-83000,1,3,2,3,1,1,110,72,2,0,3,0,0,0,0,2,1
200500011938,5,2,1,1900,3,1,1,6,4853500,-275500,2,3,4,0,2,1,0,67,1,0,1,0,1,0,1,0,1
200500011941,5,2,19,900,1,1,4,5,4599900,601300,2,2,2,0,2,3,0,79,7,0,1,0,1,1,3,7,1
200500011943,5,2,20,1230,1,1,1,6,4914000,410800,3,2,0,0,0,3,0,68,2,0,3,0,1,1,0,0,1
200500011945,5,2,27,1245,1,1,4,6,4920700,424100,3,2,0,0,1,1,0,87,5,0,3,0,0,0,1,1,1
200500011946,5,2,27,2015,3,1,9,4,4920100,400300,3,2,2,0,2,1,0,35,7,0,1,0,5,0,0,1,1
200500011957,5,2,12,1700,1,1,2,1,4884600,205300,3,2,0,0,2,3,0,60,2,0,1,0,1,0,1,0,1
200500011958,5,2,10,1330,1,9,1,1,4907500,232600,9,2,2,0,2,4,64,0,1,0,1,0,1,0,1,0,1
200500011959,5,2,26,930,1,1,1,4,4908400,231700,2,3,0,0,1,1,0,0,2,5,1,0,3,0,0,1,1
200500011961,5,2,28,2115,3,1,4,6,4965000,126700,1,3,2,0,1,1,25,98,5,0,3,0,1,0,0,1,1
200500011962,5,2,7,2030,3,1,1,3,4763400,-272300,4,0,2,0,0,1,0,54,1,0,1,0,1,0,0,1,1
200500011963,5,2,20,1,4,1,1,7,4763300,-274200,3,2,2,0,1,1,20,36,1,0,1,0,0,0,0,1,1
200500011964,5,2,23,1930,5,1,1,3,4753100,-277000,4,2,2,0,1,1,0,80,1,0,1,0,1,0,1,0,1
200500011965,5,2,26,300,5,9,1,6,4556500,424400,1,3,4,3,1,1,0,200,1,7,1,0,0,0,1,0,1
200500011966,5,2,13,300,3,1,2,6,4586400,382700,1,3,2,0,1,2,15,100,2,0,2,0,0,0,0,1,1
200500011970,5,2,6,1200,1,1,1,3,4849000,-274300,3,2,0,0,1,1,0,55,1,5,1,0,1,0,1,0,1
200500011973,5,2,21,1800,2,1,1,3,4934600,-50600,3,2,0,0,1,1,0,68,1,0,1,0,2,0,0,2,1
200500011974,5,2,2,715,2,1,1,3,4364200,518300,3,2,2,0,1,1,0,118,1,5,1,0,2,0,1,0,1
200500011975,5,2,6,1915,3,1,1,7,4396300,-106500,2,3,2,0,1,2,125,74,1,0,3,0,0,0,1,1,1
200500011976,5,2,18,1215,1,1,1,2,4853000,769000,2,1,1,0,1,3,0,48,1,0,1,0,2,0,0,1,1
200500011977,5,2,5,1815,5,1,1,5,4864500,771100,3,2,2,0,1,1,0,0,1,0,1,0,6,0,0,1,1
200500011978,5,2,19,515,3,1,1,6,4320800,12500,1,1,3,3,2,1,20,105,1,0,1,0,1,0,1,0,1
200500011979,5,2,9,945,1,1,1,7,4640100,271800,1,1,0,0,0,2,0,35,1,3,1,0,0,0,1,0,1
200500011980,5,2,17,815,3,1,1,2,4742100,517600,1,3,0,0,1,1,8,70,1,0,1,0,1,0,0,1,1
200500011984,5,2,6,600,3,1,1,6,4512900,528900,1,3,2,0,1,2,14,70,2,0,1,0,0,0,1,0,1
200500011991,5,2,10,1715,1,1,1,7,4835100,318800,1,3,2,0,1,1,30,100,1,0,2,0,0,0,0,1,1
200500011992,5,2,16,715,1,1,1,2,4948900,36400,1,3,4,0,1,1,30,200,1,0,1,0,1,0,0,1,1
200500011993,5,2,7,1315,1,1,1,6,4313000,93000,1,1,1,0,1,2,0,71,1,3,3,0,0,0,0,1,1
200500012001,5,2,13,200,3,1,9,5,4598300,132700,1,3,0,0,1,3,11,73,2,0,1,0,2,1,0,1,1
200500012003,5,2,21,1730,1,1,4,6,4639000,145000,1,3,4,0,2,2,25,140,5,0,3,0,2,0,1,1,1
200500012005,5,2,3,1845,3,1,1,5,4379800,332700,1,2,2,0,1,1,0,0,1,0,1,0,2,0,0,1,1
200500012006,5,2,20,330,3,1,1,6,4368100,341600,1,3,4,0,1,1,10,70,1,0,3,0,0,0,0,1,1
200500012008,5,2,28,2045,3,1,1,5,4364000,358500,2,3,2,0,1,1,50,90,1,0,1,0,2,1,0,0,1
200500012009,5,2,13,1500,1,1,4,3,4551600,229600,1,3,0,3,4,1,10,75,2,0,1,0,2,0,1,1,1
200500012010,5,2,22,2300,3,1,1,6,4818300,-12300,4,2,2,0,1,1,0,58,1,0,3,0,0,0,1,0,1
200500012011,5,2,7,800,1,1,9,1,4906300,225700,3,2,2,0,3,3,0,61,7,0,1,0,0,1,3,0,1
200500012012,5,2,7,1400,1,1,1,2,4781400,723600,3,2,0,0,1,1,0,80,1,0,1,0,1,0,0,1,1
200500012023,5,2,27,1600,1,6,1,3,4369100,132800,3,2,2,0,1,0,0,25,1,5,1,0,1,0,0,1,1
200500012027,5,2,20,900,1,1,8,1,4779800,-319600,3,2,2,0,3,1,0,69,2,0,1,0,0,6,0,0,1
200500012029,5,1,18,800,1,1,2,5,4549900,428500,3,2,2,0,0,2,0,0,2,0,1,0,4,0,0,1,1
200500012072,5,3,22,2230,3,1,1,6,5057600,288600,3,2,2,0,1,3,0,60,1,0,3,0,1,0,0,1,1
200500012073,5,3,11,730,1,3,1,3,5057500,293700,3,2,0,0,1,1,0,70,1,0,1,0,1,0,1,0,1
200500012074,5,3,18,2115,5,1,1,6,5054200,307900,3,2,0,1,0,1,0,70,1,0,1,0,0,1,0,0,1
200500012075,5,3,21,1015,1,1,7,6,5053700,317400,3,2,0,0,1,1,0,60,1,6,1,0,1,0,1,0,1
200500012076,5,3,31,2300,5,1,1,1,5053200,316900,3,2,2,0,1,1,0,50,1,0,1,0,1,0,1,0,1
200500012078,5,3,20,2015,5,1,1,6,5100400,233800,9,2,2,0,1,1,0,56,1,0,4,0,1,0,0,1,1
200500012080,5,3,8,1330,1,1,1,1,5102000,248000,4,2,1,0,0,4,0,39,1,0,1,0,1,0,1,0,1
200500012081,5,3,24,1730,1,2,1,5,5089400,240300,3,2,2,0,0,1,175,0,2,5,1,0,3,0,0,1,1
200500012082,5,3,30,1345,1,1,7,2,5090800,245700,3,2,1,0,1,1,0,0,1,0,1,0,1,0,0,1,1
200500012086,5,3,13,600,2,1,8,6,5063500,270200,3,2,0,0,0,4,0,60,2,0,4,0,0,0,1,0,1
200500012087,5,3,5,2300,3,1,9,6,5077100,242900,3,2,0,0,1,1,70,70,7,0,3,0,0,0,2,1,1
200500012088,5,3,1,730,2,1,4,7,5061300,317000,3,2,2,1,1,1,0,0,5,0,3,0,0,0,0,1,1
200500012089,5,3,18,1100,1,1,1,5,5015800,359000,3,2,2,0,1,1,0,0,1,0,1,0,3,0,1,1,1
200500012093,5,3,28,1730,1,1,1,3,5048500,324600,3,4,2,1,2,1,0,65,1,0,5,0,1,0,1,0,1
200500012094,5,3,13,1515,1,1,1,6,5031400,378400,3,2,0,0,2,3,0,63,1,0,3,0,1,1,0,3,1
200500012095,5,3,3,1930,3,1,4,1,5012600,294500,2,2,2,0,1,1,0,76,7,0,1,0,0,0,1,2,1
200500012096,5,3,12,2230,3,1,1,3,5038500,271800,3,2,0,0,1,1,0,65,1,0,1,0,1,0,0,1,1
200500012098,5,3,31,730,1,1,1,3,5060000,278100,3,2,2,0,1,3,0,83,2,0,1,0,0,0,1,1,1
200500012101,5,3,17,1245,1,1,8,6,5096800,194000,3,2,2,0,1,1,0,0,1,0,1,0,1,0,1,0,1
200500012103,5,3,25,1430,1,9,1,1,5051400,213300,3,2,2,3,3,1,32,71,1,0,1,0,1,0,1,1,1
200500012104,5,3,26,1200,1,9,1,1,5047300,221800,3,2,2,0,1,1,0,63,1,0,1,0,0,0,1,1,1
200500012105,5,3,13,1600,1,1,1,2,5037000,203500,3,2,2,0,1,1,0,77,1,0,1,0,2,0,1,0,1
200500012106,5,3,18,1,5,1,2,6,5048100,162100,3,2,2,0,1,4,0,70,2,0,1,0,0,0,0,1,1
200500012107,5,3,19,1645,1,1,1,1,5064600,226200,3,2,2,0,2,1,0,67,1,0,3,0,0,2,1,2,1
200500012109,5,3,31,1015,1,1,1,3,5082100,208200,2,3,2,0,1,1,0,70,1,0,1,0,1,0,0,1,1
200500012110,5,3,14,1015,2,1,1,1,5067500,219500,3,2,0,0,1,1,0,70,1,0,1,0,1,1,0,0,1
200500012111,5,3,26,1300,1,1,1,1,5058400,230300,3,2,0,0,0,1,0,60,1,0,1,0,1,0,0,1,1
200500012112,5,3,2,415,3,1,4,7,5034100,262200,2,2,2,0,1,1,0,74,7,0,3,0,0,0,1,0,1
200500012113,5,3,16,1645,1,1,1,3,5040400,209800,4,2,0,0,1,1,0,48,1,0,1,0,1,0,1,0,1
200500012114,5,3,19,1400,1,1,1,3,4995100,213600,3,2,2,0,1,1,10,59,1,0,1,0,2,0,0,2,1
200500012118,5,3,3,1730,2,1,4,1,5003200,151200,3,2,0,0,2,1,0,65,7,0,1,0,1,0,1,1,1
200500012125,5,3,4,1000,1,1,4,1,5000300,210200,2,2,2,0,1,1,0,60,7,0,1,0,1,0,0,1,1
200500012127,5,3,24,1700,1,1,1,6,5011200,226400,3,0,2,0,1,1,60,0,1,0,1,0,1,0,0,1,1
200500012136,5,3,17,1845,1,1,1,3,5001200,266500,3,2,27,0,1,1,0,70,1,0,1,0,1,0,0,1,1
200500012137,5,3,23,615,2,2,1,1,4994000,268000,3,2,2,0,1,0,0,60,1,5,1,0,1,0,1,0,1
200500012139,5,3,29,900,1,2,1,3,4980100,291000,3,2,0,0,0,3,0,71,1,5,1,0,2,0,1,0,1
200500012141,5,3,12,1730,1,2,8,5,4970300,371500,2,2,2,3,2,1,0,84,1,5,1,0,4,0,1,1,1
200500012143,5,3,23,1500,1,2,1,3,4963000,315000,3,2,2,0,1,1,0,66,1,5,1,0,1,0,1,1,1
200500012144,5,3,23,1845,1,1,1,3,4961000,322000,3,2,2,0,0,1,0,110,1,0,1,3,2,0,0,1,1
200500012148,5,3,27,1530,1,1,1,1,4961400,380600,3,2,2,0,1,3,0,60,1,0,1,0,1,0,0,1,1
200500012149,5,3,27,2130,5,1,2,6,4952000,384300,3,2,0,0,2,1,0,70,2,0,4,0,0,0,0,1,1
200500012150,5,3,27,1430,1,1,8,1,4958800,372700,3,2,2,0,1,1,0,65,1,0,1,0,1,0,1,0,1
200500012152,5,3,3,700,2,1,4,1,4999400,333200,3,2,2,0,4,1,0,0,5,0,1,0,0,0,1,1,1
200500012153,5,3,23,1800,1,1,1,1,4981600,342500,3,0,0,0,1,1,0,0,1,0,1,0,1,0,1,1,1
200500012154,5,3,9,1415,1,6,1,3,4940200,332700,3,2,2,0,1,1,0,0,1,0,1,0,2,0,1,0,1
200500012155,5,3,30,830,1,1,3,3,4936000,330000,2,2,3,0,2,1,0,124,2,0,1,0,1,0,0,1,1
200500012156,5,3,24,1500,1,9,2,6,4940100,351300,3,2,2,0,1,1,0,70,2,0,1,0,1,0,1,0,1
200500012157,5,3,28,1715,1,1,1,6,4948000,351000,4,2,0,0,0,1,0,60,1,0,1,0,1,0,0,1,1
200500012158,5,3,2,730,1,1,4,1,4927000,313000,3,2,2,0,1,1,0,66,5,0,1,0,1,0,0,1,1
200500012159,5,3,4,1715,1,1,1,1,4925600,308900,3,1,0,0,0,0,0,70,1,0,0,0,1,0,0,1,1