Num_Acc,an,mois,jour,hrmn,lum,int,atm,col,lat,long,catr,circ,nbv,vosp,prof,plan,lartpc,larrout,surf,infra,situ,env1,unscathed,killed,hospital,light,chance
200500012161,5,3,26,1645,1,1,3,6,4924000,324000,3,2,0,0,0,2,0,68,2,0,3,0,0,0,1,0,1
200500012163,5,3,19,2200,3,1,1,2,4972400,414300,3,2,2,0,1,1,0,62,1,0,1,0,1,0,1,0,1
200500012165,5,3,19,1930,3,1,1,7,4993500,363200,3,2,0,0,3,1,0,0,1,0,1,0,0,0,0,1,1
200500012166,5,3,23,745,1,1,1,6,4988800,402600,3,2,0,0,2,4,0,0,1,0,3,0,0,0,0,1,1
200500012167,5,3,10,2045,3,6,1,7,4942400,200900,2,2,2,0,4,1,0,83,1,5,3,0,0,0,1,1,1
200500012168,5,3,30,1215,1,1,1,6,4940100,210800,3,2,2,0,1,1,0,64,1,0,3,0,0,1,1,0,1
200500012169,5,3,21,1215,1,9,1,3,4946700,210200,2,2,2,0,1,1,0,85,1,0,1,0,1,0,1,1,1
200500012170,5,3,11,545,3,1,1,6,4927900,186300,3,2,0,0,0,3,0,75,1,0,1,0,0,0,0,1,1
200500012171,5,3,18,1530,1,2,1,1,4921200,180800,3,2,2,0,1,1,0,76,1,0,1,0,1,0,2,0,1
200500012172,5,3,1,1200,1,1,4,6,4973000,173000,4,2,0,0,2,3,0,42,7,0,1,0,1,0,0,2,1
200500012175,5,3,11,745,1,6,1,7,4937000,216200,2,1,0,0,1,2,0,0,1,5,1,0,0,0,1,0,1
200500012177,5,3,7,800,1,1,1,1,4967800,225000,2,2,0,0,1,1,0,73,7,0,1,0,1,0,1,0,1
200500012179,5,3,23,1400,1,1,1,5,4930800,234700,4,2,2,0,2,1,0,55,1,0,1,0,2,0,0,1,1
200500012180,5,3,15,900,1,1,1,7,4951100,243500,3,0,0,0,1,1,0,0,1,0,1,0,0,0,0,1,1
200500012183,5,3,18,815,2,1,5,6,4951600,294000,4,2,2,0,0,3,0,54,2,0,3,0,0,2,1,0,1
200500012185,5,3,16,700,1,1,1,1,4943100,263800,3,2,0,0,0,1,0,0,1,0,1,0,1,0,0,1,1
200500012188,5,3,21,1945,3,1,1,7,4964600,302300,3,2,2,0,1,1,50,0,1,0,3,0,0,0,0,1,1
200500012189,5,3,23,915,1,6,1,6,4958700,300500,3,0,0,0,0,0,0,0,0,0,0,0,0,0,0,1,1
200500012195,5,3,9,45,5,1,1,7,4916100,244600,2,2,2,0,3,1,100,85,1,0,3,0,0,0,0,1,1
200500012196,5,3,31,2030,2,1,1,6,4918200,249700,3,2,2,0,1,1,0,0,1,0,3,0,0,0,0,1,1
200500012199,5,3,18,1215,1,2,1,3,4954000,102000,3,2,2,0,1,1,0,50,1,0,1,0,0,0,0,3,1
200500012200,5,3,20,430,3,1,1,7,4951200,108500,3,2,2,0,2,2,0,57,1,0,3,0,0,0,0,1,1
200500012201,5,3,3,2030,3,1,4,1,4951900,114100,3,2,2,0,1,1,0,63,5,0,1,0,0,0,2,2,1
200500012202,5,3,15,1445,1,1,1,7,4960000,111000,3,2,2,0,2,2,0,70,1,0,1,0,0,0,0,1,1
200500012206,5,3,12,1800,2,1,1,6,4939000,123900,2,2,2,0,1,1,0,75,1,0,0,0,1,0,0,1,1
200500012207,5,3,12,1845,2,1,1,6,4938100,116100,3,2,2,0,1,2,0,65,1,0,3,0,0,0,1,0,1
200500012214,5,3,22,1800,1,1,1,2,4951100,51300,3,2,0,0,1,1,0,60,1,0,0,0,1,0,0,1,1
200500012217,5,3,15,715,1,1,1,3,4973500,144000,3,2,1,0,1,1,0,90,1,5,1,0,2,0,0,1,1
200500012218,5,3,19,1615,1,1,1,2,4973800,142700,3,2,1,0,1,4,0,55,1,0,1,0,3,0,0,1,1
200500012219,5,3,17,1500,1,9,1,7,4986500,160900,3,2,2,0,1,1,0,53,1,0,1,0,0,0,1,0,1
200500012220,5,3,28,145,3,1,1,6,4990000,160000,3,0,0,0,0,2,0,60,1,0,0,0,0,1,1,2,1
200500012221,5,3,14,1445,1,1,1,1,4948900,170100,2,2,0,0,1,1,0,84,1,0,1,0,1,0,2,0,1
200500012223,5,3,25,1245,1,1,1,7,4954400,95300,3,2,2,0,2,4,0,60,1,0,1,0,0,0,1,1,1
200500012224,5,3,25,700,1,2,1,1,4981500,78900,3,2,2,0,1,1,0,55,1,0,1,0,0,0,0,2,1
200500012225,5,3,18,1815,1,1,5,3,4972200,78900,3,2,2,0,1,1,0,84,1,0,1,0,1,0,0,1,1
200500012226,5,3,30,1315,1,2,1,1,4968800,84800,4,0,1,0,1,1,33,0,1,0,1,0,2,0,1,0,1
200500012230,5,3,21,1800,1,1,1,3,4897300,81800,3,2,0,0,1,1,0,58,1,0,1,0,0,0,0,4,1
200500012231,5,3,22,1400,1,1,1,3,4908900,98600,2,2,0,0,1,1,0,100,1,0,1,0,2,0,1,0,1
200500012235,5,3,20,1230,1,6,1,1,4901800,138700,3,0,0,0,0,0,45,71,1,5,1,0,1,0,0,1,1
200500012236,5,3,7,1445,1,1,1,1,4873800,93500,2,2,0,0,1,1,0,76,1,0,1,0,0,0,0,3,1
200500012237,5,3,11,915,1,1,1,6,4884100,91500,3,2,2,0,1,1,0,40,1,0,1,0,1,0,0,1,1
200500012238,5,3,12,2045,5,1,1,1,4874300,91400,2,2,0,0,0,1,0,76,1,0,1,0,2,0,0,3,1
200500012239,5,3,23,1800,1,1,1,6,4882000,71000,4,2,0,0,1,1,0,59,1,0,1,0,1,0,1,0,1
200500012240,5,3,26,1800,1,1,1,6,4882600,76600,3,2,2,0,1,3,0,55,1,0,3,0,0,0,0,1,1
200500012241,5,3,9,1730,1,1,1,3,4925200,141900,3,1,1,0,1,1,0,50,1,0,1,0,1,0,0,1,1
200500012242,5,3,27,1730,1,1,1,1,4935100,133200,4,3,2,0,2,2,0,45,1,0,1,0,1,0,0,1,1
200500012243,5,3,28,1,5,1,1,5,4928300,176000,3,2,2,0,1,2,0,68,1,0,1,0,7,0,0,1,1
200500012244,5,3,1,1700,1,3,1,3,4911800,45700,3,2,2,0,1,1,0,40,2,0,1,0,1,1,0,0,1
200500012245,5,3,18,1700,1,1,1,3,4909600,60000,4,3,0,0,1,1,0,0,1,0,1,3,1,0,0,1,1
200500012247,5,3,19,630,3,1,5,3,4915900,62200,2,2,2,0,1,1,0,113,2,5,1,0,1,1,0,0,1
200500012248,5,3,20,1715,1,9,1,7,4904500,39100,3,2,2,0,2,2,0,61,1,0,3,0,0,0,0,1,1
200500012250,5,3,5,300,3,1,1,6,4915700,69300,2,2,0,0,1,3,0,90,7,0,3,0,0,0,0,1,1
200500012251,5,3,17,1230,1,1,1,6,4896600,65400,3,2,2,0,1,1,0,57,1,0,1,0,1,0,1,1,1
200500012252,5,3,25,230,1,1,1,3,4908900,76000,3,2,0,0,1,1,0,70,1,0,1,0,2,1,0,0,1
200500012257,5,3,26,1030,1,1,1,7,4931200,123600,4,2,0,0,0,1,0,54,1,0,1,0,1,0,1,0,1
200500012259,5,3,18,1515,1,2,1,1,4915400,90000,3,2,2,0,1,1,0,88,1,5,1,0,1,0,1,0,1
200500012263,5,3,19,1300,1,1,1,6,4929800,95100,9,0,0,0,0,0,0,0,1,0,0,0,0,0,0,1,1
200500012265,5,3,17,715,1,9,1,1,4925000,69000,3,2,2,0,1,3,0,83,1,0,1,0,1,0,1,0,1
200500012266,5,3,17,2200,3,1,1,6,4927200,68700,3,2,0,0,2,1,0,80,1,0,3,0,0,0,1,0,1
200500012267,5,3,25,1915,2,1,1,6,4932200,71400,3,2,2,0,2,1,0,56,1,0,1,0,1,0,1,0,1
200500012268,5,3,12,1630,1,1,1,2,4804600,-170700,3,2,2,0,1,1,0,80,1,5,1,0,1,0,0,1,1
200500012270,5,3,22,1345,1,1,1,6,4823000,-156000,3,2,0,0,1,2,0,60,1,0,3,0,0,0,1,0,1
200500012277,5,3,2,1445,1,1,1,1,4841400,-136300,3,2,2,0,1,1,0,73,1,0,1,3,1,0,0,1,1
200500012279,5,3,16,1630,1,1,1,6,4841500,-136600,3,2,2,0,1,1,0,0,1,0,1,0,0,0,0,2,1
200500012280,5,3,18,1545,1,1,1,1,4825700,-137000,3,2,2,0,1,1,0,0,1,0,1,0,0,0,2,0,1
200500012281,5,3,25,1630,3,1,5,6,4835100,-134700,3,2,2,0,1,2,0,0,2,0,3,0,0,0,0,1,1
200500012285,5,3,19,2115,3,1,1,6,4786700,-176200,3,2,2,0,2,3,0,60,1,0,3,0,3,0,0,1,1
200500012286,5,3,31,545,3,1,5,6,4790500,-164100,3,2,2,0,1,1,0,50,1,0,3,0,0,0,1,0,1
200500012292,5,3,3,1030,1,1,1,1,4859000,-166200,3,2,2,0,1,2,0,56,1,0,1,0,0,0,1,1,1
200500012293,5,3,6,1600,1,1,1,3,4814500,-124400,3,2,2,0,1,1,0,60,1,0,1,0,2,0,1,0,1
200500012294,5,3,20,145,4,1,1,6,4812800,-120400,9,2,0,0,1,1,0,0,1,0,1,0,1,0,0,2,1
200500012297,5,3,3,645,3,1,1,7,4831200,-291200,4,1,0,0,4,1,0,25,7,2,1,0,0,1,0,0,1
200500012302,5,3,13,1845,1,2,1,3,4817400,-259900,2,2,2,3,1,1,0,250,1,5,1,0,1,0,2,2,1
200500012303,5,3,23,2200,3,1,1,1,4861800,-328000,3,1,0,0,4,1,0,0,2,0,1,0,1,0,1,0,1
200500012304,5,3,19,2000,3,1,1,1,4860300,-334000,3,2,0,0,1,1,0,38,1,0,1,0,1,0,1,0,1
200500012305,5,3,2,1530,1,2,1,3,4877000,-327000,3,2,2,0,1,1,0,60,1,0,1,0,1,0,1,1,1
200500012306,5,3,5,1915,2,1,2,1,4881900,-328700,3,2,2,0,1,4,0,51,2,0,1,0,2,0,1,0,1
200500012307,5,3,19,1445,1,1,1,3,4871200,-330200,3,2,2,0,2,1,0,56,1,0,1,0,1,0,1,0,1
200500012308,5,3,25,1100,1,1,1,2,4881800,-317300,4,2,2,0,1,1,0,0,1,0,1,0,1,0,1,0,1
200500012309,5,3,3,1415,1,1,1,6,4809900,-433000,9,1,0,0,2,3,59,0,1,5,1,0,1,0,0,1,1
200500012310,5,3,17,1030,1,1,2,3,4809100,-432200,3,2,0,0,2,1,0,0,2,0,1,0,1,0,1,0,1
200500012311,5,3,27,1545,1,3,1,1,4788900,-403500,3,2,2,0,1,4,0,63,1,0,1,0,0,0,2,1,1
200500012312,5,3,31,1800,1,1,1,1,4790900,-398100,9,2,2,0,2,1,0,0,1,0,1,0,1,0,0,1,1
200500012313,5,3,3,1400,1,1,1,3,4780900,-431400,4,2,0,0,1,1,0,65,1,0,1,0,1,0,1,0,1
200500012314,5,3,3,1930,3,1,1,2,4782600,-423700,3,2,2,0,1,1,0,67,1,0,1,0,0,0,0,2,1
200500012315,5,3,30,1945,1,1,1,3,4844000,-439000,3,2,2,0,1,1,0,155,1,5,1,0,1,0,1,0,1
200500012319,5,3,18,1930,1,1,1,3,4821700,-425400,3,2,2,0,2,1,0,65,1,0,1,0,0,0,1,1,1
200500012320,5,3,19,30,4,6,1,2,4816200,-423000,3,2,2,0,0,1,0,0,1,0,1,0,2,0,1,0,1
200500012322,5,3,7,800,3,1,1,6,4810300,-403600,3,2,2,0,1,1,0,70,1,0,1,0,0,0,1,0,1
200500012323,5,3,20,2000,2,1,1,3,4823100,-432200,3,2,0,0,1,1,0,85,1,5,1,0,1,0,1,0,1
200500012326,5,3,15,745,1,1,1,1,4865000,-398000,4,2,0,0,1,3,0,52,1,0,1,0,1,0,1,0,1
200500012330,5,3,20,1615,1,2,1,3,4762400,-287000,4,2,2,0,0,1,0,68,1,0,1,0,1,0,2,0,1
200500012332,5,3,20,1300,1,1,1,6,4754300,-223100,3,2,0,0,0,1,0,62,1,0,1,0,1,1,1,2,1
200500012333,5,3,26,930,1,1,1,6,4756000,-248200,3,2,2,0,2,1,60,0,1,0,1,0,1,1,0,0,1
200500012343,5,3,20,1200,1,1,1,3,4780200,-272800,3,2,0,0,0,1,0,99,1,0,1,0,4,1,0,0,1
200500012344,5,3,5,545,3,1,1,6,4788600,-283300,3,2,2,0,1,3,0,80,1,0,1,0,1,1,0,0,1
200500012346,5,3,1,1345,1,1,1,1,4814500,-362800,3,2,0,0,1,1,0,82,1,0,1,0,1,0,0,1,1
200500012347,5,3,3,1215,1,1,4,1,4926800,-42100,3,2,0,0,1,1,0,40,5,0,1,0,1,0,0,1,1
200500012353,5,3,26,1315,1,1,1,6,4903900,-30900,3,2,0,0,2,1,0,40,1,0,1,0,0,0,1,0,1
200500012354,5,3,26,2000,5,1,1,3,4912000,-16100,2,2,0,0,2,1,0,107,1,0,1,0,1,0,0,1,1
200500012356,5,3,29,1715,1,1,1,3,4912800,-20400,2,2,2,0,1,1,0,71,1,0,1,0,1,0,0,1,1
200500012357,5,3,18,1200,1,1,1,1,4923400,-25200,4,2,0,0,1,2,0,38,1,0,1,0,1,0,1,0,1
200500012359,5,3,1,1400,1,1,1,5,4886900,-18100,2,2,2,0,0,1,0,73,1,0,1,0,2,1,0,0,1
200500012360,5,3,21,615,2,1,1,2,4889000,-22000,3,2,2,0,3,1,0,71,1,0,1,0,1,1,0,0,1
200500012362,5,3,26,1830,1,2,8,5,4905200,-10600,3,2,2,0,1,1,20,70,2,0,1,0,3,0,0,3,1
200500012365,5,3,8,2145,3,1,1,6,4893500,-86500,3,2,2,0,2,3,0,70,1,0,3,0,0,2,0,0,1
200500012369,5,3,1,1430,1,1,1,3,4884000,-146000,4,2,0,0,1,1,0,28,1,0,1,0,1,0,0,1,1
200500012375,5,3,31,2245,3,1,1,7,4937000,-135000,3,2,2,0,1,2,0,62,1,0,3,0,0,1,0,0,1
200500012377,5,3,19,1800,1,1,7,1,4949400,-150300,3,2,2,0,1,1,0,60,1,5,1,0,2,0,1,0,1
200500012379,5,3,4,1815,1,1,8,1,4867000,-85000,3,2,2,0,1,1,0,62,2,0,1,0,0,0,0,2,1
200500012380,5,3,16,1400,1,1,1,4,4859400,-108800,3,2,0,0,1,1,0,85,1,0,1,0,3,0,0,1,1
200500012382,5,3,8,1830,1,1,1,1,4847300,1800,3,2,2,0,1,2,0,60,1,0,1,0,0,0,1,2,1
200500012386,5,3,27,1245,1,9,1,3,4880000,700,3,2,2,0,2,0,0,0,1,5,1,0,1,1,0,2,1
200500012389,5,3,22,1845,1,1,1,1,4859200,-28700,3,2,2,0,1,2,0,71,1,0,1,0,0,0,3,0,1
200500012393,5,3,24,930,1,1,3,3,4843000,96000,3,2,2,0,1,1,0,77,2,0,1,0,1,0,1,0,1
200500012394,5,3,22,930,1,1,2,1,4707300,-135100,3,2,0,0,1,2,0,55,2,0,1,0,1,0,1,1,1
200500012395,5,3,11,1730,1,1,1,2,4703900,-166200,3,2,2,0,1,1,0,60,1,0,1,0,1,0,0,1,1
200500012396,5,3,13,700,1,1,1,6,4689400,-160300,3,2,2,0,1,2,0,45,1,0,1,0,0,0,1,1,1
200500012398,5,3,21,1245,1,1,2,1,4708000,-156600,3,2,2,0,1,3,0,63,8,0,1,0,1,0,1,0,1
200500012401,5,3,16,1600,1,2,1,3,4757600,-118900,3,2,2,0,1,1,0,68,1,5,1,0,1,1,0,0,1
200500012402,5,3,23,1515,1,1,1,7,4749700,-143300,3,2,2,0,0,2,0,60,1,0,3,0,0,0,1,0,1
200500012403,5,3,31,730,1,1,5,7,4753200,-131900,3,2,2,0,1,2,40,80,1,0,1,0,0,1,0,0,1
200500012404,5,3,20,830,1,1,1,6,4774100,-130300,4,2,0,0,1,2,0,0,1,0,1,0,0,0,1,0,1
200500012405,5,3,20,1815,1,1,1,6,4763500,-183200,9,2,0,0,1,1,0,55,1,0,1,0,0,0,1,0,1
200500012406,5,3,19,1230,1,1,1,6,4762200,-191900,3,2,2,0,1,2,0,54,0,0,3,0,0,0,1,0,1
200500012407,5,3,20,2000,2,1,1,5,4744900,-181100,2,2,2,0,3,1,0,65,1,0,1,0,2,0,1,0,1
200500012409,5,3,1,1645,1,2,1,1,4751700,-154500,3,2,0,0,1,1,0,50,1,0,1,0,1,0,0,1,1
200500012410,5,3,20,1500,1,1,1,2,4741500,-169800,3,2,1,0,1,1,0,60,1,0,1,0,1,0,0,1,1
200500012411,5,3,4,600,3,1,1,7,4720800,-175700,3,2,0,0,1,1,90,70,1,0,3,0,0,0,1,0,1
200500012413,5,3,20,1615,1,1,1,1,4713700,-179800,3,2,2,0,1,1,0,71,1,0,1,0,2,0,0,1,1
200500012416,5,3,31,1600,1,1,1,1,4733400,-243800,4,2,0,0,1,1,0,65,1,0,1,0,1,0,1,0,1
200500012421,5,3,18,730,1,1,5,7,4737300,-190900,3,2,0,0,0,2,0,60,2,0,1,0,0,0,1,0,1
200500012423,5,3,15,1230,1,1,1,3,4742000,-56000,4,2,0,0,1,1,0,70,1,0,1,0,1,0,0,1,1
200500012425,5,3,30,1500,1,1,1,1,4745600,-16200,3,2,0,0,0,1,0,0,1,0,1,0,0,0,1,1,1
200500012426,5,3,11,800,2,1,7,6,4751900,-47400,3,0,2,1,1,1,0,0,1,0,1,0,0,0,1,0,1
200500012427,5,3,20,1800,1,2,1,3,4743100,-72100,3,2,2,0,1,1,25,60,1,5,1,0,3,0,1,0,1
200500012428,5,3,24,2200,3,1,1,7,4738900,-75500,3,2,0,0,2,2,0,100,1,0,1,0,1,0,0,1,1
200500012429,5,3,19,1430,1,1,1,1,4758400,-35000,2,2,2,0,3,1,0,107,1,0,1,0,1,1,0,0,1
200500012431,5,3,20,1145,1,1,1,6,4716800,-75300,2,2,2,0,0,1,0,74,1,0,3,0,0,2,1,0,1
200500012433,5,3,27,300,4,3,8,6,4710300,-118600,3,2,2,0,1,1,0,60,2,0,1,0,0,0,1,0,1
200500012434,5,3,13,400,3,1,1,7,4728700,-111900,4,2,0,0,1,1,0,36,1,0,1,0,0,0,0,1,1
200500012435,5,3,13,1745,1,1,1,3,4729200,-97900,3,2,0,0,0,1,0,70,1,0,1,0,1,0,1,0,1
200500012439,5,3,2,1630,1,1,2,7,4738800,-7900,3,2,0,0,1,1,70,70,2,0,1,0,0,0,1,0,1
200500012440,5,3,13,1215,1,1,1,3,4736000,-28000,3,2,2,0,1,1,0,61,1,0,1,0,0,1,1,2,1
200500012441,5,3,13,1845,3,1,1,5,4738000,-23800,4,2,2,0,1,1,0,43,1,0,1,0,3,0,2,1,1
200500012444,5,3,22,1200,1,1,1,3,4717300,-21400,3,2,0,0,1,1,0,70,2,0,1,0,0,0,1,1,1
200500012446,5,3,18,1830,1,1,1,1,4775400,-98100,3,2,0,0,3,1,0,0,1,0,1,0,1,0,0,1,1
200500012447,5,3,20,2115,3,1,1,7,4768800,-65700,3,2,2,0,1,1,0,0,1,0,3,0,0,0,0,1,1
200500012448,5,3,11,1700,1,1,1,6,4764000,-70800,2,2,0,0,1,1,0,60,1,5,3,0,0,0,0,1,1
200500012449,5,3,10,515,4,1,1,7,4757900,-54500,3,2,0,0,1,1,0,70,9,0,1,0,0,0,1,0,1
200500012454,5,3,15,715,1,2,1,3,4839900,-62200,3,2,2,0,3,1,0,70,1,0,1,0,1,0,0,1,1
200500012455,5,3,19,1500,1,1,1,7,4835500,-50400,2,3,2,0,4,1,0,105,1,0,1,0,0,0,1,0,1
200500012456,5,3,22,1800,1,1,1,6,4832300,-43400,3,2,2,0,2,1,0,65,1,0,1,0,1,0,1,0,1
200500012457,5,3,28,1830,1,1,1,6,4844800,-21300,3,2,2,0,1,1,0,60,0,0,1,0,3,0,2,0,1
200500012463,5,3,22,715,1,1,2,6,4815100,38700,3,2,1,0,2,1,0,73,2,0,1,0,0,0,0,1,1
200500012464,5,3,26,1700,1,9,1,3,4814000,17000,4,2,0,0,1,0,0,60,1,0,1,0,1,0,0,1,1
200500012467,5,3,24,1930,2,1,1,2,4793400,16100,2,2,3,0,1,1,0,146,1,0,1,0,1,0,1,0,1
200500012468,5,3,29,1900,1,2,8,3,4787000,46000,3,2,2,0,2,1,0,80,2,0,1,0,1,0,1,1,1
200500012472,5,3,13,1830,1,1,1,3,4777900,8800,3,2,2,0,1,2,0,55,1,0,1,0,1,0,2,2,1
200500012473,5,3,20,1500,1,1,1,7,4777900,27900,3,2,2,0,1,2,0,62,1,0,3,0,0,0,1,1,1
200500012476,5,3,8,900,1,1,1,6,4828000,46300,9,2,2,0,1,1,0,72,1,0,1,3,1,1,0,0,1
200500012477,5,3,17,1030,1,3,1,1,4827000,27000,3,2,2,0,0,3,0,50,2,0,1,0,1,1,0,0,1
200500012478,5,3,23,1700,1,1,1,1,4824400,23200,3,2,2,0,1,3,0,60,1,0,1,0,0,0,1,1,1
200500012479,5,3,8,830,1,1,1,6,4807400,58000,3,2,2,0,1,1,0,60,1,0,4,3,1,0,1,0,1
200500012484,5,3,7,800,1,1,1,3,4696900,-111800,3,2,2,0,1,1,0,0,1,5,1,0,1,0,1,0,1
200500012487,5,3,23,1330,1,6,1,3,4678900,-143100,3,2,2,0,1,2,0,0,1,0,1,0,1,0,0,1,1
200500012489,5,3,3,1215,1,2,1,5,4646800,-117800,9,2,0,0,1,1,0,70,2,0,1,0,2,0,1,0,1
200500012491,5,3,3,2130,3,1,1,3,4666100,-76800,3,2,2,1,4,2,76,72,9,0,1,0,1,0,1,4,1
200500012492,5,3,17,345,3,1,1,6,4679200,-77900,3,2,0,0,2,1,0,69,1,0,1,0,1,1,0,0,1
200500012493,5,3,1,2130,3,1,1,2,4687200,-193200,3,2,0,0,1,1,0,0,1,0,1,0,1,0,0,2,1
200500012494,5,3,16,1015,1,1,1,6,4668300,-161100,3,2,0,0,1,1,0,60,1,0,4,0,0,0,0,1,1
200500012495,5,3,20,1815,1,1,1,1,4701400,-226100,3,2,2,0,1,1,0,60,1,0,1,0,1,0,0,1,1
200500012497,5,3,19,1430,1,1,1,1,4677200,-193100,3,2,2,0,1,1,0,60,1,0,1,0,1,0,2,1,1
200500012505,5,3,5,2315,5,1,1,6,4514600,-64700,3,2,0,0,1,1,0,62,1,0,3,0,0,0,1,2,1
200500012506,5,3,9,730,1,1,1,1,4512600,-57300,2,2,2,0,2,2,0,75,1,0,1,0,0,0,2,0,1
200500012507,5,3,26,1715,1,2,1,3,4527400,-53100,3,2,2,0,1,1,0,58,1,0,1,0,3,1,0,4,1
200500012511,5,3,26,1530,1,1,2,3,4490200,-50900,4,2,2,0,0,0,0,0,2,5,1,0,1,0,1,0,1
200500012513,5,3,25,2000,3,1,1,7,4474300,-38000,3,0,2,0,0,0,0,0,0,0,0,0,0,0,0,1,1
200500012514,5,3,19,2015,1,1,1,2,4487300,-49800,2,3,0,0,1,1,20,200,1,3,1,0,1,0,0,1,1
200500012515,5,3,24,1630,1,1,1,1,4484400,-46900,3,2,2,0,2,1,0,60,1,0,1,0,2,0,0,1,1
200500012517,5,3,24,745,1,1,1,1,4459700,-34200,3,2,2,0,1,3,0,58,2,0,1,0,1,0,0,1,1
200500012518,5,3,29,1400,1,1,1,3,4460000,-30000,2,2,2,0,1,1,0,0,1,0,1,0,1,1,0,0,1
200500012519,5,3,27,1245,1,6,2,3,4455400,-25800,2,3,2,0,1,1,20,101,2,5,1,0,2,0,1,0,1
200500012520,5,3,16,915,1,1,1,2,4435600,-23600,2,3,2,0,1,1,0,73,1,0,1,0,0,0,0,2,1
200500012521,5,3,17,1145,1,1,1,7,4443900,-20800,4,2,2,0,0,1,0,0,1,0,3,0,0,0,0,1,1
200500012522,5,3,23,1915,2,9,1,3,4442000,-21900,2,3,2,0,3,2,60,40,1,5,1,0,0,0,0,4,1
200500012523,5,3,20,1445,1,1,1,7,4465300,7400,3,2,0,0,2,2,0,70,1,0,3,0,0,0,0,1,1
200500012524,5,3,18,1300,1,1,1,2,4445400,-41900,3,2,1,0,1,0,0,61,1,0,1,0,4,0,0,2,1
200500012525,5,3,20,730,1,1,1,7,4451000,-71800,3,2,0,0,1,1,0,65,1,0,1,0,3,0,1,0,1
200500012527,5,3,29,1600,1,1,1,6,4531300,-93700,4,1,0,0,1,0,0,120,1,0,1,0,1,0,0,1,1
200500012528,5,3,2,1145,1,1,1,3,4503900,-68100,4,2,0,0,1,1,0,30,1,0,1,0,2,0,0,1,1
200500012531,5,3,2,1300,1,1,1,6,4546000,-104000,3,2,0,0,1,1,0,55,0,0,3,0,0,0,0,1,1
200500012535,5,3,2,1915,3,1,2,6,4488200,-9100,3,2,1,0,1,1,47,50,2,0,0,0,0,0,1,2,1
200500012536,5,3,18,800,1,2,1,3,4489600,-11100,3,2,1,0,1,1,0,0,1,0,1,0,1,0,0,1,1
200500012541,5,3,16,1830,1,1,1,1,4500000,-20000,3,0,2,0,1,2,0,60,1,0,1,0,0,0,0,2,1
200500012542,5,3,7,45,5,1,1,2,4484600,24100,3,2,0,0,1,1,0,81,1,0,1,0,0,1,1,1,1
200500012543,5,3,25,1615,1,1,1,7,4498000,-33800,3,2,2,0,2,2,0,32,1,0,3,0,3,0,1,0,1
200500012549,5,3,22,1100,1,1,1,3,4531100,96800,3,0,0,0,1,1,0,64,1,0,1,0,1,1,0,0,1
200500012550,5,3,21,2330,3,1,1,1,4512700,97700,2,2,2,0,1,2,0,73,1,0,1,0,2,0,0,1,1
200500012551,5,3,24,915,1,1,2,7,4512400,95600,2,2,2,0,1,1,0,73,2,0,3,0,1,0,1,0,1
200500012552,5,3,30,1615,3,1,8,7,4512700,97500,2,2,0,0,2,1,0,76,2,0,0,0,0,0,2,1,1
200500012553,5,3,31,1815,1,1,1,7,4509800,100800,3,2,0,0,1,2,0,50,0,0,0,0,0,0,0,1,1
200500012557,5,3,12,700,2,1,1,7,4525000,34900,4,2,2,0,1,1,0,0,0,0,3,0,0,0,1,0,1
200500012561,5,3,21,1015,1,1,1,6,4488800,106700,3,2,2,0,1,2,0,56,1,0,3,0,0,0,0,1,1
200500012562,5,3,23,1130,1,1,7,6,4511500,122100,3,2,2,0,1,1,0,0,1,0,1,0,0,1,0,0,1
200500012563,5,3,2,900,1,1,1,2,4395000,-38600,3,2,2,0,1,1,0,70,1,0,1,0,1,0,0,1,1
200500012567,5,3,7,1415,1,1,1,6,4406900,-31600,3,2,2,0,1,1,0,71,1,0,1,0,0,0,1,0,1
200500012568,5,3,29,1145,1,1,2,1,4372300,-76700,3,2,2,0,1,1,56,0,2,0,1,0,1,0,1,0,1
200500012569,5,3,6,400,3,1,2,6,4367700,-111800,3,2,0,0,4,1,0,50,2,0,3,0,0,0,1,0,1
200500012570,5,3,6,1215,1,3,1,3,4374200,-100500,3,2,2,0,2,1,0,60,1,0,1,0,1,0,0,1,1
200500012571,5,3,12,2000,3,1,1,1,4365900,-105600,3,2,2,0,1,0,0,63,1,0,1,0,1,0,1,0,1
200500012572,5,3,29,1645,1,9,8,1,4367700,-103400,3,2,2,0,2,4,0,51,2,0,1,0,0,0,0,4,1
200500012573,5,3,15,1545,1,1,1,7,4394000,-130000,3,2,2,0,1,0,0,62,0,0,3,0,0,0,0,1,1
200500012574,5,3,23,845,1,1,1,6,4387000,-91000,3,2,2,0,1,1,0,53,1,0,3,0,0,0,1,0,1
200500012575,5,3,22,1200,1,2,1,3,4360800,-99400,3,2,2,0,1,1,0,60,1,5,1,0,4,0,0,1,1
200500012580,5,3,29,800,1,1,1,2,4378300,-121700,3,2,2,0,1,1,0,65,1,0,1,3,1,0,0,3,1
200500012583,5,3,10,1300,1,1,1,3,4397200,-105700,3,2,2,0,1,1,0,0,1,5,1,0,1,0,0,2,1
200500012584,5,3,29,1330,1,1,2,6,4400800,-79000,3,2,0,0,1,1,0,58,2,0,3,0,1,0,0,1,1
200500012595,5,3,3,345,3,1,1,7,4453700,23400,3,2,0,0,1,4,0,55,1,0,0,0,1,0,0,1,1
200500012596,5,3,17,1730,1,3,1,3,4451100,20900,3,2,2,0,1,1,0,72,1,0,1,0,0,0,0,2,1
200500012597,5,3,15,1330,1,1,1,1,4466000,19100,3,2,2,0,1,1,0,58,1,0,1,0,1,0,1,1,1
200500012603,5,3,29,1900,1,3,1,3,4442800,28900,2,2,0,0,1,1,0,95,1,0,1,0,0,0,0,2,1
200500012605,5,3,12,545,3,1,1,6,4440800,66500,3,2,0,2,0,1,0,72,1,0,1,0,1,0,0,1,1
200500012608,5,3,25,1730,1,9,1,3,4440600,65400,3,2,2,0,1,1,0,100,1,5,1,0,1,0,1,0,1
200500012609,5,3,19,330,3,1,1,6,4450100,67000,2,2,2,0,1,1,0,72,1,0,3,0,0,0,0,1,1
200500012611,5,3,17,1815,1,1,1,2,4339200,-38000,2,2,0,0,0,1,0,102,1,0,1,0,0,0,1,1,1
200500012614,5,3,21,1730,1,1,1,3,4355400,-29000,2,2,2,0,1,1,0,80,1,0,1,0,1,0,2,0,1
200500012615,5,3,5,830,5,9,2,6,4349000,-136000,3,2,0,0,1,1,0,68,2,0,3,0,0,1,0,0,1
200500012617,5,3,12,1700,1,1,1,3,4332000,-139000,3,2,0,0,1,1,0,109,1,5,1,0,1,0,1,0,1