Num_Acc,an,mois,jour,hrmn,lum,int,atm,col,lat,long,catr,circ,nbv,vosp,prof,plan,lartpc,larrout,surf,infra,situ,env1,unscathed,killed,hospital,light,chance
200500013468,5,3,26,1500,1,1,1,3,4345300,361400,9,2,0,0,1,1,0,60,1,0,0,0,1,0,0,1,1
200500013469,5,3,28,1845,2,1,1,2,4325900,226500,2,2,1,0,2,1,0,80,1,0,1,0,1,0,0,3,1
200500013470,5,3,31,1730,1,1,1,3,4326400,222700,2,2,3,0,2,1,0,105,1,5,1,0,1,0,1,0,1
200500013471,5,3,30,1930,1,1,2,7,4331500,249600,3,2,0,0,0,1,0,0,2,0,3,0,0,0,0,1,1
200500013472,5,3,14,1115,1,1,1,2,4323700,192100,3,2,2,0,1,1,0,60,1,0,1,0,0,0,0,2,1
200500013473,5,3,29,1630,1,1,2,6,4328900,187000,3,2,2,0,2,3,0,50,2,0,3,0,0,0,0,1,1
200500013476,5,3,26,815,2,1,1,2,4309600,223100,3,2,2,0,1,1,0,70,1,0,1,0,4,0,0,2,1
200500013479,5,3,5,1545,1,1,1,1,4318300,306300,3,2,2,0,1,1,56,0,1,0,1,0,1,0,1,0,1
200500013480,5,3,22,1345,1,1,2,7,4328000,279400,3,2,2,0,2,1,0,75,2,0,3,0,0,1,0,1,1
200500013493,5,3,5,1230,1,1,1,5,4414300,408400,3,2,0,0,2,1,0,152,1,0,1,0,1,0,1,2,1
200500013494,5,3,31,1100,1,1,1,6,4418200,415800,3,2,2,0,2,1,0,55,1,0,1,0,1,0,0,1,1
200500013497,5,3,1,1915,3,1,1,6,4432000,402000,3,2,2,0,3,1,0,46,1,0,3,0,0,0,0,1,1
200500013500,5,3,26,400,5,1,8,6,4426500,460800,3,2,2,0,1,3,0,62,2,0,1,0,0,0,0,1,1
200500013503,5,3,27,1015,1,1,1,3,4395800,456800,2,2,2,0,1,3,0,0,2,0,1,0,2,0,0,1,1
200500013504,5,3,3,445,5,1,1,1,4409900,470300,2,2,0,0,1,1,0,64,1,0,1,0,1,0,1,1,1
200500013505,5,3,28,2000,5,1,1,1,4409600,470400,2,2,0,0,1,4,0,80,1,1,1,0,1,0,0,1,1
200500013508,5,3,1,1730,1,9,1,1,4396000,472000,3,2,2,0,0,1,0,62,1,0,0,0,1,0,1,0,1
200500013509,5,3,27,1715,1,1,1,1,4384800,462200,3,2,2,0,3,3,0,68,1,0,1,0,5,0,3,0,1
200500013511,5,3,15,1415,1,1,1,3,4390800,400700,3,2,2,0,1,1,63,0,1,0,1,0,1,0,1,1,1
200500013513,5,3,16,1500,1,1,1,1,4449000,345800,2,2,2,0,1,1,0,72,1,0,1,0,1,0,0,1,1
200500013516,5,3,7,1300,1,1,1,6,4455000,329000,2,2,0,0,1,3,0,71,1,0,3,0,0,0,0,1,1
200500013518,5,3,11,2000,3,1,1,6,4471700,326400,3,2,0,0,2,1,0,62,1,0,1,0,1,0,0,1,1
200500013520,5,3,20,145,3,1,1,1,4260800,297000,4,3,2,0,1,1,0,65,1,0,1,0,1,1,0,0,1
200500013522,5,3,12,1330,1,2,1,3,4284200,292400,2,2,2,0,1,2,0,0,1,5,1,0,5,0,1,1,1
200500013523,5,3,15,1515,1,3,1,3,4282300,282300,3,2,0,0,2,1,0,0,1,0,1,0,2,0,1,0,1
200500013525,5,3,5,1745,2,1,1,3,4277900,300600,4,2,2,0,1,1,0,90,1,5,1,0,1,0,1,0,1
200500013526,5,3,16,1315,1,6,1,7,4279300,303900,9,2,0,0,0,2,0,60,1,0,1,0,0,0,1,0,1
200500013527,5,3,9,700,2,1,7,1,4262400,277900,3,2,0,0,1,1,0,62,1,0,1,0,0,0,2,0,1
200500013528,5,3,22,800,1,1,8,7,4264100,282100,3,2,2,0,1,3,0,64,1,0,1,0,0,0,1,0,1
200500013531,5,3,9,1945,3,1,1,5,4255400,294000,3,2,2,0,1,1,0,71,1,0,1,0,1,2,2,1,1
200500013533,5,3,10,1600,1,1,1,3,4252800,283300,2,2,0,0,1,1,0,68,1,0,1,0,1,0,0,1,1
200500013534,5,3,23,800,1,2,1,3,4189200,881400,3,2,2,0,1,3,0,75,1,0,1,0,0,0,1,1,1
200500013537,5,3,14,1315,1,9,1,2,4167500,891400,2,2,0,0,2,1,0,75,1,0,1,0,1,0,4,0,1
200500013538,5,3,23,1245,1,1,1,1,4279100,948500,3,2,2,0,2,3,0,64,1,0,1,0,0,0,1,1,1
200500013540,5,3,1,1530,1,1,7,3,4263600,893300,3,2,2,0,2,1,0,55,1,0,1,0,1,0,1,0,1
200500013541,5,3,3,30,3,1,1,7,4261700,889400,2,2,2,0,0,2,0,67,2,0,0,0,0,0,2,0,1
200500013542,5,3,8,1600,1,1,1,1,4261000,885500,2,0,2,0,0,1,0,76,1,0,1,0,1,0,0,1,1
200500013544,5,3,17,845,1,1,9,6,4215400,915400,2,2,2,0,2,2,0,67,7,0,1,0,1,0,0,1,1
200500013550,5,3,5,1045,1,1,1,4,4229000,955000,2,2,2,0,1,1,0,62,1,2,1,0,4,1,0,0,1
200500013552,5,3,18,815,1,1,2,3,4899900,169700,2,3,0,0,1,1,15,126,2,5,1,0,2,0,0,1,1
200500013554,5,3,18,1330,1,2,1,3,4903000,156000,2,1,1,0,2,2,0,45,1,5,1,0,2,0,0,1,1
200500013555,5,3,31,1330,1,1,1,3,4903000,158000,3,2,0,0,2,1,0,85,1,0,1,0,2,0,0,3,1
200500013556,5,3,17,2000,3,1,1,1,4870200,159300,3,2,0,0,2,1,0,0,1,0,1,0,1,0,1,0,1
200500013561,5,3,28,1700,1,1,2,7,4871100,198700,3,2,2,0,1,1,0,0,2,0,1,0,1,0,0,1,1
200500013567,5,3,25,2100,2,1,1,6,4864400,236300,3,3,2,0,1,1,34,138,1,5,1,0,1,0,0,1,1
200500013569,5,3,17,1700,1,1,1,3,4856100,242100,2,3,4,0,1,1,50,170,1,0,1,0,1,0,0,1,1
200500013570,5,3,9,845,1,1,1,6,4848000,247000,3,2,2,0,1,2,0,66,1,0,3,0,0,0,1,0,1
200500013574,5,3,23,1930,3,1,1,2,4849400,219700,2,1,2,0,1,1,0,0,1,0,1,0,1,0,0,1,1
200500013575,5,3,28,545,3,1,8,7,4850900,220100,2,3,2,0,2,2,0,65,2,0,1,0,2,1,0,1,1
200500013576,5,3,11,2145,3,1,1,6,4835000,204000,2,3,2,0,0,1,5,60,1,3,3,0,0,0,0,1,1
200500013579,5,3,5,200,3,1,4,6,4860100,223300,3,2,2,0,1,3,0,80,7,0,1,0,2,0,0,1,1
200500013580,5,3,23,1815,1,1,1,4,4860600,221700,3,3,2,0,1,1,0,60,1,0,1,0,2,0,0,2,1
200500013581,5,3,4,1800,2,1,4,6,4869000,226000,4,2,0,0,1,1,0,45,5,0,1,0,0,0,1,1,1
200500013585,5,3,30,930,1,1,1,3,4910300,255000,2,2,3,0,3,1,0,90,1,0,1,0,0,0,0,2,1
200500013586,5,3,7,2315,5,1,8,6,4850000,279000,2,2,2,0,2,1,0,80,1,0,1,0,0,0,1,0,1
200500013588,5,3,10,1000,1,1,1,1,4861100,289100,2,2,0,0,1,1,0,0,1,0,1,0,1,0,0,1,1
200500013589,5,3,16,2030,3,1,1,5,4854000,295000,3,2,2,0,1,0,0,77,1,5,1,0,2,0,0,1,1
200500013590,5,3,21,615,2,2,1,3,4858000,296000,2,2,2,0,1,1,0,156,1,5,1,0,0,0,1,1,1
200500013591,5,3,17,800,1,1,1,6,4887000,290400,3,2,1,0,1,0,0,0,1,0,1,0,0,0,1,1,1
200500013592,5,3,20,1400,1,1,1,6,4889000,287000,4,2,0,0,1,4,0,43,1,0,1,0,0,1,0,0,1
200500013593,5,3,22,1030,1,1,1,6,4889000,284000,4,2,0,0,1,1,0,0,1,0,1,0,1,0,1,0,1
200500013594,5,3,23,2045,3,1,1,5,4890700,293600,3,2,2,0,4,1,0,66,0,0,1,0,2,1,0,0,1
200500013595,5,3,25,845,1,1,5,1,4888000,302000,4,2,0,0,1,1,0,0,2,0,1,0,1,0,0,1,1
200500013597,5,3,31,945,1,1,8,7,4881000,331000,3,2,0,0,2,1,0,48,2,0,3,0,0,0,0,1,1
200500013599,5,3,18,1800,1,1,1,3,4881700,284000,3,2,2,0,0,1,0,60,1,0,1,0,1,0,1,0,1
200500013600,5,3,19,1515,1,1,1,3,4880400,285200,3,2,2,0,1,1,0,65,1,0,1,0,0,0,2,1,1
200500013601,5,3,11,445,3,1,1,6,4891000,334600,3,2,2,0,1,1,0,0,1,0,0,0,0,0,0,1,1
200500013602,5,3,20,830,1,1,1,6,4872000,304000,3,2,1,0,1,1,0,60,1,0,3,0,0,0,2,0,1
200500013603,5,3,23,1900,1,1,1,6,4868700,296900,9,2,0,0,0,1,0,0,1,0,4,0,0,0,1,0,1
200500013604,5,3,27,1715,1,1,1,3,4873600,300600,3,2,2,0,1,1,0,90,1,0,1,0,5,0,0,1,1
200500013605,5,3,19,845,2,1,5,3,4826900,251600,3,2,0,0,1,1,60,60,1,0,1,0,1,0,1,0,1
200500013606,5,3,29,1015,1,1,1,6,4833700,259200,2,2,0,0,1,1,70,70,1,0,3,0,0,1,1,0,1
200500013607,5,3,26,30,3,1,1,6,4815200,270000,9,1,1,0,1,1,0,60,1,0,1,0,0,0,1,0,1
200500013608,5,3,9,1245,1,1,1,6,4829700,294400,3,2,2,0,1,1,0,70,1,0,1,3,1,0,0,1,1
200500013609,5,3,16,1930,3,1,1,1,4826000,302000,3,2,0,0,1,1,0,75,1,0,1,3,1,0,1,0,1
200500013610,5,3,26,1700,1,1,2,3,4825000,302000,3,2,0,0,0,1,0,35,2,0,1,0,1,0,0,1,1
200500013611,5,3,25,1745,1,1,1,3,4890900,288000,3,2,2,0,0,1,0,40,1,5,1,0,1,0,0,1,1
200500013613,5,3,20,1015,1,1,1,7,4899700,299600,3,2,2,0,1,2,0,60,1,0,1,0,1,0,1,0,1
200500013614,5,3,27,430,5,1,1,6,4908300,279600,9,2,2,0,1,1,0,60,2,0,1,0,0,0,1,0,1
200500013616,5,3,7,830,1,1,4,3,4841400,327800,3,2,2,0,1,3,0,60,5,0,1,0,1,0,1,0,1
200500013617,5,3,19,1330,1,1,1,3,4845000,316300,3,2,2,0,2,1,0,69,1,0,1,0,0,0,2,1,1
200500013620,5,3,20,1500,1,1,1,3,4787000,212000,4,2,2,0,1,2,0,40,1,0,1,0,1,0,0,1,1
200500013622,5,3,17,1630,1,1,1,2,4782100,168000,2,2,2,0,1,1,0,81,1,0,1,0,1,0,1,0,1
200500013623,5,3,25,45,3,1,5,1,4811200,217300,2,2,2,0,1,1,0,70,2,0,1,0,1,1,0,2,1
200500013625,5,3,11,1700,1,1,1,2,4772700,274000,2,3,0,0,1,1,15,75,1,0,1,0,1,0,0,1,1
200500013630,5,3,25,1930,3,1,1,6,4770900,233900,4,2,0,0,1,2,0,0,1,0,3,0,0,0,0,1,1
200500013631,5,3,28,1230,1,1,2,6,4776900,255500,3,2,2,0,1,2,0,63,2,0,1,0,0,0,1,0,1
200500013632,5,3,22,1000,1,1,2,1,4795700,306000,3,2,2,0,2,3,0,0,2,0,1,0,2,0,1,0,1
200500013634,5,3,27,15,3,1,2,6,4807000,263000,3,2,2,0,1,1,0,45,2,2,1,0,0,0,0,4,1
200500013636,5,3,14,1500,1,1,1,7,4727000,294900,3,2,0,0,1,2,0,43,1,0,3,0,0,1,0,0,1
200500013637,5,3,29,1315,1,1,2,6,4713100,292700,3,2,0,0,0,1,0,47,2,0,1,0,0,0,1,0,1
200500013641,5,3,20,300,3,1,1,7,4713600,183300,3,2,0,0,1,1,59,0,1,0,1,0,0,1,0,0,1
200500013642,5,3,1,1045,5,1,1,3,4730900,252300,3,2,2,0,1,1,0,50,1,0,1,0,1,0,0,1,1
200500013643,5,3,25,1630,1,1,1,3,4842800,152400,2,2,0,0,1,1,40,79,1,5,1,0,1,0,0,1,1
200500013646,5,3,7,745,1,1,4,1,4859900,160000,3,2,2,0,1,1,0,71,5,0,1,0,2,0,0,1,1
200500013647,5,3,8,930,1,1,9,6,4853700,157600,3,2,0,0,1,2,0,70,9,0,3,0,0,0,0,1,1
200500013648,5,3,19,800,2,1,5,1,4845100,163200,3,2,2,0,1,3,56,56,1,0,1,0,0,0,0,2,1
200500013649,5,3,19,1700,1,1,1,7,4852000,168000,3,2,2,0,1,0,0,60,1,0,1,0,0,0,1,0,1
200500013650,5,3,25,530,3,1,5,3,4850800,171800,2,2,3,0,4,2,0,112,2,0,1,0,1,0,1,0,1
200500013651,5,3,11,845,1,2,1,1,4872100,141300,3,2,2,0,1,1,0,67,1,0,1,0,1,0,0,1,1
200500013652,5,3,19,815,2,6,5,3,4876500,123600,2,1,2,0,0,2,30,80,2,5,1,0,1,0,1,1,1
200500013653,5,3,24,1900,5,1,1,1,4877100,120200,3,2,0,0,0,0,0,0,2,0,0,0,1,0,0,1,1
200500013654,5,3,23,1800,1,1,7,1,4885200,140500,3,2,0,0,1,1,0,62,1,0,1,0,1,1,0,0,1
200500013655,5,3,5,1245,1,1,8,3,4865100,99500,3,2,0,0,1,1,0,51,2,0,1,0,1,0,1,0,1
200500013656,5,3,28,1800,1,1,8,6,4865700,106800,3,2,0,0,0,2,0,40,1,0,3,0,0,1,0,1,1
200500013657,5,3,14,1345,1,1,1,3,4860300,121900,3,2,2,0,1,1,0,76,1,0,1,0,1,0,0,1,1
200500013658,5,3,5,1430,2,1,4,6,4703700,150900,3,2,2,0,2,2,0,60,5,0,3,0,0,0,0,1,1
200500013664,5,3,20,1200,1,3,1,3,4659000,151000,3,2,0,0,2,1,90,0,1,0,1,0,1,0,1,0,1
200500013666,5,3,11,1600,1,1,1,6,4681100,130100,3,2,1,0,1,1,0,60,1,0,0,0,0,0,0,1,1
200500013667,5,3,12,1530,1,1,1,3,4689400,142600,3,2,2,0,2,1,0,58,1,0,1,0,1,0,0,1,1
200500013668,5,3,4,1500,1,1,1,1,4714900,149900,3,2,2,0,1,1,0,95,1,0,1,0,0,0,1,1,1
200500013669,5,3,18,1200,1,1,1,1,4707700,177200,3,2,2,0,1,1,0,0,1,0,1,0,1,0,0,1,1
200500013670,5,3,20,1645,1,1,1,7,4707900,181100,4,2,2,0,1,0,0,50,1,0,1,0,1,0,0,1,1
200500013671,5,3,22,1300,1,1,1,6,4711100,158200,3,2,2,0,1,1,0,74,1,0,3,0,0,0,0,1,1
200500013672,5,3,27,900,1,1,3,6,4718000,152400,3,2,2,0,1,1,0,53,2,0,1,0,0,0,0,1,1
200500013673,5,3,29,715,2,1,2,6,4714000,148500,3,0,2,0,2,1,0,59,2,0,3,0,1,0,0,1,1
200500013674,5,3,5,1830,1,1,4,1,4674100,102500,3,2,2,0,3,3,0,56,5,0,1,0,0,1,1,4,1
200500013675,5,3,5,1845,1,1,4,6,4674100,100700,3,2,2,0,4,1,0,56,7,0,3,0,1,0,0,1,1
200500013676,5,3,12,530,2,1,1,6,4674200,101900,3,2,0,0,0,1,0,66,1,0,3,0,0,0,2,2,1
200500013678,5,3,21,800,1,2,1,1,4664200,106300,3,2,2,0,2,1,0,60,1,0,1,0,1,0,1,0,1
200500013681,5,3,20,1300,1,1,1,3,4660400,186900,3,2,2,0,2,1,0,66,1,5,1,0,1,0,1,0,1
200500013686,5,3,5,2000,3,1,2,7,4750800,61300,3,2,2,0,1,1,0,50,2,0,3,0,0,0,0,1,1
200500013687,5,3,9,1445,1,1,1,7,4769200,62200,3,2,2,0,1,2,0,50,1,0,1,0,0,0,1,0,1
200500013689,5,3,19,2100,5,6,1,6,4717400,30600,3,2,0,0,0,1,0,50,1,0,1,0,1,0,0,1,1
200500013690,5,3,21,1745,1,1,2,6,4725800,31000,3,2,2,0,1,1,0,54,2,0,3,0,1,1,0,0,1
200500013691,5,3,27,2130,4,1,1,6,4735900,48300,2,2,2,0,1,3,0,62,1,0,3,0,1,0,1,0,1
200500013692,5,3,16,930,1,2,1,3,4716200,105900,3,2,2,0,0,1,0,67,1,0,0,0,0,0,0,2,1
200500013695,5,3,10,1830,1,1,1,2,4730400,72000,3,2,0,0,1,1,0,0,1,0,1,0,2,0,0,1,1
200500013696,5,3,23,800,1,2,1,3,4740900,120400,3,2,2,0,1,1,0,0,1,5,1,0,1,1,1,0,1
200500013700,5,3,4,1530,1,1,8,5,4772500,101900,2,2,2,0,1,1,0,80,1,0,1,0,3,0,2,0,1
200500013702,5,3,17,815,1,1,5,3,4776200,150400,3,2,0,0,1,3,0,63,2,0,1,0,1,0,0,1,1
200500013704,5,3,6,2030,5,2,1,3,4782000,-362600,4,2,0,0,1,1,0,71,1,0,1,0,1,0,1,1,1
200500013705,5,3,10,1315,1,1,1,7,4788700,-376000,4,2,0,0,1,0,0,46,1,0,3,0,0,0,1,0,1
200500013706,5,3,6,745,3,1,1,6,4803600,-394200,3,2,2,0,1,2,0,64,1,0,3,0,0,0,2,0,1
200500013707,5,3,6,1600,1,1,1,6,4798900,-374600,4,2,2,0,2,3,0,44,1,0,3,0,0,0,1,0,1
200500013709,5,3,18,1215,1,1,1,3,4915900,232800,9,2,2,0,0,3,0,0,1,0,0,0,1,0,0,1,1
200500013710,5,3,11,1415,3,1,1,6,4577100,130800,3,0,2,0,1,3,0,50,1,0,3,0,0,1,0,0,1
200500013711,5,3,2,1745,2,1,1,3,4870200,737300,4,2,2,0,1,4,0,50,1,0,1,0,1,0,0,1,1
200500013714,5,3,2,1600,1,1,1,5,4420000,32900,3,2,2,0,3,3,0,0,1,0,1,0,0,0,0,3,1
200500013715,5,3,11,1000,1,1,1,3,4414500,52200,3,2,2,0,2,1,0,71,1,0,1,0,0,0,2,0,1
200500013716,5,3,11,1030,1,1,1,3,4414100,33900,3,2,0,0,1,3,0,71,1,0,1,0,1,0,1,0,1
200500013717,5,3,25,1415,1,3,1,3,4411200,35400,3,2,0,0,1,0,0,80,1,0,1,0,1,0,0,1,1
200500013718,5,3,26,730,3,1,1,6,4404000,29000,3,2,0,0,1,2,0,46,1,0,0,0,0,1,0,0,1
200500013720,5,3,12,2045,5,1,1,6,4812400,-159700,4,2,0,0,0,0,0,0,0,0,0,0,0,0,0,1,1
200500013722,5,3,4,2230,3,1,8,6,4851000,190800,1,3,3,0,0,1,294,270,5,0,3,0,0,0,1,1,1
200500013724,5,3,27,1145,1,1,8,6,4862700,213300,1,3,4,0,4,3,24,340,1,0,1,0,1,0,0,3,1
200500013725,5,3,20,1430,1,1,1,6,4548400,477800,3,2,2,0,0,1,0,0,1,0,1,0,1,0,1,0,1
200500013726,5,3,26,1615,1,1,1,3,4556200,481100,2,2,2,0,1,1,0,0,1,0,1,0,1,0,0,1,1
200500013729,5,3,9,1430,1,1,1,3,4470600,-102400,4,2,0,0,1,1,0,39,1,0,1,0,1,0,0,1,1
200500013730,5,3,4,830,1,1,4,1,4911500,260300,3,2,2,0,2,3,0,60,7,0,1,0,1,0,0,2,1
200500013731,5,3,4,1930,3,1,4,3,4912300,256100,3,2,2,0,1,1,0,70,7,0,1,0,0,0,0,3,1
200500013732,5,3,23,1100,1,1,1,1,4909900,257500,3,2,2,0,2,3,0,60,1,0,1,0,1,0,0,1,1
200500013733,5,3,20,1915,2,1,1,3,4846500,251900,1,3,6,0,1,3,20,105,1,0,1,0,0,0,1,1,1
200500013734,5,3,28,1500,1,1,3,6,4829500,268100,1,3,6,0,1,1,30,270,4,0,2,0,2,0,1,0,1
200500013735,5,3,29,345,3,1,1,2,4844600,253400,1,1,3,0,1,1,35,105,1,0,2,0,1,0,0,1,1
200500013736,5,3,23,2315,5,1,1,6,5033700,292000,1,3,20,0,1,1,3,800,1,0,1,0,0,0,1,0,1
200500013750,5,3,19,830,1,1,1,7,4925200,231800,3,2,2,0,1,1,0,63,1,0,0,0,0,0,0,1,1
200500013754,5,3,4,415,3,1,1,4,4953500,272300,1,3,3,0,1,1,35,105,1,0,1,0,2,2,1,0,1
200500013755,5,3,6,730,1,1,4,6,4751500,473000,2,2,2,0,1,1,0,0,5,0,1,0,0,0,0,1,1
200500013756,5,3,12,1415,1,1,4,1,4739800,502800,3,2,0,0,1,0,0,560,2,5,5,0,1,0,1,0,1
200500013759,5,3,19,1400,1,1,7,6,4819300,-87200,3,2,2,0,1,2,0,60,1,0,3,0,0,0,1,0,1
200500013760,5,3,24,1530,1,1,1,1,4814500,-104100,3,2,2,0,1,1,0,57,1,0,1,0,0,1,0,1,1
200500013763,5,3,18,1845,1,1,1,3,4367000,141000,3,2,0,0,1,1,54,0,1,0,1,0,1,0,0,1,1
200500013771,5,3,26,600,3,1,1,6,4380100,438000,1,0,2,0,1,1,50,70,1,0,3,0,0,0,0,1,1
200500013776,5,3,17,345,5,9,1,6,4545600,697500,3,2,0,0,1,1,0,75,1,0,1,0,1,0,1,0,1
200500013777,5,3,5,1445,1,1,1,3,4354000,529300,3,2,0,0,1,1,0,40,1,0,1,3,0,0,0,2,1
200500013778,5,3,14,400,3,6,1,7,4885100,806700,3,1,0,0,1,2,270,0,1,5,1,0,0,0,1,0,1
200500013779,5,3,29,1300,1,1,1,3,4873400,790900,4,2,2,0,1,1,0,78,1,0,1,0,1,0,0,1,1
200500013784,5,3,19,1615,1,1,1,1,4746000,152700,3,2,2,0,2,1,0,71,1,5,1,0,0,0,3,1,1
200500013785,5,3,19,1630,1,1,1,3,4735300,148600,4,2,0,0,1,0,0,0,1,0,0,0,1,0,1,0,1
200500013793,5,3,16,1115,1,1,1,2,4527400,320400,1,3,2,3,2,1,0,110,1,0,1,0,1,1,0,0,1
200500013794,5,3,22,845,1,1,1,1,4355200,150300,3,1,3,0,1,1,0,85,1,0,1,0,0,0,0,2,1
200500013795,5,3,21,145,3,1,1,6,4570800,315000,1,3,2,0,1,1,30,100,1,0,3,0,0,0,1,0,1
200500013796,5,3,15,30,3,1,1,2,4347900,-145800,1,3,4,0,0,3,15,72,1,0,1,0,1,1,1,0,1
200500013799,5,3,23,1515,1,1,1,3,4518500,569400,3,3,0,0,0,1,50,150,1,0,0,0,1,0,0,1,1
200500013800,5,3,13,1700,1,1,1,6,4903700,445700,1,3,0,0,1,1,10,70,1,0,3,0,0,0,1,0,1
200500013805,5,3,26,645,2,1,1,2,4737300,71500,1,3,3,0,1,1,15,210,1,0,1,0,1,0,0,1,1
200500013812,5,3,10,500,3,1,1,4,5035500,278800,1,3,2,0,2,1,30,110,2,0,1,0,1,0,0,3,1
200500013813,5,3,26,730,1,1,5,5,5054700,250700,1,3,2,0,0,1,30,110,2,0,1,0,3,0,1,1,1
200500013814,5,3,23,545,2,1,5,5,4535900,596700,1,1,2,0,0,1,0,35,2,0,1,0,2,0,1,1,1
200500013820,5,3,15,1745,1,1,1,6,4333100,-33400,1,3,0,0,0,1,30,70,1,0,2,0,0,0,0,1,1
200500013821,5,3,1,1530,1,1,1,2,4868900,248800,2,2,4,0,1,1,0,0,1,5,1,0,1,0,0,1,1
200500013824,5,3,27,1015,1,1,8,1,4862000,250000,2,2,2,0,0,1,0,0,2,3,1,0,0,0,0,2,1
200500013825,5,3,20,415,3,1,1,3,4448600,-83200,1,3,0,0,1,1,300,70,1,0,1,0,1,0,1,0,1
200500013826,5,3,25,2200,3,1,1,6,4461500,-102000,1,3,2,0,1,1,10,72,2,0,1,0,0,0,0,1,1
200500013835,5,3,30,615,3,1,3,3,4396400,132800,1,1,2,0,1,1,20,70,2,0,1,0,1,0,1,0,1
200500013844,5,3,15,1600,1,1,1,1,4468600,-72300,2,2,2,0,1,1,0,62,1,0,1,0,0,2,0,0,1
200500013846,5,3,21,400,3,1,8,2,4512100,-48600,1,3,2,0,1,1,10,70,2,0,1,0,2,0,0,3,1
200500013847,5,3,4,815,1,1,1,6,4852600,-284600,3,2,2,0,2,1,0,60,1,0,1,0,1,1,0,0,1
200500013851,5,3,20,1945,3,1,1,3,4586800,513700,1,3,0,0,1,1,52,70,1,0,1,0,1,0,1,0,1
200500013852,5,3,25,730,2,1,5,2,4567700,505300,1,1,0,0,1,1,10,140,2,7,1,0,3,0,0,1,1
200500013853,5,3,27,800,2,1,1,6,4582600,499800,1,0,0,0,1,1,25,70,1,0,1,0,0,0,0,2,1
200500013854,5,3,4,2130,5,1,1,1,4551500,426800,3,2,2,0,1,3,0,0,1,0,1,0,2,0,1,0,1
200500013855,5,3,18,1545,1,1,1,1,4548100,426400,3,2,2,0,2,1,0,43,1,0,1,0,2,0,0,1,1
200500013857,5,3,25,830,1,1,1,1,4917100,419500,2,2,0,0,1,1,0,77,1,0,1,0,1,0,1,0,1
200500013859,5,3,18,2100,3,1,1,2,4797000,548000,1,3,2,0,2,1,0,0,1,0,1,0,1,0,1,2,1
200500013860,5,3,13,1830,2,1,1,3,4846800,-274300,9,2,2,0,2,2,0,31,1,0,1,0,1,0,1,0,1
200500013861,5,3,26,1845,1,1,2,6,4848800,-282000,4,2,0,0,1,3,0,73,2,0,1,0,0,0,1,0,1
200500013862,5,3,5,1945,5,3,2,5,4354900,134700,4,2,2,1,1,1,0,53,2,0,1,0,1,0,0,2,1
200500013863,5,3,11,1800,1,1,1,3,4354600,133500,3,2,2,0,1,1,0,53,1,0,1,0,1,0,0,1,1
200500013869,5,3,1,1830,2,1,1,1,4540100,478100,3,0,2,0,1,1,0,102,1,5,1,0,1,0,0,1,1
200500013870,5,3,9,700,1,1,1,3,4541800,478000,3,2,2,0,1,1,0,90,1,0,1,0,1,0,0,1,1
200500013875,5,3,24,1145,1,1,1,6,4992000,323600,1,3,2,0,2,1,15,70,1,0,1,0,0,0,0,2,1
200500013877,5,3,17,2015,2,1,1,1,4885900,202500,3,2,1,0,1,1,0,0,1,0,1,0,1,0,0,2,1
200500013878,5,3,10,900,1,9,1,2,4355000,518000,2,2,2,0,2,1,36,41,1,5,1,0,2,0,1,0,1
200500013879,5,3,10,1600,1,1,1,4,4907500,232600,2,3,2,0,2,1,10,140,1,0,1,0,2,0,1,0,1
200500013880,5,3,25,800,1,1,5,7,4971800,140100,1,3,2,0,1,1,20,105,1,0,3,0,1,0,1,0,1
200500013881,5,3,28,530,3,1,5,6,4987600,156300,1,3,2,0,2,1,25,98,1,0,3,0,0,0,0,1,1
200500013883,5,3,4,900,1,1,1,5,4765000,-271000,3,2,2,3,3,1,0,95,1,0,1,0,3,0,1,0,1
200500013892,5,3,10,900,1,6,1,3,4849700,-276200,3,1,0,0,1,3,0,90,1,0,1,0,2,0,0,1,1
200500013893,5,3,20,600,3,1,1,6,4848500,-267900,2,3,2,0,1,1,0,42,1,3,1,0,4,0,1,0,1
200500013897,5,3,17,1315,1,1,1,6,4933100,-56500,3,2,0,0,1,1,0,60,1,0,4,0,0,0,0,1,1
200500013898,5,3,9,615,2,1,1,1,4358800,514000,2,2,4,0,0,1,0,140,1,0,1,0,0,0,1,1,1
200500013899,5,3,10,1045,1,1,1,3,4363800,515900,3,2,0,0,2,1,0,55,1,0,0,0,1,0,1,0,1
200500013900,5,3,19,1100,1,1,1,6,4625700,308200,6,0,1,0,1,3,0,50,1,0,3,0,0,0,2,6,1
200500013903,5,3,13,1815,1,1,1,1,4401800,-102200,2,3,2,0,1,1,100,70,1,0,1,0,1,0,0,2,1
200500013904,5,3,27,530,3,1,1,7,4377200,-121800,2,3,0,0,1,3,100,100,1,0,3,0,1,0,1,2,1
200500013905,5,3,1,1500,1,1,1,1,4853600,758400,3,2,0,0,1,1,0,0,1,0,1,0,1,1,0,0,1
200500013906,5,3,24,1630,1,1,2,2,4853700,769200,3,2,2,0,1,2,0,74,2,0,1,0,1,0,0,2,1
200500013907,5,3,26,1100,1,1,2,4,4864500,772700,3,2,2,0,1,1,0,80,2,0,1,0,2,0,0,1,1
200500013909,5,3,4,715,2,1,8,1,4368300,703200,3,2,2,0,1,3,0,52,7,0,1,0,1,0,0,14,1
200500013911,5,3,28,15,3,1,1,2,4327700,-19100,1,1,0,0,2,1,40,190,2,0,1,0,2,0,0,1,1
200500013916,5,3,9,1745,1,1,1,2,4636200,279500,1,0,0,0,2,1,15,70,1,0,3,0,1,0,0,3,1
200500013917,5,3,26,1530,1,1,1,7,4652800,257100,1,3,0,0,1,1,15,90,1,0,3,0,3,0,0,1,1
200500013918,5,3,3,1815,2,1,4,7,4670100,246200,1,1,2,3,1,1,10,70,2,0,2,0,1,0,0,1,1
200500013919,5,3,28,1415,1,1,1,6,4704700,233900,1,3,2,0,0,2,0,40,1,3,3,0,0,0,0,2,1
200500013920,5,3,14,415,3,1,1,1,4768600,518100,1,3,0,0,1,1,8,70,1,0,1,0,2,0,0,1,1
200500013921,5,3,26,1300,1,1,1,3,4725000,509800,1,3,2,0,1,1,23,70,1,0,1,0,4,1,1,0,1