Num_Acc,an,mois,jour,hrmn,lum,int,atm,col,lat,long,catr,circ,nbv,vosp,prof,plan,lartpc,larrout,surf,infra,situ,env1,unscathed,killed,hospital,light,chance
200500013927,5,3,17,900,1,1,1,7,4514300,533400,1,1,2,0,1,1,14,70,1,0,3,0,0,0,1,0,1
200500013932,5,3,30,1915,1,1,1,7,4858600,273800,1,1,3,0,1,1,30,135,1,0,3,0,0,0,1,0,1
200500013934,5,3,18,1800,1,1,1,1,4360300,534500,4,2,2,0,1,3,0,60,1,0,3,0,1,0,1,0,1
200500013935,5,3,22,1545,1,1,2,7,4615000,637000,3,2,2,0,1,3,0,68,2,0,3,0,0,1,0,0,1
200500013936,5,3,24,1215,1,1,9,5,4613000,638000,3,2,2,0,2,3,0,0,9,0,1,0,1,0,1,1,1
200500013937,5,3,31,2230,5,1,1,6,4614000,645000,3,2,2,0,0,1,0,68,1,0,1,0,1,0,1,0,1
200500013942,5,3,29,1600,1,1,3,6,4639200,145200,1,3,4,0,1,1,13,140,3,0,3,0,1,0,2,0,1
200500013944,5,3,18,1630,1,1,1,1,4874000,201000,3,2,0,0,4,3,0,70,1,0,1,0,1,0,0,1,1
200500013949,5,3,6,1645,1,1,1,1,4382000,149000,3,2,2,0,1,2,0,57,1,0,1,0,0,0,3,1,1
200500013952,5,3,7,1700,1,1,1,6,5006300,137200,3,1,1,0,2,1,0,0,1,0,1,0,1,0,1,0,1
200500013954,5,3,16,1615,1,1,1,3,4368200,136500,3,2,2,0,1,1,0,63,1,0,1,0,0,0,1,1,1
200500018265,5,3,17,1700,1,1,1,5,4386100,723200,3,2,0,0,1,1,0,0,1,0,1,0,4,0,1,0,1
200500022730,5,4,1,1630,1,1,1,1,5052200,290000,4,2,2,0,1,1,0,49,1,0,1,3,0,0,2,0,1
200500022731,5,4,2,2230,5,1,1,3,5051800,291500,4,2,0,0,1,0,0,60,1,0,1,0,2,0,0,2,1
200500022732,5,4,14,1245,1,1,8,6,5047000,314000,3,2,2,0,1,2,0,65,1,0,0,0,0,0,1,0,1
200500022733,5,4,19,1830,1,1,1,1,5049800,304700,3,2,2,0,1,1,0,54,1,0,1,0,1,0,1,0,1
200500022734,5,4,3,1715,1,1,1,2,5094700,238100,3,2,0,0,1,1,0,60,1,0,1,0,0,0,2,1,1
200500022736,5,4,1,700,2,1,5,6,5087900,253300,3,2,2,0,1,1,0,60,2,0,3,0,0,0,0,1,1
200500022739,5,4,9,2345,5,1,1,7,5064600,272300,3,2,2,0,2,3,0,60,1,2,1,0,0,0,0,1,1
200500022740,5,4,2,1800,1,1,1,6,5083300,235900,3,2,2,0,1,1,0,55,2,0,3,0,0,0,0,3,1
200500022741,5,4,13,1345,1,1,2,6,5082400,247300,3,2,2,0,0,2,0,75,2,0,1,0,0,0,1,0,1
200500022742,5,4,14,1315,1,1,1,6,5079500,250200,4,2,2,0,2,2,60,0,1,0,3,0,0,0,0,1,1
200500022743,5,4,5,1245,1,1,1,5,5058900,314100,3,2,0,0,2,2,0,80,1,0,1,0,1,1,1,1,1
200500022744,5,4,6,1830,1,1,2,1,5053500,321900,3,2,2,0,1,1,0,58,2,0,1,0,1,0,0,1,1
200500022745,5,4,7,845,1,1,1,1,5011600,395800,4,2,2,0,4,3,0,68,1,0,1,0,0,0,0,2,1
200500022750,5,4,27,1915,1,1,7,1,5019200,401600,4,2,2,0,3,3,0,41,1,0,1,0,1,0,1,0,1
200500022751,5,4,15,1730,1,1,1,1,5029500,275600,9,2,0,1,1,1,0,0,1,0,1,0,1,0,0,1,1
200500022752,5,4,1,545,3,1,5,6,5012000,293000,2,2,2,0,1,1,0,75,2,0,4,0,0,0,1,1,1
200500022753,5,4,18,1800,1,1,1,7,5039400,274500,9,2,2,0,2,1,0,0,1,0,1,0,1,0,1,0,1
200500022755,5,4,11,1945,1,1,1,3,5062400,277500,3,2,2,0,1,3,0,65,1,0,4,0,1,0,1,0,1
200500022756,5,4,17,1445,1,1,1,6,5057100,278500,3,2,2,0,1,1,0,0,1,0,1,0,0,0,0,1,1
200500022759,5,4,5,2300,3,1,8,1,5084400,168500,3,2,2,0,0,1,0,58,1,0,1,0,1,0,0,1,1
200500022760,5,4,25,1315,1,1,1,1,5067100,160100,4,2,0,0,1,3,0,58,1,0,1,0,1,0,1,0,1
200500022761,5,4,10,945,1,1,1,1,5091200,193700,2,2,2,0,1,1,0,70,1,0,1,0,1,0,2,0,1
200500022762,5,4,23,845,1,1,1,1,5079200,194600,3,2,2,0,1,1,0,56,1,0,1,0,1,0,0,1,1
200500022765,5,4,3,1400,1,1,1,1,5066600,232800,4,2,0,0,1,1,0,52,0,0,0,0,1,0,0,1,1
200500022766,5,4,30,330,3,1,1,6,5064600,241600,4,2,2,0,0,2,0,60,1,0,1,0,0,0,0,1,1
200500022767,5,4,17,1100,1,1,1,3,5085800,198600,2,0,2,0,1,1,77,70,1,5,1,0,1,0,0,1,1
200500022768,5,4,18,1215,1,1,1,5,5080900,210600,2,2,0,0,3,1,0,71,1,0,1,0,0,3,2,3,1
200500022770,5,4,1,845,1,2,5,4,5039000,225300,2,2,0,0,1,1,0,0,1,0,1,0,6,0,1,5,1
200500022771,5,4,2,1745,1,2,1,3,5042200,236900,3,2,2,0,1,1,0,69,1,0,1,0,0,0,2,1,1
200500022772,5,4,9,1215,1,1,1,1,5041200,243700,3,2,2,0,1,1,0,66,1,0,1,0,1,0,1,1,1
200500022774,5,4,22,830,1,1,1,1,5042300,236900,3,2,2,0,0,2,0,66,1,0,1,0,2,0,0,1,1
200500022777,5,4,30,1945,1,1,1,7,5028200,229300,3,2,2,0,2,2,0,56,1,0,1,0,0,0,0,2,1
200500022778,5,4,3,2030,5,1,1,6,5050000,233000,3,2,2,0,0,2,0,60,1,0,3,0,0,0,0,1,1
200500022784,5,4,2,1645,1,1,1,6,5007700,144700,4,2,2,0,1,1,0,60,1,0,1,0,0,0,1,0,1
200500022785,5,4,10,2115,3,1,1,3,5007800,152800,3,2,2,0,1,1,0,75,1,0,1,0,3,0,0,3,1
200500022787,5,4,20,1130,1,9,8,1,5009700,155800,3,2,0,0,1,1,0,81,1,0,1,0,1,0,0,1,1
200500022788,5,4,23,1600,1,1,1,1,5007900,160000,3,2,0,0,0,3,0,72,1,0,1,0,3,0,1,0,1
200500022790,5,4,13,1215,1,1,2,3,5017600,187700,4,2,0,0,1,1,0,51,2,0,1,0,2,0,0,1,1
200500022791,5,4,17,1830,1,1,1,6,5027600,166700,3,2,0,0,1,2,0,0,1,0,1,0,1,0,1,0,1
200500022792,5,4,22,1200,1,1,1,7,5020100,192200,3,2,0,0,1,1,0,50,1,0,3,0,0,0,1,0,1
200500022795,5,4,24,1615,1,1,3,6,4980800,252400,3,1,2,0,1,1,0,74,2,0,3,0,0,0,1,0,1
200500022800,5,4,6,1930,1,1,1,6,5000700,264900,4,2,0,0,1,3,0,0,1,0,1,0,0,0,0,1,1
200500022801,5,4,11,1000,1,1,1,3,4998900,267300,3,2,0,0,4,1,0,61,1,0,1,0,1,0,1,0,1
200500022806,5,4,5,1000,1,1,1,2,4969700,371200,2,2,2,0,1,1,0,74,1,0,1,0,1,0,0,1,1
200500022816,5,4,23,1245,1,1,2,1,4944000,367500,3,2,2,0,2,3,0,60,2,0,1,0,1,1,0,0,1
200500022817,5,4,5,1730,1,1,1,1,4986700,325300,4,2,0,0,1,1,0,48,1,0,1,0,0,0,0,2,1
200500022818,5,4,24,345,3,1,1,3,4987000,326000,3,2,2,0,1,1,0,61,1,0,1,0,1,0,1,0,1
200500022819,5,4,12,1500,1,1,1,6,4999000,345600,4,1,2,0,1,2,0,0,1,5,1,0,1,0,0,1,1
200500022820,5,4,13,2115,3,1,2,1,5000000,347500,3,2,2,0,3,1,0,59,2,0,1,0,3,0,0,1,1
200500022822,5,4,28,1700,1,1,1,6,4995200,344600,3,2,2,0,0,2,0,0,1,0,3,0,1,0,0,1,1
200500022825,5,4,23,1215,1,1,8,6,4926000,309000,2,2,2,0,1,3,16,92,2,0,2,0,0,0,1,0,1
200500022827,5,4,28,1200,1,1,1,3,4925700,309100,9,1,0,0,0,1,0,0,1,5,1,0,1,0,0,1,1
200500022828,5,4,29,1300,1,1,1,6,4925800,310300,3,2,1,0,0,1,0,61,1,0,3,0,0,0,1,0,1
200500022830,5,4,13,1815,1,1,1,2,4998100,391700,2,2,2,0,1,1,0,83,1,0,1,0,1,0,1,0,1
200500022834,5,4,10,2245,5,1,1,1,4990800,405300,3,2,0,0,1,1,10,70,1,1,1,0,0,0,1,1,1
200500022835,5,4,11,1100,1,1,1,5,4989100,402400,3,2,2,0,1,1,0,85,1,0,1,0,2,0,1,0,1
200500022838,5,4,19,1715,1,1,1,2,4935400,177500,3,2,2,0,2,1,0,69,1,0,1,0,1,0,0,1,1
200500022840,5,4,13,45,3,1,1,6,4923800,196600,3,2,2,0,1,1,0,70,1,0,3,0,0,0,0,1,1
200500022841,5,4,14,1115,1,1,1,3,4932400,185900,3,0,0,0,0,0,0,0,1,5,1,0,0,0,0,2,1
200500022842,5,4,1,930,1,1,5,7,4955600,194100,3,2,2,0,1,1,0,60,1,0,1,0,0,0,1,0,1
200500022843,5,4,2,1015,1,1,1,2,4975200,181500,3,2,0,0,1,1,0,65,1,5,1,0,1,0,0,1,1
200500022844,5,4,22,1845,1,1,1,6,4969000,185400,4,2,2,0,1,0,42,42,1,0,1,0,2,0,0,1,1
200500022847,5,4,28,1330,1,1,1,1,4926600,216000,4,2,2,0,1,1,0,0,1,0,1,0,1,0,1,0,1
200500022853,5,4,9,1900,1,3,1,3,4962100,222700,3,2,2,0,1,1,0,107,1,5,1,0,1,0,1,1,1
200500022854,5,4,17,1200,1,1,1,6,4968400,225000,2,2,2,0,2,3,0,0,1,0,1,0,0,0,0,1,1
200500022859,5,4,1,1215,1,1,1,6,4932100,232300,3,1,1,0,1,1,0,0,1,0,1,0,1,0,0,1,1
200500022860,5,4,7,1600,1,1,1,1,4931600,233000,4,2,0,0,1,1,0,70,9,0,1,0,1,0,1,0,1
200500022861,5,4,1,800,1,1,5,3,4950700,236900,3,2,0,0,3,2,0,60,9,0,1,0,0,0,1,2,1
200500022862,5,4,17,1400,1,1,1,1,4956300,258800,9,0,2,0,1,1,50,0,1,0,1,0,1,0,0,1,1
200500022863,5,4,28,1030,1,1,1,3,4955700,251600,3,2,2,0,1,1,0,61,1,0,1,0,1,0,0,1,1
200500022864,5,4,29,30,3,1,1,7,4946300,256600,4,0,0,0,0,0,0,0,0,0,0,0,0,0,0,1,1
200500022869,5,4,30,2330,5,1,1,6,4950900,290500,4,2,0,0,1,1,0,0,1,0,1,0,1,0,1,0,1
200500022871,5,4,24,545,5,1,8,1,4944100,271300,3,2,2,0,1,2,0,60,1,0,1,0,0,0,1,1,1
200500022873,5,4,2,1045,1,1,1,3,4941600,614500,3,2,0,0,1,1,0,70,1,0,1,0,1,0,0,1,1
200500022880,5,4,2,1745,1,1,1,3,4918700,245800,2,2,2,0,2,1,0,90,1,0,1,0,4,0,1,1,1
200500022884,5,4,26,1215,1,1,1,1,4928100,285600,4,2,2,0,2,4,0,55,1,0,1,0,1,0,0,1,1
200500022885,5,4,6,530,3,2,1,3,4994100,117000,3,2,3,0,1,1,0,136,1,0,1,0,0,0,1,3,1
200500022886,5,4,18,700,2,1,2,2,4978400,102800,3,2,2,0,1,1,0,60,2,0,1,0,1,0,0,1,1
200500022887,5,4,20,1800,1,1,1,2,4977900,105000,3,2,0,0,1,1,0,61,1,0,1,0,2,0,1,0,1
200500022888,5,4,5,1030,1,1,1,6,4969700,106000,3,2,2,0,1,1,0,60,1,0,3,0,0,0,0,1,1
200500022890,5,4,24,130,5,1,1,7,4940000,118500,2,2,1,0,1,1,100,70,1,0,1,0,0,0,0,1,1
200500022892,5,4,16,1600,1,1,1,6,4939400,89500,9,2,2,0,1,2,0,30,1,0,3,0,0,0,1,0,1
200500022893,5,4,21,1100,1,1,1,1,4951100,88100,3,2,2,0,1,2,0,52,1,0,1,0,1,1,0,0,1
200500022896,5,4,15,815,1,1,1,3,4956500,58300,3,2,0,0,1,1,0,60,0,0,1,0,1,0,0,1,1
200500022897,5,4,24,630,1,1,1,6,4951000,50300,3,2,0,0,1,1,0,62,1,0,3,0,0,0,1,0,1
200500022898,5,4,27,1445,1,6,1,3,4953500,59200,3,2,0,0,1,1,0,60,1,5,1,0,1,0,0,1,1
200500022899,5,4,5,1815,1,1,1,3,4975800,154800,2,2,0,0,2,3,0,74,1,0,1,0,1,1,0,0,1
200500022901,5,4,16,215,3,1,5,7,4946900,172500,3,2,0,0,1,1,0,72,1,0,3,0,0,0,0,1,1
200500022902,5,4,27,1045,1,1,1,6,4962100,75800,4,1,0,0,1,1,70,0,1,0,1,0,1,0,0,1,1
200500022903,5,4,9,1600,1,1,9,6,4957900,82200,3,2,2,0,1,2,0,60,1,0,3,0,0,0,0,1,1
200500022905,5,4,21,1730,1,1,1,3,4955100,95300,3,2,2,0,1,1,0,70,1,0,1,3,1,0,1,0,1
200500022906,5,4,1,1615,2,1,1,7,4974700,64400,3,2,2,0,1,1,0,62,1,0,3,0,0,0,1,0,1
200500022907,5,4,16,2030,2,1,1,6,4981600,69800,3,2,1,0,1,1,0,35,1,0,1,0,1,0,1,0,1
200500022910,5,4,4,2115,3,1,2,7,4962700,85200,3,2,2,0,0,3,0,65,2,0,3,0,0,1,0,0,1
200500022911,5,4,12,1345,1,1,1,6,4971600,62200,3,0,2,0,1,0,0,37,1,0,1,0,1,0,0,1,1
200500022912,5,4,8,1345,1,1,1,7,4901300,97600,3,2,2,0,1,3,0,52,1,0,1,0,0,0,0,1,1
200500022913,5,4,9,1245,1,1,1,3,4901900,119500,2,2,5,0,1,1,0,60,1,0,1,0,3,0,0,1,1
200500022914,5,4,12,1800,1,1,1,6,4896600,94200,4,2,0,0,1,0,0,71,1,0,1,0,1,0,0,1,1
200500022915,5,4,16,630,2,1,1,7,4900300,118200,2,3,2,0,1,3,11,74,1,0,3,0,0,0,1,2,1
200500022917,5,4,25,945,1,2,1,3,4895700,95100,3,2,2,0,1,1,0,54,1,5,1,0,2,0,0,1,1
200500022920,5,4,19,1715,1,1,7,7,4891200,128800,3,2,0,0,1,1,0,75,1,0,3,0,0,0,1,0,1
200500022921,5,4,26,1515,1,2,8,1,4883700,102300,3,0,2,0,1,1,0,62,1,0,3,0,1,0,1,1,1
200500022922,5,4,28,1630,1,1,1,3,4880000,128100,3,2,2,0,1,1,0,71,1,0,1,0,1,0,0,1,1
200500022926,5,4,16,1700,1,1,1,6,4892000,145300,9,0,0,0,0,1,0,20,2,0,0,0,0,0,0,1,1
200500022928,5,4,18,1945,1,1,1,6,4922600,129300,3,2,2,0,1,4,0,0,1,0,1,0,1,0,0,1,1
200500022932,5,4,6,700,1,1,1,1,4932100,141800,2,0,0,0,1,1,0,84,1,0,1,0,1,0,0,1,1
200500022933,5,4,17,1230,1,1,1,2,4945300,137700,2,2,2,0,1,1,0,80,1,0,1,0,1,0,0,2,1
200500022934,5,4,7,1145,1,1,1,6,4922300,162700,2,2,0,0,1,1,0,0,1,0,1,0,0,1,0,0,1
200500022936,5,4,15,1830,1,1,1,6,4922100,164400,4,2,2,0,0,1,0,80,0,0,1,0,0,0,0,1,1
200500022937,5,4,1,1700,1,1,1,3,4908200,55100,3,2,2,0,1,1,0,78,1,0,1,0,1,0,0,1,1
200500022938,5,4,6,1700,1,1,1,3,4910900,58000,2,0,2,0,1,3,0,74,1,0,1,0,0,2,0,0,1
200500022941,5,4,14,1000,1,2,8,3,4904300,66300,3,2,2,0,1,1,0,54,2,5,1,0,1,0,0,1,1
200500022944,5,4,24,330,5,1,1,7,4918000,72000,3,2,0,0,1,2,0,50,1,0,3,0,2,0,0,2,1
200500022945,5,4,2,1600,1,1,1,3,4927700,121200,3,2,0,0,1,1,0,58,1,0,1,0,1,0,1,0,1
200500022946,5,4,30,1830,1,1,1,6,4915000,89000,3,2,2,0,1,1,0,83,1,0,1,0,1,0,1,0,1
200500022950,5,4,5,830,1,1,1,5,4936300,71500,2,2,2,0,1,1,0,64,1,0,1,0,3,0,0,2,1
200500022951,5,4,11,1630,1,1,1,2,4928900,67800,3,2,0,0,3,1,0,78,1,0,1,0,3,0,1,0,1
200500022953,5,4,7,845,1,3,8,2,4834800,-161300,3,2,1,0,1,1,0,38,2,0,1,0,2,0,0,1,1
200500022954,5,4,10,1745,1,1,1,1,4835800,-174500,3,2,0,0,1,4,0,57,1,0,1,0,2,0,0,1,1
200500022964,5,4,21,2315,3,1,8,7,4845900,-151800,4,2,2,0,1,1,0,43,2,0,3,0,0,0,1,0,1
200500022966,5,4,5,1900,1,1,1,3,4784900,-169300,4,0,0,0,2,3,0,50,1,0,1,0,1,0,0,1,1
200500022973,5,4,28,1630,1,1,1,1,4841400,-174900,3,2,2,0,3,0,60,0,1,0,1,0,2,0,0,1,1
200500022974,5,4,12,1245,1,1,1,1,4858400,-206100,4,2,0,0,1,1,0,48,1,5,1,0,1,0,0,1,1
200500022975,5,4,12,1345,1,1,1,1,4812800,-121100,9,2,2,0,0,1,0,70,1,0,1,0,1,0,0,1,1
200500022982,5,4,24,1400,1,1,1,3,4873700,-302900,3,2,3,0,0,1,0,110,1,0,1,0,4,0,1,0,1
200500022983,5,4,29,700,2,1,1,6,4853000,-258500,3,2,2,0,1,1,0,60,1,0,3,0,0,0,1,0,1
200500022984,5,4,29,1615,1,1,1,5,4853600,-253100,3,2,2,0,1,3,0,60,1,0,1,0,0,0,1,2,1
200500022985,5,4,15,30,3,9,8,6,4854000,-200000,3,2,2,0,2,3,0,45,2,0,1,0,0,0,1,0,1
200500022990,5,4,11,1645,1,1,1,2,4854000,-221000,3,2,0,0,2,1,0,62,1,0,1,0,2,0,1,0,1
200500022994,5,4,15,1445,1,1,4,6,4818700,-257800,4,2,1,0,1,1,0,50,5,0,3,0,0,1,0,0,1
200500022995,5,4,2,1430,1,1,1,4,4854600,-307600,2,1,2,0,0,0,0,72,1,0,1,0,0,2,0,1,1
200500022997,5,4,19,1745,1,1,8,6,4877300,-356000,3,2,0,0,2,1,0,65,1,0,1,0,1,0,1,0,1
200500022998,5,4,24,830,2,1,8,6,4868500,-363200,3,2,2,0,3,3,0,68,2,0,0,0,0,1,0,0,1
200500022999,5,4,18,1600,1,2,3,1,4879000,-349400,3,2,2,0,1,1,0,65,2,0,1,0,1,0,1,0,1
200500023001,5,4,16,2245,3,1,1,3,4792800,-407300,3,2,2,3,2,1,0,105,1,0,1,0,1,0,0,1,1
200500023002,5,4,2,1,5,6,1,7,4781700,-433600,3,2,1,0,1,2,0,45,1,5,1,0,0,0,0,1,1
200500023003,5,4,22,1900,1,1,8,3,4843700,-446700,3,3,0,0,1,1,5,191,2,3,1,0,0,0,3,2,1
200500023005,5,4,1,2145,5,1,1,3,4845600,-424800,3,2,0,0,1,1,0,0,1,0,1,0,1,0,1,0,1
200500023009,5,4,24,430,3,1,2,6,4852800,-466100,3,2,2,0,1,1,0,0,2,0,1,0,0,0,1,0,1
200500023010,5,4,20,915,1,1,1,2,4820500,-408300,3,2,0,0,1,1,0,0,1,0,1,0,1,0,0,1,1
200500023011,5,4,16,615,3,1,8,6,4824400,-359900,3,2,0,0,0,1,0,75,1,0,1,0,1,0,0,1,1
200500023013,5,4,26,1630,1,1,8,1,4832500,-362000,3,2,0,0,2,1,0,71,2,0,1,0,0,0,1,1,1
200500023014,5,4,8,1645,1,1,1,2,4810300,-400000,4,2,2,0,1,1,0,78,1,0,1,3,1,0,1,0,1
200500023017,5,4,25,1100,1,1,1,4,4826000,-438000,3,2,0,0,1,1,0,65,1,0,1,0,4,0,0,2,1
200500023019,5,4,7,1030,1,1,1,2,4867300,-405100,3,2,0,0,4,1,0,70,1,0,1,0,0,0,1,1,1
200500023020,5,4,20,1545,1,1,1,1,4866300,-413300,3,2,0,0,1,1,0,0,1,0,1,0,1,1,0,0,1
200500023021,5,4,3,1915,1,1,1,3,4754800,-213500,3,2,2,0,1,1,45,90,1,5,1,0,1,0,1,0,1
200500023023,5,4,23,1830,1,1,1,6,4756500,-222100,3,2,2,0,1,1,0,58,2,0,3,0,0,1,0,0,1
200500023025,5,4,27,1030,1,3,1,3,4753000,-230800,3,2,2,0,1,1,0,75,1,0,1,0,2,1,0,0,1
200500023026,5,4,4,745,1,1,1,6,4780400,-233300,3,2,2,0,1,1,0,58,1,0,1,0,1,0,0,1,1
200500023027,5,4,18,1430,1,1,1,3,4763500,-255900,3,2,2,0,1,1,0,58,1,5,1,0,1,0,0,2,1
200500023029,5,4,30,1515,1,1,1,6,4767300,-298800,4,1,1,0,1,1,0,40,1,0,0,0,1,0,1,0,1
200500023030,5,4,28,530,3,1,1,2,4761000,-306000,3,2,0,0,2,1,0,60,1,0,1,0,1,0,1,0,1
200500023032,5,4,5,1000,1,1,1,1,4807800,-227100,4,0,2,0,1,2,0,42,1,0,1,0,1,0,1,0,1
200500023033,5,4,2,2230,3,1,1,3,4798100,-237700,3,2,2,0,1,1,45,85,1,5,1,0,0,0,0,4,1
200500023034,5,4,19,1045,1,1,8,7,4780500,-224100,3,2,2,0,1,0,0,61,1,0,3,0,1,2,2,0,1
200500023035,5,4,22,1345,1,3,2,3,4798300,-267200,3,2,2,0,3,3,0,68,2,5,1,0,1,1,0,0,1
200500023036,5,4,12,800,1,1,7,6,4807000,-297000,3,2,2,0,2,1,0,80,1,0,1,0,1,0,1,0,1
200500023037,5,4,14,1300,1,1,1,6,4795600,-291100,4,0,1,0,1,3,0,0,6,0,1,0,0,0,0,1,1
200500023038,5,4,20,200,3,1,1,1,4796000,-339400,3,2,2,0,1,1,0,73,2,0,1,0,1,0,1,0,1
200500023039,5,4,9,500,3,1,1,6,4904100,-33100,3,2,2,0,1,1,54,0,1,0,0,0,1,0,1,0,1
200500023042,5,4,24,1200,1,1,2,6,4897200,-24100,3,2,2,0,1,1,0,63,2,0,1,3,0,0,0,1,1
200500023045,5,4,1,1430,1,1,1,3,4912700,-62900,3,2,2,0,1,3,0,70,1,0,1,0,0,0,2,1,1
200500023048,5,4,7,1115,1,6,1,6,4918000,-18000,3,2,0,0,1,1,0,70,1,0,1,0,1,1,0,0,1
200500023053,5,4,3,1600,1,1,1,1,4918800,-84800,3,2,0,0,4,1,0,68,1,5,1,0,1,1,0,0,1
200500023054,5,4,2,1545,1,1,1,1,4889000,-21000,2,2,2,0,0,2,0,67,1,0,1,0,2,0,1,0,1
200500023056,5,4,16,1500,1,1,1,1,4897000,-12200,3,2,0,0,1,4,0,51,1,0,1,0,3,0,0,1,1
200500023057,5,4,20,1100,1,1,1,1,4889500,-21800,2,2,0,0,1,2,0,94,1,0,1,0,2,0,0,1,1
200500023058,5,4,11,1830,1,1,1,6,4902400,5300,3,2,2,0,4,2,0,70,1,0,3,0,0,1,0,0,1
200500023059,5,4,29,1800,1,1,1,6,4929000,19000,3,2,2,0,1,1,0,100,1,0,1,0,1,0,1,0,1
200500023062,5,4,16,1945,1,1,1,3,4927700,2600,3,2,0,0,1,1,0,58,1,0,1,0,3,0,0,1,1
200500023070,5,4,25,1630,1,1,7,3,4867900,-135000,3,2,2,0,0,1,0,63,1,0,1,0,1,0,0,1,1
200500023073,5,4,20,1945,1,1,1,6,4850100,-141800,3,2,2,0,2,3,0,64,1,0,0,0,0,1,0,0,1
200500023077,5,4,18,1530,1,1,1,1,4954800,-138900,3,2,0,0,1,3,0,50,1,0,1,0,1,0,1,0,1
200500023079,5,4,28,2345,3,1,2,7,4945000,-122000,3,2,0,0,1,1,0,50,2,0,3,0,0,0,0,1,1
200500023082,5,4,1,1045,1,2,1,3,4907200,-157500,3,2,2,0,2,1,0,0,1,0,1,0,2,0,1,0,1
200500023083,5,4,14,1445,1,1,1,6,4911200,-159600,3,2,0,0,1,1,0,76,0,0,3,0,0,1,0,0,1
200500023084,5,4,29,1130,1,1,1,6,4915700,-144100,3,2,1,0,1,1,50,0,1,0,1,0,0,0,0,1,1
200500023087,5,4,27,1715,1,2,1,5,4885800,-153700,3,2,3,3,3,1,30,70,1,5,1,0,2,0,0,2,1
200500023088,5,4,16,1915,2,1,7,3,4918000,-135400,3,2,0,0,1,1,0,80,1,0,1,0,2,0,1,1,1
200500023098,5,4,15,1630,1,1,2,3,4880600,31100,2,2,2,0,3,3,0,70,2,0,1,0,1,0,0,1,1
200500023099,5,4,24,530,2,1,8,6,4877600,45900,3,2,2,0,1,1,0,50,1,0,3,0,1,0,2,0,1
200500023100,5,4,24,1330,1,1,2,6,4884000,61000,3,2,2,0,1,1,0,59,2,0,3,0,6,0,0,1,1
200500023104,5,4,24,845,2,1,2,6,4876100,-79900,3,2,2,0,1,4,0,66,2,0,1,0,1,0,0,1,1
200500023105,5,4,24,1230,1,1,2,1,4871100,62000,3,2,0,0,1,1,0,60,2,0,1,0,0,4,1,0,1
200500023107,5,4,15,1345,1,1,4,3,4709200,-132700,3,2,2,0,1,1,0,0,2,0,1,0,1,0,0,1,1
200500023108,5,4,2,1030,1,2,1,3,4716700,-120700,3,2,2,0,1,1,0,68,1,0,1,0,1,0,1,0,1
200500023109,5,4,16,1315,1,1,1,6,4763000,-189000,3,2,2,0,1,1,63,0,1,0,3,0,2,1,0,0,1
200500023110,5,4,27,1730,1,1,1,2,4763300,-183800,3,2,2,0,1,1,0,56,1,0,1,0,1,0,1,0,1
200500023111,5,4,29,100,3,1,1,6,4759700,-185200,3,2,2,0,1,1,54,0,1,0,1,0,0,0,1,0,1
200500023113,5,4,10,1200,1,1,1,6,4737700,-140700,4,2,2,0,4,3,0,50,1,0,3,0,0,1,0,0,1
200500023114,5,4,18,2145,2,1,8,7,4739300,-164300,2,3,0,0,0,1,0,0,2,0,2,0,0,0,0,3,1
200500023115,5,4,9,300,5,1,1,7,4718700,-166300,3,2,0,0,1,1,0,70,1,0,1,0,0,0,1,0,1
200500023116,5,4,17,1715,1,3,1,3,4719000,-167200,3,2,1,0,2,1,0,60,1,0,1,0,0,0,0,2,1
200500023117,5,4,25,2215,3,1,1,7,4720100,-173400,3,2,0,0,0,2,0,60,1,0,1,0,0,0,1,0,1
200500023119,5,4,26,2015,1,1,1,6,4711000,-195500,3,2,1,0,4,1,0,47,1,0,1,0,0,1,0,1,1
200500023122,5,4,27,930,1,1,1,3,4725000,-216200,3,2,0,0,1,1,0,60,1,0,1,0,0,0,1,1,1
200500023123,5,4,25,1745,1,1,1,1,4698300,-180300,3,2,0,0,1,1,0,52,1,0,1,0,0,0,1,1,1
200500023124,5,4,29,1630,1,1,1,2,4720300,-187800,3,2,2,0,1,1,0,62,1,0,1,0,0,0,0,2,1
200500023125,5,4,24,630,2,1,1,6,4730200,-241800,4,2,0,0,1,2,0,61,1,0,3,0,1,0,1,3,1
200500023132,5,4,22,1600,1,1,3,1,4733000,-169000,3,2,0,0,2,1,55,55,2,0,1,0,1,0,0,1,1
200500023133,5,4,30,845,1,1,1,2,4747200,-62400,3,1,2,0,1,1,0,75,8,0,1,0,1,0,1,0,1
200500023134,5,4,1,2345,3,1,1,3,4751000,-50000,2,3,2,0,2,1,10,60,1,5,1,0,1,0,1,0,1
200500023135,5,4,24,230,3,1,1,7,4741800,-34300,3,2,2,0,1,1,0,0,1,0,1,0,1,1,0,0,1
200500023138,5,4,5,1030,1,1,1,7,4743000,-81000,3,2,2,0,1,1,0,72,1,0,3,0,1,0,0,2,1
200500023139,5,4,15,1730,1,2,1,3,4741200,-93100,3,2,2,0,1,1,0,65,1,0,1,0,1,0,1,0,1
200500023140,5,4,23,1515,1,1,1,6,4716800,-106700,4,2,0,0,1,2,0,0,1,0,1,0,0,0,1,0,1
200500023141,5,4,27,1845,1,2,1,3,4723100,-89700,3,2,0,0,1,1,0,60,1,0,1,0,1,0,0,1,1
200500023143,5,4,16,1030,1,1,1,3,4718000,-24000,3,2,3,0,1,1,0,106,0,0,1,0,0,0,0,4,1
200500023146,5,4,15,1830,1,1,8,1,4723000,-6000,4,2,2,0,1,3,0,0,2,0,1,0,3,0,0,1,1
200500023148,5,4,30,1715,1,1,1,6,4770800,-95800,4,2,2,0,1,1,0,65,1,0,1,0,1,0,0,1,1
200500023149,5,4,6,1345,1,1,8,7,4766000,-76000,3,3,0,0,3,2,25,66,1,0,3,0,0,0,0,1,1
200500023150,5,4,11,1015,1,1,1,3,4749100,-74200,3,2,0,0,1,1,0,64,1,0,1,0,2,0,1,1,1
200500023151,5,4,25,1530,1,1,1,3,4753600,-74300,4,2,2,0,1,1,0,44,1,0,1,0,1,0,1,1,1
200500023152,5,4,30,2230,3,1,1,6,4760600,-82600,3,2,2,0,1,1,39,108,1,3,1,0,2,1,0,0,1
200500023153,5,4,2,700,2,3,1,3,4767000,-48000,3,2,2,0,1,3,0,54,1,5,0,0,1,1,0,0,1