Num_Acc,an,mois,jour,hrmn,lum,int,atm,col,lat,long,catr,circ,nbv,vosp,prof,plan,lartpc,larrout,surf,infra,situ,env1,unscathed,killed,hospital,light,chance
200500023154,5,4,9,1700,1,1,1,1,4757000,-50000,3,2,2,3,1,1,0,113,1,5,1,0,5,0,0,1,1
200500023158,5,4,8,1400,1,1,8,6,4831600,-60300,2,2,0,0,0,3,0,0,2,0,1,0,0,0,1,1,1
200500023160,5,4,20,2100,2,3,1,3,4824600,-62000,3,2,2,0,1,0,0,0,1,0,1,0,1,0,1,0,1
200500023162,5,4,30,1,3,1,1,6,4842600,-32000,2,2,2,0,3,1,0,70,1,0,1,0,0,0,0,1,1
200500023163,5,4,2,2100,5,2,1,3,4799000,28000,3,2,2,0,1,1,0,60,1,5,1,0,2,0,0,1,1
200500023165,5,4,24,700,2,2,3,3,4794300,25900,3,2,2,0,1,1,0,60,2,0,1,0,0,0,1,1,1
200500023167,5,4,21,2100,1,1,1,7,4802300,56900,3,2,2,0,1,2,0,50,1,0,3,0,0,0,1,0,1
200500023168,5,4,22,1130,1,1,1,5,4794900,66100,2,2,2,0,1,1,0,75,1,0,1,0,2,0,2,2,1
200500023169,5,4,19,1630,1,1,1,5,4801300,31200,2,2,2,0,0,2,0,70,1,0,1,0,5,0,0,1,1
200500023170,5,4,28,115,5,1,1,2,4814600,17000,9,2,1,0,1,1,0,61,1,0,1,0,1,0,1,0,1
200500023172,5,4,29,415,5,1,1,6,4789900,3600,4,2,2,0,1,1,0,70,1,0,1,0,1,0,0,1,1
200500023175,5,4,30,1100,1,1,1,1,4777000,-18600,3,2,2,0,1,1,0,54,1,0,1,0,1,0,0,2,1
200500023180,5,4,12,1030,1,1,1,1,4817100,51600,3,2,26,0,2,1,64,64,1,0,1,0,1,0,1,0,1
200500023181,5,4,3,100,3,1,1,7,4649100,-118200,9,2,2,0,0,1,0,34,1,0,1,0,0,1,0,0,1
200500023182,5,4,19,1430,1,2,8,3,4651900,-115900,3,0,2,0,0,1,0,61,2,0,1,0,1,0,1,0,1
200500023184,5,4,14,1000,1,1,3,5,4687900,-93800,3,0,2,0,0,1,0,0,2,0,1,0,2,1,0,0,1
200500023189,5,4,2,1815,1,6,1,3,4672200,-144700,3,2,2,0,1,1,50,0,1,5,1,0,1,0,1,0,1
200500023190,5,4,5,900,1,1,1,3,4664800,-153900,2,2,0,0,1,1,0,100,1,5,1,0,0,0,1,1,1
200500023191,5,4,19,1430,1,1,1,6,4672000,-153800,3,3,2,0,1,1,20,160,1,3,3,0,1,0,0,1,1
200500023192,5,4,24,600,2,1,2,6,4676600,-149000,3,2,2,0,1,2,0,0,2,0,0,0,0,1,0,0,1
200500023193,5,4,30,1715,1,1,1,3,4656700,-107600,3,2,0,0,1,1,0,65,1,0,1,0,0,0,2,1,1
200500023194,5,4,11,515,3,1,1,1,4672100,-68200,3,2,2,0,0,3,0,66,1,0,1,0,1,1,0,0,1
200500023195,5,4,21,445,3,1,5,6,4665600,-67000,3,2,0,0,1,1,0,70,1,0,3,0,0,1,1,0,1
200500023196,5,4,22,800,1,2,1,3,4659800,-81100,3,2,2,0,1,1,0,60,1,5,1,0,0,0,0,2,1
200500023199,5,4,1,1000,1,1,1,3,4648200,-167700,3,2,2,0,1,1,0,70,1,0,1,0,1,0,2,0,1
200500023200,5,4,26,1815,1,1,1,3,4469500,-99500,3,2,2,0,1,1,0,61,1,0,1,0,2,0,1,0,1
200500023201,5,4,29,1600,1,1,1,3,4462500,-95200,3,2,2,0,1,1,0,75,1,0,1,0,1,0,1,1,1
200500023204,5,4,30,2115,5,1,1,6,4479900,-113700,3,2,2,0,1,1,0,66,1,5,1,0,2,0,0,2,1
200500023205,5,4,25,1700,1,1,1,2,4481800,-73400,3,2,2,0,1,1,73,73,1,0,1,0,1,0,0,1,1
200500023209,5,4,30,1100,1,1,1,3,4509400,-63800,3,2,0,0,0,1,0,0,1,0,1,0,1,0,1,0,1
200500023212,5,4,7,1545,1,1,2,6,4469900,-49100,2,2,0,0,1,0,0,0,2,0,1,0,1,0,0,1,1
200500023213,5,4,27,1730,1,1,1,3,4471500,-47800,3,2,2,0,2,1,0,56,1,0,1,0,1,0,0,1,1
200500023218,5,4,30,1530,1,1,1,1,4440200,-2700,3,2,2,0,2,2,0,66,1,0,1,0,2,1,0,0,1
200500023219,5,4,29,1030,1,1,1,7,4444900,-52700,3,2,2,0,1,2,0,63,9,0,1,0,0,0,1,0,1
200500023220,5,4,29,1730,1,1,1,6,4533100,-96300,3,2,2,0,1,1,0,60,1,0,1,0,1,0,0,1,1
200500023222,5,4,14,1415,1,9,2,3,4496900,-71700,3,0,0,0,0,0,0,0,0,0,0,0,1,0,0,1,1
200500023225,5,4,21,1215,1,1,1,1,4479400,-11800,3,2,2,0,2,1,0,74,1,0,1,0,1,0,1,0,1
200500023226,5,4,1,1330,1,1,1,6,4485900,-4600,4,1,1,0,1,2,0,40,1,0,4,3,1,0,1,0,1
200500023227,5,4,20,1400,1,1,1,6,4489200,-9600,3,0,0,0,2,1,0,45,0,0,3,0,0,0,0,2,1
200500023229,5,4,22,1845,1,1,2,1,4506500,-10100,3,2,2,0,1,1,0,60,2,0,1,0,0,0,1,2,1
200500023230,5,4,1,2015,1,1,1,6,4480300,17700,4,2,2,0,2,0,0,40,1,0,3,0,0,0,1,0,1
200500023233,5,4,8,1815,1,1,2,3,4507200,87100,3,2,0,0,2,2,0,69,2,0,1,0,1,0,0,1,1
200500023234,5,4,21,800,1,1,1,6,4507000,86000,3,2,1,0,2,3,0,72,1,0,1,0,0,0,1,0,1
200500023235,5,4,11,1345,1,1,1,6,4513200,98800,2,2,2,0,1,3,0,82,1,0,1,0,1,0,1,1,1
200500023236,5,4,23,1100,1,1,8,7,4514000,107000,9,0,0,0,2,1,0,0,1,0,0,0,0,0,0,2,1
200500023237,5,4,1,1845,1,3,1,3,4489500,75100,3,2,0,0,1,1,53,0,1,0,1,0,1,0,1,0,1
200500023238,5,4,8,915,1,1,1,6,4484800,20500,3,3,2,0,1,1,0,55,1,0,1,0,1,1,0,0,1
200500023239,5,4,22,845,1,1,1,3,4485900,10500,3,2,2,0,2,1,0,59,1,0,1,0,1,0,1,0,1
200500023240,5,4,28,1630,1,9,1,5,4484700,17300,3,2,2,0,0,1,0,102,1,0,1,0,2,0,1,0,1
200500023241,5,4,9,800,1,1,1,6,4525200,42000,3,0,0,0,1,1,0,0,1,0,1,0,0,0,1,0,1
200500023242,5,4,12,1630,1,3,1,3,4525600,38000,3,2,0,0,1,1,0,50,1,0,0,0,1,0,1,0,1
200500023243,5,4,11,1845,1,1,1,6,4528500,30300,4,2,2,0,1,4,0,41,1,0,3,0,0,0,1,1,1
200500023244,5,4,27,1545,1,2,8,3,4523500,26400,3,2,2,0,3,1,0,62,1,0,1,0,0,0,3,0,1
200500023245,5,4,1,1415,1,1,1,1,4520600,19200,3,2,0,0,1,1,64,0,1,0,1,0,1,0,1,0,1
200500023248,5,4,30,445,3,1,1,6,4492600,93200,4,2,2,0,2,1,0,35,1,0,1,0,0,1,1,2,1
200500023255,5,4,24,615,2,1,2,6,4364900,-103800,3,2,0,0,3,3,0,60,2,0,3,0,0,0,1,0,1
200500023256,5,4,30,1900,1,1,1,1,4371100,-101400,3,2,0,0,0,1,0,50,1,0,1,0,1,0,1,0,1
200500023259,5,4,17,715,1,1,1,6,4358500,-103900,4,2,0,0,1,1,0,40,2,0,3,0,0,0,1,0,1
200500023260,5,4,18,30,3,1,8,1,4359400,-91900,3,2,2,0,4,1,0,60,2,0,1,0,0,0,3,3,1
200500023269,5,4,14,1100,1,1,1,6,4424700,-119900,3,2,0,0,1,1,0,60,1,0,1,0,0,0,0,1,1
200500023278,5,4,30,1230,1,1,1,6,4435300,38700,3,2,0,0,1,2,0,68,1,0,3,0,0,0,1,0,1
200500023279,5,4,3,1530,1,1,1,1,4455400,9800,3,2,2,0,1,1,0,55,1,2,1,0,0,0,1,2,1
200500023280,5,4,3,45,3,1,1,6,4452500,22500,3,2,2,0,2,3,0,63,1,0,0,0,0,0,0,1,1
200500023281,5,4,7,1500,1,1,2,6,4452700,9100,3,2,2,0,1,1,0,62,2,0,3,0,0,0,2,0,1
200500023282,5,4,5,900,1,1,2,1,4462300,33600,3,2,0,0,1,1,0,58,2,0,1,0,0,0,0,3,1
200500023289,5,4,20,1945,1,1,1,6,4437000,63800,3,2,2,0,2,4,0,60,1,0,1,0,0,0,0,1,1
200500023294,5,4,23,2030,1,1,1,3,4326000,-30000,3,2,2,0,1,1,0,71,1,0,1,0,1,0,1,0,1
200500023297,5,4,20,1700,1,1,3,6,4326700,-132300,3,2,0,0,1,1,0,84,2,0,3,0,0,0,1,0,1
200500023298,5,4,28,245,1,1,1,1,4329500,-135100,3,2,2,0,1,3,0,70,1,0,1,0,0,1,0,1,1
200500023300,5,4,22,930,1,1,2,7,4323200,-130100,3,2,2,0,1,3,82,0,2,2,3,0,0,0,0,1,1
200500023303,5,4,19,2200,3,1,1,1,4334500,-76600,3,2,0,0,1,3,0,124,1,5,1,0,2,0,1,0,1
200500023305,5,4,2,45,5,1,1,6,4349200,-77400,9,1,1,0,2,1,0,0,1,6,1,0,0,0,0,1,1
200500023306,5,4,11,1645,1,9,1,1,4349400,-76900,3,2,2,0,2,1,0,0,1,0,1,0,1,0,0,1,1
200500023307,5,4,21,1830,1,1,2,1,4349100,-80800,2,2,1,0,1,2,0,74,2,0,1,0,0,1,0,3,1
200500023308,5,4,22,1800,1,1,1,6,4355100,-68000,3,2,2,0,1,2,0,60,1,0,3,0,0,0,0,1,1
200500023309,5,4,8,1515,1,1,3,6,4344000,-58000,3,2,0,0,1,2,0,75,2,0,3,0,0,0,0,1,1
200500023311,5,4,24,1530,1,9,1,3,4353000,-91000,2,2,3,0,1,1,27,47,1,5,1,0,1,0,1,0,1
200500023312,5,4,6,1900,1,1,1,7,4657000,16000,3,2,0,0,1,3,0,57,1,0,3,0,0,0,0,2,1
200500023315,5,4,28,1845,1,1,1,1,4648700,33500,3,0,0,0,1,3,0,49,1,0,1,0,0,0,0,5,1
200500023316,5,4,20,1100,1,9,1,1,4695800,60500,4,2,2,0,1,1,0,51,1,0,1,0,1,0,1,0,1
200500023318,5,4,24,1415,1,2,1,3,4703900,12300,3,2,2,0,1,1,0,55,1,0,1,0,0,3,2,0,1
200500023321,5,4,3,2015,3,1,1,7,4543900,14200,3,2,1,0,1,1,0,85,1,0,3,0,0,1,0,0,1
200500023324,5,4,15,1415,1,1,1,6,4539000,-20000,3,2,2,0,1,4,0,61,1,0,1,0,1,0,1,0,1
200500023325,5,4,16,1045,3,1,2,7,4547000,-6000,3,2,0,0,0,2,74,0,2,0,0,0,0,0,0,1,1
200500023326,5,4,29,1930,1,1,1,2,4546000,-23000,3,2,1,0,1,1,0,60,1,0,1,0,1,0,1,0,1
200500023327,5,4,3,1445,1,1,1,1,4605300,68600,3,2,2,0,1,1,0,60,1,0,1,0,1,0,1,0,1
200500023329,5,4,23,1100,1,1,8,2,4569300,19000,3,2,2,0,1,1,0,76,1,0,1,0,1,0,1,0,1
200500023332,5,4,5,1600,1,1,1,6,4560500,31200,3,2,2,0,2,2,0,52,2,0,3,0,0,1,0,0,1
200500023335,5,4,18,1530,1,1,1,1,4528900,-40400,3,2,2,0,1,1,0,71,1,0,1,0,1,0,1,0,1
200500023336,5,4,22,945,1,1,2,7,4521300,-18500,3,2,2,0,1,4,0,70,2,0,1,0,0,0,0,1,1
200500023337,5,4,13,1645,1,1,1,2,4587400,-121300,3,2,2,0,1,1,0,60,1,0,1,0,2,0,0,2,1
200500023339,5,4,29,900,1,2,1,1,4592100,-132900,4,0,0,0,0,0,0,30,1,0,1,0,1,0,0,1,1
200500023342,5,4,30,2145,5,6,1,6,4579000,-115700,3,2,0,0,0,3,0,0,1,5,3,0,0,0,1,0,1
200500023348,5,4,11,1445,1,1,2,6,4571100,-48000,3,2,2,0,2,1,0,61,2,1,3,0,0,1,0,0,1
200500023349,5,4,9,530,3,1,1,6,4575000,-70900,3,2,2,0,2,1,0,61,1,0,3,0,0,0,1,0,1
200500023350,5,4,11,1015,1,1,1,1,4573400,-52900,2,2,2,0,2,1,0,66,1,0,1,0,3,0,0,1,1
200500023351,5,4,12,1715,1,1,1,5,4582500,-78300,4,2,0,0,1,1,0,67,1,5,1,0,2,0,0,2,1
200500023352,5,4,21,1845,1,1,1,3,4566000,-66000,3,2,2,0,1,1,0,46,1,0,1,0,1,0,1,0,1
200500023354,5,4,28,800,1,1,1,6,4586100,-75900,3,2,2,0,1,1,0,61,1,0,3,0,1,1,0,0,1
200500023355,5,4,4,1730,1,1,1,5,4554500,-55800,2,2,2,0,1,1,0,70,1,0,1,0,1,0,1,1,1
200500023356,5,4,30,400,3,1,1,7,4554000,-55000,2,2,2,0,1,1,0,60,1,0,1,0,0,0,1,0,1
200500023361,5,4,21,15,3,1,1,6,4587900,-37700,3,2,0,0,1,1,0,50,0,2,1,0,0,0,1,0,1
200500023362,5,4,27,1630,1,1,1,6,4586700,-32800,4,0,2,0,1,0,0,56,1,0,1,0,1,0,0,1,1
200500023363,5,4,15,445,3,1,8,6,4624400,-31100,3,2,2,0,1,3,0,59,2,0,1,0,0,1,0,0,1
200500023364,5,4,18,1145,1,1,3,3,4626300,-34200,3,2,2,0,1,1,0,56,2,0,1,0,1,0,1,0,1
200500023365,5,4,19,1200,1,1,2,3,4622300,-46700,2,2,0,0,1,1,0,70,2,0,1,0,2,0,0,1,1
200500023373,5,4,16,600,5,1,8,6,4580100,114800,3,4,4,0,2,1,0,372,1,0,3,0,0,0,0,1,1
200500023374,5,4,16,245,5,1,2,6,4578500,119200,3,2,1,0,1,0,0,64,2,0,4,0,0,0,0,1,1
200500023375,5,4,2,1900,1,1,1,3,4596000,139000,9,2,0,0,2,1,0,67,0,0,1,0,1,0,0,1,1
200500023376,5,4,1,1830,1,1,1,1,4551000,117000,3,2,2,0,1,1,56,0,1,0,1,0,0,1,0,4,1
200500023381,5,4,25,1715,1,1,8,5,4618000,94600,2,2,0,0,3,1,0,81,2,0,1,0,2,2,1,5,1
200500023382,5,4,9,815,1,1,4,3,4620700,134600,2,2,2,0,1,2,0,68,9,0,1,0,1,2,4,7,1
200500023383,5,4,27,2215,3,1,1,7,4619700,112200,3,2,0,0,1,3,0,55,1,0,3,0,0,0,0,1,1
200500023385,5,4,13,2145,3,1,1,6,4531000,185000,4,2,2,0,1,1,0,32,1,0,1,0,0,0,2,1,1
200500023387,5,4,12,1745,1,1,1,3,4540100,157400,3,2,2,0,1,1,0,70,1,5,1,0,1,0,0,1,1
200500023391,5,4,1,1845,1,1,1,6,4620500,211700,3,2,2,0,1,1,0,52,1,0,3,0,0,0,1,0,1
200500023392,5,4,30,2215,3,1,1,6,4622700,171600,3,2,2,0,1,1,0,60,1,0,3,0,0,0,1,0,1
200500023393,5,4,28,1400,1,1,1,6,4605200,239200,4,2,0,0,2,2,0,38,1,0,3,0,0,0,1,0,1
200500023394,5,4,2,945,1,1,1,1,4569700,225800,3,2,1,0,2,2,0,42,1,0,1,0,1,0,0,1,1
200500023395,5,4,14,1915,1,1,1,7,4618600,250600,3,2,0,0,2,2,0,70,1,0,1,0,0,0,1,0,1
200500023396,5,4,5,745,1,1,1,6,4379700,135300,3,2,2,0,2,2,0,63,2,0,3,0,0,0,0,1,1
200500023397,5,4,16,1145,1,1,1,7,4376000,150900,3,2,0,0,1,2,0,50,1,0,3,0,0,0,0,2,1
200500023398,5,4,30,1800,1,1,1,7,4374100,163500,3,2,2,0,2,3,0,60,1,0,3,0,0,1,0,0,1
200500023399,5,4,27,1130,1,1,1,1,4373200,130200,3,2,2,0,1,1,0,52,1,0,1,0,1,0,0,1,1
200500023400,5,4,1,715,5,1,1,3,4357100,129800,3,2,0,0,1,1,0,65,1,0,1,0,2,0,0,1,1
200500023402,5,4,7,2215,3,1,2,7,4364100,122900,3,2,2,0,1,1,0,64,2,0,3,0,0,0,1,1,1
200500023403,5,4,8,2015,5,2,2,3,4353000,140300,3,2,0,0,1,1,0,65,2,5,1,0,1,0,0,1,1
200500023404,5,4,30,1915,1,1,1,6,4349900,139700,2,0,2,0,1,1,0,65,1,0,3,0,0,0,0,5,1
200500023406,5,4,7,1245,1,1,1,6,4346600,126800,3,2,2,0,1,1,0,0,1,0,1,0,0,0,1,0,1
200500023407,5,4,24,1900,1,1,2,4,4347800,139800,3,2,0,0,1,1,0,60,2,0,1,0,0,0,0,4,1
200500023410,5,4,1,1630,1,1,1,2,4312300,66100,3,2,2,0,1,1,0,110,1,0,1,0,4,0,1,1,1
200500023411,5,4,9,1500,1,1,6,7,4333500,94800,3,2,2,0,1,1,0,51,1,0,3,0,1,0,1,0,1
200500023413,5,4,11,1215,1,1,1,1,4339000,168000,3,2,2,0,1,2,0,60,1,0,3,0,2,0,0,1,1
200500023414,5,4,17,1130,1,1,1,6,4336000,154000,3,2,2,0,2,1,0,35,1,0,1,0,0,0,1,0,1
200500023415,5,4,26,830,1,1,1,6,4335600,174200,3,2,2,0,1,1,0,61,1,0,3,0,0,0,0,1,1
200500023416,5,4,28,1645,1,1,1,7,4327400,163700,3,2,0,0,1,1,0,60,1,0,1,0,0,0,0,1,1
200500023417,5,4,30,645,2,1,1,6,4357600,181200,3,2,2,0,2,1,0,60,1,0,3,0,0,1,0,0,1
200500023418,5,4,5,1745,1,1,1,2,4351300,155800,3,2,1,0,0,1,0,60,1,0,1,0,2,0,1,0,1
200500023419,5,4,16,1715,1,1,2,1,4345200,188500,3,2,2,0,2,1,0,68,2,0,3,0,1,0,0,1,1
200500023421,5,4,18,1615,1,1,1,6,4345900,199600,3,2,2,0,1,1,0,68,1,0,3,0,0,0,1,0,1
200500023422,5,4,25,2130,5,1,1,3,4346700,200700,4,2,2,0,1,1,0,72,1,0,1,0,2,0,0,1,1
200500023423,5,4,16,1445,1,1,1,7,4299600,174300,3,0,2,0,1,3,0,40,1,0,1,0,1,0,1,0,1
200500023427,5,4,22,1800,1,1,1,1,4297100,109800,3,2,2,0,0,3,0,65,1,0,1,0,0,0,3,0,1
200500023428,5,4,24,45,3,1,1,6,4302300,110300,3,2,2,0,1,1,0,70,1,0,1,0,1,1,0,0,1
200500023429,5,4,1,830,1,1,5,5,4289200,121600,3,2,2,0,1,1,0,66,2,0,1,0,3,0,0,1,1
200500023430,5,4,3,1145,1,1,1,2,4429000,251900,3,2,0,0,1,1,37,97,1,5,1,0,1,0,1,0,1
200500023432,5,4,11,830,1,1,1,7,4439300,270400,2,2,2,0,1,2,0,70,1,0,3,0,0,0,1,0,1
200500023433,5,4,16,1500,1,1,2,3,4449200,239400,2,2,2,0,3,1,0,79,2,0,1,0,0,0,2,1,1
200500023434,5,4,2,215,3,1,1,1,4448800,223000,3,2,2,0,4,1,0,65,1,0,3,0,4,0,4,0,1
200500023436,5,4,30,1645,1,1,1,7,4477700,289000,3,2,0,0,2,3,0,76,1,0,3,0,0,0,0,1,1
200500023437,5,4,13,1845,1,1,1,6,4430700,307300,3,2,2,0,1,3,0,86,1,0,3,0,0,0,1,0,1
200500023438,5,4,6,1800,1,1,1,1,4398500,293000,3,2,2,0,1,1,0,68,1,0,1,0,0,0,1,1,1
200500023439,5,4,19,1345,1,1,1,3,4397900,290700,3,2,2,0,2,2,0,62,1,0,1,0,1,0,1,0,1
200500023441,5,4,22,1400,1,1,1,5,4396000,285800,3,2,0,0,1,1,0,62,1,0,1,0,2,1,0,1,1
200500023445,5,4,14,1230,1,1,1,3,4369900,45500,3,2,0,0,1,1,0,56,1,0,1,0,1,0,0,1,1
200500023449,5,4,16,1400,1,1,9,6,4391800,34300,3,2,0,0,2,1,0,56,2,0,3,0,0,0,1,1,1
200500023450,5,4,16,2200,5,9,1,1,4396100,37000,3,2,2,0,1,1,0,67,1,2,1,0,1,0,1,0,1
200500023451,5,4,15,1700,1,1,2,7,4375300,-20100,3,2,2,0,4,3,0,55,2,0,3,0,0,0,0,1,1
200500023453,5,4,1,1815,1,6,1,7,4394000,62500,9,2,2,0,1,3,0,55,9,0,1,0,0,0,0,1,1
200500023456,5,4,25,630,2,1,1,6,4397100,66900,2,2,0,0,0,1,0,70,1,0,3,0,0,0,1,0,1
200500023457,5,4,25,845,1,1,1,6,4395400,68400,3,2,2,0,1,2,0,51,1,0,1,0,0,0,1,0,1
200500023458,5,4,25,1830,1,2,1,3,4398700,80500,3,2,2,0,1,1,0,60,1,0,1,0,1,0,1,0,1
200500023459,5,4,27,1745,1,3,1,3,4392900,62500,2,2,0,0,2,1,70,75,1,5,1,0,0,0,2,3,1
200500023460,5,4,16,1900,1,1,8,3,4347900,58100,9,2,0,0,1,0,0,35,2,0,1,0,1,0,1,0,1
200500023461,5,4,16,1230,1,1,1,1,4347500,33000,2,2,0,0,1,1,0,80,1,0,1,0,1,0,0,1,1
200500023463,5,4,17,1200,1,1,1,2,4357500,32200,3,2,2,0,1,1,0,60,1,0,1,0,1,0,0,1,1
200500023464,5,4,4,1730,1,4,1,3,4364000,-10000,3,2,2,0,1,1,0,50,1,0,1,0,2,0,0,1,1
200500023465,5,4,30,530,2,1,1,1,4369500,-17900,3,2,2,0,1,1,0,67,1,0,1,0,1,0,1,0,1
200500023466,5,4,6,1800,1,1,1,3,4428500,136100,3,2,1,0,1,1,0,56,1,0,1,0,1,0,1,1,1
200500023468,5,4,2,1500,1,1,1,3,4428900,120200,3,2,0,0,1,0,0,55,1,0,1,0,2,0,1,0,1
200500023469,5,4,10,2100,3,1,1,7,4450000,110000,3,2,0,0,1,0,0,58,1,0,0,0,0,1,0,0,1
200500023471,5,4,29,1700,1,1,1,2,4473600,137700,3,2,2,0,0,1,0,82,1,0,1,3,2,0,1,0,1
200500023474,5,4,17,1700,1,1,1,5,4491200,163200,2,2,0,0,1,1,0,72,1,0,1,0,2,0,1,0,1
200500023475,5,4,22,915,1,1,1,3,4478900,172100,2,2,2,0,1,1,65,0,1,0,1,0,1,0,1,0,1
200500023476,5,4,24,1345,1,1,3,3,4496500,170300,3,2,2,0,2,3,60,0,2,0,1,0,1,0,1,0,1
200500023478,5,4,22,1130,1,1,2,6,4333000,-10000,3,2,0,0,1,3,0,47,2,0,3,0,0,0,0,1,1
200500023480,5,4,4,1615,1,1,1,3,4311700,33000,3,2,2,0,0,1,0,48,0,0,1,0,1,1,0,0,1
200500023481,5,4,8,1400,1,2,1,3,4391400,220500,3,2,2,0,1,3,0,90,1,0,1,0,1,0,1,0,1
200500023483,5,4,10,1715,2,1,8,7,4370600,284700,3,2,0,0,1,3,0,40,1,0,3,0,0,1,0,0,1
200500023484,5,4,25,1130,1,1,6,7,4369400,177000,3,2,2,0,0,3,0,40,1,0,3,0,0,0,1,1,1
200500023485,5,4,27,2345,3,1,1,6,4365000,201200,3,2,2,0,1,2,0,63,1,0,1,0,0,2,0,0,1
200500023486,5,4,30,1845,1,9,1,6,4376500,171100,1,1,2,0,2,3,0,84,1,3,1,0,0,1,0,0,1
200500023487,5,4,2,1400,1,1,1,1,4367000,229300,3,2,2,0,1,3,0,60,1,0,1,0,4,0,1,0,1
200500023488,5,4,6,1115,1,1,1,3,4391700,190200,3,2,0,0,1,1,0,60,1,0,1,0,1,1,0,0,1
200500023490,5,4,20,1430,1,1,1,3,4389900,188400,4,2,0,1,1,1,0,60,1,0,1,0,1,0,0,1,1
200500023491,5,4,4,1615,1,1,1,3,4392100,159200,3,2,2,0,1,1,0,70,1,5,1,0,1,1,1,0,1
200500023492,5,4,6,615,3,1,8,6,4384900,187000,3,2,2,0,1,1,0,68,1,0,3,0,0,1,0,0,1
200500023493,5,4,11,645,2,1,1,6,4345700,204900,3,2,2,0,1,2,0,72,1,0,3,0,0,0,0,1,1
200500023494,5,4,19,1715,1,1,2,5,4357400,213500,2,2,2,0,1,1,0,72,2,0,1,0,1,1,4,3,1
200500023495,5,4,23,1645,1,1,1,1,4356200,218000,3,2,2,0,1,3,0,56,1,0,1,0,1,0,0,1,1
200500023496,5,4,30,630,2,1,1,7,4345600,206200,3,2,2,0,0,2,0,58,1,0,3,0,0,0,0,1,1
200500023497,5,4,18,1000,1,1,3,3,4422900,159400,3,2,2,0,2,2,0,62,2,0,1,0,2,0,1,0,1
200500023498,5,4,3,630,2,1,1,7,4426800,186300,4,2,2,0,0,1,0,70,1,0,0,0,0,0,1,0,1
200500023499,5,4,11,2030,3,1,1,7,4390200,102900,3,2,2,0,1,1,0,66,1,0,3,0,0,0,1,0,1
200500023500,5,4,12,1000,1,1,1,3,4385400,93700,3,2,2,0,1,3,0,67,1,0,1,0,1,0,0,1,1
200500023501,5,4,25,1745,1,1,1,1,4387400,96400,3,2,0,0,1,4,0,68,1,0,1,0,1,1,0,0,1
200500023503,5,4,19,1245,1,1,1,1,4395300,145400,3,2,2,0,2,1,0,62,1,0,1,0,1,1,0,1,1
200500023504,5,4,29,1745,1,2,1,3,4435000,93900,3,2,2,0,1,1,0,60,1,5,1,0,3,0,0,1,1
200500023510,5,4,29,830,1,1,1,1,4590700,487300,3,2,0,0,1,1,0,60,1,5,1,0,1,1,0,0,1
200500023517,5,4,1,815,1,1,1,3,4563400,441500,3,0,2,0,3,2,60,65,1,0,1,0,1,0,0,1,1
200500023519,5,4,3,1830,1,1,1,3,4574400,469200,3,2,0,0,0,1,0,70,1,5,1,0,1,0,1,0,1
200500023520,5,4,24,715,1,1,2,1,4568400,465300,3,3,2,0,1,1,0,0,2,0,1,0,1,0,0,1,1
200500023524,5,4,26,1545,1,1,1,3,4619300,471000,3,2,2,0,2,1,0,60,1,0,1,0,1,0,0,1,1
200500023525,5,4,3,1730,1,1,1,7,4609100,465800,3,2,0,0,1,1,0,0,1,0,1,0,0,0,0,1,1
200500023526,5,4,5,1130,2,1,1,6,4614800,476400,3,0,0,0,1,1,0,0,1,0,1,0,0,0,0,2,1
200500023527,5,4,5,1630,1,1,1,6,4615800,471800,3,2,0,0,1,1,0,0,1,0,1,0,0,0,1,0,1
200500023530,5,4,3,1200,1,1,1,6,4602400,450100,3,2,2,0,1,0,0,0,1,0,1,0,2,0,0,1,1
200500023531,5,4,16,1830,1,1,3,6,4597000,431900,3,2,2,0,0,3,0,55,2,0,3,0,0,0,1,0,1
200500023534,5,4,3,1800,1,1,1,3,4605200,533000,3,3,2,3,1,4,10,0,1,5,1,0,1,0,0,2,1
200500023538,5,4,30,2015,1,1,1,1,4635200,493300,3,2,2,0,2,4,0,58,1,0,1,0,1,0,1,0,1
200500023540,5,4,12,2145,3,1,1,3,4592700,534700,3,2,0,0,1,2,0,0,1,0,1,0,2,0,1,0,1
200500023542,5,4,25,1915,5,1,1,3,4585900,540800,3,2,2,0,1,1,0,0,1,0,1,0,0,0,0,2,1
200500023543,5,4,2,1830,1,1,3,5,4617600,557400,3,3,3,0,1,1,10,83,2,5,1,0,2,0,0,1,1
200500023544,5,4,27,1900,1,1,1,1,4620000,566000,3,2,2,0,0,1,0,58,1,0,1,0,0,0,0,2,1
200500023545,5,4,30,1500,1,1,1,7,4612900,552100,2,2,0,0,2,3,0,117,1,0,1,0,0,0,1,0,1
200500023548,5,4,1,1545,1,1,1,1,4634000,607000,3,2,2,0,1,1,0,73,1,0,1,0,0,1,0,1,1
200500023552,5,4,22,1430,1,1,1,6,4596700,483800,3,2,1,0,1,2,0,45,1,0,3,0,0,0,0,1,1
200500023554,5,4,2,100,5,1,1,6,4583600,494200,3,2,2,0,1,1,0,0,1,5,1,0,0,0,1,0,1
200500023555,5,4,29,900,1,1,1,4,4584100,500500,2,2,2,0,1,1,0,85,1,0,1,0,3,0,0,2,1
200500023558,5,4,12,930,1,1,1,6,4617100,481900,3,2,0,0,1,1,61,0,1,0,1,0,0,0,0,1,1
200500023559,5,4,22,515,3,1,1,6,4445900,468700,2,2,2,0,1,1,0,70,1,0,3,0,0,1,0,0,1
200500023560,5,4,6,1900,1,1,1,2,4471300,466200,4,2,2,0,1,1,0,0,1,0,1,0,1,0,1,1,1
200500023561,5,4,29,1815,1,1,1,3,4475700,469500,3,2,2,0,1,1,0,65,1,0,1,0,1,0,0,1,1
200500023562,5,4,10,1630,1,1,1,6,4471000,401000,2,2,0,0,1,2,0,60,1,0,3,0,0,0,0,1,1
200500023563,5,4,17,45,3,1,2,6,4469600,426200,3,2,2,0,1,1,0,60,2,0,3,0,1,0,1,0,1
200500023564,5,4,15,1745,1,1,3,1,4433200,415500,3,2,2,0,1,3,0,51,2,0,1,0,1,0,0,1,1
200500023568,5,4,25,2015,2,1,1,6,4489600,463100,3,2,2,0,2,3,0,30,1,0,1,0,0,1,0,0,1
200500023569,5,4,3,530,3,1,1,6,4493000,505000,3,2,2,0,1,2,0,50,1,0,1,0,0,0,0,1,1
200500023570,5,4,5,1500,1,6,1,3,4491800,502000,3,4,0,0,1,3,0,0,1,5,1,0,1,0,1,0,1
200500023572,5,4,7,2015,1,6,1,6,4474300,500400,3,2,0,0,1,0,0,70,1,5,1,0,0,0,1,0,1