Num_Acc,an,mois,jour,hrmn,lum,int,atm,col,lat,long,catr,circ,nbv,vosp,prof,plan,lartpc,larrout,surf,infra,situ,env1,unscathed,killed,hospital,light,chance
200500023574,5,4,21,2245,3,1,1,7,4480600,495100,3,2,2,0,1,3,0,52,1,0,3,0,0,0,1,1,1
200500023575,5,4,12,2200,3,9,1,6,4456700,554400,3,2,2,0,0,2,0,60,1,0,3,0,0,0,0,1,1
200500023576,5,4,6,815,1,1,1,5,4443700,472700,3,2,2,0,1,2,0,58,1,0,1,0,1,1,0,2,1
200500023578,5,4,13,1715,1,1,1,6,4433300,482000,3,2,0,0,1,2,0,61,1,0,3,0,0,0,1,0,1
200500023579,5,4,26,1345,1,1,1,2,4429100,482100,3,2,0,0,1,2,0,76,1,0,1,0,1,0,0,1,1
200500023583,5,4,26,1645,1,1,1,1,4510200,504600,3,2,2,0,1,1,0,68,1,0,1,0,2,0,0,3,1
200500023584,5,4,19,1200,1,2,1,3,4534400,498100,4,2,2,0,1,1,0,33,1,0,1,0,0,0,1,1,1
200500023586,5,4,10,1830,1,1,1,1,4506800,524400,2,2,2,0,1,4,0,64,1,0,1,0,0,0,1,1,1
200500023587,5,4,2,1730,1,9,1,1,4530700,481400,4,2,0,0,1,2,0,57,1,2,1,0,3,0,1,1,1
200500023588,5,4,3,800,1,1,1,6,4518900,486700,4,1,1,0,1,1,0,60,1,0,1,0,1,0,1,0,1
200500023589,5,4,22,1115,1,2,7,3,4527000,486000,3,2,3,0,0,1,0,107,1,5,1,0,0,0,1,1,1
200500023590,5,4,15,1015,1,1,2,1,4507500,487000,3,2,0,0,0,3,60,0,2,0,1,0,0,0,1,1,1
200500023596,5,4,16,215,3,1,4,6,4527900,598800,3,2,2,0,2,3,0,0,5,0,1,0,0,0,0,1,1
200500023597,5,4,5,2245,5,1,1,7,4509100,555500,3,2,2,0,1,1,20,75,1,0,3,0,0,0,1,0,1
200500023598,5,4,22,1915,1,1,1,1,4500800,570200,3,2,2,0,2,3,0,90,1,0,1,0,1,0,1,0,1
200500023600,5,4,30,1815,1,2,1,3,4508700,576500,2,3,2,0,1,2,0,35,1,5,1,0,1,0,1,0,1
200500023601,5,4,4,2115,3,1,1,7,4527700,548000,3,2,2,0,1,4,0,61,1,0,1,0,1,0,1,0,1
200500023602,5,4,7,630,3,1,8,6,4558900,530900,2,3,2,0,1,1,5,0,1,0,1,0,1,0,1,0,1
200500023603,5,4,30,1300,1,1,1,3,4562500,535300,3,2,2,0,1,1,0,0,1,0,1,0,1,0,0,1,1
200500023604,5,4,3,1945,2,1,1,1,4578000,527200,3,2,0,0,2,2,0,0,1,0,1,0,1,0,1,2,1
200500023605,5,4,15,2315,5,2,3,3,4575700,521600,3,2,2,0,1,1,0,70,2,5,1,0,0,0,0,1,1
200500023606,5,4,2,1530,1,1,1,6,4545700,534000,3,2,2,0,0,2,0,50,1,0,1,0,0,0,1,2,1
200500023607,5,4,21,1515,1,1,1,1,4540200,542500,3,2,2,0,0,1,0,50,1,0,0,0,1,0,1,0,1
200500023608,5,4,15,500,3,1,1,6,4541200,553400,3,0,0,0,1,1,0,60,1,0,3,0,0,0,0,2,1
200500023609,5,4,7,2030,3,1,2,3,4576800,540400,2,2,0,0,1,1,0,70,2,0,1,0,0,0,1,1,1
200500023610,5,4,12,1330,1,1,1,1,4582500,538900,3,2,2,0,1,1,0,70,1,0,3,0,1,0,0,1,1
200500023612,5,4,7,1100,1,1,2,3,4560400,553400,2,2,2,0,1,2,0,0,2,0,1,0,0,0,0,2,1
200500023613,5,4,11,715,1,1,1,1,4566500,546000,3,2,0,0,1,1,0,0,1,5,1,0,3,0,1,0,1
200500023614,5,4,15,1415,1,1,3,1,4566100,548200,2,2,0,0,1,1,0,0,2,0,1,0,1,0,0,3,1
200500023615,5,4,3,1930,2,1,7,3,4554100,557900,2,2,0,0,1,1,20,100,1,5,1,0,1,0,0,1,1
200500023618,5,4,20,1200,1,1,1,3,4557200,544900,3,2,2,0,1,0,0,0,1,0,1,3,1,0,0,1,1
200500023621,5,4,2,2330,5,1,1,1,4533900,504600,4,2,1,0,1,1,0,47,1,0,1,0,1,0,1,0,1
200500023623,5,4,27,1445,1,1,1,3,4532900,508500,3,2,2,1,1,0,0,0,1,0,1,0,0,0,0,3,1
200500023624,5,4,6,145,3,1,1,7,4554100,500900,3,2,0,0,1,4,0,0,1,0,0,0,2,0,1,0,1
200500023625,5,4,21,845,1,1,1,1,4568500,507000,3,2,0,0,2,4,0,82,1,5,1,0,1,0,2,1,1
200500023628,5,4,9,1600,1,1,6,1,4534200,481600,3,3,2,0,1,0,20,0,1,0,1,0,2,0,0,1,1
200500023629,5,4,24,45,4,1,1,3,4540300,480900,2,2,3,0,1,1,0,0,1,5,1,0,0,0,1,2,1
200500023632,5,4,24,515,3,1,1,7,4573500,401900,3,2,0,0,1,1,0,76,1,0,3,0,0,0,1,0,1
200500023635,5,4,9,1130,1,1,4,1,4542000,403000,3,2,0,0,4,1,0,64,2,0,1,0,0,0,1,1,1
200500023638,5,4,11,1030,1,1,1,2,4563800,419200,3,0,0,0,1,0,0,90,1,0,1,0,1,0,0,2,1
200500023641,5,4,25,1800,1,1,1,6,4564000,422000,3,2,2,0,1,1,0,0,1,0,1,0,1,0,0,1,1
200500023643,5,4,2,1445,1,1,1,1,4610800,390000,4,2,2,0,2,1,60,0,1,0,1,0,1,0,0,1,1
200500023645,5,4,26,830,1,1,1,1,4566800,590400,9,2,2,0,2,0,0,65,2,5,1,0,1,0,0,1,1
200500023647,5,4,26,1515,1,1,1,2,4549400,615000,3,2,0,2,0,1,43,103,1,5,5,0,1,0,0,2,1
200500023649,5,4,5,1700,1,1,1,1,4561300,586000,3,2,2,0,2,1,0,62,1,0,1,0,1,0,0,1,1
200500023660,5,4,14,1845,1,1,1,1,4588900,631900,3,2,3,0,1,1,0,0,1,2,1,0,1,0,0,1,1
200500023663,5,4,3,1115,1,1,1,1,4607300,658700,3,2,2,0,2,1,0,77,1,0,1,0,1,0,1,0,1
200500023664,5,4,16,1245,1,1,3,2,4605500,659100,2,3,2,0,0,1,63,95,2,0,1,0,0,0,1,2,1
200500023665,5,4,30,2245,5,9,1,1,4606000,658000,4,2,3,0,1,3,0,97,1,0,1,0,4,0,5,0,1
200500023666,5,4,20,1830,2,1,8,1,4604400,624600,2,2,2,0,2,3,0,76,1,0,1,0,0,1,1,0,1
200500023667,5,4,25,1330,1,2,3,3,4611000,610000,3,1,0,0,1,1,0,80,2,0,1,0,1,0,0,1,1
200500023672,5,4,7,1515,1,1,2,1,4611000,592000,2,2,2,0,1,1,0,71,2,0,1,0,1,1,0,0,1
200500023673,5,4,12,1930,1,1,1,1,4611000,604000,3,0,2,0,2,1,0,0,1,0,0,0,1,0,0,1,1
200500023677,5,4,19,815,1,1,8,1,4631600,631900,2,2,2,0,1,1,0,74,2,0,1,0,1,0,0,1,1
200500023679,5,4,14,1445,1,1,1,1,4629900,678600,3,2,0,0,0,1,62,0,1,0,1,0,1,0,0,1,1
200500023680,5,4,19,1030,1,2,8,1,4623800,644900,3,2,2,0,2,2,0,63,2,0,1,0,1,0,0,1,1
200500023681,5,4,8,1800,1,1,2,7,4637200,653300,4,2,2,0,1,2,0,50,2,0,1,0,0,0,0,1,1
200500023682,5,4,30,1515,1,1,1,1,4640200,666100,4,2,1,0,3,4,0,40,1,0,1,0,2,0,1,0,1
200500023684,5,4,14,2230,3,1,1,6,4574600,296000,3,0,2,0,2,1,0,49,1,0,1,0,1,0,0,1,1
200500023685,5,4,28,1730,1,9,1,6,4573500,310100,4,2,2,0,1,1,0,43,1,6,1,0,1,0,1,0,1
200500023689,5,4,12,1745,1,1,1,2,4579000,326000,3,0,1,0,1,1,0,74,1,0,1,0,1,0,0,2,1
200500023691,5,4,11,715,2,1,1,3,4568400,319300,3,2,0,0,2,1,0,144,1,0,1,0,1,0,0,1,1
200500023692,5,4,11,1900,1,1,1,3,4569900,299700,2,2,2,0,1,1,0,100,1,5,1,0,1,0,0,1,1
200500023693,5,4,22,1645,1,1,1,1,4567400,300600,3,2,0,0,2,2,0,70,1,0,1,0,1,0,0,1,1
200500023695,5,4,30,1515,1,1,1,7,4555900,388800,3,2,2,0,2,2,0,47,1,0,3,0,1,0,0,1,1
200500023696,5,4,13,2115,5,1,1,1,4554400,324800,9,2,2,0,1,1,0,83,1,0,1,0,1,0,0,1,1
200500023697,5,4,29,1030,1,1,1,6,4554900,325300,4,2,2,0,0,1,0,80,1,0,1,0,1,0,1,1,1
200500023698,5,4,30,1900,1,1,1,5,4555900,303600,3,2,3,0,1,3,0,108,1,0,1,0,1,1,0,2,1
200500023699,5,4,22,1545,1,1,1,1,4599900,309200,2,2,2,0,1,1,0,68,1,0,1,0,0,0,2,5,1
200500023700,5,4,29,1845,1,1,1,3,4598000,310000,3,2,2,0,2,1,0,60,1,0,1,0,1,0,1,0,1
200500023703,5,4,8,1400,1,1,1,3,4585500,269900,3,2,2,0,3,1,35,70,1,0,1,0,1,0,0,1,1
200500023706,5,4,29,1900,1,1,1,5,4585600,269700,3,2,2,0,3,1,35,70,1,0,1,0,5,0,0,1,1
200500023708,5,4,20,1730,1,1,1,3,4587200,347400,3,2,0,0,1,1,0,0,1,0,0,0,0,0,2,0,1
200500023709,5,4,26,445,3,1,1,6,4583300,343200,2,2,0,0,1,1,0,65,1,0,3,0,0,0,1,0,1
200500023712,5,4,14,1030,1,1,1,6,4592800,346400,3,2,2,0,1,1,0,50,1,0,3,0,0,0,0,1,1
200500023714,5,4,6,815,1,1,1,7,4652700,368100,2,2,2,0,1,1,0,0,1,0,1,0,0,1,0,0,1
200500023717,5,4,26,930,1,1,1,1,4633800,328200,3,2,1,0,1,3,0,51,1,0,1,0,1,0,0,1,1
200500023718,5,4,4,2200,5,1,1,3,4629600,266500,2,2,0,0,0,1,0,0,0,0,0,0,1,0,0,1,1
200500023720,5,4,2,1545,1,1,1,6,4639700,282000,3,2,2,0,1,1,0,60,1,0,0,0,0,1,0,1,1
200500023722,5,4,11,1715,1,1,1,6,4614000,321200,2,2,2,0,1,1,0,0,1,0,1,0,0,0,0,1,1
200500023724,5,4,8,2345,3,1,1,6,4627500,343100,2,2,2,0,1,1,0,76,1,0,3,0,2,0,1,2,1
200500023726,5,4,30,2015,1,1,1,3,4493800,238200,2,2,2,0,1,1,80,0,1,5,1,0,1,0,0,2,1
200500023727,5,4,30,1700,1,2,1,1,4525200,226600,4,0,0,0,1,1,0,41,1,5,1,0,1,0,1,0,1
200500023728,5,4,2,1045,1,5,1,3,4503800,308900,3,2,0,0,3,0,0,53,1,5,1,0,1,0,0,1,1
200500023729,5,4,1,1815,1,1,1,2,4504000,307000,9,2,2,0,2,1,0,61,1,0,1,0,1,0,0,1,1
200500023730,5,4,14,1830,1,1,1,2,4504000,310100,3,2,2,0,1,1,0,75,1,0,4,0,1,0,0,1,1
200500023731,5,4,3,1615,1,1,1,3,4505700,293100,3,2,0,0,0,1,0,0,1,0,1,0,1,0,1,0,1
200500023732,5,4,18,1415,1,1,2,1,4503000,377000,3,2,2,0,1,1,0,0,2,0,1,0,1,0,0,1,1
200500023733,5,4,9,1030,1,1,6,1,4483400,386400,2,2,0,0,1,1,0,71,5,0,1,0,5,0,1,1,1
200500023734,5,4,15,2000,3,1,4,6,4525400,389300,3,2,2,0,2,2,0,71,2,0,3,0,0,1,0,0,1
200500023736,5,4,27,1730,1,1,1,7,4521300,381800,3,2,2,0,1,1,0,76,1,0,0,0,0,0,1,0,1
200500023737,5,4,15,915,1,6,2,2,4532000,337000,2,2,2,0,1,1,0,0,2,0,1,0,2,0,0,1,1
200500023738,5,4,3,230,5,1,1,6,4514700,411800,4,2,0,0,2,3,70,0,1,0,1,0,1,0,0,1,1
200500023740,5,4,5,1645,1,1,1,1,4531100,411600,9,0,0,0,1,2,0,52,1,0,1,0,1,0,1,0,1
200500023751,5,4,22,1445,1,1,1,5,4916500,648400,3,2,2,0,1,2,0,95,1,0,1,0,10,1,1,0,1
200500023754,5,4,4,1100,1,1,1,7,4881200,640300,4,2,1,0,1,2,35,0,1,0,3,0,0,0,0,1,1
200500023755,5,4,30,1630,1,1,7,6,4885400,645300,3,3,2,0,1,1,0,92,1,0,1,0,1,0,0,2,1
200500023757,5,4,30,2030,1,1,1,1,4892900,664200,3,1,1,0,1,1,0,60,1,0,1,0,1,0,0,1,1
200500023759,5,4,15,1000,1,1,1,7,4877900,715300,3,2,2,0,2,1,0,70,1,2,3,0,0,0,0,1,1
200500023762,5,4,3,1645,1,1,1,7,4909200,744700,3,2,2,0,2,2,0,60,1,0,3,0,0,0,0,1,1
200500023763,5,4,22,1345,1,1,1,2,4915400,740200,3,2,2,0,1,1,0,82,1,0,1,0,0,0,0,3,1
200500023769,5,4,30,415,5,1,1,6,4946600,637500,4,2,2,0,1,1,0,60,1,0,4,0,0,0,0,2,1
200500023789,5,4,23,1330,1,1,1,7,4871800,509700,2,2,2,0,1,2,0,70,2,0,4,0,0,0,0,1,1
200500023790,5,4,26,1600,1,1,1,3,4894000,561000,3,2,2,0,4,1,0,0,1,5,1,0,1,0,0,2,1
200500023794,5,4,8,2045,5,1,3,3,4908000,546000,3,2,2,0,1,2,0,62,2,0,1,0,0,0,1,3,1
200500023795,5,4,17,1515,1,1,8,1,4902400,544000,4,2,2,0,0,2,0,55,1,0,1,0,3,0,0,1,1
200500023800,5,4,2,1845,1,1,1,7,4822200,661900,3,2,2,0,0,3,0,70,1,0,3,0,0,0,1,0,1
200500023801,5,4,14,2300,5,1,1,3,4837600,629400,3,2,2,0,1,1,0,50,1,0,1,0,2,0,0,1,1
200500023802,5,4,27,130,3,1,2,2,4797100,581000,3,2,0,0,1,1,0,62,2,0,1,0,1,1,0,0,1
200500023806,5,4,15,1530,1,1,8,6,4819800,609700,3,2,2,0,0,1,0,70,1,0,0,0,0,0,0,1,1
200500023807,5,4,25,1600,1,1,2,6,4809000,661000,3,2,2,0,1,1,0,60,2,0,4,0,0,1,1,1,1
200500023808,5,4,28,1815,1,1,1,7,4798000,664000,4,2,1,0,2,1,0,43,1,0,1,0,1,0,1,0,1
200500023809,5,4,7,645,2,1,2,1,4790400,672800,2,2,2,0,1,3,0,80,2,0,1,0,1,0,1,0,1
200500023810,5,4,1,1415,1,1,1,5,4838900,694600,3,2,2,0,0,3,70,70,1,0,1,0,2,0,1,1,1
200500023817,5,4,27,1200,1,1,1,1,4878200,784700,5,2,2,1,1,1,0,60,1,5,1,3,1,0,1,0,1
200500023818,5,4,30,1215,1,3,1,3,4877300,786100,4,2,0,0,1,1,0,0,1,0,1,3,1,0,0,1,1
200500023821,5,4,15,1200,1,1,1,6,4863500,733600,3,2,2,0,0,2,70,0,1,0,3,0,0,0,1,0,1
200500023822,5,4,18,1645,1,1,1,2,4863900,743000,3,2,1,0,1,1,0,79,1,0,1,0,1,0,0,1,1
200500023823,5,4,19,1830,1,9,1,6,4884500,741200,3,2,2,0,2,2,0,51,1,0,1,0,0,0,0,1,1
200500023824,5,4,1,745,1,1,1,6,4874000,736000,2,2,0,0,0,1,60,0,1,0,1,0,1,0,0,2,1
200500023825,5,4,1,1845,1,1,1,1,4879000,739000,3,2,0,0,0,1,0,57,1,0,1,0,1,0,0,1,1
200500023826,5,4,11,1430,1,1,1,1,4894900,708100,2,2,2,0,2,1,0,75,1,0,1,0,1,0,0,1,1
200500023827,5,4,12,1745,1,1,1,2,4866400,774000,2,2,2,0,1,1,0,55,1,0,1,0,1,0,1,0,1
200500023829,5,4,1,1930,2,1,1,1,4865000,752100,3,2,2,0,2,1,0,61,1,0,1,0,0,0,1,3,1
200500023830,5,4,10,2100,5,1,1,2,4864600,761000,3,2,2,0,0,1,0,0,1,0,1,3,2,0,0,1,1
200500023832,5,4,21,1030,1,1,1,6,4863900,759400,3,2,2,0,1,1,0,68,1,0,3,0,0,1,0,0,1
200500023833,5,4,4,1115,1,1,1,2,4869700,789200,3,2,2,0,1,0,0,0,1,0,1,0,1,0,1,0,1
200500023834,5,4,26,2115,3,8,1,6,4871100,789300,3,2,2,0,0,3,0,135,1,4,1,0,0,0,1,0,1
200500023835,5,4,24,1215,1,1,2,3,4860700,759700,3,4,4,0,1,0,0,80,2,5,1,0,4,0,0,2,1
200500023837,5,4,16,1600,1,1,1,5,4891100,794300,3,2,2,0,0,1,0,67,1,0,1,0,1,0,0,2,1
200500023838,5,4,29,1945,1,1,1,3,4891100,785900,3,2,2,0,1,1,0,60,1,0,1,0,2,0,0,1,1
200500023841,5,4,4,2145,5,1,1,3,4804300,712700,3,2,0,0,1,1,0,81,1,0,1,0,1,0,0,1,1
200500023842,5,4,15,45,3,1,1,6,4808800,753600,4,0,0,0,3,1,0,35,1,0,3,0,0,0,1,1,1
200500023843,5,4,4,1100,1,1,1,4,4820800,726900,3,2,2,0,2,3,0,58,1,0,1,0,1,0,0,2,1
200500023844,5,4,11,1745,1,1,1,3,4827000,728000,4,0,2,0,1,4,0,60,1,0,1,0,2,0,0,1,1
200500023845,5,4,7,1145,1,1,1,3,4809400,732000,3,2,2,2,1,1,0,89,1,0,1,0,1,0,0,1,1
200500023846,5,4,3,445,5,1,1,7,4765900,726600,3,2,2,0,1,1,110,0,1,0,1,0,0,0,1,0,1
200500023847,5,4,29,1045,1,1,1,1,4765400,726500,3,2,2,0,1,1,0,85,1,0,1,0,1,1,0,0,1
200500023848,5,4,3,1545,1,1,1,6,4744500,732800,3,2,2,0,1,2,0,70,1,0,1,0,0,0,1,0,1
200500023849,5,4,4,1700,1,1,1,5,4788300,752900,3,2,2,1,1,1,0,62,1,0,1,0,1,0,1,1,1
200500023850,5,4,25,1445,2,1,1,3,4791600,736100,3,2,2,0,0,3,0,75,1,5,1,0,0,0,0,2,1
200500023851,5,4,21,815,1,1,1,2,4798000,737700,3,2,2,0,1,1,0,70,1,0,1,0,1,0,1,0,1
200500023852,5,4,30,1230,1,1,1,3,4787000,735100,9,2,0,0,1,1,0,60,1,0,1,0,1,0,0,1,1
200500023853,5,4,3,1600,1,1,1,7,4785300,723800,2,3,4,0,1,1,20,74,1,0,3,0,0,0,0,2,1
200500023854,5,4,5,1645,1,1,1,2,4793800,727700,2,3,2,0,1,1,10,42,1,0,1,0,4,0,0,1,1
200500023855,5,4,7,1445,1,1,2,3,4797800,719900,4,2,2,0,1,1,0,56,2,0,1,0,1,0,0,1,1
200500023857,5,4,24,1245,1,1,2,7,4786200,724400,2,3,2,0,1,1,0,42,2,0,1,0,1,0,1,0,1
200500023858,5,4,27,1630,1,1,1,7,4796200,725800,4,2,0,0,1,3,0,0,1,0,1,0,0,0,1,0,1
200500023859,5,4,19,1015,1,1,1,1,4782400,735800,3,2,0,0,1,2,0,0,1,0,1,0,1,0,0,1,1
200500023860,5,4,4,1500,1,1,7,3,4761000,757200,3,2,3,0,1,1,0,0,1,5,1,0,3,0,0,1,1
200500023861,5,4,8,1600,1,1,1,2,4759100,745500,3,2,2,0,4,1,0,0,1,0,1,0,1,0,0,1,1
200500023862,5,4,11,1545,1,1,1,7,4758800,744100,3,2,2,0,2,1,0,0,1,0,1,0,0,0,0,1,1
200500023863,5,4,20,1500,1,1,2,6,4761400,756300,4,2,0,0,1,1,0,73,2,0,1,3,1,0,1,0,1
200500023864,5,4,28,700,1,1,1,7,4781300,719400,2,3,2,0,1,1,28,71,1,0,0,0,0,1,1,0,1
200500023865,5,4,17,1845,1,1,1,6,4890600,437900,3,2,2,0,2,1,0,65,1,0,1,0,1,0,0,1,1
200500023867,5,4,1,1900,1,1,1,7,4899800,393800,3,2,0,0,2,3,0,70,1,0,1,0,2,0,1,0,1
200500023868,5,4,20,500,3,1,1,1,4886400,355700,3,2,0,0,2,4,0,73,1,0,1,0,0,1,0,1,1
200500023869,5,4,11,1715,1,9,1,3,4854400,375200,3,2,2,0,1,2,0,67,1,0,1,0,1,0,0,1,1
200500023870,5,4,14,2215,5,1,2,6,4872800,372200,9,2,0,0,2,2,0,35,2,0,1,0,1,0,0,1,1
200500023871,5,4,7,15,3,1,9,6,4928200,389100,4,2,0,0,2,1,0,45,2,2,1,0,3,0,1,0,1
200500023872,5,4,26,1945,1,1,1,6,4867500,473400,4,2,0,0,1,1,0,55,1,0,3,0,1,0,1,0,1
200500023874,5,4,25,815,1,1,2,1,4912800,485700,3,2,0,0,1,1,60,60,2,0,1,0,0,0,1,1,1
200500023876,5,4,17,1830,1,1,1,1,4987500,485000,3,2,2,0,0,3,0,57,1,0,3,0,0,0,0,4,1
200500023877,5,4,26,1100,1,1,1,6,4984800,476300,3,2,2,0,2,2,0,70,1,0,1,0,0,0,0,1,1
200500023878,5,4,30,745,1,1,1,1,4992900,486000,3,2,2,0,1,2,0,0,1,0,1,0,1,0,0,1,1
200500023879,5,4,1,2000,2,1,1,7,4974600,459600,3,2,2,0,1,1,0,52,1,0,3,0,0,0,1,0,1
200500023880,5,4,15,1745,1,1,8,7,4985600,464100,3,2,0,0,1,1,0,50,2,0,1,0,0,0,0,1,1
200500023882,5,4,23,2130,3,1,1,7,4987600,439500,2,2,2,0,1,1,0,68,2,0,3,0,1,0,0,4,1
200500023883,5,4,24,1600,1,1,1,1,4950200,460000,3,2,2,0,1,1,0,42,1,0,1,0,1,0,1,0,1
200500023884,5,4,29,1715,1,1,1,6,4948700,474200,3,1,2,0,0,2,0,70,0,0,0,0,0,0,0,1,1
200500023885,5,4,30,1830,1,1,1,7,4934800,483100,3,0,2,0,3,1,63,0,1,0,1,0,0,0,0,1,1
200500023887,5,4,4,1615,1,1,1,7,4948600,415900,3,2,2,0,1,2,0,0,1,0,1,0,0,0,0,2,1
200500023890,5,4,15,2115,3,1,2,5,4809000,392000,3,2,0,0,0,1,0,60,2,0,1,0,2,0,1,0,1
200500023891,5,4,11,1330,1,1,1,3,4796000,401800,3,2,2,0,0,2,0,67,1,0,1,0,1,0,1,0,1
200500023893,5,4,13,1130,1,2,1,3,4840200,437100,3,2,2,0,2,1,0,70,1,0,1,0,3,1,0,1,1
200500023894,5,4,12,2045,5,1,1,3,4823000,471000,2,0,2,0,1,1,75,0,1,0,1,0,1,0,1,0,1
200500023896,5,4,15,2200,3,1,1,6,4847200,454600,3,2,0,0,1,1,0,56,1,2,1,0,0,0,1,0,1
200500023897,5,4,2,2130,3,1,1,7,4855700,402000,3,2,2,0,1,2,0,56,1,0,3,0,0,1,0,0,1
200500023898,5,4,19,1615,1,1,1,2,4851800,372600,3,1,1,0,1,1,0,38,1,0,1,0,3,0,2,0,1
200500023899,5,4,28,1745,1,1,1,1,4851000,372000,2,4,0,1,1,1,15,120,1,5,1,0,1,0,1,0,1
200500023900,5,4,30,1700,1,1,1,7,4857300,394600,3,2,2,0,1,1,0,60,1,0,1,0,0,0,0,1,1
200500023903,5,4,16,1130,1,1,2,5,4826400,512100,2,2,2,0,1,3,0,73,2,0,1,0,2,2,3,0,1
200500023904,5,4,2,1045,1,1,1,3,4779700,557400,2,2,0,0,4,1,0,77,1,0,1,0,2,0,0,1,1
200500023905,5,4,28,1845,1,1,1,6,4780800,544900,4,2,2,0,1,1,0,70,1,0,1,0,1,0,0,1,1
200500023906,5,4,15,1500,1,9,8,1,4777000,531000,3,2,2,0,0,3,0,60,1,0,1,0,1,0,0,1,1
200500023907,5,4,8,1645,1,1,1,1,4855600,506300,2,2,2,0,1,1,0,77,1,0,1,0,0,0,1,1,1
200500023910,5,4,21,930,3,1,1,1,4733500,448100,1,2,2,0,1,3,20,70,1,0,1,0,1,0,0,3,1
200500023912,5,4,16,415,3,8,2,1,4737200,507700,3,2,2,0,1,1,0,54,2,4,1,0,1,0,0,1,1
200500023913,5,4,19,1000,1,8,1,1,4737200,507700,3,2,2,0,0,1,0,65,1,0,1,0,1,1,0,0,1
200500023914,5,4,29,1645,1,1,7,1,4740600,514900,4,2,2,0,1,2,0,0,1,0,0,0,1,0,0,1,1
200500023915,5,4,7,645,1,1,2,3,4719000,538000,4,2,2,0,1,1,0,84,2,0,1,0,1,0,0,1,1
200500023916,5,4,26,1630,1,2,1,3,4723000,498000,2,2,0,0,1,1,0,45,1,5,1,0,1,0,0,1,1
200500023918,5,4,28,1845,1,1,1,7,4743300,575000,3,2,0,0,2,1,0,0,1,0,1,0,0,0,1,0,1
200500023919,5,4,24,1845,1,1,8,2,4756500,521100,2,2,0,0,4,1,0,91,2,0,1,0,1,0,1,0,1
200500023920,5,4,2,815,1,1,1,7,4730000,482000,1,0,0,0,1,1,0,0,1,0,2,0,0,0,0,1,1
200500023921,5,4,8,700,1,1,1,1,4700600,478200,4,2,2,0,2,3,0,30,1,0,1,0,1,0,1,0,1
200500023922,5,4,14,1215,1,1,1,6,4698900,486100,3,2,0,0,1,1,0,0,1,0,1,0,1,0,0,1,1
200500023923,5,4,16,1200,1,1,8,1,4699000,477000,4,2,0,0,2,0,0,0,2,0,1,0,4,0,0,2,1
200500023924,5,4,19,1800,1,1,1,6,4696100,472300,4,2,2,0,1,1,0,55,1,0,1,0,1,0,1,0,1
200500023925,5,4,22,1445,1,1,1,7,4785600,466900,3,2,2,0,2,2,0,75,1,0,1,0,0,0,0,1,1
200500023926,5,4,27,1600,1,6,1,6,4786100,457100,2,0,0,0,0,3,0,30,1,5,1,0,0,1,0,1,1
200500023927,5,4,26,1845,1,1,1,5,4755800,445500,3,2,2,0,0,3,0,60,1,0,1,0,3,0,2,0,1
200500023929,5,4,29,1830,1,1,1,7,4244300,457800,3,2,0,0,1,1,0,0,1,0,0,0,0,0,1,0,1
200500023930,5,4,9,1630,1,1,1,1,4704600,308000,4,2,2,0,1,1,0,75,1,0,1,0,1,0,0,1,1
200500023931,5,4,23,30,5,1,1,6,4694900,312000,3,2,2,0,1,1,0,75,1,0,1,0,1,1,0,0,1
200500023935,5,4,14,1745,1,1,1,6,4718900,302000,9,2,1,0,1,3,61,0,1,0,4,0,0,0,0,1,1
200500023937,5,4,30,1315,1,1,1,2,4747900,321900,3,2,2,0,1,0,0,65,1,0,1,0,1,0,0,1,1
200500023938,5,4,23,1615,1,1,1,2,4624200,478600,2,2,2,0,1,1,0,0,1,0,1,0,1,0,0,1,1
200500023941,5,4,18,1330,1,6,1,7,4645300,488700,2,3,2,0,1,3,46,93,1,5,1,0,0,1,0,0,1
200500023943,5,4,8,830,1,1,1,5,4691100,418800,3,2,2,0,1,1,0,70,1,0,1,0,7,0,0,1,1
200500023944,5,4,19,1500,1,3,1,1,4672400,426800,3,2,2,0,2,1,0,73,1,0,1,0,2,0,0,2,1
200500023945,5,4,24,1100,1,1,3,7,4672600,389100,3,2,2,0,1,1,0,49,8,0,1,0,0,0,0,1,1
200500023949,5,4,15,1715,1,1,1,7,4676900,473900,3,2,2,0,0,2,0,75,1,0,1,0,1,0,1,0,1
200500023952,5,4,29,1830,1,3,1,3,4660800,436200,3,2,0,0,0,1,0,56,1,0,1,0,0,0,1,1,1
200500023953,5,4,4,1030,1,1,1,2,4625600,440600,3,2,2,0,1,1,0,100,1,5,1,0,3,0,1,0,1
200500023954,5,4,15,500,5,1,8,6,4629300,433600,3,2,2,0,1,1,0,65,2,0,3,0,0,1,0,0,1
200500023955,5,4,7,1815,1,1,2,1,4649600,415500,2,2,2,0,1,1,0,70,2,0,1,0,0,1,0,1,1
200500023956,5,4,1,1930,2,1,1,1,4689600,468200,3,2,2,0,0,2,0,0,1,2,1,0,1,0,1,0,1
200500023957,5,4,5,1915,1,1,1,7,4687300,456700,3,2,2,0,0,3,0,0,8,0,1,0,0,0,1,1,1
200500023958,5,4,13,1800,1,1,1,7,4689800,468600,3,2,2,0,1,3,0,64,1,0,1,0,0,0,0,1,1
200500023960,5,4,15,745,1,1,3,1,4663000,374900,6,2,2,0,1,1,0,0,2,0,0,0,1,0,0,1,1
200500023961,5,4,13,715,1,1,1,6,4654100,533500,3,2,2,0,1,1,0,70,1,0,4,0,0,0,0,1,1
200500023964,5,4,17,45,5,1,3,6,4654000,504000,3,2,2,0,1,1,0,72,4,0,3,0,0,0,1,0,1
200500023965,5,4,24,2330,3,1,3,6,4660500,507600,3,2,2,0,1,1,0,65,2,0,1,0,0,0,0,1,1
200500023970,5,4,2,1515,1,1,1,3,4763800,332800,3,2,2,0,1,1,0,61,1,0,1,0,2,0,1,2,1
200500023971,5,4,3,900,1,1,1,6,4763100,366500,3,2,0,0,1,3,0,60,1,0,3,0,1,0,2,0,1
200500023972,5,4,11,2215,3,1,1,6,4799400,379300,3,2,2,0,1,1,0,76,1,5,3,0,0,0,2,0,1
200500023974,5,4,22,1845,1,1,1,2,4801000,374100,2,2,2,0,0,2,0,0,1,0,1,0,1,0,0,1,1
200500023976,5,4,15,1145,1,2,1,3,4789800,374700,3,2,2,0,2,1,0,50,1,0,1,0,1,0,1,2,1