Num_Acc,an,mois,jour,hrmn,lum,int,atm,col,lat,long,catr,circ,nbv,vosp,prof,plan,lartpc,larrout,surf,infra,situ,env1,unscathed,killed,hospital,light,chance
200500024425,5,4,14,1430,1,1,1,4,4914100,237500,3,2,2,0,1,1,0,75,1,0,1,0,1,0,1,1,1
200500024429,5,4,8,1915,1,1,1,3,4710400,311900,4,2,0,0,1,1,0,0,1,0,1,0,1,0,0,1,1
200500024430,5,4,8,1745,1,1,1,6,4483000,302800,3,2,2,0,1,2,0,65,1,0,3,0,0,0,1,0,1
200500024431,5,4,30,1030,1,1,7,6,4484700,299900,3,2,0,0,2,3,0,101,1,0,0,0,0,0,2,0,1
200500024433,5,4,23,1045,1,1,2,1,4349000,563000,3,2,2,0,1,1,0,52,2,0,1,0,1,0,0,1,1
200500024434,5,4,5,1745,1,1,1,6,4413000,35000,3,2,2,0,1,1,0,72,1,0,1,0,0,0,1,0,1
200500024435,5,4,9,1100,1,1,1,3,4417000,31000,3,2,0,0,1,1,0,50,1,0,1,0,1,0,0,1,1
200500024436,5,4,29,1630,1,3,1,2,4406000,24900,3,2,2,0,1,1,0,60,1,0,1,0,2,0,1,0,1
200500024441,5,4,24,2145,3,1,1,1,4860800,211100,1,3,0,0,1,1,0,0,1,0,0,0,2,0,0,1,1
200500024442,5,4,28,1600,1,1,1,1,4827400,185300,1,3,0,0,1,1,6,270,1,0,0,0,1,0,1,0,1
200500024444,5,4,11,1900,1,1,1,6,4853000,250000,1,3,4,3,1,1,30,210,1,0,3,0,1,0,1,0,1
200500024462,5,4,14,1400,1,2,1,1,4927800,235700,3,2,2,0,0,1,0,96,1,5,1,0,2,0,0,1,1
200500024463,5,4,10,1045,1,1,8,1,4934300,106900,1,3,1,0,1,2,0,68,2,3,1,0,2,0,0,1,1
200500024474,5,4,14,1830,1,1,1,3,4813300,-73400,3,2,2,0,2,0,0,61,1,0,1,0,1,0,1,0,1
200500024475,5,4,17,1215,1,9,1,1,4813500,-100700,4,2,2,0,2,2,0,0,1,0,1,0,1,0,1,0,1
200500024476,5,4,8,1800,1,1,1,6,4909900,250800,3,2,2,0,1,1,0,60,1,5,1,0,0,0,0,1,1
200500024477,5,4,10,1615,1,1,1,6,4909800,250700,4,2,0,0,1,1,0,40,1,0,1,0,1,0,1,0,1
200500024479,5,4,8,800,1,1,1,6,4372000,149000,3,2,0,0,1,1,0,65,2,0,1,0,1,0,0,1,1
200500024486,5,4,6,2045,3,1,1,5,4368100,408300,1,3,3,0,0,1,30,105,1,0,1,0,2,1,0,0,1
200500024493,5,4,22,1500,1,1,1,1,4734200,88800,2,2,0,0,0,1,68,0,1,0,1,0,2,0,0,3,1
200500024497,5,4,21,415,3,1,1,6,4781500,185400,1,3,4,0,1,1,0,120,1,0,3,0,0,1,0,0,1
200500024498,5,4,27,645,1,1,1,6,4809500,185200,1,0,3,0,1,1,0,0,1,0,1,0,4,0,0,2,1
200500024499,5,4,1,2030,5,2,1,3,4352900,526000,4,2,0,0,1,1,0,60,1,0,1,0,0,0,0,3,1
200500024500,5,4,3,730,1,1,1,6,4358200,533400,3,2,0,0,1,1,0,51,1,0,1,0,0,0,0,1,1
200500024501,5,4,21,2200,3,1,1,1,4351200,524100,3,2,2,0,1,3,0,73,1,0,1,0,1,1,0,0,1
200500024502,5,4,1,1700,1,1,1,2,4876400,795200,3,2,2,0,1,1,0,62,1,5,1,0,1,0,1,0,1
200500024507,5,4,27,1300,1,1,1,2,4529000,562200,1,4,8,3,1,1,0,0,1,7,1,0,1,0,1,1,1
200500024513,5,4,14,1845,1,1,1,1,4569300,474300,4,2,0,0,1,1,0,26,1,0,1,0,1,1,0,0,1
200500024517,5,4,9,1800,1,1,8,6,4557900,324100,1,3,2,3,1,2,25,70,1,0,1,0,2,0,1,0,1
200500024518,5,4,16,1130,2,1,3,3,4550400,325900,1,3,3,3,0,2,30,70,2,0,1,0,1,1,0,0,1
200500024519,5,4,2,1715,1,1,1,2,4906500,427900,1,3,0,0,1,1,20,108,1,0,1,0,1,0,1,0,1
200500024520,5,4,3,1200,1,1,1,1,4857500,216600,3,3,2,0,1,1,6,50,1,0,1,0,1,0,1,0,1
200500024521,5,4,30,2100,2,1,1,6,4903200,453100,1,3,2,0,1,1,15,70,1,0,3,0,2,0,1,0,1
200500024534,5,4,17,400,3,1,1,6,4247700,286300,1,1,3,0,2,1,30,105,1,2,1,0,0,0,0,1,1
200500024537,5,4,28,730,1,1,1,3,4524100,584100,1,0,2,0,1,1,55,115,1,0,1,0,1,0,0,1,1
200500024539,5,4,26,2030,1,1,1,2,4351700,546700,1,3,2,0,0,1,0,0,1,3,1,0,1,0,0,1,1
200500024545,5,4,23,2000,1,1,1,1,4863900,249800,3,3,0,1,0,4,36,95,0,0,0,0,1,0,0,1,1
200500024546,5,4,12,430,3,1,1,6,4465400,-83600,1,3,2,0,1,1,200,70,1,0,0,0,0,0,0,1,1
200500024551,5,4,23,200,3,1,1,6,4218400,861600,3,2,0,0,1,1,0,62,1,0,3,0,0,0,1,0,1
200500024552,5,4,6,630,1,1,1,3,4522700,579400,2,2,2,1,2,1,0,70,1,0,1,0,1,0,0,1,1
200500024557,5,4,15,1200,1,1,4,5,4853300,-290200,2,3,4,0,1,1,35,70,2,0,1,0,0,0,3,4,1
200500024558,5,4,11,1515,1,1,2,7,4172700,940500,2,2,2,0,2,2,0,72,8,0,1,0,0,0,1,0,1
200500024559,5,4,18,845,1,1,1,3,4177600,940100,2,2,2,0,0,3,0,68,1,2,1,0,0,0,0,4,1
200500024563,5,4,26,1130,1,1,1,6,4591200,523800,1,0,2,0,1,1,20,70,1,0,1,0,0,0,0,2,1
200500024564,5,4,30,2030,2,1,1,2,4582500,499500,1,0,0,0,1,0,25,70,1,0,0,0,4,0,0,1,1
200500024565,5,4,1,930,3,1,8,1,4549900,428400,3,0,2,0,2,1,0,74,2,0,1,0,0,0,0,2,1
200500024566,5,4,15,30,5,1,1,3,4550200,416700,3,2,2,0,1,1,0,85,1,0,1,0,1,0,0,1,1
200500024570,5,4,3,2100,2,1,1,7,4920000,417000,3,2,2,0,1,2,0,59,1,0,1,0,0,0,1,0,1
200500024571,5,4,8,1900,1,1,2,1,4912900,424000,2,2,0,0,1,1,0,72,2,0,1,0,2,0,0,1,1
200500024572,5,4,29,1845,1,1,1,1,4919900,405300,3,2,2,0,1,1,0,65,1,0,1,0,0,0,1,2,1
200500024573,5,4,30,1230,1,2,1,3,4907900,417700,3,2,2,0,1,1,0,120,1,5,1,0,1,0,0,1,1
200500024574,5,4,13,1900,1,1,8,6,4840800,-291200,9,2,1,0,0,1,0,70,2,0,0,0,1,1,0,0,1
200500024577,5,4,19,2330,5,1,1,2,5072500,217000,1,3,0,0,0,1,10,31,1,7,1,0,2,0,2,5,1
200500024578,5,4,15,1615,1,1,1,1,4354000,135000,4,2,0,1,1,1,0,65,1,0,1,3,1,0,1,0,1
200500024582,5,4,18,1215,1,1,1,3,4538900,478300,4,2,2,0,1,2,0,0,1,5,1,0,1,0,1,0,1
200500024584,5,4,24,1415,1,1,1,7,4277000,173000,2,2,2,0,2,0,0,72,1,0,3,0,1,0,1,0,1
200500024585,5,4,6,1600,1,1,1,7,4752600,-277200,3,2,4,0,1,1,0,145,1,0,1,0,0,0,0,1,1
200500024586,5,4,17,1800,1,1,2,1,4752700,-273600,3,2,0,0,1,1,0,72,2,0,1,0,1,0,1,2,1
200500024592,5,4,9,515,3,1,1,7,4849000,-263700,3,0,2,0,1,3,0,70,1,0,4,0,0,0,3,0,1
200500024596,5,4,4,1530,1,1,1,3,4361600,505000,3,2,2,0,0,1,0,70,1,0,1,0,1,1,0,0,1
200500024604,5,4,14,1700,1,6,1,2,4854100,768400,3,2,2,0,1,1,40,84,1,0,1,0,1,0,0,1,1
200500024605,5,4,1,1600,1,1,1,1,4865200,774900,9,0,0,0,1,1,0,50,1,0,1,0,1,0,0,1,1
200500024606,5,4,27,1115,1,1,1,6,4864900,772500,3,3,2,0,1,1,0,0,1,0,3,0,1,0,0,1,1
200500024608,5,4,22,1330,1,1,1,6,4311800,32100,1,1,2,0,2,1,20,92,1,0,1,0,2,0,1,0,1
200500024612,5,4,23,1330,1,1,1,6,4640000,271000,1,0,0,0,1,1,0,0,1,0,1,0,0,0,1,0,1
200500024615,5,4,8,1030,1,1,2,3,4361100,549600,2,2,2,0,2,2,0,70,2,3,1,0,2,0,0,1,1
200500024616,5,4,28,1600,1,2,1,1,4367000,544500,3,2,2,2,1,1,0,70,1,0,1,0,1,0,0,1,1
200500024617,5,4,30,1530,1,1,1,7,4362100,546500,3,2,2,0,2,3,0,0,1,0,3,0,0,0,0,1,1
200500024618,5,4,20,915,1,1,1,7,4808400,-163400,3,3,4,0,1,1,10,250,2,0,1,0,0,0,1,0,1
200500024622,5,4,29,1615,3,1,2,7,4897100,428300,1,3,0,0,1,1,0,30,2,2,1,0,0,0,1,0,1
200500024623,5,4,18,900,1,1,1,7,4854100,280100,1,3,0,0,1,1,10,135,1,0,3,0,0,0,1,0,1
200500024626,5,4,20,1745,1,1,1,6,4366800,525200,2,2,0,0,1,1,0,0,1,0,1,0,0,0,0,1,1
200500024630,5,4,2,2300,3,1,1,6,4607000,650000,2,2,2,0,1,1,75,72,1,0,3,0,0,0,1,0,1
200500024631,5,4,4,430,3,1,1,6,4616000,647000,3,2,2,0,2,4,0,65,1,0,3,0,0,0,0,1,1
200500024635,5,4,30,1715,1,1,1,3,4672400,159800,1,3,4,0,1,1,13,140,1,3,1,0,3,0,2,1,1
200500024638,5,4,2,945,1,1,1,5,4874000,201000,3,2,2,0,2,1,0,74,1,5,1,0,2,0,0,1,1
200500024639,5,4,5,1115,1,1,1,1,4873000,210000,3,2,0,0,0,3,0,90,1,0,1,0,1,0,0,1,1
200500024640,5,4,1,145,3,1,1,2,4469600,158700,1,3,2,0,1,1,12,72,1,0,1,0,1,0,1,0,1
200500024641,5,4,25,415,3,1,1,6,4449300,146800,1,3,0,0,0,1,0,72,2,0,3,0,0,0,1,2,1
200500024642,5,4,12,1915,1,3,1,3,4780200,724200,3,2,2,0,1,1,0,70,1,0,1,0,3,0,0,1,1
200500024644,5,4,7,1530,1,1,2,4,4887500,768600,2,2,1,0,1,1,0,81,2,0,1,0,3,0,0,1,1
200500024651,5,4,9,1715,1,1,1,6,4995000,135000,3,2,2,0,1,1,0,52,1,0,3,0,0,1,1,0,1
200500024654,5,4,22,1900,1,1,1,6,4730500,185700,1,3,2,0,1,1,10,65,1,0,3,0,0,0,1,0,1
200500024661,5,5,27,1,5,1,1,1,5050800,289400,4,2,0,0,1,3,0,50,1,0,1,0,0,0,0,2,1
200500024663,5,5,9,900,5,1,1,6,5058000,311000,3,2,0,0,1,1,0,105,1,0,3,0,1,0,2,2,1
200500024664,5,5,19,800,1,1,1,7,5049100,301900,3,2,2,0,1,1,0,0,1,0,1,0,0,0,0,1,1
200500024665,5,5,4,1900,1,2,3,3,5097300,257200,3,2,2,0,1,1,0,63,2,0,1,0,1,0,1,0,1
200500024666,5,5,21,1415,1,2,1,3,5085100,233400,3,2,2,0,2,1,0,60,1,0,1,0,1,0,0,1,1
200500024667,5,5,31,1915,1,1,1,7,5088000,247500,3,2,2,0,1,1,0,65,1,0,3,0,0,0,0,1,1
200500024670,5,5,2,1715,1,1,1,3,5070300,277800,4,2,2,0,1,1,0,40,1,0,1,0,1,0,0,1,1
200500024671,5,5,12,1730,1,1,1,3,5082300,248600,3,2,2,0,0,3,0,0,1,0,1,0,1,0,0,1,1
200500024672,5,5,19,1945,1,2,1,5,5080900,259200,3,2,2,0,1,1,0,75,1,0,1,0,2,0,0,1,1
200500024673,5,5,21,100,5,1,2,1,5061200,325400,3,0,0,0,1,3,0,70,2,0,0,0,0,1,0,4,1
200500024674,5,5,15,1900,1,1,1,1,5031900,326300,3,2,0,0,1,1,0,55,1,0,1,0,0,0,0,2,1
200500024675,5,5,26,1230,1,1,1,6,5028600,332100,3,2,0,0,1,1,0,0,1,0,1,0,0,0,1,1,1
200500024678,5,5,22,1815,1,1,1,6,5012700,341200,3,2,0,0,1,0,0,0,1,0,1,0,1,0,0,1,1
200500024685,5,5,27,1645,1,1,1,6,5024000,272000,3,2,2,0,1,1,0,58,1,0,1,0,1,0,1,0,1
200500024687,5,5,27,1230,1,1,1,6,5061900,267600,3,2,2,0,1,1,0,60,1,0,1,0,0,0,0,1,1
200500024689,5,5,28,1700,1,1,1,2,5068800,163100,2,3,2,0,1,1,0,0,1,0,1,0,1,0,1,0,1
200500024690,5,5,4,1800,1,2,2,1,5080000,193600,3,2,0,0,2,3,0,75,2,0,3,0,0,0,1,1,1
200500024693,5,5,25,1815,1,1,1,3,5041200,164700,3,4,0,0,1,0,0,0,1,5,1,0,1,0,1,1,1
200500024694,5,5,31,645,1,2,1,3,5036900,170500,3,2,2,0,2,1,0,55,1,0,1,0,0,0,2,1,1
200500024696,5,5,27,2330,5,9,1,3,5051800,163600,3,2,3,0,1,1,0,125,1,0,1,0,4,0,2,0,1
200500024697,5,5,28,845,2,1,1,7,5052700,217000,3,2,0,0,2,2,0,62,1,0,4,0,0,0,1,0,1
200500024698,5,5,10,1945,1,1,1,6,5056000,203000,3,2,2,0,1,2,0,60,1,0,1,0,0,0,1,0,1
200500024699,5,5,19,1100,1,2,1,1,5050500,162700,9,2,0,0,0,1,0,60,1,5,1,3,1,0,0,1,1
200500024700,5,5,16,430,3,1,1,3,5080100,212900,2,2,2,0,1,1,0,70,1,5,1,0,2,0,0,2,1
200500024701,5,5,1,1700,1,1,1,1,5087000,215000,4,2,1,0,1,1,0,36,1,0,1,0,1,0,1,0,1
200500024702,5,5,21,2015,1,1,1,6,5085000,207000,4,2,2,0,1,2,0,50,1,0,4,0,0,0,1,0,1
200500024704,5,5,1,100,3,1,1,6,5041000,244200,3,2,0,0,1,2,0,57,1,0,1,0,0,0,0,1,1
200500024706,5,5,19,1615,1,1,2,3,5030900,206400,3,2,2,0,2,3,0,60,2,0,1,0,2,0,0,1,1
200500024707,5,5,22,1,3,1,1,7,5023100,211800,3,2,2,0,1,3,0,66,1,0,1,0,0,1,0,2,1
200500024709,5,5,9,1230,1,1,1,3,5022200,257900,2,2,2,0,1,1,0,120,1,5,1,0,0,0,0,2,1
200500024710,5,5,15,1445,1,1,1,6,5030000,233900,3,2,2,0,1,1,0,45,1,0,3,0,0,0,0,1,1
200500024711,5,5,7,1915,1,1,1,1,5036400,207000,3,2,0,0,1,3,0,70,1,0,1,0,0,0,0,2,1
200500024712,5,5,12,730,1,9,1,3,5046800,214200,3,2,2,0,1,1,0,55,1,0,1,0,0,0,1,3,1
200500024713,5,5,23,1645,1,1,1,3,5040100,210600,3,2,2,0,1,1,0,62,1,0,1,0,1,0,0,1,1
200500024714,5,5,25,1530,1,1,1,1,4999700,252100,4,2,2,0,1,1,0,50,1,0,1,0,0,0,1,1,1
200500024715,5,5,27,1415,1,1,1,6,4991800,249000,4,2,2,0,1,1,0,89,1,0,1,0,1,0,1,0,1
200500024716,5,5,31,2200,2,1,1,3,4996400,250300,3,2,0,0,1,1,0,0,1,5,1,0,1,0,0,1,1
200500024717,5,5,7,1645,1,1,1,2,4981900,178800,3,2,2,0,1,1,0,60,1,0,1,0,3,0,0,2,1
200500024718,5,5,27,2245,5,1,1,6,4997000,180200,9,0,0,0,1,1,0,68,1,0,0,0,0,0,0,1,1
200500024720,5,5,23,1445,1,1,1,7,4979000,221000,5,0,1,0,1,1,0,25,6,0,0,0,0,0,1,0,1
200500024721,5,5,29,1800,1,2,2,5,4999000,236000,3,2,2,0,4,1,0,70,2,5,1,0,1,0,1,1,1
200500024723,5,5,7,2100,2,1,1,3,5007700,187100,3,2,2,0,1,1,0,69,1,0,1,0,1,0,1,0,1
200500024724,5,5,16,1800,1,1,1,3,5001800,199600,3,2,0,0,1,1,0,66,1,0,1,0,4,0,1,0,1
200500024725,5,5,25,1830,1,9,1,3,5006000,171000,3,2,0,0,2,3,0,61,1,0,1,0,1,0,2,0,1
200500024726,5,5,5,2245,5,1,1,6,5009200,147400,4,2,0,0,1,1,0,61,1,0,4,0,0,1,0,0,1
200500024727,5,5,7,300,5,1,1,6,5006600,159500,3,2,0,0,1,1,0,72,1,0,4,0,1,0,1,0,1
200500024728,5,5,10,1830,1,1,1,3,5009200,155200,3,2,2,0,1,1,0,0,1,0,1,0,3,0,1,0,1
200500024730,5,5,15,1530,1,1,7,3,5008000,143500,3,2,0,0,1,2,0,68,1,0,1,0,1,0,1,0,1
200500024731,5,5,15,1345,1,1,7,3,4999000,155500,3,2,0,0,2,1,0,58,1,0,1,0,1,0,0,1,1
200500024733,5,5,18,815,1,1,7,3,5027000,166000,4,2,2,0,1,1,50,0,1,0,1,0,1,0,0,1,1
200500024734,5,5,22,315,5,1,1,6,5022000,162000,3,1,1,0,1,1,0,75,1,0,1,0,0,0,1,1,1
200500024739,5,5,15,1730,1,1,1,6,5004000,245700,3,2,2,0,1,2,0,102,1,0,1,0,1,0,0,1,1
200500024740,5,5,20,630,2,1,8,6,5016600,235600,2,2,2,0,4,2,0,0,2,0,1,0,4,0,0,1,1
200500024741,5,5,15,930,1,1,1,3,5001600,209200,3,2,2,0,2,1,65,0,1,0,1,0,1,0,0,1,1
200500024743,5,5,2,1830,1,1,1,3,4978000,247000,3,2,0,0,1,1,0,60,1,5,1,0,2,0,1,0,1
200500024744,5,5,14,1430,1,1,3,1,4977500,233100,3,2,2,0,3,0,0,62,2,0,1,0,0,2,2,0,1
200500024745,5,5,17,1900,1,1,1,6,4971900,224900,2,2,2,0,3,1,0,75,1,0,3,0,0,1,0,0,1
200500024747,5,5,18,1245,1,1,1,3,4990600,300700,3,2,0,0,4,1,0,71,1,0,1,0,0,0,0,2,1
200500024749,5,5,2,1500,1,1,1,6,5004500,272500,3,2,0,0,0,2,0,65,1,0,3,0,0,0,1,0,1
200500024750,5,5,10,1530,1,1,1,6,5000700,264600,4,2,2,0,1,1,0,57,1,0,1,0,1,0,0,1,1
200500024751,5,5,14,1100,1,1,2,1,5001000,265200,9,2,0,0,1,1,0,55,2,5,1,0,1,0,0,1,1
200500024753,5,5,9,1800,1,1,1,2,4953100,366200,4,2,2,0,1,1,0,50,1,0,1,0,1,0,0,1,1
200500024759,5,5,16,1730,1,9,1,1,4951600,352500,3,2,2,0,0,1,0,54,1,0,1,0,1,0,1,0,1
200500024761,5,5,22,1830,1,1,1,7,4956200,373000,3,2,0,0,1,1,0,65,1,0,1,0,0,0,1,0,1
200500024762,5,5,13,2345,3,1,2,6,4912000,358000,3,2,1,0,2,1,0,60,2,0,3,0,0,0,2,0,1
200500024766,5,5,21,1,4,1,1,6,4989400,316200,3,2,2,0,1,1,0,40,0,0,3,0,1,0,1,0,1
200500024768,5,5,14,2330,3,1,2,6,4976000,331000,3,2,2,0,1,1,0,46,2,0,3,0,0,0,1,0,1
200500024769,5,5,21,2020,1,1,1,3,4937000,339000,4,2,0,0,1,1,0,54,1,0,1,0,1,0,1,0,1
200500024770,5,5,25,1945,1,1,1,7,4944000,332000,3,2,0,0,0,1,60,0,1,0,1,0,1,0,0,1,1
200500024771,5,5,5,1715,1,1,1,6,4925700,308900,9,2,2,0,1,2,0,50,1,0,4,0,0,0,1,0,1
200500024773,5,5,24,1215,1,1,1,7,4937000,310000,3,2,0,0,0,1,0,58,1,0,1,0,0,1,0,1,1
200500024776,5,5,28,1500,1,1,1,6,4998700,374900,3,2,0,0,0,0,0,0,0,0,0,0,1,0,0,1,1
200500024778,5,5,22,2145,1,1,1,6,4988000,401000,3,2,2,0,1,1,0,71,1,0,3,0,0,0,1,1,1
200500024779,5,5,28,1915,1,1,1,3,4990300,405600,3,2,0,0,1,1,0,78,1,0,1,0,1,0,0,1,1
200500024780,5,5,16,1500,1,1,1,1,4945700,218300,3,2,2,0,2,3,0,61,1,0,1,0,0,2,1,0,1
200500024781,5,5,25,1230,1,1,1,1,4943400,220300,3,2,2,0,1,1,0,54,1,0,1,0,1,0,1,2,1
200500024782,5,5,27,1815,1,1,1,1,4940500,203700,3,2,2,0,2,3,0,75,1,0,1,0,0,0,2,0,1
200500024783,5,5,6,1730,1,1,1,2,4944000,190200,2,0,0,0,1,1,0,96,1,5,1,0,1,0,1,0,1
200500024785,5,5,13,800,1,1,8,3,4927800,208300,3,2,2,0,1,1,0,70,1,0,1,0,1,0,0,1,1
200500024788,5,5,25,1800,1,1,1,1,4958700,180200,3,2,0,0,4,3,0,36,1,0,1,0,1,0,1,0,1
200500024789,5,5,26,1500,1,1,1,6,4958300,195400,3,2,2,0,2,1,0,72,1,0,1,0,1,0,1,0,1
200500024791,5,5,12,1730,1,1,1,6,4924400,213600,4,2,0,0,1,1,0,0,1,0,1,0,1,0,0,1,1
200500024792,5,5,30,800,1,1,2,1,4920100,220600,4,2,2,0,1,1,0,50,2,0,1,0,1,0,0,1,1
200500024795,5,5,1,2030,1,1,1,6,4958500,233700,3,2,2,0,1,1,0,68,1,0,3,0,0,0,2,0,1
200500024796,5,5,19,1115,2,1,2,1,4958400,224500,2,2,3,0,2,1,0,70,2,0,1,0,0,0,2,0,1
200500024797,5,5,21,1800,1,1,1,1,4967800,224100,9,2,2,0,0,0,0,0,1,0,0,0,1,1,0,0,1
200500024798,5,5,20,1315,1,1,1,6,4956200,210300,3,2,2,0,1,2,0,75,1,0,3,0,0,0,0,1,1
200500024799,5,5,29,1700,1,1,1,1,4935600,263500,3,2,2,0,1,0,0,0,1,5,1,0,2,0,0,1,1
200500024801,5,5,26,900,1,1,1,5,4949000,295900,3,2,0,0,1,1,0,59,0,0,1,0,0,0,1,2,1
200500024802,5,5,31,2230,5,1,1,6,4950900,289800,4,2,2,0,2,3,0,0,1,0,1,3,0,0,1,0,1
200500024804,5,5,15,1400,1,1,1,6,4934800,264200,4,2,0,0,1,1,0,40,1,0,1,0,0,1,0,0,1
200500024805,5,5,6,1545,1,1,1,7,4958000,311000,3,2,2,0,1,3,0,0,1,0,1,0,0,1,1,0,1
200500024811,5,5,2,1300,1,1,1,1,4919800,247100,2,2,2,0,1,1,0,70,1,0,1,0,1,0,0,1,1
200500024812,5,5,9,1230,1,1,1,1,4921000,244000,3,2,2,0,2,1,0,70,1,0,1,0,1,0,0,1,1
200500024813,5,5,20,1545,1,1,1,7,4915200,243300,9,2,0,0,1,1,0,60,1,0,1,0,0,0,1,0,1
200500024814,5,5,27,830,1,1,1,6,4919800,247800,3,2,2,0,0,1,0,100,1,0,1,0,1,0,0,1,1
200500024815,5,5,31,830,1,1,1,3,4921400,244400,3,2,0,0,1,1,0,75,1,0,1,0,1,0,0,1,1
200500024820,5,5,17,2000,1,1,1,1,4922500,271200,2,2,2,0,1,1,0,0,1,5,1,0,2,0,0,1,1
200500024821,5,5,25,830,1,1,1,3,4922600,272300,2,2,0,0,1,1,0,138,1,5,1,0,1,0,1,1,1
200500024824,5,5,1,30,3,1,1,7,4987400,101800,3,2,2,0,2,3,0,47,1,0,3,0,0,0,1,1,1
200500024825,5,5,25,1945,1,2,1,3,4987600,92500,3,2,2,0,1,1,0,68,1,0,1,0,2,1,0,0,1
200500024826,5,5,1,330,3,1,1,6,4936500,113100,2,2,3,0,1,1,0,100,1,0,1,0,0,0,0,1,1
200500024827,5,5,18,1145,1,1,1,5,4939100,123100,2,2,2,0,1,1,0,71,1,0,1,0,5,1,3,1,1
200500024828,5,5,27,1445,1,1,7,1,4940300,117300,3,2,0,0,1,1,0,70,1,0,1,0,1,0,1,0,1
200500024830,5,5,12,745,1,1,1,3,4952800,75000,3,3,2,0,2,1,20,100,1,0,1,0,1,0,0,1,1
200500024836,5,5,2,745,1,3,2,1,4960300,51500,9,2,0,0,1,1,0,44,2,5,1,0,1,0,0,1,1
200500024839,5,5,4,1600,1,1,2,3,4952600,26300,3,0,2,0,1,1,0,0,2,5,1,0,1,0,0,2,1
200500024840,5,5,9,1415,1,1,1,1,4955600,35100,3,2,2,0,3,1,0,56,1,0,1,0,2,0,1,0,1
200500024842,5,5,13,1200,1,2,2,3,4976400,157700,3,2,0,0,1,0,0,65,2,0,0,0,5,0,1,0,1
200500024844,5,5,16,1230,1,1,1,3,4976000,174000,3,2,0,0,1,1,0,60,1,0,1,0,1,0,0,1,1
200500024847,5,5,4,1015,1,1,1,6,4948400,173300,3,2,2,0,1,1,0,72,1,0,1,0,1,1,0,0,1
200500024849,5,5,30,915,1,2,1,1,4961800,76200,9,2,2,0,4,1,0,88,1,0,1,0,1,0,0,1,1
200500024850,5,5,7,1400,1,1,1,1,4954300,92800,3,2,0,0,1,0,0,60,1,0,1,0,1,0,0,1,1
200500024851,5,5,26,330,3,1,1,7,4984800,72800,3,3,0,0,1,1,0,60,1,0,1,0,0,0,0,1,1
200500024853,5,5,4,1900,1,1,1,2,4964000,81600,2,2,2,0,1,1,0,77,1,0,1,0,1,0,0,1,1
200500024854,5,5,21,1800,1,1,1,1,4961900,85100,3,2,2,0,1,2,0,64,1,0,1,0,3,0,0,1,1
200500024859,5,5,9,1245,1,1,1,1,4891400,128200,3,2,0,0,1,3,0,42,1,0,1,0,2,0,1,0,1
200500024860,5,5,4,1830,1,1,1,5,4896300,140900,3,2,0,0,1,1,0,64,1,0,1,0,2,0,0,1,1
200500024862,5,5,22,2330,3,1,1,6,4884400,136600,3,2,2,0,1,3,0,62,2,0,1,0,1,0,1,0,1
200500024864,5,5,23,1800,1,1,1,3,4886000,92000,4,2,1,0,1,3,0,49,1,0,1,0,2,0,1,0,1
200500024865,5,5,19,1700,1,1,2,3,4934100,130100,3,2,2,0,1,2,0,70,8,0,1,0,1,0,0,1,1
200500024867,5,5,22,1200,1,1,1,3,4910000,62000,3,2,2,0,0,2,0,0,1,0,1,0,1,0,0,1,1
200500024869,5,5,31,30,3,1,1,7,4920100,113000,3,2,0,0,0,3,7,7,1,0,1,0,0,0,2,1,1
200500024870,5,5,31,1830,1,1,1,6,4918500,112100,3,2,2,0,2,2,0,44,1,0,3,0,0,0,1,3,1
200500024880,5,5,27,1615,1,1,1,3,4828600,-179900,2,1,2,0,1,1,0,0,1,0,1,0,1,0,1,0,1
200500024881,5,5,22,1300,1,1,2,6,4827500,-169100,3,2,2,0,2,3,80,0,2,0,1,0,0,1,1,0,1
200500024882,5,5,12,1930,1,2,2,3,4822000,-170100,3,2,0,0,1,1,0,50,2,5,1,0,1,1,0,0,1
200500024886,5,5,27,1900,1,1,1,1,4816100,-221300,3,2,2,0,1,1,0,70,1,0,1,0,1,1,0,0,1
200500024890,5,5,29,1230,1,1,2,7,4805400,-192100,2,3,2,0,2,1,50,70,2,0,1,0,0,0,5,0,1
200500024895,5,5,19,1630,1,1,1,1,4840700,-132900,3,2,0,0,2,0,0,0,1,0,1,0,1,0,0,1,1
200500024899,5,5,8,1515,1,1,1,2,4780900,-159100,3,2,2,0,2,1,60,0,1,0,1,0,1,0,0,1,1
200500024900,5,5,11,1800,1,1,1,7,4788000,-168000,3,2,1,0,2,1,0,0,1,0,1,0,0,0,0,2,1
200500024901,5,5,19,1200,1,1,2,1,4786800,-174800,3,2,0,0,1,0,0,55,1,0,1,0,1,0,0,1,1
200500024903,5,5,2,800,1,1,1,6,4795400,-197700,3,2,0,0,1,1,0,48,1,0,1,0,1,0,1,0,1
200500024904,5,5,6,1430,1,1,1,3,4785700,-184700,4,2,1,0,1,0,0,0,1,0,1,0,0,1,0,1,1
200500024906,5,5,31,1345,1,1,1,1,4802300,-179100,3,2,0,0,1,1,0,73,1,0,1,0,0,1,2,1,1
200500024911,5,5,16,2300,3,1,1,3,4841200,-172000,4,2,2,0,3,1,0,50,1,0,1,0,1,0,0,1,1
200500024912,5,5,27,1945,1,1,1,7,4841000,-177200,3,0,0,0,0,0,0,0,0,0,0,0,0,0,0,1,1
200500024913,5,5,6,1745,1,1,1,6,4862900,-214300,3,2,0,0,0,0,0,50,1,0,1,0,1,0,0,1,1
200500024914,5,5,15,1000,1,7,1,6,4862400,-213800,9,2,2,0,1,0,0,45,1,0,1,0,1,0,0,1,1
200500024926,5,5,10,1800,1,6,1,3,4818100,-275600,4,1,0,0,0,2,0,0,1,0,1,0,1,0,1,0,1
200500024929,5,5,7,1230,1,1,1,3,4863600,-225800,3,2,2,0,2,1,0,50,1,5,1,0,1,0,1,0,1
200500024930,5,5,19,1430,1,1,1,6,4852600,-223100,3,0,0,0,2,1,0,60,1,0,1,0,1,0,1,0,1
200500024931,5,5,29,1200,1,1,2,6,4856700,-206100,3,2,2,0,1,1,0,60,2,0,1,0,0,0,2,0,1
200500024932,5,5,25,1530,1,1,1,2,4872400,-321100,3,2,0,0,1,1,0,0,1,0,1,0,2,0,1,0,1
200500024935,5,5,15,1700,1,1,1,3,4877100,-327700,3,2,2,0,1,1,0,70,1,0,1,0,2,1,0,2,1