Num_Acc,an,mois,jour,hrmn,lum,int,atm,col,lat,long,catr,circ,nbv,vosp,prof,plan,lartpc,larrout,surf,infra,situ,env1,unscathed,killed,hospital,light,chance
200500024936,5,5,3,1845,1,9,1,1,4803900,-424500,3,2,2,0,1,1,0,106,1,5,1,0,2,0,0,2,1
200500024938,5,5,27,930,1,1,1,3,4802900,-422600,3,2,2,0,1,1,0,43,1,0,1,0,1,1,0,0,1
200500024939,5,5,30,1415,1,1,1,6,4801900,-453800,3,2,2,0,2,3,0,60,1,0,1,0,0,0,2,1,1
200500024941,5,5,13,1345,1,1,1,6,4809600,-432700,9,2,0,0,3,1,0,0,1,5,1,0,1,0,1,0,1
200500024942,5,5,24,1230,1,1,1,3,4804500,-425500,3,2,2,0,1,1,0,75,1,0,1,0,1,0,0,1,1
200500024944,5,5,20,2330,3,1,1,2,4845300,-438900,2,3,4,0,1,1,20,195,2,0,1,0,2,0,0,1,1
200500024946,5,5,20,430,3,1,3,1,4850400,-464700,3,2,0,0,1,2,0,70,2,0,1,0,0,0,1,1,1
200500024947,5,5,26,1300,1,1,1,1,4846000,-462500,3,2,2,0,1,2,0,65,1,0,1,0,0,1,0,1,1
200500024948,5,5,17,1915,1,1,1,7,4817000,-401200,3,2,0,0,1,3,0,68,1,0,1,0,0,0,1,0,1
200500024949,5,5,24,1400,1,6,1,1,4810600,-400300,9,2,0,0,1,0,0,80,1,5,1,0,1,0,1,0,1
200500024956,5,5,20,1845,1,1,1,3,4868900,-398400,9,2,0,0,1,1,0,0,1,0,1,0,1,0,1,0,1
200500024957,5,5,29,2245,5,2,1,3,4865700,-417200,3,2,2,0,1,1,0,70,1,0,0,0,1,0,1,0,1
200500024959,5,5,9,1600,1,1,1,1,4761800,-291600,3,2,2,0,1,3,50,50,1,0,1,0,1,0,1,0,1
200500024961,5,5,19,1015,1,1,2,3,4777700,-337100,2,3,2,0,0,0,0,0,0,0,0,0,2,0,0,1,1
200500024963,5,5,19,1730,1,1,2,5,4778200,-345500,4,2,2,0,1,1,0,65,2,0,1,0,1,0,1,1,1
200500024966,5,5,7,2145,5,1,1,1,4773700,-331500,3,3,0,0,1,1,5,150,1,0,1,0,0,2,1,0,1
200500024967,5,5,28,1830,1,1,1,3,4774100,-322700,3,2,2,0,1,1,0,64,1,0,1,0,0,0,0,3,1
200500024968,5,5,29,1930,1,2,1,3,4768800,-323100,4,2,0,0,1,1,0,46,1,5,0,0,1,0,0,3,1
200500024971,5,5,18,2230,5,1,1,5,4807300,-335900,3,2,0,0,0,1,0,0,1,0,1,0,1,0,2,0,1
200500024972,5,5,20,1700,1,1,1,6,4806700,-320700,9,0,0,0,1,0,0,0,0,0,0,0,1,0,1,0,1
200500024973,5,5,22,1630,1,1,1,3,4807400,-319600,3,2,2,0,1,2,0,88,1,5,1,0,1,0,0,2,1
200500024974,5,5,25,1845,1,3,1,3,4788100,-300600,3,2,2,0,1,1,0,71,1,0,1,0,1,0,0,1,1
200500024976,5,5,26,1015,1,1,1,6,4930200,-37900,3,2,0,0,2,3,0,50,1,0,1,0,0,0,1,0,1
200500024977,5,5,13,2215,5,1,1,3,4924200,-45000,3,2,2,0,0,2,0,55,1,0,1,0,1,0,0,1,1
200500024978,5,5,19,1800,1,1,1,1,4913800,-53300,3,2,0,0,1,1,0,102,1,0,1,0,0,0,0,3,1
200500024979,5,5,2,1900,1,1,1,3,4912700,-21200,3,2,2,0,2,3,0,61,1,2,1,0,1,0,1,0,1
200500024982,5,5,21,1345,1,1,1,2,4925800,-37400,9,2,2,0,1,1,0,45,1,0,1,0,1,0,0,1,1
200500024983,5,5,25,1730,1,6,1,2,4923000,-37000,3,0,2,0,1,2,20,60,1,5,1,0,1,0,1,0,1
200500024984,5,5,2,615,2,1,8,1,4921200,-27600,3,2,2,0,1,3,11,75,2,0,1,0,1,0,0,1,1
200500024985,5,5,3,1100,1,1,1,7,4929000,-14100,3,2,0,0,1,1,0,60,1,0,1,0,0,0,1,0,1
200500024986,5,5,28,1145,1,9,1,2,4918300,-18900,2,2,2,0,1,1,0,100,1,0,1,0,5,0,0,1,1
200500024987,5,5,8,945,1,1,1,6,4920800,-79300,3,2,0,0,4,4,0,49,1,0,0,0,1,1,0,0,1
200500024988,5,5,14,30,3,1,1,6,4923400,-83100,4,2,2,0,1,1,0,31,1,0,0,0,0,1,0,0,1
200500024989,5,5,29,15,5,1,1,7,4923100,-77300,3,2,2,0,0,3,0,70,1,0,0,0,3,0,1,0,1
200500024991,5,5,1,1200,1,1,1,1,4898800,-55600,3,2,2,0,2,3,0,60,1,0,1,0,1,1,0,0,1
200500024993,5,5,7,945,1,1,1,1,4908600,1700,3,2,2,0,1,1,0,0,1,0,1,0,2,0,0,2,1
200500024995,5,5,25,2215,4,1,1,3,4902600,-4700,3,2,2,0,0,1,0,65,1,0,1,0,1,0,2,0,1
200500024997,5,5,21,1600,1,2,1,3,4914800,37300,2,4,3,0,0,1,0,114,1,0,1,0,1,0,1,1,1
200500025006,5,5,2,1845,1,1,1,3,4869500,-136400,3,2,2,0,2,1,0,0,1,0,1,0,1,0,1,0,1
200500025007,5,5,6,1115,1,1,1,6,4869800,-137400,3,2,0,0,1,1,0,75,1,0,1,0,1,0,0,1,1
200500025008,5,5,31,1300,1,1,1,6,4868400,-130300,3,2,2,0,1,1,0,60,1,0,3,0,0,0,1,0,1
200500025009,5,5,8,145,4,1,1,3,4880700,-139500,3,2,2,0,1,1,0,70,1,0,1,0,7,0,0,2,1
200500025010,5,5,26,315,3,1,1,6,4884100,-149700,3,2,2,0,1,1,0,47,1,2,3,0,0,0,1,0,1
200500025013,5,5,5,1500,1,1,1,3,4952200,-181700,3,2,0,0,2,4,0,60,1,0,1,0,1,0,2,0,1
200500025021,5,5,28,1415,1,2,1,3,4904000,-129800,3,2,0,0,1,1,0,66,1,0,1,0,1,0,0,1,1
200500025022,5,5,1,1830,1,2,1,3,4892400,-152000,3,2,25,0,1,1,0,57,1,1,1,0,2,0,2,0,1
200500025024,5,5,5,2030,1,1,7,1,4899800,-141800,3,2,2,0,2,1,70,70,1,0,1,0,1,0,1,1,1
200500025026,5,5,8,1145,1,2,1,3,4858500,-77900,3,2,2,0,1,1,0,50,1,0,1,0,2,0,1,1,1
200500025027,5,5,8,1500,1,1,1,2,4859000,-112900,2,2,0,0,2,1,0,77,1,0,1,0,4,0,0,1,1
200500025028,5,5,14,1245,1,2,1,3,4861800,-113000,3,2,2,0,1,1,0,68,1,5,1,0,1,0,1,0,1
200500025033,5,5,22,500,3,1,1,2,4854700,36500,4,2,0,0,1,1,0,62,1,0,1,0,2,0,0,1,1
200500025036,5,5,29,1400,1,1,3,3,4880100,800,3,0,2,0,0,1,0,80,2,0,1,0,1,0,1,2,1
200500025037,5,5,14,330,3,1,2,7,4871500,-15000,3,2,0,0,3,2,0,0,2,0,3,0,0,0,0,4,1
200500025038,5,5,20,1100,1,1,1,1,4886400,45700,3,2,2,0,1,1,0,60,1,0,1,0,2,0,0,1,1
200500025039,5,5,6,2015,1,1,1,1,4859000,-62800,3,0,0,0,0,0,0,0,1,0,1,0,4,0,0,1,1
200500025040,5,5,15,145,5,1,1,6,4850000,-62500,3,2,0,0,1,1,0,65,1,0,1,0,0,0,1,1,1
200500025041,5,5,6,1530,1,1,1,1,4841300,65700,3,2,2,0,1,1,0,80,1,0,1,0,1,0,1,0,1
200500025042,5,5,26,2300,3,1,1,4,4878800,54400,3,2,0,0,1,1,0,0,1,0,1,0,2,0,0,1,1
200500025051,5,5,29,1245,1,3,8,3,4752400,-146100,4,2,0,0,1,1,49,0,1,0,1,0,1,0,1,0,1
200500025052,5,5,2,1900,2,6,7,6,4771500,-137200,3,2,2,0,1,1,30,60,1,2,1,0,1,1,0,0,1
200500025054,5,5,11,1115,1,1,1,6,4771800,-137800,9,2,1,1,1,1,0,91,1,0,1,0,1,0,0,1,1
200500025056,5,5,23,1830,1,1,1,1,4760400,-176100,4,2,2,0,2,3,0,43,1,0,1,0,9,0,1,1,1
200500025057,5,5,28,2145,1,1,1,6,4747400,-174600,4,2,0,0,1,1,0,55,1,0,3,0,0,1,0,0,1
200500025058,5,5,8,1130,1,9,1,3,4745400,-164300,4,0,1,0,0,0,0,0,1,0,1,0,0,0,0,2,1
200500025059,5,5,23,1445,1,2,1,3,4759700,-158900,2,2,2,0,1,1,0,105,1,5,1,0,0,1,1,2,1
200500025060,5,5,18,430,3,1,1,6,4746200,-151400,3,2,2,0,1,3,0,60,9,0,1,0,0,0,0,1,1
200500025061,5,5,7,730,1,1,8,6,4714800,-166900,4,2,2,0,1,2,0,0,1,0,3,0,0,0,0,1,1
200500025062,5,5,21,1930,1,2,1,3,4719300,-171200,4,2,1,0,1,1,0,46,1,0,1,0,1,1,1,5,1
200500025063,5,5,24,1500,1,1,1,1,4712800,-159900,3,2,0,0,1,1,0,63,1,0,1,0,1,0,1,0,1
200500025064,5,5,28,1515,1,2,1,3,4717000,-167200,4,2,2,0,1,1,0,65,1,0,1,0,1,0,0,1,1
200500025065,5,5,5,1915,1,4,1,3,4705000,-195400,3,2,2,0,4,1,0,60,1,4,1,0,1,0,0,1,1
200500025067,5,5,23,1030,1,1,1,1,4706200,-193700,3,2,0,0,1,3,0,70,2,0,1,0,1,3,0,0,1
200500025073,5,5,29,945,1,1,1,5,4708300,-179900,3,2,2,0,1,2,70,0,2,0,1,0,7,0,0,1,1
200500025074,5,5,31,1930,1,1,1,1,4705600,-176700,3,2,2,0,1,1,0,56,1,0,1,0,0,0,1,1,1
200500025080,5,5,14,2130,5,9,1,7,4735700,-218000,4,2,0,0,1,2,0,0,1,0,1,0,0,0,1,0,1
200500025081,5,5,12,1715,1,1,3,3,4744600,-210800,3,2,0,0,1,2,86,60,2,5,1,0,1,1,0,0,1
200500025085,5,5,1,130,3,1,1,6,4728800,-180500,3,2,2,0,1,2,0,62,1,0,3,0,0,1,0,1,1
200500025086,5,5,21,2115,1,1,1,2,4728400,-172400,3,3,2,0,1,1,0,70,1,0,1,0,1,0,0,1,1
200500025090,5,5,26,830,1,1,1,6,4753400,-60400,9,2,0,0,1,1,5,55,1,6,1,0,1,0,1,0,1
200500025091,5,5,4,1900,1,1,1,4,4747500,-30600,2,2,2,0,0,1,0,70,1,0,0,0,2,0,2,0,1
200500025092,5,5,16,1515,1,1,1,1,4738200,-44100,3,2,2,0,1,0,0,42,9,0,1,0,0,1,1,1,1
200500025093,5,5,29,1545,1,1,3,6,4734900,-43800,4,2,2,0,1,1,0,50,2,0,1,0,1,0,1,0,1
200500025095,5,5,20,915,1,1,1,5,4741800,-91500,2,3,4,0,3,1,20,100,1,5,1,0,2,0,0,2,1
200500025097,5,5,24,1830,1,1,1,3,4742800,-69800,4,2,0,0,1,1,0,51,1,0,1,0,1,0,1,0,1
200500025098,5,5,29,1245,1,3,1,1,4742800,-76300,3,2,2,2,2,1,0,60,1,5,3,0,1,0,0,2,1
200500025099,5,5,2,1730,1,1,1,6,4758300,-34400,3,2,0,0,1,1,0,0,1,0,1,0,4,0,1,0,1
200500025100,5,5,14,1200,1,1,1,7,4767500,-24400,4,2,2,0,1,1,40,0,1,0,1,0,0,0,0,1,1
200500025102,5,5,28,1915,1,1,1,7,4753700,-21900,3,0,2,0,1,2,0,54,1,0,0,0,0,0,0,1,1
200500025103,5,5,24,1915,1,1,1,2,4721000,-95000,3,2,0,0,3,3,15,137,1,5,1,0,1,0,1,0,1
200500025104,5,5,24,1945,1,1,1,1,4718000,-100000,3,2,0,0,1,1,0,64,0,0,1,0,1,1,0,0,1
200500025107,5,5,22,1730,1,1,1,2,4714200,-91700,3,2,2,0,1,1,0,60,1,0,1,0,1,0,0,1,1
200500025108,5,5,19,1830,1,1,1,6,4726500,-104500,4,2,0,0,1,1,0,56,1,0,1,0,1,0,0,1,1
200500025110,5,5,17,1745,1,1,1,2,4746900,4100,3,2,2,0,1,1,0,56,1,0,1,0,1,0,0,2,1
200500025111,5,5,22,1130,1,1,1,1,4747200,1600,3,2,0,0,1,0,0,0,1,0,1,0,1,0,0,1,1
200500025112,5,5,24,1800,1,1,1,5,4757500,-14400,3,2,2,0,1,1,0,55,1,0,1,0,2,0,1,0,1
200500025113,5,5,22,1800,1,1,1,6,4722300,-27700,3,2,2,0,1,1,0,82,1,0,1,0,0,0,0,1,1
200500025114,5,5,23,1100,1,1,1,3,4715600,-52600,3,2,0,0,1,2,0,76,1,0,1,0,1,0,0,1,1
200500025115,5,5,1,2015,1,1,1,7,4737000,-2000,4,2,0,0,1,2,37,0,1,0,3,0,0,1,0,0,1
200500025116,5,5,3,1845,1,1,1,1,4732500,-1500,3,2,3,0,1,1,0,121,1,5,1,0,1,0,0,1,1
200500025117,5,5,6,2045,1,1,1,2,4715200,-15100,2,2,2,0,1,1,0,70,1,0,1,0,2,0,1,0,1
200500025118,5,5,25,1600,1,9,1,5,4713400,-15600,4,2,2,0,2,2,0,0,1,0,1,0,1,0,0,3,1
200500025119,5,5,27,1700,1,1,1,1,4771000,-99000,3,2,0,0,1,1,0,0,1,0,1,0,1,0,0,1,1
200500025120,5,5,28,2245,3,1,1,6,4769900,-90600,3,2,0,0,1,1,0,66,1,0,1,0,1,0,0,1,1
200500025121,5,5,3,815,1,1,1,1,4751600,-94400,3,2,2,0,1,1,0,47,1,0,1,0,1,0,1,0,1
200500025122,5,5,9,2000,1,1,7,7,4747000,-89000,3,2,0,0,1,3,0,45,1,0,0,0,0,0,0,1,1
200500025124,5,5,16,1215,1,1,1,7,4764300,-41600,3,2,0,0,1,1,0,0,1,0,1,0,0,0,0,1,1
200500025125,5,5,19,1800,1,1,1,3,4763700,-58000,3,2,2,0,2,1,0,78,1,0,1,0,1,1,0,0,1
200500025128,5,5,7,1800,1,1,1,1,4815500,-37500,3,2,2,0,1,3,0,55,1,0,1,0,1,0,1,0,1
200500025129,5,5,28,1030,1,1,1,3,4816300,-39900,9,2,0,0,1,1,0,0,0,0,1,0,1,0,0,1,1
200500025130,5,5,17,1015,1,1,1,7,4791400,-106600,4,2,2,0,0,3,0,34,1,0,0,0,0,1,0,0,1
200500025131,5,5,6,1715,1,1,1,3,4840900,-8000,3,2,2,0,1,1,0,64,0,0,1,0,0,1,0,2,1
200500025135,5,5,25,1200,1,1,1,1,4792100,21100,4,0,2,0,1,1,0,0,9,0,1,0,1,0,1,0,1
200500025141,5,5,26,745,1,2,1,3,4815400,38800,3,2,2,0,1,1,0,68,1,0,1,0,1,0,0,1,1
200500025143,5,5,1,1030,1,1,1,1,4769000,-7000,4,1,1,0,1,1,0,79,1,0,1,0,1,0,1,0,1
200500025147,5,5,27,800,2,1,1,1,4772300,28300,4,2,2,0,1,2,42,71,1,0,1,0,8,0,1,0,1
200500025154,5,5,10,1615,1,2,1,1,4812200,70700,3,2,2,0,1,3,0,53,1,0,0,0,1,1,0,0,1
200500025157,5,5,21,1815,1,7,1,6,4820200,67000,6,0,0,0,1,0,0,0,1,0,0,0,1,0,1,0,1
200500025159,5,5,12,915,1,1,1,1,4660500,-140300,3,2,2,0,1,2,0,0,1,0,1,0,0,1,0,1,1
200500025163,5,5,14,1300,1,1,1,3,4691700,-124200,2,2,2,0,1,1,0,126,1,5,1,0,1,0,0,4,1
200500025166,5,5,31,1545,1,1,1,1,4701100,-128200,3,2,2,0,0,1,68,0,1,0,3,0,1,0,1,0,1
200500025167,5,5,23,1200,1,1,1,3,4672700,-143100,3,3,0,0,1,3,0,0,1,0,3,0,1,0,0,2,1
200500025168,5,5,16,130,3,1,1,1,4639000,-94900,3,2,2,0,1,1,0,60,1,0,1,0,0,1,3,1,1
200500025169,5,5,8,115,3,1,1,1,4649100,-104500,3,2,2,0,1,2,0,45,1,0,0,0,4,0,0,2,1
200500025173,5,5,23,745,2,1,1,6,4659900,-150500,3,0,1,0,0,3,28,58,2,0,1,0,0,0,0,1,1
200500025180,5,5,1,530,3,1,5,6,4689000,-210000,3,2,2,0,1,1,0,60,2,0,1,0,0,0,1,0,1
200500025185,5,5,12,1915,1,1,1,3,4647000,-161000,9,2,0,0,2,3,0,50,1,0,1,0,1,0,0,1,1
200500025186,5,5,19,2315,4,1,1,6,4644000,-162000,3,2,0,0,1,2,0,63,1,0,1,0,0,0,1,0,1
200500025187,5,5,29,1830,1,2,2,3,4654000,-140000,3,2,2,0,0,1,0,50,2,0,1,0,3,0,0,3,1
200500025188,5,5,28,1715,1,1,1,1,4458500,-88400,3,2,2,0,1,1,76,76,1,0,1,0,0,0,2,0,1
200500025190,5,5,9,415,5,1,1,6,4470300,-122900,3,2,0,0,2,2,0,66,1,0,3,0,0,1,0,0,1
200500025191,5,5,20,1200,1,1,1,7,4484300,-78200,4,0,2,0,0,0,0,30,0,0,0,0,0,0,0,1,1
200500025193,5,5,2,15,3,1,1,1,4511700,-55800,2,2,2,0,2,1,0,75,1,0,1,0,0,1,0,1,1
200500025194,5,5,6,1815,1,1,1,7,4531900,-58200,2,2,0,0,0,1,0,78,1,0,1,0,0,0,1,0,1
200500025195,5,5,22,1530,1,1,1,5,4529900,-57000,2,2,0,0,1,1,0,70,1,0,1,0,1,0,2,0,1
200500025196,5,5,22,430,3,1,1,7,4496400,-46300,2,2,0,0,1,1,0,60,1,2,1,0,0,0,0,2,1
200500025200,5,5,17,1130,1,1,1,3,4487500,-46800,3,2,2,0,1,1,0,55,1,0,1,0,2,0,1,0,1
200500025202,5,5,1,1645,1,1,1,1,4471100,-45700,3,2,0,0,1,0,0,60,1,0,1,0,1,0,1,0,1
200500025203,5,5,20,2015,1,1,7,1,4485500,-43500,3,2,2,0,1,1,0,62,1,0,1,0,1,0,0,1,1
200500025204,5,5,23,1330,1,1,1,6,4469200,-41600,2,2,2,0,1,1,0,75,1,0,3,0,0,0,1,0,1
200500025207,5,5,29,1845,1,2,1,3,4437800,-18000,3,2,1,0,1,1,0,65,1,0,0,0,0,1,1,1,1
200500025208,5,5,4,2015,1,1,1,1,4463400,8000,3,2,2,0,1,2,0,45,1,0,1,0,0,0,1,3,1
200500025209,5,5,29,1900,1,1,1,6,4463800,3800,4,0,0,0,2,3,62,0,1,0,1,0,1,0,0,2,1
200500025213,5,5,1,300,3,1,1,7,4525300,-107900,3,2,2,0,1,1,0,57,1,0,3,0,0,1,0,0,1
200500025214,5,5,17,715,1,1,1,2,4529700,-92700,2,2,2,0,1,3,0,70,1,5,1,0,2,0,1,0,1
200500025215,5,5,13,2315,3,1,1,6,4526900,-86600,4,2,0,0,0,0,0,43,0,0,0,0,0,0,1,1,1
200500025217,5,5,20,445,3,1,1,6,4551100,-109700,3,2,2,0,1,1,0,65,1,0,1,0,1,0,1,0,1
200500025219,5,5,24,2015,1,1,1,1,4492900,-38500,4,2,0,0,0,1,0,50,1,0,1,0,1,0,1,0,1
200500025222,5,5,18,1630,1,1,1,6,4477000,-11000,3,2,2,0,1,3,0,70,1,0,0,0,0,0,2,0,1
200500025223,5,5,29,2000,2,1,2,7,4505200,-12800,3,2,2,0,1,2,0,58,2,0,1,0,0,0,1,0,1
200500025224,5,5,6,1345,1,1,1,6,4499700,-20400,4,1,0,0,0,0,0,51,1,0,1,0,0,0,2,0,1
200500025225,5,5,17,230,3,1,1,6,4481000,7500,9,2,0,0,2,1,0,27,1,0,3,0,0,0,0,2,1
200500025226,5,5,23,1500,1,1,1,3,4484600,24000,3,2,0,0,1,1,0,76,1,0,1,0,1,0,0,2,1
200500025232,5,5,1,1,3,1,1,6,4499900,81800,3,2,0,0,1,4,0,61,1,0,3,0,0,0,1,0,1
200500025233,5,5,7,1415,1,1,1,6,4514700,82700,4,2,1,0,2,4,0,0,1,0,3,0,0,0,0,3,1
200500025237,5,5,13,1730,1,1,8,3,4505300,65400,2,2,2,0,2,1,0,100,2,0,1,0,3,0,1,0,1
200500025243,5,5,4,2245,3,1,1,1,4530500,87200,2,2,3,0,1,1,0,114,1,0,1,0,1,0,1,0,1
200500025244,5,5,20,1545,1,1,1,7,4564300,71700,3,2,2,0,2,2,0,62,1,0,1,0,0,0,0,1,1
200500025245,5,5,13,1915,1,1,2,3,4524900,44000,3,2,1,0,3,3,0,46,2,0,1,0,2,0,1,0,1
200500025246,5,5,21,630,2,1,1,6,4535100,36800,3,2,2,0,1,1,0,0,1,0,1,0,0,0,3,0,1
200500025247,5,5,10,1215,1,1,1,3,4501400,15900,6,2,0,0,1,1,0,70,1,0,1,0,1,0,0,1,1
200500025248,5,5,6,2130,2,1,1,3,4516000,900,3,2,0,0,0,1,0,101,1,0,1,0,1,0,0,1,1
200500025250,5,5,25,1645,1,1,1,1,4486800,104100,3,2,2,0,1,3,0,0,1,5,1,0,1,0,1,0,1
200500025252,5,5,12,1745,1,1,1,2,4383400,-46500,2,2,2,0,1,1,0,76,1,0,1,0,0,0,0,2,1
200500025253,5,5,18,1615,1,1,1,1,4377100,-42300,3,2,2,0,1,1,0,64,1,0,1,0,1,0,0,1,1
200500025259,5,5,12,1430,1,1,1,1,4354400,-130900,4,2,0,0,1,1,0,0,1,0,1,0,2,0,0,1,1
200500025260,5,5,14,745,1,9,8,5,4357300,-145400,3,2,2,0,1,1,0,82,1,0,0,0,2,1,0,0,1
200500025277,5,5,29,1715,1,1,8,6,4408000,69000,3,2,2,0,2,2,0,53,1,0,0,0,0,0,2,0,1
200500025279,5,5,21,1700,1,1,1,1,4434900,47800,3,2,2,0,0,0,0,47,1,0,1,0,1,0,0,1,1
200500025280,5,5,31,2200,5,1,1,6,4429500,34000,4,2,2,0,1,1,0,70,1,0,1,0,1,1,0,0,1
200500025282,5,5,3,2100,5,1,1,6,4438600,13300,4,2,0,0,1,1,0,52,1,0,1,0,0,0,0,1,1
200500025283,5,5,13,1730,1,1,1,3,4453200,11000,3,2,2,0,1,1,0,60,1,0,1,0,1,0,0,2,1
200500025284,5,5,18,830,1,1,1,6,4435600,15300,3,2,2,0,1,3,0,60,9,0,3,0,0,0,0,1,1
200500025285,5,5,27,1915,1,1,1,3,4436200,15800,4,2,0,0,1,0,0,50,1,0,1,0,1,0,1,0,1
200500025286,5,5,28,1845,1,3,1,1,4450100,6100,4,0,2,0,0,1,0,60,1,0,1,0,1,0,0,1,1
200500025287,5,5,31,1630,1,1,1,6,4450500,28000,4,2,2,0,1,3,0,50,1,0,3,0,0,0,0,1,1
200500025291,5,5,30,2115,3,1,1,6,4438200,18000,3,2,0,0,1,1,0,50,9,0,1,0,0,0,0,1,1
200500025292,5,5,31,1900,1,1,1,7,4436300,36000,4,2,0,0,2,1,0,40,1,0,1,0,0,0,0,2,1
200500025293,5,5,31,1615,2,1,1,6,4437700,31900,2,2,2,0,0,1,0,70,1,0,3,0,0,0,0,1,1
200500025300,5,5,6,1645,1,1,1,2,4440000,64000,3,2,2,0,1,1,0,70,1,0,1,0,1,0,1,0,1
200500025301,5,5,30,1500,1,9,1,3,4444600,62200,3,0,2,0,2,1,0,53,1,0,1,0,2,0,0,1,1
200500025302,5,5,1,645,1,1,1,6,4327000,-21000,2,2,0,0,0,1,0,0,1,0,3,0,0,0,1,0,1
200500025303,5,5,17,1400,1,3,3,3,4324000,-28000,3,2,2,0,1,1,0,69,2,0,1,0,1,0,0,1,1
200500025304,5,5,26,1930,1,1,1,3,4333700,-114300,3,3,2,0,1,3,0,61,1,0,1,0,1,0,0,1,1
200500025305,5,5,27,1215,1,1,1,3,4338600,-133300,3,2,2,0,1,1,0,80,1,5,1,3,1,0,1,0,1
200500025306,5,5,4,1415,1,1,8,1,4337200,-152500,3,2,2,0,2,2,0,52,2,0,1,0,1,0,1,0,1
200500025307,5,5,14,200,5,1,1,6,4341100,-156800,3,2,2,0,1,1,0,70,1,0,3,0,0,0,0,1,1
200500025310,5,5,24,2330,3,1,1,1,4324500,-87200,3,2,2,0,2,2,0,75,1,0,1,0,1,0,0,1,1
200500025311,5,5,15,2245,3,1,1,7,4307400,-141500,4,0,0,0,2,0,0,34,9,0,3,0,0,1,0,0,1
200500025312,5,5,14,2000,1,1,1,7,4331200,-100800,3,2,2,0,1,4,0,0,1,2,1,0,0,1,0,0,1
200500025313,5,5,26,1300,1,2,1,3,4335200,-97700,3,2,3,0,1,1,0,108,1,5,1,0,1,0,1,0,1
200500025314,5,5,8,2015,1,1,1,6,4319800,-60500,2,2,2,0,0,1,0,81,1,6,4,0,1,0,0,1,1
200500025316,5,5,17,1700,1,1,1,1,4349300,-77000,4,2,2,0,1,0,0,157,1,5,1,0,1,0,0,1,1
200500025317,5,5,28,1930,1,1,1,7,4352100,-78000,3,2,1,0,1,1,0,0,1,0,1,0,0,0,1,0,1
200500025326,5,5,6,1145,1,2,1,3,4705800,24500,3,2,2,0,1,1,0,49,1,0,1,0,1,0,1,0,1
200500025327,5,5,11,30,5,1,1,6,4700900,8200,3,2,0,0,1,2,80,60,1,0,4,0,0,0,1,0,1
200500025332,5,5,5,1845,1,1,1,6,4653300,64800,3,2,0,0,2,3,64,0,1,0,3,0,0,1,0,0,1
200500025333,5,5,25,1700,1,1,1,6,4653100,68800,3,2,2,0,1,2,0,42,1,0,0,0,0,0,0,1,1
200500025334,5,5,29,130,3,1,1,7,4657300,66600,2,2,2,0,4,2,0,78,1,0,3,0,1,0,0,1,1
200500025336,5,5,27,1845,1,1,1,3,4667800,82200,3,2,0,0,0,1,0,0,1,0,1,0,1,0,1,0,1
200500025339,5,5,1,100,5,1,1,7,4532800,7500,3,2,2,0,2,1,0,70,1,0,1,0,0,0,1,0,1
200500025341,5,5,27,1830,1,2,1,3,4548900,-20000,3,2,0,0,1,1,120,0,1,0,1,0,1,1,1,0,1
200500025345,5,5,31,1000,1,1,1,1,4602900,24200,3,2,2,0,1,1,0,61,1,0,1,0,1,1,0,0,1
200500025346,5,5,5,1830,1,1,1,3,4566100,8300,3,2,2,0,2,1,0,56,1,0,1,0,1,0,0,1,1
200500025347,5,5,7,2145,3,1,1,6,4566600,4900,4,2,0,0,2,1,0,42,1,0,3,0,0,0,0,1,1
200500025351,5,5,11,1545,1,1,1,1,4568400,50500,3,2,0,0,2,2,0,60,1,0,1,0,1,0,1,0,1
200500025354,5,5,12,745,1,1,2,3,4620000,-116600,3,2,2,0,1,1,0,52,2,0,1,0,1,0,1,0,1
200500025356,5,5,31,1730,1,2,1,3,4623300,-101900,2,2,2,0,1,1,0,70,1,0,1,0,1,0,1,0,1
200500025358,5,5,10,745,1,1,1,2,4543300,-46700,3,2,2,0,1,3,0,66,1,0,1,0,1,0,0,1,1
200500025361,5,5,18,1430,1,2,1,3,4525000,-40000,3,2,2,0,2,3,0,70,1,0,1,0,1,0,1,0,1
200500025362,5,5,25,2100,2,1,1,3,4532300,-47300,3,2,2,0,2,1,0,67,1,0,1,0,1,1,0,0,1
200500025363,5,5,9,1245,1,1,1,7,4510000,-15000,3,2,2,0,1,1,0,65,1,0,1,0,0,0,0,1,1
200500025364,5,5,30,930,1,1,1,6,4521100,-15800,3,2,2,0,4,1,0,0,1,5,1,0,0,0,0,2,1
200500025367,5,5,5,545,4,1,1,3,4596700,-124200,3,2,2,0,1,2,0,51,1,2,1,0,4,0,0,1,1
200500025368,5,5,8,600,2,1,1,6,4594700,-131500,3,2,2,0,1,1,0,0,1,0,1,0,0,1,0,0,1
200500025370,5,5,9,1500,1,1,1,7,4598300,-108200,4,3,2,0,1,1,0,0,9,0,1,0,0,0,1,0,1
200500025371,5,5,20,915,1,1,1,1,4593900,-86600,2,2,0,0,3,1,50,35,1,0,1,0,1,0,1,0,1
200500025374,5,5,3,2115,3,1,1,6,4577000,-68000,2,2,2,0,2,1,0,77,1,0,3,0,0,1,0,0,1
200500025375,5,5,4,930,1,1,2,6,4577200,-48100,3,2,0,0,1,1,25,60,2,0,0,0,1,0,0,1,1
200500025376,5,5,12,830,1,1,3,7,4577200,-47300,3,1,0,0,1,3,0,0,2,0,3,0,0,0,0,1,1
200500025377,5,5,15,1745,1,1,1,3,4583900,-69300,3,2,0,0,1,1,0,46,1,0,1,0,0,0,1,0,1
200500025378,5,5,20,2345,3,2,1,3,4573500,-71700,2,2,2,0,1,2,30,70,1,5,1,0,1,0,1,0,1
200500025379,5,5,21,1100,1,1,1,7,4577200,-71600,3,2,2,0,1,2,0,50,1,0,3,0,0,0,0,1,1
200500025380,5,5,3,200,1,1,1,1,4561000,-49000,3,2,2,0,1,3,0,66,1,0,1,0,1,0,0,1,1
200500025381,5,5,14,1800,1,1,1,3,4557500,-64700,3,0,2,0,0,1,0,66,1,0,1,0,2,0,0,1,1
200500025386,5,5,30,1530,1,1,1,6,4412400,504100,3,2,2,0,1,4,0,0,1,0,1,0,1,0,1,0,1
200500025387,5,5,2,100,3,1,1,1,4619200,-67700,2,2,0,0,1,1,0,120,1,0,1,0,1,0,1,1,1
200500025389,5,5,16,1330,1,1,1,3,4629200,-51000,2,2,2,0,1,1,0,74,1,0,1,0,1,0,1,0,1
200500025390,5,5,28,315,3,1,1,2,4628000,-45100,3,2,0,0,1,0,0,62,1,0,1,0,1,0,1,0,1