Num_Acc,an,mois,jour,hrmn,lum,int,atm,col,lat,long,catr,circ,nbv,vosp,prof,plan,lartpc,larrout,surf,infra,situ,env1,unscathed,killed,hospital,light,chance
200500025391,5,5,29,600,2,1,1,7,4677500,-37300,3,2,0,0,1,3,0,54,1,0,3,0,0,0,0,1,1
200500025392,5,5,30,1515,1,1,1,2,4679600,-34400,2,2,2,0,2,1,0,72,1,0,1,0,0,1,0,1,1
200500025393,5,5,11,1015,1,1,1,1,4704900,-20000,3,2,2,0,1,0,0,60,1,0,1,0,1,0,1,0,1
200500025396,5,5,2,915,1,1,1,3,4624800,-23700,4,2,2,0,1,1,0,58,1,0,1,0,1,0,1,0,1
200500025397,5,5,11,1245,1,1,1,3,4658700,-23900,3,2,2,0,4,3,0,51,1,0,1,0,1,0,1,0,1
200500025399,5,5,22,1130,1,1,1,3,4669000,-47600,3,0,2,0,2,1,0,50,1,0,1,0,1,0,0,1,1
200500025400,5,5,10,1100,1,1,1,1,4586700,112600,2,2,2,0,1,4,0,75,1,0,1,0,0,0,0,2,1
200500025401,5,5,14,1815,1,2,1,3,4581200,109500,3,2,2,0,1,1,0,65,1,0,1,0,1,0,1,1,1
200500025403,5,5,30,1030,1,1,1,6,4586900,112400,2,2,2,0,1,1,0,74,1,0,3,0,0,0,1,0,1
200500025404,5,5,16,1930,1,2,1,1,4585200,144800,3,2,0,0,1,1,0,72,1,0,1,0,1,0,1,0,1
200500025405,5,5,8,1530,1,1,1,3,4566000,98300,2,2,0,0,1,1,0,78,1,0,1,0,2,0,0,1,1
200500025407,5,5,9,2130,3,1,1,6,4612900,137200,3,3,0,0,2,1,0,0,1,0,1,0,0,0,1,0,1
200500025409,5,5,10,1630,1,9,1,1,4574800,101400,3,2,2,0,1,1,0,68,1,0,1,0,1,2,2,0,1
200500025410,5,5,27,2015,2,1,1,6,4525600,178600,3,2,2,0,2,1,0,75,1,0,1,0,0,0,0,1,1
200500025411,5,5,20,30,3,1,1,6,4506300,199000,2,2,2,0,1,3,0,72,1,0,4,0,0,0,1,0,1
200500025412,5,5,28,515,3,1,1,6,4515800,161500,3,2,2,0,2,3,0,0,1,0,1,0,0,0,2,2,1
200500025413,5,5,20,1745,1,1,1,2,4524800,146500,3,2,1,0,1,3,0,68,1,0,1,0,2,0,0,1,1
200500025415,5,5,8,1200,1,1,1,3,4559400,198600,3,2,2,0,2,1,0,73,1,0,1,0,4,1,0,0,1
200500025416,5,5,14,1615,2,1,1,6,4623800,191100,3,2,2,0,2,2,0,74,1,0,3,0,0,0,1,0,1
200500025417,5,5,7,2130,3,1,1,6,4636300,183500,3,2,2,0,1,3,50,0,1,0,0,0,0,0,1,0,1
200500025418,5,5,20,1315,1,1,1,6,4640700,215400,3,2,2,0,3,0,0,42,9,0,1,0,0,0,1,0,1
200500025420,5,5,28,1700,1,1,1,6,4597400,259300,4,0,0,0,2,1,0,28,1,0,3,0,1,0,1,0,1
200500025422,5,5,6,2100,2,1,1,6,4616600,160700,3,2,0,0,1,4,0,50,1,0,3,0,2,0,1,0,1
200500025423,5,5,22,45,5,1,1,1,4350500,150900,3,2,2,0,2,2,0,70,1,0,1,0,3,0,1,0,1
200500025424,5,5,3,2000,1,1,1,1,4374900,160600,2,2,0,0,2,2,0,70,1,0,1,0,0,0,2,1,1
200500025425,5,5,29,700,1,1,1,1,4377200,140700,3,2,0,0,4,1,0,67,1,0,1,0,0,0,1,1,1
200500025430,5,5,10,1815,1,2,1,1,4352500,140700,4,2,2,0,0,1,0,60,1,5,1,0,1,0,1,0,1
200500025431,5,5,19,1745,1,1,1,4,4351900,136700,3,2,0,0,2,1,0,60,1,0,1,0,2,0,0,1,1
200500025432,5,5,28,1815,1,1,1,3,4353600,140400,3,1,0,0,0,1,0,35,1,0,1,0,1,0,0,1,1
200500025441,5,5,13,1700,1,1,1,7,4354000,112000,3,2,2,0,1,1,0,50,1,0,3,0,0,0,0,1,1
200500025443,5,5,29,1730,1,1,1,3,4317200,68100,3,2,2,0,1,1,0,40,0,0,1,0,1,0,0,1,1
200500025445,5,5,29,500,5,1,1,6,4280700,59700,3,2,0,0,0,2,0,69,1,0,3,0,0,0,1,0,1
200500025446,5,5,18,830,1,1,1,3,4329100,64900,3,2,2,0,2,1,0,100,1,0,1,0,1,0,1,0,1
200500025447,5,5,22,730,1,1,1,6,4323300,59000,3,2,2,0,1,1,0,60,2,0,3,0,0,0,1,0,1
200500025448,5,5,15,1445,1,1,1,1,4340100,170500,3,3,2,3,1,1,0,35,1,5,1,0,1,0,0,1,1
200500025449,5,5,17,1500,1,1,1,7,4355900,156900,4,2,0,0,1,2,0,44,1,0,3,0,0,0,1,0,1
200500025451,5,5,28,1815,1,9,1,6,4353400,176000,4,2,1,0,1,1,0,0,1,0,1,0,1,0,0,1,1
200500025456,5,5,10,930,1,1,1,6,4305100,163200,3,1,0,3,1,1,0,35,1,0,0,0,1,0,1,0,1
200500025458,5,5,14,315,5,1,3,6,4325000,167000,3,2,2,0,1,1,0,60,2,0,1,0,0,0,1,0,1
200500025460,5,5,22,2230,3,1,1,6,4309000,172000,3,2,1,0,1,2,0,65,1,0,1,0,0,0,1,0,1
200500025462,5,5,19,1215,1,1,1,1,4305600,188800,3,2,2,0,0,2,0,72,1,0,1,0,1,1,0,0,1
200500025463,5,5,24,1445,1,6,1,6,4299100,114400,3,1,1,0,1,0,0,60,1,0,1,0,1,0,1,0,1
200500025464,5,5,1,1730,1,9,1,3,4313100,117400,3,2,2,0,1,1,0,53,1,0,1,0,1,0,0,1,1
200500025467,5,5,10,1745,1,1,1,7,4455500,246700,3,2,2,0,2,1,0,75,1,0,0,0,0,0,1,0,1
200500025468,5,5,1,1500,1,1,1,7,4455200,270700,3,2,2,0,1,2,0,74,1,0,3,0,0,1,3,0,1
200500025469,5,5,1,1545,1,1,1,7,4459400,262800,3,2,2,0,1,4,0,61,1,0,3,0,1,0,1,0,1
200500025470,5,5,7,1630,1,1,1,6,4455300,267100,3,0,2,0,1,2,0,78,1,0,1,0,0,0,1,0,1
200500025471,5,5,18,1530,1,1,1,3,4420700,301700,3,2,2,0,4,1,20,40,0,0,1,0,1,0,2,0,1
200500025472,5,5,9,215,3,1,1,7,4388100,278200,3,2,2,0,1,1,0,78,1,0,1,0,0,0,1,0,1
200500025473,5,5,15,1415,1,1,1,2,4389900,319000,4,2,2,0,1,1,0,43,1,0,1,0,2,0,1,0,1
200500025476,5,5,13,1930,1,1,1,1,4427400,205300,3,2,0,0,2,3,0,60,1,0,1,0,1,0,1,0,1
200500025478,5,5,27,1700,1,1,1,7,4365400,88500,3,2,2,0,1,4,0,50,9,0,1,0,0,0,0,2,1
200500025479,5,5,28,1315,1,1,1,7,4378200,72300,3,2,2,0,0,4,0,50,1,0,0,0,0,0,0,1,1
200500025486,5,5,16,715,1,1,1,6,4399700,42800,3,2,2,0,2,2,0,60,2,0,3,0,0,0,0,1,1
200500025487,5,5,4,1315,1,1,1,7,4376900,-3100,2,2,2,0,1,1,0,66,1,0,4,0,0,0,0,1,1
200500025488,5,5,7,1445,1,2,1,5,4373800,-15800,3,2,2,0,4,1,0,67,1,0,1,0,3,0,1,1,1
200500025491,5,5,24,2000,1,1,1,2,4379400,25700,3,2,0,0,1,3,0,70,1,0,1,0,2,1,0,0,1
200500025495,5,5,1,1700,1,1,1,6,4334300,46700,3,2,2,0,1,1,0,60,1,0,3,0,0,0,2,0,1
200500025496,5,5,7,415,5,1,1,6,4351700,40700,2,2,2,0,1,1,0,0,1,0,3,0,0,0,0,1,1
200500025497,5,5,5,1230,1,1,8,7,4351300,20400,3,2,0,0,1,1,61,0,1,0,1,0,0,0,0,2,1
200500025498,5,5,28,2200,5,1,1,2,4340300,19000,2,2,2,0,1,1,0,74,1,0,1,0,1,0,0,1,1
200500025499,5,5,6,230,5,1,1,6,4366200,-8500,4,1,0,0,2,1,0,57,1,0,1,0,1,0,1,0,1
200500025500,5,5,7,1030,1,1,1,7,4364300,-10700,3,2,2,0,1,2,0,50,1,0,1,0,0,0,0,1,1
200500025501,5,5,11,845,1,1,1,3,4366000,-9200,4,2,2,0,1,1,0,50,1,0,1,3,2,0,1,0,1
200500025502,5,5,23,1845,1,1,1,1,4370700,-23600,2,1,1,0,1,1,0,65,1,0,1,0,1,0,0,1,1
200500025503,5,5,30,1830,1,1,1,6,4359500,7900,3,2,2,0,1,1,0,65,1,0,3,0,0,0,1,0,1
200500025504,5,5,31,1400,1,1,1,1,4365300,13200,3,2,2,0,1,1,0,53,1,0,1,0,0,0,2,0,1
200500025507,5,5,27,745,1,1,1,6,4459900,111200,3,2,2,0,1,1,0,43,1,0,1,0,1,1,0,0,1
200500025508,5,5,27,1700,1,1,1,6,4450900,113900,3,2,2,0,1,1,0,57,1,0,1,0,1,1,1,0,1
200500025511,5,5,20,1300,1,1,1,2,4329700,11600,2,2,2,0,1,1,0,72,1,0,1,0,1,0,0,1,1
200500025514,5,5,20,1330,1,1,1,2,4297000,-8200,3,3,2,0,1,1,0,87,1,0,1,0,1,0,2,0,1
200500025519,5,5,8,1600,1,1,1,5,4411700,216800,3,2,2,0,1,1,0,63,1,0,1,0,1,1,1,0,1
200500025522,5,5,25,2215,3,1,1,1,4374400,216600,3,2,2,0,3,2,0,62,1,0,1,0,0,0,0,2,1
200500025523,5,5,29,530,4,1,1,2,4377900,207700,3,2,0,0,1,1,0,60,1,0,1,0,1,0,0,1,1
200500025524,5,5,26,845,1,1,1,1,4371400,270000,3,2,2,0,2,3,0,60,1,0,1,0,1,0,1,0,1
200500025525,5,5,15,845,1,1,1,6,4370400,181700,3,2,2,0,1,1,0,50,1,0,1,0,1,0,0,1,1
200500025526,5,5,27,1645,1,1,1,6,4376500,170700,3,2,2,0,1,1,0,68,1,0,3,0,0,0,1,0,1
200500025527,5,5,7,1515,1,1,1,1,4371100,225500,3,2,2,0,1,1,0,51,1,0,1,0,2,0,1,1,1
200500025529,5,5,2,1645,1,1,1,1,4405600,201800,3,2,2,0,2,3,0,60,1,0,1,0,1,0,1,0,1
200500025530,5,5,8,1745,1,1,1,1,4400300,169700,3,2,2,0,1,3,0,63,1,0,1,0,2,0,1,0,1
200500025531,5,5,2,1000,1,1,1,6,4387600,179300,3,2,2,0,0,1,0,50,1,0,3,0,0,1,0,0,1
200500025532,5,5,5,915,1,1,2,1,4349300,245900,2,2,0,0,1,1,0,75,2,0,1,0,0,0,1,3,1
200500025534,5,5,28,315,3,1,1,6,4411500,125200,3,2,2,0,1,1,0,62,1,0,3,0,0,1,0,0,1
200500025537,5,5,14,800,1,1,8,3,4424400,178400,3,2,1,0,2,2,0,99,2,0,1,0,2,0,1,1,1
200500025538,5,5,22,1200,1,2,2,3,4385300,95600,4,2,2,0,2,1,0,41,2,0,3,0,4,0,1,2,1
200500025539,5,5,9,1830,1,3,1,3,4384200,129200,2,2,0,0,1,1,0,107,1,5,1,0,0,0,0,2,1
200500025547,5,5,23,2330,3,1,1,6,4394400,124000,3,2,2,0,1,2,0,57,1,0,3,0,0,1,0,0,1
200500025548,5,5,29,1745,1,1,1,7,4419400,97000,3,2,0,0,1,2,54,0,1,0,3,0,0,0,1,0,1
200500025550,5,5,20,2100,5,1,1,1,4584900,482800,9,2,0,0,1,0,0,0,1,0,1,0,1,0,1,0,1
200500025554,5,5,15,1445,1,1,1,1,4565400,498500,3,2,2,0,1,1,0,0,1,0,1,0,1,0,0,1,1
200500025559,5,5,15,2315,3,1,1,1,4575200,456700,3,2,2,0,2,1,0,50,1,0,1,0,2,0,0,1,1
200500025563,5,5,28,1245,1,1,1,1,4565700,454200,4,0,2,0,1,1,0,48,1,0,1,0,1,0,0,1,1
200500025566,5,5,7,2000,2,1,2,6,4602700,466900,3,2,0,0,1,1,0,60,2,0,1,0,1,0,1,0,1
200500025571,5,5,11,1300,1,1,1,3,4620100,454600,3,2,2,0,2,3,0,62,1,0,1,0,1,0,0,1,1
200500025572,5,5,13,945,1,1,1,7,4622800,442700,3,2,0,0,1,1,0,0,1,0,2,0,0,0,1,0,1
200500025573,5,5,20,1815,1,1,1,1,4624700,467800,3,2,1,0,2,3,0,52,1,0,1,0,1,0,1,1,1
200500025574,5,5,30,1545,1,1,1,1,4626800,455300,4,2,1,0,1,3,0,36,1,0,1,0,1,0,0,3,1
200500025575,5,5,11,830,1,1,1,1,4605100,472200,2,2,0,0,1,1,130,110,1,0,1,0,0,0,0,2,1
200500025579,5,5,24,1645,1,1,1,3,4612300,467900,3,2,0,0,1,1,0,63,1,0,1,0,3,0,0,1,1
200500025583,5,5,5,1530,1,1,8,6,4592000,449100,3,3,2,0,1,3,0,77,1,0,3,0,0,1,0,0,1
200500025585,5,5,31,1245,1,9,1,1,4620000,517000,3,2,2,3,1,1,0,105,1,0,1,0,0,0,2,0,1
200500025588,5,5,8,2245,5,1,1,6,4629100,516100,3,2,2,0,1,1,6,60,1,5,1,0,0,0,0,1,1
200500025589,5,5,14,345,3,1,3,7,4634000,507000,3,2,2,0,1,2,0,65,2,0,3,0,0,1,0,0,1
200500025590,5,5,13,1100,1,1,1,7,4646000,510000,4,2,1,0,1,1,0,30,1,0,1,0,0,1,0,0,1
200500025591,5,5,18,1900,1,1,1,3,4638100,518000,3,2,0,0,1,1,0,64,1,5,1,0,1,0,1,0,1
200500025593,5,5,20,900,1,1,1,2,4631200,523800,3,2,0,0,3,1,0,0,1,0,0,0,1,0,0,1,1
200500025595,5,5,26,300,3,1,1,1,4605600,538400,2,2,2,0,1,1,0,76,1,0,1,0,0,1,0,1,1
200500025601,5,5,8,1745,1,1,1,6,4593000,527900,4,2,2,0,1,1,70,0,1,0,1,0,0,0,0,1,1
200500025602,5,5,13,2200,5,1,1,1,4578000,520700,3,2,2,0,1,1,0,72,1,0,1,0,2,0,0,1,1
200500025603,5,5,17,1645,1,6,1,6,4585500,525400,3,2,2,0,1,1,30,90,8,0,1,0,0,0,0,1,1
200500025604,5,5,18,2000,2,1,7,1,4589400,526700,3,2,2,0,1,3,0,56,1,0,1,0,0,0,0,2,1
200500025605,5,5,5,1515,1,1,2,1,4615900,565700,3,2,2,0,2,4,0,59,2,0,1,0,0,0,0,2,1
200500025606,5,5,8,1600,1,1,1,6,4615700,560600,2,1,1,0,1,1,64,0,1,0,1,0,1,0,0,1,1
200500025607,5,5,10,1715,1,1,1,6,4617200,557500,2,2,3,0,1,1,0,0,1,0,1,0,1,0,0,1,1
200500025613,5,5,10,1015,1,1,1,3,4629000,608600,2,2,0,0,1,2,0,0,1,5,1,0,1,0,0,1,1
200500025617,5,5,18,1300,1,1,1,2,4583300,500400,9,2,2,0,1,3,0,120,1,0,1,0,1,0,0,2,1
200500025620,5,5,7,845,1,1,1,7,4614000,480000,3,2,1,0,1,1,0,0,1,0,0,0,0,0,1,0,1
200500025621,5,5,25,1515,1,1,1,3,4615000,482000,3,0,2,0,1,3,0,46,1,0,1,0,1,0,0,1,1
200500025622,5,5,27,1730,1,1,1,3,4611400,490300,3,2,0,0,2,1,0,80,1,0,1,0,1,0,0,2,1
200500025623,5,5,2,1615,1,1,1,2,4464200,442600,2,2,2,0,1,1,0,78,1,0,1,0,1,0,0,3,1
200500025624,5,5,20,715,1,9,1,3,4462000,434000,3,2,2,0,2,3,0,46,1,0,1,0,2,1,0,0,1
200500025628,5,5,12,830,1,1,1,7,4459300,470600,2,2,2,0,1,4,0,71,1,0,1,3,0,1,0,0,1
200500025629,5,5,19,1215,1,9,1,3,4458300,470700,3,2,0,0,2,1,0,72,1,0,1,0,1,0,0,1,1
200500025631,5,5,11,715,2,1,1,7,4484100,481500,3,2,0,0,1,1,6,80,1,5,1,0,0,0,1,0,1
200500025632,5,5,12,330,5,1,1,6,4448200,424300,3,2,0,0,1,1,0,0,1,0,3,0,0,0,1,0,1
200500025633,5,5,15,1600,1,7,1,1,4448500,424000,6,2,2,0,1,0,0,0,1,5,1,0,1,0,1,0,1
200500025634,5,5,26,1730,1,1,1,3,4457500,426700,3,2,2,0,2,3,0,53,1,0,1,0,1,0,1,0,1
200500025636,5,5,21,1715,1,1,1,1,4432800,416100,3,2,2,0,1,4,57,0,1,0,1,0,0,1,0,1,1
200500025638,5,5,1,315,3,9,1,6,4527400,467900,2,2,0,0,2,2,0,81,1,0,1,0,0,1,0,0,1
200500025639,5,5,27,2345,3,1,1,6,4523900,460400,3,2,2,0,1,2,0,55,1,0,1,0,0,0,3,1,1
200500025640,5,5,30,1300,1,9,8,1,4514900,471000,3,2,2,0,0,0,0,58,0,0,0,0,1,0,0,2,1
200500025645,5,5,2,1130,1,1,1,3,4486500,485400,2,2,3,0,1,2,0,133,1,0,1,0,1,1,0,0,1
200500025646,5,5,17,1200,1,1,1,3,4470000,515000,3,2,2,2,1,1,0,73,1,0,1,0,1,0,1,0,1
200500025648,5,5,13,530,2,1,1,6,4441400,471200,2,2,2,0,1,3,0,0,1,0,3,0,0,0,0,1,1
200500025649,5,5,2,45,3,1,1,6,4438700,509900,3,2,2,0,2,1,0,68,1,0,1,0,0,1,0,0,1
200500025651,5,5,25,800,1,1,1,2,4444300,494400,3,2,2,0,1,1,0,58,1,0,1,0,2,0,1,0,1
200500025655,5,5,19,1845,1,1,1,2,4502900,528800,3,2,2,0,2,2,0,0,1,0,1,0,1,0,0,1,1
200500025656,5,5,1,1215,1,3,1,3,4526400,482400,2,2,2,0,1,1,0,0,1,5,1,0,0,0,1,3,1
200500025657,5,5,26,1615,1,1,1,5,4530200,482100,2,2,2,0,1,1,0,65,1,0,1,0,0,2,3,0,1
200500025660,5,5,9,1215,1,1,1,2,4543700,601400,3,0,1,0,1,1,0,0,1,0,1,0,1,0,0,2,1
200500025668,5,5,17,1100,1,1,1,2,4495300,577900,2,2,1,0,0,1,0,0,1,0,1,0,1,0,0,1,1
200500025669,5,5,29,30,3,1,1,7,4490900,581300,4,2,0,0,1,1,0,50,1,0,0,0,0,0,1,0,1
200500025670,5,5,19,1400,1,1,1,1,4478300,564600,2,2,2,0,2,3,0,77,8,0,1,0,1,0,0,2,1
200500025671,5,5,6,2245,3,1,1,6,4511000,573000,4,0,2,0,2,1,0,0,1,0,0,0,4,0,0,1,1
200500025672,5,5,8,900,1,1,1,6,4511000,580000,3,2,2,0,1,1,0,65,1,5,1,0,0,2,0,1,1
200500025674,5,5,15,1500,1,1,1,1,4508800,589900,2,2,0,0,1,1,0,70,1,0,1,0,1,0,1,0,1
200500025676,5,5,22,1145,1,1,1,1,4522400,543600,2,2,2,0,2,1,0,0,1,0,1,0,1,0,1,0,1
200500025677,5,5,20,915,1,1,1,3,4562500,535300,3,2,2,0,1,1,0,40,1,0,1,0,1,0,0,1,1
200500025678,5,5,23,815,1,1,2,6,4565300,535400,3,2,2,0,1,2,0,0,2,0,3,0,0,0,1,0,1
200500025679,5,5,26,1645,1,1,1,6,4558900,532700,3,3,1,0,1,1,13,63,1,0,1,0,1,0,1,0,1
200500025681,5,5,22,1530,1,1,1,3,4564000,521100,3,2,0,0,1,1,0,55,1,0,1,0,0,1,1,3,1
200500025682,5,5,13,2230,2,1,1,6,4539900,542300,4,0,0,0,1,1,50,0,1,0,1,0,0,0,1,2,1
200500025683,5,5,10,2015,2,1,1,3,4585700,540600,2,2,0,0,1,1,50,112,1,5,1,0,0,0,0,2,1
200500025684,5,5,16,1745,3,1,1,6,4587600,536500,3,2,2,0,0,0,0,50,1,0,1,0,0,0,0,1,1
200500025685,5,5,22,630,2,1,2,1,4576900,540500,2,2,2,0,1,3,0,0,2,0,0,0,0,0,0,2,1
200500025686,5,5,23,745,1,1,2,1,4584300,541500,2,2,2,0,2,3,0,73,2,0,1,0,46,0,0,1,1
200500025687,5,5,27,2345,3,1,1,6,4583400,531900,3,2,0,0,0,1,0,70,1,0,3,0,0,0,0,1,1
200500025688,5,5,28,1915,1,1,1,6,4582500,539300,3,2,2,0,0,1,0,65,1,0,1,0,0,0,0,2,1
200500025689,5,5,28,2100,3,1,1,7,4583700,533300,3,2,2,0,0,2,0,70,1,0,1,0,0,0,0,2,1
200500025690,5,5,31,1630,1,1,1,1,4579300,543000,3,2,0,0,0,1,70,0,1,0,1,0,0,0,0,2,1
200500025691,5,5,6,2100,1,1,1,6,4565800,546100,3,0,0,0,1,2,0,0,1,0,1,0,0,0,0,1,1
200500025700,5,5,21,1030,1,1,1,3,4533800,494900,3,3,2,0,1,1,5,206,1,5,1,0,0,0,0,2,1
200500025701,5,5,29,845,1,2,1,3,4541900,515000,3,2,2,0,0,1,0,60,1,0,1,0,1,0,0,1,1
200500025702,5,5,7,2045,2,1,1,7,4532300,482500,4,2,2,0,1,4,0,0,1,0,1,0,0,0,1,0,1
200500025703,5,5,27,1815,1,1,1,6,4534500,487400,3,2,0,0,1,1,0,0,1,0,1,0,2,0,0,1,1
200500025705,5,5,20,2215,3,1,1,6,4550300,445600,3,2,2,0,1,3,0,56,1,0,0,0,0,0,1,0,1
200500025708,5,5,28,2000,1,1,1,7,4555900,430300,9,2,0,0,1,2,0,66,1,0,3,0,0,0,0,1,1
200500025715,5,5,19,1900,1,1,1,3,4555200,461500,3,2,2,0,2,2,0,76,0,0,1,0,1,0,1,0,1
200500025717,5,5,19,1715,1,1,1,7,4543700,474300,2,2,2,0,1,1,0,58,1,0,1,0,0,0,1,0,1
200500025718,5,5,24,1600,1,1,1,1,4538900,472600,3,2,0,0,1,1,41,0,1,0,1,0,1,0,0,1,1
200500025724,5,5,4,1245,1,1,1,7,4609700,391200,3,2,0,0,2,1,0,58,1,0,1,0,0,0,0,1,1
200500025725,5,5,7,1700,1,1,1,6,4617700,397300,3,2,2,0,0,3,0,58,1,0,3,0,1,0,1,1,1
200500025726,5,5,17,1415,1,1,1,3,4609900,394100,3,2,2,0,0,1,0,64,1,0,1,0,1,0,1,0,1
200500025727,5,5,21,915,1,1,8,7,4613400,389600,3,2,2,0,1,3,0,60,2,4,0,0,0,0,0,1,1
200500025728,5,5,26,1615,1,1,1,1,4614100,389700,2,2,0,0,1,3,0,85,1,0,1,0,0,1,0,1,1
200500025729,5,5,24,915,1,1,1,1,4596800,374500,3,2,2,0,1,2,0,0,1,0,1,0,1,0,0,1,1
200500025730,5,5,20,1700,1,1,1,7,4564600,599200,3,2,2,0,2,2,0,62,1,0,1,0,0,0,1,0,1
200500025733,5,5,20,1730,1,1,1,3,4558000,598700,3,2,2,0,2,1,0,57,1,0,1,0,1,0,0,1,1
200500025735,5,5,28,1815,1,1,1,1,4550800,610500,3,2,0,0,1,1,0,0,1,0,1,0,1,0,0,1,1
200500025736,5,5,21,745,1,3,1,3,4573600,611000,3,2,2,0,1,1,0,63,1,0,1,0,0,0,0,3,1
200500025737,5,5,29,2000,1,1,1,3,4581500,583400,3,2,0,2,3,3,0,92,1,2,1,0,2,1,0,0,1
200500025740,5,5,7,1600,1,1,1,7,4553000,596800,4,0,2,0,1,1,0,31,1,0,1,0,0,0,1,0,1
200500025741,5,5,14,1915,1,1,1,3,4550900,607300,2,2,0,0,1,1,0,130,1,0,1,0,1,0,0,3,1
200500025742,5,5,9,800,1,1,1,2,4570900,577500,2,2,2,0,1,1,0,75,1,0,1,0,10,0,0,2,1
200500025743,5,5,13,1430,1,1,1,3,4560300,588800,4,2,2,0,1,3,0,70,1,0,1,0,1,1,0,0,1
200500025744,5,5,27,1130,1,1,1,3,4570800,576300,3,2,2,0,1,1,0,72,1,0,1,0,1,0,1,0,1
200500025745,5,5,30,200,5,1,1,6,4552900,573800,3,2,2,0,1,1,0,65,1,0,3,0,0,0,0,1,1
200500025746,5,5,9,815,1,1,1,3,4558200,579900,3,2,3,3,1,1,0,100,1,0,1,0,1,0,0,1,1
200500025747,5,5,14,1445,1,1,1,6,4546000,580000,2,2,2,0,2,2,0,0,2,0,3,0,0,0,0,1,1
200500025748,5,5,28,1900,1,1,1,3,4554000,567400,2,2,2,0,1,1,0,60,9,0,1,0,1,0,1,0,1
200500025752,5,5,15,1045,1,1,1,5,4571300,643500,3,2,2,0,1,1,66,0,1,0,1,0,2,0,1,0,1
200500025768,5,5,3,1715,1,1,3,3,4586300,661900,2,2,2,0,1,1,0,88,2,0,1,0,1,0,1,0,1
200500025769,5,5,9,1500,1,6,1,5,4586400,662100,2,2,2,0,1,2,0,80,1,0,1,0,1,0,1,2,1
200500025771,5,5,1,1300,1,3,1,3,4611200,633100,3,2,2,0,1,1,60,0,1,0,1,0,1,0,0,1,1
200500025775,5,5,1,830,1,1,1,2,4613000,605000,3,2,2,0,1,3,0,80,1,0,1,0,1,0,0,1,1
200500025776,5,5,2,1545,1,1,1,7,4611000,610000,3,2,2,0,2,1,0,80,1,0,0,0,0,0,1,1,1
200500025777,5,5,20,1530,1,1,1,2,4616000,616700,2,2,2,0,1,1,0,72,1,0,1,0,1,0,0,1,1
200500025783,5,5,8,1645,1,1,1,3,4637300,633000,4,2,2,0,2,1,0,0,1,0,1,0,1,0,0,1,1
200500025784,5,5,9,900,1,1,1,6,4631000,630500,2,2,2,0,1,1,0,64,1,0,1,0,0,0,1,0,1
200500025785,5,5,13,1615,1,1,1,3,4626200,634200,3,2,0,0,1,3,0,71,1,0,1,0,1,0,0,1,1
200500025786,5,5,14,1800,1,1,1,6,4635400,634500,4,2,2,0,1,1,0,50,1,0,3,0,0,0,4,0,1
200500025787,5,5,25,1400,1,1,1,3,4634400,646000,3,3,2,0,1,1,45,380,1,5,1,0,1,0,1,0,1
200500025788,5,5,1,2115,5,1,1,6,4633500,666100,3,2,2,0,0,3,0,0,1,0,3,0,0,0,1,0,1
200500025789,5,5,15,2000,1,1,1,6,4629800,676100,3,2,2,0,2,3,0,63,1,0,3,0,0,0,1,0,1
200500025790,5,5,15,1500,1,1,1,6,4634500,661500,4,2,2,0,2,1,0,58,1,0,1,0,1,0,0,1,1
200500025791,5,5,3,1915,1,1,1,1,4638500,651400,3,2,2,0,0,2,0,64,8,0,1,0,0,0,1,1,1
200500025792,5,5,24,2015,2,1,1,1,4638500,661700,4,2,2,0,1,0,0,35,1,0,1,0,1,0,0,1,1
200500025795,5,5,8,1845,1,1,1,3,4583300,308200,4,2,2,0,1,1,0,50,1,0,1,0,2,0,0,1,1
200500025798,5,5,1,1715,1,1,1,2,4571600,307500,2,2,2,0,2,3,0,77,1,0,1,0,1,0,1,0,1
200500025802,5,5,11,1345,1,1,1,1,4568900,280700,3,0,2,0,1,3,0,57,1,2,1,0,1,0,2,0,1
200500025803,5,5,27,1745,1,1,1,1,4568200,279800,2,2,3,0,4,2,0,106,1,0,1,0,0,0,4,0,1
200500025804,5,5,8,415,5,9,1,3,4570600,316200,3,2,2,0,3,1,0,66,1,5,1,0,1,0,0,2,1
200500025806,5,5,27,1745,1,1,1,6,4555300,374100,3,2,2,0,1,1,0,60,1,0,1,0,2,0,0,1,1
200500025807,5,5,15,1630,1,1,1,1,4568400,362200,3,2,2,0,2,2,0,72,1,0,1,0,1,0,0,4,1
200500025808,5,5,27,745,1,1,1,1,4560200,356000,3,2,2,0,1,4,0,46,1,0,1,0,1,0,0,1,1
200500025809,5,5,4,1415,1,1,1,3,4554400,325000,3,2,0,0,1,0,0,50,1,5,1,0,1,0,0,1,1
200500025810,5,5,9,1900,1,1,1,7,4555000,323900,4,2,0,0,1,1,0,0,1,0,1,0,0,0,1,1,1
200500025811,5,5,27,1915,1,1,1,7,4556200,284900,3,2,0,0,2,2,0,0,1,0,1,0,0,0,2,0,1
200500025813,5,5,1,1200,1,1,1,1,4539300,299200,3,2,1,0,0,0,0,0,1,0,1,0,1,0,0,1,1
200500025814,5,5,31,1345,1,1,1,1,4560000,268200,3,2,2,0,4,3,0,75,1,0,1,0,0,1,2,0,1
200500025815,5,5,26,1415,1,1,1,1,4587400,299600,3,2,0,0,0,1,0,50,1,0,1,0,1,0,0,1,1
200500025816,5,5,5,445,3,1,1,6,4598000,313000,3,2,2,0,2,1,0,56,1,0,3,0,0,0,1,0,1
200500025817,5,5,31,1900,1,9,1,7,4589100,298500,3,2,2,0,1,0,0,56,1,0,0,3,0,0,1,0,1
200500025818,5,5,28,1900,1,1,1,7,4600300,335900,3,2,2,0,2,2,0,60,1,0,1,0,0,1,0,0,1
200500025819,5,5,30,1200,1,1,1,7,4590100,321300,3,2,0,0,1,1,0,76,1,0,3,0,0,1,0,0,1
200500025820,5,5,25,1330,1,1,1,6,4595800,289500,3,2,2,0,1,1,0,63,1,0,1,0,5,0,0,5,1
200500025821,5,5,22,1630,1,1,2,6,4583200,284400,3,2,2,0,1,3,0,64,2,0,3,0,1,0,0,1,1
200500025822,5,5,22,100,3,1,1,6,4618500,288300,3,2,2,0,2,2,0,70,1,0,1,0,0,2,1,0,1
200500025823,5,5,26,800,1,1,1,4,4584600,351300,2,2,0,0,1,1,80,40,1,0,1,0,2,0,0,1,1
200500025824,5,5,5,600,3,1,1,7,4576500,354200,3,2,0,0,1,1,0,71,1,0,3,0,0,0,0,2,1