Num_Acc,an,mois,jour,hrmn,lum,int,atm,col,lat,long,catr,circ,nbv,vosp,prof,plan,lartpc,larrout,surf,infra,situ,env1,unscathed,killed,hospital,light,chance
200500026210,5,5,24,715,1,1,1,3,4767500,654200,3,0,2,0,1,1,0,0,1,0,1,0,1,0,1,0,1
200500026211,5,5,8,1445,1,1,1,5,4762000,678000,3,2,2,0,1,1,0,51,1,0,1,0,3,0,0,1,1
200500026212,5,5,14,2000,2,1,1,6,4761000,673000,3,2,0,0,1,0,0,50,2,5,4,0,0,0,1,0,1
200500026215,5,5,19,1045,3,1,1,7,4786000,638000,2,3,0,0,2,3,10,106,1,0,3,0,0,0,1,0,1
200500026216,5,5,20,2000,1,1,1,6,4784300,644400,3,2,2,0,1,1,0,60,1,0,1,0,0,0,1,0,1
200500026217,5,5,22,1630,1,1,2,6,4739800,557700,3,2,2,0,1,3,0,71,2,0,1,0,0,1,0,0,1
200500026218,5,5,14,1445,1,1,2,1,4768400,585700,3,2,2,0,1,1,0,78,2,0,1,0,1,0,1,1,1
200500026219,5,5,18,1815,1,1,1,3,4729000,566000,4,2,2,0,1,1,0,0,1,0,1,0,1,0,1,0,1
200500026220,5,5,4,2115,5,1,2,6,4760700,692900,3,2,0,0,1,2,0,58,2,0,3,0,0,0,1,0,1
200500026221,5,5,10,1615,1,1,1,1,4758900,686000,2,2,0,0,1,1,20,72,1,5,1,0,1,0,1,0,1
200500026222,5,5,25,215,5,1,1,6,4768800,681800,3,2,0,0,1,1,0,60,1,0,3,0,0,0,0,1,1
200500026226,5,5,23,2100,1,6,1,7,4342700,548000,3,2,2,0,0,1,0,70,1,5,1,0,0,0,0,1,1
200500026227,5,5,25,1815,1,1,1,5,4342000,549000,3,2,0,0,2,4,0,71,1,0,1,0,3,0,0,1,1
200500026228,5,5,2,1630,1,1,1,5,4342900,544300,4,2,2,0,2,2,0,50,1,0,1,0,2,0,1,2,1
200500026229,5,5,11,1345,1,1,1,6,4343500,540500,3,1,0,0,1,3,70,0,1,6,1,0,1,0,1,0,1
200500026231,5,5,15,1330,1,1,1,2,4345000,537800,3,2,2,0,1,1,0,35,1,0,1,0,1,0,0,1,1
200500026232,5,5,17,1330,1,1,2,7,4346200,532100,3,3,2,0,2,1,5,80,2,0,1,0,0,0,0,1,1
200500026234,5,5,5,1415,1,3,1,3,4344900,568900,4,1,0,0,3,1,0,0,1,0,1,0,1,0,0,1,1
200500026235,5,5,9,1000,1,1,1,3,4342200,561100,3,2,0,2,1,1,0,70,1,0,1,0,0,0,0,3,1
200500026236,5,5,12,1045,1,1,1,3,4389100,490700,3,2,1,0,1,1,0,110,1,0,1,0,0,0,1,1,1
200500026238,5,5,22,2030,2,1,1,6,4345400,442400,3,2,2,0,1,1,0,0,1,0,4,0,0,0,1,0,1
200500026239,5,5,25,1230,1,1,1,1,4349400,440400,3,2,2,0,1,1,0,70,1,0,1,0,1,0,0,1,1
200500026242,5,5,2,1600,1,1,1,6,4347000,470000,3,2,2,0,1,3,0,61,1,0,3,0,0,0,1,1,1
200500026243,5,5,22,1500,1,1,1,7,4357400,455900,3,2,0,0,1,1,0,60,1,0,1,0,0,0,1,0,1
200500026244,5,5,23,1500,1,1,1,6,4345800,472500,3,2,2,0,1,1,60,0,1,0,3,0,0,0,0,2,1
200500026245,5,5,6,2200,3,1,1,6,4330000,563400,3,2,2,0,0,3,0,55,1,0,1,0,0,0,1,0,1
200500026246,5,5,14,1630,1,1,1,1,4327300,564800,2,2,2,0,1,1,0,68,1,0,1,0,0,1,0,1,1
200500026249,5,5,8,1800,1,1,1,7,4323000,559000,3,2,0,2,0,1,0,107,1,0,1,0,0,0,1,0,1
200500026251,5,5,6,1730,1,1,1,3,4325000,556000,3,2,2,0,1,1,0,70,1,0,1,0,1,0,2,0,1
200500026252,5,5,18,1830,1,1,1,7,4325100,558000,3,2,0,0,2,1,0,73,1,0,1,0,1,0,0,1,1
200500026253,5,5,8,1845,1,1,1,1,4337300,563200,3,2,0,0,0,1,0,0,1,0,1,0,2,0,0,1,1
200500026257,5,5,25,1400,1,1,1,5,4406900,617000,2,2,2,0,1,1,0,80,1,0,1,0,3,1,0,0,1
200500026258,5,5,29,1700,1,1,1,7,4383900,595600,3,2,2,0,1,3,0,59,1,0,1,0,0,1,0,0,1
200500026263,5,5,16,1300,1,1,1,1,4389100,586800,2,2,2,0,1,1,0,74,1,5,1,0,1,0,0,1,1
200500026264,5,5,19,730,1,1,1,1,4389000,577900,3,2,2,0,2,3,0,48,1,0,1,0,2,0,1,0,1
200500026265,5,5,17,1800,1,1,2,1,4409000,601000,2,2,2,0,1,2,0,75,2,0,1,0,0,0,1,1,1
200500026267,5,5,1,2130,3,1,1,6,4429000,582000,3,2,2,0,1,4,0,61,1,0,3,0,0,0,1,0,1
200500026268,5,5,1,1530,1,1,1,6,4468300,633500,4,2,0,0,2,1,0,40,0,0,0,0,0,0,1,0,1
200500026269,5,5,20,1745,1,1,1,1,4441400,572600,2,2,2,0,1,4,0,75,1,4,1,0,1,0,1,0,1
200500026270,5,5,14,1830,1,1,1,3,4480000,656300,2,2,0,0,1,1,0,115,1,0,1,0,2,0,0,1,1
200500026271,5,5,18,700,1,1,1,3,4476100,657600,2,2,0,0,0,0,0,0,0,0,0,0,0,0,1,1,1
200500026272,5,5,27,1000,1,1,1,1,4486800,659700,2,2,0,0,2,1,0,0,1,5,1,0,1,0,0,1,1
200500026274,5,5,29,1630,1,1,1,7,4504400,625400,2,2,0,0,1,2,0,64,1,1,1,0,0,0,1,0,1
200500026275,5,5,29,945,1,1,1,7,4470300,686400,3,2,0,0,2,1,0,68,1,0,1,0,0,0,0,1,1
200500026276,5,5,23,700,1,2,1,3,4456600,619800,2,2,2,0,1,2,0,73,1,5,1,0,0,0,1,1,1
200500026277,5,5,29,915,1,1,1,1,4454900,628000,2,2,2,0,1,1,0,77,1,0,1,0,1,0,1,0,1
200500026280,5,5,3,1700,1,1,2,1,4378800,727300,3,2,2,0,1,4,0,0,2,0,1,0,1,0,1,1,1
200500026283,5,5,25,1400,1,1,1,1,4396300,730300,3,2,2,0,1,3,0,70,1,0,1,0,0,1,0,1,1
200500026289,5,5,19,515,2,1,1,7,4364300,685700,3,2,2,0,0,2,0,72,1,0,3,0,0,0,0,1,1
200500026295,5,5,29,1200,1,1,1,1,4374300,717900,3,2,0,0,0,2,0,0,1,0,1,0,2,0,1,0,1
200500026300,5,5,29,1115,1,1,1,7,4383700,747000,3,0,2,0,2,2,0,60,1,0,1,0,0,0,0,1,1
200500026301,5,5,15,1430,1,1,1,6,4388100,699500,3,2,2,0,2,1,0,55,1,0,1,0,0,1,0,0,1
200500026302,5,5,22,1245,1,1,1,6,4404100,712900,3,2,2,0,2,4,0,63,1,0,1,0,0,1,0,0,1
200500026313,5,5,20,1400,1,1,1,1,4342500,610000,3,2,2,0,1,1,0,65,1,0,1,0,1,0,1,0,1
200500026315,5,5,23,545,1,1,1,3,4328500,612800,3,2,2,0,1,1,0,80,1,5,1,0,0,0,0,2,1
200500026318,5,5,6,1900,1,1,1,5,4341100,590100,3,2,2,0,1,1,0,60,1,0,1,0,2,0,0,1,1
200500026321,5,5,15,1800,1,1,1,3,4348000,576200,2,3,2,0,1,1,0,0,1,0,1,0,2,0,0,1,1
200500026329,5,5,3,1600,1,1,1,3,4327900,657600,2,2,2,0,1,1,0,0,1,0,1,0,1,0,0,1,1
200500026331,5,5,13,1715,1,1,1,6,4328900,659900,2,2,2,0,1,1,0,0,1,0,1,0,1,0,0,1,1
200500026333,5,5,15,1615,1,1,1,5,4323400,651600,3,2,0,0,1,2,0,50,1,0,1,0,1,0,1,1,1
200500026334,5,5,16,1230,1,1,1,1,4328000,651500,3,2,2,0,2,2,0,60,2,0,1,0,0,0,1,1,1
200500026335,5,5,21,245,5,1,5,6,4327000,653000,3,2,2,0,1,1,0,70,1,0,3,0,1,0,1,0,1
200500026336,5,5,26,2000,1,1,1,2,4327900,657500,2,2,0,0,1,1,0,50,1,0,1,0,1,0,1,0,1
200500026340,5,5,26,1930,1,1,1,3,4319000,578000,3,2,0,0,1,1,0,85,1,5,1,0,1,0,1,1,1
200500026341,5,5,27,1800,1,1,1,6,4320600,582200,4,2,1,0,2,1,0,35,1,0,1,0,1,0,0,1,1
200500026342,5,5,28,1515,1,1,1,6,4320000,579000,3,3,0,0,2,1,30,80,1,0,3,0,0,0,2,0,1
200500026344,5,5,30,930,1,1,1,1,4321400,577200,4,1,0,0,2,3,0,0,1,0,1,0,1,0,0,1,1
200500026346,5,5,31,1600,1,1,1,7,4324000,627000,3,2,2,0,1,1,0,59,1,0,3,0,0,0,0,2,1
200500026348,5,5,26,730,1,1,1,1,4314600,633300,3,0,1,0,0,1,0,0,1,0,1,0,2,0,1,0,1
200500026351,5,5,21,1815,1,3,1,3,4389800,494900,3,2,0,0,0,1,0,50,1,0,1,0,1,0,1,0,1
200500026360,5,5,14,1945,1,1,1,2,4388700,538000,2,2,0,0,1,1,0,60,1,5,1,0,1,0,0,1,1
200500026361,5,5,19,1615,1,1,1,6,4388400,538500,2,2,2,0,0,1,0,90,1,0,1,0,1,0,0,1,1
200500026362,5,5,29,1745,1,1,1,3,4387100,537000,3,2,0,0,0,2,0,79,1,0,1,0,1,0,0,1,1
200500026363,5,5,30,1945,1,1,1,3,4388400,534200,2,2,3,0,1,1,0,126,1,0,1,0,1,0,1,0,1
200500026364,5,5,12,1530,1,3,1,3,4373900,555400,3,2,0,0,1,1,0,60,1,0,1,0,0,0,0,3,1
200500026366,5,5,8,1700,1,1,1,5,4393700,506500,3,2,2,0,1,3,0,60,1,0,1,0,5,1,3,1,1
200500026370,5,5,21,1615,1,2,1,3,4438800,500300,4,2,2,0,1,1,0,67,1,0,1,0,0,0,0,2,1
200500026371,5,5,11,1100,1,1,1,6,4362800,390100,6,0,0,0,0,0,0,0,1,0,0,0,1,0,1,0,1
200500026372,5,5,28,1145,1,1,1,3,4365300,390000,3,3,0,1,1,1,31,65,1,5,1,0,0,0,0,2,1
200500026374,5,5,14,1830,1,1,1,3,4370900,402600,3,2,2,0,0,1,0,0,1,0,1,0,1,0,0,1,1
200500026375,5,5,21,2315,3,1,1,2,4368000,402400,3,2,0,0,3,1,0,67,1,0,1,0,1,1,0,0,1
200500026381,5,5,24,1045,1,1,1,1,4363300,401400,3,2,0,0,1,1,0,68,1,0,1,0,0,0,0,3,1
200500026382,5,5,7,2000,1,1,1,6,4378500,372600,3,2,2,0,0,0,0,60,1,0,3,0,0,0,0,1,1
200500026384,5,5,15,430,5,6,1,6,4359300,308700,3,0,0,0,1,0,72,0,1,0,1,0,0,0,1,0,1
200500026387,5,5,26,2300,3,1,1,6,4338600,315800,4,2,1,0,1,1,0,0,1,0,3,0,0,0,1,0,1
200500026388,5,5,1,1230,1,1,1,3,4327000,275000,3,0,1,0,1,1,70,0,1,0,1,0,5,0,0,4,1
200500026389,5,5,15,1600,1,1,1,7,4349600,334500,3,2,2,0,1,1,0,60,1,0,0,0,0,0,0,2,1
200500026390,5,5,18,2000,1,1,1,3,4338300,339900,3,2,0,0,1,2,0,40,1,0,1,0,0,0,0,2,1
200500026391,5,5,9,1730,1,1,7,6,4350000,302000,3,2,2,0,1,0,0,80,1,0,1,0,2,0,0,1,1
200500026392,5,5,6,1930,1,1,1,1,4345600,321000,3,2,2,0,1,1,0,70,1,0,1,0,1,0,0,1,1
200500026393,5,5,14,1200,1,1,1,3,4329700,326300,4,2,0,0,1,1,0,59,1,0,1,0,1,0,1,0,1
200500026394,5,5,26,2130,5,2,1,3,4329800,326300,9,2,0,0,1,1,0,60,1,5,1,0,2,0,1,0,1
200500026397,5,5,1,1645,1,1,1,1,4359000,347500,3,2,2,0,1,1,0,49,1,0,1,0,3,0,0,1,1
200500026398,5,5,11,1430,1,1,1,2,4356000,346000,2,2,2,0,1,1,0,71,1,0,1,0,1,0,0,1,1
200500026399,5,5,14,930,1,1,2,6,4361000,330000,3,3,3,0,1,2,0,96,2,0,3,0,1,0,0,1,1
200500026400,5,5,25,1745,1,1,1,1,4360700,348800,3,2,0,0,1,1,0,60,1,0,1,0,0,0,0,2,1
200500026401,5,5,21,1645,1,1,1,6,4364000,339000,3,2,2,0,2,2,0,61,1,0,3,0,0,0,1,0,1
200500026402,5,5,23,1845,1,1,1,6,4358000,336000,9,2,0,0,1,1,0,37,1,0,3,0,0,0,0,1,1
200500026403,5,5,27,700,1,1,1,6,4361900,343700,2,2,2,0,2,1,0,70,1,0,3,0,0,1,1,0,1
200500026413,5,5,30,1230,1,1,1,5,4345000,364000,2,2,3,0,1,1,0,120,1,0,1,0,3,0,1,0,1
200500026414,5,5,19,1700,1,3,1,3,4326500,213800,2,2,2,0,0,1,0,69,1,0,1,0,1,0,0,2,1
200500026415,5,5,27,1630,1,1,1,2,4325800,241000,3,2,2,0,1,1,0,67,1,0,1,0,1,0,1,0,1
200500026416,5,5,5,1615,1,1,1,6,4297400,258300,3,2,0,0,1,4,0,51,1,0,3,0,0,0,0,1,1
200500026417,5,5,8,1830,1,1,1,2,4332100,250800,3,2,0,0,1,1,0,61,1,0,1,0,3,0,0,2,1
200500026418,5,5,1,2145,3,1,1,6,4330000,198000,2,2,2,0,4,1,0,87,1,0,1,0,1,0,0,1,1
200500026422,5,5,17,1730,1,1,1,1,4318100,182100,3,2,0,0,1,1,0,0,1,5,1,0,1,0,1,1,1
200500026423,5,5,16,1415,1,1,1,1,4305100,213500,3,2,2,0,0,1,0,55,1,0,1,0,0,0,0,2,1
200500026424,5,5,2,1045,1,1,1,6,4284000,203000,3,2,2,0,1,1,0,60,1,0,3,0,0,0,0,1,1
200500026429,5,5,1,100,3,1,1,7,4296300,279800,3,2,2,0,1,3,0,58,1,0,1,0,6,0,1,0,1
200500026431,5,5,15,2145,3,1,1,6,4382400,425500,3,2,2,1,1,2,0,60,1,0,0,0,0,0,0,1,1
200500026433,5,5,12,1530,1,3,8,3,4384000,444900,3,2,2,0,0,1,0,0,1,4,1,0,1,0,1,0,1
200500026436,5,5,9,15,3,1,1,1,4379000,431000,2,2,2,0,1,3,0,0,1,0,1,0,0,1,0,1,1
200500026437,5,5,22,215,3,1,1,3,4366000,420000,3,2,0,0,1,0,0,150,1,0,1,0,0,0,0,3,1
200500026441,5,5,21,130,5,1,1,7,4410800,388100,3,2,2,0,2,1,0,70,1,0,1,0,0,0,1,1,1
200500026442,5,5,14,1545,1,1,1,7,4423300,400700,3,2,0,0,2,1,0,37,1,0,3,0,0,0,1,0,1
200500026443,5,5,9,1930,1,6,1,2,4406000,413300,3,1,1,0,1,3,0,50,1,3,1,0,1,0,0,1,1
200500026445,5,5,8,1645,1,1,1,3,4441400,401600,3,2,1,0,2,2,0,55,1,0,1,0,1,0,1,0,1
200500026449,5,5,6,1730,1,1,1,6,4412800,460000,3,2,0,0,1,1,0,58,0,0,1,0,0,0,1,0,1
200500026450,5,5,14,945,1,1,1,2,4420100,462500,2,2,2,0,2,1,0,70,1,0,1,0,1,0,0,1,1
200500026451,5,5,19,1945,1,1,1,6,4413200,461500,2,2,2,0,1,1,0,70,1,0,1,0,0,1,0,1,1
200500026454,5,5,1,645,2,1,1,7,4384000,462000,3,2,0,0,1,2,0,70,1,0,3,0,0,0,1,0,1
200500026455,5,5,12,1715,1,1,1,3,4385400,460600,3,2,0,0,1,1,0,65,1,0,1,0,1,0,0,1,1
200500026456,5,5,25,1545,1,1,1,6,4400900,457900,2,2,2,0,0,1,0,64,1,0,3,0,0,0,1,1,1
200500026457,5,5,29,1000,1,1,1,6,4393700,459800,2,2,2,0,0,0,0,0,0,0,0,0,0,0,1,0,1
200500026458,5,5,1,215,3,1,1,6,4406300,474100,3,2,0,0,1,1,0,64,1,0,0,0,0,1,0,0,1
200500026460,5,5,10,1700,1,1,1,5,4400600,473800,2,2,2,0,0,1,0,140,1,5,1,0,2,0,1,0,1
200500026461,5,5,13,2000,1,1,1,3,4405100,478700,3,2,0,0,1,1,0,0,1,0,1,0,1,0,2,0,1
200500026470,5,5,2,1015,1,1,1,7,4389000,403000,3,2,2,0,1,2,70,0,1,0,1,0,0,0,0,1,1
200500026471,5,5,11,1630,1,1,1,6,4391000,401000,3,2,2,0,1,1,0,50,1,0,1,0,1,0,1,0,1
200500026472,5,5,18,1630,1,1,1,6,4445400,347500,3,2,2,0,2,1,0,57,1,0,3,0,0,1,0,0,1
200500026475,5,5,21,1930,1,1,1,7,4434700,374700,3,2,2,0,1,3,0,30,1,0,1,0,0,0,1,1,1
200500026476,5,5,15,1715,1,1,1,7,4427900,384100,2,3,3,0,4,3,0,90,1,0,1,0,0,0,1,0,1
200500026479,5,5,31,1030,1,1,1,3,4424800,390800,3,2,0,0,2,2,0,52,1,0,1,0,1,0,0,1,1
200500026485,5,5,17,1130,1,1,3,1,4269500,270000,3,2,2,0,1,1,0,65,2,0,1,3,2,0,1,0,1
200500026486,5,5,25,1730,1,1,1,3,4269400,266200,3,2,2,0,1,1,30,70,1,5,1,0,2,0,0,1,1
200500026488,5,5,19,1815,1,2,7,3,4278000,299300,4,2,1,0,1,1,0,76,1,0,1,0,1,0,1,0,1
200500026489,5,5,16,1200,1,1,1,6,4249900,271600,3,2,1,0,0,1,0,60,1,0,3,0,0,1,0,1,1
200500026492,5,5,7,1600,1,9,1,2,4242000,197000,3,2,0,0,2,1,0,72,1,0,1,0,1,0,0,1,1
200500026494,5,5,10,1515,1,1,1,2,4225000,874000,3,2,2,0,2,1,0,44,1,0,1,0,1,1,0,0,1
200500026495,5,5,1,30,3,1,1,5,4141500,917500,2,2,2,0,2,3,0,76,1,0,1,0,2,0,2,5,1
200500026496,5,5,2,1645,1,1,1,5,4141000,917000,2,2,2,0,2,2,0,70,1,0,1,0,0,1,5,2,1
200500026500,5,5,16,1,3,1,1,7,4171000,907100,3,2,2,0,2,2,0,40,1,0,1,0,3,0,1,1,1
200500026501,5,5,12,2100,2,1,1,1,4167600,890600,4,2,2,0,2,3,71,0,1,0,1,0,1,0,1,0,1
200500026503,5,5,4,1945,1,1,1,6,4260500,938000,3,2,2,0,2,4,0,46,9,0,1,0,0,0,1,0,1
200500026504,5,5,17,1400,1,1,3,3,4260200,941600,3,2,2,0,2,3,0,65,2,0,1,0,6,0,1,0,1
200500026505,5,5,17,1030,1,1,1,6,4259700,936400,3,2,2,0,4,2,0,70,1,0,1,0,0,0,0,1,1
200500026506,5,5,29,1845,1,1,1,3,4260300,939000,3,2,2,0,2,1,0,64,1,0,1,0,1,0,0,1,1
200500026508,5,5,4,615,1,1,1,1,4263800,894200,2,2,2,0,3,3,0,62,1,0,1,0,0,1,0,1,1
200500026511,5,5,10,1545,1,6,1,3,4230600,915900,3,1,1,0,0,0,0,0,1,5,1,0,1,0,0,1,1
200500026512,5,5,2,1745,1,1,1,7,4229800,889200,3,2,0,0,2,3,0,52,1,0,3,0,0,0,0,1,1
200500026515,5,5,29,1700,1,1,1,7,4225000,954700,2,2,2,0,1,1,0,70,1,0,3,0,0,0,0,2,1
200500026516,5,5,11,1830,1,1,1,2,4250700,945600,3,2,2,0,2,1,0,45,1,0,1,0,3,0,0,1,1
200500026517,5,5,30,830,1,1,1,1,4248700,948200,2,2,2,0,1,1,0,72,1,0,1,0,1,0,0,1,1
200500026518,5,5,7,145,5,1,1,6,4900500,162600,4,2,1,0,1,1,0,53,1,0,1,0,0,0,1,0,1
200500026519,5,5,10,1900,1,1,1,3,4900400,163500,3,2,0,0,1,1,0,0,1,0,1,0,3,0,0,1,1
200500026520,5,5,13,1545,1,1,1,3,4900500,162500,4,2,2,0,1,1,0,49,1,0,1,0,1,0,1,0,1
200500026521,5,5,15,1500,1,1,1,3,4899800,163800,9,2,0,0,1,1,0,58,1,0,1,0,0,1,0,1,1
200500026522,5,5,23,1,5,1,1,1,4900800,162100,2,2,2,0,0,3,78,0,1,0,1,0,1,0,0,1,1
200500026532,5,5,21,815,1,1,1,3,4852000,183000,3,2,2,0,0,1,0,0,1,5,1,0,2,0,0,1,1
200500026535,5,5,5,1845,1,1,1,1,4870200,206700,3,2,0,0,2,1,59,0,1,0,1,0,1,0,0,2,1
200500026536,5,5,22,1030,1,1,2,3,4871900,208500,3,4,3,0,1,1,78,139,2,5,1,0,1,0,1,2,1
200500026538,5,5,29,1945,1,1,3,1,4875000,183000,3,2,2,0,2,2,0,70,2,0,1,0,0,0,0,2,1
200500026540,5,5,9,745,1,1,1,6,4880000,190000,3,2,2,0,0,1,0,0,1,0,1,0,0,0,0,2,1
200500026544,5,5,26,1745,1,1,1,1,4853300,243700,3,2,2,0,0,1,0,50,1,0,1,0,1,0,0,1,1
200500026546,5,5,18,1630,1,1,1,3,4846800,225900,4,2,1,0,3,1,0,50,1,0,1,0,1,0,1,0,1
200500026547,5,5,11,1915,1,1,1,3,4849000,235000,2,4,3,0,1,2,0,0,1,5,1,0,1,0,0,1,1
200500026550,5,5,11,1945,1,1,1,1,4835000,213700,3,2,1,0,1,1,0,49,1,0,1,0,0,0,2,0,1
200500026551,5,5,12,745,1,1,9,1,4838800,222800,3,2,1,0,1,2,0,59,9,0,1,0,0,0,1,1,1
200500026552,5,5,9,800,1,1,1,7,4867000,222000,3,0,2,0,1,3,0,110,1,0,1,0,0,0,0,1,1
200500026553,5,5,1,2200,3,1,2,7,4858500,215600,3,2,2,0,1,1,0,70,2,0,3,0,0,0,0,1,1
200500026555,5,5,6,200,5,1,1,1,4855500,226200,3,2,2,0,1,1,70,70,1,0,1,0,3,0,1,0,1
200500026556,5,5,7,630,2,1,1,6,4857600,223600,2,3,4,0,1,3,8,64,1,0,1,0,0,0,1,0,1
200500026561,5,5,7,1315,1,1,1,6,4912500,169500,3,2,2,0,1,2,0,36,1,0,3,0,0,0,0,1,1
200500026562,5,5,27,1845,1,1,1,2,4907700,178100,3,2,2,0,2,2,0,60,1,0,1,0,1,0,0,1,1
200500026563,5,5,15,1500,1,1,1,7,4913700,211900,3,2,2,0,1,2,0,51,1,0,1,0,0,0,0,1,1
200500026565,5,5,4,1930,2,1,2,1,4902400,241500,3,2,0,0,2,1,0,70,2,0,1,0,1,0,0,1,1
200500026567,5,5,5,1815,1,1,1,2,4867500,269200,3,2,2,0,1,1,0,70,1,0,1,0,1,0,1,0,1
200500026568,5,5,20,1145,1,1,1,5,4868300,265800,3,2,0,0,2,1,50,80,1,5,1,0,1,0,0,2,1
200500026569,5,5,27,1145,1,2,1,1,4846400,280600,3,2,0,0,1,1,0,80,1,5,1,3,1,0,1,0,1
200500026570,5,5,17,1300,1,1,1,3,4864800,283000,9,2,2,0,1,1,0,60,1,5,1,0,1,0,0,1,1
200500026571,5,5,21,1000,1,2,1,3,4863200,281700,2,2,2,0,0,1,0,75,1,5,1,0,2,0,2,0,1
200500026572,5,5,21,1400,1,9,1,1,4866500,277300,4,2,2,0,1,1,0,60,1,0,1,0,3,0,1,0,1
200500026573,5,5,14,1245,1,1,8,4,4862300,285900,2,2,2,0,1,1,0,80,2,0,1,0,3,0,0,6,1
200500026574,5,5,17,1900,1,1,1,7,4856100,295300,3,2,2,0,0,1,0,70,0,0,1,0,0,0,0,1,1
200500026575,5,5,20,1730,1,1,1,5,4859300,292600,2,2,2,0,1,2,0,0,1,0,1,0,1,0,0,4,1
200500026576,5,5,24,815,1,1,1,2,4860800,298100,3,0,2,0,1,1,0,70,1,0,1,0,0,0,1,1,1
200500026577,5,5,8,1630,1,1,1,1,4849200,257300,3,2,0,0,1,1,0,0,1,0,1,0,1,1,1,0,1
200500026578,5,5,15,1500,1,1,1,3,4840900,256100,3,2,2,0,1,1,0,62,1,0,1,0,1,0,1,0,1
200500026579,5,5,11,930,1,1,1,6,4876500,277200,3,2,1,0,1,2,0,52,1,0,3,0,0,0,0,1,1
200500026580,5,5,15,1030,1,1,1,3,4888900,284300,2,2,2,0,1,1,0,0,1,0,0,0,0,0,1,1,1
200500026581,5,5,21,1530,1,1,1,1,4878000,329400,3,2,2,0,1,1,0,66,1,0,1,0,1,0,2,0,1
200500026583,5,5,3,900,1,1,1,3,4887200,309200,3,2,2,0,1,1,0,120,1,5,1,0,1,0,0,1,1
200500026584,5,5,3,1745,1,1,2,7,4877000,291000,3,2,2,0,1,1,0,70,2,0,1,0,0,0,0,2,1
200500026585,5,5,18,830,1,1,1,7,4881900,287300,2,2,2,0,1,1,0,77,1,0,1,0,0,0,0,1,1
200500026586,5,5,4,1900,1,1,1,1,4886200,330500,3,2,2,0,1,3,0,0,1,0,1,0,1,0,1,0,1
200500026587,5,5,17,1900,1,1,1,5,4865000,295000,3,2,2,3,0,1,23,53,1,0,1,0,3,0,0,1,1
200500026588,5,5,28,545,2,1,1,6,4878700,290800,3,2,2,0,1,1,0,0,1,0,1,0,0,0,1,0,1
200500026589,5,5,6,2330,3,1,1,1,4830600,243400,2,2,0,0,2,1,0,78,1,0,1,0,0,0,2,1,1
200500026590,5,5,20,1900,1,9,1,2,4831000,257000,3,2,2,0,1,1,0,63,1,0,1,0,1,0,0,1,1
200500026591,5,5,29,1000,1,1,1,2,4830000,242000,2,2,0,0,1,1,0,77,1,0,1,0,1,0,1,0,1
200500026593,5,5,2,1445,1,1,1,1,4823100,272700,3,2,0,0,0,0,45,0,1,0,0,0,0,2,0,2,1
200500026594,5,5,26,1845,1,1,1,7,4822300,291000,3,2,0,0,2,3,0,70,1,0,1,0,0,0,0,1,1
200500026595,5,5,30,1500,1,1,1,2,4829400,278500,3,2,2,0,1,1,0,60,1,0,1,0,1,0,0,1,1
200500026596,5,5,9,800,1,1,1,3,4890900,281200,3,2,2,0,1,3,0,60,1,5,1,0,1,0,1,0,1
200500026597,5,5,10,445,5,1,1,3,4894200,274200,3,3,2,0,1,1,0,60,1,5,1,0,1,0,1,0,1
200500026598,5,5,30,1030,1,1,2,6,4888800,280600,2,2,0,0,2,1,0,60,2,6,1,0,1,0,1,0,1
200500026599,5,5,5,400,3,1,1,6,4905900,310100,3,2,2,0,0,2,0,60,1,0,3,0,1,0,0,2,1
200500026600,5,5,6,1645,1,1,1,3,4904100,298800,3,2,2,0,1,1,0,134,1,0,1,0,4,0,0,2,1
200500026601,5,5,29,2130,3,1,3,1,4903300,281100,2,2,2,0,1,1,0,75,2,0,1,0,3,0,2,0,1
200500026603,5,5,1,1630,1,1,1,2,4866100,310400,3,2,2,0,1,1,0,70,1,0,1,0,0,0,1,1,1
200500026604,5,5,2,1230,1,1,1,4,4870400,324600,2,2,2,0,1,1,0,80,1,0,1,0,4,0,0,1,1
200500026605,5,5,9,1700,1,2,1,3,4862000,329400,3,2,0,0,1,1,0,70,1,0,1,0,1,0,0,1,1
200500026606,5,5,11,1145,1,1,1,1,4869700,332900,2,2,2,0,2,1,74,0,1,0,1,0,1,2,0,0,1
200500026607,5,5,13,445,5,1,2,5,4869700,318300,2,2,2,0,1,1,0,76,2,0,1,0,2,0,0,1,1
200500026608,5,5,19,945,1,2,1,3,4860000,321000,3,2,2,0,1,1,0,72,1,0,1,0,1,0,1,0,1
200500026609,5,5,1,2300,3,1,1,7,4847600,312600,3,2,2,0,1,1,0,70,1,5,1,0,1,0,0,1,1
200500026610,5,5,29,1100,1,1,1,3,4856300,320600,2,2,2,0,2,1,0,70,1,0,1,0,2,0,0,1,1
200500026611,5,5,7,1845,1,1,1,1,4805300,169900,3,2,0,0,1,1,0,67,1,0,1,0,2,1,1,0,1
200500026612,5,5,23,830,1,1,1,1,4796200,238700,2,2,2,0,1,1,0,74,1,0,1,0,0,1,0,1,1
200500026613,5,5,21,1430,1,1,1,6,4790400,202500,4,2,0,0,2,1,0,60,1,0,1,0,0,0,0,1,1
200500026618,5,5,12,615,2,1,1,7,4779000,200000,3,2,0,0,1,1,0,60,1,0,0,0,0,0,1,0,1
200500026622,5,5,22,215,5,1,1,6,4778000,163400,2,2,2,0,2,2,0,59,1,0,4,0,0,1,0,0,1
200500026623,5,5,28,1200,1,1,1,1,4823800,207600,3,2,0,0,1,1,0,66,1,0,1,0,1,0,1,1,1
200500026625,5,5,17,1730,1,1,1,6,4769100,262900,9,2,0,0,2,1,0,60,1,0,1,0,1,0,0,1,1
200500026627,5,5,4,800,1,1,1,6,4779200,228700,3,2,2,0,1,1,0,0,2,5,1,0,0,0,1,1,1
200500026628,5,5,9,1845,1,1,1,3,4781400,230800,3,2,2,0,1,1,0,50,1,0,1,0,1,0,0,1,1
200500026629,5,5,25,1415,1,1,1,3,4777000,237000,3,2,2,0,1,1,0,60,1,0,1,0,0,0,0,2,1
200500026630,5,5,8,1415,1,1,1,1,4802200,287600,2,2,2,0,2,1,0,72,1,0,1,0,0,0,0,2,1
200500026632,5,5,30,1330,1,1,1,1,4789300,294500,4,2,1,0,1,4,0,39,1,0,1,0,2,1,1,0,1