Num_Acc,an,mois,jour,hrmn,lum,int,atm,col,lat,long,catr,circ,nbv,vosp,prof,plan,lartpc,larrout,surf,infra,situ,env1,unscathed,killed,hospital,light,chance
200500037662,5,6,9,1730,1,1,1,6,5001000,190000,3,2,1,0,1,1,0,60,1,0,1,0,0,0,1,0,1
200500037664,5,6,12,1830,1,1,1,3,5005000,205000,2,0,2,0,2,1,35,115,0,0,1,0,1,0,0,2,1
200500037665,5,6,15,2145,1,1,8,6,5014000,198000,3,2,2,0,1,2,0,62,2,0,3,0,1,0,0,1,1
200500037667,5,6,11,1145,1,1,1,3,5009000,155000,3,2,0,0,1,1,0,66,1,0,1,0,1,0,1,0,1
200500037668,5,6,18,1645,1,1,1,6,5008400,165800,3,2,2,0,1,2,0,70,1,0,3,0,0,0,0,1,1
200500037669,5,6,19,1645,1,1,1,2,5032500,161800,3,2,0,0,1,1,0,70,1,0,1,0,0,0,0,2,1
200500037671,5,6,23,945,1,3,1,3,5020500,175500,3,2,0,0,1,1,0,64,1,0,1,0,1,0,0,1,1
200500037672,5,6,26,1630,1,2,1,1,5014400,152000,3,2,2,0,1,1,0,68,1,0,1,0,2,0,0,1,1
200500037673,5,6,10,1645,1,1,1,3,5008800,239400,3,2,2,0,0,1,0,0,1,0,1,0,0,0,0,2,1
200500037677,5,6,7,2315,5,1,1,6,4975300,255300,3,2,0,0,1,3,0,60,1,0,4,0,0,0,0,1,1
200500037678,5,6,17,1830,1,1,1,7,4969900,237300,3,2,2,0,1,2,0,50,1,0,3,0,0,0,1,0,1
200500037681,5,6,30,745,1,1,1,2,4977900,260400,3,3,0,0,1,1,50,75,1,0,3,0,1,0,0,1,1
200500037684,5,6,12,1000,1,1,1,2,4999900,291100,2,2,0,0,0,1,70,0,1,0,1,0,1,0,0,1,1
200500037685,5,6,18,1445,1,9,1,3,4993500,293400,2,2,0,0,1,1,0,0,1,0,1,0,1,0,0,2,1
200500037688,5,6,1,1530,1,1,1,1,4998400,262300,3,2,2,0,1,1,0,67,1,5,1,0,2,0,0,1,1
200500037689,5,6,7,1315,1,1,1,1,5003000,261600,4,2,0,0,1,2,0,50,1,0,1,0,1,0,0,1,1
200500037692,5,6,24,1745,1,1,1,2,4975600,289300,3,2,2,0,0,1,0,70,2,0,1,0,1,0,0,1,1
200500037693,5,6,18,115,3,1,1,6,4958800,356600,2,2,2,0,1,1,0,82,1,0,1,0,1,1,0,0,1
200500037696,5,6,28,1830,1,1,1,6,4955700,316900,3,2,2,0,1,1,0,60,1,0,3,0,0,0,0,1,1
200500037697,5,6,27,1615,1,1,1,6,4942000,380600,3,2,2,0,0,2,0,0,1,0,3,0,0,0,1,0,1
200500037698,5,6,13,2115,2,1,1,7,4951400,385700,3,2,2,0,1,1,0,60,1,0,3,0,0,0,1,0,1
200500037699,5,6,24,1700,1,1,1,3,4959700,390100,4,2,0,0,1,3,0,51,1,0,1,0,1,0,0,1,1
200500037702,5,6,17,1330,1,1,8,2,4895600,355100,3,2,2,0,4,1,0,58,1,5,1,0,1,0,0,1,1
200500037708,5,6,10,1745,1,1,1,2,4988000,326900,2,2,2,0,1,1,0,72,1,0,1,0,4,0,0,1,1
200500037709,5,6,13,1915,2,1,1,3,4992700,336600,3,2,2,0,1,1,0,0,1,5,1,0,1,0,0,1,1
200500037710,5,6,23,1400,1,1,7,3,5003200,336800,9,2,0,0,1,1,0,65,1,0,1,0,1,1,0,0,1
200500037711,5,6,19,145,3,1,1,7,4972300,327700,3,3,4,0,1,1,0,80,1,0,1,0,0,0,1,1,1
200500037714,5,6,6,1615,1,1,1,3,4938000,367000,3,2,2,0,1,1,0,52,1,5,1,0,1,1,1,0,1
200500037717,5,6,18,1830,1,1,1,3,4975400,390400,3,2,2,0,4,0,0,57,8,0,1,3,2,0,0,1,1
200500037718,5,6,17,1930,1,2,1,1,4990000,388000,3,2,2,0,1,3,0,70,1,5,1,0,3,1,1,0,1
200500037719,5,6,22,415,2,1,1,1,4996900,383800,2,2,2,0,1,1,0,76,1,0,1,0,1,1,0,0,1
200500037720,5,6,3,430,5,1,1,6,4992000,407000,3,2,2,0,1,1,0,65,1,0,3,0,0,0,1,0,1
200500037721,5,6,4,245,3,1,1,1,4990300,410800,2,2,2,0,3,1,0,73,1,0,1,0,0,0,1,1,1
200500037722,5,6,1,800,1,1,1,6,4947600,202300,4,2,2,0,1,1,0,38,1,0,1,0,0,0,0,1,1
200500037723,5,6,15,1830,1,1,1,4,4941000,204000,3,2,2,0,1,1,0,70,1,0,1,0,3,0,0,1,1
200500037726,5,6,14,1200,1,1,7,6,4937300,199900,3,2,2,0,1,1,0,56,1,0,1,0,1,0,1,0,1
200500037729,5,6,21,1645,1,1,1,2,4937700,199000,3,2,2,0,1,1,0,70,1,0,1,0,1,0,1,0,1
200500037730,5,6,5,1130,1,2,1,3,4922600,191600,3,2,2,0,0,1,0,57,1,0,1,0,0,0,0,3,1
200500037733,5,6,26,2245,3,1,1,3,4967800,199400,3,2,2,0,1,1,0,60,0,0,1,0,2,0,2,0,1
200500037734,5,6,5,1815,1,1,1,3,4919800,218000,3,2,0,0,4,1,0,60,1,0,1,0,2,0,0,2,1
200500037740,5,6,17,1615,1,1,1,3,4963400,235600,3,2,2,0,1,1,0,74,1,0,1,0,2,1,1,0,1
200500037742,5,6,27,2215,3,1,1,6,4933500,226000,3,2,0,0,4,2,0,56,1,0,1,0,0,0,1,0,1
200500037743,5,6,29,2200,2,1,1,7,4931600,235800,3,2,2,0,2,2,0,84,1,0,1,0,0,0,0,1,1
200500037745,5,6,29,1030,1,1,1,6,4951200,244600,3,2,0,0,2,3,0,65,1,0,1,0,1,0,0,1,1
200500037748,5,6,12,200,3,1,1,6,4946000,286100,9,0,1,0,0,1,0,0,1,0,3,0,0,0,1,1,1
200500037749,5,6,16,1830,1,1,1,7,4952600,290400,3,2,2,0,2,1,0,0,1,0,3,0,0,0,0,1,1
200500037750,5,6,20,945,1,1,1,1,4951100,291700,2,2,2,0,1,1,0,92,1,0,1,0,1,0,1,0,1
200500037751,5,6,20,1730,1,1,1,2,4951300,292100,2,2,2,0,1,1,0,0,1,0,1,0,1,0,0,1,1
200500037761,5,6,3,1045,1,1,1,7,4920100,250700,3,2,2,0,1,4,0,0,1,0,1,0,0,0,0,1,1
200500037762,5,6,4,1600,1,1,3,1,4919000,245900,3,2,2,0,1,1,30,78,2,0,1,0,0,0,0,2,1
200500037763,5,6,5,1600,1,1,1,6,4920200,251000,3,2,0,0,1,1,0,90,1,0,3,0,0,0,0,1,1
200500037764,5,6,8,1615,1,1,1,1,4920000,246800,4,2,2,0,1,1,0,40,1,0,1,0,1,0,0,1,1
200500037765,5,6,9,1230,1,1,1,2,4918000,245500,2,2,2,0,1,1,0,90,1,0,1,3,1,0,0,1,1
200500037766,5,6,14,1800,1,1,1,3,4915800,244800,4,2,2,0,1,1,0,32,1,0,1,0,1,0,0,1,1
200500037767,5,6,16,745,1,1,1,6,4919300,246100,4,1,1,0,1,1,0,70,1,0,1,0,1,0,1,0,1
200500037768,5,6,20,1445,1,6,1,6,4921000,246100,2,3,2,0,1,4,0,63,0,0,3,0,0,0,0,1,1
200500037769,5,6,20,1745,1,1,1,5,4921700,242400,3,2,2,0,1,1,0,70,1,0,1,0,3,0,0,2,1
200500037770,5,6,21,1945,1,1,1,6,4919400,246300,2,2,2,0,1,0,0,0,1,0,1,0,1,0,0,1,1
200500037771,5,6,25,1645,1,1,1,1,4920000,246400,2,2,0,0,0,1,60,30,1,0,1,0,1,0,0,1,1
200500037779,5,6,12,1630,1,1,1,7,4923200,273500,3,2,0,0,1,1,0,0,1,0,1,0,0,0,1,0,1
200500037781,5,6,20,1930,1,1,1,1,4947300,98800,3,0,0,0,0,2,0,0,0,0,1,0,1,0,0,1,1
200500037785,5,6,8,1800,1,2,1,3,4981500,104300,3,2,2,0,1,1,67,0,1,0,1,0,1,1,2,1,1
200500037787,5,6,25,1915,1,1,1,2,4991100,95900,3,2,2,0,1,1,0,62,1,0,1,0,1,0,0,1,1
200500037790,5,6,11,1445,1,1,1,2,4945000,85000,3,2,2,3,1,1,0,91,1,0,1,0,1,0,0,2,1
200500037791,5,6,12,1700,1,1,1,7,4948900,87500,3,2,1,0,1,1,0,70,1,0,1,0,1,0,0,1,1
200500037793,5,6,12,1900,1,1,1,1,4953000,76000,4,2,2,0,1,3,0,70,1,0,1,0,1,0,1,0,1
200500037794,5,6,12,1145,1,4,1,3,4946300,83100,3,2,2,0,1,1,15,75,1,5,1,0,1,0,1,0,1
200500037798,5,6,30,1000,1,6,2,3,4966200,24500,3,2,2,0,1,1,0,56,2,5,1,0,1,0,1,0,1
200500037801,5,6,4,1115,1,1,1,1,4957800,52200,3,0,0,0,1,1,0,50,1,0,1,0,1,0,1,0,1
200500037803,5,6,26,1430,1,1,1,1,4960400,51600,9,2,0,0,1,2,0,40,1,0,1,0,4,0,1,0,1
200500037804,5,6,26,1530,1,2,1,3,4956000,43000,3,2,2,0,1,1,0,56,1,0,1,0,1,0,1,1,1
200500037810,5,6,2,2245,3,1,1,7,4943800,171800,3,2,0,0,0,0,0,0,1,0,1,0,0,0,0,2,1
200500037812,5,6,24,1130,1,1,1,1,4955000,96000,3,2,2,0,2,1,0,73,1,0,1,0,1,0,1,0,1
200500037813,5,6,29,1115,1,1,1,1,4955000,95000,3,2,2,0,1,1,0,90,1,0,1,0,1,0,1,0,1
200500037814,5,6,3,2200,2,1,1,1,4986800,71700,3,2,2,0,2,2,0,60,1,0,1,0,2,0,0,1,1
200500037815,5,6,28,1615,1,2,1,3,4985600,70500,3,2,2,0,1,1,0,99,1,0,1,0,0,0,2,0,1
200500037817,5,6,4,1945,1,1,1,6,4970200,85400,3,2,0,0,1,3,0,75,1,0,1,0,2,0,0,1,1
200500037824,5,6,12,1545,1,1,1,1,4890200,127100,3,2,2,0,1,1,0,56,1,0,1,0,0,0,0,2,1
200500037825,5,6,29,1930,1,2,1,3,4878600,131300,3,2,2,0,1,1,0,43,1,0,1,0,1,0,0,1,1
200500037828,5,6,11,2115,2,1,1,6,4902000,146700,2,2,3,0,1,1,0,105,1,0,1,0,0,1,1,0,1
200500037832,5,6,19,430,3,1,1,6,4912300,149700,3,2,3,0,2,2,0,116,1,0,1,0,2,0,0,2,1
200500037833,5,6,25,2045,1,1,1,7,4919500,154600,3,2,2,0,1,3,0,65,1,0,0,0,0,1,1,0,1
200500037834,5,6,5,1830,1,1,8,6,4935100,126400,3,0,2,0,2,1,0,60,2,0,1,0,0,0,1,3,1
200500037835,5,6,15,1230,1,1,2,3,4938900,131200,2,2,0,0,1,1,0,80,2,0,1,0,0,0,0,3,1
200500037836,5,6,9,2000,1,2,1,3,4925200,155900,3,2,0,0,1,1,0,54,1,0,1,0,0,1,0,1,1
200500037838,5,6,3,800,1,1,1,1,4912000,68900,3,2,0,0,1,1,0,52,1,0,1,0,1,0,0,1,1
200500037839,5,6,17,1915,1,1,1,6,4908300,78400,3,2,0,0,1,0,0,71,1,0,1,0,0,1,0,1,1
200500037843,5,6,19,1830,1,1,1,3,4917800,118900,3,2,0,0,0,1,0,93,1,5,1,0,2,0,0,1,1
200500037844,5,6,28,800,1,1,1,1,4924800,122100,3,2,2,0,1,3,0,60,1,0,1,0,0,0,1,1,1
200500037845,5,6,28,1715,1,1,1,6,4917600,117600,3,2,2,0,1,1,0,90,1,5,1,0,1,0,1,0,1
200500037847,5,6,16,2330,3,1,1,2,4911200,124400,4,2,2,0,1,1,0,45,1,0,1,0,0,0,2,0,1
200500037848,5,6,21,1915,1,2,1,1,4916700,125000,3,2,2,0,0,1,0,0,1,5,1,0,1,0,1,0,1
200500037849,5,6,30,1400,1,1,1,6,4909000,125000,3,2,2,0,0,2,0,50,1,0,1,0,1,0,0,1,1
200500037850,5,6,27,900,3,1,1,6,4931700,119100,3,2,2,0,0,0,62,0,0,0,0,0,0,0,1,0,1
200500037851,5,6,29,2115,1,1,1,6,4929200,126100,3,2,0,0,1,1,0,0,1,0,1,0,0,0,1,2,1
200500037854,5,6,8,1130,1,1,1,6,4936400,51500,9,2,0,0,1,1,0,60,1,0,3,0,1,0,1,0,1
200500037859,5,6,9,1730,1,1,1,3,4939000,65500,3,2,2,0,1,2,0,42,1,0,1,0,0,0,0,2,1
200500037861,5,6,21,1530,1,1,1,3,4928300,94600,9,0,0,0,1,0,0,0,1,0,1,0,2,0,0,2,1
200500037863,5,6,14,845,1,1,1,1,4827000,-163000,3,2,2,0,0,1,0,120,1,0,1,0,1,1,0,0,1
200500037864,5,6,7,1715,1,1,1,1,4817200,-147600,3,2,2,0,2,2,0,65,1,0,1,0,2,0,1,1,1
200500037865,5,6,15,745,1,1,2,3,4819400,-214800,2,2,0,0,1,1,0,70,2,0,1,0,1,0,1,0,1
200500037866,5,6,15,1830,1,1,1,3,4826200,-210100,3,2,2,0,1,1,0,60,1,0,1,0,1,0,1,0,1
200500037867,5,6,10,1000,1,1,1,3,4815900,-204800,3,2,2,0,1,1,0,60,1,0,1,0,1,0,1,0,1
200500037873,5,6,15,1145,1,1,3,6,4840400,-128500,3,2,0,0,0,1,0,49,2,0,3,0,2,0,1,0,1
200500037875,5,6,11,1800,1,1,1,7,4770200,-188900,3,2,2,0,2,3,0,65,1,0,3,0,0,0,1,0,1
200500037876,5,6,26,900,1,1,1,5,4786900,-187800,3,2,3,0,1,1,10,120,1,5,1,0,5,1,0,0,1
200500037877,5,6,7,1815,1,3,1,3,4861300,-190000,3,2,0,0,1,2,0,208,1,5,1,0,1,0,1,0,1
200500037881,5,6,9,1830,1,1,1,2,4853900,-178700,3,2,2,0,1,1,0,70,1,0,1,0,1,0,1,0,1
200500037882,5,6,14,1815,1,1,1,6,4855200,-175100,4,2,2,0,2,1,0,80,1,0,1,0,1,0,1,0,1
200500037883,5,6,20,1015,1,1,1,1,4853900,-180700,3,2,0,0,1,1,0,70,1,0,1,0,1,0,1,0,1
200500037885,5,6,25,1730,1,7,1,3,4812900,-120500,9,2,0,0,0,3,0,50,1,0,1,0,2,0,1,0,1
200500037889,5,6,13,2100,1,2,7,3,4844500,-244000,3,2,0,0,1,1,12,70,1,5,1,0,1,0,0,1,1
200500037890,5,6,30,115,5,1,1,6,4853700,-257200,3,2,2,0,1,1,0,0,2,0,3,0,0,4,1,0,1
200500037891,5,6,4,1230,1,1,1,7,4847400,-208200,4,2,2,0,2,1,0,38,1,0,1,0,0,1,0,0,1
200500037893,5,6,8,630,1,1,1,7,4859900,-229600,3,2,2,0,1,2,0,0,1,0,1,0,0,0,2,2,1
200500037894,5,6,7,2045,1,1,1,1,4846700,-211900,3,2,0,0,1,1,0,60,1,0,1,0,0,0,2,2,1
200500037896,5,6,18,1030,1,1,1,1,4853000,-225900,3,2,0,0,1,1,60,0,1,0,1,0,1,0,1,0,1
200500037897,5,6,20,500,2,1,1,3,4861300,-214600,3,2,2,0,1,1,0,85,1,0,1,0,1,0,1,0,1
200500037898,5,6,11,1845,1,1,1,3,4819500,-241500,9,2,2,0,2,1,0,50,1,0,1,0,2,0,1,0,1
200500037899,5,6,22,1830,1,1,1,7,4820000,-246000,2,2,2,0,1,1,0,76,1,0,1,0,0,1,0,0,1
200500037900,5,6,24,1700,1,1,1,3,4839800,-343200,3,2,2,0,1,1,0,0,1,5,1,0,1,0,0,1,1
200500037902,5,6,7,1815,1,1,1,3,4877000,-351000,4,2,0,0,1,1,0,50,1,0,1,0,1,0,0,1,1
200500037903,5,6,12,1915,1,1,1,1,4876200,-327400,3,2,2,0,2,2,0,83,1,5,1,0,4,0,1,0,1
200500037904,5,6,18,1000,1,1,1,3,4878900,-322300,3,2,2,0,1,1,0,60,1,0,1,0,1,0,1,0,1
200500037905,5,6,17,1400,1,1,1,3,4881900,-329600,3,2,2,0,1,1,0,64,1,0,1,0,1,0,2,0,1
200500037906,5,6,29,1500,1,1,9,6,4880900,-310600,3,2,0,0,2,1,0,70,2,0,3,0,0,1,1,0,1
200500037907,5,6,2,1900,1,3,1,3,4798300,-417600,3,2,2,0,1,0,0,74,1,0,1,0,1,0,1,0,1
200500037908,5,6,17,930,1,1,1,2,4842500,-442600,3,3,1,0,0,1,0,43,1,0,1,0,1,0,1,0,1
200500037909,5,6,15,1900,1,1,1,3,4857800,-428400,3,2,2,0,1,0,0,53,1,0,1,0,0,0,0,2,1
200500037910,5,6,22,1730,1,1,1,2,4841700,-479300,4,2,2,0,1,1,0,50,1,0,1,0,2,0,0,1,1
200500037911,5,6,11,1600,1,1,1,1,4804800,-407100,3,2,2,0,2,1,0,69,1,0,1,0,1,0,0,1,1
200500037912,5,6,21,1700,1,1,1,2,4819300,-398600,3,2,2,0,1,1,0,65,1,0,1,0,1,0,1,0,1
200500037917,5,6,3,1845,1,1,1,1,4864200,-413100,4,2,1,0,1,1,0,50,1,0,1,0,1,0,1,0,1
200500037923,5,6,12,1615,1,1,1,6,4754700,-248400,3,2,2,1,1,1,0,0,1,0,5,0,2,0,1,0,1
200500037930,5,6,2,1745,1,1,1,3,4734000,-315000,3,2,2,0,1,1,0,56,1,0,1,0,1,0,1,0,1
200500037931,5,6,5,515,2,1,1,6,4733000,-317000,3,2,2,0,1,1,0,60,1,0,3,0,0,1,0,0,1
200500037932,5,6,4,830,1,9,1,3,4780900,-345900,1,3,2,0,1,1,103,0,1,0,1,0,1,1,0,0,1
200500037933,5,6,10,800,1,1,1,3,4778800,-349600,3,2,2,1,4,1,0,0,1,5,1,0,1,1,0,0,1
200500037934,5,6,24,1600,1,9,1,1,4780400,-347700,3,2,2,0,0,1,0,70,1,0,1,0,2,0,2,0,1
200500037936,5,6,17,1615,1,9,1,3,4793000,-239000,4,2,0,0,1,1,15,60,1,0,1,3,1,0,0,1,1
200500037937,5,6,25,830,1,9,2,3,4792400,-240400,2,2,0,0,1,1,0,64,2,3,1,0,0,0,2,2,1
200500037938,5,6,4,2000,1,1,1,1,4792000,-217000,4,2,0,0,1,2,0,42,1,0,1,0,1,0,1,0,1
200500037939,5,6,25,615,2,1,1,1,4781400,-233600,3,2,0,0,1,1,0,70,1,0,1,0,0,1,0,1,1
200500037941,5,6,18,715,1,1,1,7,4807200,-292900,3,2,2,0,1,1,0,60,1,0,1,0,0,0,1,1,1
200500037943,5,6,24,700,2,1,1,3,4811900,-298300,3,2,2,0,4,2,0,60,1,0,1,0,0,1,1,0,1
200500037944,5,6,30,1130,1,1,1,6,4807200,-296500,9,2,0,0,1,1,0,70,1,6,1,0,1,0,1,0,1
200500037945,5,6,12,200,3,1,1,6,4803800,-349000,9,2,0,0,2,2,0,80,1,0,1,0,0,0,1,1,1
200500037946,5,6,15,1100,1,1,1,6,4809000,-363700,3,2,1,0,0,2,0,69,2,0,3,0,0,1,0,0,1
200500037947,5,6,5,15,3,1,1,3,4928800,-40600,3,2,2,0,1,1,0,70,1,0,1,0,1,0,2,0,1
200500037949,5,6,5,1730,1,1,1,5,4918100,-50600,3,2,2,0,1,1,0,60,1,5,1,0,4,1,2,4,1
200500037950,5,6,7,1330,1,1,1,1,4910300,-53900,4,2,2,0,1,0,0,42,1,0,1,0,1,0,1,0,1
200500037951,5,6,15,1715,1,3,1,5,4915700,-27000,2,2,3,0,1,1,0,105,1,5,1,0,7,0,0,4,1
200500037952,5,6,18,1600,1,1,1,1,4909800,-34900,3,2,2,0,1,1,0,0,1,5,1,0,2,0,2,1,1
200500037953,5,6,20,1345,1,6,1,3,4912600,-29600,3,2,0,0,0,0,0,0,1,5,1,0,1,0,1,0,1
200500037954,5,6,28,1215,1,1,7,3,4915200,-25800,2,2,0,3,1,1,0,92,1,5,1,0,1,0,1,0,1
200500037955,5,6,19,2345,5,1,1,7,4922000,-28000,3,2,3,0,1,1,0,120,1,0,3,0,0,1,0,0,1
200500037956,5,6,1,1400,1,1,1,4,4918000,-62000,3,0,2,0,0,1,0,71,1,0,4,0,1,0,1,1,1
200500037957,5,6,3,1700,1,1,1,1,4909700,-62500,3,2,2,0,2,1,0,76,0,0,1,0,0,1,1,0,1
200500037959,5,6,8,1215,1,1,1,3,4925500,-16400,3,2,0,0,0,2,0,66,1,0,1,0,1,1,2,0,1
200500037963,5,6,18,230,3,1,5,6,4934500,-107600,3,2,2,0,0,2,0,65,1,0,0,0,0,0,1,0,1
200500037964,5,6,1,1215,1,1,1,1,4897700,-5700,3,2,1,0,1,1,0,51,1,5,1,0,1,0,1,0,1
200500037965,5,6,12,1700,1,1,1,5,4901700,8400,3,2,2,0,3,1,0,62,1,0,1,0,3,0,1,2,1
200500037969,5,6,11,2345,5,6,1,7,4884400,-89000,3,2,2,0,1,3,0,56,1,0,0,0,0,0,1,0,1
200500037978,5,6,23,1715,1,1,1,5,4867300,-136400,4,2,2,0,1,1,0,70,1,0,1,0,1,0,2,0,1
200500037979,5,6,28,1130,1,1,1,6,4868700,-138700,3,2,2,0,1,3,0,68,1,0,3,0,1,0,1,0,1
200500037980,5,6,7,1145,1,1,1,6,4877900,-136700,3,2,1,0,0,1,0,91,0,0,1,0,0,0,0,1,1
200500037987,5,6,13,945,1,1,1,6,4938500,-174900,3,2,0,0,0,1,0,70,1,0,1,0,1,0,1,0,1
200500037991,5,6,20,2345,3,1,1,6,4917500,-141000,3,2,2,0,1,1,0,65,1,0,3,0,0,0,1,0,1
200500037993,5,6,29,30,5,2,1,3,4890800,-156200,3,2,2,0,1,1,0,70,1,5,1,0,0,2,0,0,1
200500037995,5,6,21,1630,1,1,1,6,4928200,-142200,3,2,0,0,1,1,60,0,1,0,1,0,1,0,0,1,1
200500037997,5,6,9,1630,1,7,1,3,4858000,-109200,9,2,2,0,1,1,0,72,1,0,1,0,3,0,0,1,1
200500037998,5,6,9,2130,1,2,1,3,4861300,-110800,3,2,2,0,1,1,0,64,1,0,1,0,0,0,3,2,1
200500038001,5,6,4,2015,1,1,1,3,4845000,-3300,4,2,2,0,1,1,0,27,1,0,1,0,1,0,2,0,1
200500038006,5,6,20,1700,1,1,1,1,4881800,-2500,3,2,2,0,3,4,50,0,0,0,1,0,2,0,1,0,1
200500038010,5,6,12,1830,1,1,1,2,4870900,22600,2,2,2,0,1,1,0,70,1,0,1,0,1,0,1,1,1
200500038012,5,6,11,1000,1,1,1,2,4863800,-63400,3,2,2,0,0,1,0,65,1,0,1,0,2,0,1,0,1
200500038015,5,6,8,730,1,1,1,3,4838300,55500,3,2,2,0,0,4,0,0,1,0,1,0,1,0,0,1,1
200500038018,5,6,30,1930,1,1,3,7,4875900,72600,2,2,2,0,1,1,0,0,2,0,1,0,0,0,1,0,1
200500038028,5,6,23,1130,1,1,1,2,4742500,-129200,3,2,2,0,1,1,0,68,1,0,1,0,1,0,0,1,1
200500038030,5,6,3,2045,1,1,1,7,4725400,-140300,3,2,0,0,1,1,0,51,1,0,1,0,0,1,0,0,1
200500038031,5,6,9,1915,1,1,1,2,4726800,-137400,3,2,2,0,1,1,60,60,1,0,1,0,1,0,0,1,1
200500038033,5,6,24,1730,1,1,1,7,4718600,-122900,3,2,2,0,1,1,0,60,9,0,3,0,0,0,0,1,1
200500038034,5,6,18,2000,1,2,1,3,4744300,-134000,3,2,0,0,0,3,0,60,1,0,3,0,3,0,2,0,1
200500038036,5,6,17,1215,1,1,1,1,4770600,-139900,2,0,0,0,0,0,0,0,0,0,0,0,3,0,0,1,1
200500038037,5,6,6,2115,1,1,1,2,4745100,-170900,3,2,2,0,1,2,0,60,1,0,1,0,1,0,0,1,1
200500038038,5,6,12,1200,1,1,1,3,4752200,-188700,3,2,2,0,1,1,0,60,1,0,1,0,1,0,2,0,1
200500038039,5,6,1,2015,1,1,1,3,4753300,-163600,4,2,0,0,1,1,0,42,1,2,1,0,1,0,1,0,1
200500038040,5,6,21,1115,1,2,7,3,4756100,-146300,3,2,2,0,1,1,0,60,1,0,1,0,2,0,1,0,1
200500038041,5,6,30,1745,1,1,1,1,4755000,-161700,3,2,2,0,1,1,0,56,1,0,1,0,2,0,0,2,1
200500038043,5,6,9,830,1,1,1,2,4715300,-169200,4,2,0,0,1,1,0,57,1,0,1,0,1,0,0,1,1
200500038044,5,6,11,2045,2,1,1,1,4713000,-215000,3,2,1,0,1,1,0,50,1,0,1,0,2,0,1,1,1
200500038049,5,6,11,2000,1,1,1,2,4720500,-189900,3,2,2,0,1,1,0,57,1,0,1,0,2,0,0,1,1
200500038050,5,6,23,1645,1,3,1,3,4698400,-180300,3,2,2,0,1,1,0,0,1,0,0,0,2,0,2,0,1
200500038051,5,6,23,1645,1,1,1,6,4720300,-188300,3,2,0,0,3,1,0,75,1,0,1,3,1,1,0,0,1
200500038058,5,6,17,1830,1,1,1,7,4731400,-218600,9,2,2,0,1,2,0,60,1,0,1,0,0,0,1,0,1
200500038059,5,6,18,900,1,1,1,3,4735000,-217700,9,2,2,1,1,1,0,45,1,0,5,0,1,0,1,0,1
200500038061,5,6,10,1100,1,1,1,4,4728200,-172100,2,0,4,0,1,1,30,70,1,0,1,0,1,1,0,5,1
200500038064,5,6,13,2145,2,1,1,6,4744500,-59400,4,2,0,0,1,1,0,60,1,0,1,0,0,0,1,1,1
200500038065,5,6,18,1615,1,1,1,3,4746900,-62700,4,2,0,3,1,1,0,100,1,5,1,0,1,0,0,1,1
200500038068,5,6,21,745,1,1,1,1,4744800,-24400,2,2,0,0,1,1,0,0,1,0,1,0,0,0,1,2,1
200500038069,5,6,22,2000,1,1,1,3,4742900,-23900,3,2,0,0,1,1,0,62,1,0,3,0,0,0,1,1,1
200500038070,5,6,5,1230,1,1,1,2,4739500,-56700,3,2,2,0,1,3,0,50,1,0,1,0,1,0,0,1,1
200500038071,5,6,10,1245,1,2,1,3,4719300,-60300,3,2,2,0,1,3,0,50,1,0,1,0,1,0,0,1,1
200500038073,5,6,20,1900,1,1,1,6,4729600,-52300,4,2,2,0,0,2,0,45,1,0,3,0,0,0,1,0,1
200500038075,5,6,1,730,1,1,1,7,4753200,-43400,3,2,2,0,1,2,0,45,1,1,1,0,0,0,0,1,1
200500038076,5,6,12,1245,1,1,1,1,4736000,-85700,3,2,2,0,0,1,0,56,1,0,1,0,1,0,1,0,1
200500038077,5,6,30,1030,1,1,1,3,4733900,-79000,3,2,2,0,1,1,0,70,1,0,1,0,1,0,0,1,1
200500038079,5,6,4,1900,1,1,1,2,4722400,-72700,2,2,2,0,0,1,0,56,1,0,1,0,1,0,0,1,1
200500038080,5,6,12,445,3,1,1,6,4721000,-97000,3,2,0,1,1,1,0,84,1,0,1,0,2,1,0,0,1
200500038081,5,6,12,200,3,1,1,6,4715100,-76200,2,2,2,0,3,1,15,70,1,0,1,0,0,0,1,0,1
200500038092,5,6,6,2015,1,2,1,3,4720800,-44700,3,2,2,0,0,1,0,59,1,0,1,0,1,0,1,0,1
200500038093,5,6,11,1830,1,1,1,6,4703800,-61000,5,0,0,0,1,1,0,0,1,6,0,0,0,0,1,1,1
200500038094,5,6,4,745,1,1,1,1,4734800,-23100,3,2,0,0,0,2,0,60,1,0,1,0,1,0,0,1,1
200500038095,5,6,19,2030,1,1,1,1,4735000,-7400,2,2,3,0,1,1,0,91,1,0,1,0,1,0,1,0,1
200500038100,5,6,14,2215,2,1,1,7,4759200,-66300,3,2,0,0,4,3,0,42,1,0,3,0,0,0,0,1,1
200500038101,5,6,19,1745,1,4,1,3,4761700,-70600,2,2,2,0,1,1,0,75,1,5,1,0,2,0,1,0,1
200500038103,5,6,5,915,3,1,1,6,4770800,-54600,3,2,1,0,1,1,0,0,1,0,1,0,0,0,0,1,1
200500038105,5,6,8,1145,1,1,1,5,4815100,-41500,3,2,0,0,0,1,0,72,1,0,1,0,2,0,1,0,1
200500038106,5,6,18,1315,1,6,1,3,4816100,-40000,3,2,2,0,0,1,0,72,1,0,1,0,1,0,1,0,1
200500038108,5,6,13,1515,1,1,1,7,4780900,-78900,3,2,0,0,1,2,0,50,1,0,3,0,0,0,1,0,1
200500038110,5,6,12,730,1,1,1,7,4781100,-110900,3,2,2,0,1,1,0,60,2,0,3,0,1,0,1,0,1
200500038111,5,6,18,30,5,1,1,1,4780300,-105300,2,2,2,0,1,1,0,66,1,0,1,0,2,0,1,0,1
200500038114,5,6,15,715,1,1,8,6,4832400,-94300,3,2,2,0,3,1,56,0,1,0,3,0,0,0,1,0,1
200500038115,5,6,28,630,2,1,1,1,4836900,-44400,2,2,2,0,1,1,0,117,1,0,1,0,1,0,2,0,1
200500038119,5,6,17,1915,1,1,1,7,4780800,32500,2,2,0,0,2,2,0,70,1,0,3,0,1,0,1,0,1
200500038120,5,6,19,1545,1,1,7,2,4800000,30000,2,3,4,0,1,1,50,72,1,0,1,0,2,0,2,0,1
200500038123,5,6,3,2030,1,6,1,7,4801200,26300,3,1,1,0,1,3,0,0,1,3,1,0,0,0,1,0,1
200500038126,5,6,19,2030,1,1,1,7,4818400,22300,3,2,2,0,1,1,0,50,1,0,1,0,0,0,1,0,1