Num_Acc,an,mois,jour,hrmn,lum,int,atm,col,lat,long,catr,circ,nbv,vosp,prof,plan,lartpc,larrout,surf,infra,situ,env1,unscathed,killed,hospital,light,chance
200500038129,5,6,29,2300,3,6,1,3,4808600,31800,3,2,0,0,1,1,0,103,1,0,1,0,1,0,1,0,1
200500038131,5,6,4,1900,1,1,1,1,4793500,1200,3,2,2,0,2,2,0,60,1,0,1,0,0,1,0,1,1
200500038145,5,6,26,2330,3,1,1,1,4784100,-26500,3,2,2,0,0,1,0,70,1,0,1,0,0,0,2,0,1
200500038148,5,6,12,1515,1,1,1,1,4813900,60200,3,2,2,0,1,3,0,45,1,0,1,0,1,0,2,0,1
200500038149,5,6,16,1545,1,1,1,1,4818500,63700,3,2,2,0,1,2,0,60,1,0,1,0,0,1,1,0,1
200500038151,5,6,14,615,1,1,1,6,4825300,6800,3,2,0,0,1,2,0,50,1,0,1,0,0,0,1,0,1
200500038152,5,6,17,2000,1,3,1,3,4840000,9400,3,2,2,0,1,1,0,75,1,0,1,0,1,0,1,0,1
200500038153,5,6,25,845,1,1,1,3,4832800,-11700,3,2,2,0,0,1,0,67,1,0,1,0,1,0,1,0,1
200500038154,5,6,28,1915,1,1,1,1,4830200,1400,3,2,2,0,0,3,0,62,2,0,1,0,1,1,1,0,1
200500038157,5,6,18,1200,1,1,1,6,4674000,-138400,3,2,2,0,2,1,0,54,1,0,4,0,1,0,0,1,1
200500038159,5,6,23,1630,1,1,1,3,4674200,-108300,2,2,2,0,1,1,22,77,1,0,1,0,1,0,1,0,1
200500038160,5,6,2,1200,1,1,7,1,4701400,-116100,4,0,0,0,1,1,0,0,1,0,1,0,1,0,0,1,1
200500038162,5,6,16,1730,1,1,1,1,4692600,-90300,3,2,2,0,0,3,0,58,1,0,1,0,1,0,2,0,1
200500038166,5,6,7,1730,1,1,1,6,4652000,-101000,3,2,2,0,0,4,0,43,1,0,1,0,2,0,0,1,1
200500038168,5,6,4,1700,1,7,1,7,4631000,-73000,9,0,0,0,0,0,0,0,1,0,0,0,0,0,1,0,1
200500038170,5,6,10,1715,1,2,1,2,4677300,-93000,3,2,2,0,2,4,0,72,1,0,1,0,0,1,0,2,1
200500038171,5,6,22,1600,1,1,1,1,4687600,-175000,3,2,0,0,0,1,0,0,1,0,1,0,1,0,1,0,1
200500038174,5,6,9,1400,1,1,1,5,4680100,-205100,3,2,2,0,1,3,0,81,1,0,1,0,1,0,0,3,1
200500038175,5,6,15,1300,1,1,3,6,4694600,-203000,3,2,2,0,1,1,0,60,2,0,3,0,0,0,0,2,1
200500038178,5,6,10,1745,1,1,1,1,4646400,-134700,3,2,0,0,1,1,0,63,1,0,1,0,1,0,1,0,1
200500038179,5,6,19,15,3,1,1,6,4654900,-168900,3,2,1,0,1,1,16,60,1,0,1,0,0,0,0,1,1
200500038182,5,6,9,715,1,1,1,7,4483900,-79500,3,2,2,0,1,1,0,60,1,0,1,0,0,0,1,0,1
200500038186,5,6,19,2145,1,1,1,7,4533000,-57900,2,2,0,0,0,2,0,0,1,0,1,0,0,0,0,1,1
200500038187,5,6,30,1430,1,1,1,6,4533500,-57700,2,2,0,0,3,3,0,71,1,0,0,0,0,1,0,0,1
200500038189,5,6,2,1700,1,1,1,2,4491700,-39100,4,2,0,0,1,1,0,60,1,0,1,0,2,0,1,0,1
200500038190,5,6,9,815,1,1,1,3,4482000,-39000,3,2,2,0,4,1,0,60,1,0,1,0,1,1,0,0,1
200500038191,5,6,13,1045,1,6,1,6,4484000,-49000,3,0,0,0,0,1,0,0,1,5,1,0,1,0,0,1,1
200500038193,5,6,16,1815,1,1,1,1,4465500,-35800,9,2,2,0,1,0,0,40,1,0,1,0,1,0,1,0,1
200500038197,5,6,10,945,1,1,1,6,4472800,4700,3,2,2,0,1,1,0,67,1,0,1,0,0,0,0,1,1
200500038198,5,6,16,200,3,1,1,6,4467900,12900,3,2,1,0,1,1,0,48,1,0,1,0,0,0,1,0,1
200500038199,5,6,18,1030,1,1,1,1,4464900,8400,3,2,0,0,0,1,0,55,1,0,1,0,1,0,0,1,1
200500038200,5,6,11,1900,1,2,1,3,4456900,5900,3,2,2,0,1,1,0,60,1,0,1,0,1,0,1,0,1
200500038202,5,6,9,2245,5,1,1,6,4527600,-91200,2,2,2,0,0,0,0,70,1,0,3,0,0,0,0,1,1
200500038203,5,6,17,2115,1,2,1,1,4535600,-91300,3,2,1,0,1,0,0,52,1,0,1,0,0,1,4,0,1
200500038204,5,6,30,1630,1,1,1,1,4534000,-100300,4,2,2,0,1,3,0,66,1,0,1,0,1,2,0,0,1
200500038206,5,6,17,1245,1,1,1,1,4499600,-58500,3,2,2,0,1,3,0,50,1,0,1,0,0,0,2,0,1
200500038218,5,6,20,1015,1,1,1,6,4483400,-18600,3,3,2,0,1,1,0,72,1,0,1,0,1,0,1,0,1
200500038219,5,6,23,1630,1,1,1,7,4483700,-28200,3,2,0,0,3,3,0,60,1,0,3,0,0,0,0,1,1
200500038220,5,6,27,2330,3,1,1,7,4484700,-8200,3,2,0,0,0,4,0,60,1,0,1,0,0,0,1,0,1
200500038223,5,6,16,1100,1,1,1,1,4503500,-7000,3,2,2,0,1,1,0,63,1,0,1,0,0,2,0,1,1
200500038224,5,6,4,1945,1,1,1,7,4499500,-18300,3,2,2,0,1,1,0,62,1,0,3,0,0,1,0,0,1
200500038225,5,6,11,845,1,1,1,3,4499600,-20500,3,2,2,0,0,1,0,95,1,0,1,0,1,0,1,0,1
200500038226,5,6,15,1900,1,1,1,5,4504700,-18500,3,2,2,0,2,1,0,75,1,5,1,0,2,0,1,0,1
200500038227,5,6,8,1600,1,1,1,7,4484300,21700,3,2,2,0,1,1,0,60,1,0,1,0,0,0,1,0,1
200500038229,5,6,25,1830,1,1,1,6,4512200,85900,3,2,0,0,0,2,0,50,1,0,3,0,0,0,0,1,1
200500038232,5,6,10,1900,1,1,1,5,4512400,49700,3,2,2,0,1,1,0,60,1,0,1,0,3,0,0,1,1
200500038233,5,6,25,330,3,1,1,6,4515900,53500,3,2,2,0,1,1,0,65,1,0,1,0,0,0,1,0,1
200500038235,5,6,4,1630,1,1,1,7,4515300,110300,2,2,0,0,1,1,0,73,1,0,3,0,1,0,0,1,1
200500038237,5,6,22,1300,1,2,1,3,4534600,86900,2,2,2,0,1,1,0,73,1,0,1,0,1,0,0,1,1
200500038242,5,6,12,1745,1,1,1,6,4483400,7900,3,2,2,0,1,3,0,50,1,0,1,0,0,0,1,0,1
200500038248,5,6,2,745,1,1,1,7,4527000,53700,3,2,2,0,2,2,0,60,9,0,1,0,0,0,1,0,1
200500038249,5,6,12,730,1,1,1,3,4520400,36800,3,2,0,0,2,1,0,74,1,5,1,0,1,0,0,1,1
200500038251,5,6,30,2045,1,1,1,6,4521300,16400,3,2,2,0,0,1,0,52,1,0,3,0,0,0,1,0,1
200500038252,5,6,13,1430,1,1,1,7,4478500,117300,3,2,0,0,1,1,0,55,1,0,3,0,0,1,0,1,1
200500038254,5,6,5,1600,1,1,1,1,4484800,112600,3,2,0,0,1,1,0,61,1,0,1,0,3,0,0,2,1
200500038255,5,6,10,30,3,1,1,1,4491900,91400,3,2,1,0,1,1,0,54,1,0,1,0,0,0,1,1,1
200500038256,5,6,20,1330,1,1,1,3,4496700,88900,3,2,2,0,2,3,0,78,1,5,1,0,1,0,0,1,1
200500038258,5,6,12,145,3,1,1,7,4384100,-79700,4,2,2,0,0,2,0,40,1,0,1,0,0,0,0,1,1
200500038263,5,6,27,1415,1,1,1,2,4365700,-142600,4,0,0,0,1,2,0,60,1,0,1,0,1,0,1,0,1
200500038265,5,6,26,630,3,1,1,6,4375700,-139900,3,2,2,0,0,1,0,60,1,0,0,0,0,2,0,0,1
200500038267,5,6,18,2100,5,1,1,6,4356500,-144600,2,2,0,0,2,3,0,90,1,0,3,0,0,0,1,0,1
200500038274,5,6,15,2230,3,1,1,6,4401600,-86400,3,2,0,0,0,1,0,60,1,0,1,0,1,0,1,0,1
200500038278,5,6,28,630,2,1,1,6,4381500,-29200,3,2,2,0,1,1,0,60,1,0,3,0,0,1,0,0,1
200500038282,5,6,1,2045,1,1,7,3,4429500,35700,4,2,0,0,1,2,0,43,1,0,1,0,2,0,2,0,1
200500038284,5,6,13,1245,1,1,1,6,4428000,33400,2,2,0,0,2,1,0,115,1,3,1,0,1,0,1,0,1
200500038285,5,6,28,1515,1,1,1,1,4428000,33500,2,2,2,0,1,1,0,115,1,5,1,0,1,0,0,1,1
200500038286,5,6,19,630,2,1,1,7,4418000,76100,3,3,2,0,1,4,23,65,1,0,1,0,0,0,1,0,1
200500038288,5,6,12,1615,1,1,1,6,4464300,27400,3,2,0,0,1,1,0,66,1,0,3,0,0,0,0,1,1
200500038291,5,6,7,745,1,1,1,6,4435800,42000,3,2,2,0,1,3,0,0,9,0,1,0,0,0,0,1,1
200500038293,5,6,12,600,2,1,2,1,4443000,28500,2,2,2,0,4,2,75,0,2,0,1,0,0,0,0,2,1
200500038294,5,6,4,1715,1,1,1,7,4442600,65400,3,2,2,0,1,2,0,44,1,0,1,0,0,0,0,1,1
200500038296,5,6,24,945,1,1,1,1,4451800,58900,3,2,2,0,1,1,0,43,2,0,1,0,3,0,2,0,1
200500038300,5,6,2,1800,1,1,1,3,4439500,56800,3,2,0,0,0,1,20,71,1,0,1,0,0,0,0,2,1
200500038301,5,6,8,830,1,1,1,7,4442800,53800,3,2,1,0,1,2,0,47,1,0,1,0,0,0,1,0,1
200500038302,5,6,7,1515,1,6,1,1,4440200,58900,4,1,0,0,1,2,0,0,1,5,4,0,2,0,2,0,1
200500038303,5,6,9,845,1,1,1,3,4439500,58600,3,2,1,0,1,1,0,53,1,0,1,0,1,0,0,1,1
200500038304,5,6,9,1815,1,1,1,1,4322500,-52700,3,2,0,0,2,1,0,50,1,0,1,0,1,0,0,1,1
200500038307,5,6,25,300,3,1,1,6,4334200,-50700,3,2,2,0,1,2,0,105,1,0,3,0,0,0,1,1,1
200500038311,5,6,17,1900,1,1,1,6,4336000,-152000,3,2,0,0,1,2,0,82,1,0,1,0,1,0,1,0,1
200500038313,5,6,29,1215,1,2,2,1,4337000,-158300,3,2,2,0,2,3,0,55,2,0,1,0,0,0,0,3,1
200500038314,5,6,30,815,1,1,1,1,4311300,-85800,3,2,2,0,1,1,0,75,1,0,1,0,1,0,0,1,1
200500038316,5,6,11,2045,1,1,1,6,4349000,-80000,2,2,2,0,1,1,74,74,1,0,1,0,1,0,1,0,1
200500038317,5,6,22,2045,1,1,1,6,4348000,-74000,4,2,1,0,1,3,0,50,1,0,1,0,1,0,1,0,1
200500038320,5,6,1,1115,1,1,1,6,4623800,22800,3,2,0,0,1,1,0,54,1,0,0,0,0,1,0,0,1
200500038322,5,6,9,1400,1,1,1,1,4666400,1700,2,2,0,0,1,1,0,74,1,0,3,0,1,0,0,1,1
200500038326,5,6,24,1500,1,8,1,1,4697800,17000,3,2,2,0,1,1,0,56,1,4,1,0,1,0,1,0,1
200500038327,5,6,26,1715,1,1,1,6,4695100,11100,2,2,2,0,1,1,0,70,1,0,3,0,0,0,2,0,1
200500038328,5,6,6,1445,1,1,1,1,4630100,84100,2,2,2,0,3,1,0,72,1,0,1,0,0,0,0,4,1
200500038330,5,6,4,1400,1,1,1,6,4548700,7400,3,2,0,0,1,2,0,59,1,0,1,0,0,0,1,0,1
200500038331,5,6,6,1900,1,1,2,6,4556200,24400,4,2,0,0,1,2,0,40,2,0,1,0,0,0,0,1,1
200500038333,5,6,5,300,3,1,1,7,4544800,14000,3,2,0,0,1,2,0,78,1,0,3,0,2,0,1,0,1
200500038342,5,6,19,515,2,1,1,6,4599700,41100,3,2,2,0,2,2,0,70,1,0,4,0,0,1,0,0,1
200500038343,5,6,26,1515,1,1,1,3,4596400,37200,9,0,1,0,1,1,0,30,1,0,1,0,0,0,7,0,1
200500038345,5,6,9,1915,1,1,1,1,4592500,19700,2,3,4,0,0,1,26,180,1,0,1,0,2,0,0,1,1
200500038346,5,6,27,1530,1,9,1,7,4582500,19400,2,3,4,0,1,1,0,121,1,0,1,0,0,0,1,0,1
200500038350,5,6,5,1130,1,1,1,3,4620700,-87200,3,2,2,0,1,1,0,61,1,0,1,0,0,0,1,0,1
200500038354,5,6,28,700,2,1,1,7,4622800,-85300,2,3,2,0,1,1,0,0,1,0,3,0,0,1,1,0,1
200500038356,5,6,4,1700,1,1,1,6,4532900,-50300,4,2,2,0,1,1,0,34,1,0,1,0,1,0,1,0,1
200500038357,5,6,25,1000,1,1,1,2,4534300,-49800,3,2,2,0,2,1,0,58,1,0,1,0,1,0,1,0,1
200500038358,5,6,19,500,3,1,1,7,4518100,-17100,3,2,2,0,0,3,0,80,1,0,3,0,0,0,1,0,1
200500038362,5,6,10,2230,1,1,1,6,4586000,-123000,3,2,0,0,1,3,0,50,1,0,3,0,1,0,0,1,1
200500038364,5,6,26,1545,1,9,1,1,4604400,-140300,4,1,1,0,1,1,0,34,1,0,1,0,1,0,1,1,1
200500038366,5,6,5,530,3,1,2,6,4609400,-70600,3,2,2,0,1,2,0,76,2,0,3,0,0,1,0,0,1
200500038367,5,6,9,1600,1,1,1,2,4573000,-71000,2,2,2,0,1,1,0,70,1,0,1,0,2,0,1,0,1
200500038369,5,6,14,1600,1,1,1,3,4562500,-56600,2,3,2,0,1,1,24,35,1,5,1,0,1,1,1,0,1
200500038370,5,6,15,815,1,1,1,6,4565600,-42300,3,2,2,0,1,1,0,0,1,0,1,0,0,1,0,0,1
200500038372,5,6,2,1,3,1,1,6,4591000,-60000,3,2,2,0,1,3,0,0,1,0,3,0,0,1,0,0,1
200500038377,5,6,18,1915,1,3,1,3,4647800,-50200,3,2,2,0,1,1,0,61,1,0,1,0,1,0,0,1,1
200500038378,5,6,21,1915,1,1,1,1,4647800,-56000,3,2,0,0,1,1,0,74,1,5,1,0,1,0,1,0,1
200500038379,5,6,6,830,1,1,1,1,4629100,-41300,3,2,2,0,2,4,0,54,1,0,1,0,1,0,1,0,1
200500038381,5,6,16,2100,2,1,1,6,4698900,-44900,3,2,2,0,2,1,0,77,1,0,1,0,1,0,1,0,1
200500038382,5,6,25,1430,1,1,1,6,4683600,-48700,4,2,2,2,1,1,0,120,1,0,1,0,0,0,1,0,1
200500038383,5,6,26,1645,1,1,1,7,4678700,-51900,3,2,2,0,2,1,0,80,1,0,1,0,0,0,1,0,1
200500038386,5,6,17,1645,1,1,1,3,4692800,-74000,3,2,2,0,1,1,0,62,1,0,1,0,1,0,1,0,1
200500038387,5,6,21,2130,1,1,1,3,4693000,-75500,3,2,2,0,1,1,0,70,1,0,1,0,1,0,2,0,1
200500038390,5,6,17,1545,1,1,1,1,4614500,-27500,4,2,0,0,1,3,0,33,1,0,1,0,2,0,1,0,1
200500038393,5,6,19,2000,1,1,1,6,4683000,-20700,3,2,0,0,1,1,0,120,1,0,1,0,1,0,1,0,1
200500038395,5,6,18,1930,1,1,1,3,4673800,-52300,3,2,2,0,2,1,0,60,1,0,1,0,1,0,1,0,1
200500038396,5,6,4,2345,3,1,1,7,4577600,121000,3,2,2,0,1,2,0,59,1,0,3,0,0,0,0,2,1
200500038401,5,6,11,15,3,1,1,7,4607200,128000,3,2,0,0,2,2,0,40,1,0,3,0,1,0,0,1,1
200500038403,5,6,22,1100,1,2,1,3,4525000,162700,3,2,2,0,0,1,0,65,1,5,1,0,1,0,0,5,1
200500038404,5,6,1,1615,1,1,1,6,4508300,192800,3,2,2,0,1,1,0,60,1,0,3,0,0,1,0,0,1
200500038406,5,6,28,800,1,1,1,3,4542900,157800,4,2,2,0,1,2,0,70,1,0,1,0,1,0,1,0,1
200500038407,5,6,1,1715,1,9,1,1,4504600,151500,3,2,0,0,2,1,0,50,1,0,1,0,0,0,0,2,1
200500038408,5,6,14,1500,1,1,1,7,4514600,146300,2,2,0,0,1,1,0,0,1,0,1,0,1,0,1,0,1
200500038409,5,6,2,1645,1,2,1,2,4522700,158600,3,2,2,0,0,1,0,73,1,0,1,0,1,0,1,0,1
200500038410,5,6,20,345,3,1,1,6,4525900,144900,4,2,2,0,1,1,0,50,1,0,1,0,0,0,1,0,1
200500038411,5,6,1,1515,1,1,1,6,4563000,241000,3,2,2,0,1,2,0,78,1,0,3,0,0,0,1,0,1
200500038413,5,6,30,1545,1,1,2,3,4628200,167000,3,2,2,0,2,2,0,65,2,0,1,0,0,0,2,0,1
200500038414,5,6,14,1600,1,1,8,1,4631100,203200,3,2,2,0,1,2,0,56,1,0,1,0,0,0,1,1,1
200500038415,5,6,20,1400,1,1,1,1,4622800,208500,3,2,2,0,2,2,0,45,1,0,1,0,1,0,1,0,1
200500038416,5,6,10,945,1,1,1,7,4622400,170400,2,1,3,3,2,1,10,90,1,0,1,0,3,0,1,0,1
200500038417,5,6,16,2130,5,9,1,6,4595700,217700,2,3,2,0,2,3,0,0,1,0,4,3,0,1,0,0,1
200500038418,5,6,8,715,1,1,1,7,4573800,226100,3,2,1,0,2,2,0,38,1,0,3,0,0,0,0,1,1
200500038419,5,6,25,145,5,1,1,6,4596000,176800,2,3,2,0,1,0,0,70,1,0,0,0,0,0,1,0,1
200500038420,5,6,29,945,1,1,1,1,4585600,201200,4,2,1,0,2,1,0,26,1,0,1,0,1,0,0,1,1
200500038426,5,6,13,2245,3,1,2,3,4379200,140400,3,2,0,0,1,3,70,0,2,0,1,0,0,1,0,1,1
200500038428,5,6,1,1700,1,1,1,1,4367600,115100,3,2,2,0,2,1,0,51,1,0,1,0,1,0,2,0,1
200500038430,5,6,14,830,1,1,1,3,4368700,125400,3,2,0,0,1,1,0,90,1,0,1,0,2,0,1,0,1
200500038433,5,6,17,1645,1,6,1,2,4351500,137000,2,2,1,0,1,1,0,0,1,3,1,0,1,0,0,1,1
200500038434,5,6,29,1015,1,1,1,3,4353700,140200,4,2,2,0,1,1,0,70,1,0,1,0,1,0,0,1,1
200500038435,5,6,15,645,1,1,1,3,4371600,139100,2,3,2,0,1,1,100,50,1,0,1,0,1,1,0,0,1
200500038436,5,6,23,1645,1,1,1,3,4365600,147200,9,3,0,0,1,1,0,70,1,0,1,0,1,0,0,1,1
200500038443,5,6,29,1845,1,1,1,3,4334400,100300,3,2,1,0,1,2,0,35,1,2,1,0,1,0,0,1,1
200500038444,5,6,30,1645,1,1,1,6,4317600,96600,3,0,2,0,2,1,0,56,1,0,1,0,1,0,1,0,1
200500038445,5,6,19,600,2,1,1,6,4339700,115100,3,2,0,0,2,1,0,60,1,0,3,0,0,0,1,1,1
200500038447,5,6,11,1915,1,1,1,3,4307900,58400,3,2,2,0,1,1,0,58,1,0,1,0,1,0,0,1,1
200500038450,5,6,26,600,2,1,1,6,4340500,84500,3,2,2,0,1,1,0,0,1,0,3,0,0,0,1,0,1
200500038452,5,6,19,800,1,1,1,3,4310500,95000,3,2,2,0,2,1,0,70,1,0,1,0,5,0,2,1,1
200500038453,5,6,3,1845,1,1,1,6,4331000,162600,3,2,2,0,1,2,0,60,1,0,1,0,0,0,1,0,1
200500038454,5,6,5,1000,1,1,1,2,4336000,162400,3,2,2,0,0,1,0,60,1,0,1,0,1,0,0,1,1
200500038455,5,6,19,1000,1,1,1,6,4342200,164000,3,2,2,0,1,1,0,60,1,0,1,0,0,0,0,1,1
200500038456,5,6,21,1600,1,1,1,3,4340100,170600,3,3,0,3,1,1,0,350,1,5,1,0,1,0,0,1,1
200500038457,5,6,10,1430,1,1,1,7,4355600,164800,3,2,2,0,1,1,0,53,1,0,1,0,0,0,1,0,1
200500038459,5,6,17,815,1,1,1,1,4367600,162200,3,0,2,0,1,1,0,56,1,0,1,0,1,0,1,0,1
200500038461,5,6,2,1400,1,1,1,6,4345200,179700,3,2,0,0,1,1,0,54,1,0,3,0,0,0,1,0,1
200500038462,5,6,11,1500,1,1,1,1,4345300,200700,3,2,2,0,2,3,0,60,1,0,1,0,1,0,2,0,1
200500038464,5,6,25,2345,3,1,1,1,4345300,196900,3,2,2,0,0,1,0,67,1,0,1,0,0,0,3,0,1
200500038466,5,6,3,1900,1,1,1,6,4319000,161000,2,2,2,0,1,3,75,75,1,0,3,0,0,0,0,2,1
200500038468,5,6,20,1745,1,1,1,1,4305900,158800,3,2,2,0,2,3,0,51,1,0,1,0,1,1,0,0,1
200500038469,5,6,23,830,1,1,1,3,4308500,162500,3,2,0,0,1,1,0,60,1,5,1,0,1,0,1,0,1
200500038471,5,6,28,800,1,1,1,1,4325100,167300,3,2,0,0,1,1,0,72,1,0,1,0,2,0,1,0,1
200500038472,5,6,29,330,3,1,1,6,4309700,170700,3,2,0,0,4,1,0,96,1,0,3,0,0,1,0,0,1
200500038476,5,6,24,1830,1,1,1,4,4315600,142900,3,2,2,0,1,1,0,66,1,0,1,0,1,0,2,2,1
200500038478,5,6,10,1300,1,1,1,1,4300400,194700,4,2,0,0,2,2,0,40,1,0,1,0,1,0,1,0,1
200500038480,5,6,29,145,3,1,1,6,4308800,181900,3,2,0,0,1,3,0,52,1,0,0,0,0,0,1,0,1
200500038481,5,6,18,615,1,1,1,1,4299500,113800,3,2,2,0,1,2,0,70,1,0,1,0,0,0,1,1,1
200500038483,5,6,27,115,5,1,1,1,4446600,272700,3,2,0,0,3,3,0,71,1,0,1,0,0,0,0,3,1
200500038485,5,6,7,1430,1,1,1,4,4443000,222200,3,2,2,0,2,2,11,53,1,5,1,0,3,1,0,0,1
200500038486,5,6,16,1515,1,1,1,1,4443000,252000,3,2,2,0,2,1,0,86,1,0,1,0,0,0,2,1,1
200500038487,5,6,17,1930,1,1,1,1,4439300,233500,4,2,0,0,1,2,0,35,1,0,1,0,0,0,1,1,1
200500038488,5,6,18,1100,1,1,1,7,4442500,230500,3,2,2,0,1,1,0,70,9,0,1,0,1,0,1,0,1
200500038491,5,6,19,1430,1,1,1,1,4419700,278900,3,2,2,0,2,1,0,65,1,0,1,0,1,0,2,0,1
200500038492,5,6,8,1430,1,9,1,6,4433900,302900,2,2,2,0,1,2,0,68,1,0,1,0,1,1,0,0,1
200500038493,5,6,14,745,1,1,1,1,4434700,297700,2,2,0,0,1,1,0,72,1,0,1,0,1,0,1,0,1
200500038494,5,6,5,1000,1,1,1,6,4395300,290200,3,2,2,0,0,2,0,69,1,0,1,0,0,0,1,0,1
200500038495,5,6,19,1315,1,1,1,6,4399600,290000,3,2,0,0,2,1,0,52,1,0,3,0,0,0,2,0,1
200500038496,5,6,3,1830,1,1,1,1,4405500,290000,3,2,2,0,2,1,0,53,1,0,1,0,1,0,1,0,1
200500038497,5,6,4,1915,1,1,1,6,4432700,190000,3,2,2,0,4,1,78,78,1,0,3,0,1,0,1,0,1
200500038498,5,6,24,1845,1,1,1,1,4437200,203200,4,2,0,0,1,0,0,0,1,0,0,0,1,0,2,0,1
200500038500,5,6,23,945,1,1,1,3,4433900,210500,3,2,2,0,1,1,0,70,1,0,1,0,1,0,1,0,1
200500038501,5,6,24,2115,1,1,1,7,4359400,116800,2,0,2,0,2,1,0,0,1,0,1,0,0,0,1,0,1
200500038502,5,6,4,830,1,1,1,7,4368800,28300,3,2,2,0,2,2,0,44,1,0,1,0,1,0,0,1,1
200500038504,5,6,2,2200,2,1,1,6,4381100,42800,3,2,2,0,2,1,0,60,1,0,1,0,0,0,1,0,1
200500038508,5,6,24,1730,1,9,1,6,4390500,37800,3,2,0,0,4,3,60,0,2,0,1,0,0,0,0,4,1
200500038509,5,6,30,1145,1,3,1,3,4403500,46600,3,2,0,0,1,1,0,63,1,0,1,0,1,0,0,1,1
200500038512,5,6,4,800,1,1,1,1,4376200,-3200,2,2,2,0,1,3,0,60,1,0,1,0,1,1,0,0,1
200500038514,5,6,13,545,2,1,1,6,4385900,16400,3,2,0,0,1,2,0,57,0,0,3,0,0,0,1,0,1
200500038517,5,6,25,2130,1,1,1,7,4372900,-4600,3,2,2,0,3,2,0,50,1,0,1,0,0,0,0,2,1
200500038518,5,6,27,1800,1,1,1,7,4377700,-18000,3,2,2,0,1,1,0,80,1,0,4,0,0,0,0,1,1
200500038519,5,6,30,1330,1,1,1,6,4386400,10400,4,2,0,0,1,1,0,0,1,0,4,0,0,0,0,1,1
200500038521,5,6,2,1945,1,1,1,1,4385000,65000,4,2,1,0,1,1,0,55,1,0,1,0,1,0,0,1,1
200500038523,5,6,11,1000,1,1,1,3,4382000,58000,4,2,0,0,1,1,0,30,1,0,1,0,1,0,0,1,1
200500038524,5,6,14,2045,1,1,1,6,4393000,60000,3,2,0,0,0,1,0,60,1,0,3,0,0,0,0,1,1
200500038526,5,6,16,1745,1,1,1,6,4402700,70700,3,2,0,0,3,2,0,65,1,0,1,0,0,0,0,1,1
200500038528,5,6,18,1545,1,1,1,7,4363700,4800,3,2,2,0,1,2,0,62,1,0,3,0,0,0,1,0,1
200500038529,5,6,24,1000,1,1,1,3,4361900,7000,3,2,2,0,4,2,0,50,1,0,1,0,2,0,1,0,1
200500038531,5,6,5,1,3,1,1,7,4459900,209300,4,2,0,0,2,1,0,40,1,0,1,0,0,0,1,0,1
200500038534,5,6,4,715,1,1,1,7,4490400,181600,3,2,2,0,1,2,0,53,1,0,3,0,1,0,1,0,1
200500038535,5,6,4,1615,1,1,1,7,4484700,190700,3,2,2,0,2,2,0,130,1,0,1,0,1,0,1,0,1
200500038537,5,6,4,2100,1,1,1,7,4468500,129200,3,2,0,0,0,4,0,70,1,0,1,0,0,1,3,0,1
200500038538,5,6,5,1215,1,1,1,6,4474600,143800,3,0,0,0,1,3,0,67,1,0,3,0,0,0,1,0,1
200500038539,5,6,28,1730,1,1,1,1,4473600,137700,3,2,2,0,1,1,0,54,1,5,1,0,1,0,1,0,1
200500038540,5,6,2,2345,3,1,1,7,4488200,162200,2,2,1,0,0,1,0,70,1,0,3,0,0,0,1,0,1
200500038543,5,6,25,1245,1,1,1,7,4481200,147900,2,3,4,0,0,2,56,146,1,0,3,0,0,1,0,0,1
200500038544,5,6,2,1130,1,1,1,2,4322300,1700,2,2,0,0,1,1,0,70,1,0,1,0,1,0,1,0,1
200500038547,5,6,22,815,1,1,1,6,4319700,23000,2,2,2,0,0,0,0,61,1,6,1,3,2,1,0,0,1
200500038551,5,6,8,745,1,1,1,1,4301900,37300,3,2,0,0,1,2,0,70,1,0,4,0,2,0,1,0,1
200500038553,5,6,7,730,1,1,1,5,4387000,218700,2,3,0,3,3,1,0,0,1,0,1,0,0,0,0,3,1
200500038555,5,6,30,1615,1,1,1,6,4392000,212400,4,2,2,0,1,1,0,61,1,1,1,0,0,1,0,0,1
200500038556,5,6,3,2045,2,1,1,3,4371100,213000,3,2,2,0,1,3,0,60,1,0,0,0,0,0,1,1,1
200500038557,5,6,1,1615,1,1,1,7,4366700,184900,3,2,2,0,1,1,0,0,1,0,1,0,0,0,1,0,1
200500038559,5,6,5,1815,1,9,1,5,4363600,228300,3,2,2,0,1,1,0,65,1,0,1,0,1,0,1,2,1
200500038560,5,6,1,1530,1,1,1,7,4395200,194700,3,2,2,0,1,1,0,55,1,0,1,0,0,1,0,0,1
200500038561,5,6,24,645,2,1,1,6,4390700,189700,9,2,2,0,1,3,0,59,1,0,3,0,0,1,0,0,1
200500038564,5,6,1,1815,1,1,1,3,4406900,194700,4,2,2,0,3,2,0,40,1,0,1,0,2,1,0,0,1
200500038565,5,6,9,800,1,1,1,1,4381400,171100,3,2,2,0,2,3,0,78,1,0,1,0,0,0,1,1,1
200500038566,5,6,12,1100,1,1,1,6,4393800,172700,3,2,0,0,2,2,0,50,1,0,3,0,0,0,1,0,1
200500038567,5,6,7,830,1,1,1,3,4355400,211900,3,2,0,0,0,1,0,58,1,0,1,0,1,0,1,0,1
200500038569,5,6,5,1200,1,1,1,2,4358200,184300,2,2,2,0,1,1,0,50,1,0,1,0,2,0,1,2,1
200500038570,5,6,29,1430,1,1,1,6,4359400,199800,3,2,2,0,0,3,0,74,1,0,1,0,0,0,1,0,1
200500038571,5,6,2,800,1,2,1,3,4422200,151800,2,2,2,0,2,1,0,75,1,0,1,0,1,0,1,0,1
200500038572,5,6,12,1800,1,1,1,2,4415400,155400,3,2,1,0,1,1,0,61,1,0,1,0,4,1,0,0,1
200500038573,5,6,12,1930,1,1,1,1,4416100,154000,9,2,2,0,3,2,0,61,1,0,1,0,2,0,0,1,1
200500038574,5,6,15,1815,1,1,1,3,4416100,153500,3,2,2,0,1,1,0,0,1,0,1,0,1,0,1,0,1
200500038576,5,6,26,130,3,1,1,6,4423600,159900,3,2,2,0,1,3,0,61,1,0,3,0,0,0,1,0,1
200500038577,5,6,26,600,2,1,1,7,4413200,123800,4,2,0,0,2,1,0,30,1,0,1,0,1,0,0,1,1
200500038580,5,6,5,730,1,1,1,6,4419200,187900,3,2,2,0,1,1,0,50,1,2,1,0,0,0,1,0,1
200500038581,5,6,20,1115,1,1,1,6,4389900,96800,3,2,2,0,2,1,0,60,1,0,3,0,0,0,1,1,1
200500038583,5,6,9,215,3,1,1,6,4381500,131900,2,2,3,3,1,1,105,0,9,0,1,0,0,0,1,0,1