Num_Acc,an,mois,jour,hrmn,lum,int,atm,col,lat,long,catr,circ,nbv,vosp,prof,plan,lartpc,larrout,surf,infra,situ,env1,unscathed,killed,hospital,light,chance
200500039088,5,6,27,1145,1,4,1,3,4855000,751100,3,2,2,1,1,1,23,94,1,5,1,0,0,0,0,2,1
200500039089,5,6,3,1700,1,1,1,1,4852700,733400,2,2,2,0,1,1,0,72,1,0,1,0,1,0,0,1,1
200500039091,5,6,10,1600,1,1,1,2,4853000,735600,3,2,0,0,1,2,0,0,1,0,1,0,1,0,0,1,1
200500039092,5,6,10,2315,3,1,1,6,4842600,718300,2,2,0,0,1,2,0,69,1,0,3,0,0,0,0,1,1
200500039094,5,6,17,1100,1,1,1,7,4849600,725300,3,2,2,0,2,2,0,0,1,0,1,0,0,0,0,1,1
200500039095,5,6,19,1630,1,1,1,1,4857100,729100,3,0,2,0,1,1,0,70,1,0,1,0,1,0,0,1,1
200500039096,5,6,5,1730,1,1,1,1,4864300,742500,3,2,0,0,2,0,0,0,1,0,1,0,5,0,0,1,1
200500039097,5,6,13,1745,1,1,1,2,4863800,751000,3,2,2,0,0,0,70,0,1,0,1,0,1,0,1,0,1
200500039099,5,6,18,1700,1,1,1,2,4862800,747400,2,2,3,0,1,1,0,70,1,5,1,0,1,0,0,1,1
200500039100,5,6,22,1815,1,1,1,3,4865100,740600,4,2,2,0,1,1,55,0,1,0,1,0,2,0,1,0,1
200500039101,5,6,4,1500,1,1,1,7,4880200,731200,3,2,0,0,4,2,0,0,1,0,1,0,0,0,1,0,1
200500039102,5,6,16,1030,1,1,1,3,4876200,739500,4,2,0,0,1,4,0,60,1,0,1,0,1,0,1,0,1
200500039104,5,6,20,730,1,1,1,6,4874500,738600,3,2,2,0,1,1,0,40,1,0,3,0,0,0,1,0,1
200500039110,5,6,14,1645,1,1,2,7,4896500,718900,3,2,2,0,0,3,0,70,2,0,0,0,0,0,0,1,1
200500039111,5,6,15,1315,1,1,1,7,4895500,720500,3,2,2,0,1,1,0,60,1,0,3,0,0,0,0,1,1
200500039112,5,6,21,1700,1,3,7,3,4891100,718900,3,2,2,0,4,1,0,65,1,0,1,0,1,0,0,1,1
200500039115,5,6,18,1645,1,1,1,3,4867500,771900,2,2,0,0,1,1,0,104,1,0,1,0,1,0,1,0,1
200500039116,5,6,22,245,3,1,1,6,4872700,776200,3,2,2,0,1,1,0,65,1,0,1,0,0,0,2,0,1
200500039121,5,6,25,1815,1,1,1,1,4870800,779400,3,2,2,1,1,1,0,94,1,0,3,0,1,0,1,0,1
200500039122,5,6,8,1715,1,2,1,3,4827200,740600,4,2,0,0,1,1,0,48,1,0,1,0,1,0,1,1,1
200500039125,5,6,7,1600,1,9,1,6,4904000,794000,6,0,0,0,1,1,0,0,1,0,0,0,0,0,1,1,1
200500039127,5,6,1,1915,1,6,1,1,4889700,810700,3,1,0,0,1,0,0,0,1,5,1,0,2,0,0,1,1
200500039128,5,6,10,830,1,1,1,6,4886700,808400,3,2,0,0,1,1,0,64,1,0,1,0,0,0,1,0,1
200500039131,5,6,8,1330,1,1,1,1,4904700,771400,3,2,2,0,2,3,0,53,1,0,1,0,0,0,0,2,1
200500039132,5,6,21,830,1,1,1,5,4850000,743300,2,2,0,0,1,1,0,70,1,0,1,0,0,0,1,2,1
200500039133,5,6,25,2345,3,1,1,7,4813600,738700,4,0,2,0,1,2,0,32,1,0,3,0,2,0,1,0,1
200500039135,5,6,20,745,1,1,7,3,4810700,747000,3,2,0,0,1,1,0,70,1,0,1,0,1,0,0,1,1
200500039137,5,6,15,1045,1,1,1,3,4815300,725000,2,2,0,0,0,1,0,80,1,5,1,0,1,0,1,0,1
200500039138,5,6,18,1800,1,1,1,1,4820800,726800,3,2,2,0,2,2,0,74,1,0,1,0,1,1,0,0,1
200500039139,5,6,19,1030,1,2,1,1,4823000,738800,3,2,2,0,1,1,0,0,1,0,1,0,1,1,0,0,1
200500039140,5,6,3,1730,1,1,1,1,4810800,730300,2,0,2,0,1,1,0,70,1,0,1,0,1,0,0,2,1
200500039141,5,6,18,15,5,1,1,1,4807200,731100,2,2,0,0,1,1,0,0,1,5,1,0,2,0,0,1,1
200500039142,5,6,8,1445,1,1,1,1,4790200,722200,3,0,2,1,1,1,0,100,1,0,5,0,1,0,0,1,1
200500039143,5,6,11,1115,1,1,1,6,4798600,743700,3,0,2,0,1,1,0,66,1,0,0,0,0,0,1,0,1
200500039146,5,6,23,1100,1,1,1,2,4777900,738300,3,2,4,0,1,1,0,73,1,3,1,0,0,0,0,2,1
200500039147,5,6,21,715,1,1,1,3,4778000,726000,3,2,2,0,1,1,0,128,1,0,1,0,1,0,0,1,1
200500039148,5,6,22,1630,1,8,1,6,4774700,753700,3,2,2,0,1,1,0,80,1,0,3,0,0,0,2,0,1
200500039149,5,6,2,1000,1,9,1,6,4758100,752900,3,2,2,0,1,1,0,90,1,0,4,0,1,0,0,1,1
200500039151,5,6,3,2230,3,1,3,1,4768300,743300,3,2,1,0,1,1,0,0,2,0,1,0,1,0,0,1,1
200500039155,5,6,1,845,1,1,1,1,4798100,696200,3,2,2,0,1,3,0,49,1,0,1,0,1,0,1,0,1
200500039156,5,6,3,1645,1,1,3,3,4888200,443900,3,2,0,0,1,2,0,59,2,0,3,0,1,0,1,0,1
200500039157,5,6,29,1230,1,1,1,6,4899000,424000,3,2,2,0,1,1,0,76,1,0,3,0,0,1,1,0,1
200500039159,5,6,23,1330,1,1,1,3,4895300,402600,3,2,2,0,1,1,0,57,1,0,1,0,1,0,1,0,1
200500039161,5,6,4,1730,1,1,1,5,4874000,430100,2,2,0,0,2,1,0,72,1,0,1,0,3,0,2,0,1
200500039162,5,6,17,1715,1,1,1,6,4873700,421400,2,2,2,0,0,1,120,0,1,0,1,0,0,0,0,1,1
200500039163,5,6,25,2100,1,1,1,6,4874600,412300,2,2,0,0,1,1,0,72,1,0,1,0,0,0,1,0,1
200500039164,5,6,2,1745,1,1,1,1,4886900,353400,3,2,2,0,1,3,0,60,1,0,1,0,0,0,1,1,1
200500039166,5,6,25,500,2,1,1,6,4872500,372400,4,2,2,0,1,1,0,75,1,0,4,0,0,0,1,0,1
200500039168,5,6,3,1630,1,1,1,6,4909900,488300,3,2,2,0,4,2,0,60,1,0,3,0,0,0,0,1,1
200500039170,5,6,11,1930,1,1,1,7,4912000,485800,3,2,2,0,2,2,0,67,1,0,3,0,0,0,1,0,1
200500039171,5,6,12,1615,1,1,1,6,4904300,486200,3,2,2,0,0,3,0,48,1,0,3,0,0,0,0,2,1
200500039172,5,6,4,1500,1,1,1,1,4988000,470700,3,2,2,0,1,2,0,85,1,0,1,0,1,0,1,0,1
200500039173,5,6,24,1830,1,1,1,7,4985000,477000,6,0,0,0,1,0,0,0,1,0,0,0,0,0,1,0,1
200500039178,5,6,20,1900,1,1,1,1,4967500,512900,2,2,0,0,3,1,0,0,1,0,1,0,1,0,0,1,1
200500039179,5,6,5,1645,1,1,1,6,4974000,487200,3,0,2,0,1,1,0,67,0,0,3,0,0,0,0,3,1
200500039180,5,6,14,845,1,1,1,7,4947000,461500,3,2,0,0,1,1,0,75,1,0,1,0,0,0,1,0,1
200500039181,5,6,17,1445,1,1,1,6,4938900,470500,3,2,2,0,1,1,0,0,1,0,1,0,1,0,0,2,1
200500039182,5,6,27,730,1,1,1,2,4941600,472400,3,2,2,0,2,1,0,74,1,0,1,0,0,0,1,1,1
200500039186,5,6,22,2030,1,1,1,3,4853400,414400,2,2,0,0,2,1,0,80,1,0,1,0,1,0,0,2,1
200500039187,5,6,27,115,3,1,1,6,4819800,400500,3,2,0,0,0,1,0,74,1,0,3,0,0,0,0,1,1
200500039190,5,6,22,1830,1,1,1,1,4811200,444500,3,2,0,0,1,1,0,45,1,0,1,0,1,0,0,1,1
200500039191,5,6,6,745,1,1,1,6,4841700,393200,2,2,0,0,1,1,0,156,1,0,3,0,0,0,1,0,1
200500039192,5,6,23,1115,1,1,1,3,4851000,372000,4,2,0,0,1,1,0,79,1,5,1,3,1,0,0,1,1
200500039193,5,6,23,1730,1,1,1,6,4851600,390300,3,2,2,0,1,1,0,80,1,0,3,0,0,1,0,0,1
200500039198,5,6,3,1745,1,9,3,3,4808900,529200,3,2,0,0,1,1,43,113,2,0,1,0,1,0,0,1,1
200500039199,5,6,14,1100,1,1,7,3,4809000,529700,3,2,2,0,1,3,0,0,1,0,1,0,0,0,1,1,1
200500039201,5,6,2,2100,1,1,1,6,4816400,501600,2,2,0,0,3,1,0,75,1,0,1,0,0,0,0,1,1
200500039204,5,6,12,1700,1,1,1,5,4789100,536100,3,2,2,0,2,1,0,63,1,0,1,0,2,0,2,0,1
200500039205,5,6,23,1815,1,1,8,6,4785800,533000,9,2,2,0,0,1,0,66,2,0,1,0,1,1,0,0,1
200500039206,5,6,5,1915,1,1,1,6,4795000,574000,3,2,0,0,2,1,0,78,1,0,3,0,0,0,1,1,1
200500039209,5,6,2,1215,1,1,1,6,4782000,559200,3,2,0,0,1,2,0,50,1,0,1,0,1,0,1,0,1
200500039210,5,6,26,1345,1,1,1,6,4776300,563300,3,2,2,0,1,1,0,70,1,0,3,0,0,0,1,0,1
200500039211,5,6,25,1645,1,1,1,6,4762100,525600,2,2,2,0,0,1,0,75,1,0,3,0,0,0,0,1,1
200500039213,5,6,13,815,1,1,1,7,4859700,485100,3,2,2,0,1,1,0,74,1,0,3,0,0,0,1,0,1
200500039216,5,6,26,2245,5,1,1,1,4864900,487300,3,2,2,0,1,3,0,70,1,0,1,0,1,0,1,0,1
200500039217,5,6,10,215,3,1,1,6,4840800,514800,3,2,2,0,1,3,0,44,1,0,1,0,0,0,2,2,1
200500039218,5,6,10,2200,2,1,1,2,4844700,513900,3,2,2,0,2,1,0,70,1,0,1,0,1,0,1,0,1
200500039219,5,6,20,1545,1,1,1,6,4834800,513900,3,2,0,0,0,1,0,58,1,0,4,0,0,0,2,0,1
200500039220,5,6,28,600,1,1,1,7,4845800,504400,3,2,0,0,2,1,65,0,1,0,1,0,0,0,1,0,1
200500039224,5,6,23,1800,1,1,1,7,4731100,523300,4,2,1,0,1,3,0,45,1,0,1,0,0,0,0,1,1
200500039225,5,6,7,2115,1,1,1,3,4719800,539500,3,2,2,0,1,1,0,75,1,0,1,0,1,0,2,0,1
200500039226,5,6,10,2045,1,1,1,1,4719700,540600,9,2,2,0,1,1,7,65,1,0,1,0,1,0,0,2,1
200500039227,5,6,22,830,1,1,1,3,4719800,539500,3,2,0,0,1,1,0,75,1,5,1,0,1,0,1,0,1
200500039228,5,6,28,245,3,1,1,6,4720100,537300,2,2,2,0,4,1,0,75,1,0,3,0,0,0,1,1,1
200500039229,5,6,11,1830,1,1,1,1,4726000,525000,3,2,0,0,1,1,0,0,1,0,1,0,0,0,2,0,1
200500039230,5,6,13,1730,1,1,1,7,4729900,522000,3,0,2,0,1,2,0,62,1,0,1,0,0,0,0,1,1
200500039231,5,6,23,1730,1,1,1,2,4724000,517100,3,2,2,0,1,1,0,0,1,0,1,0,1,0,0,1,1
200500039232,5,6,11,1645,1,1,1,7,4719800,489800,3,2,0,0,2,3,0,0,0,0,3,0,0,0,0,1,1
200500039233,5,6,10,1800,1,1,1,3,4726900,501500,3,2,2,0,1,1,0,70,1,0,1,0,1,0,1,0,1
200500039234,5,6,4,1330,1,1,1,1,4721800,508700,9,2,2,0,1,3,0,45,1,0,1,0,1,0,1,0,1
200500039235,5,6,11,1200,1,1,1,2,4720900,497200,2,2,0,2,0,1,0,105,1,0,0,0,1,1,0,0,1
200500039237,5,6,6,1100,1,1,2,1,4754400,513000,3,2,2,0,2,2,0,75,2,0,1,0,1,0,0,1,1
200500039238,5,6,26,1715,1,2,1,3,4749400,521200,3,2,2,0,1,1,0,60,1,0,1,0,4,0,0,1,1
200500039239,5,6,1,1715,1,1,1,6,4733400,458700,3,2,2,0,1,1,0,65,1,0,1,0,0,1,0,1,1
200500039240,5,6,17,1345,1,1,1,7,4732200,489500,3,2,2,0,1,2,0,70,1,0,3,0,0,0,0,1,1
200500039241,5,6,3,1415,1,2,1,3,4700600,480100,2,2,2,0,1,1,0,0,1,0,1,0,1,0,3,0,1
200500039242,5,6,11,1515,1,1,1,1,4708500,489200,2,2,3,0,0,1,0,100,1,0,1,0,2,0,1,0,1
200500039243,5,6,15,1715,1,1,1,1,4700400,478600,3,2,2,0,0,0,0,0,1,0,1,0,1,0,0,1,1
200500039244,5,6,22,1330,1,3,1,1,4701000,507000,3,3,2,0,1,1,0,71,1,5,1,0,1,0,1,0,1
200500039245,5,6,15,830,1,1,1,7,4787200,446500,3,2,2,0,1,1,0,75,1,0,1,0,0,0,0,1,1
200500039247,5,6,29,930,1,4,1,3,4749000,434700,3,2,2,0,2,2,0,80,1,0,1,0,1,0,0,1,1
200500039248,5,6,18,545,1,1,1,7,4759100,433700,3,2,2,0,1,1,0,70,1,0,0,0,0,0,1,4,1
200500039249,5,6,7,1800,1,1,1,7,4742400,452400,3,2,2,0,1,1,0,70,1,0,1,0,0,0,0,2,1
200500039251,5,6,11,2230,3,3,1,3,4693500,315900,2,3,1,0,1,1,52,115,1,0,1,0,1,0,1,0,1
200500039252,5,6,17,1730,1,3,1,1,4687100,327000,3,2,2,0,0,3,0,0,1,0,0,0,1,0,1,0,1
200500039253,5,6,1,330,3,1,1,2,4682000,312400,2,0,2,0,1,1,0,0,1,0,1,0,1,0,1,0,1
200500039254,5,6,24,1315,1,2,1,3,4703800,364100,4,2,2,0,1,1,53,0,1,0,1,0,2,0,1,0,1
200500039259,5,6,24,745,1,1,1,3,4706800,393500,3,2,2,0,1,1,0,60,1,0,1,3,1,0,0,1,1
200500039260,5,6,25,1200,1,1,1,1,4711600,399500,3,2,2,0,2,2,0,63,1,0,1,0,1,0,1,0,1
200500039261,5,6,25,1900,1,1,1,6,4706800,392900,3,2,2,0,2,2,0,125,1,0,3,0,0,0,1,0,1
200500039262,5,6,23,1200,1,9,1,1,4717900,415800,3,2,0,0,2,3,0,70,1,0,1,0,1,0,0,1,1
200500039267,5,6,2,2130,2,1,1,2,4622900,478700,4,2,2,0,1,2,0,0,1,0,1,0,1,0,1,0,1
200500039268,5,6,18,200,4,1,1,6,4630100,476400,3,2,2,0,1,3,0,67,1,0,0,0,0,0,2,0,1
200500039269,5,6,17,2030,1,1,1,2,4625900,475800,3,2,2,0,1,1,0,57,1,0,2,0,2,0,1,0,1
200500039270,5,6,8,800,1,1,1,3,4644500,465900,3,2,2,0,2,1,23,71,1,0,1,0,1,0,1,0,1
200500039271,5,6,25,1645,1,1,1,2,4640900,450200,3,2,2,0,0,1,0,65,1,0,1,0,0,0,3,0,1
200500039272,5,6,29,845,1,1,1,5,4644700,471300,3,2,2,0,2,3,0,57,1,0,1,0,2,0,2,0,1
200500039274,5,6,18,215,3,1,1,7,4654100,457000,3,2,2,0,0,2,0,62,1,0,1,0,0,0,1,0,1
200500039284,5,6,5,1530,1,1,1,3,4687200,504600,2,2,3,0,1,1,0,140,1,5,1,0,1,0,0,1,1
200500039285,5,6,12,2000,1,1,1,7,4685600,507700,3,2,2,0,3,4,0,70,1,0,1,0,0,0,0,1,1
200500039286,5,6,16,1545,1,1,1,1,4686600,495100,3,2,1,0,2,1,0,60,1,0,1,0,1,0,0,1,1
200500039287,5,6,21,15,5,1,1,7,4690100,502200,3,2,0,0,0,1,0,0,1,0,3,0,0,0,1,0,1
200500039289,5,6,11,1730,1,1,1,1,4651300,399700,4,0,0,0,2,0,0,30,1,0,1,0,1,0,1,0,1
200500039290,5,6,17,1645,1,1,1,6,4648700,399400,4,2,1,0,1,1,0,56,1,0,4,0,0,0,1,0,1
200500039292,5,6,8,1615,1,1,1,5,4692300,460700,3,2,2,0,0,1,0,0,1,0,0,0,1,0,0,4,1
200500039293,5,6,19,545,2,1,1,7,4672600,427200,3,2,2,0,3,3,0,67,1,0,1,0,1,0,3,1,1
200500039298,5,6,1,1415,1,6,1,3,4673700,444100,3,2,0,0,1,1,0,80,1,5,3,0,2,0,0,1,1
200500039303,5,6,25,600,1,1,1,1,4761500,350300,2,2,0,0,1,1,0,65,1,0,1,0,2,0,0,3,1
200500039304,5,6,2,1345,1,1,1,2,4783100,378700,3,2,2,0,1,1,0,0,1,0,1,0,1,0,0,1,1
200500039307,5,6,13,530,2,1,1,7,4777000,371700,3,2,2,0,3,2,0,0,1,0,1,0,1,0,0,1,1
200500039308,5,6,19,1715,1,1,1,1,4780400,342700,3,2,0,0,3,3,0,64,1,0,1,0,5,0,1,0,1
200500039309,5,6,28,1500,1,1,1,3,4761900,320100,3,2,2,0,2,3,0,63,1,0,3,0,2,0,0,1,1
200500039310,5,6,6,1945,1,1,1,6,4752900,379700,2,2,0,0,1,3,0,70,1,0,3,0,0,0,1,0,1
200500039313,5,6,12,230,3,1,1,6,4797200,344700,3,2,1,0,1,1,0,50,1,0,1,0,0,1,3,0,1
200500039314,5,6,11,1915,1,1,1,1,4825500,332500,4,1,0,0,1,0,0,35,1,0,1,0,1,0,1,0,1
200500039316,5,6,25,1530,1,1,1,6,4817100,336100,3,2,2,0,1,1,0,76,1,0,1,0,0,0,1,2,1
200500039317,5,6,25,1645,1,1,1,7,4823100,351000,2,2,2,0,1,1,0,81,1,0,3,0,0,1,0,2,1
200500039318,5,6,27,1330,1,1,1,7,4816200,324900,3,2,0,0,0,4,37,0,1,0,3,0,0,0,1,1,1
200500039322,5,6,17,1900,1,1,1,1,4827100,335500,3,2,2,0,2,1,0,71,1,0,1,0,1,0,0,1,1
200500039330,5,6,2,1700,1,1,1,5,4720100,617700,2,3,0,0,0,1,20,140,1,0,1,0,5,0,0,1,1
200500039331,5,6,7,1015,1,1,1,7,4721100,605400,3,2,2,0,1,2,0,55,1,0,1,0,0,0,1,0,1
200500039332,5,6,24,1230,1,1,1,7,4703100,609800,3,2,2,0,0,2,0,56,1,0,1,0,0,0,0,2,1
200500039338,5,6,22,1215,1,9,1,3,4753800,680500,3,2,2,0,1,1,0,0,1,0,1,0,1,0,1,0,1
200500039340,5,6,17,1345,1,1,1,3,4731900,666000,3,2,0,0,0,0,55,0,1,0,1,0,1,0,0,1,1
200500039341,5,6,25,1045,1,1,1,3,4726000,672000,3,2,2,0,4,3,75,0,1,0,1,0,1,0,1,0,1
200500039343,5,6,29,1500,1,1,1,1,4738800,640300,3,2,0,0,1,3,1,50,1,0,3,0,1,0,0,1,1
200500039344,5,6,11,1430,1,1,1,1,4751700,667500,3,2,0,0,1,1,0,63,1,0,1,0,3,0,1,0,1
200500039345,5,6,27,815,5,1,1,3,4745500,665000,2,3,0,0,1,1,0,100,1,5,1,0,0,0,1,1,1
200500039347,5,6,12,1530,1,1,1,1,4725400,638900,3,2,0,0,3,3,0,65,1,0,1,0,0,2,2,0,1
200500039349,5,6,27,1330,1,1,1,2,4722100,654200,4,2,2,0,1,0,60,0,1,0,1,0,1,0,0,1,1
200500039352,5,6,11,1500,1,1,1,6,4673700,623900,3,2,0,0,1,1,0,60,1,0,1,0,1,0,1,0,1
200500039353,5,6,7,1345,1,1,1,1,4705600,651900,3,2,1,0,3,1,0,53,1,0,1,0,0,0,2,0,1
200500039354,5,6,18,1630,1,1,1,3,4658000,538500,4,2,2,0,1,3,0,0,1,0,1,0,1,0,1,0,1
200500039356,5,6,1,815,1,3,1,3,4691600,577100,3,2,2,0,0,2,0,65,1,0,1,0,1,0,0,1,1
200500039358,5,6,11,1845,1,1,1,6,4690600,577600,4,2,2,0,0,1,0,63,1,0,1,0,2,0,0,1,1
200500039359,5,6,17,1645,1,1,1,3,4685200,569900,2,2,2,3,1,1,0,120,1,5,0,0,1,0,0,1,1
200500039360,5,6,27,815,1,1,1,3,4686400,560900,3,2,2,0,1,1,0,65,1,0,1,0,1,0,1,0,1
200500039361,5,6,22,2015,1,1,1,2,4689900,573300,2,2,2,0,1,1,0,75,1,0,1,0,1,0,1,0,1
200500039362,5,6,1,1330,1,2,1,3,4694300,587800,3,2,3,0,2,4,90,0,1,5,1,0,1,0,1,0,1
200500039366,5,6,8,2100,2,1,1,6,4698900,561700,3,2,2,0,1,1,0,67,1,0,3,0,0,1,0,0,1
200500039367,5,6,6,1730,1,1,8,1,4718100,578900,2,2,2,0,2,1,0,77,2,0,1,0,0,2,0,1,1
200500039370,5,6,5,1045,1,1,1,6,4756000,607400,3,2,0,0,1,1,0,69,1,0,1,0,0,0,1,0,1
200500039374,5,6,4,400,3,1,1,7,4767000,660700,3,2,2,0,1,2,0,60,1,0,1,3,1,0,1,0,1
200500039377,5,6,18,1045,1,1,1,1,4792800,609800,3,2,2,0,2,1,0,79,1,0,1,0,1,0,0,2,1
200500039379,5,6,27,1745,1,1,1,6,4732700,568200,3,2,2,0,0,2,0,71,1,0,1,0,1,0,1,0,1
200500039380,5,6,3,1630,1,1,1,7,4780500,684200,3,2,0,0,2,4,0,62,1,0,3,0,0,0,1,0,1
200500039383,5,6,5,2030,1,3,1,5,4756300,694100,3,2,0,0,1,1,0,75,1,0,1,0,0,0,4,1,1
200500039384,5,6,27,1930,1,1,1,1,4756600,694900,3,2,0,0,3,3,0,40,1,0,1,0,0,0,1,1,1
200500039386,5,6,1,1,3,1,1,6,4364800,549700,3,2,0,1,1,3,0,0,1,0,1,0,0,0,0,1,1
200500039387,5,6,2,1815,1,1,1,1,4368600,571300,3,2,1,0,1,1,0,32,1,0,1,0,1,0,1,0,1
200500039388,5,6,12,300,3,1,1,1,4364700,554800,3,2,2,0,0,1,0,0,1,0,1,0,0,0,0,3,1
200500039389,5,6,13,1645,1,9,1,2,4368900,571100,3,3,1,0,1,1,5,50,1,0,1,0,1,0,1,0,1
200500039390,5,6,13,1230,1,1,1,7,4343300,544500,3,2,0,0,1,1,0,60,1,0,1,0,0,0,0,1,1
200500039391,5,6,1,1930,1,1,1,1,4344500,536200,3,2,1,0,1,1,0,50,1,0,1,0,1,0,1,0,1
200500039392,5,6,5,1900,1,1,1,1,4343200,537100,3,2,2,0,2,2,0,54,1,0,1,0,0,0,0,3,1
200500039393,5,6,6,1615,1,2,1,5,4345100,539800,2,2,1,0,1,1,169,159,1,5,1,0,1,0,1,2,1
200500039394,5,6,17,1800,1,9,1,3,4345000,540300,3,2,2,0,1,1,0,72,1,0,1,0,0,0,0,1,1
200500039395,5,6,26,330,5,6,1,6,4342200,535500,3,1,2,0,1,1,0,35,1,5,1,0,0,0,1,0,1
200500039396,5,6,21,1515,1,1,1,3,4344100,539800,2,2,2,0,1,1,0,0,1,0,1,0,1,0,0,1,1
200500039398,5,6,18,1345,1,1,1,3,4345400,567200,3,2,2,0,3,1,0,80,1,0,1,0,2,1,0,0,1
200500039399,5,6,28,2315,3,1,1,7,4346000,566200,3,2,2,1,1,1,0,0,1,0,1,0,0,0,0,1,1
200500039400,5,6,10,700,2,1,1,3,4387400,484500,3,2,2,0,1,1,0,47,1,0,1,0,0,1,0,3,1
200500039401,5,6,10,1715,1,1,1,2,4388700,491600,2,3,2,0,1,1,0,0,1,0,1,0,0,0,0,3,1
200500039402,5,6,24,1615,1,1,1,3,4389600,483200,3,2,2,1,1,1,0,0,1,0,1,0,1,0,0,1,1
200500039403,5,6,16,515,2,1,1,7,4358200,443300,3,2,2,0,0,1,0,70,1,0,3,0,0,0,0,1,1
200500039408,5,6,15,845,1,1,1,5,4323400,552700,3,2,2,1,4,3,0,0,1,0,1,0,1,0,0,2,1
200500039410,5,6,17,745,2,1,1,2,4326400,557300,3,2,0,0,1,1,0,0,1,0,1,0,1,0,1,0,1
200500039412,5,6,6,915,1,1,1,3,4340400,556300,3,2,2,0,1,1,0,0,1,5,1,0,0,0,1,2,1
200500039414,5,6,4,1845,1,1,1,5,4336800,561300,2,2,0,0,0,1,0,70,1,0,0,0,3,0,0,2,1
200500039417,5,6,17,1815,1,1,1,6,4335500,560500,2,2,0,0,1,1,0,60,1,0,1,0,2,0,0,1,1
200500039418,5,6,24,1300,1,1,1,5,4339600,559600,2,2,2,0,2,1,0,0,1,0,0,0,1,0,2,0,1
200500039420,5,6,24,1715,1,1,1,1,4354200,504700,3,2,1,0,2,4,0,70,1,0,1,0,0,0,2,0,1
200500039421,5,6,8,1615,1,1,1,6,4373600,518400,3,2,2,0,1,2,0,0,1,0,0,0,0,1,1,0,1
200500039424,5,6,22,1715,1,1,1,1,4372500,531200,4,2,1,0,1,1,0,62,1,0,1,0,1,0,0,1,1
200500039426,5,6,8,1245,1,1,1,5,4402100,595700,3,2,2,0,3,1,0,70,1,0,1,0,0,0,0,4,1
200500039430,5,6,19,1330,1,1,1,6,4395100,552900,3,2,2,0,2,2,0,70,1,0,3,0,0,0,1,0,1
200500039431,5,6,23,1830,1,1,1,5,4406600,583700,3,2,2,0,1,1,0,49,1,0,1,0,2,1,0,0,1
200500039432,5,6,27,830,1,1,1,6,4404000,577000,3,2,2,0,1,2,0,65,1,0,3,0,0,1,1,0,1
200500039434,5,6,16,1415,1,1,1,1,4414200,595300,4,2,2,0,2,3,0,0,1,0,1,0,1,0,0,1,1
200500039435,5,6,4,130,5,1,1,6,4435000,577300,2,2,2,0,1,2,0,69,1,0,4,0,2,0,0,1,1
200500039436,5,6,28,1415,1,1,1,6,4428900,573100,4,0,0,0,3,3,0,50,1,0,0,0,0,0,0,1,1
200500039437,5,6,8,1245,1,1,1,6,4424400,572200,4,2,1,0,2,4,0,33,1,0,1,0,0,0,1,0,1
200500039438,5,6,13,645,1,1,1,6,4426700,582300,3,2,2,0,1,2,0,61,1,2,3,0,0,1,0,0,1
200500039439,5,6,27,1045,1,1,1,7,4435000,591100,2,2,2,0,1,2,0,76,1,0,3,0,0,0,0,1,1
200500039441,5,6,5,1830,1,1,1,6,4443000,601000,3,2,0,0,3,1,0,55,1,0,1,0,2,0,0,1,1
200500039442,5,6,7,1645,1,3,1,2,4443000,602000,2,2,0,3,1,1,45,82,1,5,1,0,2,0,0,1,1
200500039443,5,6,23,1200,1,1,1,2,4446000,621000,3,2,2,0,0,1,0,67,0,0,1,0,1,0,1,0,1
200500039444,5,6,27,1730,1,3,1,3,4443800,602400,2,2,2,0,1,1,46,80,1,5,1,0,0,0,2,1,1
200500039445,5,6,9,1115,1,1,1,1,4452400,588300,3,2,2,0,1,3,0,49,1,0,1,0,0,0,2,0,1
200500039447,5,6,7,1345,1,1,1,1,4489600,662000,3,2,0,0,2,3,0,59,1,0,1,0,1,0,1,0,1
200500039448,5,6,11,1800,1,2,1,1,4476200,680300,3,2,0,0,1,1,0,60,1,0,1,0,1,0,1,0,1
200500039449,5,6,21,1400,1,1,1,7,4453500,634200,3,0,0,0,2,4,30,0,1,0,1,0,0,0,1,0,1
200500039450,5,6,21,2215,3,1,1,3,4456300,621800,2,2,2,0,4,1,0,85,1,0,1,0,2,0,0,1,1
200500039457,5,6,2,745,1,1,1,3,4396000,728000,4,2,2,0,0,2,0,58,1,0,1,0,1,0,0,1,1
200500039459,5,6,17,1500,1,1,1,3,4402300,731200,3,2,2,0,0,2,0,75,1,5,1,0,1,0,0,1,1
200500039462,5,6,16,230,5,2,1,3,4353900,694600,2,4,3,0,0,3,92,0,1,0,1,0,1,1,1,0,1
200500039463,5,6,26,1945,1,1,1,3,4354500,693400,3,3,2,0,1,1,20,50,1,0,1,3,1,0,0,1,1
200500039464,5,6,15,1630,1,1,1,3,4363300,683800,3,2,0,0,1,3,0,0,1,0,1,0,1,0,2,0,1
200500039470,5,6,19,1600,1,1,1,6,4383300,747500,3,2,2,0,1,3,0,66,1,0,1,0,1,0,1,0,1
200500039471,5,6,22,830,1,1,1,6,4373000,735000,2,3,4,0,2,3,8,140,1,0,1,0,0,0,1,0,1
200500039472,5,6,28,1700,1,1,1,3,4373000,737000,3,2,2,0,2,1,0,70,1,0,1,0,1,0,0,1,1
200500039474,5,6,30,915,1,1,1,7,4407000,720300,3,2,2,0,2,3,0,60,1,0,1,0,0,0,0,1,1
200500039484,5,6,1,1315,1,1,1,1,4345700,611600,3,2,2,0,1,3,0,0,1,0,1,0,0,0,2,1,1
200500039489,5,6,23,2030,1,1,1,6,4341300,621800,3,2,2,0,2,1,0,58,1,0,1,0,0,0,0,5,1
200500039490,5,6,19,1600,1,1,1,1,4329800,611700,3,2,2,0,2,2,0,50,1,0,1,0,0,0,0,3,1
200500039494,5,6,12,1400,1,1,1,3,4343400,585400,3,2,2,0,1,1,0,0,1,0,1,0,2,0,0,1,1
200500039504,5,6,7,1500,1,1,1,6,4325800,653500,4,0,0,0,1,0,0,0,1,0,1,3,0,0,1,0,1
200500039506,5,6,14,1200,1,1,1,3,4329500,660600,2,2,2,0,1,1,0,0,1,0,1,0,1,0,0,1,1
200500039507,5,6,30,1700,1,1,1,7,4320900,647800,2,2,2,0,1,2,0,0,1,0,0,0,0,1,0,0,1