Num_Acc,an,mois,jour,hrmn,lum,int,atm,col,lat,long,catr,circ,nbv,vosp,prof,plan,lartpc,larrout,surf,infra,situ,env1,unscathed,killed,hospital,light,chance
200500040016,5,6,9,1600,1,1,1,6,4819000,185000,1,3,3,3,1,1,135,15,1,0,3,0,0,0,1,0,1
200500040017,5,6,26,2315,3,1,1,6,4782700,185900,1,3,2,0,1,1,15,205,1,0,3,0,4,0,1,0,1
200500040019,5,6,1,1100,1,1,1,2,4357800,535000,3,2,2,0,1,0,0,0,1,0,1,0,1,0,0,1,1
200500040020,5,6,23,1745,1,1,1,6,4357400,536500,3,2,0,0,1,1,0,40,1,0,1,0,1,0,0,1,1
200500040021,5,6,29,1730,1,1,1,6,4354800,536800,3,2,2,0,1,1,0,0,1,0,3,0,0,0,0,1,1
200500040022,5,6,6,1330,1,1,2,6,4876700,794900,4,2,2,0,1,1,65,0,2,0,1,3,1,0,1,0,1
200500040023,5,6,8,1545,1,1,1,1,4879700,800600,3,2,2,0,1,1,0,84,1,0,1,0,1,0,1,0,1
200500040024,5,6,30,430,3,1,1,2,4700000,485800,1,1,3,0,1,1,10,140,1,0,1,0,1,2,1,1,1
200500040025,5,6,4,2130,1,1,1,7,4923600,-6800,1,3,0,0,1,1,15,70,1,0,1,0,1,0,0,1,1
200500040026,5,6,27,1030,1,1,1,2,4918300,-20000,1,3,2,0,0,1,85,70,1,0,1,0,2,0,1,0,1
200500040037,5,6,4,1415,1,1,1,1,4920500,410700,1,3,4,0,1,1,16,98,1,0,1,0,0,2,3,1,1
200500040038,5,6,13,1415,1,1,1,7,4917300,418100,1,3,2,0,1,1,30,194,1,0,3,0,0,0,1,0,1
200500040040,5,6,25,1500,1,1,1,7,4911500,425600,1,3,0,0,1,1,16,232,1,2,3,0,0,1,1,0,1
200500040044,5,6,3,1700,1,1,3,1,4905400,467000,1,3,0,0,1,1,10,70,2,0,2,0,1,0,0,3,1
200500040047,5,6,10,1830,1,1,1,2,4905100,327900,1,1,2,0,1,1,0,220,1,0,1,0,1,1,3,0,1
200500040048,5,6,25,1630,1,1,1,6,4377800,745000,1,3,1,0,2,2,0,50,1,0,1,0,0,0,1,0,1
200500040049,5,6,30,1715,1,1,1,4,4373400,726500,1,3,2,0,1,1,0,100,1,1,1,0,3,0,1,1,1
200500040051,5,6,4,1130,1,1,1,5,4252000,282000,1,0,0,3,1,1,20,110,1,0,1,0,4,0,1,0,1
200500040060,5,6,25,2330,3,9,1,7,4340200,-54800,1,3,3,0,1,3,0,105,1,3,1,0,0,0,1,1,1
200500040062,5,6,6,1830,1,1,1,5,4322200,222000,1,3,2,3,1,1,30,99,1,0,1,0,3,1,0,0,1
200500040063,5,6,22,1345,1,1,1,2,4330300,192500,1,1,2,0,1,1,40,25,1,3,1,0,2,0,1,2,1
200500040068,5,6,15,1700,1,1,1,3,4860400,249800,2,2,0,0,0,1,0,0,1,0,1,0,1,0,0,1,1
200500040069,5,6,25,1300,1,1,1,1,4863300,249800,4,2,2,0,0,1,0,70,1,0,1,0,1,0,1,0,1
200500040070,5,6,15,1845,1,1,1,7,4464500,-83800,1,1,0,0,0,1,200,72,1,0,3,0,0,0,0,2,1
200500040072,5,6,26,730,1,1,1,6,4450600,155400,3,2,0,0,1,2,0,60,1,0,3,0,1,0,1,1,1
200500040082,5,6,13,2245,3,1,1,7,4203000,875000,3,2,2,0,1,3,0,63,1,0,3,0,1,0,1,0,1
200500040083,5,6,17,830,1,7,1,3,4526400,577700,3,2,0,0,2,3,0,65,1,0,0,3,1,0,0,1,1
200500040085,5,6,5,900,1,1,1,3,4268700,280100,3,2,0,0,1,1,0,70,1,0,1,0,1,0,1,0,1
200500040086,5,6,29,2100,2,6,1,3,4265700,283400,3,2,2,0,1,0,10,60,1,5,1,3,1,0,1,0,1
200500040095,5,6,10,500,3,1,1,1,4641700,-13100,1,3,2,0,1,1,50,100,1,0,1,0,2,0,2,0,1
200500040100,5,6,12,1730,1,1,1,6,4519300,-49000,1,1,0,0,1,2,20,25,1,0,0,0,0,0,0,2,1
200500040101,5,6,8,1945,1,1,1,3,4855100,-296400,3,2,1,0,1,0,0,55,1,5,1,0,1,0,2,0,1
200500040102,5,6,24,1845,1,1,2,3,4852600,-296200,3,2,1,0,1,1,0,75,2,0,1,0,0,0,1,1,1
200500040105,5,6,12,2315,3,1,1,6,4551700,427100,4,2,2,0,2,2,0,42,1,0,1,0,2,1,0,1,1
200500040107,5,6,25,1530,1,1,1,6,4550700,425500,4,2,2,0,1,1,0,57,1,0,1,0,0,1,1,0,1
200500040110,5,6,19,1700,1,1,1,6,4920400,401400,2,2,2,0,1,1,0,0,1,0,1,0,0,0,1,0,1
200500040111,5,6,25,2015,1,1,1,5,4915900,401300,2,2,2,0,1,3,0,75,1,0,1,0,0,1,0,2,1
200500040112,5,6,26,1930,1,1,1,6,4916300,409400,3,2,2,0,2,3,0,75,1,0,1,0,0,0,1,0,1
200500040113,5,6,30,1630,1,1,1,5,4914900,409900,3,2,0,0,2,2,0,75,0,0,1,0,2,0,1,0,1
200500040114,5,6,20,1030,1,1,1,3,4805100,497700,1,0,0,0,1,1,20,70,1,0,1,0,1,1,0,1,1
200500040115,5,6,1,1645,1,1,1,3,4849900,-279500,3,2,2,0,1,1,0,70,1,0,1,0,1,0,1,0,1
200500040116,5,6,3,1615,1,9,2,4,5072200,217300,1,1,0,0,1,1,0,0,2,0,1,0,3,0,0,3,1
200500040117,5,6,14,1330,1,1,1,6,5071500,219300,1,3,2,0,1,1,20,70,1,0,1,0,0,0,0,1,1
200500040118,5,6,21,1500,1,1,1,7,4352000,131800,4,2,0,0,0,2,40,0,1,5,1,0,0,0,0,1,1
200500040124,5,6,3,930,1,1,1,1,4592700,609000,2,2,2,1,1,1,0,102,1,0,5,0,1,0,2,0,1
200500040126,5,6,27,2030,1,1,1,1,4886700,198700,3,2,0,0,0,1,0,80,1,0,1,0,0,0,1,1,1
200500040128,5,6,6,1600,1,1,1,1,4276700,185300,2,2,2,0,2,2,0,0,1,0,1,0,1,0,1,0,1
200500040129,5,6,15,1945,1,1,3,7,4981300,150900,1,3,2,0,1,1,15,105,2,0,2,0,0,2,0,0,1
200500040130,5,6,13,930,1,1,1,7,4815700,-169600,2,1,3,0,2,3,0,50,1,3,1,0,0,0,1,0,1
200500040131,5,6,13,1730,1,2,1,3,4813400,-180900,3,2,2,0,1,1,0,60,1,5,1,0,1,0,1,0,1
200500040132,5,6,1,1515,1,6,1,3,4763600,-266100,3,2,0,0,1,4,0,80,1,5,1,0,1,0,0,2,1
200500040133,5,6,8,1500,1,1,1,5,4753100,-279500,3,2,0,0,3,1,0,74,1,0,1,0,2,0,1,1,1
200500040134,5,6,16,1600,1,2,1,3,4756000,-270100,3,2,2,0,4,1,0,68,1,0,1,0,1,0,0,1,1
200500040136,5,6,20,1330,1,1,7,1,4562200,514700,3,2,0,0,1,1,0,109,1,5,1,0,1,0,1,1,1
200500040137,5,6,4,515,2,1,1,7,4714200,218700,1,3,2,0,1,1,25,95,1,0,3,0,0,0,1,0,1
200500040141,5,6,24,1430,1,1,1,7,4706500,230000,1,3,4,0,1,1,25,95,1,0,1,0,0,1,0,1,1
200500040143,5,6,18,415,3,1,1,6,4852300,-263900,4,2,0,0,4,2,0,76,1,0,3,0,0,2,1,1,1
200500040144,5,6,20,1230,1,1,1,3,4350500,378600,3,3,2,0,1,1,0,0,1,5,1,0,0,0,0,2,1
200500040145,5,6,10,1215,1,1,1,1,4931900,-46000,3,2,0,0,3,4,0,56,1,0,1,0,2,0,1,0,1
200500040147,5,6,27,1700,1,1,1,7,4927800,-58000,3,2,0,0,1,3,0,40,1,0,1,0,0,0,1,0,1
200500040148,5,6,9,2000,1,1,1,6,4358700,512500,3,0,0,0,2,0,0,0,0,0,3,0,0,0,1,0,1
200500040150,5,6,3,1645,1,1,1,1,4863900,771700,4,2,2,0,1,0,0,77,1,0,1,0,1,0,0,1,1
200500040151,5,6,24,1400,1,1,1,7,4861100,768500,3,0,2,1,1,1,0,60,1,0,1,3,0,0,0,1,1
200500040153,5,6,24,1215,1,1,1,1,4313100,31600,1,1,3,3,2,1,20,109,1,0,1,0,2,0,0,1,1
200500040155,5,6,5,830,1,1,1,6,4640600,271300,1,0,2,0,1,1,16,100,1,0,3,0,1,0,0,1,1
200500040156,5,6,26,445,3,1,1,6,4636200,279900,1,3,0,0,1,1,16,100,1,0,1,0,1,1,0,0,1
200500040157,5,6,20,1730,1,1,1,6,4725500,523700,1,3,0,0,1,1,10,70,1,2,3,0,0,0,1,0,1
200500040168,5,6,5,1445,1,1,1,7,4858500,274000,1,3,3,0,1,1,30,135,1,0,1,0,0,1,1,0,1
200500040169,5,6,9,545,1,1,1,7,4853600,280800,1,3,3,0,1,1,30,135,1,0,2,0,0,0,1,1,1
200500040173,5,6,10,1445,1,1,1,6,4825400,327200,1,1,2,0,1,1,10,68,1,0,2,0,2,0,0,1,1
200500040180,5,6,24,1945,1,1,3,6,4310200,56400,1,3,2,0,1,1,0,70,2,0,2,0,0,0,0,1,1
200500040181,5,6,8,750,1,1,1,1,4616500,641100,3,2,2,0,2,1,0,65,1,0,1,0,1,0,1,0,1
200500040185,5,6,26,1845,1,1,1,6,4616600,638900,4,0,2,0,2,0,0,60,1,0,3,0,2,0,3,0,1
200500040191,5,6,20,815,1,1,1,2,4657500,150100,1,3,2,0,1,1,15,70,1,0,1,0,4,0,4,3,1
200500040193,5,6,12,1845,1,1,1,7,4356700,346700,1,3,2,0,1,2,29,73,1,0,1,0,0,0,1,1,1
200500040194,5,6,12,2245,3,1,1,6,4364300,374900,2,3,2,0,1,2,20,70,1,0,1,0,3,0,0,1,1
200500040198,5,6,8,1630,2,1,1,6,4873500,200300,3,0,2,0,0,2,0,75,1,0,3,0,0,0,0,1,1
200500040201,5,6,7,1015,1,1,1,6,4457000,150800,1,3,0,0,1,1,0,72,1,0,1,0,0,0,1,0,1
200500040202,5,6,7,1230,1,1,1,1,4782800,725100,3,2,0,0,1,1,0,60,1,2,1,0,0,0,1,1,1
200500040203,5,6,29,1600,1,6,1,3,4781400,724100,3,2,0,0,1,1,0,80,1,5,1,0,1,0,1,0,1
200500040205,5,6,5,315,3,1,1,6,4374100,447000,3,2,2,0,1,2,0,70,1,0,3,0,0,1,0,0,1
200500040207,5,6,15,1030,1,9,1,3,4369200,460700,2,2,0,0,1,1,0,72,1,0,1,0,1,0,1,0,1
200500040208,5,6,26,1845,1,1,1,3,4369800,461100,4,2,0,0,1,1,0,76,1,0,1,0,1,2,0,0,1
200500040210,5,6,19,300,3,1,1,7,4949700,435300,2,3,2,0,1,1,20,70,1,0,1,0,0,0,0,1,1
200500040211,5,6,18,800,1,1,1,7,4386300,484300,3,2,0,0,1,1,0,31,1,0,1,0,0,0,1,0,1
200500040212,5,6,24,1845,1,1,1,3,4385300,477100,3,2,0,0,1,1,0,80,0,5,1,0,2,0,0,1,1
200500040214,5,6,28,1730,1,1,1,7,4382900,483000,3,2,0,0,1,2,0,35,1,0,3,0,0,1,0,0,1
200500040215,5,6,5,2230,4,1,1,2,4353900,393900,3,0,0,0,1,2,0,80,1,0,1,0,1,0,0,1,1
200500040216,5,6,10,1500,1,1,1,2,4356100,403400,3,2,0,0,1,1,0,60,1,0,1,0,1,0,1,0,1
200500040221,5,6,14,2245,5,1,1,3,4949800,114700,3,2,2,0,1,1,0,71,1,5,1,0,1,0,1,0,1
200500040226,5,6,10,800,1,1,7,3,4728100,592100,4,2,0,0,1,1,60,0,1,0,1,0,1,0,1,0,1
200500040227,5,6,15,1630,1,1,1,6,4905800,201200,2,3,4,0,1,2,10,200,1,0,0,0,0,0,0,1,1
200500040228,5,6,28,1330,1,2,1,4,4903700,202100,4,2,2,0,1,1,0,80,1,0,1,0,2,0,0,1,1
200500040229,5,6,16,1730,1,9,1,6,4914400,224700,6,0,0,0,0,1,0,0,1,0,0,0,1,0,0,1,1
200500040234,5,6,26,1400,1,1,1,2,4925200,-69200,2,3,4,0,2,2,23,140,1,0,1,0,1,0,1,1,1
200500040235,5,6,2,2130,4,6,1,6,5079700,220000,3,2,2,0,1,1,0,50,1,0,3,0,2,0,3,0,1
200500040236,5,6,18,1430,1,1,1,2,5070200,224300,9,2,0,0,1,1,0,0,1,0,1,0,1,0,2,0,1
200500040498,5,7,8,845,1,1,2,1,5058100,290300,3,2,2,0,1,3,0,62,2,0,1,0,0,0,1,2,1
200500040499,5,7,9,915,1,1,1,7,5059100,285000,3,2,0,0,1,1,0,48,1,0,3,0,0,0,0,1,1
200500040500,5,7,25,1700,1,8,1,3,5055200,287700,4,2,0,0,1,1,0,64,1,4,1,0,1,1,0,0,1
200500040506,5,7,17,500,2,1,1,7,5094500,215200,3,2,2,0,1,2,0,50,1,0,3,0,1,0,1,0,1
200500040510,5,7,30,2000,1,1,1,3,5073400,242200,2,2,2,0,1,2,0,70,1,0,1,0,2,0,0,2,1
200500040513,5,7,29,1215,1,8,1,2,5068700,286300,3,2,2,0,1,1,0,79,1,4,1,0,1,0,1,0,1
200500040515,5,7,13,1845,1,1,1,6,5061800,318900,4,2,0,0,1,1,0,0,1,0,1,0,1,0,1,0,1
200500040516,5,7,8,1230,1,1,3,1,5056500,321200,3,2,2,0,1,1,0,0,2,0,1,0,0,0,2,0,1
200500040517,5,7,9,2130,3,1,1,6,5047300,352500,5,2,0,0,1,2,0,30,1,0,3,0,0,0,1,1,1
200500040518,5,7,16,1400,1,1,1,1,5048500,345500,4,2,1,0,1,1,0,0,1,0,1,0,3,0,1,0,1
200500040519,5,7,20,1915,1,1,1,1,5014100,398000,4,2,2,0,1,1,0,33,2,0,1,0,1,0,2,0,1
200500040521,5,7,3,2200,2,1,1,6,5008200,393000,2,2,2,0,3,1,0,73,1,0,1,0,1,1,0,2,1
200500040533,5,7,30,1900,1,1,1,6,5048200,325500,3,2,2,0,1,2,0,62,1,0,4,0,0,1,1,0,1
200500040534,5,7,9,1745,1,1,1,6,5024000,359500,3,2,2,0,2,1,0,58,1,0,1,0,1,0,1,0,1
200500040535,5,7,1,2130,1,1,1,1,5025700,409200,3,2,2,0,1,1,0,680,1,0,1,0,1,0,1,0,1
200500040538,5,7,26,1630,1,1,2,3,5021400,275800,3,2,2,0,1,1,0,105,1,0,1,0,1,0,0,1,1
200500040540,5,7,29,2330,3,1,1,6,5016200,247900,3,2,2,0,2,2,0,70,9,0,3,0,0,1,0,1,1
200500040541,5,7,30,1900,1,2,1,3,5019500,256600,3,2,2,0,1,1,0,65,1,5,1,0,1,0,1,0,1
200500040542,5,7,3,1530,1,9,1,3,5024200,291600,3,2,2,0,1,1,0,63,1,0,1,0,1,0,1,0,1
200500040543,5,7,1,2215,3,1,2,6,5064600,283300,3,2,0,0,1,2,0,65,2,0,3,0,0,0,1,0,1
200500040544,5,7,30,1945,1,1,1,6,5056400,273100,3,2,2,0,1,3,0,0,1,0,3,0,0,2,2,0,1
200500040549,5,7,16,1530,1,1,1,1,5081500,160900,3,2,2,0,1,1,0,41,1,0,1,0,1,0,1,0,1
200500040550,5,7,27,1015,1,1,8,6,5081100,173400,3,2,2,0,1,1,0,65,1,0,1,0,1,1,0,0,1
200500040551,5,7,23,2330,3,3,1,3,5050200,181800,3,2,2,0,1,1,0,45,1,0,1,0,2,0,2,0,1
200500040555,5,7,19,1140,1,1,1,6,5051500,164400,2,2,2,0,1,2,0,0,1,0,1,0,0,0,2,0,1
200500040556,5,7,27,1730,1,1,1,6,5051900,165100,3,2,2,0,2,4,0,70,1,0,1,0,0,0,1,0,1
200500040557,5,7,19,1530,1,1,1,1,5050100,218300,4,2,2,0,1,3,0,39,1,0,1,0,1,0,1,0,1
200500040558,5,7,13,15,3,1,1,7,5037300,195500,2,2,2,0,1,1,0,72,1,0,1,0,1,0,1,0,1
200500040564,5,7,25,430,3,1,1,6,5062100,212600,3,2,0,0,0,1,0,72,2,0,1,0,0,0,1,1,1
200500040569,5,7,26,230,3,1,1,6,5039600,221500,2,2,2,0,1,1,32,70,1,0,1,0,1,1,0,0,1
200500040570,5,7,1,1410,1,1,2,3,5036800,265400,3,2,2,0,1,1,0,65,2,0,1,0,2,0,1,0,1
200500040572,5,7,15,1930,1,1,1,3,5022800,210100,3,3,2,0,1,2,35,100,1,5,1,0,0,0,4,0,1
200500040573,5,7,29,1900,1,1,1,1,5025200,252800,3,2,2,0,1,1,0,51,1,0,1,0,0,0,0,2,1
200500040574,5,7,14,330,3,1,5,7,5034000,213000,3,2,0,0,1,1,0,67,1,0,1,0,1,0,0,4,1
200500040575,5,7,18,30,3,1,1,1,5042500,205600,3,1,0,0,1,2,0,78,1,0,3,0,1,0,0,3,1
200500040584,5,7,6,1915,1,1,1,6,5006200,167300,3,0,0,0,0,1,0,65,1,0,1,0,1,0,1,0,1
200500040593,5,7,21,730,1,1,1,6,5033500,175000,2,2,0,0,2,1,0,77,1,0,3,0,0,1,0,0,1
200500040602,5,7,17,1900,1,8,1,3,4982000,247000,9,0,0,0,0,0,0,0,0,4,0,0,1,1,0,0,1
200500040608,5,7,18,930,1,1,1,6,5001100,265100,3,2,2,0,1,1,0,68,1,0,1,0,1,0,0,1,1
200500040613,5,7,1,2330,3,1,1,6,4972900,358200,3,2,2,0,2,3,0,63,2,0,3,0,0,0,1,0,1
200500040621,5,7,22,1445,1,1,1,6,4952600,337600,3,2,2,0,2,2,0,54,1,0,1,0,0,0,1,0,1
200500040623,5,7,2,1745,1,2,1,3,4957500,389600,3,2,2,0,1,1,0,71,1,0,1,0,1,0,1,0,1
200500040628,5,7,11,1345,1,1,1,1,4919900,315400,3,2,2,0,1,3,0,48,1,0,1,0,1,0,0,1,1
200500040630,5,7,3,2245,5,1,1,6,4978500,321500,3,2,1,0,1,1,0,59,1,0,4,0,0,1,0,0,1
200500040633,5,7,25,400,3,1,8,6,4988100,342600,3,2,2,0,1,1,0,57,2,0,1,0,0,0,1,0,1
200500040634,5,7,13,1015,1,1,1,1,4976900,333700,2,1,2,0,1,1,50,70,1,0,3,0,1,0,1,0,1
200500040638,5,7,13,745,2,1,1,1,4925300,309500,4,2,2,0,1,1,0,66,1,0,1,0,1,0,0,1,1
200500040639,5,7,23,645,3,1,1,6,4929400,317100,2,3,2,0,1,1,20,0,1,0,3,0,0,0,0,1,1
200500040641,5,7,17,1030,1,1,1,1,5002100,378500,3,2,2,0,1,1,0,52,1,0,1,0,2,1,0,0,1
200500040643,5,7,9,1815,1,1,1,3,4987600,401500,3,2,0,0,1,1,0,0,1,0,1,0,1,0,1,0,1
200500040644,5,7,30,1645,1,1,1,7,4995200,414300,3,2,2,0,1,1,0,67,2,0,3,0,1,0,2,0,1
200500040649,5,7,1,1430,1,1,1,6,4919100,183100,3,2,2,0,0,3,0,60,2,0,1,0,0,0,0,1,1
200500040650,5,7,2,1045,1,2,1,3,4922700,191500,3,2,2,0,1,1,0,57,1,0,1,0,3,0,1,1,1
200500040652,5,7,13,200,3,2,1,3,4923100,182900,3,2,2,0,1,1,0,75,1,0,1,0,1,0,1,0,1
200500040653,5,7,18,1430,1,1,1,1,4931800,177500,3,2,2,0,1,1,70,0,1,0,1,0,1,0,0,1,1
200500040654,5,7,18,1515,1,1,1,1,4920700,201100,3,2,1,0,0,0,0,0,1,0,1,0,1,0,1,0,1
200500040659,5,7,5,1045,1,1,1,3,4963500,241200,3,2,2,0,1,1,0,0,1,5,1,0,1,0,1,0,1
200500040660,5,7,22,1500,1,1,1,2,4963300,238000,3,2,2,0,2,3,0,67,1,0,1,0,1,0,1,0,1
200500040661,5,7,30,1715,1,1,1,2,4956700,238300,3,2,2,0,0,1,0,52,1,0,1,0,0,1,0,1,1
200500040662,5,7,30,845,1,1,1,2,4963400,228300,3,2,2,0,2,1,0,73,1,0,1,0,1,0,1,0,1
200500040666,5,7,5,1745,1,1,1,3,4946000,258400,3,2,2,0,4,1,0,69,1,0,1,0,0,0,0,2,1
200500040667,5,7,14,1800,1,1,1,1,4947800,284200,4,2,2,0,1,3,0,70,1,0,3,0,1,0,1,1,1
200500040668,5,7,16,1200,1,1,1,6,4941800,265400,3,1,0,0,1,1,0,60,1,0,1,0,0,0,1,0,1
200500040669,5,7,18,815,1,6,8,7,4954900,270500,2,1,0,0,0,4,0,60,2,0,1,0,1,0,1,0,1
200500040670,5,7,12,2100,1,1,1,6,4957000,287600,3,2,2,0,1,1,0,51,1,0,1,0,0,0,1,0,1
200500040672,5,7,29,2215,3,1,2,1,4912300,298500,4,2,0,0,4,1,50,50,2,0,1,0,0,0,0,3,1
200500040677,5,7,10,1415,1,1,1,7,4930300,292100,3,2,2,0,4,1,7,56,1,0,1,0,0,0,0,1,1
200500040686,5,7,15,115,5,1,1,6,4981800,117400,3,2,2,0,1,4,60,0,1,0,4,0,2,0,0,3,1
200500040687,5,7,27,945,1,1,1,1,4982000,86200,3,2,2,0,2,3,0,58,2,0,3,0,0,0,0,2,1
200500040688,5,7,29,1030,1,1,1,6,4978800,123000,3,2,2,0,1,1,0,65,1,6,1,0,1,0,1,0,1
200500040691,5,7,19,1815,1,1,1,1,4952200,74500,3,2,4,0,1,1,0,0,1,7,1,0,1,0,1,0,1
200500040694,5,7,5,1515,1,1,1,1,4961400,41100,3,2,2,0,2,1,0,67,1,0,1,0,0,0,3,0,1
200500040695,5,7,8,945,1,1,1,2,4960900,33600,3,2,2,0,1,1,0,56,1,0,1,0,1,0,1,0,1
200500040697,5,7,25,1630,1,1,1,6,4964100,18600,3,2,2,0,1,4,0,62,1,0,3,0,0,0,1,0,1
200500040701,5,7,2,1700,1,1,1,3,4952500,31100,2,2,2,0,1,3,0,0,1,0,1,0,2,0,1,0,1
200500040705,5,7,30,530,3,1,1,6,4949000,44000,3,2,2,0,1,1,0,70,1,0,3,0,0,0,0,1,1
200500040709,5,7,3,2115,1,1,1,6,4953000,93000,3,2,2,0,0,2,0,60,1,0,4,0,0,0,1,0,1
200500040710,5,7,14,1745,1,1,1,1,4957000,95000,3,2,0,0,1,0,0,120,1,5,1,0,1,0,0,1,1
200500040711,5,7,16,1400,1,1,1,2,4982900,55300,3,2,0,0,1,1,0,56,1,0,1,0,1,0,0,1,1
200500040716,5,7,13,2045,1,2,1,3,4906900,103000,2,2,1,0,1,1,0,115,1,0,1,0,1,0,1,0,1
200500040721,5,7,5,515,2,1,1,7,4888900,120000,2,3,2,3,0,1,0,70,1,0,1,3,0,1,0,0,1
200500040723,5,7,25,1815,1,1,2,6,4890600,127900,4,2,2,0,1,1,0,55,2,0,1,0,2,0,1,0,1
200500040725,5,7,6,1600,1,1,1,5,4894300,146800,3,2,2,0,1,1,0,60,0,0,1,0,1,3,1,1,1
200500040728,5,7,3,1330,1,1,1,6,4875000,92900,3,2,2,0,1,1,0,95,1,0,3,0,0,1,0,0,1
200500040729,5,7,15,1200,1,1,1,7,4872600,92700,3,2,2,0,1,1,0,64,1,0,1,0,0,1,0,0,1
200500040730,5,7,31,600,2,1,1,1,4874700,97000,2,2,4,0,0,3,0,140,1,0,1,0,0,3,3,0,1
200500040735,5,7,28,1530,1,1,8,1,4909200,157700,3,0,0,0,0,0,47,37,0,0,0,0,0,0,1,1,1
200500040736,5,7,8,145,3,1,2,1,4935800,133900,3,2,2,0,1,2,0,62,2,0,1,0,1,0,0,1,1
200500040739,5,7,14,1400,1,1,1,3,4905000,56600,2,2,2,0,1,1,0,70,1,0,1,0,1,0,0,1,1
200500040740,5,7,23,1330,1,1,1,6,4906900,57600,2,2,2,0,1,1,0,74,1,0,1,0,1,0,1,0,1
200500040742,5,7,26,1545,1,1,2,4,4904000,55000,2,2,2,0,1,1,0,77,2,5,1,0,3,0,0,2,1
200500040746,5,7,31,830,3,1,8,2,4916900,132000,2,2,2,0,4,1,0,0,1,0,1,0,1,0,1,0,1
200500040747,5,7,1,1800,1,1,1,3,4929000,115700,2,2,3,0,1,1,0,105,2,0,1,0,1,0,0,1,1
200500040748,5,7,4,1530,1,1,1,6,4930700,115800,3,2,0,0,1,1,0,69,1,0,1,0,1,0,1,0,1
200500040749,5,7,11,1830,1,1,1,3,4924600,110900,3,2,0,0,1,1,0,0,1,0,1,0,2,0,1,0,1
200500040750,5,7,22,1245,1,1,1,3,4932400,114100,4,2,1,0,1,0,0,57,1,0,1,0,1,0,1,0,1
200500040753,5,7,11,2015,1,1,1,6,4937300,37900,3,2,2,0,2,2,0,73,1,0,1,0,0,0,1,0,1
200500040755,5,7,3,100,3,1,1,6,4930700,94700,4,2,2,0,1,1,0,50,1,0,3,0,0,0,1,1,1
200500040756,5,7,13,1845,1,1,1,2,4935500,63900,3,2,2,0,1,1,0,71,1,0,1,0,1,0,1,0,1
200500040757,5,7,20,1045,1,1,1,3,4935300,91100,3,2,2,0,1,1,0,46,1,0,1,0,1,0,1,0,1
200500040758,5,7,27,830,1,1,2,6,4938400,73400,4,2,2,0,0,0,0,0,2,0,0,0,1,0,1,0,1
200500040762,5,7,12,1700,1,1,1,3,4816600,-205200,3,2,2,0,1,1,0,61,1,5,1,0,1,1,1,0,1
200500040763,5,7,15,1830,1,1,1,6,4827500,-185400,3,2,2,0,1,1,0,95,1,0,1,0,1,0,1,0,1
200500040764,5,7,24,2330,3,1,1,7,4820100,-189400,4,2,0,0,0,0,0,0,1,0,0,0,1,0,1,0,1
200500040768,5,7,31,1215,1,1,1,2,4802400,-205700,2,3,0,0,1,1,0,70,1,0,1,0,1,0,3,0,1
200500040770,5,7,16,915,1,1,1,1,4831300,-146800,3,2,2,0,1,2,60,0,1,0,1,0,0,0,3,0,1
200500040773,5,7,2,2330,3,1,1,7,4785500,-172200,3,2,2,0,1,3,0,60,1,0,3,0,1,0,0,2,1
200500040774,5,7,7,1830,1,1,1,1,4784300,-168800,4,2,0,0,1,3,0,82,1,0,1,0,1,0,1,0,1
200500040776,5,7,1,2030,1,3,1,3,4797600,-180900,3,2,0,3,1,1,0,106,1,0,1,0,1,0,1,0,1
200500040777,5,7,2,500,3,1,1,6,4776900,-210300,4,2,0,0,3,3,0,40,0,0,0,0,1,0,1,0,1
200500040778,5,7,15,945,1,2,1,3,4798800,-182800,3,2,0,0,1,1,0,60,0,5,1,0,1,1,0,0,1
200500040780,5,7,16,1930,1,1,1,3,4865300,-188000,3,2,0,0,0,1,0,0,1,0,1,0,1,0,1,0,1
200500040782,5,7,7,915,1,1,1,4,4841600,-174400,3,2,2,0,0,1,0,73,1,0,1,0,1,0,1,1,1
200500040784,5,7,16,215,3,1,1,7,4854600,-164000,3,2,0,0,2,4,0,60,1,0,3,0,2,0,0,2,1
200500040786,5,7,7,1800,1,1,1,3,4812100,-152800,4,2,0,0,0,1,0,200,1,5,1,0,1,0,0,1,1
200500040794,5,7,30,1800,1,1,1,3,4839100,-221000,3,2,2,0,2,3,0,112,1,5,1,0,2,0,1,0,1
200500040796,5,7,4,730,1,1,1,3,4835900,-223900,3,2,2,0,2,1,0,54,1,0,1,0,1,1,0,0,1
200500040798,5,7,5,1715,1,1,2,5,4855400,-233200,3,2,2,0,2,3,0,52,2,0,1,0,2,0,1,0,1
200500040800,5,7,7,1945,1,1,1,6,4822200,-229600,3,2,2,0,1,2,0,35,1,0,3,0,0,0,1,3,1
200500040801,5,7,14,730,1,1,1,6,4820300,-247400,2,2,2,0,1,1,0,72,1,0,3,0,0,0,1,0,1
200500040802,5,7,31,715,2,1,1,7,4829000,-241600,3,2,2,0,1,1,0,50,1,0,3,0,0,0,1,0,1
200500040803,5,7,17,1930,1,1,7,6,4856000,-318400,4,2,2,0,1,2,0,55,1,0,1,0,1,0,1,0,1
200500040805,5,7,23,2300,3,1,2,1,4853900,-316100,3,2,2,0,1,0,0,56,2,0,1,0,0,0,3,0,1
200500040806,5,7,24,1830,1,2,1,3,4868300,-311000,3,2,2,0,1,1,0,0,1,5,1,0,2,0,2,0,1
200500040807,5,7,26,1545,1,1,2,1,4868300,-311000,3,2,2,0,1,1,0,65,2,5,1,0,2,0,1,1,1
200500040809,5,7,8,1945,1,1,1,1,4868300,-352600,3,2,2,0,1,1,0,55,1,0,1,0,1,0,1,0,1
200500040812,5,7,27,2000,1,1,1,1,4801500,-446400,3,2,2,0,2,1,0,70,1,0,1,0,0,1,3,0,1
200500040814,5,7,5,845,1,1,2,6,4790600,-402600,3,2,2,0,0,1,0,70,2,0,0,0,1,0,1,0,1
200500040815,5,7,4,645,2,1,1,1,4790700,-404900,4,2,0,0,1,2,0,65,2,0,1,0,0,0,2,0,1
200500040816,5,7,23,2000,1,1,3,1,4791600,-406300,3,2,2,0,1,1,0,60,2,0,1,0,0,0,1,1,1
200500040817,5,7,28,1230,1,1,1,1,4792300,-396300,3,2,0,0,1,1,0,90,1,5,1,0,2,0,1,0,1