Num_Acc,an,mois,jour,hrmn,lum,int,atm,col,lat,long,catr,circ,nbv,vosp,prof,plan,lartpc,larrout,surf,infra,situ,env1,unscathed,killed,hospital,light,chance
200500040820,5,7,24,500,3,1,2,1,4789000,-418300,3,2,2,1,1,1,0,113,2,0,5,0,0,0,2,0,1
200500040821,5,7,22,1715,1,1,1,7,4844500,-441100,2,3,4,0,1,1,15,140,1,0,1,0,0,0,0,1,1
200500040827,5,7,13,1300,1,1,1,3,4825700,-408500,3,2,2,0,2,3,0,70,1,0,1,0,1,0,1,0,1
200500040828,5,7,27,745,1,1,2,6,4816200,-413600,3,2,2,0,1,1,0,60,2,0,3,0,0,1,0,0,1
200500040829,5,7,6,1815,1,1,1,6,4807900,-386700,3,2,2,0,2,1,0,50,1,0,1,0,1,0,1,0,1
200500040831,5,7,17,1745,1,1,1,6,4835000,-393500,3,2,0,0,1,1,0,0,1,0,1,0,0,0,1,0,1
200500040833,5,7,6,1840,1,6,1,3,4825200,-449000,4,2,2,0,1,1,0,80,1,0,1,0,1,0,1,0,1
200500040839,5,7,3,1415,1,2,1,3,4778400,-269200,3,2,0,0,0,1,0,70,1,0,1,0,1,0,1,0,1
200500040840,5,7,5,845,1,1,2,6,4776100,-278000,3,2,0,0,2,1,0,50,2,0,1,0,1,0,1,0,1
200500040842,5,7,7,2000,1,1,1,7,4783900,-205300,3,0,2,0,1,1,0,46,1,0,1,0,0,1,0,0,1
200500040843,5,7,14,230,4,1,1,6,4748100,-248900,4,2,2,0,1,1,50,0,1,0,4,0,0,0,6,0,1
200500040845,5,7,5,1900,1,1,8,1,4763100,-239600,4,0,2,0,2,2,0,30,2,0,1,0,1,0,2,0,1
200500040847,5,7,16,2015,1,1,1,1,4762600,-227500,4,2,2,0,2,1,0,39,1,2,1,0,1,0,1,0,1
200500040849,5,7,20,1200,1,1,1,3,4733500,-319700,3,2,0,0,1,1,0,59,1,0,1,0,2,0,1,0,1
200500040850,5,7,5,1045,1,1,1,1,4754700,-313400,3,2,2,0,1,1,0,89,1,0,1,0,0,0,1,1,1
200500040852,5,7,19,2330,3,1,1,3,4762400,-305400,3,2,2,0,0,3,0,54,1,0,1,0,1,0,2,0,1
200500040854,5,7,27,445,5,1,2,6,4757800,-307900,9,2,0,0,1,1,60,0,2,0,1,0,2,0,0,1,1
200500040855,5,7,9,1615,1,1,1,6,4778400,-338100,3,0,0,0,1,1,0,40,1,0,1,0,0,0,2,0,1
200500040857,5,7,24,1800,1,1,1,3,4767700,-319000,3,2,0,0,3,1,0,0,1,0,1,0,0,0,1,1,1
200500040858,5,7,12,2015,1,9,1,3,4794200,-245700,3,2,2,0,3,1,0,67,1,0,1,0,1,0,1,0,1
200500040859,5,7,17,1930,1,1,1,7,4802600,-233600,9,2,2,0,2,1,0,37,1,0,1,0,0,0,2,0,1
200500040860,5,7,1,1815,1,1,1,3,4786700,-245200,3,2,2,0,0,1,0,61,1,0,1,0,1,0,1,0,1
200500040861,5,7,14,1515,1,1,1,7,4806700,-220600,4,2,0,0,1,0,0,36,1,0,0,0,0,1,0,0,1
200500040863,5,7,2,1400,1,1,8,6,4777100,-249900,2,3,2,3,1,1,0,70,1,0,3,0,0,1,0,4,1
200500040864,5,7,6,2245,2,1,1,6,4791000,-219700,9,0,0,0,0,0,0,0,0,0,0,0,0,0,1,0,1
200500040865,5,7,7,2100,1,1,1,6,4791900,-218700,3,2,2,0,1,3,0,62,1,0,1,0,0,1,0,0,1
200500040867,5,7,5,900,1,2,1,3,4791400,-272300,3,2,2,0,4,1,0,58,1,0,1,3,1,0,1,0,1
200500040869,5,7,26,1600,1,2,1,1,4792100,-252400,3,2,0,0,1,1,0,64,1,0,1,0,1,0,2,0,1
200500040870,5,7,4,1545,1,2,1,3,4806300,-297100,4,2,2,0,1,3,0,74,1,5,1,0,1,0,1,1,1
200500040871,5,7,4,2200,1,1,1,6,4806200,-297500,4,2,2,0,2,3,0,64,1,0,3,0,0,0,2,0,1
200500040873,5,7,10,1000,1,1,1,6,4806800,-297000,3,2,2,0,3,1,0,80,1,0,1,0,0,0,0,1,1
200500040874,5,7,12,1145,1,1,1,6,4804700,-299800,3,2,2,0,2,1,0,60,1,0,1,0,0,1,0,1,1
200500040875,5,7,1,1330,1,1,1,1,4791100,-287600,3,2,2,0,1,2,0,0,9,0,1,0,1,0,1,1,1
200500040876,5,7,18,1,3,1,1,1,4800100,-353100,4,2,2,0,1,2,0,65,1,0,1,0,0,1,1,0,1
200500040879,5,7,13,1800,1,1,1,7,4902400,-26300,2,1,0,0,0,2,0,60,1,0,1,0,0,0,1,1,1
200500040880,5,7,14,1730,1,1,1,3,4909500,-35000,3,1,1,0,1,1,0,55,1,0,1,0,1,0,0,1,1
200500040881,5,7,15,1300,1,1,1,3,4929900,-29400,3,2,2,0,1,1,78,0,1,0,0,0,1,0,1,0,1
200500040882,5,7,4,2230,2,9,1,2,4907500,-65800,3,2,3,0,1,1,0,103,1,3,1,0,2,0,1,0,1
200500040883,5,7,6,100,1,1,1,7,4909500,-80000,3,2,2,0,1,1,0,0,1,0,1,3,0,0,1,0,1
200500040885,5,7,17,1300,1,1,1,3,4928400,-19800,3,2,2,0,1,1,0,60,1,0,1,0,4,0,1,0,1
200500040888,5,7,14,1930,1,1,1,6,4923500,-98700,3,2,0,0,1,1,60,0,1,0,1,0,1,0,1,0,1
200500040890,5,7,5,1530,1,1,8,1,4899300,-47000,3,2,2,0,2,1,0,70,1,0,1,0,1,2,0,0,1
200500040892,5,7,19,1245,1,3,1,3,4895000,-51400,3,2,0,0,1,1,0,47,1,0,1,0,1,0,1,0,1
200500040897,5,7,26,1630,1,1,2,5,4905800,35800,3,2,2,0,2,2,0,66,8,0,1,0,5,0,1,3,1
200500040898,5,7,14,1215,1,1,1,3,4929900,20000,2,2,0,0,0,1,0,74,1,0,1,0,1,0,1,0,1
200500040900,5,7,11,715,2,1,7,6,4901800,-83100,3,2,2,0,1,1,0,60,1,0,3,0,0,0,2,0,1
200500040902,5,7,11,1045,1,9,1,7,4882600,-76000,5,0,0,0,1,1,0,27,9,0,0,0,1,0,1,0,1
200500040905,5,7,27,2015,1,1,1,1,4912000,-117000,3,2,2,0,1,2,0,63,1,0,1,0,1,0,1,0,1
200500040908,5,7,21,1530,1,1,1,3,4900200,-95700,3,2,2,0,0,1,0,72,1,0,1,0,2,0,1,1,1
200500040912,5,7,25,2015,1,1,1,3,4882100,-119600,3,2,2,0,0,3,0,0,1,5,1,0,3,0,1,0,1
200500040916,5,7,29,800,1,1,1,1,4967200,-185100,3,4,3,3,1,1,0,111,1,0,1,0,0,0,3,0,1
200500040918,5,7,25,1800,1,1,1,3,4947900,-162400,3,2,2,0,1,1,0,61,1,0,1,0,2,0,1,0,1
200500040919,5,7,28,1620,1,1,1,1,4950300,-184200,3,2,2,0,1,1,0,38,1,0,1,0,0,0,2,1,1
200500040921,5,7,4,1000,1,1,8,2,4938600,-129600,2,3,4,0,2,2,23,170,2,3,1,0,1,0,1,0,1
200500040922,5,7,11,2000,1,4,1,1,4938600,-142600,3,2,2,0,1,2,0,65,1,0,1,0,1,0,0,1,1
200500040926,5,7,12,1600,1,1,1,6,4965800,-127200,3,2,2,0,1,0,0,60,1,5,1,0,0,0,1,0,1
200500040927,5,7,4,1745,1,3,1,3,4905800,-140500,3,2,2,0,3,1,72,72,1,0,1,0,0,0,1,1,1
200500040928,5,7,3,2015,1,1,1,3,4905200,-159300,4,2,0,0,1,1,0,69,1,0,1,0,4,0,1,0,1
200500040929,5,7,11,1930,1,2,1,3,4913800,-134600,3,2,2,0,1,1,0,57,1,0,1,0,0,0,2,1,1
200500040931,5,7,30,1930,1,1,1,3,4909400,-149900,3,2,2,0,1,1,50,0,1,5,1,0,3,0,1,0,1
200500040932,5,7,2,2245,3,2,1,3,4890100,-149900,3,2,0,0,1,3,0,0,1,0,1,0,0,0,1,1,1
200500040933,5,7,5,1315,1,6,1,3,4890200,-151000,3,2,2,0,2,1,0,0,1,5,1,0,2,0,2,0,1
200500040934,5,7,8,1015,1,1,1,5,4921900,-154400,3,2,0,0,0,1,0,0,1,0,1,0,4,1,0,0,1
200500040937,5,7,23,1445,1,1,2,1,4870100,-94900,3,2,2,0,4,3,0,40,2,0,1,0,17,1,0,0,1
200500040938,5,7,27,1835,1,1,1,1,4855100,-80700,2,2,2,0,1,1,0,70,1,0,1,0,0,0,1,1,1
200500040939,5,7,1,1830,1,2,2,1,4859500,-115600,2,2,2,0,1,1,0,45,2,0,1,0,1,0,1,0,1
200500040941,5,7,20,1645,1,1,1,5,4859000,-113000,2,2,2,0,2,3,0,76,1,0,1,0,3,0,1,3,1
200500040942,5,7,26,1115,1,1,3,7,4861300,-110100,3,0,0,0,0,0,0,60,0,0,0,0,0,0,1,0,1
200500040951,5,7,25,1400,1,1,1,3,4873300,16300,2,2,2,0,2,4,0,70,1,0,1,0,1,0,1,0,1
200500040952,5,7,27,1645,1,1,1,1,4873600,24200,2,2,2,0,2,4,0,70,1,0,1,0,1,1,0,0,1
200500040953,5,7,13,1630,1,1,1,3,4861400,-63700,3,2,2,0,2,1,0,93,1,0,1,0,2,0,0,1,1
200500040959,5,7,16,1430,1,3,1,1,4884600,-43900,3,2,0,0,3,1,0,90,1,0,1,0,1,0,1,0,1
200500040960,5,7,27,1515,1,1,1,3,4880200,-55300,3,2,2,0,1,1,0,94,1,0,0,0,0,0,1,1,1
200500040967,5,7,5,1945,1,1,2,7,4739300,-120000,3,4,0,0,1,0,0,59,2,0,1,0,0,2,0,0,1
200500040968,5,7,19,1600,1,6,1,6,4752700,-118500,3,4,0,0,1,0,0,0,1,0,1,0,1,0,0,1,1
200500040970,5,7,24,2000,1,1,1,2,4714400,-127500,3,2,1,0,1,0,0,57,1,0,1,0,0,0,1,1,1
200500040971,5,7,14,1400,1,1,1,1,4738000,-140200,3,2,2,0,3,2,0,65,1,0,1,0,0,2,0,0,1
200500040972,5,7,4,945,1,1,1,3,4772100,-137500,9,2,0,0,0,1,0,68,1,5,1,0,1,0,1,0,1
200500040973,5,7,19,1215,1,1,1,1,4759300,-119600,3,2,0,0,1,3,0,67,1,0,1,0,1,0,1,0,1
200500040976,5,7,3,1715,1,1,1,3,4752400,-173800,3,2,2,0,1,1,0,55,1,0,1,0,1,0,0,1,1
200500040978,5,7,22,2315,5,1,1,7,4738500,-164500,9,2,0,0,0,3,0,60,9,0,1,0,0,0,1,0,1
200500040980,5,7,27,1230,1,1,8,1,4733500,-147700,3,2,2,0,1,2,0,60,2,0,1,0,0,1,1,1,1
200500040981,5,7,30,845,1,1,1,6,4770900,-162400,3,2,1,0,0,1,0,50,1,0,1,0,0,0,1,0,1
200500040982,5,7,9,1800,1,3,1,3,4715100,-156300,3,2,2,0,3,1,0,87,1,0,1,0,1,0,0,1,1
200500040991,5,7,23,1730,1,1,1,7,4700800,-178700,9,2,2,0,1,2,52,0,1,0,1,0,0,0,2,0,1
200500040993,5,7,21,1800,1,1,1,2,4721500,-171000,4,2,2,0,2,1,0,80,1,0,1,0,1,0,1,0,1
200500040994,5,7,23,1415,1,1,1,5,4723600,-173700,3,2,0,0,1,1,0,64,1,0,1,0,3,0,0,1,1
200500041001,5,7,31,1800,1,6,1,1,4733200,-241200,3,2,0,0,1,0,0,0,1,5,1,0,2,0,0,1,1
200500041003,5,7,23,400,3,1,2,7,4737500,-212000,3,2,0,0,1,3,0,63,2,0,3,0,0,1,0,0,1
200500041005,5,7,26,1800,1,1,1,2,4734900,-206900,3,2,0,0,1,1,0,77,1,0,1,0,1,0,1,0,1
200500041006,5,7,9,1545,1,1,1,7,4730100,-183000,3,2,2,0,1,1,0,63,1,0,3,0,0,0,2,0,1
200500041007,5,7,10,1830,1,1,1,6,4732600,-172800,4,2,0,0,1,1,0,40,1,0,3,0,0,0,1,1,1
200500041008,5,7,19,1500,1,1,1,1,4730800,-166800,3,2,2,0,1,2,58,0,1,0,1,0,0,1,1,0,1
200500041009,5,7,20,1330,1,2,1,3,4747700,-26500,4,2,2,0,1,1,0,47,1,0,1,0,1,0,1,0,1
200500041010,5,7,31,1000,1,1,1,1,4740000,-52000,2,2,2,0,2,3,0,50,1,0,1,0,3,0,0,1,1
200500041011,5,7,5,1830,1,1,2,1,4736900,-83400,3,2,2,0,1,1,0,47,2,0,1,0,4,0,1,1,1
200500041012,5,7,6,1,3,1,1,3,4746300,-65500,2,3,2,0,1,1,15,70,1,5,1,0,1,0,0,1,1
200500041013,5,7,10,1030,1,1,1,5,4738100,-64900,3,2,2,0,1,1,0,60,1,0,1,0,3,0,0,1,1
200500041014,5,7,3,1815,1,1,1,2,4756000,-33000,3,2,2,0,1,1,0,75,1,0,3,0,0,0,1,1,1
200500041015,5,7,9,1230,1,1,1,3,4753800,-33100,3,2,2,0,1,1,0,63,1,0,1,0,1,0,2,0,1
200500041017,5,7,21,830,1,1,1,3,4727400,-91300,3,2,2,0,2,1,0,63,9,0,1,0,1,0,1,0,1
200500041018,5,7,25,1800,1,1,1,3,4720800,-72700,3,2,2,0,1,1,20,70,1,5,1,0,1,0,1,0,1
200500041019,5,7,5,1215,1,1,1,1,4703000,-93000,3,2,2,0,2,1,0,60,1,0,0,0,1,0,3,0,1
200500041020,5,7,11,1615,1,1,1,6,4713000,-89000,9,2,0,0,1,1,60,0,1,0,1,0,0,0,1,0,1
200500041024,5,7,19,1215,1,1,1,3,4728600,-113200,3,2,2,0,1,1,0,68,1,0,1,0,0,0,2,0,1
200500041029,5,7,21,1945,1,1,1,1,4739000,8200,3,2,2,0,1,2,0,47,1,0,1,0,1,0,1,0,1
200500041030,5,7,9,445,5,1,1,6,4718600,-50400,3,2,2,0,1,1,0,0,1,0,1,0,0,0,1,1,1
200500041032,5,7,15,1715,1,1,1,7,4718900,-21000,3,2,2,0,1,2,0,48,1,0,1,0,0,1,0,0,1
200500041033,5,7,25,1715,1,2,1,3,4721400,-51100,3,2,0,0,1,1,0,52,1,0,1,0,2,0,2,0,1
200500041035,5,7,8,715,1,1,1,1,4731500,-14100,3,2,2,0,0,2,0,65,1,0,1,0,0,1,1,0,1
200500041037,5,7,20,945,1,2,1,3,4736000,-32000,3,2,2,0,1,1,0,54,1,5,1,0,1,1,0,0,1
200500041038,5,7,22,1845,1,1,1,1,4723400,9300,4,2,2,0,1,0,0,45,1,0,1,0,7,0,0,2,1
200500041039,5,7,26,1915,1,2,1,3,4730300,4400,4,2,0,0,1,1,0,40,1,0,0,0,0,0,0,2,1
200500041040,5,7,7,1100,1,1,1,3,4722700,-6100,3,2,0,1,1,1,0,90,1,0,1,0,1,0,1,0,1
200500041043,5,7,6,245,3,1,1,6,4765200,-62900,3,2,0,0,0,1,0,60,1,0,3,0,0,0,1,0,1
200500041044,5,7,7,2145,2,1,1,6,4750700,-68800,3,2,0,0,0,3,0,50,1,0,3,0,0,0,1,0,1
200500041045,5,7,22,1730,1,1,1,6,4762700,-72000,3,2,1,0,1,1,0,69,1,0,1,0,1,0,1,0,1
200500041051,5,7,20,1,5,2,1,3,4795200,-55200,3,1,1,0,1,1,0,144,1,5,4,0,1,0,2,0,1
200500041052,5,7,4,1115,1,9,1,2,4815900,-40300,9,1,1,0,2,1,0,40,1,0,1,0,1,0,1,0,1
200500041053,5,7,10,1700,1,1,1,1,4817200,-25700,4,2,1,0,0,1,0,35,1,0,1,0,1,0,2,0,1
200500041054,5,7,7,2330,3,1,1,6,4783800,-67700,3,2,0,0,1,1,0,70,1,0,3,0,0,0,4,0,1
200500041056,5,7,8,1800,1,1,1,3,4820300,-16600,3,0,2,0,2,1,0,60,1,0,1,0,0,0,1,1,1
200500041058,5,7,21,1200,1,1,1,2,4827800,-62500,2,2,0,0,1,0,0,0,0,5,1,0,3,0,1,1,1
200500041059,5,7,20,2145,1,2,1,1,4845600,-83100,3,2,2,0,2,1,0,42,1,0,1,0,1,0,1,0,1
200500041061,5,7,26,1815,1,1,8,6,4848400,-107200,3,2,0,0,1,3,0,58,2,0,1,0,0,1,0,0,1
200500041062,5,7,1,1530,1,1,1,2,4842400,-33000,2,2,0,0,1,1,0,75,1,0,1,0,1,0,1,0,1
200500041063,5,7,27,1200,1,1,2,1,4847200,-17900,2,2,2,0,3,2,0,73,2,0,1,0,0,0,4,0,1
200500041066,5,7,9,815,1,1,2,1,4802300,34100,3,2,0,0,2,2,0,0,6,0,1,0,1,0,0,1,1
200500041068,5,7,16,1815,1,1,1,3,4806300,42100,3,2,0,0,1,1,0,60,0,0,1,0,1,0,0,1,1
200500041071,5,7,24,1800,1,2,1,3,4813500,33500,3,2,2,0,0,1,0,0,1,0,1,0,1,0,1,0,1
200500041072,5,7,23,1030,1,1,1,3,4806600,3300,3,2,0,0,0,1,0,0,1,0,1,0,1,0,1,0,1
200500041078,5,7,30,1545,1,1,2,6,4778900,-23300,3,2,3,0,1,1,0,110,2,0,3,0,1,0,2,2,1
200500041080,5,7,4,2045,1,1,1,7,4811200,53200,3,2,2,0,4,3,0,60,1,0,1,0,1,0,0,2,1
200500041082,5,7,1,2100,1,1,1,7,4841500,10600,3,2,2,0,1,2,0,60,1,0,3,0,0,1,0,0,1
200500041084,5,7,16,115,4,1,1,3,4657800,-128300,3,2,2,0,0,1,0,97,1,5,1,0,0,1,0,3,1
200500041085,5,7,6,1530,1,2,1,6,4669300,-113100,4,2,2,0,1,1,0,51,1,0,0,0,0,0,1,0,1
200500041092,5,7,29,2045,3,2,1,1,4706900,-125400,3,2,0,0,1,1,0,57,1,0,1,0,2,0,2,0,1
200500041094,5,7,14,1730,1,1,1,1,4665100,-153100,2,2,2,0,1,1,0,73,1,0,1,0,1,0,1,1,1
200500041095,5,7,16,1130,1,1,1,3,4668100,-154100,4,2,0,0,1,2,0,35,1,0,1,0,1,0,0,1,1
200500041099,5,7,16,1645,1,1,1,5,4647300,-116900,9,0,0,0,0,1,0,70,1,0,1,0,2,0,1,0,1
200500041100,5,7,21,1900,1,2,1,3,4647000,-115000,4,2,2,0,1,1,0,40,1,0,1,0,0,0,2,0,1
200500041101,5,7,22,930,1,1,1,1,4655000,-106000,2,2,2,0,1,1,0,70,1,0,1,0,2,0,2,0,1
200500041102,5,7,25,2000,1,1,1,6,4646000,-116000,3,2,0,0,1,1,0,60,1,0,1,0,0,0,1,0,1
200500041103,5,7,30,1630,1,1,1,1,4636000,-98000,2,2,2,0,1,1,0,73,1,0,1,0,2,0,1,1,1
200500041104,5,7,30,1745,1,1,1,1,4633000,-94000,4,0,2,0,1,1,0,60,0,0,1,0,1,0,1,0,1
200500041105,5,7,31,1315,1,1,1,2,4644000,-114000,3,2,2,0,1,1,0,60,1,0,1,0,1,1,1,0,1
200500041106,5,7,5,945,1,1,1,1,4638800,-57400,3,2,2,0,1,3,0,66,1,0,1,0,3,0,0,2,1
200500041108,5,7,2,645,1,1,1,1,4682500,-164900,3,2,2,0,1,1,0,54,1,0,1,0,0,0,4,1,1
200500041109,5,7,8,45,3,1,1,7,4675500,-174000,3,2,2,0,1,3,0,60,1,0,3,0,0,1,0,0,1
200500041124,5,7,9,1515,1,2,1,3,4635000,-144500,9,2,2,0,1,1,0,66,1,0,1,0,1,0,0,1,1
200500041128,5,7,15,1730,1,3,1,3,4478800,-115300,3,2,2,0,1,1,0,80,1,5,1,0,0,0,0,3,1
200500041129,5,7,29,1100,1,9,2,3,4477700,-111700,3,2,2,0,1,1,60,80,2,0,1,0,0,0,3,0,1
200500041131,5,7,20,1915,1,1,1,1,4481600,-74900,3,2,0,0,1,1,0,60,1,0,1,0,0,0,0,2,1
200500041134,5,7,14,145,3,1,1,6,4517500,-59400,2,2,2,0,0,1,0,70,1,0,1,0,0,0,3,0,1
200500041135,5,7,19,1015,1,2,1,3,4518700,-59000,4,2,0,0,1,1,0,36,1,0,1,0,3,0,1,0,1
200500041137,5,7,2,1600,1,1,1,3,4493600,-50900,4,2,2,0,1,1,0,60,1,0,1,0,1,0,1,0,1
200500041146,5,7,12,745,2,1,7,6,4463400,-33800,3,2,2,0,2,0,0,0,1,0,1,3,1,0,0,1,1
200500041147,5,7,21,2115,1,1,1,1,4470100,-41400,3,2,2,0,1,1,0,70,1,0,1,0,0,0,2,0,1
200500041151,5,7,23,1915,1,1,1,2,4452000,-21000,3,2,2,0,3,1,0,60,1,0,1,0,2,0,1,0,1
200500041152,5,7,30,1845,1,1,1,3,4455000,-29000,3,2,2,0,1,1,0,50,1,5,1,0,1,0,1,0,1
200500041153,5,7,24,1800,1,2,1,3,4437800,-18000,3,2,2,0,1,1,0,50,1,0,1,0,3,0,4,1,1
200500041154,5,7,18,1330,1,1,1,7,4470000,-13100,3,0,0,0,3,2,0,61,1,0,1,0,0,0,1,0,1
200500041155,5,7,18,2000,1,4,1,3,4475700,-21500,3,2,0,0,1,1,0,45,1,0,1,0,1,0,1,1,1
200500041156,5,7,24,1530,1,1,1,6,4469500,-8700,3,1,1,0,2,1,0,76,1,0,1,0,2,0,1,0,1
200500041159,5,7,26,245,3,1,1,7,4504700,-88000,3,2,0,0,1,0,0,0,1,0,0,0,0,0,1,1,1
200500041160,5,7,27,1815,1,3,1,3,4501000,-61900,4,2,2,0,1,1,0,62,1,0,1,0,0,0,0,3,1
200500041161,5,7,30,815,1,9,1,6,4506000,-69800,3,2,2,0,0,1,0,0,0,0,1,0,0,0,1,0,1
200500041164,5,7,14,1630,1,1,1,5,4549000,-109000,2,2,2,0,3,3,0,78,1,2,1,0,0,1,0,3,1
200500041166,5,7,22,1345,1,1,1,6,4557000,-106000,2,2,0,0,1,1,0,60,1,0,1,0,1,0,1,0,1
200500041167,5,7,9,1645,1,1,1,7,4487600,-24000,3,2,2,0,0,1,0,40,1,0,1,0,0,0,0,1,1
200500041172,5,7,10,1845,1,1,1,4,4478100,24200,3,2,2,0,3,1,0,64,1,0,1,0,6,1,2,0,1
200500041173,5,7,5,1330,1,2,1,3,4496000,-18300,2,2,2,3,2,1,0,110,1,0,1,0,1,0,1,0,1
200500041174,5,7,13,1900,1,1,1,4,4502600,70900,3,2,0,0,1,1,0,59,1,0,1,0,5,0,1,0,1
200500041178,5,7,1,2000,1,1,1,5,4526900,113000,3,2,2,0,2,1,0,77,1,0,1,0,2,0,1,0,1
200500041179,5,7,19,1000,1,1,1,6,4522800,94800,3,2,2,0,1,4,0,60,1,0,1,0,1,0,0,2,1
200500041180,5,7,24,1815,1,1,1,1,4522300,91900,3,2,0,0,0,2,0,50,1,0,1,0,1,0,1,0,1
200500041186,5,7,18,1015,1,1,1,6,4545400,72000,3,2,2,0,1,1,0,50,1,0,3,0,0,0,1,0,1
200500041188,5,7,16,1500,1,1,1,1,4540700,91600,2,3,2,0,2,1,0,104,1,0,1,0,1,0,1,0,1
200500041189,5,7,31,1930,1,1,1,6,4538400,94700,4,2,2,0,2,4,0,48,1,0,3,0,0,1,0,0,1
200500041201,5,7,1,630,2,1,1,7,4481600,124500,3,2,0,0,1,2,0,0,1,0,3,0,0,0,1,0,1
200500041202,5,7,13,2115,1,9,1,6,4463400,107700,4,2,2,0,1,1,0,40,1,0,1,0,1,0,1,0,1
200500041206,5,7,29,515,3,1,1,6,4513600,128500,2,2,2,0,0,1,0,71,2,0,3,0,0,0,5,0,1
200500041207,5,7,5,845,1,1,1,7,4384000,-37100,3,2,2,0,1,1,0,66,1,0,3,0,0,0,0,2,1
200500041209,5,7,18,245,3,1,1,6,4382900,-34000,3,2,2,0,3,1,0,61,1,0,3,0,0,0,2,0,1
200500041210,5,7,20,1045,1,1,1,6,4377100,-42200,3,2,2,0,4,2,0,60,1,0,4,0,0,0,0,1,1
200500041211,5,7,24,915,1,1,1,6,4404900,-53600,3,2,0,0,0,1,0,0,1,0,1,0,0,0,1,0,1
200500041213,5,7,6,2100,2,1,1,1,4383600,-65500,4,2,2,0,1,3,0,33,1,0,1,0,0,0,2,2,1
200500041214,5,7,8,1715,1,1,1,6,4371000,-78800,3,2,2,0,0,3,0,47,1,0,3,0,0,0,1,0,1
200500041215,5,7,9,2030,1,1,1,1,4385100,-80200,3,2,2,0,3,3,0,70,1,0,1,0,1,0,1,0,1
200500041217,5,7,8,1345,1,1,1,6,4366300,-110000,3,2,2,0,1,1,0,60,2,0,3,0,0,0,2,0,1
200500041218,5,7,9,1200,1,2,1,3,4370700,-102800,3,2,2,0,1,1,0,60,1,0,1,0,1,0,0,1,1
200500041224,5,7,20,1130,1,1,1,1,4387700,-128700,3,2,0,0,1,1,0,60,1,0,1,0,1,1,1,1,1
200500041228,5,7,20,1915,1,1,1,5,4364500,-142700,4,2,2,1,1,1,0,50,1,0,5,0,1,1,0,1,1
200500041229,5,7,14,2315,3,1,1,2,4380200,-138800,3,2,0,0,1,1,0,79,1,0,1,0,0,0,1,0,1
200500041230,5,7,16,55,3,1,1,5,4381000,-119000,3,2,2,0,1,1,62,62,1,0,1,0,4,0,1,0,1
200500041231,5,7,19,2300,5,1,1,3,4378100,-121800,3,2,2,0,1,1,0,80,1,0,1,0,1,0,1,0,1
200500041232,5,7,27,1130,1,1,1,1,4369000,-139000,3,0,2,0,1,1,0,62,0,0,1,0,0,0,2,0,1
200500041242,5,7,20,930,1,2,1,5,4377600,-56900,3,2,2,0,1,1,0,96,1,0,1,0,3,0,1,0,1
200500041250,5,7,26,1515,1,1,1,1,4419100,78500,3,2,0,0,2,2,56,75,0,0,1,0,0,0,2,0,1
200500041251,5,7,3,1545,2,1,1,6,4450200,6500,3,2,2,0,1,4,70,0,0,0,1,0,0,0,4,0,1
200500041252,5,7,19,1545,1,1,1,6,4447200,23300,3,2,2,0,1,2,0,68,1,0,3,0,0,1,0,0,1
200500041253,5,7,31,2215,3,1,1,7,4456300,11800,3,2,2,0,1,1,0,65,1,0,0,0,0,0,1,0,1
200500041254,5,7,27,1530,1,1,1,5,4440900,29800,4,2,0,0,1,1,0,0,1,0,1,0,0,0,0,5,1
200500041256,5,7,13,1430,1,1,1,3,4432700,8200,3,2,2,0,1,2,0,78,1,0,1,0,1,0,0,2,1
200500041259,5,7,4,715,1,1,2,1,4453300,62700,2,2,2,0,2,4,0,62,2,0,1,0,1,0,3,2,1
200500041261,5,7,10,600,2,1,1,6,4465800,66900,4,2,2,0,1,3,0,35,1,0,3,0,3,0,1,1,1
200500041262,5,7,29,2000,1,1,1,3,4466600,61200,4,2,0,0,1,1,0,46,1,0,1,0,0,0,2,1,1
200500041265,5,7,29,1900,1,1,1,3,4439600,48300,3,2,1,0,0,2,0,60,1,0,1,0,1,0,0,1,1
200500041266,5,7,28,1930,1,1,3,6,4316900,-44300,2,2,2,0,4,2,0,100,2,0,1,0,0,0,1,0,1
200500041267,5,7,30,1330,1,1,1,7,4330200,-44800,3,2,0,0,2,2,0,46,2,0,1,0,0,0,1,0,1
200500041268,5,7,2,1830,1,1,7,1,4323100,-18900,3,2,0,0,0,3,0,62,1,0,1,0,1,0,1,0,1
200500041273,5,7,24,2315,3,1,1,6,4345900,-133400,3,2,2,0,2,2,0,66,1,0,1,0,0,0,1,0,1
200500041276,5,7,21,1000,1,1,1,6,4320200,-91400,3,2,2,0,2,1,0,65,1,0,1,0,1,0,1,0,1
200500041277,5,7,5,1130,1,6,1,7,4318700,-133400,3,2,2,0,1,3,80,77,8,5,1,3,0,0,0,1,1
200500041279,5,7,19,1530,1,1,1,6,4316400,-123000,4,2,1,0,2,1,0,60,1,0,1,0,0,0,1,0,1
200500041281,5,7,26,800,1,1,1,1,4319700,-60600,3,2,2,0,1,0,0,0,1,0,1,0,1,0,1,0,1
200500041283,5,7,23,1900,1,1,1,6,4347200,-70900,2,2,0,0,2,1,18,0,1,0,1,3,0,0,1,0,1
200500041284,5,7,24,545,5,1,1,6,4349400,-79500,2,2,2,0,1,1,0,76,1,0,3,0,0,0,1,0,1
200500041285,5,7,18,300,3,1,1,6,4340100,-65800,3,2,0,0,1,1,0,60,1,0,3,0,0,0,1,0,1
200500041286,5,7,19,1900,1,1,1,2,4339000,-59200,3,2,3,0,1,3,0,98,1,0,1,0,1,0,0,1,1
200500041289,5,7,25,545,3,1,1,1,4351900,-88100,2,2,0,0,2,2,0,80,1,0,1,0,1,0,1,0,1
200500041300,5,7,23,1600,1,1,1,1,4672300,82200,4,2,0,0,2,3,0,31,1,0,1,0,1,0,1,0,1
200500041301,5,7,8,1515,1,1,1,1,4679600,-100,4,2,0,0,1,3,0,29,1,0,1,0,1,0,1,0,1
200500041303,5,7,3,1715,1,1,1,1,4658000,65000,3,2,2,0,1,3,0,63,1,5,1,0,2,0,0,1,1
200500041304,5,7,21,1545,1,1,1,1,4619800,41500,3,2,2,0,1,1,0,60,1,0,1,0,1,0,2,0,1
200500041305,5,7,21,1630,1,5,1,3,4622000,28900,3,2,2,0,1,1,0,50,1,0,1,0,1,0,1,0,1
200500041306,5,7,18,1615,1,1,1,6,4621800,70000,3,2,2,0,3,1,0,58,1,0,3,0,0,0,1,0,1
200500041309,5,7,2,1830,1,1,1,7,4668400,83800,3,2,2,0,2,3,0,45,9,0,1,0,0,0,1,0,1
200500041310,5,7,13,15,3,1,1,6,4645100,97900,3,2,2,0,1,1,0,65,1,0,1,0,1,0,1,0,1