Num_Acc,an,mois,jour,hrmn,lum,int,atm,col,lat,long,catr,circ,nbv,vosp,prof,plan,lartpc,larrout,surf,infra,situ,env1,unscathed,killed,hospital,light,chance
200500041313,5,7,12,1830,1,1,1,6,4536200,24700,3,2,2,0,4,1,0,75,1,0,1,0,0,1,0,0,1
200500041314,5,7,1,1830,1,1,1,3,4561200,-36500,3,0,0,0,0,0,0,0,0,0,0,0,1,0,1,0,1
200500041316,5,7,15,1500,1,1,1,7,4554700,-27000,3,2,0,0,0,0,41,0,1,0,1,0,0,0,0,1,1
200500041317,5,7,8,1815,1,1,1,3,4549900,-21700,3,2,2,0,2,1,0,72,1,0,1,0,1,0,0,1,1
200500041325,5,7,2,1715,1,1,1,1,4562900,34000,3,0,2,0,1,0,0,75,0,0,0,0,1,0,1,1,1
200500041334,5,7,22,930,1,1,1,2,4623100,-81100,3,2,0,0,1,1,0,65,1,0,1,0,1,0,0,1,1
200500041339,5,7,7,1745,1,1,1,3,4544900,-43300,4,2,2,0,1,2,0,0,1,5,1,3,1,0,1,0,1
200500041340,5,7,30,1815,1,1,1,5,4547400,-44500,3,2,0,0,2,1,0,61,1,0,1,0,2,0,1,1,1
200500041341,5,7,2,1400,1,1,1,6,4549200,-56600,3,2,0,0,1,1,0,75,1,0,3,0,0,0,1,0,1
200500041342,5,7,5,1800,1,1,1,3,4535700,-51000,3,2,2,0,3,2,0,63,1,0,1,0,1,0,1,0,1
200500041344,5,7,26,1600,1,1,1,3,4540000,-59000,3,2,2,0,2,2,0,79,1,0,1,0,4,0,2,0,1
200500041346,5,7,1,1215,1,1,1,5,4521100,-29200,2,3,4,0,1,1,0,142,1,0,1,0,2,0,0,1,1
200500041347,5,7,9,530,2,1,1,1,4527000,-34000,3,2,2,0,1,1,0,61,1,0,1,0,3,1,0,0,1
200500041355,5,7,29,1000,1,1,3,3,4576900,-114200,9,2,2,0,1,1,0,60,2,0,1,0,0,0,2,0,1
200500041356,5,7,11,1900,1,1,1,1,4591800,-90300,3,2,2,0,1,4,0,62,1,0,1,0,1,0,1,0,1
200500041357,5,7,21,1515,1,1,1,3,4598600,-95300,3,2,2,0,1,1,0,62,1,5,1,0,0,1,2,0,1
200500041359,5,7,29,2200,3,1,1,6,4610700,-91100,3,2,0,0,1,2,0,66,1,0,1,0,0,1,0,0,1
200500041360,5,7,15,600,3,1,1,6,4577700,-57700,2,2,2,0,0,1,0,64,1,0,3,0,0,1,0,0,1
200500041366,5,7,31,200,3,1,2,6,4557600,-63700,3,2,1,0,1,1,0,60,2,0,3,0,0,1,0,0,1
200500041369,5,7,3,2015,1,1,1,7,4606600,-50800,2,2,0,0,1,1,0,80,1,0,1,0,0,0,1,0,1
200500041370,5,7,6,2230,5,1,1,6,4596500,-33900,3,2,2,0,1,3,0,60,1,0,1,0,0,0,1,0,1
200500041371,5,7,22,1415,1,1,1,6,4641500,-35200,3,2,2,0,1,1,0,60,1,0,1,0,0,0,1,1,1
200500041373,5,7,18,1600,1,1,1,6,4626800,-18100,4,2,2,0,1,4,0,53,1,0,3,0,0,0,1,0,1
200500041374,5,7,31,1845,1,1,1,3,4612500,-27700,3,2,2,0,0,3,0,54,1,0,1,0,1,0,1,3,1
200500041375,5,7,2,1130,1,1,1,1,4614000,16600,3,2,0,0,1,1,0,70,1,0,1,0,1,0,5,0,1
200500041379,5,7,13,745,1,1,1,7,4653500,-18400,3,2,2,0,2,2,0,66,1,0,3,0,0,1,0,0,1
200500041381,5,7,7,1900,1,1,1,3,4586500,113200,2,2,0,0,3,1,0,75,1,0,1,0,2,0,0,1,1
200500041389,5,7,3,500,2,1,1,7,4624000,105000,3,2,2,0,2,1,0,59,1,0,0,0,0,1,0,0,1
200500041390,5,7,3,1200,1,1,1,5,4603000,95000,3,2,2,0,0,4,0,61,1,0,1,0,4,1,2,0,1
200500041394,5,7,14,1745,1,1,1,1,4607000,130400,4,2,2,0,1,3,0,39,1,0,1,0,1,0,1,1,1
200500041395,5,7,30,1915,1,1,1,6,4600900,120600,3,2,0,0,0,1,0,63,9,0,3,0,0,0,2,0,1
200500041396,5,7,13,2230,5,1,1,1,4618700,129200,3,2,0,0,3,1,0,48,1,0,1,0,2,0,1,0,1
200500041397,5,7,25,1700,3,1,1,7,4617000,121500,3,2,2,0,0,0,0,50,1,0,3,0,0,0,1,0,1
200500041398,5,7,28,1730,1,1,1,6,4630900,129000,3,2,2,0,1,1,0,75,1,0,3,0,0,0,0,1,1
200500041401,5,7,2,1615,1,1,1,1,4520600,183100,2,2,2,3,3,1,52,77,1,5,1,0,1,0,1,1,1
200500041402,5,7,22,2115,1,1,1,3,4531800,177200,2,2,2,0,0,1,0,81,1,0,1,0,2,0,2,0,1
200500041403,5,7,13,2245,5,1,1,6,4510000,193500,3,2,2,0,1,3,0,65,1,0,4,0,1,0,1,0,1
200500041405,5,7,17,1015,1,3,1,3,4545600,197600,3,2,2,0,0,1,0,77,1,0,1,0,1,0,1,0,1
200500041407,5,7,11,1515,1,1,1,1,4546000,172400,3,2,2,0,1,3,0,67,1,0,1,0,1,0,1,1,1
200500041408,5,7,23,1330,1,1,1,1,4544500,160300,3,2,2,0,1,2,0,64,1,0,3,0,0,1,4,0,1
200500041409,5,7,2,2015,1,1,1,6,4514500,146400,4,2,2,0,1,1,0,51,1,5,3,0,0,0,2,0,1
200500041411,5,7,3,2300,3,1,1,3,4514500,136700,3,2,1,0,1,1,0,50,1,0,1,0,3,0,0,10,1
200500041412,5,7,3,1430,3,1,1,7,4504100,179800,3,2,2,0,4,1,10,70,1,0,1,0,1,0,1,0,1
200500041413,5,7,2,2000,1,1,1,1,4527300,152000,3,2,0,0,2,4,0,46,1,0,1,0,1,0,2,4,1
200500041414,5,7,26,2100,1,1,1,3,4523000,144900,3,2,2,0,1,4,0,50,1,0,1,0,1,0,1,0,1
200500041421,5,7,13,1530,1,1,1,3,4542600,238200,3,2,2,0,1,1,0,55,1,0,1,0,1,0,1,0,1
200500041422,5,7,19,1945,1,1,1,1,4553800,215400,3,2,0,0,1,1,0,71,1,0,0,0,1,0,1,0,1
200500041423,5,7,20,1700,1,3,1,3,4609100,204800,3,2,0,0,0,1,0,0,1,0,1,0,1,0,1,0,1
200500041426,5,7,25,1045,1,2,1,3,4625400,184500,3,2,0,0,1,1,0,46,1,0,1,0,1,0,2,0,1
200500041428,5,7,20,1900,1,1,1,1,4609700,160300,3,2,2,0,2,3,0,40,1,0,1,0,1,0,0,2,1
200500041433,5,7,17,130,5,1,1,6,4351500,150300,2,2,2,1,1,1,25,92,1,0,1,3,0,1,0,0,1
200500041434,5,7,19,800,1,1,1,6,4371800,159500,4,2,2,0,4,1,0,68,1,0,1,0,1,0,0,1,1
200500041436,5,7,17,100,3,1,1,6,4374400,126400,3,2,2,0,0,1,0,60,1,0,1,0,0,1,1,1,1
200500041441,5,7,10,2245,5,1,1,5,4353500,140800,3,3,3,0,1,1,10,103,1,0,1,0,3,2,0,0,1
200500041443,5,7,26,1200,1,1,1,1,4355100,147500,3,3,2,3,1,1,0,70,1,0,1,0,1,0,1,0,1
200500041444,5,7,30,1215,1,3,1,3,4355600,147000,3,2,0,0,1,1,0,80,1,0,1,0,1,0,0,1,1
200500041446,5,7,22,1800,1,9,7,3,4369300,140500,2,3,2,3,1,1,0,0,1,0,1,0,3,0,0,1,1
200500041447,5,7,27,1845,1,1,1,1,4374200,141200,3,3,2,3,1,3,0,105,1,5,1,0,1,0,0,2,1
200500041448,5,7,4,900,1,1,2,6,4369600,150100,3,0,0,0,0,3,0,70,2,0,3,0,0,0,1,0,1
200500041453,5,7,2,1345,1,2,1,5,4349200,139500,3,2,2,0,1,1,0,71,1,4,1,0,3,2,1,1,1
200500041454,5,7,8,1145,1,1,1,1,4346100,126600,4,2,0,0,0,2,0,30,1,0,1,0,1,0,1,0,1
200500041457,5,7,24,1815,1,2,1,3,4336400,126900,3,2,2,0,1,1,0,75,0,5,1,0,1,0,1,0,1
200500041459,5,7,12,1900,1,1,1,1,4308300,66600,3,2,0,0,1,1,0,50,1,0,1,0,0,0,2,2,1
200500041460,5,7,3,1145,1,1,1,7,4335400,82800,3,2,0,0,2,1,0,60,1,0,1,0,0,0,1,0,1
200500041462,5,7,16,1400,1,1,1,7,4292800,80600,3,2,2,0,2,2,0,70,1,0,1,0,0,0,0,2,1
200500041463,5,7,2,1800,1,1,1,1,4334900,174800,3,2,0,0,1,1,61,56,1,0,1,0,0,0,0,3,1
200500041466,5,7,8,2230,3,1,1,6,4359600,172000,2,2,2,0,2,3,0,58,1,0,3,0,0,1,0,0,1
200500041471,5,7,20,1800,1,1,1,3,4291000,191000,3,2,2,0,0,1,0,35,1,5,1,0,3,0,0,1,1
200500041473,5,7,22,1445,1,1,1,1,4307800,178600,3,2,3,0,1,1,0,108,1,0,1,0,0,2,0,1,1
200500041476,5,7,19,1930,1,1,1,6,4428100,243000,2,0,2,0,0,1,0,60,1,0,1,0,2,0,1,0,1
200500041477,5,7,21,1715,1,1,1,1,4439300,270500,2,2,2,0,1,3,0,75,1,0,1,0,1,2,0,0,1
200500041478,5,7,18,1415,1,1,1,1,4420400,252700,3,2,2,0,0,1,0,80,1,0,1,0,1,0,0,3,1
200500041480,5,7,9,1900,1,1,1,1,4441100,230800,3,2,0,0,0,3,0,70,1,0,1,0,2,0,2,0,1
200500041481,5,7,24,200,3,1,1,6,4451000,274000,3,2,2,0,2,2,0,68,1,0,3,0,2,0,1,2,1
200500041483,5,7,19,1145,1,1,1,1,4394100,331100,3,2,2,0,2,1,0,56,9,0,1,0,2,1,0,0,1
200500041484,5,7,29,730,1,1,1,6,4417400,312200,3,2,2,0,1,1,0,60,1,0,3,0,0,0,0,2,1
200500041485,5,7,17,1500,1,1,1,6,4416200,289700,3,2,0,0,2,3,0,70,1,0,3,0,0,0,1,0,1
200500041487,5,7,22,2130,2,1,1,1,4433200,311600,3,2,1,0,1,0,0,60,1,0,1,0,1,0,1,2,1
200500041488,5,7,23,1315,1,2,1,3,4433700,303300,2,2,1,0,1,2,0,89,1,0,1,0,2,0,1,0,1
200500041489,5,7,27,1800,1,1,1,1,4432800,303400,4,0,0,0,1,0,0,26,9,0,0,0,0,0,1,0,1
200500041490,5,7,6,700,1,1,1,3,4396200,288400,3,2,2,0,1,1,0,73,1,0,1,0,1,0,0,1,1
200500041491,5,7,26,1815,1,1,1,1,4396200,288100,3,2,2,0,1,1,0,74,1,0,1,0,2,0,0,1,1
200500041492,5,7,20,2045,2,1,1,1,4385500,283800,4,2,1,0,1,2,0,29,1,0,1,0,1,0,1,0,1
200500041493,5,7,24,630,1,1,1,7,4387800,266300,3,2,0,0,1,1,0,74,1,0,3,0,0,1,0,1,1
200500041494,5,7,15,1400,1,3,1,3,4433900,203400,3,2,2,0,1,1,0,0,1,0,1,0,1,0,1,0,1
200500041500,5,7,22,1545,1,1,7,6,4345300,87200,3,2,2,0,1,1,0,55,1,0,1,0,0,0,1,0,1
200500041501,5,7,6,745,1,1,1,3,4386500,-2300,3,2,2,0,1,1,0,54,1,0,1,0,0,0,0,2,1
200500041502,5,7,8,1130,1,1,1,6,4376200,-3300,4,2,2,0,1,2,0,60,1,0,1,0,1,0,1,0,1
200500041509,5,7,4,1300,1,1,1,1,4401000,66000,2,2,2,0,0,1,75,0,1,0,1,0,1,0,1,0,1
200500041513,5,7,10,700,1,1,1,7,4352700,39600,4,2,0,0,1,1,0,32,1,0,1,0,3,0,1,0,1
200500041514,5,7,20,1815,1,1,1,5,4349500,36000,2,2,2,0,0,1,0,75,1,0,1,0,2,1,0,0,1
200500041515,5,7,17,1400,1,1,1,3,4343700,30800,2,2,2,0,1,1,0,68,1,0,1,0,1,0,0,1,1
200500041516,5,7,20,2230,3,1,1,6,4350000,16500,4,2,2,0,1,1,0,40,1,0,3,0,0,0,0,1,1
200500041517,5,7,12,1400,1,2,1,3,4365000,10500,3,2,2,0,2,1,0,53,1,0,1,0,1,1,0,0,1
200500041518,5,7,16,2000,1,1,1,1,4369900,15400,3,2,2,0,2,3,0,55,1,0,1,0,2,0,0,1,1
200500041519,5,7,9,1845,1,1,8,5,4460800,205500,2,2,2,0,2,2,0,72,2,0,1,0,4,0,2,0,1
200500041521,5,7,31,900,1,1,1,6,4463500,141300,3,2,0,0,0,2,0,64,1,0,0,0,0,0,1,2,1
200500041523,5,7,26,1520,1,1,1,1,4493400,158200,3,2,2,0,0,4,0,64,1,0,1,0,1,1,0,0,1
200500041524,5,7,16,700,1,1,2,1,4328300,10800,3,2,2,0,1,4,0,60,2,0,1,0,1,0,1,1,1
200500041525,5,7,4,1645,1,1,1,3,4318500,35500,3,2,2,0,1,2,0,55,1,0,1,0,3,0,0,1,1
200500041527,5,7,22,630,3,1,1,7,4323700,18800,3,2,0,0,0,1,0,0,1,0,0,0,0,1,1,0,1
200500041529,5,7,4,1300,1,1,1,7,4280100,1600,3,2,2,0,1,2,0,90,1,0,1,0,1,0,0,1,1
200500041530,5,7,1,1745,1,1,1,3,4312600,43200,3,2,0,0,1,1,0,76,1,0,1,0,1,0,1,0,1
200500041531,5,7,4,1400,1,1,2,3,4311500,43900,2,2,2,0,0,3,0,67,2,0,1,0,1,1,0,0,1
200500041532,5,7,15,1745,1,3,1,3,4312200,42800,2,2,2,0,1,1,0,90,1,5,1,0,2,1,1,0,1
200500041533,5,7,17,1830,1,1,1,1,4283500,31000,4,0,2,0,2,1,0,63,1,0,1,0,1,0,0,1,1
200500041536,5,7,10,1745,2,1,3,5,4371000,178000,3,2,2,0,1,1,0,53,2,2,1,0,2,0,1,0,1
200500041537,5,7,13,1145,1,1,1,1,4365000,195000,3,2,2,0,1,1,0,0,1,0,1,0,0,0,1,2,1
200500041538,5,7,28,1530,1,1,1,3,4373100,176200,3,2,0,0,1,1,0,61,1,0,1,0,1,0,1,0,1
200500041539,5,7,19,1145,1,1,1,2,4371600,235700,3,2,0,0,2,2,0,59,1,0,1,0,1,0,1,0,1
200500041541,5,7,10,1345,1,1,1,3,4384000,169000,3,2,2,0,1,3,0,46,1,0,1,0,1,0,1,0,1
200500041542,5,7,3,1630,1,1,1,3,4353900,247200,3,2,0,0,3,2,0,41,1,0,1,0,4,0,1,0,1
200500041543,5,7,1,2300,3,1,1,2,4351600,233100,2,2,2,0,1,1,29,72,1,5,1,0,1,0,0,1,1
200500041544,5,7,11,630,2,1,1,7,4347900,250600,2,2,2,0,1,2,0,70,1,0,1,0,0,0,1,0,1
200500041545,5,7,31,1330,1,1,1,6,4348000,212000,3,2,2,0,1,1,0,59,1,0,3,0,0,0,1,1,1
200500041546,5,7,2,1815,1,1,1,6,4358100,200200,3,2,2,0,0,2,0,74,1,0,3,0,0,1,0,0,1
200500041547,5,7,3,1500,1,1,7,3,4357200,189100,3,2,0,0,0,1,0,68,1,0,1,0,1,1,0,0,1
200500041548,5,7,7,1100,1,1,1,7,4359000,181000,3,2,2,0,1,1,0,72,1,0,1,0,0,0,1,0,1
200500041551,5,7,2,1815,1,1,1,6,4427000,194500,4,2,2,0,1,3,0,43,1,0,3,0,0,0,2,0,1
200500041552,5,7,17,1530,1,1,1,6,4423800,176700,3,2,2,0,2,1,0,0,1,0,1,0,1,0,1,0,1
200500041553,5,7,23,1515,1,1,1,6,4423800,176900,9,1,0,0,0,1,0,50,1,0,1,0,0,0,0,2,1
200500041554,5,7,26,745,2,1,1,6,4427100,185800,3,2,2,0,3,1,0,67,1,0,3,0,0,0,1,0,1
200500041555,5,7,14,1100,1,2,1,3,4379300,95700,4,2,0,0,3,1,0,38,1,0,1,0,2,0,0,1,1
200500041567,5,7,4,1130,1,1,1,6,4380700,120700,3,2,0,0,1,1,0,0,1,0,1,0,1,0,0,1,1
200500041568,5,7,22,1700,1,1,1,7,4391600,121700,4,2,0,0,4,2,0,50,1,0,3,0,0,0,1,0,1
200500041570,5,7,29,2345,3,1,1,6,4391200,118500,3,2,2,0,1,1,0,68,1,0,3,0,1,0,1,3,1
200500041587,5,7,25,930,1,1,1,7,4574500,469200,6,0,0,0,0,1,0,0,1,0,0,0,2,0,0,1,1
200500041590,5,7,5,807,1,1,1,1,4602900,466100,3,2,2,1,3,1,0,34,1,0,1,0,1,0,0,1,1
200500041594,5,7,25,1800,1,2,1,3,4613900,464300,3,2,2,0,2,1,0,126,1,5,1,0,3,0,1,0,1
200500041603,5,7,2,1815,1,1,1,1,4605300,444300,3,2,0,0,0,2,0,60,1,0,1,0,4,0,1,0,1
200500041604,5,7,4,1545,1,1,1,6,4604900,448900,3,2,2,0,1,3,0,60,1,0,3,0,0,0,3,0,1
200500041606,5,7,28,1030,1,1,1,7,4609900,452700,3,2,2,0,2,1,0,50,1,0,1,0,0,0,1,0,1
200500041607,5,7,31,900,1,1,1,5,4616900,447400,3,2,2,0,1,3,0,60,1,0,1,0,6,1,0,0,1
200500041608,5,7,3,615,1,1,1,6,4625100,514300,2,2,0,0,1,1,0,71,1,0,1,0,0,0,2,0,1
200500041613,5,7,1,900,1,1,1,1,4632000,511200,3,2,2,0,1,3,0,55,1,0,1,0,0,2,0,0,1
200500041615,5,7,16,1945,1,1,1,3,4628500,512400,3,2,2,0,3,2,0,60,1,0,1,0,0,0,0,2,1
200500041619,5,7,29,2215,3,6,1,6,4633600,488800,3,2,2,0,1,2,60,0,2,0,1,0,0,1,0,0,1
200500041623,5,7,27,1945,1,1,1,1,4586100,568200,3,3,1,0,4,3,0,65,0,0,1,0,1,0,0,1,1
200500041632,5,7,28,1845,1,1,1,6,4600400,534300,2,2,2,0,1,1,0,105,1,0,1,0,0,0,0,2,1
200500041635,5,7,15,1,3,1,1,1,4616700,559500,2,2,2,0,1,1,0,70,1,0,1,0,2,1,0,0,1
200500041637,5,7,21,1800,1,1,1,6,4626600,609700,3,2,0,1,2,1,0,0,1,0,1,0,0,1,0,0,1
200500041644,5,7,25,1630,1,1,1,1,4588800,510800,4,2,1,0,1,3,0,35,1,0,0,0,1,0,1,0,1
200500041646,5,7,4,1030,1,1,3,3,4607500,489700,3,2,0,0,1,1,60,0,3,0,1,0,1,0,0,1,1
200500041647,5,7,12,715,1,1,1,2,4610300,486100,3,2,0,0,3,1,60,0,1,0,1,0,1,0,1,0,1
200500041657,5,7,12,800,1,1,1,6,4484600,481800,2,2,2,0,1,1,20,83,1,0,3,0,0,0,1,0,1
200500041659,5,7,3,2200,3,1,1,6,4452800,433900,3,2,2,0,1,1,0,62,1,0,0,0,0,1,0,0,1
200500041660,5,7,8,1315,1,1,1,1,4445100,422400,3,0,0,0,0,1,0,0,1,0,1,0,1,0,1,0,1
200500041662,5,7,14,1400,1,1,1,3,4476500,415000,3,2,0,0,1,1,0,45,1,0,1,0,0,0,1,1,1
200500041663,5,7,15,945,1,1,1,7,4471500,401000,2,2,2,0,2,2,0,85,1,0,3,0,0,1,1,0,1
200500041664,5,7,25,1130,1,1,1,3,4440500,425200,3,2,2,0,1,3,0,58,1,0,1,0,1,1,0,0,1
200500041670,5,7,29,2015,1,1,9,1,4510500,440200,3,2,2,0,1,3,0,60,2,0,1,0,1,0,0,3,1
200500041673,5,7,15,1145,1,1,1,6,4470300,513000,3,2,2,0,1,3,0,100,1,0,1,0,1,1,3,0,1
200500041674,5,7,21,1200,1,1,1,2,4472900,501200,3,2,0,0,1,1,0,100,1,5,1,0,1,0,1,0,1
200500041675,5,7,4,1845,1,1,2,6,4474800,489100,3,2,0,0,1,2,0,70,2,0,3,0,0,0,1,0,1
200500041676,5,7,30,1830,1,1,1,1,4474200,491000,3,2,0,0,1,1,0,74,1,0,1,0,0,0,2,0,1
200500041678,5,7,8,1715,1,1,1,1,4470100,524400,3,2,0,0,1,3,0,83,1,0,1,0,1,0,2,0,1
200500041683,5,7,24,1530,1,1,1,3,4434000,479100,3,2,2,0,1,1,72,0,1,0,1,0,1,0,1,0,1
200500041684,5,7,24,1700,1,6,1,1,4436500,486400,3,2,0,0,1,1,0,58,1,0,1,0,1,0,0,2,1
200500041702,5,7,6,1145,1,1,2,6,4506400,524400,2,2,2,0,2,1,0,0,2,0,1,0,0,0,1,0,1
200500041703,5,7,7,1745,1,1,1,6,4505900,528100,3,2,0,0,1,1,0,0,1,0,3,0,0,0,1,0,1
200500041704,5,7,4,1430,1,1,1,6,4529700,481400,3,3,2,0,2,1,55,60,1,0,1,0,1,0,1,0,1
200500041710,5,7,1,2015,1,1,1,6,4520600,583700,3,2,2,0,1,3,0,0,1,5,1,0,1,0,0,1,1
200500041711,5,7,8,1545,1,1,1,5,4527300,591100,3,2,0,0,1,1,0,86,1,0,1,0,2,0,2,0,1
200500041714,5,7,17,1830,1,1,1,1,4522400,565000,3,2,2,0,1,1,0,0,1,0,1,0,3,0,0,3,1
200500041715,5,7,23,1830,1,1,1,1,4507800,554100,3,2,0,0,1,3,0,66,1,0,1,0,1,0,1,0,1
200500041717,5,7,13,845,1,1,1,5,4528000,562700,3,2,4,0,1,3,0,88,1,0,1,0,3,0,0,1,1
200500041718,5,7,28,1900,1,1,1,4,4530100,562900,3,3,3,0,2,3,0,36,1,0,1,0,1,0,1,3,1
200500041719,5,7,16,1530,1,1,1,3,4480100,591100,3,2,0,0,1,1,0,0,1,0,1,0,1,0,1,0,1
200500041720,5,7,10,1000,1,1,1,7,4481700,575000,3,2,2,0,0,3,69,0,1,0,0,0,0,0,1,0,1
200500041721,5,7,23,1715,1,1,1,6,4479100,569700,3,2,2,0,0,1,0,47,1,0,1,0,1,0,1,0,1
200500041723,5,7,27,1715,1,1,1,3,4507900,572700,3,2,2,0,1,1,0,70,1,0,1,0,3,0,1,0,1
200500041724,5,7,5,2230,5,2,1,3,4521400,540300,2,2,1,0,0,1,0,0,1,0,1,0,0,0,1,1,1
200500041725,5,7,9,1645,1,4,1,3,4530800,549000,2,2,2,0,3,3,0,75,1,5,1,0,1,0,1,0,1
200500041726,5,7,28,730,1,3,1,1,4525800,547300,3,2,2,0,0,1,0,51,1,0,1,0,1,0,1,0,1
200500041727,5,7,29,1115,1,1,1,3,4529500,548300,2,2,2,0,0,0,0,70,1,0,1,0,1,0,1,0,1
200500041728,5,7,3,1645,1,1,1,6,4564800,539300,3,2,1,0,1,1,0,0,1,0,1,0,0,0,1,1,1
200500041729,5,7,14,1800,1,1,1,6,4564700,530400,4,0,2,0,1,3,0,40,1,0,1,0,2,0,0,1,1
200500041730,5,7,5,1530,1,1,1,5,4568200,529600,3,2,0,0,1,1,51,0,1,0,1,0,2,0,1,0,1
200500041731,5,7,15,245,3,1,1,6,4568400,528300,4,2,1,0,1,1,0,43,1,0,0,0,0,0,1,0,1
200500041732,5,7,7,1415,1,1,1,6,4540200,550600,3,0,2,0,1,1,0,39,0,0,3,0,1,0,0,1,1
200500041735,5,7,8,1645,1,1,1,2,4582600,531200,3,2,2,0,2,1,0,70,1,0,1,0,1,0,0,1,1
200500041736,5,7,8,1835,1,1,1,6,4573000,540700,3,2,0,0,0,2,0,80,1,0,1,0,0,0,1,0,1
200500041738,5,7,11,1100,1,7,1,6,4564100,556600,6,0,0,0,1,0,0,0,9,0,0,0,1,0,1,0,1
200500041740,5,7,2,1715,1,1,1,1,4548000,567700,3,2,2,0,0,2,0,73,1,0,1,0,0,0,1,2,1
200500041741,5,7,22,500,5,1,1,6,4555900,552200,4,0,2,0,1,3,0,54,1,0,4,0,0,1,0,0,1
200500041743,5,7,15,1930,1,1,1,1,4551600,496400,3,2,1,0,1,1,0,73,1,5,1,0,1,0,1,0,1
200500041745,5,7,19,1445,1,1,1,3,4539900,502400,3,2,2,0,2,1,0,68,1,0,1,0,0,0,1,0,1
200500041746,5,7,25,1745,1,1,1,1,4536100,492600,3,2,2,0,1,1,0,50,0,0,1,0,1,0,1,2,1
200500041748,5,7,10,1,3,1,1,7,4556100,504700,4,2,1,0,4,4,0,0,1,0,1,0,0,0,1,1,1
200500041750,5,7,2,1530,1,1,1,3,4575800,511900,3,2,2,0,4,1,0,0,1,0,1,0,1,0,0,1,1
200500041751,5,7,15,1715,1,1,1,3,4578300,517500,3,2,0,0,4,3,0,50,1,5,1,0,2,0,0,2,1
200500041752,5,7,1,15,5,1,3,4,4535600,480300,2,3,2,0,1,1,10,90,2,0,1,0,1,0,1,0,1
200500041753,5,7,4,2030,1,1,1,1,4532300,479500,2,2,0,0,0,1,0,120,0,0,1,0,1,0,1,0,1
200500041754,5,7,8,1915,1,1,1,1,4535500,481100,9,2,0,0,0,1,0,0,1,0,1,0,0,0,2,0,1
200500041755,5,7,8,600,2,1,1,1,4540100,482900,3,2,2,0,1,1,0,60,1,5,1,0,1,0,0,1,1
200500041756,5,7,17,1330,1,1,7,7,4538700,484200,3,2,2,0,1,1,0,60,1,0,3,0,0,0,1,0,1
200500041760,5,7,7,830,1,1,1,2,4532800,452400,2,2,2,0,2,2,0,78,1,0,1,0,2,0,1,0,1
200500041761,5,7,6,1330,1,1,2,1,4554900,449700,3,2,2,0,0,1,60,0,2,0,1,0,1,0,1,0,1
200500041762,5,7,8,730,1,1,2,1,4551700,437700,3,2,0,0,2,3,0,66,2,0,1,0,0,1,0,1,1
200500041763,5,7,12,945,1,3,1,3,4553500,437600,3,2,2,0,0,2,0,70,1,0,1,0,1,0,1,0,1
200500041765,5,7,1,1215,1,1,1,1,4552700,427100,4,2,2,0,1,1,0,0,1,0,1,0,1,0,1,0,1
200500041766,5,7,5,1700,1,1,1,1,4553200,418400,3,2,2,0,1,1,0,0,1,0,1,0,1,0,0,1,1
200500041767,5,7,27,715,1,1,1,3,4579100,416900,3,2,2,0,1,1,0,54,1,0,1,0,1,1,0,0,1
200500041768,5,7,29,2000,1,1,2,3,4573300,431200,3,2,2,0,2,3,0,0,2,0,1,0,1,0,1,0,1
200500041769,5,7,30,1415,1,1,1,1,4540700,418900,4,2,2,0,1,3,0,66,1,0,1,0,1,0,1,0,1
200500041770,5,7,1,930,1,1,1,1,4564000,438400,3,2,2,0,2,0,0,0,1,0,1,0,1,0,1,0,1
200500041773,5,7,16,2228,3,1,1,7,4538900,467700,4,2,0,0,2,1,48,0,1,0,1,0,0,0,1,0,1
200500041777,5,7,13,430,3,1,1,2,4592000,431000,2,2,3,0,2,3,0,0,1,0,1,0,1,0,0,1,1
200500041788,5,7,6,545,2,1,1,3,4557500,596100,2,3,2,0,1,1,0,0,1,5,1,0,0,0,0,2,1
200500041790,5,7,3,1030,1,1,1,1,4551100,625300,3,2,0,0,0,4,0,0,1,0,1,0,1,0,1,1,1
200500041792,5,7,3,915,1,1,1,6,4575100,611500,3,2,0,0,1,1,0,61,1,0,1,0,0,1,0,0,1
200500041794,5,7,23,15,5,3,1,3,4550600,606700,2,0,3,3,1,1,54,80,1,5,1,0,1,0,1,0,1
200500041796,5,7,10,2145,3,1,1,1,4545900,578600,2,2,0,0,2,3,0,80,1,0,1,0,0,0,3,2,1
200500041797,5,7,19,1230,1,1,1,3,4553400,574300,3,2,2,0,2,1,0,50,1,0,0,0,1,0,1,0,1
200500041798,5,7,25,1845,1,1,1,1,4548200,573100,2,2,0,0,2,1,0,63,1,0,1,0,1,0,1,0,1
200500041799,5,7,5,1515,1,1,1,1,4556000,567600,3,2,2,0,1,1,0,62,1,0,1,0,2,0,1,3,1
200500041801,5,7,9,15,3,1,1,6,4562700,644800,2,3,4,0,1,1,0,120,1,0,1,0,1,1,0,0,1
200500041802,5,7,18,1200,1,2,1,3,4565400,635900,3,2,0,0,1,1,0,70,1,0,1,0,1,0,1,0,1
200500041803,5,7,31,2230,3,1,1,6,4567000,630000,3,2,0,0,2,4,0,70,1,0,1,0,0,0,2,0,1
200500041811,5,7,1,2300,3,1,1,6,4526600,638300,3,2,0,0,2,3,0,58,1,0,1,0,0,1,0,0,1
200500041813,5,7,24,1345,1,1,1,3,4539000,627700,2,2,2,0,1,2,0,70,1,3,1,0,2,0,1,1,1
200500041822,5,7,22,2330,5,1,1,2,4583900,616800,3,2,2,0,1,1,0,80,1,0,1,0,0,0,1,1,1
200500041836,5,7,21,1745,1,1,1,5,4604900,625800,2,2,2,0,1,1,0,60,1,0,1,0,1,0,1,1,1
200500041838,5,7,30,315,3,1,2,6,4606600,638400,3,2,2,0,1,1,0,53,2,0,1,0,0,0,3,0,1
200500041840,5,7,3,130,3,1,1,7,4608800,667500,3,2,2,0,0,2,0,72,1,0,1,0,0,1,0,0,1
200500041844,5,7,12,1645,1,1,1,6,4614300,607000,4,2,0,0,1,1,0,70,1,0,1,0,0,0,1,1,1
200500041849,5,7,27,915,1,1,1,6,4617200,632100,3,2,2,0,1,1,9,89,1,0,1,0,1,0,1,0,1
200500041850,5,7,9,1230,1,1,1,1,4603100,604900,4,0,0,0,2,2,0,41,1,0,1,0,0,0,0,2,1
200500041851,5,7,12,1500,1,1,1,1,4603800,610900,2,2,2,0,2,1,0,11,1,0,1,0,1,0,1,0,1