Num_Acc,an,mois,jour,hrmn,lum,int,atm,col,lat,long,catr,circ,nbv,vosp,prof,plan,lartpc,larrout,surf,infra,situ,env1,unscathed,killed,hospital,light,chance
200500048564,5,8,23,2130,5,3,1,6,4629900,72600,3,2,2,0,2,4,0,57,1,0,1,0,2,0,1,0,1
200500048566,5,8,25,1600,1,1,2,6,4534400,7300,3,2,2,0,2,2,0,0,2,0,1,0,0,0,1,0,1
200500048574,5,8,7,1700,1,1,1,3,4589900,38700,4,2,0,0,0,3,0,0,0,0,0,0,1,0,1,0,1
200500048575,5,8,28,2315,3,1,1,2,4581500,7900,3,2,2,0,2,3,0,0,1,0,1,0,0,2,0,1,1
200500048576,5,8,3,2215,3,1,1,7,4567300,34200,3,2,0,0,0,2,0,0,0,2,0,0,0,0,1,0,1
200500048583,5,8,20,1715,1,7,1,1,4631200,-82900,3,2,2,0,1,1,0,50,1,0,1,0,1,0,0,1,1
200500048589,5,8,4,145,3,1,5,6,4517500,-30400,3,2,2,0,1,2,0,55,2,0,1,0,0,0,1,0,1
200500048593,5,8,3,1500,1,1,1,1,4597200,-124800,3,2,2,0,1,3,0,60,1,0,1,0,1,0,1,0,1
200500048594,5,8,3,2045,1,1,1,1,4596800,-137500,4,2,0,0,1,1,0,53,1,5,1,0,3,0,1,0,1
200500048595,5,8,6,530,3,1,1,6,4597900,-130000,3,2,2,0,1,2,0,35,1,0,3,0,4,0,1,0,1
200500048596,5,8,14,1430,1,1,1,5,4586600,-119500,3,2,0,0,1,1,0,0,1,2,1,0,4,0,1,0,1
200500048597,5,8,16,1200,1,1,1,3,4596000,-133000,3,2,2,0,0,1,0,62,1,0,1,0,3,0,2,0,1
200500048598,5,8,16,2200,3,1,1,1,4597000,-128000,3,2,0,0,1,1,0,60,1,0,1,0,1,0,1,0,1
200500048599,5,8,21,1545,1,1,1,7,4591600,-131300,4,2,0,0,0,1,0,35,1,0,1,0,0,0,1,0,1
200500048601,5,8,9,2215,3,2,1,1,4572000,-115700,3,2,0,0,1,1,0,0,1,5,1,0,0,0,2,0,1
200500048602,5,8,14,1530,1,1,1,1,4569500,-99500,3,2,2,0,1,3,0,65,1,0,1,0,4,0,2,0,1
200500048603,5,8,16,600,2,1,1,1,4597400,-91800,3,2,2,0,1,1,70,75,1,0,1,0,0,0,2,0,1
200500048606,5,8,3,2000,2,1,7,6,4572000,-61900,3,2,1,0,0,2,0,33,1,0,3,0,0,0,1,0,1
200500048608,5,8,16,1800,1,1,1,1,4577200,-80200,4,2,0,0,1,4,0,42,1,0,1,0,1,0,1,0,1
200500048610,5,8,14,530,5,1,1,6,4558900,-53000,4,2,2,0,1,1,0,60,1,0,3,0,0,0,1,0,1
200500048614,5,8,12,1615,1,2,1,3,4594900,-52700,3,2,2,0,1,1,0,70,1,0,1,0,1,0,1,1,1
200500048617,5,8,3,1730,1,1,1,5,4588000,-35600,3,2,2,0,1,1,0,0,1,0,1,0,0,0,4,3,1
200500048619,5,8,21,830,1,1,1,3,4588600,-43800,3,2,0,0,1,1,0,57,1,5,1,0,1,0,1,0,1
200500048620,5,8,14,2000,1,1,1,3,4649500,-59900,3,2,1,0,2,1,0,67,1,0,1,0,1,0,0,1,1
200500048625,5,8,5,1700,1,8,1,6,4689500,-22400,3,2,0,0,0,2,0,0,9,4,1,0,0,0,1,0,1
200500048628,5,8,1,1730,1,1,1,3,4625800,-19600,4,2,2,0,1,3,0,76,1,0,1,0,1,0,1,0,1
200500048629,5,8,19,30,3,1,1,6,4626100,-29600,3,2,0,0,1,4,0,53,1,0,3,0,0,1,0,0,1
200500048630,5,8,24,1745,1,1,1,6,4659300,-32600,3,2,2,0,1,1,0,54,1,0,0,0,0,1,0,0,1
200500048631,5,8,3,1945,1,1,1,2,4673500,-15300,3,2,0,0,4,1,0,60,1,0,1,0,1,0,1,0,1
200500048634,5,8,6,1230,1,1,1,3,4579900,112700,2,2,3,3,1,1,0,102,1,5,1,0,1,0,0,2,1
200500048638,5,8,9,1515,1,1,1,7,4580200,158300,3,2,0,0,1,1,0,52,1,0,3,0,0,0,0,5,1
200500048645,5,8,30,1545,1,1,1,6,4583900,101000,4,2,2,0,1,1,0,50,1,0,1,0,0,0,1,1,1
200500048646,5,8,17,930,1,3,1,1,4529000,165000,3,2,0,0,1,2,0,81,1,0,1,0,3,0,1,0,1
200500048648,5,8,24,1745,1,1,1,3,4537600,200300,3,3,3,0,1,1,0,150,1,0,1,0,1,0,2,0,1
200500048650,5,8,30,900,1,1,1,3,4517400,156300,2,3,2,1,1,1,30,47,1,0,1,0,1,0,1,0,1
200500048653,5,8,6,1615,1,1,1,3,4541500,228600,3,2,0,0,0,1,0,67,1,0,1,0,3,0,1,0,1
200500048655,5,8,16,1015,1,1,1,1,4643800,186800,3,2,2,0,1,2,0,60,1,0,1,0,2,0,1,1,1
200500048659,5,8,5,145,3,1,1,6,4387600,138100,3,2,2,0,1,1,0,60,1,0,1,0,0,1,0,0,1
200500048661,5,8,3,145,5,1,1,1,4347000,133300,9,2,0,0,0,1,0,0,1,0,0,0,1,0,1,0,1
200500048663,5,8,9,1215,1,2,1,3,4320000,109000,3,2,2,0,3,1,0,58,1,5,1,0,1,0,2,0,1
200500048664,5,8,6,1215,1,1,1,6,4338000,118200,3,2,0,0,1,1,0,60,1,0,3,0,1,0,2,0,1
200500048665,5,8,9,2330,3,1,1,3,4309500,52600,2,2,2,0,1,1,100,0,1,0,3,0,1,0,0,1,1
200500048666,5,8,31,1515,1,1,7,6,4308900,57500,2,2,2,0,2,2,60,0,1,0,3,0,0,0,1,0,1
200500048667,5,8,3,1700,1,1,1,6,4287700,73500,2,2,2,0,1,1,0,0,1,0,3,0,0,0,1,0,1
200500048668,5,8,14,1545,1,1,1,1,4278000,60100,3,2,0,0,1,1,0,57,1,0,1,0,2,0,2,0,1
200500048671,5,8,3,1945,1,3,1,3,4325900,73200,3,2,2,0,1,1,0,53,1,0,1,0,1,0,1,0,1
200500048673,5,8,5,2315,5,1,1,7,4328700,163700,3,2,2,0,1,0,40,0,1,0,3,0,0,0,1,1,1
200500048674,5,8,28,2130,3,1,1,3,4336700,179800,2,0,2,0,1,1,0,60,1,0,1,0,2,0,2,1,1
200500048675,5,8,20,1800,1,3,1,3,4353500,176000,3,2,2,0,1,1,0,70,1,0,1,0,1,0,1,0,1
200500048678,5,8,13,445,2,1,1,1,4344700,202300,3,2,2,0,2,2,0,68,1,0,1,0,3,0,2,0,1
200500048679,5,8,15,1800,1,2,1,3,4346900,198300,3,2,0,0,0,1,0,58,1,0,3,0,1,1,0,0,1
200500048684,5,8,13,2000,1,1,1,2,4315000,142000,3,2,2,0,0,1,0,66,1,0,1,0,1,0,1,0,1
200500048685,5,8,15,2030,2,1,1,3,4313600,144200,3,2,2,0,1,1,0,60,1,0,1,0,1,0,0,2,1
200500048686,5,8,10,1345,1,1,1,7,4303700,177000,3,2,0,0,1,3,0,46,1,0,1,0,1,0,1,0,1
200500048687,5,8,26,845,1,1,2,1,4299800,121600,3,2,0,0,1,1,0,71,0,0,1,0,0,1,2,0,1
200500048689,5,8,3,1615,1,1,1,6,4429100,261100,3,2,2,0,3,1,23,91,1,6,1,0,1,1,0,0,1
200500048690,5,8,12,800,1,1,1,3,4426800,281600,3,2,2,0,2,1,0,0,1,0,1,0,0,1,2,0,1
200500048691,5,8,19,1430,1,2,1,3,4429100,250900,2,2,2,0,1,1,0,100,1,5,1,0,1,0,1,0,1
200500048692,5,8,12,1330,1,1,1,1,4451800,243300,3,2,2,0,0,3,70,0,1,0,1,0,0,1,2,1,1
200500048693,5,8,25,1530,1,2,1,3,4445900,257500,3,2,2,0,1,2,0,89,1,5,1,0,0,0,2,1,1
200500048695,5,8,7,1645,1,1,1,2,4464400,280900,3,2,2,0,1,1,0,60,1,0,1,0,1,0,1,0,1
200500048697,5,8,15,1630,1,1,7,1,4405100,297600,3,2,2,0,1,3,0,74,1,0,1,0,0,0,3,0,1
200500048698,5,8,3,1900,1,1,1,3,4434100,306500,3,2,0,0,1,1,0,118,1,0,1,0,0,0,1,2,1
200500048699,5,8,17,2345,3,1,2,3,4435000,296000,2,2,2,0,1,3,0,69,0,0,3,0,2,0,1,0,1
200500048700,5,8,29,100,3,8,1,6,4435300,299900,2,2,2,0,1,1,0,75,1,4,1,0,0,0,1,0,1
200500048701,5,8,2,1100,1,1,1,1,4400300,297000,3,2,2,0,1,2,0,72,1,0,1,0,1,0,1,1,1
200500048703,5,8,29,1830,1,1,1,6,4396400,287700,4,2,0,0,1,1,0,65,1,0,1,0,1,0,1,0,1
200500048704,5,8,8,615,1,1,1,6,4388000,277800,3,2,2,0,1,1,0,0,1,0,1,0,1,0,0,1,1
200500048705,5,8,27,1315,1,1,1,1,4451700,204600,3,2,2,0,0,2,0,69,2,0,1,0,1,0,1,1,1
200500048707,5,8,17,1645,1,1,1,3,4363600,86700,3,2,2,0,0,0,0,0,1,0,1,0,1,0,0,1,1
200500048714,5,8,8,2115,1,1,1,6,4393700,36000,3,2,2,0,2,1,0,60,1,0,3,0,1,0,0,1,1
200500048715,5,8,9,1100,1,1,1,3,4403000,46000,3,2,0,0,1,1,0,67,1,0,1,0,0,0,0,2,1
200500048716,5,8,8,1300,1,1,1,3,4380500,4000,4,2,2,0,1,1,0,60,1,0,1,0,2,0,0,1,1
200500048717,5,8,11,1845,1,4,1,3,4387000,-10200,3,2,2,0,3,1,0,71,1,0,0,0,1,0,0,1,1
200500048720,5,8,19,800,1,1,1,7,4388100,18000,3,2,2,0,1,1,0,80,1,0,3,0,0,0,0,1,1
200500048722,5,8,23,2330,3,1,1,7,4392200,-7000,3,2,2,0,1,1,0,44,1,0,3,0,0,0,2,0,1
200500048723,5,8,24,1515,1,1,1,1,4381700,9700,2,2,2,0,2,3,0,61,1,0,1,0,0,0,0,2,1
200500048728,5,8,1,1607,1,1,8,1,4355000,48000,2,2,0,0,2,2,0,105,2,0,1,0,1,1,1,0,1
200500048730,5,8,17,1600,1,1,1,3,4343100,31100,3,2,0,0,1,1,0,56,1,0,1,0,1,0,0,1,1
200500048732,5,8,1,1815,1,2,1,3,4362100,-20600,3,2,2,0,1,1,0,60,1,5,1,0,1,0,1,1,1
200500048733,5,8,20,1500,1,1,2,6,4359700,-17000,3,2,2,0,1,3,0,0,2,0,1,0,0,0,3,0,1
200500048734,5,8,30,600,2,1,1,7,4361900,8200,3,2,2,0,1,1,0,0,1,0,1,0,1,0,1,0,1
200500048736,5,8,6,2145,3,1,1,6,4428500,137100,4,2,2,0,3,3,0,23,1,0,1,0,5,0,1,0,1
200500048737,5,8,20,1330,1,1,2,1,4434000,151400,3,2,0,0,1,3,0,73,2,2,1,0,1,0,1,0,1
200500048738,5,8,4,100,5,1,1,6,4449700,114600,3,1,0,0,1,1,0,33,1,0,1,0,1,0,1,0,1
200500048739,5,8,18,1540,1,1,1,6,4443400,131600,4,2,2,0,1,1,0,36,1,0,1,0,0,0,2,0,1
200500048740,5,8,1,1330,1,1,1,7,4455700,189400,3,0,0,0,0,0,0,0,0,0,0,0,1,0,1,1,1
200500048742,5,8,10,2200,3,1,1,5,4464100,153300,3,2,0,0,2,2,0,68,1,0,0,0,2,1,0,0,1
200500048744,5,8,8,1645,1,1,1,6,4478300,172500,4,1,0,0,1,1,0,25,1,0,1,0,1,0,1,0,1
200500048748,5,8,22,45,3,1,1,1,4314700,2700,3,2,2,0,1,4,0,50,1,0,1,0,0,0,0,4,1
200500048749,5,8,14,1530,1,1,1,1,4330200,59100,3,2,2,0,1,3,0,63,1,0,1,0,1,0,0,1,1
200500048753,5,8,26,2100,2,1,1,3,4298200,-6800,3,2,2,0,0,1,0,0,1,5,1,0,0,1,2,0,1
200500048755,5,8,7,2215,5,1,1,1,4313100,38600,9,2,2,0,1,1,0,62,1,0,1,0,1,0,1,0,1
200500048763,5,8,14,1030,1,1,1,6,4370500,181800,3,2,2,0,1,1,0,90,1,0,1,0,1,0,1,0,1
200500048764,5,8,27,145,3,1,1,6,4376100,168900,3,2,2,0,1,3,0,45,1,0,3,0,0,0,2,0,1
200500048765,5,8,30,1700,1,1,1,3,4368300,174800,3,2,0,0,3,3,0,0,1,5,1,0,1,1,0,0,1
200500048767,5,8,5,1630,1,1,1,6,4382800,204100,3,2,2,0,1,0,0,55,1,0,1,0,0,0,1,0,1
200500048768,5,8,14,500,3,1,1,6,4356000,258000,3,2,1,0,2,2,0,48,1,0,3,0,3,0,0,1,1
200500048770,5,8,13,1100,1,1,1,6,4357700,234500,3,2,0,0,1,1,0,62,1,0,3,0,0,0,0,2,1
200500048772,5,8,28,1815,1,1,1,5,4352300,230100,2,2,2,0,1,3,0,74,1,0,1,0,0,0,1,4,1
200500048776,5,8,31,1800,1,1,1,6,4412300,148200,4,2,0,0,1,1,0,33,1,0,1,0,1,0,1,0,1
200500048779,5,8,11,2015,1,1,1,7,4414200,185500,3,2,2,0,1,2,0,60,1,0,3,0,0,0,1,0,1
200500048782,5,8,27,1100,1,1,2,7,4413100,117100,3,2,2,0,1,2,0,60,2,0,3,0,0,0,1,0,1
200500048783,5,8,1,1145,1,1,8,3,4381300,125500,3,2,2,0,2,1,0,70,0,0,1,0,1,0,0,1,1
200500048789,5,8,9,1600,1,1,1,3,4575500,506400,3,2,2,1,0,3,0,60,1,0,1,0,0,0,1,1,1
200500048797,5,8,27,1145,1,1,1,3,4569600,444000,2,2,2,0,1,1,0,75,1,0,1,0,1,0,1,0,1
200500048804,5,8,6,1900,1,1,1,6,4603200,465700,3,2,2,0,1,2,0,0,1,0,1,0,0,0,0,1,1
200500048806,5,8,11,400,5,1,1,6,4616700,468000,3,2,0,0,2,1,0,60,1,0,1,0,1,0,1,0,1
200500048807,5,8,16,1500,1,1,1,7,4614400,460700,3,2,2,0,1,1,0,70,1,0,1,0,0,0,0,1,1
200500048809,5,8,23,1900,1,1,1,2,4623700,448800,3,2,0,0,1,1,0,51,1,0,1,0,1,0,0,1,1
200500048811,5,8,28,1545,1,1,1,6,4621300,472000,3,2,1,0,2,2,0,53,1,0,3,0,0,0,2,0,1
200500048823,5,8,7,2330,3,1,1,3,4588000,451100,2,2,2,0,1,1,0,73,1,0,1,0,2,0,1,3,1
200500048824,5,8,2,1600,1,1,8,6,4603300,431500,3,2,2,0,0,1,0,77,1,0,1,0,1,0,1,0,1
200500048829,5,8,25,1815,1,1,3,6,4636900,504700,3,0,2,0,3,3,0,61,2,0,3,0,1,0,1,0,1
200500048833,5,8,31,1545,1,1,1,7,4573400,570900,2,2,0,0,4,4,0,77,1,0,3,0,0,1,0,0,1
200500048834,5,8,5,1730,1,1,1,1,4581500,577800,3,2,2,0,1,1,0,65,1,0,1,0,1,1,0,0,1
200500048836,5,8,20,1345,1,1,1,1,4595300,577000,3,2,0,0,2,2,0,43,1,0,1,0,1,0,1,0,1
200500048840,5,8,10,1600,1,1,1,1,4624700,607200,3,2,2,0,3,2,0,70,1,0,1,0,0,0,1,1,1
200500048841,5,8,17,1415,1,1,1,1,4624900,609600,3,0,0,0,0,0,0,0,0,0,0,0,1,0,0,3,1
200500048842,5,8,18,1630,1,1,1,6,4630700,609800,3,2,2,0,1,4,0,43,1,0,4,0,1,0,1,0,1
200500048846,5,8,20,2030,2,6,1,3,4598300,475800,3,2,2,0,1,1,0,60,1,5,1,0,2,0,0,2,1
200500048850,5,8,9,1215,1,1,1,5,4591400,493900,2,2,2,0,1,1,0,77,1,0,1,0,3,0,6,1,1
200500048855,5,8,27,845,1,1,1,1,4447900,468900,2,2,1,0,1,1,0,64,1,0,3,0,1,0,0,1,1
200500048856,5,8,9,945,1,1,1,3,4455400,441100,3,2,2,0,2,1,0,107,1,0,1,0,1,0,1,0,1
200500048860,5,8,8,1800,1,1,1,1,4472700,451900,2,2,2,0,2,3,0,80,1,0,1,0,1,0,1,0,1
200500048861,5,8,16,1830,1,1,1,3,4475000,474600,2,2,0,0,0,1,0,80,1,0,1,0,1,0,2,0,1
200500048862,5,8,8,1130,1,1,1,1,4445600,414900,3,2,2,0,1,3,0,45,1,0,1,0,1,0,1,0,1
200500048863,5,8,13,330,5,1,1,6,4452000,432000,3,2,2,0,1,2,0,69,1,0,1,0,0,0,0,2,1
200500048865,5,8,22,1730,1,1,1,7,4477100,405800,3,2,2,0,2,0,0,70,1,0,0,0,0,0,1,0,1
200500048866,5,8,1,800,1,1,1,1,4442500,431100,3,2,2,0,1,1,0,72,1,0,1,0,1,0,1,0,1
200500048867,5,8,4,2315,3,1,1,3,4437100,416700,3,2,0,0,0,1,61,0,1,5,1,0,2,0,0,3,1
200500048868,5,8,17,1300,1,1,1,6,4440900,413000,3,2,2,0,2,4,0,71,9,0,3,0,0,0,1,0,1
200500048869,5,8,11,630,2,1,2,1,4531100,477600,2,2,0,0,0,3,0,0,2,0,1,0,1,0,3,0,1
200500048871,5,8,22,1030,1,1,2,5,4525200,477800,3,2,0,0,2,1,0,88,2,0,1,0,0,0,2,2,1
200500048872,5,8,25,1730,1,1,1,1,4522300,457000,3,3,2,0,2,3,0,48,1,0,1,0,1,0,1,0,1
200500048873,5,8,6,45,5,1,1,3,4501600,440400,3,2,2,0,1,3,0,67,1,0,1,0,2,0,1,0,1
200500048876,5,8,30,2045,3,1,1,6,4492000,442700,4,2,2,0,4,4,0,41,1,0,1,0,0,0,0,1,1
200500048878,5,8,13,2245,3,2,1,3,4516700,474900,4,2,2,0,1,1,0,40,1,0,1,0,1,0,0,2,1
200500048882,5,8,12,1100,1,1,1,3,4484000,488900,3,2,2,0,0,2,0,60,0,0,0,0,1,0,2,0,1
200500048883,5,8,19,430,3,1,1,6,4472600,480700,2,2,3,0,0,1,106,0,1,0,3,0,0,1,3,0,1
200500048884,5,8,27,1230,1,1,1,7,4478700,488800,3,2,2,0,1,2,0,58,1,0,1,0,0,0,2,0,1
200500048885,5,8,12,1415,1,1,1,7,4472800,526700,3,0,2,0,1,3,0,45,1,0,1,0,0,0,1,1,1
200500048887,5,8,28,2115,3,1,1,6,4455400,490900,3,2,1,0,1,2,0,61,1,0,1,0,0,1,0,0,1
200500048890,5,8,27,1945,1,1,2,6,4427900,527300,3,2,0,0,2,2,0,60,2,0,1,0,0,0,1,0,1
200500048894,5,8,31,1700,1,2,1,3,4499600,504600,4,2,0,0,1,1,0,0,1,0,1,0,0,0,0,3,1
200500048895,5,8,31,2100,5,1,1,6,4504100,529700,3,3,0,0,0,4,0,0,1,5,3,0,0,0,1,0,1
200500048897,5,8,20,1815,1,1,1,5,4517700,481600,2,2,4,0,1,1,10,116,1,0,1,0,1,0,1,0,1
200500048901,5,8,11,1040,1,1,2,1,4524100,588500,3,2,2,0,1,1,0,50,2,0,1,0,0,0,0,2,1
200500048902,5,8,15,515,2,1,2,7,4514900,580700,3,2,2,0,2,1,0,65,2,0,3,0,0,1,0,0,1
200500048907,5,8,10,1500,1,1,1,7,4527800,598700,3,2,2,0,4,1,0,0,1,5,1,0,0,0,1,0,1
200500048908,5,8,12,2245,3,1,1,6,4530400,594900,3,2,2,0,1,1,0,66,1,0,1,0,0,0,1,0,1
200500048909,5,8,30,1100,4,1,1,1,4529600,562600,3,3,2,0,1,1,30,35,1,5,1,0,0,1,2,0,1
200500048910,5,8,9,900,1,1,1,6,4491100,578500,2,3,2,0,1,2,20,0,1,0,1,0,1,0,1,0,1
200500048912,5,8,12,2130,5,1,1,1,4491100,578800,2,2,0,0,4,3,0,0,0,0,1,0,0,0,0,1,1
200500048913,5,8,17,1830,1,1,1,1,4488100,583200,2,2,0,0,1,1,0,65,1,0,1,0,0,0,1,5,1
200500048914,5,8,5,1545,1,1,1,1,4507000,575400,2,2,2,0,2,1,0,70,1,0,1,0,0,0,1,3,1
200500048915,5,8,11,1345,1,1,3,3,4508900,521400,2,2,2,0,3,2,0,66,2,2,1,0,4,0,3,0,1
200500048918,5,8,21,2030,3,1,3,1,4535100,547700,2,3,3,0,2,2,0,180,2,0,1,0,0,1,1,0,1
200500048919,5,8,5,1600,1,6,1,2,4534100,518800,3,2,2,0,1,2,0,70,1,5,1,0,2,0,1,0,1
200500048920,5,8,25,1945,1,1,1,4,4522200,543500,2,2,2,0,2,1,0,78,1,0,1,0,2,0,0,1,1
200500048921,5,8,2,1415,1,1,2,1,4556700,527800,3,2,2,0,1,3,0,0,2,0,1,0,2,0,1,1,1
200500048922,5,8,5,1645,1,1,1,1,4567100,535300,3,2,0,0,2,1,0,40,1,0,1,0,1,0,1,1,1
200500048923,5,8,11,815,1,1,3,1,4551400,530400,2,2,2,0,2,4,0,0,2,0,1,0,2,0,2,0,1
200500048924,5,8,22,1400,1,1,1,1,4559000,533000,4,2,1,0,2,2,0,0,1,0,1,0,1,0,0,1,1
200500048925,5,8,13,1645,1,1,1,3,4572500,524100,4,2,1,0,1,1,0,0,1,0,1,0,1,0,1,0,1
200500048926,5,8,18,1545,1,1,1,3,4575700,522100,4,2,2,0,1,1,70,0,1,0,1,0,0,0,1,2,1
200500048927,5,8,6,915,1,1,1,1,4540000,542700,3,2,2,0,1,1,0,60,1,0,1,0,0,0,1,1,1
200500048928,5,8,13,30,3,1,1,6,4582500,538700,3,2,2,0,0,2,0,0,1,0,0,0,0,0,1,0,1
200500048933,5,8,29,1545,1,1,1,1,4539400,518400,3,2,2,0,1,1,0,50,1,0,1,0,1,0,0,1,1
200500048934,5,8,26,2115,3,1,1,6,4539600,518600,4,2,2,0,1,1,0,40,1,0,3,0,0,0,1,0,1
200500048935,5,8,30,1800,1,1,1,2,4546200,529300,2,2,2,0,1,1,0,70,1,0,1,0,1,0,0,1,1
200500048938,5,8,27,1045,1,1,1,6,4546700,505000,4,2,0,0,1,1,0,0,1,0,3,0,0,0,1,0,1
200500048939,5,8,7,2015,1,1,1,5,4575500,519300,3,2,2,0,1,1,0,0,1,0,1,0,2,0,1,0,1
200500048940,5,8,13,1445,1,1,1,1,4572800,514400,3,2,2,0,1,1,0,0,1,0,1,0,1,0,1,0,1
200500048941,5,8,12,1800,1,9,1,3,4575500,517100,3,2,2,0,0,1,0,0,1,0,1,0,0,0,2,0,1
200500048942,5,8,13,1800,1,1,1,6,4532400,477500,4,2,0,0,0,0,0,70,1,0,1,0,0,0,1,0,1
200500048944,5,8,18,115,3,1,1,7,4537400,436900,3,2,0,0,0,3,0,0,1,0,1,0,1,0,0,1,1
200500048945,5,8,20,1130,1,1,1,3,4530100,456100,2,2,2,0,2,1,0,80,1,0,1,0,1,0,0,1,1
200500048949,5,8,21,500,3,1,1,6,4556600,420600,3,2,2,0,1,1,0,41,2,0,3,0,0,0,2,0,1
200500048953,5,8,28,1915,1,1,1,6,4574500,419700,2,2,2,0,1,1,75,70,1,0,1,0,0,1,2,0,1
200500048954,5,8,2,1930,1,1,2,7,4538700,393800,3,2,0,0,1,3,0,63,2,0,0,0,0,0,1,0,1
200500048955,5,8,14,945,1,1,1,1,4541900,407200,3,2,0,0,2,2,0,68,1,0,1,0,1,0,1,0,1
200500048956,5,8,16,1100,1,1,1,1,4540000,407900,3,2,0,0,2,2,64,0,1,0,1,0,3,0,1,0,1
200500048957,5,8,5,1845,1,1,1,2,4565100,430000,2,2,2,0,2,1,0,77,1,0,1,0,1,0,1,0,1
200500048974,5,8,3,2035,2,1,1,7,4563400,591400,3,2,0,1,3,2,0,0,1,0,3,0,0,0,1,0,1
200500048978,5,8,6,945,1,1,1,2,4557400,595400,2,2,2,0,1,1,0,75,1,0,1,0,0,0,2,0,1
200500048979,5,8,13,1130,1,1,1,3,4565400,617100,3,2,0,0,1,1,0,50,1,0,1,0,1,0,0,1,1
200500048980,5,8,24,1515,1,1,1,6,4571900,610900,3,2,2,0,2,4,0,51,1,0,1,0,0,0,1,0,1
200500048989,5,8,26,1745,1,1,1,3,4554400,575300,3,2,0,0,2,3,0,69,0,0,1,0,0,0,1,2,1
200500048991,5,8,1,1630,1,1,1,6,4571600,577000,3,2,2,0,1,1,0,46,1,0,1,0,0,0,1,0,1
200500048996,5,8,30,1005,1,1,1,3,4521200,646400,3,2,2,0,2,4,0,70,1,0,1,0,1,0,2,0,1
200500049006,5,8,7,1315,1,1,1,6,4589800,643000,3,2,2,0,2,2,0,60,1,0,1,0,0,0,2,0,1
200500049008,5,8,13,915,1,2,8,3,4605200,694400,2,2,2,0,2,4,0,90,2,2,1,0,3,0,1,0,1
200500049013,5,8,21,615,2,2,1,3,4609500,631400,2,2,2,0,1,1,0,70,2,5,1,0,0,0,0,2,1
200500049014,5,8,29,1945,1,1,1,6,4606300,636700,3,2,2,0,1,1,0,60,1,0,1,0,1,0,2,0,1
200500049018,5,8,3,1830,1,1,7,6,4609600,667100,3,2,2,0,1,1,0,69,1,0,3,0,0,0,0,6,1
200500049019,5,8,17,1915,1,1,1,3,4608700,672400,4,2,2,0,1,1,0,72,1,0,1,0,1,0,0,1,1
200500049021,5,8,18,815,1,1,2,2,4610300,610300,2,2,3,0,1,1,0,105,2,0,1,0,1,0,1,0,1
200500049022,5,8,10,100,3,1,1,1,4618800,630200,4,2,0,0,2,2,0,46,1,0,1,0,0,0,1,1,1
200500049024,5,8,20,1715,1,1,2,2,4615000,633000,3,0,0,0,1,1,0,0,2,0,1,0,2,0,2,0,1
200500049029,5,8,22,1100,1,1,2,5,4602700,590900,2,2,2,0,1,3,0,83,2,0,1,0,2,0,1,3,1
200500049031,5,8,17,2345,5,1,1,7,4630700,624900,3,2,0,0,0,1,0,60,1,0,1,0,0,0,1,1,1
200500049032,5,8,15,545,2,2,8,3,4627400,638600,3,2,2,0,1,1,0,70,1,0,1,0,0,0,1,1,1
200500049034,5,8,4,1915,1,1,1,1,4620400,669000,3,2,2,0,2,3,0,60,1,2,1,0,1,0,0,1,1
200500049036,5,8,1,1200,1,3,1,1,4571500,332300,3,0,2,0,1,1,0,84,1,0,3,0,1,0,1,1,1
200500049041,5,8,13,645,2,1,1,6,4571000,312000,3,2,1,0,2,1,0,50,1,0,4,0,0,0,1,0,1
200500049042,5,8,28,330,3,1,1,6,4555300,369400,3,2,2,0,1,3,0,68,1,0,3,0,0,0,1,0,1
200500049044,5,8,30,800,1,1,1,2,4553500,325500,3,2,2,0,2,1,0,90,1,0,1,0,1,0,1,0,1
200500049046,5,8,21,915,1,7,2,6,4561100,268800,3,2,2,0,2,3,0,0,2,5,1,0,1,0,0,1,1
200500049047,5,8,29,1500,1,1,1,1,4562500,271400,3,2,2,0,3,1,0,112,1,5,1,0,1,0,2,0,1
200500049048,5,8,21,430,3,1,2,7,4547500,284400,3,2,2,0,2,3,0,62,2,0,1,0,0,0,1,0,1
200500049049,5,8,11,2215,5,1,1,6,4606300,343600,3,0,0,0,2,2,0,64,1,0,4,0,0,1,0,0,1
200500049056,5,8,19,1515,1,1,1,3,4610600,291100,3,3,1,0,1,0,0,0,1,0,1,0,1,0,1,0,1
200500049057,5,8,18,1615,1,1,1,7,4622900,287200,4,2,0,0,1,0,0,0,0,0,1,0,0,0,1,0,1
200500049060,5,8,7,1015,1,2,1,3,4572200,360100,3,2,2,0,1,3,0,59,1,0,0,0,0,0,0,2,1
200500049061,5,8,15,2215,3,1,1,7,4586800,334200,3,2,0,0,1,1,0,55,1,0,3,0,0,0,2,1,1
200500049062,5,8,31,1215,1,1,1,7,4584300,333100,3,2,2,0,2,1,0,0,1,2,0,0,0,0,1,0,1
200500049063,5,8,26,1545,1,1,1,3,4650400,336500,2,2,0,0,0,1,0,0,1,3,1,0,1,0,1,0,1
200500049064,5,8,3,1645,1,1,1,1,4653800,358900,2,2,2,0,1,1,0,73,1,0,1,0,1,2,0,0,1
200500049067,5,8,24,1845,1,1,1,6,4642700,306800,3,2,2,0,2,1,0,0,1,0,1,0,0,0,2,0,1
200500049068,5,8,13,2100,1,1,1,6,4661300,282200,3,2,0,0,1,2,0,61,1,0,3,0,0,0,1,2,1
200500049069,5,8,2,1845,1,3,1,1,4629500,273700,4,2,0,0,1,1,0,54,1,0,1,0,1,0,1,0,1
200500049070,5,8,28,1345,1,1,1,6,4620800,258400,3,2,0,0,1,1,0,43,1,0,1,0,0,0,1,0,1
200500049074,5,8,24,1500,1,1,1,1,4625000,369500,3,2,0,0,2,1,0,80,1,0,1,0,2,1,1,1,1
200500049075,5,8,27,1530,1,1,1,5,4630100,375500,3,2,2,0,2,1,0,74,1,0,1,0,8,0,1,0,1
200500049076,5,8,27,1830,1,1,1,1,4648000,396700,2,2,2,0,1,1,0,112,1,0,1,0,0,0,3,2,1
200500049077,5,8,17,1215,1,1,1,7,4600800,365400,4,2,0,0,2,1,0,30,1,0,1,0,1,1,0,0,1
200500049083,5,8,29,1445,1,1,1,2,4544100,252200,3,2,2,0,1,1,0,76,1,0,1,0,1,0,1,0,1
200500049084,5,8,3,1400,1,1,1,6,4511800,304900,4,2,0,0,1,1,0,51,1,0,1,0,1,0,1,0,1