Num_Acc,an,mois,jour,hrmn,lum,int,atm,col,lat,long,catr,circ,nbv,vosp,prof,plan,lartpc,larrout,surf,infra,situ,env1,unscathed,killed,hospital,light,chance
200500049085,5,8,29,1200,1,1,1,3,4511400,308700,3,2,2,0,1,1,0,47,1,0,1,0,0,0,1,1,1
200500049086,5,8,5,1315,1,1,1,2,4509200,274500,3,2,2,0,1,3,0,0,1,0,1,0,1,0,1,0,1
200500049089,5,8,19,930,1,1,1,6,4489600,385100,2,2,2,0,1,1,0,75,1,0,3,3,2,0,1,0,1
200500049090,5,8,22,1215,1,1,8,1,4476900,391500,2,2,2,0,1,2,0,82,2,0,1,0,4,0,1,0,1
200500049091,5,8,25,1600,1,1,1,5,4481300,388200,2,2,2,0,1,1,0,72,1,0,3,0,4,2,3,0,1
200500049092,5,8,28,1430,1,1,1,6,4500300,396700,4,2,2,0,1,1,0,60,9,0,1,0,0,1,0,0,1
200500049093,5,8,15,1745,1,1,1,5,4520000,391400,3,2,0,0,0,2,0,65,1,0,1,0,4,0,0,1,1
200500049094,5,8,16,1730,1,1,1,1,4514000,392100,3,2,2,0,1,1,0,60,1,0,1,0,1,0,1,0,1
200500049095,5,8,18,1430,1,1,1,3,4500300,400800,4,2,0,0,1,1,0,50,1,0,1,0,1,0,2,0,1
200500049096,5,8,31,1200,1,1,1,1,4528000,338000,2,2,2,0,1,1,0,71,1,0,1,0,1,1,0,0,1
200500049099,5,8,15,215,3,1,1,7,4506400,357700,3,2,0,0,2,4,0,65,1,0,1,0,1,0,2,1,1
200500049100,5,8,18,100,3,1,1,7,4512200,348900,3,2,0,0,0,1,0,0,1,0,1,0,0,0,2,0,1
200500049101,5,8,12,1300,1,1,1,1,4538700,326800,3,2,2,0,1,1,0,50,1,0,4,0,0,0,1,3,1
200500049102,5,8,14,2245,3,1,1,6,4539000,335800,3,2,2,0,1,1,0,51,1,2,3,0,0,0,0,2,1
200500049103,5,8,6,1145,1,9,1,4,4538600,328100,1,3,0,3,2,1,32,70,1,3,1,0,1,2,0,2,1
200500049104,5,8,10,845,1,1,1,7,4515000,411000,2,2,2,0,1,1,0,0,1,0,3,0,1,0,1,0,1
200500049105,5,8,15,1430,1,4,1,3,4523000,409000,3,2,2,0,2,1,0,47,1,0,1,0,2,0,1,0,1
200500049106,5,8,12,1900,1,1,1,3,4511400,411000,4,2,2,0,2,3,0,40,1,0,1,0,1,0,1,0,1
200500049107,5,8,31,1200,1,1,1,3,4520700,401900,3,2,2,0,2,2,0,75,1,0,1,0,1,0,2,1,1
200500049108,5,8,24,1645,1,1,1,5,4528900,418300,2,1,1,0,0,1,0,50,1,3,1,0,2,0,1,1,1
200500049111,5,8,14,900,1,1,8,1,4916300,609800,3,2,2,0,2,2,0,0,2,0,1,0,0,2,3,0,1
200500049116,5,8,26,1515,1,1,1,3,4920900,629900,3,2,2,0,1,3,0,70,1,0,1,3,1,0,2,0,1
200500049118,5,8,31,1515,1,9,1,1,4929900,650100,3,2,2,0,3,1,0,69,1,0,1,0,1,1,0,0,1
200500049122,5,8,30,1900,1,1,1,6,4907400,688300,2,2,2,0,1,0,0,68,1,0,1,0,1,0,1,0,1
200500049123,5,8,31,2045,3,1,1,7,4892800,680500,3,2,0,0,2,2,0,56,1,0,3,0,0,0,1,0,1
200500049128,5,8,28,1500,1,1,1,3,4854300,714000,3,2,2,0,1,3,0,58,1,0,1,0,3,1,0,0,1
200500049137,5,8,6,445,5,6,8,1,4926700,617600,3,1,0,0,1,0,0,74,1,3,1,0,0,0,0,2,1
200500049139,5,8,31,1600,1,1,1,6,4930500,615600,4,2,2,0,1,1,0,60,1,0,1,0,0,0,0,1,1
200500049159,5,8,17,1315,1,1,1,2,4874000,510000,3,2,2,0,0,1,0,71,1,0,1,0,0,0,1,2,1
200500049160,5,8,18,1215,1,3,1,3,4883300,498700,4,2,0,0,0,0,0,50,1,0,1,0,1,0,0,1,1
200500049162,5,8,14,15,3,1,1,6,4890500,551100,5,0,1,0,4,1,0,46,1,0,1,0,0,1,1,0,1
200500049166,5,8,27,1115,1,1,1,3,4949400,518600,3,2,0,0,0,1,0,77,1,0,1,0,1,0,0,1,1
200500049167,5,8,13,2030,1,1,1,6,4938000,548900,9,2,0,0,0,0,0,30,1,0,3,0,0,0,1,0,1
200500049170,5,8,23,1945,1,1,1,1,4925300,506800,4,2,2,0,2,2,0,76,1,0,1,0,1,0,1,0,1
200500049172,5,8,15,2015,1,1,1,7,4910200,575400,3,2,2,0,2,3,0,70,1,0,3,0,1,0,1,0,1
200500049173,5,8,18,1500,1,1,1,3,4819300,648700,3,2,2,0,1,2,0,60,1,5,1,0,3,0,3,0,1
200500049174,5,8,4,1545,1,1,1,7,4829300,666200,4,2,2,0,1,1,0,31,1,0,3,0,0,0,0,2,1
200500049175,5,8,12,600,1,9,1,7,4825200,661100,2,2,2,0,1,1,0,0,1,0,3,0,0,0,1,0,1
200500049177,5,8,27,2345,3,1,1,7,4802600,591600,3,2,1,0,1,1,0,60,1,0,3,0,0,0,1,0,1
200500049178,5,8,29,1700,1,1,1,6,4808200,637500,3,2,2,0,1,2,0,63,1,0,1,0,0,0,0,1,1
200500049186,5,8,10,1815,1,1,1,1,4786700,681000,2,2,0,0,1,3,0,80,1,0,1,0,1,0,1,0,1
200500049188,5,8,3,2200,5,1,1,6,4793100,648900,3,2,2,0,1,3,0,78,1,0,4,0,0,1,1,0,1
200500049197,5,8,19,2000,2,1,8,1,4833200,686400,3,2,3,0,0,1,0,104,2,0,1,0,4,0,2,0,1
200500049198,5,8,24,715,1,1,1,3,4836200,758100,4,2,0,0,1,0,0,64,1,5,1,0,2,0,1,0,1
200500049199,5,8,4,1830,1,1,1,1,4839600,769900,3,2,2,0,1,1,0,68,1,0,1,0,2,1,0,0,1
200500049201,5,8,30,1200,1,6,1,6,4846400,749500,3,1,1,0,1,1,0,0,1,0,1,0,1,0,1,0,1
200500049202,5,8,8,2330,5,1,1,7,4883700,765000,3,2,2,0,4,1,0,62,1,0,1,0,0,0,2,0,1
200500049205,5,8,19,1900,1,1,1,1,4878200,772200,2,2,2,0,1,1,0,69,2,3,1,0,2,0,1,0,1
200500049207,5,8,20,1145,1,1,1,1,4853100,750000,3,2,2,0,1,1,50,90,1,5,1,0,1,0,1,0,1
200500049208,5,8,1,1030,1,1,1,7,4850800,712700,3,2,2,0,2,3,0,63,1,0,3,0,0,1,0,0,1
200500049209,5,8,3,1815,1,7,1,6,4875000,735800,4,2,0,0,1,0,0,0,1,0,1,0,1,0,1,0,1
200500049222,5,8,5,1130,1,1,1,6,4868300,765800,3,2,0,0,0,1,0,0,1,5,4,0,0,0,1,0,1
200500049224,5,8,12,2000,1,1,2,6,4863900,757600,3,2,0,0,1,4,0,0,2,0,1,0,0,0,1,0,1
200500049226,5,8,20,945,3,1,1,6,4864900,767400,3,2,0,0,0,1,0,0,9,0,1,0,1,0,1,0,1
200500049229,5,8,25,2130,2,9,2,3,4899900,801900,4,2,2,0,1,1,0,58,1,0,1,0,0,0,1,1,1
200500049230,5,8,28,1230,1,9,7,6,4902800,788000,3,2,2,0,2,4,0,63,1,0,1,0,0,0,0,1,1
200500049231,5,8,13,1615,1,1,1,7,4901900,778000,3,2,2,0,0,2,0,0,1,0,1,0,1,0,1,0,1
200500049232,5,8,4,700,1,1,1,6,4810500,753400,3,2,2,0,1,1,0,70,1,0,3,0,0,0,1,0,1
200500049233,5,8,23,1345,1,1,1,6,4815500,724700,2,2,1,1,1,1,0,80,1,0,4,0,0,0,1,1,1
200500049234,5,8,17,1800,1,1,1,1,4806700,734100,3,3,2,1,1,1,23,100,1,0,1,0,0,0,1,1,1
200500049235,5,8,19,1800,2,1,2,3,4809700,724000,3,2,0,0,2,3,0,85,2,0,1,0,0,0,1,1,1
200500049236,5,8,29,1800,1,4,1,3,4808800,731500,2,2,0,0,1,3,0,90,1,5,1,0,0,0,1,1,1
200500049237,5,8,30,1230,1,1,1,3,4808900,730700,3,2,2,0,1,1,0,0,1,5,1,0,1,0,1,0,1
200500049240,5,8,28,1545,1,1,1,7,4744800,738500,3,2,2,0,2,2,70,0,1,0,3,0,0,0,2,0,1
200500049241,5,8,9,1645,1,1,1,5,4789800,711800,3,2,2,0,2,4,0,65,1,0,1,0,1,0,2,0,1
200500049242,5,8,22,2100,5,1,1,6,4792100,753700,3,2,2,0,1,1,0,90,1,0,4,0,0,1,0,0,1
200500049243,5,8,23,2230,3,1,1,1,4795400,738500,3,2,2,0,0,1,0,80,1,5,1,0,1,0,0,1,1
200500049244,5,8,9,1715,1,1,1,7,4796100,730700,2,3,0,0,1,1,10,42,1,0,1,0,0,0,1,0,1
200500049247,5,8,3,1615,1,1,1,6,4771100,736000,3,2,2,0,1,1,0,62,1,0,3,0,0,1,0,0,1
200500049248,5,8,1,515,2,1,1,7,4756800,748300,3,2,2,0,2,1,0,70,1,0,1,0,0,0,1,0,1
200500049249,5,8,9,1515,1,1,1,3,4753100,748100,3,2,2,0,1,0,0,70,1,0,1,0,1,0,1,0,1
200500049250,5,8,18,1300,1,1,1,5,4758300,747400,3,2,2,0,3,3,0,75,1,0,1,0,2,0,1,0,1
200500049251,5,8,19,2345,5,1,1,7,4758200,753000,3,2,0,0,0,0,0,0,0,0,0,0,0,0,1,0,1
200500049253,5,8,25,1200,1,1,1,1,4779200,707300,9,2,2,1,2,1,0,0,1,0,5,0,1,0,1,0,1
200500049254,5,8,28,1930,1,1,1,7,4789700,707000,9,2,0,0,2,1,0,35,1,0,3,0,0,0,1,0,1
200500049256,5,8,29,1730,1,1,1,1,4789200,697200,2,2,2,0,1,1,0,85,1,0,1,0,1,0,2,1,1
200500049257,5,8,30,1515,1,1,1,3,4776000,706600,3,2,0,0,0,1,0,105,1,5,1,0,0,0,2,0,1
200500049258,5,8,30,2200,3,1,1,5,4772500,711100,3,2,0,0,3,1,0,120,1,0,1,0,2,0,0,1,1
200500049259,5,8,4,815,1,1,1,3,4903000,403900,3,2,2,0,2,2,0,71,1,0,1,0,0,1,0,1,1
200500049260,5,8,30,1415,1,1,1,3,4898300,400600,3,2,2,0,3,3,0,61,1,0,1,0,1,0,1,0,1
200500049261,5,8,6,2045,2,9,1,1,4860100,450800,3,2,2,0,1,3,0,68,1,0,1,0,1,1,0,0,1
200500049262,5,8,13,15,3,1,1,1,4874300,436900,2,2,0,0,2,1,0,75,1,0,1,0,1,0,0,3,1
200500049263,5,8,21,1700,1,1,1,6,4874600,440900,2,2,0,0,0,1,0,72,1,0,1,0,0,0,3,0,1
200500049264,5,8,29,1445,1,1,1,1,4873400,388300,2,2,2,0,1,1,0,72,1,0,1,0,0,2,3,0,1
200500049267,5,8,2,1330,1,2,1,3,4872300,354800,2,2,2,0,1,1,0,120,1,0,1,0,1,0,0,1,1
200500049268,5,8,9,15,3,1,1,1,4873200,356500,2,3,2,0,1,1,0,110,1,0,1,0,0,1,5,0,1
200500049269,5,8,17,1615,1,1,1,7,4873700,360500,2,3,4,0,1,1,40,0,1,0,1,0,0,0,1,0,1
200500049270,5,8,22,1630,1,3,1,3,4872300,354800,2,2,3,0,1,2,0,105,1,5,3,0,1,2,0,0,1
200500049272,5,8,11,1530,1,1,1,3,4919000,395000,3,2,2,0,1,1,0,54,1,0,1,0,1,0,1,0,1
200500049273,5,8,31,800,1,1,1,6,4924900,378400,3,2,2,0,1,3,0,0,1,0,1,0,0,0,0,1,1
200500049274,5,8,31,1115,1,1,1,1,4925900,396400,2,2,2,0,1,3,0,0,8,0,1,0,1,0,1,0,1
200500049277,5,8,2,1630,1,1,1,2,4910200,487100,3,2,2,0,1,1,0,70,1,0,1,0,1,0,0,2,1
200500049278,5,8,12,1645,1,7,1,6,4895600,488800,4,1,1,0,1,1,0,0,1,0,1,0,2,0,0,1,1
200500049279,5,8,23,915,1,1,2,6,4914000,488500,3,0,2,0,4,2,0,58,2,0,1,0,0,0,0,1,1
200500049280,5,8,23,1300,1,1,1,1,4984700,476200,3,2,2,0,3,4,0,0,2,0,1,0,1,0,1,1,1
200500049281,5,8,30,1800,1,1,1,1,4985800,476900,3,2,2,0,1,2,0,0,1,0,1,0,1,0,1,0,1
200500049285,5,8,7,845,1,1,8,6,4972000,499000,3,2,2,0,3,3,0,53,8,0,1,0,0,1,0,0,1
200500049286,5,8,9,1200,1,1,1,1,4959400,487000,3,2,2,0,3,1,0,0,1,0,1,0,1,1,0,0,1
200500049287,5,8,2,1300,1,1,1,1,4950000,458800,3,2,2,0,1,1,0,82,1,0,1,0,0,0,2,0,1
200500049288,5,8,13,2215,5,1,8,6,4936000,450500,4,2,2,0,1,1,0,86,0,0,1,0,2,0,1,0,1
200500049292,5,8,5,1000,1,1,1,3,4801500,410200,3,2,0,0,2,1,0,57,1,0,1,0,1,0,2,0,1
200500049293,5,8,26,1515,1,1,1,1,4819400,412200,3,2,0,0,1,1,0,60,1,0,1,0,2,0,1,1,1
200500049297,5,8,4,1445,1,1,1,1,4818000,434400,3,2,0,0,1,1,0,67,1,0,0,0,1,0,0,2,1
200500049299,5,8,20,145,5,1,1,6,4840600,373900,9,2,2,0,1,1,0,48,1,0,1,0,0,0,1,0,1
200500049301,5,8,7,945,1,1,1,7,4850500,386200,3,2,0,0,0,2,0,66,1,0,1,0,1,0,0,1,1
200500049302,5,8,9,1115,1,1,1,1,4851500,388900,3,0,2,0,1,1,0,68,1,0,1,0,1,0,1,0,1
200500049303,5,8,21,1600,1,1,1,6,4845100,394400,3,2,2,0,1,2,0,62,1,0,1,0,0,0,1,0,1
200500049309,5,8,10,1915,1,1,1,3,4813700,486800,3,0,2,0,0,4,0,0,1,0,0,0,1,0,1,0,1
200500049310,5,8,12,100,3,1,1,6,4796400,566000,3,0,0,0,1,1,0,68,0,0,3,0,0,1,0,0,1
200500049313,5,8,30,2315,5,2,1,1,4792100,544200,3,2,2,0,1,1,0,71,1,0,1,0,2,0,2,0,1
200500049316,5,8,3,1415,1,1,1,6,4853000,510100,3,2,2,0,1,1,0,61,1,2,1,0,0,0,1,0,1
200500049320,5,8,3,1330,1,1,1,2,4720100,538100,3,2,2,0,1,1,0,66,1,0,1,0,1,0,1,0,1
200500049321,5,8,11,1515,1,1,1,6,4717500,529200,3,2,2,0,1,1,0,67,1,0,3,0,0,0,1,0,1
200500049322,5,8,20,2130,3,1,1,6,4723600,498300,2,2,4,0,1,1,0,61,1,0,1,0,2,0,1,0,1
200500049323,5,8,25,1545,1,6,2,3,4723200,498600,4,2,2,0,0,0,0,0,2,5,1,0,1,0,0,1,1
200500049324,5,8,19,1600,1,2,1,1,4727600,538600,3,2,0,0,1,1,0,0,1,5,1,0,2,0,1,0,1
200500049325,5,8,17,2300,3,1,1,7,4762100,520200,3,2,2,0,1,1,0,48,1,0,0,0,0,0,1,0,1
200500049326,5,8,19,445,3,1,1,1,4761500,525000,2,2,2,0,1,1,0,74,1,0,1,0,0,1,4,0,1
200500049327,5,8,23,1430,1,1,1,1,4752500,511900,4,2,0,0,1,0,0,0,1,5,1,0,1,0,1,0,1
200500049328,5,8,2,1,5,1,1,6,4734500,501500,4,2,0,0,1,1,0,105,1,0,1,0,0,1,0,0,1
200500049330,5,8,6,515,2,1,1,6,4727000,477000,3,2,2,0,1,3,0,0,2,0,0,0,0,0,1,0,1
200500049331,5,8,6,1600,1,1,1,6,4690800,470400,3,2,0,0,1,2,0,0,1,0,3,0,0,1,0,0,1
200500049332,5,8,11,1630,1,1,1,3,4704500,489200,3,2,0,0,1,1,0,0,1,0,1,0,1,0,0,1,1
200500049334,5,8,23,745,1,1,1,1,4700900,494900,3,2,2,0,1,1,0,0,1,5,1,0,1,0,1,0,1
200500049335,5,8,25,1630,1,1,2,7,4701500,493400,3,2,2,0,3,3,0,0,2,0,3,0,0,0,1,0,1
200500049336,5,8,19,1030,1,1,1,6,4724100,456800,3,2,2,0,1,1,0,70,1,0,3,0,0,0,2,0,1
200500049340,5,8,7,1400,1,1,1,7,4779000,459300,3,2,0,0,0,3,60,0,1,2,1,0,0,0,1,0,1
200500049341,5,8,19,1745,1,1,1,3,4762600,433800,4,0,0,0,0,0,0,0,0,0,0,0,1,0,0,1,1
200500049343,5,8,5,1015,1,1,1,6,4744500,466900,3,2,2,0,1,1,0,76,1,0,1,0,1,0,1,0,1
200500049344,5,8,20,2315,3,9,1,6,4684800,366000,2,3,2,0,4,2,0,70,1,0,0,0,0,0,2,0,1
200500049348,5,8,6,1915,1,1,1,6,4692100,324100,3,2,2,0,1,1,0,34,1,0,1,0,0,0,1,1,1
200500049351,5,8,28,1800,1,1,1,6,4713100,346100,4,2,2,0,0,3,35,0,1,0,3,0,0,0,1,0,1
200500049352,5,8,6,1130,1,1,1,2,4706100,369200,3,2,0,0,3,1,0,69,1,0,1,0,2,0,1,0,1
200500049353,5,8,7,1430,1,1,1,7,4686300,410100,2,2,2,0,1,3,0,84,1,0,1,0,0,1,0,0,1
200500049356,5,8,8,1930,1,1,1,6,4728400,395300,3,2,0,0,1,3,0,44,1,0,3,0,0,0,1,0,1
200500049360,5,8,5,1500,1,1,1,5,4637700,467600,2,2,2,0,1,1,0,94,1,2,1,0,3,0,3,0,1
200500049362,5,8,4,700,1,1,1,6,4635100,462100,3,2,2,0,1,1,0,58,1,0,1,0,0,0,1,0,1
200500049363,5,8,17,1700,1,1,1,1,4636900,463700,4,2,2,0,2,2,0,40,1,0,1,0,1,0,1,0,1
200500049364,5,8,10,1430,1,4,1,3,4657200,494600,3,0,0,0,0,0,0,0,0,0,0,0,1,0,1,0,1
200500049365,5,8,25,1730,1,1,3,3,4657000,468700,3,2,0,0,1,1,0,70,2,0,1,0,1,0,1,0,1
200500049366,5,8,30,1215,1,1,1,7,4650700,506700,3,2,2,0,1,1,18,80,1,0,1,0,0,0,2,0,1
201900000001,19,1,10,1776,1,2,9,7,4500150,193938,3,3,18,3,3,2,38,98,3,7,4,56,0,0,0,0,0
201900000002,19,9,3,832,1,7,3,5,4912762,17689,4,2,43,1,4,3,823,256,6,2,4,10,0,0,0,0,0
201900000003,19,2,1,940,4,9,1,1,4990812,473883,7,4,48,1,1,2,215,469,5,6,4,81,0,0,0,0,0
201900000004,19,8,10,591,2,5,9,1,4713968,-7223,9,4,49,3,3,1,712,29,1,2,3,27,0,0,0,0,0
201900000005,19,10,19,989,1,4,6,2,4407051,612160,1,1,36,3,1,1,862,943,4,6,1,13,0,0,0,0,0
201900000006,19,4,12,1418,3,3,2,4,4513972,-270686,1,4,49,2,2,3,505,113,8,2,2,75,0,0,0,0,0
201900000007,19,12,28,112,1,4,7,3,4649504,646887,1,1,28,1,4,4,59,898,8,3,5,48,0,0,0,0,0
201900000008,19,6,24,509,1,6,2,3,4442889,253880,9,1,7,1,4,1,525,630,9,2,2,92,0,0,0,0,0
201900000009,19,6,7,17,5,8,3,7,4683606,135265,3,4,14,2,1,2,421,192,8,2,5,13,0,0,0,0,0
201900000010,19,6,21,2203,2,8,7,2,4408921,313126,5,1,35,2,3,4,314,645,6,4,1,80,0,0,0,0,0
201900000011,19,10,4,690,4,1,2,4,4520209,366682,2,3,38,3,1,4,669,671,9,2,5,56,0,0,0,0,0
201900000012,19,2,4,1681,4,9,8,6,4733169,-90068,9,1,46,2,2,3,147,727,4,7,4,24,0,0,0,0,0
201900000013,19,12,8,1899,2,5,3,1,4794998,640610,4,2,14,1,4,1,32,102,9,1,1,58,0,0,0,0,0
201900000014,19,5,2,527,5,8,3,6,4627072,-279197,3,3,35,1,1,2,133,760,6,7,4,82,0,0,0,0,0
201900000015,19,3,12,672,1,2,4,2,4899142,444409,8,4,1,1,2,3,437,41,4,7,1,54,0,0,0,0,0
201900000016,19,7,24,1359,5,7,4,2,4827543,571787,7,4,18,3,2,2,106,296,4,3,2,52,0,0,0,0,0
201900000017,19,10,14,1056,5,7,6,6,4732087,-314293,4,4,16,1,4,2,769,505,5,7,4,51,0,0,0,0,0
201900000018,19,9,2,1266,3,7,3,7,4440598,142630,9,3,28,3,1,1,619,501,2,1,4,63,0,0,0,0,0
201900000019,19,5,6,1111,5,4,5,6,4953322,520844,2,3,43,1,4,4,120,992,2,6,5,0,0,0,0,0,0
201900000020,19,12,8,850,1,5,8,5,4501167,654591,6,1,52,3,4,1,407,587,8,1,5,81,0,0,0,0,0
201900000021,19,6,17,965,4,1,2,3,4991260,-152203,8,1,25,1,4,2,16,900,6,3,5,10,0,0,0,0,0
201900000022,19,12,9,1904,4,5,3,3,4512430,354497,4,3,45,3,3,4,798,150,6,6,1,3,0,0,0,0,0
201900000023,19,6,2,1612,3,3,3,2,4560454,621587,9,4,23,3,1,4,320,11,4,4,1,79,0,0,0,0,0
201900000024,19,2,2,716,2,9,4,7,4896048,385604,9,2,42,2,1,4,594,909,3,3,1,1,0,0,0,0,0
201900000025,19,12,6,803,4,3,5,4,4952369,-142020,9,2,46,1,4,2,303,459,9,3,1,94,0,0,0,0,0
201900000026,19,1,1,1601,2,9,2,1,4454405,22505,5,2,40,1,3,2,140,968,5,7,5,66,0,0,0,0,0
201900000027,19,12,6,1795,1,3,7,3,4607960,489813,2,1,28,2,3,4,867,53,5,1,3,89,0,0,0,0,0
201900000028,19,2,10,519,4,4,6,5,4634554,501002,7,2,15,1,3,3,509,620,9,4,1,33,0,0,0,0,0
201900000029,19,8,17,35,4,5,9,2,4927639,554381,9,4,5,3,1,4,112,665,3,2,1,14,0,0,0,0,0
201900000030,19,8,19,2120,3,2,2,3,4976288,537769,6,1,26,3,1,2,788,835,9,5,3,56,0,0,0,0,0
201900000031,19,4,18,713,5,3,1,1,4489707,-309655,7,1,37,2,2,3,314,578,5,1,2,53,0,0,0,0,0
201900000032,19,2,14,1952,4,9,7,2,4834887,683327,8,1,25,3,3,3,231,477,2,3,1,19,0,0,0,0,0
201900000033,19,1,11,1212,3,6,5,7,4695476,404516,8,2,27,2,1,1,403,431,6,2,1,37,0,0,0,0,0
201900000034,19,11,2,907,2,4,4,5,4519850,536071,7,3,1,3,4,3,841,590,6,3,4,94,0,0,0,0,0
201900000035,19,10,23,1720,5,8,9,3,4460864,341050,1,4,51,1,4,3,262,726,6,1,2,64,0,0,0,0,0
201900000036,19,2,7,950,2,8,4,5,4405512,139484,2,4,37,1,3,3,62,79,9,4,4,23,0,0,0,0,0
201900000037,19,1,20,676,1,4,8,5,4715285,56493,8,3,39,3,4,4,554,547,6,2,4,10,0,0,0,0,0
201900000038,19,5,17,1860,3,1,1,1,4959212,286536,1,3,2,3,4,4,515,707,6,6,4,53,0,0,0,0,0
201900000039,19,9,21,1268,5,4,2,2,4981650,617866,3,4,21,2,1,1,814,892,4,7,4,1,0,0,0,0,0
201900000040,19,6,9,1357,4,9,9,6,4588503,354633,4,1,21,3,4,1,401,822,8,2,1,47,0,0,0,0,0
201900000041,19,1,16,2117,2,5,6,1,4913748,84173,5,1,52,3,4,4,394,350,5,4,2,10,0,0,0,0,0
201900000042,19,10,10,278,4,3,5,5,4956767,603168,1,4,49,2,2,1,151,62,9,4,4,49,0,0,0,0,0
201900000043,19,2,1,2203,5,2,4,1,4648839,482209,6,1,0,2,1,4,182,31,3,7,5,88,0,0,0,0,0
201900000044,19,6,8,1952,5,6,4,7,4478613,110639,9,2,45,2,4,1,611,748,3,6,2,37,0,0,0,0,0
201900000045,19,1,14,1197,5,5,9,7,4912513,-272428,1,4,15,3,1,3,751,409,7,5,4,40,0,0,0,0,0
201900000046,19,10,22,1999,3,8,4,6,4663033,-99804,5,3,16,2,1,4,322,73,5,5,3,11,0,0,0,0,0
201900000047,19,6,12,407,2,8,8,6,4685675,346283,5,4,20,2,4,3,497,322,8,2,3,81,0,0,0,0,0
201900000048,19,2,13,2330,2,2,7,5,4796757,387366,6,3,6,1,1,3,269,487,8,7,3,60,0,0,0,0,0
201900000049,19,5,13,2182,2,4,8,4,4719483,20818,1,4,8,1,4,1,42,75,5,1,2,97,0,0,0,0,0
201900000050,19,2,2,886,3,4,1,4,4793018,240093,7,4,34,2,4,1,480,485,6,3,3,92,0,0,0,0,0
201900000051,19,2,3,1092,3,4,2,6,4985391,42810,3,4,26,3,2,3,470,787,8,5,1,48,0,0,0,0,0
201900000052,19,12,28,252,1,9,4,7,4836132,146393,4,2,24,2,4,2,814,937,9,7,1,1,0,0,0,0,0
201900000053,19,2,4,818,5,8,1,3,4886118,158664,5,4,6,3,2,1,283,301,5,3,5,88,0,0,0,0,0
201900000054,19,10,18,847,5,5,6,7,4724371,-322038,3,4,51,3,2,2,154,138,2,6,2,67,0,0,0,0,0
201900000055,19,7,15,1674,1,7,4,4,4598275,434864,7,1,12,2,4,1,59,907,8,2,5,16,0,0,0,0,0
201900000056,19,12,5,1340,4,6,8,3,4997139,-366097,4,4,53,3,2,3,687,402,3,6,5,50,0,0,0,0,0
201900000057,19,4,21,217,2,2,3,3,4672716,485382,6,1,23,2,4,3,157,785,9,6,3,48,0,0,0,0,0
201900000058,19,12,23,1858,2,9,3,7,4897631,323627,5,2,6,2,2,3,14,254,8,1,5,48,0,0,0,0,0
201900000059,19,4,7,1718,4,5,3,7,4783827,348790,3,4,27,1,3,3,140,71,3,7,1,3,0,0,0,0,0
201900000060,19,2,2,162,1,3,5,4,4882803,611584,4,4,28,2,4,4,248,554,7,2,1,5,0,0,0,0,0
201900000061,19,5,11,396,2,2,7,7,4439212,-266739,6,3,36,1,1,1,436,582,1,6,4,47,0,0,0,0,0
201900000062,19,6,16,947,1,8,2,5,4884141,524436,7,3,21,2,3,3,268,953,9,6,4,35,0,0,0,0,0
201900000063,19,3,27,1318,3,8,5,1,4734615,285885,8,1,34,1,4,1,334,757,6,2,5,82,0,0,0,0,0
201900000064,19,3,28,1286,1,2,9,5,4673395,229564,1,4,6,2,3,1,760,855,7,1,3,0,0,0,0,0,0
201900000065,19,10,13,1746,3,3,9,2,4917294,-231343,9,2,5,1,1,4,276,49,3,2,1,58,0,0,0,0,0
201900000066,19,12,11,2301,4,4,8,4,4886521,-84960,1,4,48,1,2,2,152,141,7,7,1,31,0,0,0,0,0
201900000067,19,8,28,886,3,6,4,6,4822793,142658,7,1,19,2,2,3,881,523,3,4,5,62,0,0,0,0,0
201900000068,19,7,23,354,1,2,2,6,4827445,529406,6,4,5,2,2,4,425,673,4,4,1,53,0,0,0,0,0
201900000069,19,8,1,1769,2,8,5,5,4908854,-320705,4,3,14,2,4,3,49,39,9,7,3,94,0,0,0,0,0
201900000070,19,2,23,2102,5,3,7,3,4748126,477771,8,3,0,2,3,3,463,524,8,6,1,7,0,0,0,0,0
201900000071,19,5,21,2338,2,6,1,5,4885506,-193184,6,3,9,1,4,2,839,895,4,6,4,49,0,0,0,0,0
201900000072,19,1,19,1001,5,6,7,5,4637878,355194,9,4,38,3,1,3,267,101,1,7,4,78,0,0,0,0,0
201900000073,19,12,12,2158,3,2,6,1,4777244,55820,7,4,8,3,2,4,632,41,3,6,5,0,0,0,0,0,0
201900000074,19,2,22,1313,4,9,3,1,4473070,-339533,3,3,35,1,4,2,833,358,2,1,4,88,0,0,0,0,0
201900000075,19,7,13,314,5,7,8,5,4574700,-69149,1,2,15,1,3,2,597,344,9,1,3,23,0,0,0,0,0
201900000076,19,7,5,1698,2,9,6,3,4691165,688553,6,3,52,1,1,4,528,594,1,5,1,21,0,0,0,0,0
201900000077,19,8,3,43,1,7,8,2,4990081,601702,2,1,18,1,3,3,332,674,6,6,2,35,0,0,0,0,0
201900000078,19,2,23,232,4,9,6,4,4668975,585564,7,3,10,1,2,3,227,35,8,2,2,71,0,0,0,0,0
201900000079,19,3,7,1865,1,9,2,2,4504414,222128,4,4,26,1,4,2,824,266,3,7,2,76,0,0,0,0,0
201900000080,19,4,11,1426,1,3,3,4,4869690,33739,1,4,29,2,4,4,412,696,7,3,1,53,0,0,0,0,0
201900000081,19,9,20,1867,3,4,7,6,4593034,60113,5,3,46,2,2,2,267,32,7,1,3,92,0,0,0,0,0
201900000082,19,10,2,2141,3,1,7,6,4881087,594794,8,4,8,3,2,2,155,292,4,2,1,37,0,0,0,0,0
201900000083,19,1,19,733,2,9,4,5,4547508,-21238,8,4,1,3,3,2,120,462,9,1,5,54,0,0,0,0,0