Num_Acc,an,mois,jour,hrmn,lum,int,atm,col,lat,long,catr,circ,nbv,vosp,prof,plan,lartpc,larrout,surf,infra,situ,env1,unscathed,killed,hospital,light,chance
201900000084,19,7,26,2057,1,8,5,1,4534096,677336,1,2,19,1,3,4,409,400,6,1,1,68,0,0,0,0,0
201900000085,19,10,10,730,4,4,4,6,4742406,399390,1,4,24,3,4,4,16,63,1,6,4,15,0,0,0,0,0
201900000086,19,11,1,1256,3,6,8,3,4866610,364892,8,1,16,3,3,2,754,111,5,6,2,85,0,0,0,0,0
201900000087,19,5,28,644,3,4,6,6,4836385,517962,6,2,34,1,2,3,308,140,1,6,3,86,0,0,0,0,0
201900000088,19,12,19,178,2,3,6,3,4604460,-291287,6,4,48,2,3,3,478,509,1,5,3,4,0,0,0,0,0
201900000089,19,2,16,1083,3,7,5,3,4963150,281986,8,4,5,1,1,3,781,311,7,7,1,68,0,0,0,0,0
201900000090,19,2,18,1527,4,6,3,6,4832545,569168,1,4,40,2,1,4,101,178,6,3,1,74,0,0,0,0,0
201900000091,19,2,21,314,2,9,7,5,4518392,629229,5,3,52,2,3,3,222,259,8,6,4,69,0,0,0,0,0
201900000092,19,2,22,283,4,5,6,7,4433099,-172673,4,2,45,2,2,4,523,109,1,4,5,16,0,0,0,0,0
201900000093,19,7,16,1873,5,4,4,2,4580631,585441,6,3,26,2,1,2,784,394,2,6,2,74,0,0,0,0,0
201900000094,19,7,24,573,3,5,1,7,4665271,-48848,3,4,50,1,4,2,162,286,6,7,2,43,0,0,0,0,0
201900000095,19,7,3,2206,3,1,3,5,4905532,47475,4,3,22,1,4,4,495,897,2,1,4,87,0,0,0,0,0
201900000096,19,12,8,1281,2,3,8,4,4998374,-1594,4,4,39,3,4,3,650,930,8,6,1,86,0,0,0,0,0
201900000097,19,2,11,1005,5,7,1,2,4431765,-160639,4,3,31,1,3,4,8,264,4,6,2,41,0,0,0,0,0
201900000098,19,5,1,986,4,5,4,6,4898082,-286207,6,3,42,3,2,1,132,125,8,2,5,31,0,0,0,0,0
201900000099,19,6,22,42,2,4,6,5,4733763,672007,8,3,30,3,1,2,8,215,8,2,4,62,0,0,0,0,0
201900000100,19,7,6,382,4,1,6,3,4922104,308709,6,4,40,2,2,3,629,82,1,1,2,24,0,0,0,0,0
201900000101,19,8,3,747,4,1,7,3,4623957,147254,3,3,19,2,4,1,841,406,8,5,4,6,0,0,0,0,0
201900000102,19,5,2,2339,4,6,9,1,4988090,-165645,9,2,21,1,3,4,124,488,2,4,5,63,0,0,0,0,0
201900000103,19,11,6,1903,4,6,8,7,4792965,232,8,4,4,2,1,1,464,141,2,3,2,70,0,0,0,0,0
201900000104,19,11,3,1079,4,9,2,3,4929604,367036,4,4,45,1,2,1,747,718,6,1,1,67,0,0,0,0,0
201900000105,19,7,16,2106,2,3,4,6,4600033,452936,6,1,13,3,2,3,745,479,4,6,5,91,0,0,0,0,0
201900000106,19,12,28,45,5,2,2,6,4626099,225549,4,2,12,3,1,4,80,384,5,7,4,36,0,0,0,0,0
201900000107,19,11,2,621,3,3,9,1,4816030,-30020,8,4,28,1,1,1,347,670,4,6,1,69,0,0,0,0,0
201900000108,19,6,27,493,3,3,2,5,4939523,190113,9,4,39,1,4,4,803,913,2,4,5,53,0,0,0,0,0
201900000109,19,11,12,1937,3,1,3,4,4576101,-148314,1,2,28,2,2,2,529,352,2,2,3,18,0,0,0,0,0
201900000110,19,5,24,720,1,1,8,2,4868849,674772,9,4,10,2,3,4,837,372,1,4,4,20,0,0,0,0,0
201900000111,19,3,11,853,5,9,5,4,4972333,429257,2,4,53,1,3,4,292,242,7,5,1,73,0,0,0,0,0
201900000112,19,7,10,2140,3,5,4,4,4921748,-163500,3,1,50,1,3,4,235,534,4,4,3,77,0,0,0,0,0
201900000113,19,3,5,721,4,8,1,4,4718869,-17869,7,4,39,3,3,2,240,50,6,1,4,73,0,0,0,0,0
201900000114,19,8,20,1304,1,1,3,2,4507545,238046,7,3,44,1,2,2,82,754,8,5,3,56,0,0,0,0,0
201900000115,19,1,13,520,5,1,2,5,4863674,234027,7,4,30,3,3,3,286,813,9,2,5,30,0,0,0,0,0
201900000116,19,10,15,981,5,8,5,7,4495573,-345290,3,2,33,2,3,3,903,529,4,6,1,20,0,0,0,0,0
201900000117,19,2,2,1333,1,9,3,4,4754696,-231195,3,3,26,2,2,2,545,76,8,7,1,16,0,0,0,0,0
201900000118,19,1,8,1619,4,4,1,1,4626961,385558,2,1,50,2,3,4,588,19,7,6,1,61,0,0,0,0,0
201900000119,19,2,21,2052,3,6,6,5,4423598,-122776,1,4,29,2,2,2,399,713,6,2,1,53,0,0,0,0,0
201900000120,19,7,1,22,4,6,9,1,4795714,-221788,3,2,12,1,3,3,915,994,1,4,2,12,0,0,0,0,0
201900000121,19,11,16,2202,4,6,5,3,4995232,-110874,1,4,12,2,3,4,708,786,4,7,4,8,0,0,0,0,0
201900000122,19,3,26,403,3,6,3,2,4955804,-361509,5,1,10,2,3,3,166,8,8,2,2,44,0,0,0,0,0
201900000123,19,2,23,1493,5,9,2,5,4516961,154900,2,2,9,3,3,1,716,873,4,3,4,84,0,0,0,0,0
201900000124,19,10,15,374,1,7,9,2,4823556,607968,6,2,53,3,2,3,86,454,3,7,1,19,0,0,0,0,0
201900000125,19,7,11,1203,3,8,8,4,4528139,-327870,5,2,30,3,4,4,461,581,3,2,3,68,0,0,0,0,0
201900000126,19,4,28,432,3,9,5,3,4440735,-263441,4,1,38,1,2,2,902,685,1,6,4,36,0,0,0,0,0
201900000127,19,4,20,840,3,8,2,2,4796340,452711,5,3,0,1,2,2,801,184,2,4,5,82,0,0,0,0,0
201900000128,19,7,6,1005,5,3,5,1,4619800,-307923,4,1,46,1,2,2,189,683,6,2,5,2,0,0,0,0,0
201900000129,19,5,7,450,3,5,4,3,4950016,441361,2,3,32,1,4,3,282,623,8,1,5,37,0,0,0,0,0
201900000130,19,6,15,533,2,4,9,4,4659472,257510,3,1,31,3,1,1,815,537,9,4,4,4,0,0,0,0,0
201900000131,19,11,6,1347,5,6,1,5,4973992,-131014,2,2,0,3,4,4,41,152,8,2,2,36,0,0,0,0,0
201900000132,19,12,13,1716,4,4,1,5,4489006,100480,7,2,14,2,3,3,56,59,8,5,2,77,0,0,0,0,0
201900000133,19,5,26,348,5,9,1,6,4935515,349533,6,2,23,2,2,1,455,104,4,6,1,65,0,0,0,0,0
201900000134,19,9,3,1080,3,3,7,2,4561296,679559,2,4,8,2,2,1,224,756,8,5,1,97,0,0,0,0,0
201900000135,19,4,5,265,5,9,4,6,4584014,-388847,7,2,20,2,4,1,725,140,9,5,5,86,0,0,0,0,0
201900000136,19,5,8,210,2,3,7,5,4546829,-212156,1,2,47,1,1,3,776,129,4,6,1,93,0,0,0,0,0
201900000137,19,10,22,2254,4,2,9,4,4521660,554573,7,3,40,1,1,3,138,215,4,2,4,80,0,0,0,0,0
201900000138,19,9,18,1954,1,5,8,2,4696331,-188711,6,3,20,3,1,4,877,570,2,1,4,0,0,0,0,0,0
201900000139,19,9,5,1739,4,8,8,7,4723808,136298,9,3,46,2,2,3,799,862,6,5,1,71,0,0,0,0,0
201900000140,19,5,17,1122,1,8,5,1,4627330,-30975,3,1,26,2,2,3,156,460,1,7,5,50,0,0,0,0,0
201900000141,19,12,17,46,3,9,3,6,4971340,45835,3,1,42,1,2,1,210,232,6,7,2,54,0,0,0,0,0
201900000142,19,2,28,343,1,8,9,6,4567813,638486,7,3,41,2,3,4,171,410,4,3,4,91,0,0,0,0,0
201900000143,19,7,24,840,1,2,6,1,4433810,-297667,9,4,47,2,2,3,726,586,9,7,4,10,0,0,0,0,0
201900000144,19,5,25,1542,4,7,9,2,4883614,596386,4,1,9,3,3,3,506,792,2,6,5,98,0,0,0,0,0
201900000145,19,12,16,552,1,5,3,4,4980229,605499,8,4,38,1,2,1,457,512,8,4,2,44,0,0,0,0,0
201900000146,19,10,15,1354,5,4,7,7,4548117,17161,1,3,30,1,4,3,176,711,7,3,1,50,0,0,0,0,0
201900000147,19,10,16,592,2,8,3,3,4817024,319192,9,2,13,3,4,1,147,261,4,2,4,37,0,0,0,0,0
201900000148,19,10,2,308,4,4,2,6,4421245,481301,3,4,11,2,3,3,376,676,4,6,1,37,0,0,0,0,0
201900000149,19,6,28,615,3,6,7,7,4749115,-141353,2,3,8,1,3,1,855,357,1,7,1,69,0,0,0,0,0
201900000150,19,1,8,2345,4,2,9,1,4474523,168808,7,4,25,1,4,1,112,315,5,3,2,81,0,0,0,0,0
201900000151,19,3,11,2347,2,1,7,6,4999734,43852,5,2,15,3,3,3,150,964,5,2,3,13,0,0,0,0,0
201900000152,19,6,20,1892,2,9,8,7,4999142,38750,2,1,32,3,3,1,434,449,9,6,4,35,0,0,0,0,0
201900000153,19,7,2,202,4,4,4,1,4972888,-104374,6,3,47,1,2,2,292,591,1,3,1,2,0,0,0,0,0
201900000154,19,3,15,916,4,9,1,7,4524361,468445,4,2,17,2,3,3,585,322,7,3,3,29,0,0,0,0,0
201900000155,19,11,2,1648,2,2,9,6,4691443,543402,3,2,2,1,4,2,785,89,9,5,5,63,0,0,0,0,0
201900000156,19,10,19,1853,4,6,9,4,4679964,-349647,4,3,42,1,3,2,832,457,4,5,2,7,0,0,0,0,0
201900000157,19,1,9,2017,3,3,5,1,4844145,282773,9,2,3,1,3,4,726,933,6,1,3,9,0,0,0,0,0
201900000158,19,1,2,1944,2,8,4,3,4773114,554972,8,1,14,2,2,1,598,90,2,1,2,84,0,0,0,0,0
201900000159,19,9,10,2014,4,9,4,6,4671582,522281,9,3,39,3,1,1,707,328,2,2,2,68,0,0,0,0,0
201900000160,19,8,20,399,2,4,5,7,4791085,655213,7,3,12,2,4,4,98,202,8,4,5,31,0,0,0,0,0
201900000161,19,11,4,169,4,1,7,3,4761373,603692,6,1,49,3,1,4,368,792,3,6,5,19,0,0,0,0,0
201900000162,19,8,21,389,2,8,2,3,4936316,6851,3,3,53,3,4,3,260,33,5,4,2,75,0,0,0,0,0
201900000163,19,4,17,1771,2,2,2,1,4678029,-200827,3,3,36,3,1,1,480,314,7,5,2,90,0,0,0,0,0
201900000164,19,12,20,1273,3,4,3,3,4922099,356411,4,3,50,2,2,1,715,852,5,2,2,52,0,0,0,0,0
201900000165,19,1,12,1548,2,8,5,5,4983678,-87967,6,1,30,3,1,4,74,59,1,6,3,38,0,0,0,0,0
201900000166,19,5,9,962,3,6,2,2,4594507,674825,4,4,53,1,1,3,699,34,6,4,1,77,0,0,0,0,0
201900000167,19,12,26,1801,1,1,9,1,4983250,460581,6,2,43,2,3,4,664,535,6,1,1,41,0,0,0,0,0
201900000168,19,4,27,1621,1,5,7,7,4496137,250826,6,4,44,3,3,4,904,400,5,3,3,48,0,0,0,0,0
201900000169,19,3,17,1047,4,6,5,7,4729268,377392,2,4,45,3,3,1,553,630,8,1,2,41,0,0,0,0,0
201900000170,19,6,21,712,5,9,6,4,4813041,-258719,8,4,43,3,3,3,825,926,8,4,4,1,0,0,0,0,0
201900000171,19,1,8,1699,1,2,9,7,4992575,-91800,6,4,43,1,2,3,671,150,6,5,3,39,0,0,0,0,0
201900000172,19,12,8,1616,5,8,2,5,4511585,574003,1,3,2,1,1,2,620,584,5,7,2,27,0,0,0,0,0
201900000173,19,9,26,323,5,9,8,7,4955671,-181156,1,4,25,3,4,4,597,846,3,1,1,75,0,0,0,0,0
201900000174,19,11,12,783,1,9,7,1,4996000,59113,9,1,32,1,4,2,115,469,7,6,1,99,0,0,0,0,0
201900000175,19,7,12,131,5,5,9,1,4958576,-284230,5,4,25,3,2,2,737,323,3,4,2,12,0,0,0,0,0
201900000176,19,6,9,1697,2,2,2,4,4969963,511562,8,4,51,1,2,3,753,276,6,5,2,1,0,0,0,0,0
201900000177,19,2,11,1204,1,9,4,5,4761899,689468,7,4,20,3,3,1,477,899,6,3,4,10,0,0,0,0,0
201900000178,19,3,28,1937,1,6,5,1,4416481,345742,1,1,27,1,2,4,330,33,4,7,1,76,0,0,0,0,0
201900000179,19,10,24,473,2,5,4,4,4900504,626753,8,3,43,3,4,3,682,38,6,7,5,0,0,0,0,0,0
201900000180,19,5,28,636,2,8,5,2,4470206,-130208,7,2,52,1,3,2,556,287,6,7,3,95,0,0,0,0,0
201900000181,19,2,10,200,2,7,9,1,4956794,138027,5,2,40,1,1,1,304,429,8,5,4,55,0,0,0,0,0
201900000182,19,12,16,984,4,3,8,4,4526120,-278203,2,4,43,1,3,4,55,876,5,1,3,62,0,0,0,0,0
201900000183,19,3,23,430,5,2,8,3,4569343,263365,2,1,37,3,1,2,831,833,7,2,4,60,0,0,0,0,0
201900000184,19,7,4,352,4,7,2,1,4545462,546178,3,4,53,1,2,1,626,636,4,4,5,73,0,0,0,0,0
201900000185,19,10,4,225,1,5,8,7,4938580,-364867,3,1,30,3,2,2,365,902,2,1,5,40,0,0,0,0,0
201900000186,19,10,12,2020,5,3,5,6,4989506,543620,5,1,8,2,2,2,148,140,7,6,3,6,0,0,0,0,0
201900000187,19,5,25,1836,3,8,2,4,4846186,470938,8,2,38,3,2,2,350,315,5,3,1,33,0,0,0,0,0
201900000188,19,1,26,1248,3,4,8,5,4434220,-152060,4,1,7,1,2,2,536,249,8,7,4,30,0,0,0,0,0
201900000189,19,1,4,1055,5,8,7,5,4803081,-91868,7,4,9,3,4,1,199,859,2,7,4,69,0,0,0,0,0
201900000190,19,11,17,1057,5,9,7,3,4486516,-217629,1,4,12,3,3,3,885,767,3,6,4,15,0,0,0,0,0
201900000191,19,6,3,407,2,3,7,5,4869496,243341,7,4,32,3,4,3,675,103,4,7,5,24,0,0,0,0,0
201900000192,19,7,17,1130,2,7,6,3,4842845,44038,6,1,18,3,1,3,783,102,6,6,4,12,0,0,0,0,0
201900000193,19,8,24,807,4,1,8,4,4837063,197066,1,4,25,1,3,1,901,599,3,4,5,64,0,0,0,0,0
201900000194,19,2,23,1233,3,9,7,7,4696725,-362671,5,1,41,1,3,4,198,428,4,4,1,97,0,0,0,0,0
201900000195,19,8,1,2339,4,6,6,1,4774411,670988,4,1,17,1,1,2,375,343,3,4,2,68,0,0,0,0,0
201900000196,19,4,8,554,2,2,2,6,4659528,-114091,9,4,34,1,3,2,229,493,8,6,1,75,0,0,0,0,0
201900000197,19,5,11,493,1,1,3,6,4535857,650195,5,4,50,3,3,3,188,806,4,4,4,72,0,0,0,0,0
201900000198,19,11,11,1653,3,1,9,4,4546824,409767,6,3,41,1,4,2,37,391,7,7,5,50,0,0,0,0,0
201900000199,19,10,10,1674,4,8,2,4,4702318,96211,9,4,34,1,4,3,468,461,1,5,2,97,0,0,0,0,0
201900000200,19,6,24,1408,5,1,2,2,4496030,308195,2,4,47,2,4,2,516,802,8,4,3,81,0,0,0,0,0
201900000201,19,3,13,76,2,1,4,2,4742763,114198,8,4,31,3,4,4,845,266,5,7,3,33,0,0,0,0,0
201900000202,19,12,4,1187,5,6,3,3,4627253,473201,7,4,48,2,4,4,798,815,3,7,2,69,0,0,0,0,0
201900000203,19,12,3,1143,3,4,6,7,4990281,162371,4,3,53,3,3,2,10,25,9,6,1,55,0,0,0,0,0
201900000204,19,8,28,1646,2,4,4,6,4628713,-182643,1,3,44,2,2,2,473,115,5,2,2,14,0,0,0,0,0
201900000205,19,12,5,333,3,2,7,1,4645258,-307944,9,4,24,1,1,2,754,449,8,3,3,16,0,0,0,0,0
201900000206,19,1,11,1778,1,8,8,7,4488508,-379024,8,3,44,3,2,1,70,698,3,4,2,52,0,0,0,0,0
201900000207,19,2,27,1568,3,2,8,4,4441217,-235651,6,2,34,1,1,2,873,976,6,4,4,78,0,0,0,0,0
201900000208,19,6,1,1306,5,7,2,4,4557102,-395420,4,2,47,1,1,1,135,548,7,5,2,32,0,0,0,0,0
201900000209,19,12,27,660,5,7,6,1,4597275,-328408,6,4,44,2,2,4,3,851,2,4,4,58,0,0,0,0,0
201900000210,19,10,8,2134,4,1,7,5,4995079,-82426,5,1,52,3,2,4,287,791,9,6,1,25,0,0,0,0,0
201900000211,19,4,15,427,5,3,1,2,4706087,-65701,5,1,36,3,4,4,138,343,7,5,5,48,0,0,0,0,0
201900000212,19,11,9,1593,1,2,3,3,4753944,29678,8,4,32,2,3,1,579,835,4,4,2,28,0,0,0,0,0
201900000213,19,12,6,696,1,5,7,5,4955869,-99154,3,2,27,1,2,4,73,804,8,3,2,42,0,0,0,0,0
201900000214,19,4,22,1302,5,9,4,3,4687014,-68127,9,2,22,1,2,2,161,983,1,3,2,88,0,0,0,0,0
201900000215,19,2,23,2221,1,1,5,2,4761157,-128561,7,1,49,1,4,3,434,467,9,7,4,34,0,0,0,0,0
201900000216,19,10,11,395,1,6,5,5,4624163,-12337,8,1,51,1,4,1,838,945,6,5,2,80,0,0,0,0,0
201900000217,19,5,23,1029,3,2,1,5,4761159,584210,1,2,22,2,2,2,812,154,1,7,5,45,0,0,0,0,0
201900000218,19,4,2,1567,4,1,5,1,4929198,339939,4,3,39,3,4,3,160,539,7,3,3,66,0,0,0,0,0
201900000219,19,4,14,1926,5,8,9,3,4914601,-359765,7,3,21,1,1,3,509,735,6,3,1,86,0,0,0,0,0
201900000220,19,9,10,467,1,6,7,6,4927026,-284983,6,1,49,1,2,1,413,755,7,2,4,67,0,0,0,0,0
201900000221,19,8,20,936,5,9,2,6,4751937,450563,2,3,13,1,1,2,513,417,6,2,1,29,0,0,0,0,0
201900000222,19,10,8,793,4,4,8,5,4664270,161581,8,2,26,3,1,1,371,117,5,1,4,19,0,0,0,0,0
201900000223,19,4,22,741,3,6,5,2,4404286,-284331,9,4,45,1,3,4,136,321,1,5,3,4,0,0,0,0,0
201900000224,19,1,18,935,2,3,1,5,4809322,320569,5,2,40,1,4,4,876,593,2,1,2,72,0,0,0,0,0
201900000225,19,3,21,1355,1,9,5,4,4848309,-31125,2,4,26,2,3,1,678,486,1,2,2,6,0,0,0,0,0
201900000226,19,2,6,711,3,4,4,5,4918620,195059,3,2,50,1,4,3,759,928,6,4,5,85,0,0,0,0,0
201900000227,19,10,20,1304,4,3,1,2,4980138,-245874,7,2,37,1,3,2,383,992,3,3,4,44,0,0,0,0,0
201900000228,19,1,24,214,4,4,7,6,4480853,184790,7,4,29,1,4,4,595,855,4,1,3,22,0,0,0,0,0
201900000229,19,3,9,1032,3,2,4,7,4855741,-219274,6,1,32,1,1,2,409,671,1,3,3,50,0,0,0,0,0
201900000230,19,8,11,1029,3,4,9,3,4999354,321513,5,3,15,3,3,3,742,747,1,1,3,31,0,0,0,0,0
201900000231,19,4,11,2043,5,5,2,1,4891911,-48094,1,3,37,3,3,4,728,815,3,5,4,90,0,0,0,0,0
201900000232,19,6,14,1797,1,3,2,2,4591600,612776,6,4,19,1,1,3,500,930,6,4,4,52,0,0,0,0,0
201900000233,19,7,19,1025,3,2,7,2,4739272,-111578,5,2,27,1,4,2,133,44,4,7,5,15,0,0,0,0,0
201900000234,19,9,27,902,4,4,8,1,4500223,161873,6,4,43,3,2,4,415,848,8,1,1,66,0,0,0,0,0
201900000235,19,4,18,159,5,5,5,7,4910952,51961,8,4,53,3,4,2,101,106,4,3,2,24,0,0,0,0,0
201900000236,19,10,4,769,2,2,9,5,4457699,-163060,6,4,7,1,4,3,257,826,6,5,4,12,0,0,0,0,0
201900000237,19,1,11,558,1,6,7,1,4632730,383938,6,3,25,3,3,2,350,188,1,3,2,57,0,0,0,0,0
201900000238,19,12,22,1930,5,2,6,5,4403045,363301,9,2,22,3,2,4,210,448,5,7,2,43,0,0,0,0,0
201900000239,19,5,17,1793,1,1,2,4,4519572,699517,3,3,39,2,4,2,299,492,6,2,3,14,0,0,0,0,0
201900000240,19,11,8,2167,5,5,5,1,4656677,-143204,2,3,13,1,4,3,3,990,5,1,5,34,0,0,0,0,0
201900000241,19,8,2,1610,4,9,5,5,4559003,-136987,3,2,30,2,4,4,11,713,8,3,1,9,0,0,0,0,0
201900000242,19,1,23,1083,2,6,4,5,4471062,617521,7,1,21,2,4,2,177,340,3,7,5,48,0,0,0,0,0
201900000243,19,9,2,827,5,2,6,7,4481245,345625,7,1,4,3,1,4,196,764,2,7,5,0,0,0,0,0,0
201900000244,19,8,3,593,5,3,1,3,4750568,-132245,2,4,5,2,2,4,760,640,3,4,5,28,0,0,0,0,0
201900000245,19,7,23,893,1,3,3,7,4406250,60193,6,2,38,2,2,3,303,979,5,2,1,69,0,0,0,0,0
201900000246,19,3,13,443,3,8,6,2,4638725,545286,4,2,3,1,1,1,234,819,5,1,2,79,0,0,0,0,0
201900000247,19,12,2,412,5,4,4,3,4437021,574037,3,4,15,3,2,4,745,506,5,3,5,9,0,0,0,0,0
201900000248,19,3,7,1225,3,5,3,1,4465551,-176458,8,1,42,1,4,4,407,155,2,4,4,95,0,0,0,0,0
201900000249,19,1,12,830,3,2,3,5,4705055,589823,8,4,32,3,4,2,668,696,4,7,2,14,0,0,0,0,0
201900000250,19,10,8,912,2,2,4,1,4784897,220290,3,2,10,3,4,1,721,111,8,6,1,82,0,0,0,0,0
201900000251,19,10,11,1188,3,6,6,2,4891147,-395020,9,4,9,1,3,3,200,767,9,7,5,63,0,0,0,0,0
201900000252,19,5,24,883,3,3,4,2,4488160,581659,3,2,52,1,3,1,788,234,8,5,3,38,0,0,0,0,0
201900000253,19,11,8,1910,1,7,1,5,4683478,-273397,8,2,47,2,1,3,53,214,1,1,1,0,0,0,0,0,0
201900000254,19,8,21,1734,3,8,8,6,4832550,627862,8,4,29,1,3,1,741,8,5,6,2,79,0,0,0,0,0
201900000255,19,7,23,637,3,7,9,3,4552239,432016,8,1,20,3,4,4,781,513,6,5,1,31,0,0,0,0,0
201900000256,19,9,12,1101,5,4,5,4,4762004,596259,3,3,51,1,2,2,856,868,9,3,3,46,0,0,0,0,0
201900000257,19,6,3,445,2,7,4,1,4828513,541630,8,2,8,3,2,1,704,844,3,4,2,93,0,0,0,0,0
201900000258,19,7,11,2190,4,1,6,6,4905818,210628,5,1,33,2,4,1,523,638,7,4,5,71,0,0,0,0,0
201900000259,19,6,18,1190,1,8,8,2,4518630,557284,3,4,15,2,2,2,381,165,1,2,2,1,0,0,0,0,0
201900000260,19,6,2,1454,2,5,4,6,4920516,170008,3,1,1,2,3,1,25,411,9,4,5,78,0,0,0,0,0
201900000261,19,2,14,1067,1,5,8,5,4931508,37729,2,3,9,1,1,1,857,49,6,3,1,68,0,0,0,0,0
201900000262,19,3,18,2186,1,7,7,1,4731452,181832,5,2,42,1,3,1,488,300,6,7,5,36,0,0,0,0,0
201900000263,19,7,28,828,3,8,3,7,4706708,202574,2,3,40,2,3,3,336,915,4,2,5,47,0,0,0,0,0
201900000264,19,10,27,201,1,7,3,7,4614806,-7896,1,2,0,3,1,3,556,147,6,3,2,94,0,0,0,0,0
201900000265,19,9,7,2203,1,8,5,7,4844056,585617,9,1,31,2,3,2,119,410,1,2,5,10,0,0,0,0,0
201900000266,19,4,9,427,1,9,3,5,4787129,637261,3,3,50,2,2,4,321,284,7,3,5,0,0,0,0,0,0
201900000267,19,1,18,1019,5,5,8,3,4909766,-59156,1,3,38,2,2,1,113,572,6,1,2,62,0,0,0,0,0
201900000268,19,11,4,822,4,9,4,6,4711255,-14117,9,1,35,1,1,2,76,577,6,5,3,63,0,0,0,0,0
201900000269,19,10,10,1416,4,9,8,4,4522703,474454,3,4,30,1,4,3,81,862,8,6,4,14,0,0,0,0,0
201900000270,19,10,9,561,5,1,3,5,4843308,370151,2,4,18,2,1,2,559,14,3,6,4,63,0,0,0,0,0
201900000271,19,3,28,65,3,2,9,2,4720496,619037,4,3,37,3,3,3,111,819,3,5,3,82,0,0,0,0,0
201900000272,19,12,21,1842,5,3,9,6,4875689,-225454,4,3,14,2,1,3,815,362,7,2,4,85,0,0,0,0,0
201900000273,19,3,15,1768,4,8,2,5,4746564,670074,7,4,31,2,2,4,276,719,3,1,1,94,0,0,0,0,0
201900000274,19,11,18,808,4,1,1,7,4536397,-350360,5,4,8,3,2,2,391,376,8,4,3,65,0,0,0,0,0
201900000275,19,7,1,138,4,1,3,4,4436824,129109,9,2,49,3,3,1,828,113,5,7,3,71,0,0,0,0,0
201900000276,19,8,14,215,1,6,3,1,4746215,-105964,6,1,49,3,2,2,497,228,2,5,4,31,0,0,0,0,0
201900000277,19,3,20,509,4,1,1,3,4837874,666546,8,2,0,2,4,1,48,560,9,1,2,63,0,0,0,0,0
201900000278,19,11,14,1011,2,8,2,3,4816761,454074,6,2,18,2,2,2,536,950,4,6,1,50,0,0,0,0,0
201900000279,19,8,7,241,3,5,2,7,4948191,91913,8,1,32,2,3,4,560,722,2,6,4,34,0,0,0,0,0
201900000280,19,1,24,1191,3,7,1,2,4662383,14635,7,1,9,2,4,3,572,337,4,2,2,20,0,0,0,0,0
201900000281,19,11,22,752,3,4,5,7,4938637,293728,4,4,7,2,2,4,56,195,1,4,2,72,0,0,0,0,0
201900000282,19,5,10,1479,3,4,8,4,4663251,-328461,8,1,0,1,4,3,350,995,1,3,3,54,0,0,0,0,0
201900000283,19,11,23,2049,4,5,3,3,4895232,-48545,5,3,38,3,4,4,570,319,7,1,3,27,0,0,0,0,0
201900000284,19,1,24,1110,4,2,9,1,4414290,423388,1,4,45,1,1,1,470,213,4,2,5,38,0,0,0,0,0
201900000285,19,2,16,92,4,2,4,1,4616505,174393,8,3,2,2,4,3,899,471,4,7,5,13,0,0,0,0,0
201900000286,19,11,12,2065,2,8,6,7,4825935,524159,8,3,42,2,4,2,650,88,7,4,2,55,0,0,0,0,0
201900000287,19,3,24,2075,2,4,6,5,4877414,626435,3,3,15,2,4,4,65,530,2,1,2,27,0,0,0,0,0
201900000288,19,10,20,361,3,6,9,7,4653693,366386,2,3,35,2,3,3,394,326,2,6,4,51,0,0,0,0,0
201900000289,19,10,2,1453,5,4,1,4,4517960,78450,2,3,3,3,4,3,526,736,1,3,3,1,0,0,0,0,0
201900000290,19,3,27,69,4,2,5,2,4719553,314073,5,3,32,1,2,2,900,648,4,7,2,77,0,0,0,0,0
201900000291,19,5,1,158,4,8,5,2,4538354,155514,2,1,1,3,1,3,914,845,2,6,5,72,0,0,0,0,0
201900000292,19,7,23,59,4,2,1,7,4843895,32121,4,4,13,1,4,3,344,424,4,4,4,51,0,0,0,0,0
201900000293,19,10,10,488,5,2,3,2,4764284,-60385,1,4,13,3,1,1,622,679,8,1,1,59,0,0,0,0,0
201900000294,19,7,22,1918,3,1,4,1,4909055,241509,9,1,53,3,2,2,662,891,3,4,1,53,0,0,0,0,0
201900000295,19,2,9,396,1,4,1,6,4593741,234773,1,4,45,2,2,2,566,693,8,4,1,24,0,0,0,0,0
201900000296,19,4,25,1928,5,1,2,6,4561662,-382804,3,2,12,2,1,2,107,56,1,7,4,8,0,0,0,0,0
201900000297,19,6,19,1272,2,4,5,3,4878265,258552,5,4,36,2,4,4,580,987,1,7,1,77,0,0,0,0,0