Num_Acc,an,mois,jour,hrmn,lum,int,atm,col,lat,long,catr,circ,nbv,vosp,prof,plan,lartpc,larrout,surf,infra,situ,env1,unscathed,killed,hospital,light,chance
201900000298,19,8,14,819,3,3,1,4,4581403,482573,4,2,39,2,4,4,833,491,6,1,1,87,0,0,0,0,0
201900000299,19,2,3,1850,1,4,6,1,4472006,-112632,8,1,4,2,2,1,141,344,2,3,3,72,0,0,0,0,0
201900000300,19,2,19,1101,5,5,9,5,4589779,459381,1,1,46,3,3,3,849,624,7,7,4,9,0,0,0,0,0
201900000301,19,3,23,1784,1,1,8,2,4628186,43061,5,3,9,3,2,3,212,371,1,2,3,10,0,0,0,0,0
201900000302,19,12,2,1279,5,8,2,1,4597721,-316023,5,1,44,2,1,4,179,444,9,1,2,95,0,0,0,0,0
201900000303,19,5,19,631,1,3,1,6,4546335,238254,2,2,41,1,1,2,613,763,4,4,3,35,0,0,0,0,0
201900000304,19,12,14,232,3,7,7,2,4746864,464507,1,1,36,1,2,4,267,228,9,1,3,17,0,0,0,0,0
201900000305,19,6,19,1116,1,3,1,6,4968095,69784,6,4,50,1,3,2,779,768,4,3,5,78,0,0,0,0,0
201900000306,19,10,23,628,1,8,2,1,4826296,-45268,6,2,53,3,4,4,420,147,5,3,4,19,0,0,0,0,0
201900000307,19,8,15,400,1,6,8,3,4706912,259553,2,2,13,1,2,3,150,927,8,6,5,60,0,0,0,0,0
201900000308,19,10,20,2170,2,3,9,1,4654567,178453,9,2,41,2,1,4,212,32,1,3,5,16,0,0,0,0,0
201900000309,19,7,15,2190,1,6,8,2,4459841,366111,8,2,7,1,4,1,169,870,3,2,5,55,0,0,0,0,0
201900000310,19,6,24,1141,4,9,2,3,4866094,-67261,5,4,10,1,4,3,597,372,8,7,5,22,0,0,0,0,0
201900000311,19,6,2,2076,5,4,2,6,4542702,-156214,7,1,6,3,4,3,387,431,9,3,1,94,0,0,0,0,0
201900000312,19,3,9,219,5,4,6,6,4954650,452139,9,4,28,2,1,1,17,692,2,6,4,41,0,0,0,0,0
201900000313,19,11,1,1775,4,2,8,4,4519942,432300,4,4,5,1,4,4,513,753,7,5,2,93,0,0,0,0,0
201900000314,19,12,20,1519,1,9,5,2,4530170,45331,9,4,4,2,4,4,546,594,4,6,4,7,0,0,0,0,0
201900000315,19,11,10,2235,1,2,6,6,4989074,-361663,2,3,32,3,4,2,327,580,4,4,2,27,0,0,0,0,0
201900000316,19,9,16,1466,3,9,3,3,4995684,-299499,2,4,5,3,2,3,304,947,5,7,5,96,0,0,0,0,0
201900000317,19,11,9,1432,1,6,2,7,4679700,-241810,9,4,8,3,2,4,911,441,8,3,1,15,0,0,0,0,0
201900000318,19,5,18,408,5,8,7,2,4412794,402590,2,2,24,1,2,2,132,799,2,5,3,47,0,0,0,0,0
201900000319,19,7,21,2086,3,2,6,7,4534028,421256,2,2,43,2,1,3,460,572,1,1,2,84,0,0,0,0,0
201900000320,19,9,13,333,1,3,8,1,4873032,67773,9,2,27,3,2,2,64,384,5,2,1,25,0,0,0,0,0
201900000321,19,12,24,1942,3,3,2,4,4697331,-336089,5,3,34,2,1,1,347,656,2,5,2,3,0,0,0,0,0
201900000322,19,1,23,2355,5,2,9,6,4679696,-237708,2,1,14,2,2,4,300,555,4,6,2,60,0,0,0,0,0
201900000323,19,5,8,524,2,9,2,5,4421302,-97952,6,2,15,2,1,2,790,271,6,6,5,46,0,0,0,0,0
201900000324,19,1,5,468,2,9,2,6,4811391,328696,3,4,21,3,3,1,346,249,2,4,1,16,0,0,0,0,0
201900000325,19,11,6,1643,3,9,6,5,4829022,228310,5,4,38,1,2,4,371,138,3,1,5,98,0,0,0,0,0
201900000326,19,3,13,1783,4,5,4,2,4897429,-298237,6,4,14,3,4,3,282,17,2,6,2,21,0,0,0,0,0
201900000327,19,6,3,189,5,7,1,4,4428122,96153,4,2,13,1,3,3,161,189,1,6,4,34,0,0,0,0,0
201900000328,19,11,23,1293,4,1,3,3,4850537,256868,7,4,52,3,4,4,802,781,8,5,4,91,0,0,0,0,0
201900000329,19,7,2,166,5,6,7,7,4994600,363284,6,4,10,1,4,2,431,591,6,5,2,41,0,0,0,0,0
201900000330,19,11,18,1416,1,4,5,6,4491291,671323,4,1,37,2,3,4,199,746,8,5,5,33,0,0,0,0,0
201900000331,19,10,19,1049,5,9,9,5,4534908,41642,7,4,45,3,4,3,671,794,2,6,5,20,0,0,0,0,0
201900000332,19,12,17,612,1,2,8,6,4908476,-251251,9,1,37,1,3,4,371,148,3,1,5,94,0,0,0,0,0
201900000333,19,11,21,186,3,4,3,4,4936752,-32564,5,1,33,3,2,1,865,967,1,4,4,71,0,0,0,0,0
201900000334,19,11,21,1207,1,1,3,6,4997414,-383606,9,2,41,1,1,1,611,936,6,4,4,32,0,0,0,0,0
201900000335,19,5,24,1179,2,8,5,7,4608456,492520,7,4,28,2,3,1,214,590,1,4,3,42,0,0,0,0,0
201900000336,19,4,15,1745,5,1,3,3,4447348,307974,9,2,26,1,4,2,544,160,7,3,4,21,0,0,0,0,0
201900000337,19,1,13,951,5,7,3,6,4989096,553,1,2,43,2,3,4,130,399,7,5,4,91,0,0,0,0,0
201900000338,19,3,15,1559,3,7,8,4,4654884,-19648,7,2,23,1,1,4,815,848,7,5,2,90,0,0,0,0,0
201900000339,19,4,4,2291,1,4,7,4,4588811,-13543,3,4,17,2,2,1,804,802,6,6,2,65,0,0,0,0,0
201900000340,19,12,3,1424,5,4,5,4,4423225,615984,4,3,4,1,3,4,710,179,4,1,1,97,0,0,0,0,0
201900000341,19,12,9,354,1,3,7,4,4988681,572554,5,2,27,2,3,1,715,745,6,4,1,61,0,0,0,0,0
201900000342,19,12,15,1655,2,3,3,2,4789602,57471,4,3,7,1,3,3,382,198,5,5,3,29,0,0,0,0,0
201900000343,19,1,2,139,3,6,5,5,4967455,51490,5,1,12,1,4,2,170,328,6,6,2,5,0,0,0,0,0
201900000344,19,11,8,977,4,5,6,2,4762845,-217488,5,2,22,3,3,4,301,187,2,5,3,32,0,0,0,0,0
201900000345,19,3,22,1047,2,7,2,3,4578399,696224,3,2,49,2,2,3,198,967,5,1,2,60,0,0,0,0,0
201900000346,19,1,14,124,2,9,2,2,4935805,289890,1,4,50,2,2,4,660,195,9,7,5,1,0,0,0,0,0
201900000347,19,8,25,1990,1,6,7,1,4680275,551897,3,2,37,3,1,1,834,68,1,5,4,78,0,0,0,0,0
201900000348,19,7,15,1121,3,6,3,2,4564693,-44694,3,3,21,2,2,2,564,775,6,4,4,41,0,0,0,0,0
201900000349,19,5,19,1367,2,5,5,4,4965228,359524,6,3,26,1,4,4,685,9,7,2,1,5,0,0,0,0,0
201900000350,19,7,3,1236,3,4,2,1,4465864,401567,7,4,16,1,1,2,876,43,1,6,3,3,0,0,0,0,0
201900000351,19,11,3,1004,3,1,2,4,4830459,284571,7,2,9,3,1,1,233,205,6,3,4,83,0,0,0,0,0
201900000352,19,2,23,1712,3,4,1,4,4629334,461836,1,4,34,3,2,1,54,581,6,3,3,77,0,0,0,0,0
201900000353,19,4,16,1082,3,6,4,3,4936358,258069,3,1,33,1,1,1,765,144,9,1,1,19,0,0,0,0,0
201900000354,19,4,2,1681,5,3,3,4,4767510,591441,4,3,7,1,1,4,196,63,1,1,2,2,0,0,0,0,0
201900000355,19,9,20,488,1,3,3,7,4470770,199311,9,2,10,1,1,4,503,880,9,4,5,2,0,0,0,0,0
201900000356,19,11,15,1312,3,8,2,5,4755941,-361826,5,3,18,1,3,3,875,766,3,2,4,51,0,0,0,0,0
201900000357,19,9,28,1328,3,4,6,3,4893398,100885,6,3,5,2,2,2,180,353,9,6,3,89,0,0,0,0,0
201900000358,19,9,25,1629,1,7,4,1,4453921,62057,7,3,20,1,1,1,547,563,5,6,1,50,0,0,0,0,0
201900000359,19,11,10,1385,4,3,1,6,4505060,603709,2,4,42,3,3,3,427,517,2,1,2,62,0,0,0,0,0
201900000360,19,12,13,944,2,8,2,6,4873185,390011,5,4,38,3,1,3,904,372,2,1,1,78,0,0,0,0,0
201900000361,19,8,19,1180,1,3,2,5,4561173,-62888,5,3,3,3,4,2,571,942,5,7,2,42,0,0,0,0,0
201900000362,19,6,8,1622,4,4,7,4,4646016,443971,5,1,46,2,4,2,419,421,9,6,3,24,0,0,0,0,0
201900000363,19,1,7,1514,2,9,4,2,4631223,430829,1,1,43,3,1,1,493,101,1,6,1,91,0,0,0,0,0
201900000364,19,9,27,1114,3,7,7,4,4692466,189789,2,1,40,2,1,1,637,105,6,3,3,94,0,0,0,0,0
201900000365,19,4,23,425,5,1,2,4,4804560,-393335,8,2,37,2,2,3,130,432,8,6,4,52,0,0,0,0,0
201900000366,19,7,13,2055,4,9,9,1,4673423,-62328,4,1,8,1,4,4,620,69,7,6,5,14,0,0,0,0,0
201900000367,19,11,5,1968,5,3,7,5,4586656,-383066,9,3,33,1,1,1,98,166,2,2,5,87,0,0,0,0,0
201900000368,19,4,10,676,2,6,8,5,4420786,502693,2,2,39,3,1,3,338,262,6,2,5,13,0,0,0,0,0
201900000369,19,9,18,1117,2,6,7,1,4574051,217668,7,1,10,1,3,2,556,868,3,3,1,23,0,0,0,0,0
201900000370,19,11,25,578,3,2,8,3,4665689,232848,3,1,19,1,1,4,151,980,9,6,5,35,0,0,0,0,0
201900000371,19,5,20,1444,5,7,9,1,4531536,456300,4,2,46,3,1,2,796,788,1,7,4,58,0,0,0,0,0
201900000372,19,11,19,1895,1,9,2,2,4579024,312525,4,4,28,3,1,3,71,296,8,2,4,70,0,0,0,0,0
201900000373,19,8,1,1717,2,2,8,2,4997630,606140,6,3,10,1,4,4,767,568,2,1,5,56,0,0,0,0,0
201900000374,19,8,7,1445,5,6,1,1,4895944,-253318,8,4,50,3,1,1,47,334,5,5,3,43,0,0,0,0,0
201900000375,19,9,27,1390,5,1,1,3,4586461,578090,1,3,4,2,1,2,483,97,4,4,5,42,0,0,0,0,0
201900000376,19,12,1,1676,1,2,4,4,4634568,666574,1,1,21,2,3,3,691,160,1,3,3,48,0,0,0,0,0
201900000377,19,2,15,1274,3,4,2,1,4755509,632018,9,4,49,1,4,4,842,831,7,4,5,84,0,0,0,0,0
201900000378,19,3,15,1508,1,3,6,7,4729246,660152,8,2,25,2,4,4,204,700,1,7,4,68,0,0,0,0,0
201900000379,19,1,12,1683,1,1,1,7,4731744,654653,3,2,51,1,2,3,747,142,3,6,4,82,0,0,0,0,0
201900000380,19,12,22,925,3,8,7,2,4938499,-1304,2,2,47,1,3,3,65,38,4,5,3,88,0,0,0,0,0
201900000381,19,11,3,1355,5,5,2,1,4876542,-274169,9,4,20,3,1,2,344,733,5,2,3,60,0,0,0,0,0
201900000382,19,12,6,733,3,8,1,2,4824612,-298140,7,1,3,1,2,1,50,290,1,4,4,33,0,0,0,0,0
201900000383,19,2,3,1184,3,6,6,4,4787168,43280,1,3,21,3,2,1,440,909,2,5,5,48,0,0,0,0,0
201900000384,19,1,4,196,1,8,4,3,4450679,569246,4,1,28,2,1,4,879,756,4,2,4,32,0,0,0,0,0
201900000385,19,3,12,1930,1,9,7,2,4567334,-143608,8,1,5,2,1,4,511,197,6,5,3,7,0,0,0,0,0
201900000386,19,7,24,1443,5,9,5,4,4970864,673676,2,1,27,1,2,3,478,332,2,6,3,7,0,0,0,0,0
201900000387,19,4,3,515,1,8,3,6,4513230,-110081,1,1,19,2,2,1,460,524,9,3,4,2,0,0,0,0,0
201900000388,19,1,2,584,3,5,5,2,4737038,-114966,3,3,27,3,2,3,48,488,4,3,4,33,0,0,0,0,0
201900000389,19,3,21,1391,5,3,6,4,4517123,403045,1,3,29,1,2,2,11,945,6,2,4,47,0,0,0,0,0
201900000390,19,6,28,580,2,7,8,4,4539198,638063,4,2,11,1,3,2,314,912,2,3,2,41,0,0,0,0,0
201900000391,19,8,16,1492,1,8,7,3,4575352,-274971,9,2,6,2,1,1,121,141,6,4,2,76,0,0,0,0,0
201900000392,19,10,4,104,1,8,8,2,4881203,3221,6,2,18,1,3,4,12,873,5,7,4,66,0,0,0,0,0
201900000393,19,12,28,2093,4,3,4,5,4513633,-238810,8,2,30,1,1,3,803,323,4,6,3,68,0,0,0,0,0
201900000394,19,9,13,48,2,3,9,6,4541523,21549,8,1,29,1,3,1,728,82,2,2,1,24,0,0,0,0,0
201900000395,19,4,19,439,4,3,8,6,4526585,428643,9,1,26,2,1,2,366,920,1,3,3,4,0,0,0,0,0
201900000396,19,8,10,2139,2,3,4,4,4978405,351001,9,3,50,3,4,2,593,513,3,3,2,88,0,0,0,0,0
201900000397,19,5,4,931,2,1,9,6,4833254,646434,1,2,26,1,4,1,476,738,1,2,3,80,0,0,0,0,0
201900000398,19,12,8,578,3,6,9,2,4875057,474336,9,1,23,3,3,4,155,332,2,6,3,4,0,0,0,0,0
201900000399,19,3,9,950,5,7,3,1,4598996,577932,6,3,2,3,1,1,35,971,9,5,3,95,0,0,0,0,0
201900000400,19,2,22,320,4,5,2,2,4830062,-129227,7,1,31,3,2,2,214,156,7,4,1,14,0,0,0,0,0
201900000401,19,4,12,1302,1,7,3,2,4401265,515672,5,1,42,3,4,3,314,762,1,6,2,80,0,0,0,0,0
201900000402,19,6,19,795,2,9,9,6,4874497,-323493,4,2,46,3,1,1,877,421,5,5,3,70,0,0,0,0,0
201900000403,19,6,15,1132,2,4,6,5,4616772,167337,8,2,38,1,4,2,775,915,1,1,3,62,0,0,0,0,0
201900000404,19,12,23,2182,2,7,9,1,4891613,502971,2,3,38,2,2,4,517,403,2,2,2,45,0,0,0,0,0
201900000405,19,5,7,447,2,7,5,2,4481555,634613,5,3,20,2,1,1,164,424,8,6,3,68,0,0,0,0,0
201900000406,19,2,12,1863,5,8,6,3,4424431,-89235,6,3,32,1,4,3,119,926,7,2,2,83,0,0,0,0,0
201900000407,19,4,23,1155,2,5,2,2,4542909,-364184,3,2,42,2,3,3,638,415,8,2,5,43,0,0,0,0,0
201900000408,19,6,8,1910,2,8,8,2,4682089,-250029,9,4,22,1,2,1,911,167,5,5,1,37,0,0,0,0,0
201900000409,19,11,16,1548,5,1,9,6,4754331,511503,1,1,15,3,3,3,238,886,9,4,4,23,0,0,0,0,0
201900000410,19,12,9,289,3,9,5,5,4826995,-216177,6,1,31,2,3,1,146,829,2,7,1,67,0,0,0,0,0
201900000411,19,11,27,1982,3,4,5,1,4742647,470889,1,1,21,2,3,1,121,443,9,7,3,37,0,0,0,0,0
201900000412,19,11,28,619,5,1,3,4,4581005,47693,4,1,38,3,2,4,721,842,1,6,4,1,0,0,0,0,0
201900000413,19,12,12,1692,2,4,1,1,4751848,-73997,7,3,18,1,1,4,11,747,5,5,3,43,0,0,0,0,0
201900000414,19,2,25,1921,1,5,5,3,4989673,271481,1,1,11,1,1,1,747,979,6,2,1,39,0,0,0,0,0
201900000415,19,9,14,1668,2,8,9,5,4839752,22286,4,1,10,1,1,2,8,723,6,2,3,33,0,0,0,0,0
201900000416,19,5,19,1117,1,1,9,4,4516656,520480,2,2,35,3,1,2,284,288,3,6,5,85,0,0,0,0,0
201900000417,19,8,27,336,4,7,7,6,4971289,563908,6,2,49,3,3,3,165,55,8,7,2,49,0,0,0,0,0
201900000418,19,6,13,1455,5,1,1,6,4586072,-282220,3,2,4,2,3,3,871,673,2,7,3,36,0,0,0,0,0
201900000419,19,11,18,2330,3,6,7,4,4655143,41084,3,3,46,2,4,1,61,726,1,5,2,67,0,0,0,0,0
201900000420,19,1,9,750,5,9,9,2,4641301,453994,7,3,44,1,3,3,155,157,7,1,3,7,0,0,0,0,0
201900000421,19,10,16,411,2,5,2,2,4679496,552346,7,4,49,1,3,3,150,276,1,6,2,36,0,0,0,0,0
201900000422,19,9,25,121,2,9,8,5,4926819,100813,4,2,1,3,3,4,751,382,1,3,3,92,0,0,0,0,0
201900000423,19,12,17,1294,2,3,9,4,4530840,326628,3,4,19,3,4,4,312,76,5,1,3,88,0,0,0,0,0
201900000424,19,5,26,1170,3,1,7,3,4573623,350696,7,4,10,3,2,1,900,486,1,2,4,77,0,0,0,0,0
201900000425,19,4,2,2184,2,5,1,3,4631416,402327,8,4,0,1,2,3,353,223,3,3,5,58,0,0,0,0,0
201900000426,19,8,6,142,1,3,7,4,4804477,593032,4,1,19,3,4,2,491,44,3,6,2,53,0,0,0,0,0
201900000427,19,10,12,852,1,6,4,4,4826784,685178,2,2,16,1,1,3,769,398,4,4,3,8,0,0,0,0,0
201900000428,19,5,24,2269,1,8,3,6,4603306,-204895,7,1,23,3,1,3,419,616,5,6,1,94,0,0,0,0,0
201900000429,19,9,26,115,3,1,2,3,4572945,-298816,9,1,7,2,4,3,701,243,3,1,3,56,0,0,0,0,0
201900000430,19,8,1,1329,5,5,9,6,4733374,-258525,7,2,28,3,4,3,690,152,4,1,3,9,0,0,0,0,0
201900000431,19,2,5,1709,3,5,3,7,4766196,496066,3,1,24,3,1,3,545,858,7,3,4,25,0,0,0,0,0
201900000432,19,2,14,446,4,4,5,2,4777814,530091,8,4,42,3,3,4,628,617,2,1,3,1,0,0,0,0,0
201900000433,19,9,22,1262,2,7,5,3,4821722,-205932,8,3,16,2,4,3,337,631,2,3,5,19,0,0,0,0,0
201900000434,19,4,28,1573,5,9,7,3,4882088,-242542,3,3,29,2,4,3,252,624,7,5,1,34,0,0,0,0,0
201900000435,19,4,12,61,2,4,2,2,4876736,279618,6,1,25,3,1,4,522,544,5,7,1,23,0,0,0,0,0
201900000436,19,11,18,1965,4,5,4,3,4610479,-371130,9,3,27,1,2,1,791,767,2,7,2,39,0,0,0,0,0
201900000437,19,6,2,1124,3,2,6,3,4539229,589408,4,1,27,2,4,1,343,50,5,6,3,18,0,0,0,0,0
201900000438,19,4,7,2286,5,6,4,5,4745772,419136,3,4,44,3,4,3,52,736,8,6,3,40,0,0,0,0,0
201900000439,19,10,6,632,4,1,2,2,4994680,477326,7,1,30,2,3,3,31,942,7,1,5,85,0,0,0,0,0
201900000440,19,9,28,2213,2,5,1,5,4886441,-225096,4,3,32,2,3,3,726,136,3,5,2,90,0,0,0,0,0
201900000441,19,6,17,1476,1,9,8,2,4609337,210992,4,1,21,2,3,2,229,897,2,5,3,13,0,0,0,0,0
201900000442,19,7,4,1708,1,5,8,6,4422176,198357,4,3,31,2,2,4,606,932,1,1,1,91,0,0,0,0,0
201900000443,19,8,25,1775,3,6,4,7,4962765,104254,1,2,26,3,3,2,111,104,4,2,1,59,0,0,0,0,0
201900000444,19,11,27,174,4,4,1,6,4850028,-312975,8,4,16,2,1,3,623,863,2,1,4,79,0,0,0,0,0
201900000445,19,10,19,436,2,4,3,3,4883298,-308255,6,3,21,1,2,4,825,358,1,6,5,19,0,0,0,0,0
201900000446,19,12,28,660,4,7,2,6,4828153,-368809,5,2,48,1,4,4,817,169,5,2,5,36,0,0,0,0,0
201900000447,19,10,9,415,4,3,8,5,4567816,364136,2,4,37,1,1,1,6,975,7,5,2,8,0,0,0,0,0
201900000448,19,11,14,1289,5,7,3,5,4546604,449168,9,4,43,3,2,3,687,98,3,3,3,11,0,0,0,0,0
201900000449,19,8,23,1125,4,9,3,6,4997405,275523,2,2,0,2,4,2,844,770,5,2,3,5,0,0,0,0,0
201900000450,19,6,4,47,1,3,5,2,4431350,574557,8,2,35,1,1,4,850,686,2,3,4,36,0,0,0,0,0
201900000451,19,8,11,1687,5,7,5,1,4663029,-315584,3,1,11,1,1,3,135,679,8,6,4,61,0,0,0,0,0
201900000452,19,5,5,556,3,9,2,6,4966373,9610,6,4,15,2,2,2,12,964,3,2,3,69,0,0,0,0,0
201900000453,19,9,25,756,4,6,6,4,4659422,-372533,4,3,48,3,3,3,100,543,7,2,3,61,0,0,0,0,0
201900000454,19,6,16,644,1,1,4,6,4901150,307482,7,2,27,3,3,4,711,53,5,4,1,42,0,0,0,0,0
201900000455,19,9,3,1058,1,6,7,7,4534545,489212,2,4,32,2,3,4,763,461,9,1,5,48,0,0,0,0,0
201900000456,19,3,14,550,5,6,8,2,4888117,346160,7,4,28,3,3,1,785,11,2,3,5,48,0,0,0,0,0
201900000457,19,5,3,2091,2,4,2,5,4915040,101359,7,4,35,1,2,1,446,646,1,5,1,68,0,0,0,0,0
201900000458,19,7,11,1828,2,1,3,6,4526646,-235932,4,2,46,2,1,2,884,130,8,2,5,50,0,0,0,0,0
201900000459,19,9,3,1099,5,9,7,5,4833328,588622,6,2,38,2,2,4,44,607,8,6,5,80,0,0,0,0,0
201900000460,19,11,8,853,5,9,7,1,4819735,-170927,9,3,20,3,4,1,437,497,6,5,1,29,0,0,0,0,0
201900000461,19,7,27,1452,2,6,3,6,4889424,209151,8,3,48,1,1,2,637,270,1,3,4,96,0,0,0,0,0
201900000462,19,10,2,1913,5,2,4,4,4642897,280864,3,4,44,3,4,4,114,708,5,4,5,68,0,0,0,0,0
201900000463,19,8,21,391,5,8,9,2,4586101,-332278,8,2,24,2,2,2,803,558,5,1,5,78,0,0,0,0,0
201900000464,19,7,21,1197,4,7,9,2,4473687,317527,7,4,20,2,2,1,174,976,9,3,3,52,0,0,0,0,0
201900000465,19,2,10,1845,3,2,9,6,4499822,-194330,7,3,14,2,4,1,418,53,6,2,4,81,0,0,0,0,0
201900000466,19,5,16,2231,1,7,8,7,4579448,-207566,3,4,13,2,2,1,192,176,7,3,5,2,0,0,0,0,0
201900000467,19,8,7,1335,2,2,5,5,4634464,118708,3,3,5,2,1,4,777,897,6,7,1,28,0,0,0,0,0
201900000468,19,7,4,2221,3,7,1,3,4800955,144888,9,2,24,3,1,4,385,5,9,7,1,19,0,0,0,0,0
201900000469,19,7,10,760,5,7,9,6,4706176,-269674,1,3,38,3,4,2,768,871,3,4,3,4,0,0,0,0,0
201900000470,19,4,28,1447,2,5,2,4,4596220,369307,8,4,42,3,1,1,733,766,7,1,4,63,0,0,0,0,0
201900000471,19,11,7,490,1,2,3,4,4763584,-303706,5,3,12,3,4,1,237,550,3,5,3,97,0,0,0,0,0
201900000472,19,12,5,1705,2,3,1,4,4537331,-305793,6,2,18,2,4,1,802,519,2,3,3,5,0,0,0,0,0
201900000473,19,4,12,78,2,4,5,4,4457150,33209,9,3,17,2,1,3,171,506,7,6,2,3,0,0,0,0,0
201900000474,19,11,19,420,4,6,4,4,4713673,124761,5,1,40,3,2,2,724,972,3,2,5,22,0,0,0,0,0
201900000475,19,2,7,27,5,5,9,4,4491295,-377346,6,3,2,2,2,1,80,146,6,3,3,68,0,0,0,0,0
201900000476,19,7,21,1996,1,2,9,2,4688102,-136151,3,2,20,2,3,1,23,734,2,5,3,14,0,0,0,0,0
201900000477,19,1,18,928,1,8,4,6,4835732,-146539,7,2,38,2,2,4,457,327,8,7,2,67,0,0,0,0,0
201900000478,19,9,8,1023,4,6,2,6,4706281,-288252,9,1,28,3,4,3,123,62,6,5,1,5,0,0,0,0,0
201900000479,19,4,3,1305,5,7,3,3,4688826,251903,2,1,30,3,2,1,649,635,9,2,2,4,0,0,0,0,0
201900000480,19,2,26,2218,5,8,9,5,4812526,240334,4,4,29,2,3,1,192,153,7,4,3,11,0,0,0,0,0
201900000481,19,2,26,295,3,2,8,6,4571114,-251853,9,3,30,1,2,1,490,794,7,1,3,30,0,0,0,0,0
201900000482,19,9,16,1553,1,5,6,7,4743339,520440,6,2,0,1,4,1,764,39,4,6,5,1,0,0,0,0,0
201900000483,19,7,6,882,3,2,4,7,4740826,599832,7,1,49,2,1,3,326,468,1,3,1,69,0,0,0,0,0
201900000484,19,6,21,672,4,5,3,4,4793519,205806,5,1,26,1,3,3,847,110,6,2,5,23,0,0,0,0,0
201900000485,19,11,17,1486,3,7,2,7,4586876,404252,4,4,13,1,2,3,193,778,3,6,1,35,0,0,0,0,0
201900000486,19,1,5,2133,2,1,3,6,4635343,-61697,8,2,12,3,3,1,409,390,5,7,3,90,0,0,0,0,0
201900000487,19,10,8,2231,3,1,9,2,4646869,382309,1,3,43,1,2,3,359,654,5,6,1,12,0,0,0,0,0
201900000488,19,11,5,2091,1,9,9,3,4567173,410970,8,2,30,2,3,4,13,381,7,1,3,16,0,0,0,0,0
201900000489,19,11,2,1497,2,4,3,5,4892916,-388505,9,2,1,3,2,3,154,392,6,7,2,29,0,0,0,0,0
201900000490,19,5,8,506,1,8,3,3,4651989,491437,8,2,43,1,4,2,842,545,2,4,2,27,0,0,0,0,0
201900000491,19,9,1,1681,4,3,9,3,4644471,-210629,9,2,46,1,4,3,507,851,7,7,3,50,0,0,0,0,0
201900000492,19,11,6,660,5,2,8,4,4647096,377550,4,4,4,1,4,3,559,920,1,7,2,14,0,0,0,0,0
201900000493,19,1,26,2148,5,6,5,5,4897499,493433,3,1,33,1,4,1,889,220,4,1,4,95,0,0,0,0,0
201900000494,19,9,5,30,3,4,6,6,4690717,35356,2,1,4,2,2,3,431,809,4,4,1,53,0,0,0,0,0
201900000495,19,3,21,1904,3,6,6,7,4926099,648767,4,2,48,2,1,2,254,122,4,3,1,94,0,0,0,0,0
201900000496,19,11,6,2172,4,2,2,5,4606423,162060,5,2,27,1,1,2,762,381,4,3,1,38,0,0,0,0,0
201900000497,19,5,22,1029,3,9,6,6,4546526,530401,4,3,22,3,3,4,338,230,7,1,5,90,0,0,0,0,0
201900000498,19,9,4,763,5,5,9,3,4431156,332465,9,3,29,2,3,4,456,782,9,6,1,9,0,0,0,0,0
201900000499,19,7,4,1748,2,2,4,2,4794220,97574,2,1,1,1,1,1,46,280,4,4,2,67,0,0,0,0,0
201900000500,19,7,13,1204,5,1,7,2,4619482,559419,2,4,4,2,2,3,438,508,4,4,5,85,0,0,0,0,0
201900000501,19,2,11,2317,5,3,4,7,4434194,20228,5,4,34,2,1,1,274,923,1,6,3,54,0,0,0,0,0
201900000502,19,12,9,1390,3,5,8,6,4910553,504064,3,2,13,1,2,3,208,571,2,3,3,14,0,0,0,0,0
201900000503,19,10,14,1459,3,4,7,2,4911627,-396049,5,4,6,2,3,4,855,981,7,1,2,16,0,0,0,0,0
201900000504,19,12,24,302,2,2,8,2,4671690,338176,6,4,27,1,2,2,222,959,1,2,3,68,0,0,0,0,0
201900000505,19,4,12,1734,3,3,2,3,4600665,-2070,7,4,41,3,2,1,53,969,1,6,2,50,0,0,0,0,0
201900000506,19,5,1,1529,3,4,2,5,4500933,-101101,2,3,29,1,3,1,478,858,6,1,3,91,0,0,0,0,0
201900000507,19,2,27,2141,5,8,8,3,4545779,254471,6,4,13,2,2,1,818,290,6,3,5,66,0,0,0,0,0
201900000508,19,3,3,1130,4,4,9,3,4753866,129640,9,4,51,2,1,3,666,49,3,3,3,1,0,0,0,0,0
201900000509,19,10,2,949,3,8,7,3,4433714,-82807,9,2,13,2,3,4,545,539,8,4,2,18,0,0,0,0,0
201900000510,19,1,13,1819,4,2,5,4,4909799,336188,3,2,30,2,1,3,401,855,6,7,5,31,0,0,0,0,0
201900000511,19,3,18,2015,3,1,1,1,4415095,-57206,5,2,17,3,1,2,623,286,3,1,2,24,0,0,0,0,0