Num_Acc,an,mois,jour,hrmn,lum,int,atm,col,lat,long,catr,circ,nbv,vosp,prof,plan,lartpc,larrout,surf,infra,situ,env1,unscathed,killed,hospital,light,chance
201900000512,19,9,23,1194,5,1,6,7,4670672,526608,6,3,4,3,4,2,450,809,8,2,2,9,0,0,0,0,0
201900000513,19,11,11,210,2,4,5,6,4578353,-260097,1,4,31,1,2,3,722,154,8,5,4,67,0,0,0,0,0
201900000514,19,10,27,1800,1,2,6,4,4822381,-52767,2,2,19,2,2,4,442,302,6,5,2,9,0,0,0,0,0
201900000515,19,9,4,1814,1,3,9,1,4466443,-160054,8,4,24,3,2,1,670,952,7,7,4,76,0,0,0,0,0
201900000516,19,3,14,1664,2,6,8,5,4550475,372650,9,3,44,2,3,3,216,685,2,1,5,74,0,0,0,0,0
201900000517,19,2,7,233,3,7,4,5,4566881,44243,9,2,40,2,4,2,623,747,7,5,2,2,0,0,0,0,0
201900000518,19,6,5,51,1,6,6,7,4838475,402994,2,3,42,2,2,1,800,933,4,6,3,50,0,0,0,0,0
201900000519,19,9,2,56,1,6,5,2,4495732,462413,7,1,30,3,3,2,286,297,8,7,1,53,0,0,0,0,0
201900000520,19,11,4,1915,3,7,8,3,4478039,295885,1,1,28,1,4,4,888,963,6,3,2,60,0,0,0,0,0
201900000521,19,2,12,1374,3,2,1,7,4799072,-301643,9,2,6,1,1,1,412,987,7,2,3,75,0,0,0,0,0
201900000522,19,5,28,962,5,7,6,5,4987110,598437,8,3,23,2,2,3,232,637,8,3,3,28,0,0,0,0,0
201900000523,19,9,10,1396,2,5,3,1,4907789,221769,5,2,41,2,2,2,29,404,4,1,1,92,0,0,0,0,0
201900000524,19,10,7,1881,4,9,9,5,4948368,500632,5,1,36,2,2,2,63,754,6,1,1,64,0,0,0,0,0
201900000525,19,10,22,887,5,8,6,4,4489939,374214,7,1,39,1,4,2,193,770,2,3,2,99,0,0,0,0,0
201900000526,19,1,8,1138,3,8,5,3,4831124,-253424,7,2,52,2,2,1,327,755,9,5,2,62,0,0,0,0,0
201900000527,19,10,1,1753,3,4,8,1,4790333,-170567,7,4,1,1,1,2,401,355,7,5,3,0,0,0,0,0,0
201900000528,19,8,2,1076,5,1,8,6,4540751,-244165,2,3,26,2,3,1,829,52,8,5,5,17,0,0,0,0,0
201900000529,19,6,28,395,2,4,7,5,4901404,-292246,2,3,4,1,2,2,159,913,6,4,4,68,0,0,0,0,0
201900000530,19,12,6,500,4,4,9,2,4909173,-152458,6,2,7,1,2,3,165,556,1,4,4,2,0,0,0,0,0
201900000531,19,11,24,1594,3,9,4,7,4452909,144702,6,4,1,3,4,3,149,661,1,4,4,33,0,0,0,0,0
201900000532,19,11,15,1424,2,2,1,7,4556459,578723,2,2,34,3,1,2,668,498,6,5,4,49,0,0,0,0,0
201900000533,19,5,8,20,1,1,7,4,4705303,27442,2,2,31,3,3,1,612,496,6,2,1,9,0,0,0,0,0
201900000534,19,4,1,216,3,3,4,4,4435251,487799,5,3,32,1,4,4,537,754,8,4,4,43,0,0,0,0,0
201900000535,19,8,18,1680,3,6,6,3,4531887,-252725,7,1,43,2,1,3,647,203,5,5,4,42,0,0,0,0,0
201900000536,19,6,1,2335,3,4,4,2,4497056,626194,1,1,52,3,3,2,434,804,5,3,1,52,0,0,0,0,0
201900000537,19,10,20,1011,3,1,1,3,4944480,468829,1,4,11,1,3,4,600,530,3,2,4,17,0,0,0,0,0
201900000538,19,9,16,478,5,6,2,7,4885370,-44241,6,2,7,3,1,2,649,514,8,1,4,2,0,0,0,0,0
201900000539,19,2,17,1911,4,1,6,3,4935924,79594,4,3,43,1,2,3,778,353,2,3,3,32,0,0,0,0,0
201900000540,19,2,17,1279,5,2,2,1,4949472,632020,2,1,36,3,1,1,768,341,5,7,3,14,0,0,0,0,0
201900000541,19,9,26,2035,4,1,9,5,4945070,600024,4,1,8,2,4,2,515,787,9,4,5,8,0,0,0,0,0
201900000542,19,9,14,625,4,9,7,5,4856753,-161710,5,2,10,3,1,3,285,877,9,3,4,56,0,0,0,0,0
201900000543,19,7,27,2160,3,6,2,1,4673328,192287,4,1,43,2,1,2,792,28,7,5,2,98,0,0,0,0,0
201900000544,19,11,17,235,2,1,7,3,4583877,330223,4,3,42,3,1,1,197,612,1,6,3,68,0,0,0,0,0
201900000545,19,6,1,689,3,8,9,3,4872639,412756,3,1,17,1,2,4,558,679,5,3,1,81,0,0,0,0,0
201900000546,19,5,6,134,2,1,3,7,4460157,370775,3,3,3,3,1,3,266,813,9,1,3,36,0,0,0,0,0
201900000547,19,1,11,412,4,9,3,3,4421630,29131,4,2,8,1,4,1,320,939,2,2,1,42,0,0,0,0,0
201900000548,19,11,18,1116,1,4,7,2,4402356,-300847,6,3,24,1,1,2,152,648,7,6,1,41,0,0,0,0,0
201900000549,19,8,10,1253,3,8,8,7,4715556,-311943,6,4,26,2,1,2,368,61,1,5,2,64,0,0,0,0,0
201900000550,19,3,11,432,4,6,8,3,4435168,304254,9,3,11,3,1,4,475,676,2,4,2,23,0,0,0,0,0
201900000551,19,9,19,241,3,6,3,7,4996680,258672,1,1,9,1,1,4,247,362,2,7,3,38,0,0,0,0,0
201900000552,19,9,1,1722,5,1,7,2,4576908,-187052,1,4,18,2,4,4,425,552,8,5,1,92,0,0,0,0,0
201900000553,19,9,21,2056,2,5,8,4,4787015,-231188,2,1,21,3,2,4,219,822,2,7,5,72,0,0,0,0,0
201900000554,19,3,20,2287,5,5,6,2,4879272,454612,7,1,38,2,2,1,11,277,2,4,2,3,0,0,0,0,0
201900000555,19,7,6,1984,4,8,3,2,4939214,-248094,9,2,40,3,2,4,401,921,3,5,4,13,0,0,0,0,0
201900000556,19,12,23,2096,4,4,9,2,4568886,-124624,8,4,48,1,1,4,418,125,6,5,4,69,0,0,0,0,0
201900000557,19,11,16,1322,2,4,8,7,4604622,-363304,1,1,20,3,1,3,445,67,1,2,4,71,0,0,0,0,0
201900000558,19,7,17,114,2,2,7,5,4975653,675922,7,4,13,1,2,2,15,337,6,1,3,30,0,0,0,0,0
201900000559,19,3,7,1544,3,3,4,3,4789751,206967,5,1,14,1,1,4,122,74,7,1,4,98,0,0,0,0,0
201900000560,19,8,4,2295,3,8,7,2,4905374,358097,4,1,1,2,1,3,267,400,9,4,5,57,0,0,0,0,0
201900000561,19,1,28,2294,3,8,7,3,4429239,275437,6,3,34,1,3,3,31,929,5,5,2,44,0,0,0,0,0
201900000562,19,2,24,96,5,4,9,2,4640352,17428,6,2,13,1,2,1,178,877,1,2,1,22,0,0,0,0,0
201900000563,19,4,7,2236,2,8,8,4,4416032,-183470,7,2,41,2,3,2,845,620,5,1,3,70,0,0,0,0,0
201900000564,19,1,26,1821,2,6,8,2,4762886,60316,7,3,5,2,4,3,124,179,5,2,1,90,0,0,0,0,0
201900000565,19,1,17,763,1,7,3,2,4435102,-303498,8,3,28,3,1,3,223,164,6,6,1,52,0,0,0,0,0
201900000566,19,1,4,1274,4,7,2,7,4543045,162564,9,3,10,1,1,3,312,576,4,5,5,40,0,0,0,0,0
201900000567,19,12,20,352,2,9,1,1,4626424,504243,8,1,4,2,3,1,570,900,1,2,2,33,0,0,0,0,0
201900000568,19,7,25,1998,1,3,1,2,4760212,461420,1,2,34,3,2,4,824,705,1,3,2,91,0,0,0,0,0
201900000569,19,2,5,184,1,1,5,3,4915361,-253118,5,1,11,1,4,4,427,668,8,4,1,27,0,0,0,0,0
201900000570,19,7,11,2117,1,3,2,3,4780842,-174652,4,3,8,1,1,4,729,618,9,7,2,59,0,0,0,0,0
201900000571,19,1,22,2175,4,7,9,1,4467008,465538,9,1,1,1,1,3,23,441,8,7,3,36,0,0,0,0,0
201900000572,19,8,3,1910,2,1,9,4,4785124,629859,2,4,12,1,3,4,428,83,7,1,4,2,0,0,0,0,0
201900000573,19,4,27,1312,4,8,9,4,4688556,603067,1,3,31,2,1,2,758,890,1,6,3,37,0,0,0,0,0
201900000574,19,8,14,1504,5,8,5,3,4730068,6946,8,2,7,3,3,4,532,444,9,7,3,65,0,0,0,0,0
201900000575,19,9,2,1946,5,1,4,2,4853530,435152,4,3,36,1,3,2,581,698,3,6,1,45,0,0,0,0,0
201900000576,19,9,23,491,1,3,1,2,4801505,402855,1,2,21,2,3,3,685,721,3,4,2,79,0,0,0,0,0
201900000577,19,8,24,278,5,1,2,4,4813733,-154836,6,3,12,2,3,2,711,202,9,4,2,32,0,0,0,0,0
201900000578,19,2,17,1633,1,4,4,6,4932072,67597,4,3,15,3,3,3,622,201,2,1,3,44,0,0,0,0,0
201900000579,19,3,21,1216,4,3,9,1,4687180,138137,5,1,1,3,2,1,28,817,7,1,5,31,0,0,0,0,0
201900000580,19,4,12,490,5,8,6,7,4902612,584581,3,3,31,3,2,4,537,768,1,5,1,34,0,0,0,0,0
201900000581,19,9,5,1488,5,1,9,4,4766170,-100595,8,2,3,2,3,4,503,611,1,5,4,97,0,0,0,0,0
201900000582,19,10,11,1289,2,1,8,2,4501926,512772,5,2,1,1,2,1,603,572,3,3,4,44,0,0,0,0,0
201900000583,19,9,18,1982,1,8,4,1,4727022,494652,3,2,31,2,1,2,635,671,2,1,1,44,0,0,0,0,0
201900000584,19,12,14,1562,2,3,8,4,4858427,-88543,8,2,24,3,3,3,6,661,4,6,4,24,0,0,0,0,0
201900000585,19,10,23,1814,3,5,2,3,4882512,-60563,1,4,30,2,1,2,59,528,4,1,2,4,0,0,0,0,0
201900000586,19,7,18,640,1,1,9,7,4597601,-254604,4,3,10,2,4,3,689,385,4,4,5,38,0,0,0,0,0
201900000587,19,4,4,660,1,7,3,3,4914378,16217,1,4,32,1,1,1,656,468,5,3,2,5,0,0,0,0,0
201900000588,19,3,20,584,4,7,6,2,4527276,-114747,2,1,43,3,1,4,465,381,9,5,3,78,0,0,0,0,0
201900000589,19,2,27,1454,2,6,3,5,4506015,120730,6,4,44,3,2,3,1,519,4,3,5,34,0,0,0,0,0
201900000590,19,6,7,291,4,4,3,4,4744315,380805,3,3,27,3,1,3,92,579,9,7,5,93,0,0,0,0,0
201900000591,19,9,24,1894,3,5,7,3,4761662,344343,7,4,32,1,3,3,796,896,4,1,4,35,0,0,0,0,0
201900000592,19,12,12,2265,2,9,3,6,4466480,56256,9,4,44,1,1,4,454,512,4,1,4,46,0,0,0,0,0
201900000593,19,5,26,363,3,3,8,2,4869101,-125447,4,1,19,2,4,1,483,305,5,3,3,61,0,0,0,0,0
201900000594,19,5,3,1868,5,9,2,2,4784597,456963,5,1,18,1,3,1,583,526,7,3,3,7,0,0,0,0,0
201900000595,19,10,17,1746,2,5,5,7,4955563,269402,7,2,16,2,3,1,718,167,4,3,3,42,0,0,0,0,0
201900000596,19,1,21,1928,2,7,9,4,4534998,-144493,5,3,19,3,3,4,448,923,8,3,2,99,0,0,0,0,0
201900000597,19,6,12,364,5,1,3,7,4419953,304617,9,2,43,2,2,2,586,147,6,6,1,64,0,0,0,0,0
201900000598,19,11,12,402,3,2,6,6,4407826,265773,8,2,17,3,2,1,657,60,2,3,3,31,0,0,0,0,0
201900000599,19,9,25,1350,1,2,9,2,4827820,-283678,9,2,40,3,4,3,600,532,1,3,5,17,0,0,0,0,0
201900000600,19,1,12,1804,2,3,8,2,4953352,-32486,3,4,46,1,4,3,175,166,2,5,5,62,0,0,0,0,0
201900000601,19,2,11,239,3,4,3,2,4881158,12506,6,1,2,2,1,4,779,833,7,5,2,41,0,0,0,0,0
201900000602,19,9,15,1165,4,3,8,1,4773616,539194,4,2,9,2,4,2,0,820,8,6,1,37,0,0,0,0,0
201900000603,19,4,5,1523,4,4,7,5,4531634,421268,1,1,18,2,3,3,302,283,6,3,2,27,0,0,0,0,0
201900000604,19,10,6,110,3,1,7,4,4615807,-56865,8,1,43,1,2,3,759,851,2,6,5,25,0,0,0,0,0
201900000605,19,8,14,1390,1,8,1,3,4556092,104754,2,3,48,2,3,1,860,800,1,5,2,67,0,0,0,0,0
201900000606,19,4,2,1472,4,8,8,1,4918766,-389278,7,3,11,2,3,4,318,904,9,6,4,19,0,0,0,0,0
201900000607,19,11,4,2078,1,9,7,1,4710203,187576,8,2,12,1,1,3,737,398,8,5,1,53,0,0,0,0,0
201900000608,19,8,2,804,2,3,4,6,4514025,327487,4,2,31,2,4,3,522,157,9,1,2,84,0,0,0,0,0
201900000609,19,6,12,1123,1,4,2,5,4803375,367219,3,3,49,2,1,3,168,704,4,2,2,52,0,0,0,0,0
201900000610,19,5,10,777,2,5,1,5,4588941,77249,8,4,21,3,2,3,90,612,5,1,5,90,0,0,0,0,0
201900000611,19,5,15,2148,5,9,2,4,4490358,168188,4,2,35,2,3,1,208,518,5,5,2,64,0,0,0,0,0
201900000612,19,11,5,2167,3,7,4,6,4830351,-35404,4,4,45,1,3,1,466,325,4,7,2,94,0,0,0,0,0
201900000613,19,9,17,1022,2,3,8,7,4693476,38144,6,3,8,2,2,4,591,642,2,2,2,18,0,0,0,0,0
201900000614,19,10,21,1518,4,5,6,7,4710758,-117537,8,4,44,3,1,3,853,13,5,5,2,77,0,0,0,0,0
201900000615,19,8,28,314,1,3,1,1,4702439,-25471,3,1,47,3,4,1,199,901,9,2,3,71,0,0,0,0,0
201900000616,19,9,12,724,2,3,2,6,4860182,-50883,5,2,21,3,1,2,175,514,6,7,5,70,0,0,0,0,0
201900000617,19,10,24,561,1,4,4,6,4464299,-4388,7,4,36,3,3,3,273,133,7,2,2,67,0,0,0,0,0
201900000618,19,12,26,1234,4,5,2,3,4937386,191625,3,1,34,1,2,3,238,841,3,2,4,1,0,0,0,0,0
201900000619,19,5,13,1151,3,4,2,6,4687596,138631,6,1,43,2,4,1,744,149,6,6,4,82,0,0,0,0,0
201900000620,19,11,9,875,1,9,3,2,4515359,574921,2,2,50,2,2,3,705,365,1,2,1,56,0,0,0,0,0
201900000621,19,4,12,2260,4,8,8,5,4455345,529908,4,4,38,1,4,4,368,976,4,4,5,33,0,0,0,0,0
201900000622,19,6,13,18,3,2,2,4,4754469,489536,2,2,32,3,1,1,552,2,5,2,3,95,0,0,0,0,0
201900000623,19,3,23,592,4,3,3,7,4858833,468610,2,3,28,2,2,2,193,136,7,3,4,30,0,0,0,0,0
201900000624,19,11,3,1805,1,1,4,4,4503881,57239,1,4,5,3,4,3,525,751,6,7,1,96,0,0,0,0,0
201900000625,19,3,27,2032,3,1,6,3,4949221,146801,5,3,6,2,1,2,254,61,8,7,4,12,0,0,0,0,0
201900000626,19,3,26,2218,4,6,9,4,4700365,419544,8,3,12,2,3,3,740,828,5,2,4,21,0,0,0,0,0
201900000627,19,6,14,925,4,9,2,6,4711405,92121,9,4,16,1,3,4,832,11,8,6,1,55,0,0,0,0,0
201900000628,19,9,16,1390,4,5,8,3,4822310,-209791,5,1,34,1,4,4,898,632,4,1,2,74,0,0,0,0,0
201900000629,19,1,13,2170,4,1,7,2,4544314,266404,3,1,52,2,2,1,277,97,3,4,4,11,0,0,0,0,0
201900000630,19,11,9,1511,2,3,5,6,4644702,337559,2,1,20,2,2,2,199,671,2,2,2,15,0,0,0,0,0
201900000631,19,10,18,707,4,5,9,3,4425992,305537,3,2,41,2,4,2,621,185,9,6,4,74,0,0,0,0,0
201900000632,19,12,20,941,2,7,4,4,4673177,640274,3,4,8,3,2,1,515,914,1,6,4,78,0,0,0,0,0
201900000633,19,3,10,2103,4,9,3,6,4923421,118181,2,2,5,1,3,4,94,636,6,2,4,73,0,0,0,0,0
201900000634,19,5,18,2268,3,4,4,2,4713704,-41715,4,4,7,1,3,3,734,44,5,2,2,63,0,0,0,0,0
201900000635,19,12,8,1105,4,6,4,1,4887394,344532,2,3,40,1,3,3,338,94,3,4,3,25,0,0,0,0,0
201900000636,19,11,26,2200,1,5,8,2,4471684,202288,6,3,19,1,3,4,863,445,4,2,3,27,0,0,0,0,0
201900000637,19,11,9,982,5,5,8,7,4494796,521387,2,3,23,1,2,1,193,589,9,4,5,29,0,0,0,0,0
201900000638,19,4,16,45,4,8,3,4,4456666,-56262,5,1,19,1,3,4,845,964,5,2,3,10,0,0,0,0,0
201900000639,19,7,15,1136,4,5,8,4,4928925,195041,7,3,44,2,2,1,676,13,7,6,1,94,0,0,0,0,0
201900000640,19,7,4,1516,5,6,9,1,4414218,-186054,7,3,45,2,3,2,594,653,5,6,1,56,0,0,0,0,0
201900000641,19,10,16,176,3,7,3,7,4525078,626866,1,4,7,3,1,1,334,913,7,4,5,99,0,0,0,0,0
201900000642,19,12,17,2233,5,9,2,7,4440064,15245,9,1,25,1,4,4,89,197,8,3,1,62,0,0,0,0,0
201900000643,19,10,20,440,3,6,6,7,4703336,599931,3,3,50,2,3,3,838,573,6,7,1,17,0,0,0,0,0
201900000644,19,12,14,60,4,5,3,6,4490955,521672,8,1,15,1,1,2,434,983,5,7,2,2,0,0,0,0,0
201900000645,19,6,6,83,2,7,1,6,4495033,51685,7,3,29,3,4,4,353,191,9,5,3,14,0,0,0,0,0
201900000646,19,11,21,794,2,2,2,7,4701673,452738,9,2,11,3,1,1,182,931,9,7,3,57,0,0,0,0,0
201900000647,19,1,8,1941,3,8,2,4,4681901,-41819,6,1,1,3,3,1,657,607,6,4,4,57,0,0,0,0,0
201900000648,19,7,9,640,5,3,3,3,4806984,555565,3,3,28,3,3,4,723,903,5,2,4,95,0,0,0,0,0
201900000649,19,4,11,1491,1,2,3,3,4515503,470652,4,1,46,1,1,1,747,243,1,1,5,92,0,0,0,0,0
201900000650,19,8,21,185,4,2,6,5,4749258,310222,9,2,38,1,1,4,401,584,9,6,3,85,0,0,0,0,0
201900000651,19,11,27,2333,4,9,2,5,4850419,-207429,4,2,35,1,4,3,662,110,2,4,2,52,0,0,0,0,0
201900000652,19,11,3,733,5,1,3,6,4828850,514399,6,4,44,3,3,2,388,623,2,6,5,96,0,0,0,0,0
201900000653,19,11,20,290,4,8,7,4,4712356,122407,9,1,18,2,1,4,38,645,4,1,5,11,0,0,0,0,0
201900000654,19,10,5,1549,2,9,4,6,4852066,384212,4,3,29,3,3,2,506,456,6,3,5,16,0,0,0,0,0
201900000655,19,2,6,1803,3,8,5,4,4760666,82477,7,3,22,3,3,1,504,39,3,7,4,30,0,0,0,0,0
201900000656,19,5,5,861,5,7,6,2,4630208,-123899,2,1,39,1,2,1,797,270,5,4,4,40,0,0,0,0,0
201900000657,19,7,9,1943,5,9,4,7,4853130,519434,2,3,50,3,1,1,1,490,2,4,2,42,0,0,0,0,0
201900000658,19,2,6,479,3,6,1,4,4887982,-346700,8,2,9,3,2,4,129,497,2,6,3,72,0,0,0,0,0
201900000659,19,4,5,2340,5,9,1,1,4952813,109700,8,1,28,1,4,4,214,780,4,4,2,3,0,0,0,0,0
201900000660,19,9,24,882,1,1,6,4,4778293,89012,7,2,33,3,4,4,887,522,1,6,1,68,0,0,0,0,0
201900000661,19,6,17,1526,5,7,5,3,4814941,-266410,9,3,31,1,4,4,331,54,6,3,4,93,0,0,0,0,0
201900000662,19,6,18,154,5,3,8,4,4834386,565195,2,3,37,1,2,3,264,503,2,7,3,66,0,0,0,0,0
201900000663,19,6,19,1904,5,2,6,4,4854655,392180,9,2,31,1,4,4,835,806,3,6,2,89,0,0,0,0,0
201900000664,19,12,25,1597,3,4,2,2,4602642,-338331,7,4,19,2,3,2,675,635,8,3,3,71,0,0,0,0,0
201900000665,19,6,16,1064,4,2,5,5,4576333,292885,2,1,49,2,2,4,332,993,3,3,4,71,0,0,0,0,0
201900000666,19,5,12,2139,2,2,3,4,4805005,662473,2,2,7,2,3,3,112,616,3,6,5,5,0,0,0,0,0
201900000667,19,8,27,581,4,7,9,4,4889835,562897,5,2,43,3,4,1,61,350,1,5,4,41,0,0,0,0,0
201900000668,19,2,26,2213,3,2,2,6,4588880,81856,6,3,5,2,2,3,590,512,3,3,2,38,0,0,0,0,0
201900000669,19,7,12,628,1,6,4,2,4688513,321901,7,4,14,1,3,4,905,989,1,7,3,35,0,0,0,0,0
201900000670,19,11,12,1413,2,6,4,1,4442839,-180946,3,1,20,1,2,1,858,462,7,2,1,33,0,0,0,0,0
201900000671,19,5,16,1200,2,3,7,6,4584220,-15868,7,3,39,1,3,1,459,937,8,1,1,54,0,0,0,0,0
201900000672,19,10,2,1466,3,3,2,5,4706654,-299070,8,4,13,1,3,1,523,794,6,3,1,54,0,0,0,0,0
201900000673,19,10,2,2269,2,7,8,2,4654372,686641,3,3,36,3,3,3,786,8,2,7,1,73,0,0,0,0,0
201900000674,19,1,26,903,2,1,7,4,4680442,-90306,8,3,8,3,3,2,485,233,7,3,3,10,0,0,0,0,0
201900000675,19,5,20,194,1,8,3,3,4907237,-101657,1,3,6,2,2,2,264,528,4,7,4,79,0,0,0,0,0
201900000676,19,12,26,1091,1,5,6,6,4658170,131876,5,4,28,3,3,4,636,571,8,1,4,86,0,0,0,0,0
201900000677,19,1,25,791,4,1,5,6,4497716,631790,9,4,0,1,1,2,812,900,3,1,1,11,0,0,0,0,0
201900000678,19,11,17,756,4,7,2,6,4578880,477740,7,4,15,3,3,2,635,629,9,5,1,0,0,0,0,0,0
201900000679,19,12,5,673,4,2,4,5,4723046,424032,6,3,26,3,1,3,849,187,9,7,5,76,0,0,0,0,0
201900000680,19,2,28,1873,4,2,7,2,4629535,267236,3,1,15,1,4,4,233,136,9,6,5,38,0,0,0,0,0
201900000681,19,12,11,147,1,9,1,4,4421949,274253,5,3,10,1,1,3,586,389,8,1,1,60,0,0,0,0,0
201900000682,19,6,6,208,2,3,3,1,4416697,97213,9,3,7,3,1,3,298,218,5,7,4,15,0,0,0,0,0
201900000683,19,6,7,221,1,8,6,7,4923303,-100880,5,2,49,3,3,2,664,530,3,2,5,98,0,0,0,0,0
201900000684,19,11,17,896,5,2,3,5,4624455,-225874,2,1,49,3,2,3,581,990,1,4,5,60,0,0,0,0,0
201900000685,19,3,23,606,4,9,9,1,4933559,339375,1,3,27,2,4,2,20,3,8,4,5,38,0,0,0,0,0
201900000686,19,2,19,752,3,5,8,2,4791443,558659,1,4,32,3,2,3,577,56,3,2,4,76,0,0,0,0,0
201900000687,19,6,14,2208,4,5,8,5,4455290,-193517,9,2,18,3,1,3,566,839,7,1,4,86,0,0,0,0,0
201900000688,19,12,11,389,4,7,9,4,4538828,30132,6,1,39,2,3,4,884,422,2,4,2,30,0,0,0,0,0
201900000689,19,7,16,183,1,5,6,1,4636095,-170842,3,4,46,1,4,1,253,611,9,5,4,97,0,0,0,0,0
201900000690,19,10,25,142,2,2,3,7,4683144,576028,7,4,12,1,1,3,523,278,7,7,2,30,0,0,0,0,0
201900000691,19,2,1,301,2,4,3,4,4452952,-396869,2,3,17,2,3,2,138,653,5,4,5,48,0,0,0,0,0
201900000692,19,1,7,385,2,5,3,3,4904835,629659,1,3,5,1,3,3,280,336,7,1,3,51,0,0,0,0,0
201900000693,19,7,12,476,5,2,7,7,4608144,-167761,4,4,53,3,4,2,204,738,3,7,5,52,0,0,0,0,0
201900000694,19,11,19,341,4,3,2,6,4652808,-58587,4,3,8,1,3,4,569,151,9,5,2,14,0,0,0,0,0
201900000695,19,7,8,2145,5,4,7,2,4829223,360510,9,2,37,1,1,1,87,485,5,7,3,51,0,0,0,0,0
201900000696,19,12,10,376,3,8,2,6,4462258,512714,1,4,43,1,4,4,373,861,8,7,5,95,0,0,0,0,0
201900000697,19,12,4,2250,2,4,4,6,4801851,583097,9,2,42,3,1,4,292,708,9,2,2,76,0,0,0,0,0
201900000698,19,7,12,91,3,2,5,5,4560997,-213728,4,4,35,2,3,4,443,135,3,3,4,52,0,0,0,0,0
201900000699,19,12,15,590,3,2,1,2,4635309,604862,4,3,37,2,4,3,786,56,7,4,3,13,0,0,0,0,0
201900000700,19,8,4,1327,2,5,3,4,4803781,-1814,6,3,25,2,1,4,72,748,5,1,4,53,0,0,0,0,0
201900000701,19,11,3,865,4,9,5,5,4872280,-36115,8,4,36,1,3,1,239,648,1,7,1,1,0,0,0,0,0
201900000702,19,8,20,277,5,6,9,1,4855806,-366646,3,2,28,3,3,3,21,466,9,7,2,23,0,0,0,0,0
201900000703,19,7,17,2007,4,1,6,7,4589486,-259074,9,2,53,3,1,2,617,115,8,1,4,58,0,0,0,0,0
201900000704,19,6,3,2192,3,7,3,6,4867133,170719,2,3,39,1,2,3,462,451,8,4,3,8,0,0,0,0,0
201900000705,19,10,7,507,1,3,3,3,4523525,-41697,7,1,10,3,2,4,508,547,9,7,3,20,0,0,0,0,0
201900000706,19,10,9,1477,1,5,7,2,4415370,329629,3,4,53,3,2,1,388,480,4,3,5,8,0,0,0,0,0
201900000707,19,11,2,136,5,3,8,7,4713519,-83937,6,3,18,2,4,4,831,281,9,1,4,27,0,0,0,0,0
201900000708,19,12,22,336,2,3,2,6,4441321,30212,1,2,13,3,3,3,304,468,9,3,3,35,0,0,0,0,0
201900000709,19,2,9,2312,2,9,9,1,4914207,-195356,4,3,8,3,4,2,381,763,8,2,1,87,0,0,0,0,0
201900000710,19,6,23,1647,3,1,3,4,4806210,216233,8,3,5,2,1,2,487,752,4,1,2,17,0,0,0,0,0
201900000711,19,12,27,1960,3,2,9,2,4756915,638670,5,2,1,1,4,4,384,30,3,5,1,25,0,0,0,0,0
201900000712,19,7,11,543,2,2,3,1,4666019,-141198,7,3,30,1,4,3,60,94,2,6,3,31,0,0,0,0,0
201900000713,19,4,9,221,3,8,6,1,4756197,-236884,6,1,31,2,4,4,373,524,7,6,3,72,0,0,0,0,0
201900000714,19,1,6,2129,5,2,8,6,4488607,536359,5,2,25,2,3,4,176,781,9,3,1,63,0,0,0,0,0
201900000715,19,1,11,1027,5,3,8,2,4603854,608083,2,3,4,3,4,3,590,330,1,6,5,37,0,0,0,0,0
201900000716,19,2,20,2300,2,7,5,1,4583904,-298334,6,4,27,1,1,4,23,188,8,7,3,26,0,0,0,0,0
201900000717,19,1,6,1174,5,1,3,2,4823682,461436,9,3,3,2,2,3,415,318,8,6,4,62,0,0,0,0,0
201900000718,19,2,22,1075,4,6,3,3,4846506,132378,3,1,15,2,4,4,351,34,3,1,2,19,0,0,0,0,0
201900000719,19,11,3,1585,1,5,5,1,4828598,440916,6,2,46,2,2,3,103,657,6,4,2,68,0,0,0,0,0
201900000720,19,2,23,132,2,9,3,4,4783256,8610,7,3,40,1,2,2,678,646,2,2,3,43,0,0,0,0,0
201900000721,19,5,28,973,4,9,9,4,4535230,-281756,5,1,27,3,4,2,695,481,6,6,2,78,0,0,0,0,0
201900000722,19,11,1,1450,1,1,3,4,4733892,-227736,1,4,12,2,4,4,863,765,8,2,1,16,0,0,0,0,0
201900000723,19,7,25,2338,1,7,8,2,4474496,481450,2,1,37,2,1,3,482,283,9,5,5,32,0,0,0,0,0
201900000724,19,3,16,1919,5,9,1,7,4481466,423595,7,4,52,2,2,2,569,754,7,6,3,98,0,0,0,0,0
201900000725,19,9,12,359,1,2,5,2,4855449,577268,6,4,7,1,3,4,657,591,3,7,1,6,0,0,0,0,0