Num_Acc,an,mois,jour,hrmn,lum,int,atm,col,lat,long,catr,circ,nbv,vosp,prof,plan,lartpc,larrout,surf,infra,situ,env1,unscathed,killed,hospital,light,chance
201900000726,19,11,15,1839,5,2,3,1,4933949,616944,7,3,52,2,4,1,481,256,6,3,3,14,0,0,0,0,0
201900000727,19,2,18,1584,3,2,3,5,4553048,-192704,9,4,41,1,2,3,322,446,5,1,1,95,0,0,0,0,0
201900000728,19,2,7,482,3,4,5,7,4774538,402062,8,2,19,3,2,3,31,873,9,1,5,94,0,0,0,0,0
201900000729,19,2,17,2077,2,4,6,7,4799048,109804,9,3,36,3,4,1,475,387,8,7,2,24,0,0,0,0,0
201900000730,19,4,7,1338,1,6,4,3,4636512,165000,2,1,8,2,3,4,487,651,1,3,5,2,0,0,0,0,0
201900000731,19,4,7,1781,3,6,7,1,4824405,-368354,7,1,39,1,1,2,677,892,9,1,4,52,0,0,0,0,0
201900000732,19,10,24,1909,5,9,9,1,4678800,633031,6,1,25,2,3,1,532,76,9,5,1,5,0,0,0,0,0
201900000733,19,1,23,62,3,5,6,2,4732380,-343365,2,3,25,3,2,3,803,164,1,2,2,96,0,0,0,0,0
201900000734,19,10,25,1490,4,8,5,3,4633826,171513,2,4,17,3,2,2,198,651,7,2,2,86,0,0,0,0,0
201900000735,19,11,13,722,4,5,5,5,4995114,504988,9,1,27,2,1,2,305,941,7,1,3,83,0,0,0,0,0
201900000736,19,1,12,1788,1,5,6,4,4784551,460841,3,1,30,2,1,1,278,504,5,2,4,2,0,0,0,0,0
201900000737,19,6,7,1346,1,6,1,5,4518941,-124012,7,1,28,2,2,1,767,790,5,5,1,77,0,0,0,0,0
201900000738,19,2,27,430,1,9,8,6,4678149,-374696,7,1,35,1,3,2,175,386,8,5,3,96,0,0,0,0,0
201900000739,19,4,27,2086,2,8,5,3,4580091,499436,9,2,25,1,1,3,108,729,5,7,5,97,0,0,0,0,0
201900000740,19,5,8,1656,2,9,7,2,4959118,239549,6,2,3,1,1,3,610,371,6,4,1,60,0,0,0,0,0
201900000741,19,3,11,1939,2,7,1,1,4602521,495352,4,4,17,3,3,3,159,191,4,6,2,64,0,0,0,0,0
201900000742,19,10,18,1677,2,5,5,2,4705907,659572,1,2,10,1,4,1,523,168,9,7,4,98,0,0,0,0,0
201900000743,19,7,22,2212,2,4,9,3,4769861,-32147,6,3,44,2,1,2,319,688,6,4,1,22,0,0,0,0,0
201900000744,19,5,10,1923,3,5,5,5,4497725,104420,1,1,19,1,4,1,150,649,9,3,2,64,0,0,0,0,0
201900000745,19,10,3,673,3,1,9,4,4725187,420074,8,1,44,1,2,4,501,694,8,2,1,67,0,0,0,0,0
201900000746,19,7,16,1390,4,8,4,6,4877527,362601,5,2,41,2,3,4,449,876,3,4,2,49,0,0,0,0,0
201900000747,19,8,21,91,1,8,6,7,4936925,317825,6,3,1,2,1,3,784,927,9,5,5,28,0,0,0,0,0
201900000748,19,6,15,120,5,7,2,2,4773844,9484,6,1,12,2,1,2,857,447,1,6,1,32,0,0,0,0,0
201900000749,19,11,15,1287,2,6,2,4,4916572,-77813,4,2,45,2,4,4,811,817,7,4,5,27,0,0,0,0,0
201900000750,19,7,24,1288,1,3,3,5,4670311,182436,4,4,27,1,4,2,244,836,1,2,4,97,0,0,0,0,0
201900000751,19,2,1,1242,4,1,5,5,4700253,267396,9,1,12,3,1,1,704,581,9,4,1,79,0,0,0,0,0
201900000752,19,1,8,933,5,4,3,1,4784935,211436,8,2,5,2,4,4,75,484,4,7,5,9,0,0,0,0,0
201900000753,19,1,24,2291,5,8,7,6,4907855,-71512,1,4,45,2,1,3,853,761,7,3,2,68,0,0,0,0,0
201900000754,19,9,24,1699,4,4,2,1,4750518,-307730,2,1,16,1,1,1,644,790,8,1,1,71,0,0,0,0,0
201900000755,19,10,7,1048,4,5,7,3,4659781,650308,7,1,46,2,1,3,704,220,3,3,5,26,0,0,0,0,0
201900000756,19,2,20,1006,2,1,1,4,4711434,-55526,2,3,20,2,1,3,541,200,6,6,2,1,0,0,0,0,0
201900000757,19,2,22,1451,5,3,9,3,4770440,-178296,1,1,29,1,3,2,112,391,7,5,1,91,0,0,0,0,0
201900000758,19,9,21,2214,3,9,5,7,4744336,637024,1,3,24,2,1,3,664,438,4,1,5,16,0,0,0,0,0
201900000759,19,10,27,690,1,3,6,2,4596434,199368,2,1,17,3,3,4,867,79,8,2,2,46,0,0,0,0,0
201900000760,19,10,26,159,2,5,6,7,4823584,146269,9,3,46,1,1,4,695,999,4,6,3,41,0,0,0,0,0
201900000761,19,10,27,1894,5,8,3,1,4757225,214213,1,1,51,3,1,4,340,998,4,2,4,56,0,0,0,0,0
201900000762,19,2,27,1913,2,7,6,6,4897469,478654,1,1,32,2,1,2,284,140,7,5,2,75,0,0,0,0,0
201900000763,19,10,15,380,1,1,9,7,4423938,260359,1,4,14,3,1,1,212,47,9,5,4,60,0,0,0,0,0
201900000764,19,1,14,1374,5,6,9,2,4751184,175806,3,2,29,3,3,3,363,554,6,3,3,77,0,0,0,0,0
201900000765,19,4,11,1625,4,6,4,3,4855305,444925,2,4,49,2,2,4,800,486,1,3,3,51,0,0,0,0,0
201900000766,19,5,28,1549,4,4,2,5,4710768,186339,7,1,49,3,3,3,236,572,8,7,5,94,0,0,0,0,0
201900000767,19,10,28,2035,3,8,3,7,4735945,375232,3,4,26,2,3,4,504,490,6,1,1,73,0,0,0,0,0
201900000768,19,3,17,58,2,6,8,4,4645515,-119200,6,4,22,3,3,1,581,69,7,5,3,24,0,0,0,0,0
201900000769,19,8,17,969,1,6,9,7,4811828,-174368,2,3,3,1,3,2,752,957,4,3,2,11,0,0,0,0,0
201900000770,19,8,3,1400,5,7,5,6,4411387,-104320,4,2,23,1,3,2,82,455,2,3,1,3,0,0,0,0,0
201900000771,19,7,12,1538,4,7,7,4,4467526,109050,2,2,40,2,4,2,60,23,6,3,2,84,0,0,0,0,0
201900000772,19,3,4,1139,2,6,3,4,4549698,-88996,9,2,50,3,2,1,323,594,7,3,2,23,0,0,0,0,0
201900000773,19,1,4,1315,3,3,7,5,4873140,49418,5,2,1,2,3,2,453,339,5,6,5,82,0,0,0,0,0
201900000774,19,7,13,563,1,1,5,7,4568952,-326360,1,3,36,3,3,3,579,781,3,7,1,22,0,0,0,0,0
201900000775,19,1,13,49,4,1,1,4,4686642,-342659,9,1,4,3,3,4,264,3,7,6,3,24,0,0,0,0,0
201900000776,19,5,21,1909,3,1,2,7,4790258,407009,4,2,31,3,3,1,703,527,5,4,5,22,0,0,0,0,0
201900000777,19,11,11,376,5,4,8,1,4570851,59054,6,3,15,1,4,1,125,803,1,4,2,2,0,0,0,0,0
201900000778,19,3,17,1080,1,9,5,7,4725838,596490,1,2,20,2,3,2,839,989,5,5,3,45,0,0,0,0,0
201900000779,19,6,5,1148,5,7,9,7,4595429,262873,4,3,24,1,2,3,815,753,2,1,1,60,0,0,0,0,0
201900000780,19,4,16,326,5,3,2,1,4754067,-343509,7,2,22,2,3,3,799,659,6,3,4,34,0,0,0,0,0
201900000781,19,2,19,888,5,4,6,3,4961521,-43232,2,4,30,3,1,4,269,898,9,3,1,86,0,0,0,0,0
201900000782,19,3,27,1787,2,2,8,7,4404606,-333645,8,4,37,2,1,1,86,228,9,7,3,27,0,0,0,0,0
201900000783,19,12,23,449,4,1,4,5,4824967,-257642,2,4,8,1,2,3,147,207,8,6,3,29,0,0,0,0,0
201900000784,19,2,9,2095,3,1,6,6,4436333,-268838,4,2,39,1,2,2,112,565,5,5,5,44,0,0,0,0,0
201900000785,19,3,12,1539,2,3,1,1,4616610,24087,9,2,5,3,4,3,760,517,4,4,5,3,0,0,0,0,0
201900000786,19,4,28,1923,5,9,9,5,4801218,536617,8,4,10,1,2,3,28,664,2,5,1,16,0,0,0,0,0
201900000787,19,6,6,1697,5,2,6,3,4439577,291392,7,2,7,2,2,2,497,560,8,5,4,14,0,0,0,0,0
201900000788,19,9,23,1608,3,6,9,6,4753827,259973,3,2,15,3,4,2,174,718,2,7,2,53,0,0,0,0,0
201900000789,19,5,14,1424,1,9,7,3,4819623,478072,8,4,6,2,4,1,414,914,1,7,4,42,0,0,0,0,0
201900000790,19,9,7,479,5,6,6,4,4553033,-152149,1,4,49,2,2,3,82,275,9,3,5,74,0,0,0,0,0
201900000791,19,11,4,1030,1,2,1,2,4417935,545835,9,4,51,2,2,3,143,841,5,5,2,56,0,0,0,0,0
201900000792,19,3,25,2296,1,3,9,1,4735522,363058,6,2,10,3,4,4,454,972,3,2,5,67,0,0,0,0,0
201900000793,19,2,5,97,2,8,4,6,4891627,-240270,2,3,26,1,1,3,207,526,6,3,2,80,0,0,0,0,0
201900000794,19,5,24,1439,5,4,9,2,4902136,186900,2,2,17,2,1,1,281,736,1,5,2,79,0,0,0,0,0
201900000795,19,3,23,548,3,8,3,2,4536089,185703,6,3,28,3,1,4,637,486,5,4,3,76,0,0,0,0,0
201900000796,19,11,15,1514,1,3,6,4,4549338,-125018,6,1,22,1,2,2,479,404,9,5,2,32,0,0,0,0,0
201900000797,19,2,4,592,2,7,1,7,4583529,201805,2,2,27,3,2,2,132,763,9,3,3,7,0,0,0,0,0
201900000798,19,12,11,2178,3,4,9,6,4664174,22810,2,3,35,1,2,3,477,708,3,5,1,70,0,0,0,0,0
201900000799,19,5,19,1706,5,8,3,1,4428124,308541,4,3,30,3,2,4,772,938,7,3,4,16,0,0,0,0,0
201900000800,19,2,19,505,4,9,1,5,4735270,434316,4,4,26,2,2,2,332,649,5,2,1,75,0,0,0,0,0
201900000801,19,1,1,1729,5,2,8,6,4835318,302673,6,4,43,2,3,3,293,904,4,7,5,27,0,0,0,0,0
201900000802,19,7,12,858,1,7,7,5,4924395,146218,7,1,7,2,2,2,883,771,2,1,3,91,0,0,0,0,0
201900000803,19,8,24,1585,1,9,2,4,4415401,-153211,1,3,14,3,4,2,604,938,9,7,4,36,0,0,0,0,0
201900000804,19,6,5,1504,5,8,3,7,4527407,79016,3,2,28,3,1,2,433,797,5,3,1,34,0,0,0,0,0
201900000805,19,4,24,1492,4,5,8,6,4789573,405446,2,4,40,2,1,2,659,584,9,6,3,37,0,0,0,0,0
201900000806,19,11,11,2007,5,9,1,3,4940136,64896,9,1,12,1,1,1,6,764,1,6,2,56,0,0,0,0,0
201900000807,19,6,26,2227,5,3,7,2,4935274,571670,7,1,39,2,4,1,166,201,3,4,5,21,0,0,0,0,0
201900000808,19,4,27,1875,5,6,4,5,4915894,261957,3,4,25,3,2,1,907,396,8,3,2,82,0,0,0,0,0
201900000809,19,3,3,1910,4,4,3,7,4411224,-125392,3,2,5,1,4,3,26,254,1,2,5,75,0,0,0,0,0
201900000810,19,5,7,1185,1,8,7,7,4572013,-329771,3,2,1,3,1,4,404,964,5,3,1,7,0,0,0,0,0
201900000811,19,9,12,37,1,2,9,1,4483754,-354850,5,4,49,1,1,3,365,878,3,2,1,72,0,0,0,0,0
201900000812,19,7,8,1285,3,4,3,1,4977165,-123140,9,2,46,2,2,2,203,724,7,5,2,53,0,0,0,0,0
201900000813,19,5,5,2268,4,9,4,3,4856696,346288,4,1,3,1,4,3,704,908,6,5,5,84,0,0,0,0,0
201900000814,19,10,7,190,1,1,5,5,4882045,235322,7,2,8,2,3,2,471,182,4,5,2,79,0,0,0,0,0
201900000815,19,2,11,1429,3,2,8,5,4451045,35988,8,2,7,2,4,2,477,818,7,6,3,49,0,0,0,0,0
201900000816,19,10,5,1907,5,2,8,1,4908812,-393249,6,3,47,3,3,3,447,194,4,4,1,82,0,0,0,0,0
201900000817,19,10,17,1327,4,1,4,1,4906804,222175,3,4,43,1,1,4,656,639,9,3,3,60,0,0,0,0,0
201900000818,19,9,2,448,4,6,9,4,4489350,-62267,4,2,42,1,2,3,183,270,2,2,2,56,0,0,0,0,0
201900000819,19,1,5,111,3,4,6,3,4918382,491519,2,4,2,3,1,3,484,456,4,7,4,51,0,0,0,0,0
201900000820,19,7,20,1257,2,9,6,3,4612110,29693,1,2,9,1,2,2,358,700,6,7,2,23,0,0,0,0,0
201900000821,19,2,10,2303,3,5,2,4,4826657,288386,9,3,11,1,1,3,456,62,3,3,1,59,0,0,0,0,0
201900000822,19,5,14,2101,2,8,9,5,4780483,-220204,3,4,23,1,1,4,263,362,3,3,3,20,0,0,0,0,0
201900000823,19,7,21,1393,5,5,5,6,4599107,231254,4,1,17,3,1,4,242,15,3,3,1,53,0,0,0,0,0
201900000824,19,3,26,369,2,6,5,6,4613525,-53057,2,2,46,3,4,4,801,158,3,5,5,77,0,0,0,0,0
201900000825,19,2,11,1084,3,7,1,6,4473514,584540,9,1,37,3,4,3,330,570,1,6,2,24,0,0,0,0,0
201900000826,19,7,10,1887,4,8,1,7,4655272,-11924,3,2,17,3,1,2,182,820,3,5,3,53,0,0,0,0,0
201900000827,19,12,14,1830,4,2,8,6,4823005,29549,9,3,42,1,1,4,395,344,2,2,5,87,0,0,0,0,0
201900000828,19,7,2,1042,3,3,9,4,4571573,-299883,1,3,17,1,3,4,820,913,8,1,3,93,0,0,0,0,0
201900000829,19,6,14,34,1,3,4,1,4744104,-64669,9,4,6,2,3,1,389,350,1,1,4,31,0,0,0,0,0
201900000830,19,11,22,1680,5,6,9,3,4459277,-79333,3,1,38,3,1,1,73,2,7,4,2,94,0,0,0,0,0
201900000831,19,4,12,1310,4,3,2,7,4683902,-268735,1,3,31,2,2,3,36,445,9,3,3,97,0,0,0,0,0
201900000832,19,10,11,359,2,1,6,4,4894952,395434,7,2,35,1,2,2,375,516,5,5,3,74,0,0,0,0,0
201900000833,19,1,15,865,5,4,2,4,4969422,169023,1,4,23,2,2,1,233,133,1,1,1,53,0,0,0,0,0
201900000834,19,12,12,1108,2,7,7,6,4889785,-317187,9,2,24,3,2,2,735,187,2,3,2,51,0,0,0,0,0
201900000835,19,7,11,1825,2,6,7,4,4848415,-306228,1,2,38,1,1,3,845,942,5,6,3,39,0,0,0,0,0
201900000836,19,8,2,1577,4,8,4,6,4632243,-74840,4,1,24,3,2,2,75,830,3,3,3,15,0,0,0,0,0
201900000837,19,11,28,1070,3,3,1,5,4955408,409712,6,4,51,2,1,3,291,959,9,5,5,81,0,0,0,0,0
201900000838,19,6,13,706,3,2,9,3,4511446,-160089,5,3,31,2,1,1,167,611,9,3,2,59,0,0,0,0,0
201900000839,19,7,7,1888,1,5,1,5,4884401,437284,1,1,10,3,1,3,403,335,4,3,3,95,0,0,0,0,0
201900000840,19,12,19,2182,5,7,2,3,4652531,302168,6,2,10,2,4,3,669,898,6,7,5,83,0,0,0,0,0
201900000841,19,8,17,2266,5,9,4,7,4995506,301713,2,2,29,3,2,4,36,678,6,6,4,73,0,0,0,0,0
201900000842,19,6,9,672,4,5,2,4,4566788,-193263,5,4,24,2,3,3,171,111,7,3,5,99,0,0,0,0,0
201900000843,19,4,4,244,1,1,3,4,4986365,178945,4,1,41,3,4,2,507,180,6,6,4,32,0,0,0,0,0
201900000844,19,1,25,1154,4,2,5,1,4421725,-197108,4,1,27,3,4,2,128,48,5,5,4,94,0,0,0,0,0
201900000845,19,2,10,1330,5,2,8,5,4545607,-257506,3,1,15,3,2,2,432,89,8,1,2,24,0,0,0,0,0
201900000846,19,6,13,36,3,5,7,1,4833365,575571,7,4,8,3,4,3,628,437,5,5,5,6,0,0,0,0,0
201900000847,19,9,18,794,3,8,2,3,4511033,609232,2,2,2,2,4,3,561,499,3,5,5,59,0,0,0,0,0
201900000848,19,7,23,1012,1,7,4,6,4823940,-227311,2,3,9,3,3,3,820,437,9,7,2,22,0,0,0,0,0
201900000849,19,7,7,1008,4,5,1,1,4765783,294109,8,3,7,3,4,3,429,11,3,7,3,4,0,0,0,0,0
201900000850,19,9,13,286,5,1,2,5,4595420,480022,4,2,48,3,2,4,500,894,3,3,3,0,0,0,0,0,0
201900000851,19,10,10,2238,5,3,7,2,4657445,-377947,9,4,2,1,4,3,330,287,6,2,4,48,0,0,0,0,0
201900000852,19,8,7,1057,3,2,4,1,4915531,-328311,6,2,37,3,3,2,652,94,6,3,5,6,0,0,0,0,0
201900000853,19,6,6,1040,4,3,8,7,4718855,-143256,4,3,43,1,4,2,646,151,3,1,4,5,0,0,0,0,0
201900000854,19,10,19,2125,4,7,2,6,4464451,136581,1,1,4,1,1,2,513,591,8,4,5,84,0,0,0,0,0
201900000855,19,8,5,770,3,1,9,4,4740233,212489,3,1,38,2,3,3,804,163,4,2,3,86,0,0,0,0,0
201900000856,19,7,1,627,1,3,2,5,4798371,472828,8,2,25,3,3,1,804,150,7,3,4,69,0,0,0,0,0
201900000857,19,2,25,1882,4,4,8,2,4873084,-279041,5,4,41,3,3,4,93,64,2,6,3,58,0,0,0,0,0
201900000858,19,7,3,302,3,8,1,3,4669561,-123841,9,4,4,2,2,3,848,901,5,6,5,88,0,0,0,0,0
201900000859,19,4,1,163,2,9,1,7,4900674,322304,2,4,12,2,1,2,321,668,5,4,5,68,0,0,0,0,0
201900000860,19,2,2,1499,3,8,9,3,4750637,194342,7,1,27,2,2,4,909,550,8,4,5,76,0,0,0,0,0
201900000861,19,3,8,399,3,1,6,2,4773157,-66063,2,1,43,1,4,2,240,555,9,4,2,61,0,0,0,0,0
201900000862,19,4,14,268,1,4,8,2,4628621,128028,7,2,8,2,3,2,772,736,6,1,5,13,0,0,0,0,0
201900000863,19,6,5,441,5,9,4,4,4786136,15907,5,4,29,3,2,1,162,839,5,3,3,86,0,0,0,0,0
201900000864,19,4,18,1013,1,3,6,4,4458468,400727,7,4,28,2,3,1,586,836,3,2,2,43,0,0,0,0,0
201900000865,19,7,11,488,1,2,3,4,4932814,532163,6,4,23,3,4,4,68,28,7,1,1,48,0,0,0,0,0
201900000866,19,7,2,205,2,3,3,5,4613513,665258,8,3,29,3,1,4,310,504,3,5,2,11,0,0,0,0,0
201900000867,19,1,27,281,5,2,8,3,4978564,42675,4,2,28,1,3,2,524,275,3,7,5,17,0,0,0,0,0
201900000868,19,5,25,2338,2,4,1,1,4552220,-285683,5,2,15,2,4,2,176,728,9,6,2,15,0,0,0,0,0
201900000869,19,10,19,604,5,3,7,1,4655075,396385,9,3,40,2,2,1,543,794,5,1,3,47,0,0,0,0,0
201900000870,19,7,4,1798,2,2,9,3,4868409,602301,3,1,18,3,3,2,115,672,2,2,2,74,0,0,0,0,0
201900000871,19,5,6,161,2,3,8,4,4571951,335894,6,4,35,2,4,2,111,560,2,4,3,21,0,0,0,0,0
201900000872,19,9,22,1848,3,6,1,2,4902830,-259148,4,1,36,1,1,3,580,640,5,4,4,8,0,0,0,0,0
201900000873,19,4,3,2037,4,4,9,7,4607434,221005,9,2,22,3,3,1,88,814,5,5,2,95,0,0,0,0,0
201900000874,19,2,17,1048,1,1,4,6,4447986,-84866,2,4,12,2,4,2,75,101,3,7,2,11,0,0,0,0,0
201900000875,19,6,18,1317,4,2,2,3,4562198,-50873,3,4,17,3,2,3,116,171,7,2,3,11,0,0,0,0,0
201900000876,19,2,11,2083,2,6,2,4,4730567,480833,6,4,8,1,2,2,434,425,5,1,3,40,0,0,0,0,0
201900000877,19,12,18,839,5,3,5,4,4856566,-320031,8,3,9,1,4,2,476,774,6,3,3,60,0,0,0,0,0
201900000878,19,11,12,2000,3,5,2,4,4888669,146492,6,1,24,3,1,3,431,259,5,3,2,0,0,0,0,0,0
201900000879,19,8,23,1806,1,8,8,3,4741519,-173263,5,1,40,3,1,4,84,793,8,1,4,67,0,0,0,0,0
201900000880,19,8,17,684,5,7,2,1,4543713,-34730,3,1,44,3,2,1,54,271,8,7,5,25,0,0,0,0,0
201900000881,19,11,16,770,1,7,6,4,4719810,649372,3,2,10,1,1,3,18,814,5,4,2,60,0,0,0,0,0
201900000882,19,3,20,2358,1,1,4,6,4805541,508953,6,1,35,3,2,1,109,254,7,6,4,6,0,0,0,0,0
201900000883,19,12,7,1414,1,9,6,6,4773269,368330,5,1,30,2,1,4,634,281,3,7,5,23,0,0,0,0,0
201900000884,19,12,18,871,4,9,6,6,4443771,-384664,9,1,28,3,1,4,204,950,6,3,5,42,0,0,0,0,0
201900000885,19,6,24,489,2,3,1,7,4405593,-399919,5,1,10,1,1,4,519,540,3,1,4,56,0,0,0,0,0
201900000886,19,5,14,2226,3,7,4,4,4734561,586078,4,3,8,2,2,2,596,129,5,3,4,3,0,0,0,0,0
201900000887,19,9,21,2256,1,2,3,3,4762146,613802,9,3,42,1,4,2,568,947,8,2,5,81,0,0,0,0,0
201900000888,19,12,23,1604,4,3,1,4,4771249,561361,4,4,26,1,2,2,413,891,1,1,3,90,0,0,0,0,0
201900000889,19,1,14,1561,1,8,8,5,4635744,-135711,5,2,32,3,1,1,618,769,1,2,4,89,0,0,0,0,0
201900000890,19,11,11,1976,2,4,1,3,4527165,490114,6,4,36,2,4,2,294,862,3,1,5,35,0,0,0,0,0
201900000891,19,11,24,2072,2,4,7,5,4701172,325274,1,1,3,2,3,1,489,675,8,5,1,36,0,0,0,0,0
201900000892,19,10,1,519,4,7,2,3,4708046,406374,8,1,23,3,1,4,319,880,8,3,5,75,0,0,0,0,0
201900000893,19,4,8,1133,5,2,3,3,4439419,-65533,8,4,53,2,2,2,499,802,7,2,1,15,0,0,0,0,0
201900000894,19,7,16,1349,3,1,7,3,4582783,63857,5,4,39,3,2,3,532,720,5,5,5,38,0,0,0,0,0
201900000895,19,2,16,915,4,2,4,2,4820385,432760,5,1,41,1,1,4,817,317,2,7,5,38,0,0,0,0,0
201900000896,19,9,19,2156,5,4,7,2,4490894,298508,9,4,45,2,4,1,356,207,5,6,5,18,0,0,0,0,0
201900000897,19,3,3,2247,2,6,7,4,4855956,30002,3,4,48,3,3,2,407,984,4,4,2,23,0,0,0,0,0
201900000898,19,8,3,814,1,9,2,4,4607586,538571,3,2,46,3,4,1,509,549,7,5,4,5,0,0,0,0,0
201900000899,19,6,7,1059,5,1,9,6,4506750,-113948,9,4,19,1,3,1,366,934,2,3,2,33,0,0,0,0,0
201900000900,19,4,17,2099,1,7,8,7,4743374,-252631,3,3,39,1,2,1,621,242,5,3,5,52,0,0,0,0,0
201900000901,19,2,5,384,2,1,8,3,4954381,-138725,7,4,9,2,1,3,190,410,7,6,1,9,0,0,0,0,0
201900000902,19,5,21,1494,1,9,8,6,4486036,404175,1,2,2,2,4,3,418,535,4,2,2,89,0,0,0,0,0
201900000903,19,12,26,2034,2,3,3,1,4929572,185499,6,1,51,3,4,4,633,899,2,5,3,53,0,0,0,0,0
201900000904,19,7,21,1563,1,7,6,1,4569654,185473,4,2,30,1,2,4,443,172,4,2,1,19,0,0,0,0,0
201900000905,19,11,27,668,1,2,4,6,4718286,-390250,4,2,48,1,1,2,394,959,9,1,2,84,0,0,0,0,0
201900000906,19,12,20,806,3,3,6,7,4567136,199518,9,4,43,2,4,2,344,79,2,7,3,57,0,0,0,0,0
201900000907,19,1,26,2240,5,9,4,2,4575449,11169,1,4,46,1,2,4,651,264,1,2,1,71,0,0,0,0,0
201900000908,19,5,6,978,3,5,9,7,4972784,-52267,2,2,24,3,2,3,867,442,2,6,1,44,0,0,0,0,0
201900000909,19,7,15,254,5,7,9,7,4498040,60555,6,4,47,2,1,2,697,741,3,2,3,42,0,0,0,0,0
201900000910,19,1,24,806,1,7,3,7,4966894,-168857,9,3,7,2,1,2,536,232,6,1,5,59,0,0,0,0,0
201900000911,19,10,15,1264,4,1,7,5,4951727,-180908,7,1,21,1,2,4,383,624,4,1,4,40,0,0,0,0,0
201900000912,19,3,8,1237,3,2,5,1,4667802,-13976,2,3,36,3,4,4,480,507,3,6,2,5,0,0,0,0,0
201900000913,19,9,1,342,4,4,8,4,4807240,-237430,8,2,43,3,3,4,161,982,8,4,2,75,0,0,0,0,0
201900000914,19,10,1,326,1,4,5,5,4632544,538289,6,1,40,2,1,4,722,96,4,1,2,10,0,0,0,0,0
201900000915,19,8,10,432,5,4,2,3,4918973,48675,2,1,29,3,2,3,736,20,5,6,4,54,0,0,0,0,0
201900000916,19,10,21,349,3,9,6,6,4944419,118798,4,4,16,2,3,3,548,898,9,1,5,78,0,0,0,0,0
201900000917,19,9,16,2106,4,3,4,2,4841916,477673,7,3,35,3,4,2,566,57,1,7,4,24,0,0,0,0,0
201900000918,19,5,3,831,4,3,3,4,4744823,-235959,9,2,12,1,2,3,690,295,8,5,3,60,0,0,0,0,0
201900000919,19,3,20,1310,4,3,3,3,4536408,299638,4,4,44,2,3,4,237,807,1,1,1,0,0,0,0,0,0
201900000920,19,11,24,650,5,9,1,2,4913685,-100182,3,1,43,3,2,2,0,574,2,2,4,37,0,0,0,0,0
201900000921,19,3,5,784,3,2,7,3,4993748,481544,9,4,30,2,4,1,829,305,6,6,2,67,0,0,0,0,0
201900000922,19,12,10,1731,3,5,9,5,4689610,598737,7,4,14,1,4,4,747,770,1,5,3,65,0,0,0,0,0
201900000923,19,9,23,681,1,6,5,3,4544863,163871,3,2,30,2,3,4,190,197,7,3,1,56,0,0,0,0,0
201900000924,19,2,12,1292,4,3,9,5,4439108,472622,6,3,13,3,1,3,1,205,7,4,3,62,0,0,0,0,0
201900000925,19,10,17,1685,1,9,9,6,4769703,682397,5,4,24,1,2,4,221,73,3,6,4,24,0,0,0,0,0
201900000926,19,12,3,1251,4,9,6,6,4638231,353463,4,3,2,3,4,2,264,793,3,5,1,79,0,0,0,0,0
201900000927,19,3,25,1369,2,7,5,1,4559306,530699,8,4,18,3,1,2,328,739,5,7,4,97,0,0,0,0,0
201900000928,19,7,20,1730,2,6,3,4,4667782,-379379,7,3,47,1,1,1,275,42,6,5,1,84,0,0,0,0,0
201900000929,19,5,6,210,1,3,4,3,4754915,244994,4,1,7,3,4,2,593,324,4,3,5,60,0,0,0,0,0
201900000930,19,11,19,1441,3,1,8,4,4780927,156122,2,4,21,3,1,4,254,330,3,2,4,36,0,0,0,0,0
201900000931,19,11,4,1193,2,3,6,2,4860916,208375,7,4,1,1,1,2,612,320,8,5,2,77,0,0,0,0,0
201900000932,19,8,27,770,4,2,3,7,4427590,659325,6,3,48,3,2,3,241,633,6,3,1,84,0,0,0,0,0
201900000933,19,2,3,488,2,5,2,1,4897643,665636,9,1,14,1,3,3,385,673,6,5,2,55,0,0,0,0,0
201900000934,19,12,24,1734,5,7,3,1,4584661,-249935,5,1,48,3,2,1,810,689,1,7,3,33,0,0,0,0,0
201900000935,19,5,14,1957,3,7,5,1,4648134,217754,9,1,52,3,1,3,461,208,9,3,1,83,0,0,0,0,0
201900000936,19,5,24,1292,5,4,4,1,4738824,571945,4,3,6,2,4,4,467,57,7,6,3,43,0,0,0,0,0
201900000937,19,9,5,1822,2,7,9,1,4821238,299338,2,1,45,3,3,2,531,756,7,2,3,96,0,0,0,0,0
201900000938,19,12,13,720,4,2,6,5,4781376,354566,7,4,8,2,3,1,607,831,1,6,2,18,0,0,0,0,0
201900000939,19,8,4,2154,4,1,6,2,4447253,334448,7,2,3,3,3,3,791,802,2,4,4,49,0,0,0,0,0