Num_Acc,an,mois,jour,hrmn,lum,int,atm,col,lat,long,catr,circ,nbv,vosp,prof,plan,lartpc,larrout,surf,infra,situ,env1,unscathed,killed,hospital,light,chance
201900000940,19,3,16,1883,3,5,4,1,4738337,301468,5,4,14,3,4,4,208,982,4,4,4,57,0,0,0,0,0
201900000941,19,8,7,1683,4,6,4,6,4703150,675335,1,2,30,3,3,3,588,999,4,3,2,16,0,0,0,0,0
201900000942,19,2,12,860,1,6,3,5,4640061,290474,1,4,25,1,2,3,238,329,5,7,5,67,0,0,0,0,0
201900000943,19,3,16,662,5,5,3,6,4646634,-106594,4,2,6,3,1,2,662,457,5,5,5,45,0,0,0,0,0
201900000944,19,5,3,1279,3,7,4,7,4747364,-276739,8,4,25,1,4,3,593,821,9,1,2,60,0,0,0,0,0
201900000945,19,7,24,558,3,2,7,1,4474887,509760,8,4,5,2,1,4,522,92,5,7,1,60,0,0,0,0,0
201900000946,19,5,7,1899,1,5,8,5,4606389,522564,7,4,26,1,4,1,806,114,6,6,3,75,0,0,0,0,0
201900000947,19,9,25,379,5,1,2,3,4711961,314036,8,2,0,3,1,1,67,148,7,3,5,82,0,0,0,0,0
201900000948,19,5,6,29,1,6,3,3,4491067,212012,7,4,42,3,1,2,177,427,7,2,3,64,0,0,0,0,0
201900000949,19,4,27,598,5,9,5,5,4479656,-321728,5,1,25,2,4,2,691,294,9,6,3,21,0,0,0,0,0
201900000950,19,9,6,844,5,9,8,2,4896075,632893,8,2,42,1,3,2,297,119,2,2,4,22,0,0,0,0,0
201900000951,19,4,13,1156,1,9,9,4,4881198,-180271,5,1,39,2,2,2,39,479,2,4,2,89,0,0,0,0,0
201900000952,19,11,23,2355,4,5,8,6,4915030,138632,8,2,12,3,3,2,885,89,6,2,2,74,0,0,0,0,0
201900000953,19,1,27,70,3,5,8,2,4766637,72341,2,4,41,3,3,2,701,543,1,4,4,77,0,0,0,0,0
201900000954,19,1,10,2169,2,1,7,6,4570725,-105007,2,2,6,3,4,2,168,29,1,5,4,81,0,0,0,0,0
201900000955,19,11,10,1514,3,7,7,5,4666795,-287334,5,3,1,3,2,3,45,196,7,3,2,60,0,0,0,0,0
201900000956,19,7,19,1058,3,2,6,1,4831138,290293,4,4,52,1,3,2,264,140,9,6,5,38,0,0,0,0,0
201900000957,19,7,4,1241,4,5,3,6,4511681,-252495,8,3,13,1,1,4,750,800,2,1,3,27,0,0,0,0,0
201900000958,19,5,26,1271,2,4,9,3,4855700,-260919,5,3,49,3,1,2,300,335,6,6,4,44,0,0,0,0,0
201900000959,19,7,7,83,1,8,6,7,4935901,-318780,6,1,36,2,1,4,190,76,1,4,3,80,0,0,0,0,0
201900000960,19,12,25,1637,2,1,9,2,4810759,-316650,3,1,7,3,1,3,402,608,2,5,5,88,0,0,0,0,0
201900000961,19,1,28,1602,5,1,4,1,4458825,-18192,2,1,12,1,1,3,118,37,4,7,1,55,0,0,0,0,0
201900000962,19,12,20,320,5,5,4,2,4524650,-191939,2,1,19,2,3,4,530,448,1,1,4,73,0,0,0,0,0
201900000963,19,4,17,586,2,1,3,3,4546948,-31905,5,2,45,2,2,2,284,668,8,7,3,12,0,0,0,0,0
201900000964,19,8,14,2093,1,2,9,1,4496092,297055,9,1,34,2,2,1,187,485,7,7,2,51,0,0,0,0,0
201900000965,19,4,11,540,3,3,4,1,4943543,322811,5,1,44,1,4,2,164,514,6,6,1,94,0,0,0,0,0
201900000966,19,10,22,2207,5,6,8,3,4992702,-121118,3,3,37,3,2,2,662,951,2,2,4,68,0,0,0,0,0
201900000967,19,11,21,2003,4,9,5,1,4819535,-9561,4,4,18,2,3,3,840,50,1,3,1,47,0,0,0,0,0
201900000968,19,2,27,1191,2,2,1,3,4490790,538947,1,2,53,3,4,3,393,507,6,1,4,30,0,0,0,0,0
201900000969,19,4,15,108,2,3,1,2,4834948,515395,3,4,7,2,2,3,852,400,6,3,1,9,0,0,0,0,0
201900000970,19,10,9,513,5,2,3,7,4449581,-146908,6,4,25,3,1,4,97,371,9,6,2,40,0,0,0,0,0
201900000971,19,10,15,1728,4,8,3,5,4913954,-65734,3,3,13,2,1,3,194,883,8,4,3,62,0,0,0,0,0
201900000972,19,6,16,2081,5,1,2,2,4462356,2357,7,1,39,3,4,1,683,297,1,2,1,69,0,0,0,0,0
201900000973,19,5,10,886,1,8,5,3,4524828,60772,9,2,20,2,1,2,857,922,2,3,5,0,0,0,0,0,0
201900000974,19,10,9,1926,1,1,6,1,4443768,-259464,2,4,32,2,2,4,476,731,8,1,4,51,0,0,0,0,0
201900000975,19,10,2,1464,1,2,9,4,4469367,365964,3,3,18,3,3,2,718,524,7,5,3,65,0,0,0,0,0
201900000976,19,11,9,68,4,2,6,1,4608656,445670,2,4,21,2,2,3,703,124,1,5,3,15,0,0,0,0,0
201900000977,19,1,25,1476,1,5,8,5,4714184,435208,6,2,5,1,2,2,787,605,6,2,2,59,0,0,0,0,0
201900000978,19,10,13,56,1,4,3,6,4792377,119088,6,3,46,1,2,3,369,903,8,7,5,26,0,0,0,0,0
201900000979,19,12,21,899,1,7,9,6,4640483,230635,2,4,26,2,4,3,608,546,1,4,2,23,0,0,0,0,0
201900000980,19,1,1,1200,4,8,3,7,4555974,512366,9,1,50,1,4,1,296,554,8,7,2,34,0,0,0,0,0
201900000981,19,3,7,779,5,7,7,6,4601856,430152,6,1,18,2,4,1,558,878,8,4,3,25,0,0,0,0,0
201900000982,19,9,8,951,3,9,9,3,4446637,327413,5,2,49,3,3,3,35,803,8,5,4,79,0,0,0,0,0
201900000983,19,7,25,1730,3,9,3,7,4952853,214008,1,4,15,2,4,3,906,100,7,5,3,54,0,0,0,0,0
201900000984,19,9,17,1656,3,7,4,1,4566628,468293,9,2,50,1,3,1,411,999,3,1,5,73,0,0,0,0,0
201900000985,19,7,8,650,5,9,1,2,4994546,661127,7,2,51,2,1,4,673,517,6,2,3,95,0,0,0,0,0
201900000986,19,3,5,1993,4,4,4,7,4731437,-214153,5,2,50,3,2,2,348,982,5,5,5,56,0,0,0,0,0
201900000987,19,8,11,2315,2,3,9,2,4957620,403650,7,1,43,3,4,1,450,927,4,4,2,89,0,0,0,0,0
201900000988,19,12,5,1109,1,2,4,7,4788251,19315,6,4,48,3,2,1,153,670,7,3,3,12,0,0,0,0,0
201900000989,19,11,15,1771,3,1,1,3,4574383,9518,5,3,8,1,4,4,278,258,8,5,4,98,0,0,0,0,0
201900000990,19,3,20,1649,1,9,4,2,4625102,-333024,5,2,1,1,2,3,394,507,1,5,2,47,0,0,0,0,0
201900000991,19,10,13,301,5,5,8,5,4738640,-369898,4,3,24,2,1,1,617,23,1,6,5,14,0,0,0,0,0
201900000992,19,5,3,771,4,5,9,6,4602897,636868,5,2,6,2,2,4,798,178,8,4,1,60,0,0,0,0,0
201900000993,19,1,18,1466,3,4,8,7,4443982,-364900,4,1,39,3,1,3,43,489,8,1,1,55,0,0,0,0,0
201900000994,19,8,15,328,5,3,1,5,4410628,461348,1,4,11,1,3,3,757,343,6,4,2,72,0,0,0,0,0
201900000995,19,7,13,39,5,5,3,2,4891149,522357,7,1,52,2,4,3,839,505,7,4,3,13,0,0,0,0,0
201900000996,19,3,28,955,1,8,4,1,4668787,-221229,5,2,1,3,2,2,431,473,9,1,4,12,0,0,0,0,0
201900000997,19,11,2,1480,2,9,2,2,4937666,260099,2,1,29,1,4,2,384,311,6,1,4,22,0,0,0,0,0
201900000998,19,1,5,163,4,1,3,1,4484610,140219,6,4,16,2,4,1,733,152,7,5,1,87,0,0,0,0,0
201900000999,19,1,20,211,5,9,8,3,4842624,321126,4,1,1,3,1,2,713,250,3,2,2,51,0,0,0,0,0
201900001000,19,11,23,58,4,6,8,4,4805885,102903,4,2,4,2,1,4,599,349,1,4,5,37,0,0,0,0,0
201900001001,19,5,7,1959,1,1,6,7,4647201,652790,6,1,43,3,2,3,240,191,9,6,4,58,0,0,0,0,0
201900001002,19,12,28,2142,3,3,7,2,4634135,694862,9,3,40,3,1,2,688,885,1,6,4,2,0,0,0,0,0
201900001003,19,1,7,2094,5,9,1,4,4466979,269999,5,1,41,2,2,3,735,523,8,7,1,34,0,0,0,0,0
201900001004,19,1,8,2039,2,4,1,1,4595145,2812,5,4,1,1,4,3,367,984,1,5,4,64,0,0,0,0,0
201900001005,19,11,9,21,4,1,1,7,4697014,677304,6,3,31,2,1,4,147,932,7,6,5,36,0,0,0,0,0
201900001006,19,10,25,793,4,1,1,5,4610956,-75201,6,3,34,3,3,3,814,844,4,3,2,32,0,0,0,0,0
201900001007,19,6,20,1115,5,7,6,6,4607570,472193,8,1,50,1,3,1,586,332,7,6,2,40,0,0,0,0,0
201900001008,19,8,25,1215,5,5,1,5,4477008,-329336,4,1,24,1,3,3,784,45,8,4,5,34,0,0,0,0,0
201900001009,19,7,7,892,1,8,1,1,4613232,513361,4,3,49,3,4,3,463,621,2,1,2,57,0,0,0,0,0
201900001010,19,3,2,1108,1,4,8,2,4649835,130747,1,2,23,3,3,2,574,504,5,2,2,75,0,0,0,0,0
201900001011,19,9,21,1897,5,7,8,5,4588406,215547,1,2,49,2,4,4,495,241,1,4,5,60,0,0,0,0,0
201900001012,19,2,4,1620,2,4,2,3,4684948,147940,6,1,26,2,2,4,848,351,2,5,2,55,0,0,0,0,0
201900001013,19,11,10,417,1,6,7,5,4592102,-361176,1,2,24,2,4,2,19,513,3,2,1,66,0,0,0,0,0
201900001014,19,3,18,1048,5,4,7,2,4470070,220171,1,2,36,2,2,4,604,374,4,1,3,78,0,0,0,0,0
201900001015,19,5,26,745,4,4,5,6,4865325,521671,1,3,52,1,1,4,653,534,2,7,3,27,0,0,0,0,0
201900001016,19,10,15,2000,2,4,4,2,4716548,-296251,2,2,38,3,3,1,202,118,8,2,3,79,0,0,0,0,0
201900001017,19,1,26,2188,3,7,9,4,4957477,463305,7,4,29,3,1,1,526,487,7,2,5,14,0,0,0,0,0
201900001018,19,12,8,2329,1,9,8,6,4948877,-27449,9,2,16,3,1,4,257,806,1,1,1,44,0,0,0,0,0
201900001019,19,7,11,1197,1,4,6,2,4466844,67009,1,3,17,3,2,2,798,403,8,4,2,84,0,0,0,0,0
201900001020,19,6,26,762,5,1,5,5,4748260,-383488,6,1,34,2,3,1,141,267,1,7,2,71,0,0,0,0,0
201900001021,19,11,13,722,3,6,4,7,4431321,29297,4,4,18,3,3,4,115,654,1,3,1,85,0,0,0,0,0
201900001022,19,11,3,1809,4,5,4,3,4910792,586474,4,4,36,2,1,3,895,418,6,5,4,26,0,0,0,0,0
201900001023,19,2,7,1023,2,5,8,4,4495918,339355,8,2,3,1,4,2,661,287,3,3,4,97,0,0,0,0,0
201900001024,19,6,27,878,3,1,8,5,4727109,584467,7,4,27,2,4,2,826,880,6,3,3,41,0,0,0,0,0
201900001025,19,3,15,296,5,8,4,2,4902110,-199898,3,1,12,3,1,4,839,404,3,1,3,26,0,0,0,0,0
201900001026,19,5,22,381,4,3,4,5,4429316,-106045,9,4,6,1,1,2,805,902,5,6,3,89,0,0,0,0,0
201900001027,19,11,21,1417,1,5,9,7,4510345,272698,2,1,31,1,3,2,433,439,5,2,1,71,0,0,0,0,0
201900001028,19,8,15,1663,2,7,5,5,4655142,-30416,2,2,26,1,1,1,494,780,1,2,4,44,0,0,0,0,0
201900001029,19,7,14,1354,1,4,7,7,4425493,249757,6,3,16,1,3,2,841,66,3,1,2,69,0,0,0,0,0
201900001030,19,10,14,18,2,6,9,4,4665950,223054,8,1,30,2,2,4,10,610,2,3,4,73,0,0,0,0,0
201900001031,19,12,3,735,3,5,8,7,4469215,514901,7,1,45,2,3,1,43,755,2,3,5,68,0,0,0,0,0
201900001032,19,8,5,2320,1,4,6,6,4846283,-49268,1,3,0,3,4,1,194,726,2,6,1,72,0,0,0,0,0
201900001033,19,11,5,1588,1,5,8,1,4902934,-232029,1,2,15,1,3,3,565,327,7,2,2,65,0,0,0,0,0
201900001034,19,10,19,1517,1,4,2,1,4953232,-368690,5,1,49,1,1,2,141,873,7,7,4,98,0,0,0,0,0
201900001035,19,2,12,1113,2,7,7,6,4954540,250181,6,3,44,1,1,1,0,906,8,2,2,57,0,0,0,0,0
201900001036,19,11,15,1670,5,5,5,7,4597169,180698,4,1,29,3,1,1,799,610,7,1,4,57,0,0,0,0,0
201900001037,19,12,20,1271,5,7,1,5,4512157,-22750,5,1,21,3,1,4,193,142,8,5,2,74,0,0,0,0,0
201900001038,19,1,23,2050,1,1,6,3,4887888,537026,8,2,51,2,3,4,738,303,4,6,1,2,0,0,0,0,0
201900001039,19,9,18,763,1,8,7,2,4597569,221145,4,2,9,1,4,1,745,178,3,1,3,77,0,0,0,0,0
201900001040,19,7,16,1591,2,8,5,3,4519355,572818,1,2,24,3,3,2,339,203,3,7,3,40,0,0,0,0,0
201900001041,19,6,2,302,2,4,1,6,4877074,-119561,1,2,17,3,2,2,482,237,9,7,3,71,0,0,0,0,0
201900001042,19,9,14,2195,4,9,5,5,4654665,-227881,1,3,43,3,4,1,20,77,1,4,2,31,0,0,0,0,0
201900001043,19,11,3,1376,5,1,6,3,4956751,499361,6,4,11,3,1,4,647,279,3,1,2,38,0,0,0,0,0
201900001044,19,3,22,2332,1,3,6,5,4920117,-350308,2,2,4,1,3,3,236,702,3,3,1,16,0,0,0,0,0
201900001045,19,12,26,1857,3,8,3,2,4494967,-234514,3,2,46,2,2,2,449,502,5,2,5,12,0,0,0,0,0
201900001046,19,9,12,1710,5,9,2,5,4779008,-15969,4,1,14,3,3,3,245,733,1,3,1,26,0,0,0,0,0
201900001047,19,12,9,297,3,9,6,2,4647058,-63996,7,1,7,3,1,1,915,275,2,7,5,6,0,0,0,0,0
201900001048,19,1,23,1950,3,4,7,4,4564885,-72379,2,2,28,1,1,2,47,922,9,1,1,6,0,0,0,0,0
201900001049,19,8,24,75,5,6,6,1,4499201,528360,6,4,43,2,2,4,783,209,8,6,2,60,0,0,0,0,0
201900001050,19,9,28,1249,2,9,2,4,4447485,617957,2,3,30,1,1,4,802,117,2,1,4,35,0,0,0,0,0
201900001051,19,10,20,237,2,4,9,5,4599432,-355459,3,1,32,1,4,2,459,632,2,3,4,62,0,0,0,0,0
201900001052,19,10,18,999,5,2,6,2,4953673,-317548,1,1,33,3,1,2,731,492,7,2,3,53,0,0,0,0,0
201900001053,19,3,6,1968,3,9,7,4,4756679,-141473,2,2,35,1,3,2,401,996,1,1,5,61,0,0,0,0,0
201900001054,19,4,22,86,1,8,5,4,4548340,-205124,9,1,23,2,2,1,311,197,7,1,5,22,0,0,0,0,0
201900001055,19,7,19,1622,2,3,6,1,4674947,324827,2,3,45,3,3,3,565,173,1,5,4,50,0,0,0,0,0
201900001056,19,11,23,575,5,9,5,1,4536044,-272424,8,4,38,3,3,2,532,536,4,3,4,98,0,0,0,0,0
201900001057,19,7,28,219,5,9,9,7,4571218,-127418,7,2,22,3,1,2,60,192,2,2,1,30,0,0,0,0,0
201900001058,19,7,16,128,3,5,4,7,4424263,538893,1,2,9,3,1,4,754,929,9,5,2,92,0,0,0,0,0
201900001059,19,6,26,130,1,3,1,7,4556853,183686,9,2,43,2,2,4,37,637,1,5,2,83,0,0,0,0,0
201900001060,19,2,23,550,1,2,4,6,4879134,560464,2,2,32,3,1,1,454,656,5,2,3,29,0,0,0,0,0
201900001061,19,10,27,2230,2,7,3,6,4777153,167651,8,1,3,1,1,4,5,218,9,7,1,76,0,0,0,0,0
201900001062,19,7,8,1452,2,3,9,1,4573462,443875,5,2,9,3,3,4,224,14,2,6,2,96,0,0,0,0,0
201900001063,19,2,23,1732,5,6,7,3,4763931,653066,1,4,50,2,3,4,500,445,7,6,1,5,0,0,0,0,0
201900001064,19,6,21,402,4,7,7,2,4782218,-147782,5,2,14,3,1,2,437,288,4,4,3,42,0,0,0,0,0
201900001065,19,10,3,2023,2,3,7,7,4881056,-42684,6,2,12,1,4,3,5,896,7,5,1,18,0,0,0,0,0
201900001066,19,2,18,2161,5,6,4,3,4956843,424779,3,4,7,1,3,3,839,901,1,1,1,46,0,0,0,0,0
201900001067,19,4,22,348,3,6,2,5,4937189,162764,8,2,10,2,3,2,185,484,6,2,3,89,0,0,0,0,0
201900001068,19,6,8,188,1,5,1,5,4478850,560472,5,3,33,3,4,3,30,739,2,6,2,97,0,0,0,0,0
201900001069,19,11,28,367,1,1,6,6,4893357,-336390,9,2,16,2,2,1,499,545,8,4,5,70,0,0,0,0,0
201900001070,19,3,16,1517,5,8,4,3,4845334,578130,9,1,18,1,3,3,326,952,7,7,4,61,0,0,0,0,0
201900001071,19,6,15,2158,1,5,3,6,4447865,380397,5,4,17,1,3,3,235,239,8,4,3,47,0,0,0,0,0
201900001072,19,5,25,205,3,8,3,2,4988739,324445,9,1,47,1,2,4,530,145,6,7,5,90,0,0,0,0,0
201900001073,19,7,21,487,1,3,1,6,4969147,563304,6,1,20,3,3,1,28,993,3,6,5,44,0,0,0,0,0
201900001074,19,1,19,1694,5,7,5,4,4893465,19415,5,2,40,3,4,2,341,477,9,5,1,22,0,0,0,0,0
201900001075,19,8,22,342,4,9,3,7,4805790,-377035,1,1,40,1,3,4,108,256,2,3,2,92,0,0,0,0,0
201900001076,19,7,8,991,3,3,2,6,4446242,139394,3,2,34,1,2,2,910,800,6,3,2,5,0,0,0,0,0
201900001077,19,2,10,1145,3,1,4,6,4858594,136425,3,4,20,1,1,3,91,196,2,4,5,88,0,0,0,0,0
201900001078,19,10,11,1802,1,7,1,2,4546051,305181,8,4,14,2,2,1,247,366,8,7,3,48,0,0,0,0,0
201900001079,19,2,24,1104,3,5,8,3,4789380,-320662,4,1,16,2,4,3,306,374,3,6,3,40,0,0,0,0,0
201900001080,19,8,13,990,2,9,7,2,4548965,390528,3,4,5,2,1,1,780,679,1,7,5,29,0,0,0,0,0
201900001081,19,10,24,1730,1,8,4,7,4920453,504107,7,1,47,3,2,1,618,104,5,6,1,33,0,0,0,0,0
201900001082,19,5,27,116,5,2,8,3,4909354,647322,5,2,40,3,4,2,582,43,8,6,1,34,0,0,0,0,0
201900001083,19,9,8,1496,1,3,2,7,4712690,345370,3,1,31,3,4,1,118,246,5,2,1,52,0,0,0,0,0
201900001084,19,6,3,1497,2,2,2,7,4660861,-231339,2,1,26,3,4,1,10,420,8,6,2,5,0,0,0,0,0
201900001085,19,7,17,748,5,8,6,2,4799341,553748,5,1,37,3,3,4,759,594,2,3,2,0,0,0,0,0,0
201900001086,19,2,21,840,1,3,5,5,4846273,12101,3,1,38,2,1,1,490,622,6,4,1,49,0,0,0,0,0
201900001087,19,11,7,22,4,2,3,3,4578778,123999,2,4,27,1,2,3,610,941,9,7,1,31,0,0,0,0,0
201900001088,19,12,10,876,2,3,3,3,4762530,361302,7,3,39,2,4,1,860,60,3,1,1,91,0,0,0,0,0
201900001089,19,7,17,479,1,6,6,2,4937337,-94010,5,2,19,3,3,1,856,902,1,3,4,69,0,0,0,0,0
201900001090,19,5,2,1567,5,8,6,3,4402179,320522,7,2,45,1,4,4,612,771,7,3,3,89,0,0,0,0,0
201900001091,19,8,28,1116,1,8,7,5,4813855,-99706,9,4,37,1,4,2,114,531,2,6,2,40,0,0,0,0,0
201900001092,19,10,16,932,1,3,6,5,4662808,-82262,6,1,29,2,2,2,542,118,4,1,4,41,0,0,0,0,0
201900001093,19,6,24,73,4,7,2,7,4742072,-121797,9,4,12,2,2,1,624,481,3,2,5,50,0,0,0,0,0
201900001094,19,2,4,465,4,7,7,3,4975661,114307,1,3,11,2,4,4,518,345,9,4,3,28,0,0,0,0,0
201900001095,19,5,11,1183,2,7,3,2,4464833,305282,7,4,45,3,2,3,654,546,4,3,5,53,0,0,0,0,0
201900001096,19,7,18,1011,1,1,2,7,4576924,601318,5,3,43,3,2,1,240,780,4,1,5,40,0,0,0,0,0
201900001097,19,1,24,1485,5,7,3,3,4964005,428995,4,3,46,3,2,2,768,257,3,1,5,12,0,0,0,0,0
201900001098,19,12,20,1804,4,1,9,1,4613223,303868,5,2,22,3,2,1,158,434,4,1,4,20,0,0,0,0,0
201900001099,19,3,3,1034,2,2,9,4,4837082,-82620,7,4,47,1,4,1,750,643,4,5,5,83,0,0,0,0,0
201900001100,19,7,10,1112,5,3,8,7,4766548,616334,4,1,5,1,1,4,42,680,2,2,1,0,0,0,0,0,0
201900001101,19,2,2,1991,1,5,2,7,4922407,-223104,8,2,25,3,1,4,868,272,3,2,2,75,0,0,0,0,0
201900001102,19,10,17,199,2,5,2,3,4616766,498709,4,4,48,2,2,2,883,989,7,4,1,15,0,0,0,0,0
201900001103,19,6,16,1426,5,7,7,2,4912627,-217124,7,2,1,3,3,3,733,507,8,5,2,3,0,0,0,0,0
201900001104,19,1,21,65,2,8,3,6,4536622,565954,6,1,19,3,2,1,430,693,8,1,4,0,0,0,0,0,0
201900001105,19,9,19,2133,1,9,9,3,4562640,674368,9,3,9,1,4,3,786,464,5,5,3,87,0,0,0,0,0
201900001106,19,10,14,2140,5,6,7,3,4514226,70769,3,4,46,3,2,2,640,591,7,5,1,67,0,0,0,0,0
201900001107,19,7,26,2144,1,3,9,7,4551602,381646,1,3,16,1,1,4,323,256,2,1,4,1,0,0,0,0,0
201900001108,19,3,4,2210,1,8,6,3,4809163,426478,1,2,0,3,4,2,436,952,8,2,2,69,0,0,0,0,0
201900001109,19,5,23,1016,4,9,8,1,4560616,9186,8,4,32,1,3,1,567,201,5,4,5,6,0,0,0,0,0
201900001110,19,9,8,681,1,8,7,4,4715033,55714,5,4,42,3,3,1,848,21,4,3,2,51,0,0,0,0,0
201900001111,19,1,2,1688,3,9,3,5,4624817,635960,3,3,1,2,4,1,467,124,3,3,4,90,0,0,0,0,0
201900001112,19,10,16,1776,2,4,7,2,4721753,-196095,7,2,10,1,4,3,508,116,1,7,1,94,0,0,0,0,0
201900001113,19,6,1,2349,4,4,9,1,4548429,-352131,9,4,0,2,2,2,553,429,3,5,5,21,0,0,0,0,0
201900001114,19,5,28,1739,2,8,9,5,4506760,522757,7,2,12,2,4,4,18,773,9,4,5,79,0,0,0,0,0
201900001115,19,8,28,722,2,5,7,4,4597852,340329,3,1,44,1,2,3,132,544,9,6,1,42,0,0,0,0,0
201900001116,19,3,22,2088,4,1,3,7,4731996,451511,4,4,12,1,4,2,504,753,2,5,5,38,0,0,0,0,0
201900001117,19,12,17,2157,4,5,3,1,4738288,159737,3,3,6,3,4,4,700,384,4,4,3,48,0,0,0,0,0
201900001118,19,9,3,118,5,3,2,7,4590054,484027,2,1,44,1,1,3,903,87,7,1,5,38,0,0,0,0,0
201900001119,19,8,22,977,3,5,2,3,4795885,288622,7,2,34,3,2,3,832,714,5,3,4,83,0,0,0,0,0
201900001120,19,11,27,934,3,2,3,5,4672528,193800,6,2,17,1,2,3,426,656,4,2,4,26,0,0,0,0,0
201900001121,19,9,10,1193,3,5,2,1,4517027,364541,7,3,1,2,4,2,493,548,7,3,4,59,0,0,0,0,0
201900001122,19,4,7,220,5,7,4,7,4997586,-202224,3,4,45,2,1,3,400,167,9,4,4,2,0,0,0,0,0
201900001123,19,11,11,1217,5,1,4,3,4920527,-365383,4,1,30,3,4,3,386,598,4,2,1,26,0,0,0,0,0
201900001124,19,8,9,617,5,6,5,5,4536559,650115,4,4,14,1,3,1,866,896,6,4,3,36,0,0,0,0,0
201900001125,19,7,6,2135,5,7,1,5,4473747,-214477,6,4,23,3,2,2,368,122,5,1,2,40,0,0,0,0,0
201900001126,19,10,4,1585,1,9,2,7,4853892,200814,8,3,43,2,3,3,607,754,1,6,4,87,0,0,0,0,0
201900001127,19,5,26,605,4,7,8,2,4740200,202360,1,3,25,3,3,1,261,277,7,6,5,4,0,0,0,0,0
201900001128,19,10,14,2054,1,8,1,2,4913459,671599,6,4,25,3,4,1,643,711,1,4,4,47,0,0,0,0,0
201900001129,19,9,5,462,4,7,9,7,4969336,18706,8,1,38,3,2,2,656,257,1,2,1,92,0,0,0,0,0
201900001130,19,6,3,1942,3,1,1,1,4702402,-214955,8,4,23,3,2,2,49,844,8,4,5,73,0,0,0,0,0
201900001131,19,3,17,563,2,1,5,5,4557500,-68788,5,2,20,1,2,1,276,733,6,6,4,78,0,0,0,0,0
201900001132,19,8,12,2175,2,8,4,2,4978236,365563,9,4,0,2,2,4,290,457,9,3,1,90,0,0,0,0,0
201900001133,19,4,1,1195,2,6,7,6,4816238,300404,4,3,48,1,3,4,857,957,9,2,4,92,0,0,0,0,0
201900001134,19,12,15,2317,4,8,3,6,4634904,505617,9,4,1,1,4,1,52,557,5,4,5,16,0,0,0,0,0
201900001135,19,7,19,1562,2,5,2,4,4642742,39539,3,1,41,2,1,2,671,464,9,3,5,82,0,0,0,0,0
201900001136,19,9,12,1364,3,7,4,7,4810489,214502,3,4,31,3,2,2,141,735,7,5,4,84,0,0,0,0,0
201900001137,19,7,22,650,2,8,5,6,4458431,575919,8,2,13,2,1,2,596,488,6,7,3,87,0,0,0,0,0
201900001138,19,12,15,613,4,6,5,2,4826537,-379697,1,3,53,2,4,3,312,16,4,3,1,70,0,0,0,0,0
201900001139,19,5,9,910,5,6,8,5,4494068,621734,6,3,9,1,1,2,120,756,5,4,4,54,0,0,0,0,0
201900001140,19,4,24,1606,5,1,8,6,4663289,219138,3,4,40,1,3,2,804,612,5,5,3,16,0,0,0,0,0
201900001141,19,6,26,1322,2,7,4,7,4522283,-131180,1,3,37,1,1,4,506,443,6,3,3,20,0,0,0,0,0
201900001142,19,12,14,285,3,7,5,5,4400052,309266,4,3,20,1,1,4,782,358,4,6,4,40,0,0,0,0,0
201900001143,19,3,22,1015,3,7,4,1,4970091,130369,2,1,36,3,2,2,605,945,4,2,1,62,0,0,0,0,0
201900001144,19,9,18,890,1,6,1,1,4486523,-183983,6,3,49,3,4,1,399,324,4,2,1,69,0,0,0,0,0
201900001145,19,11,15,695,4,7,7,4,4697203,382433,9,2,14,1,2,2,19,743,3,4,3,90,0,0,0,0,0
201900001146,19,11,8,2198,3,1,4,3,4669874,563651,5,4,11,1,4,3,41,379,9,1,1,25,0,0,0,0,0
201900001147,19,10,1,1278,5,8,6,5,4460973,-157240,3,2,11,2,4,3,305,108,6,4,4,86,0,0,0,0,0
201900001148,19,7,1,1590,3,4,9,5,4439163,656390,7,3,21,2,4,3,64,170,3,4,5,1,0,0,0,0,0
201900001149,19,12,8,1766,4,5,5,2,4861030,344069,4,2,4,2,2,4,226,322,2,4,5,26,0,0,0,0,0
201900001150,19,8,16,2009,3,9,5,2,4725078,550103,4,1,26,3,1,3,261,687,2,5,1,75,0,0,0,0,0
201900001151,19,8,13,1761,4,2,5,4,4695549,382657,5,2,42,1,1,1,508,890,3,5,4,82,0,0,0,0,0
201900001152,19,12,28,1112,2,4,6,5,4754483,355372,9,2,37,3,2,1,301,933,8,7,2,29,0,0,0,0,0
201900001153,19,9,20,1485,3,7,8,5,4836779,470855,3,4,11,1,2,2,528,953,5,6,2,7,0,0,0,0,0