Num_Acc,an,mois,jour,hrmn,lum,int,atm,col,lat,long,catr,circ,nbv,vosp,prof,plan,lartpc,larrout,surf,infra,situ,env1,unscathed,killed,hospital,light,chance
201900001154,19,10,28,1155,1,2,8,4,4505758,123751,1,1,4,3,1,1,24,727,8,3,5,37,0,0,0,0,0
201900001155,19,4,26,1695,1,4,6,2,4769389,295101,8,1,33,2,2,2,611,182,2,5,2,12,0,0,0,0,0
201900001156,19,8,17,70,5,9,5,4,4987296,136043,3,1,14,2,2,2,707,77,2,2,3,32,0,0,0,0,0
201900001157,19,1,23,910,4,8,4,1,4525864,-91828,8,3,34,3,1,4,458,976,5,3,5,49,0,0,0,0,0
201900001158,19,2,17,2187,5,2,9,4,4669951,-251747,5,3,51,3,4,2,589,765,5,4,3,36,0,0,0,0,0
201900001159,19,2,12,1931,5,2,4,4,4692547,573641,8,1,43,3,2,1,737,344,8,2,3,60,0,0,0,0,0
201900001160,19,5,4,1808,1,2,3,2,4986874,-294872,5,2,32,1,1,1,786,942,9,2,2,54,0,0,0,0,0
201900001161,19,2,11,427,4,7,1,7,4563206,-102669,2,2,32,2,1,3,211,896,1,5,4,80,0,0,0,0,0
201900001162,19,6,24,469,2,4,5,6,4751791,305727,9,1,49,1,2,3,839,165,8,4,5,82,0,0,0,0,0
201900001163,19,1,10,981,3,6,6,4,4728319,39728,8,3,42,2,4,1,320,435,6,1,1,99,0,0,0,0,0
201900001164,19,4,23,2130,4,6,3,6,4868514,523464,5,1,50,1,4,3,36,107,2,4,5,68,0,0,0,0,0
201900001165,19,11,5,1305,5,2,6,3,4920071,-177739,6,1,0,3,4,3,298,980,2,5,5,17,0,0,0,0,0
201900001166,19,11,8,13,3,6,2,4,4769864,-49941,6,4,46,1,2,4,838,90,5,6,3,34,0,0,0,0,0
201900001167,19,3,8,163,1,4,9,1,4998265,-332128,2,1,26,2,4,3,13,261,1,6,1,98,0,0,0,0,0
201900001168,19,12,28,914,2,6,5,7,4774138,-365473,7,4,38,1,1,4,345,582,3,7,3,47,0,0,0,0,0
201900001169,19,9,2,207,2,2,4,6,4773005,622315,8,1,35,1,3,4,704,437,2,6,2,53,0,0,0,0,0
201900001170,19,9,18,521,1,7,3,2,4551983,296599,4,4,46,3,3,2,205,448,7,1,4,86,0,0,0,0,0
201900001171,19,2,6,2088,2,4,3,1,4600824,354501,8,4,37,3,2,2,213,31,7,4,5,10,0,0,0,0,0
201900001172,19,3,16,2064,2,7,4,5,4762281,235657,6,3,24,2,3,2,274,920,7,3,3,40,0,0,0,0,0
201900001173,19,1,19,640,2,6,5,5,4697072,354719,2,2,30,2,3,3,534,900,3,1,1,36,0,0,0,0,0
201900001174,19,11,22,1500,2,5,3,1,4964066,-36845,8,1,6,3,2,2,478,689,4,2,1,40,0,0,0,0,0
201900001175,19,5,17,268,1,5,6,1,4645697,-9251,3,1,10,3,1,3,829,238,4,5,1,13,0,0,0,0,0
201900001176,19,1,20,17,3,7,3,7,4447356,625901,9,4,19,3,2,2,706,6,1,2,3,78,0,0,0,0,0
201900001177,19,8,25,69,1,8,4,5,4822617,86911,9,4,31,1,2,4,472,17,5,5,1,74,0,0,0,0,0
201900001178,19,12,1,516,3,9,6,2,4691106,154064,8,2,53,3,3,2,663,993,6,5,5,33,0,0,0,0,0
201900001179,19,9,17,1672,5,3,4,3,4954526,225420,1,4,40,2,1,2,281,3,6,7,2,97,0,0,0,0,0
201900001180,19,7,28,1020,4,1,5,7,4847323,-293116,1,3,18,3,2,4,79,112,5,6,5,91,0,0,0,0,0
201900001181,19,12,14,2310,5,3,9,3,4504384,454618,5,4,43,3,3,2,63,802,2,5,5,29,0,0,0,0,0
201900001182,19,7,19,262,3,6,7,3,4459201,2838,2,4,13,3,1,3,138,4,2,1,1,97,0,0,0,0,0
201900001183,19,11,7,972,5,6,9,6,4432850,-135962,2,1,31,1,3,3,811,568,8,1,2,30,0,0,0,0,0
201900001184,19,12,5,1256,2,4,1,5,4767663,134109,8,2,52,1,1,1,518,951,3,6,4,1,0,0,0,0,0
201900001185,19,2,5,2285,1,1,5,2,4457710,-159542,1,3,15,2,3,4,283,100,7,5,2,89,0,0,0,0,0
201900001186,19,9,1,1251,5,9,3,3,4659881,259941,6,2,15,3,3,4,511,969,8,5,3,81,0,0,0,0,0
201900001187,19,2,22,117,2,4,4,4,4811442,217846,1,4,8,2,4,4,699,433,9,2,2,14,0,0,0,0,0
201900001188,19,7,7,857,2,2,7,4,4526300,-250887,5,1,51,3,3,3,897,744,8,3,4,72,0,0,0,0,0
201900001189,19,2,19,1393,4,9,1,5,4680629,-236621,9,3,35,2,4,2,408,211,1,2,5,84,0,0,0,0,0
201900001190,19,1,8,67,5,3,5,1,4749474,581820,6,1,26,1,3,2,270,798,2,3,4,54,0,0,0,0,0
201900001191,19,9,4,1250,2,5,5,4,4854591,569826,9,4,47,2,4,3,666,139,5,4,3,70,0,0,0,0,0
201900001192,19,3,3,99,5,5,9,1,4983258,697236,2,3,38,2,3,3,421,958,8,4,1,39,0,0,0,0,0
201900001193,19,9,16,283,2,5,6,7,4949274,-393945,3,3,15,1,4,4,392,666,8,5,3,44,0,0,0,0,0
201900001194,19,12,13,828,5,9,3,1,4820849,667054,6,4,23,2,1,3,280,527,3,4,2,64,0,0,0,0,0
201900001195,19,8,21,348,3,4,1,1,4471988,-42904,3,2,52,1,4,4,910,664,9,5,5,68,0,0,0,0,0
201900001196,19,5,12,1133,3,4,1,1,4851072,513093,2,2,48,2,4,4,190,736,7,2,1,37,0,0,0,0,0
201900001197,19,8,25,2047,4,1,5,3,4709683,617943,7,4,53,1,3,1,387,729,7,7,4,77,0,0,0,0,0
201900001198,19,4,8,528,4,1,5,2,4832134,-325942,8,2,9,2,4,4,863,287,3,1,1,57,0,0,0,0,0
201900001199,19,4,9,1897,2,5,1,6,4695423,-159191,8,4,44,2,1,3,17,116,9,4,2,26,0,0,0,0,0
201900001200,19,2,16,1445,4,6,4,5,4541941,427010,7,2,2,3,4,1,750,123,8,2,5,44,0,0,0,0,0
201900001201,19,4,19,989,1,3,7,2,4531999,245856,4,3,48,3,1,4,534,991,3,6,1,35,0,0,0,0,0
201900001202,19,2,25,2340,5,2,3,1,4545875,-156252,9,3,3,1,3,2,897,798,3,6,2,68,0,0,0,0,0
201900001203,19,8,1,2214,4,6,1,6,4599250,268856,1,3,25,3,1,4,681,361,3,3,5,17,0,0,0,0,0
201900001204,19,6,11,1330,1,2,6,1,4428710,543337,9,2,10,1,1,3,283,199,2,7,4,53,0,0,0,0,0
201900001205,19,5,18,1884,3,6,9,2,4799734,266173,3,1,52,3,4,1,868,566,5,1,4,87,0,0,0,0,0
201900001206,19,12,2,623,1,3,1,4,4716362,-185190,5,2,27,2,4,2,609,314,1,6,3,97,0,0,0,0,0
201900001207,19,5,11,369,1,4,1,2,4902470,67795,8,3,12,3,4,1,578,575,7,4,4,66,0,0,0,0,0
201900001208,19,3,20,412,2,6,2,5,4752368,538761,8,4,32,3,4,2,156,40,6,4,3,48,0,0,0,0,0
201900001209,19,12,2,964,5,3,2,2,4846607,112386,1,1,25,1,4,2,427,207,2,5,2,9,0,0,0,0,0
201900001210,19,10,21,2072,2,6,4,5,4539372,-114454,5,2,25,1,2,4,130,260,1,3,3,56,0,0,0,0,0
201900001211,19,4,21,493,2,8,8,2,4714618,361082,6,4,3,3,2,1,88,890,4,3,1,67,0,0,0,0,0
201900001212,19,8,27,2106,4,6,4,1,4534851,79517,5,4,9,2,1,3,311,132,9,5,4,54,0,0,0,0,0
201900001213,19,2,1,63,4,2,3,4,4752884,77489,3,1,45,2,1,1,503,413,2,6,1,84,0,0,0,0,0
201900001214,19,3,21,1360,5,1,2,4,4415111,307529,4,1,0,2,3,4,274,843,3,4,3,5,0,0,0,0,0
201900001215,19,10,12,51,5,2,8,2,4568709,588006,8,4,22,3,4,3,118,699,4,5,4,20,0,0,0,0,0
201900001216,19,6,21,1767,1,4,2,3,4957999,684017,3,1,16,1,4,3,394,610,5,4,2,60,0,0,0,0,0
201900001217,19,10,4,313,1,8,7,4,4773910,265826,6,2,41,2,4,2,184,307,9,1,1,34,0,0,0,0,0
201900001218,19,6,8,1226,4,4,5,7,4735450,55680,2,4,47,2,1,3,413,675,8,1,3,12,0,0,0,0,0
201900001219,19,9,1,1171,5,2,5,6,4444935,-260143,3,4,17,2,3,2,401,356,9,5,5,14,0,0,0,0,0
201900001220,19,6,21,2210,3,6,8,1,4766911,189762,9,3,2,1,2,1,890,9,2,1,3,96,0,0,0,0,0
201900001221,19,4,12,454,1,2,8,4,4765588,361642,7,3,15,2,2,4,708,583,6,2,3,90,0,0,0,0,0
201900001222,19,9,7,163,5,3,2,7,4427462,-318522,9,2,41,3,1,2,532,594,6,4,2,5,0,0,0,0,0
201900001223,19,3,7,2196,1,2,1,7,4833588,371148,9,1,41,3,4,1,353,96,3,2,1,27,0,0,0,0,0
201900001224,19,10,25,1896,5,5,7,5,4811477,45332,1,1,11,1,2,3,763,810,3,3,3,56,0,0,0,0,0
201900001225,19,7,10,1476,3,5,1,2,4681829,-354834,8,4,44,2,2,3,772,56,5,2,5,49,0,0,0,0,0
201900001226,19,2,27,2155,5,1,9,2,4701813,60089,1,4,50,3,3,1,829,602,8,1,4,82,0,0,0,0,0
201900001227,19,4,5,959,3,1,7,3,4559912,-63481,8,1,22,1,2,1,82,198,8,5,4,76,0,0,0,0,0
201900001228,19,9,12,71,4,7,6,5,4944433,-25933,2,2,9,3,2,4,737,882,6,6,4,24,0,0,0,0,0
201900001229,19,6,22,1429,5,4,4,2,4766099,328402,9,3,11,1,1,2,660,178,3,6,3,66,0,0,0,0,0
201900001230,19,6,25,952,4,9,8,1,4731808,-39929,6,3,38,2,2,3,777,515,2,1,2,13,0,0,0,0,0
201900001231,19,4,24,1882,3,8,2,4,4555703,345294,1,2,22,3,4,1,904,970,8,6,1,91,0,0,0,0,0
201900001232,19,9,17,376,2,5,2,1,4819475,68909,2,1,12,3,4,3,219,23,9,6,1,49,0,0,0,0,0
201900001233,19,3,10,752,3,6,5,5,4467058,76324,2,1,8,2,1,1,683,51,9,2,2,49,0,0,0,0,0
201900001234,19,8,18,1591,1,5,7,7,4902262,545197,1,3,45,2,4,2,223,468,9,7,1,74,0,0,0,0,0
201900001235,19,4,27,1995,1,7,1,3,4645402,593520,3,4,23,2,2,1,99,293,1,5,3,46,0,0,0,0,0
201900001236,19,10,27,2008,5,1,9,6,4664853,-61734,3,3,49,3,4,2,241,464,5,6,2,76,0,0,0,0,0
201900001237,19,4,6,524,5,3,6,4,4692287,-375993,4,4,8,3,1,3,475,162,2,4,3,78,0,0,0,0,0
201900001238,19,6,22,19,3,1,8,7,4739145,-370541,4,2,49,3,1,1,12,872,9,7,5,38,0,0,0,0,0
201900001239,19,8,6,1627,2,3,7,4,4877976,333805,7,4,36,2,4,4,311,64,7,5,5,56,0,0,0,0,0
201900001240,19,9,9,41,5,8,5,1,4961028,387663,4,3,25,2,3,3,868,790,4,1,1,48,0,0,0,0,0
201900001241,19,6,16,986,2,2,8,1,4996846,331493,6,3,27,3,4,3,306,880,5,4,5,16,0,0,0,0,0
201900001242,19,9,5,1507,2,7,9,5,4618988,-179015,4,4,18,1,1,2,872,308,6,2,5,81,0,0,0,0,0
201900001243,19,10,7,1251,4,5,4,1,4477903,-324674,8,1,44,3,2,3,913,543,4,2,1,30,0,0,0,0,0
201900001244,19,11,13,90,3,8,8,5,4725139,429511,2,1,19,1,2,4,705,393,4,1,4,59,0,0,0,0,0
201900001245,19,10,12,2320,2,4,4,7,4683841,8382,4,2,20,1,1,2,18,663,4,2,1,48,0,0,0,0,0
201900001246,19,3,28,944,4,1,7,3,4931662,235514,9,3,53,2,2,2,381,811,9,1,4,96,0,0,0,0,0
201900001247,19,4,12,402,2,7,2,1,4897602,189155,5,4,42,1,4,3,124,146,7,2,5,22,0,0,0,0,0
201900001248,19,1,19,1773,2,5,8,7,4991336,618519,1,3,40,2,4,1,456,256,2,5,2,3,0,0,0,0,0
201900001249,19,6,24,168,1,9,4,2,4559917,-288410,1,2,35,1,4,1,845,840,8,7,2,55,0,0,0,0,0
201900001250,19,8,18,1558,4,7,5,3,4554166,30153,9,4,27,1,1,4,722,61,6,4,1,68,0,0,0,0,0
201900001251,19,10,7,432,3,1,4,3,4466545,132199,6,3,24,1,4,1,537,759,8,5,4,30,0,0,0,0,0
201900001252,19,10,28,2080,5,4,9,2,4782239,215727,7,2,45,2,2,1,862,808,4,7,1,72,0,0,0,0,0
201900001253,19,7,23,37,4,1,7,2,4699418,-294050,5,4,10,3,4,1,260,605,4,6,4,77,0,0,0,0,0
201900001254,19,1,3,2142,2,8,6,1,4664737,53539,2,1,16,3,4,2,711,70,9,5,3,55,0,0,0,0,0
201900001255,19,10,6,1555,5,9,5,7,4700594,488648,9,2,22,1,4,1,135,960,1,4,3,2,0,0,0,0,0
201900001256,19,8,27,1164,1,6,4,5,4729340,-361332,9,1,37,1,4,2,507,309,2,5,1,62,0,0,0,0,0
201900001257,19,2,15,2036,2,3,1,3,4671211,-345356,3,4,47,2,3,3,267,793,4,4,5,51,0,0,0,0,0
201900001258,19,6,14,1658,5,1,8,6,4429674,-86151,8,4,0,3,2,4,552,314,7,4,5,93,0,0,0,0,0
201900001259,19,11,19,2326,4,1,5,2,4932182,-56496,5,2,18,2,1,1,358,853,4,5,2,69,0,0,0,0,0
201900001260,19,9,20,239,1,9,3,4,4857704,-217841,3,2,15,1,1,3,867,629,5,5,4,11,0,0,0,0,0
201900001261,19,6,21,825,3,7,5,4,4912541,241019,3,2,5,1,2,1,339,344,5,1,3,30,0,0,0,0,0
201900001262,19,10,18,1800,4,4,3,4,4473550,139036,1,4,22,2,3,3,325,790,9,2,4,29,0,0,0,0,0
201900001263,19,9,21,108,4,9,2,7,4667151,-160532,5,1,43,1,2,4,844,767,9,2,3,82,0,0,0,0,0
201900001264,19,3,8,1805,4,2,9,6,4427144,4323,8,1,45,3,1,2,112,99,7,3,5,87,0,0,0,0,0
201900001265,19,6,6,2322,2,8,8,1,4949954,-186322,2,1,26,2,3,1,816,944,2,3,4,83,0,0,0,0,0
201900001266,19,9,24,176,4,7,9,7,4827013,270320,1,2,40,2,4,3,570,126,8,4,4,56,0,0,0,0,0
201900001267,19,4,1,524,5,1,4,7,4726434,627536,8,2,19,2,1,4,689,820,7,1,4,31,0,0,0,0,0
201900001268,19,6,5,958,2,5,2,7,4771533,49170,1,3,51,1,3,1,737,472,6,5,3,61,0,0,0,0,0
201900001269,19,5,1,1692,3,4,5,3,4815711,312894,9,3,42,2,4,1,19,533,8,3,4,82,0,0,0,0,0
201900001270,19,12,11,2240,5,3,5,1,4806392,627874,5,1,5,1,1,2,137,905,8,1,3,28,0,0,0,0,0
201900001271,19,5,7,1735,1,1,9,6,4783137,506605,3,2,9,1,4,2,388,330,6,3,4,49,0,0,0,0,0
201900001272,19,4,3,409,5,7,6,4,4689911,322900,9,2,5,1,1,2,55,634,7,4,2,34,0,0,0,0,0
201900001273,19,9,6,382,1,8,7,6,4749316,466615,4,2,14,2,1,4,171,580,5,5,2,1,0,0,0,0,0
201900001274,19,3,23,2060,5,3,6,3,4526540,341513,9,1,30,1,3,2,170,811,2,5,2,12,0,0,0,0,0
201900001275,19,9,11,539,5,4,9,1,4623565,280589,3,2,1,3,4,1,872,79,8,5,4,54,0,0,0,0,0
201900001276,19,4,10,2309,4,5,4,5,4876629,-384382,5,1,13,3,1,1,368,156,1,4,2,35,0,0,0,0,0
201900001277,19,8,22,99,3,5,1,3,4487079,-12246,5,3,8,3,2,1,686,149,1,7,2,45,0,0,0,0,0
201900001278,19,3,2,61,1,1,2,7,4464705,-75574,1,3,39,3,4,1,395,539,9,5,3,72,0,0,0,0,0
201900001279,19,11,19,1535,4,2,6,2,4893893,429272,6,4,33,2,3,1,557,706,7,1,5,40,0,0,0,0,0
201900001280,19,8,11,177,4,5,7,6,4619075,94085,5,1,53,2,4,1,95,78,1,5,2,40,0,0,0,0,0
201900001281,19,1,2,1081,4,7,7,3,4749239,75798,8,3,50,2,4,3,121,760,3,3,4,97,0,0,0,0,0
201900001282,19,8,8,535,2,3,8,1,4517664,307073,2,2,15,2,1,1,674,193,8,3,4,84,0,0,0,0,0
201900001283,19,2,27,1750,3,5,5,2,4414352,497699,2,2,14,1,4,1,702,716,4,5,2,2,0,0,0,0,0
201900001284,19,1,14,1570,2,5,8,2,4541733,378616,1,4,8,2,4,3,577,387,2,7,1,75,0,0,0,0,0
201900001285,19,11,19,35,4,3,7,4,4480282,489264,8,4,21,2,1,2,558,129,1,7,3,19,0,0,0,0,0
201900001286,19,7,8,1697,4,7,3,5,4658995,215672,6,2,29,1,4,2,688,646,1,1,1,31,0,0,0,0,0
201900001287,19,5,8,711,2,1,6,7,4799449,15996,3,3,41,3,4,3,733,845,3,5,4,87,0,0,0,0,0
201900001288,19,1,20,1577,4,7,6,1,4411258,474277,4,3,15,3,3,4,224,399,7,5,3,10,0,0,0,0,0
201900001289,19,11,9,435,4,2,4,2,4414726,648424,5,2,36,1,3,4,914,881,3,7,5,23,0,0,0,0,0
201900001290,19,4,23,449,2,6,5,3,4604073,-235395,4,3,43,3,3,2,313,624,5,5,2,89,0,0,0,0,0
201900001291,19,5,21,966,4,6,4,1,4797749,673804,1,1,3,2,4,4,194,971,2,6,5,3,0,0,0,0,0
201900001292,19,5,26,2123,1,4,2,4,4840091,-23847,9,2,36,1,3,1,398,409,5,6,2,71,0,0,0,0,0
201900001293,19,8,26,72,5,6,7,3,4749298,599521,1,3,2,3,4,3,524,760,5,3,1,24,0,0,0,0,0
201900001294,19,2,21,1510,3,8,1,1,4881164,692276,7,2,3,2,2,4,612,507,2,4,2,98,0,0,0,0,0
201900001295,19,6,14,309,3,8,8,6,4639443,357471,4,4,6,3,2,2,28,767,1,5,5,14,0,0,0,0,0
201900001296,19,2,15,262,1,3,5,5,4884103,35689,7,4,42,1,3,2,561,348,2,6,1,47,0,0,0,0,0
201900001297,19,7,6,844,4,6,4,6,4727707,-36478,8,4,15,1,3,4,603,414,7,6,2,24,0,0,0,0,0
201900001298,19,1,18,2133,3,5,9,2,4883551,652773,1,2,41,1,1,3,445,871,5,3,5,23,0,0,0,0,0
201900001299,19,4,8,1853,2,1,4,4,4731740,-21160,6,4,40,2,1,4,770,807,1,7,1,34,0,0,0,0,0
201900001300,19,4,5,979,2,6,5,4,4462571,-311250,4,4,46,2,3,4,700,30,5,7,2,15,0,0,0,0,0
201900001301,19,1,21,1079,5,9,9,3,4852615,-31381,4,4,47,1,1,1,458,735,7,1,1,29,0,0,0,0,0
201900001302,19,2,22,566,1,9,5,2,4536721,47947,6,4,49,3,4,3,569,839,6,7,3,70,0,0,0,0,0
201900001303,19,6,23,1433,4,7,7,7,4973095,351567,6,2,9,3,4,2,485,581,2,1,2,8,0,0,0,0,0
201900001304,19,1,11,1495,3,9,4,5,4987871,-371693,4,1,39,2,3,1,344,689,6,4,5,34,0,0,0,0,0
201900001305,19,2,19,524,2,5,1,6,4403696,-9542,8,3,23,3,4,3,433,414,1,1,4,1,0,0,0,0,0
201900001306,19,9,9,1243,1,6,8,1,4494291,-138340,2,4,25,1,1,2,716,937,1,7,3,21,0,0,0,0,0
201900001307,19,3,9,101,4,8,5,5,4879944,-381837,5,1,0,3,1,4,275,149,1,3,4,19,0,0,0,0,0
201900001308,19,2,16,708,2,6,4,3,4875546,119130,3,4,51,1,1,4,708,917,5,4,5,69,0,0,0,0,0
201900001309,19,5,20,1821,1,4,1,5,4889232,109201,7,1,36,2,2,2,759,63,6,6,4,49,0,0,0,0,0
201900001310,19,9,8,973,2,4,3,4,4645825,81099,1,1,31,3,2,2,211,865,1,6,3,38,0,0,0,0,0
201900001311,19,9,18,2315,1,8,6,3,4956570,172844,6,2,14,3,2,1,591,783,9,3,3,64,0,0,0,0,0
201900001312,19,12,27,371,5,8,2,6,4945737,593631,6,1,15,3,3,3,335,656,4,6,3,68,0,0,0,0,0
201900001313,19,10,4,1096,5,7,4,2,4566700,-271346,5,2,8,2,1,4,599,425,5,1,2,2,0,0,0,0,0
201900001314,19,9,5,1935,1,8,8,7,4866165,-38290,3,3,47,3,2,2,729,671,5,7,2,68,0,0,0,0,0
201900001315,19,3,20,2159,5,4,2,1,4822557,456209,5,1,2,3,4,4,368,837,5,3,1,25,0,0,0,0,0
201900001316,19,8,26,2109,3,4,7,1,4515555,179590,1,2,44,3,4,2,843,513,1,5,5,54,0,0,0,0,0
201900001317,19,2,4,40,1,6,9,7,4576657,-299360,3,4,47,1,4,3,509,590,7,7,1,83,0,0,0,0,0
201900001318,19,10,9,69,2,9,1,6,4401110,297677,8,1,16,3,1,4,40,389,7,4,1,30,0,0,0,0,0
201900001319,19,8,26,857,1,2,9,5,4779484,74603,8,3,44,3,2,3,89,206,2,4,1,92,0,0,0,0,0
201900001320,19,8,15,484,3,9,2,7,4680773,-350827,3,1,13,3,1,2,274,274,6,7,4,83,0,0,0,0,0
201900001321,19,4,15,118,1,9,6,5,4937784,18300,9,1,24,3,1,4,210,927,8,3,3,90,0,0,0,0,0
201900001322,19,11,15,329,4,1,7,1,4803665,-334265,9,2,3,2,4,3,106,504,7,7,3,99,0,0,0,0,0
201900001323,19,9,20,2304,1,8,1,1,4517395,322155,9,2,44,2,1,3,652,849,7,2,5,74,0,0,0,0,0
201900001324,19,4,19,1514,3,9,5,5,4690478,93487,4,1,53,3,3,2,791,867,3,3,1,82,0,0,0,0,0
201900001325,19,4,8,158,3,6,6,2,4988075,358273,5,1,11,1,4,2,758,473,8,2,1,93,0,0,0,0,0
201900001326,19,3,4,1802,1,8,1,5,4462399,-227728,9,4,3,1,1,4,756,214,2,4,5,92,0,0,0,0,0
201900001327,19,4,17,1374,5,2,9,6,4540136,165489,4,2,33,1,3,2,782,886,9,5,2,14,0,0,0,0,0
201900001328,19,3,13,387,1,4,3,6,4470812,680380,9,4,9,2,4,1,774,361,3,3,3,9,0,0,0,0,0
201900001329,19,12,19,378,3,1,1,6,4481165,31129,6,1,3,3,4,4,214,780,8,3,3,61,0,0,0,0,0
201900001330,19,7,4,732,5,7,9,5,4487639,-314367,1,3,19,1,2,3,111,970,4,2,2,7,0,0,0,0,0
201900001331,19,8,18,181,4,6,1,2,4453298,146228,1,3,50,2,2,4,862,238,3,3,5,53,0,0,0,0,0
201900001332,19,2,23,923,1,5,6,4,4442764,-339857,4,4,15,2,2,2,511,446,9,1,2,20,0,0,0,0,0
201900001333,19,12,4,129,4,6,5,1,4525415,145592,1,2,3,3,2,2,468,347,1,5,3,45,0,0,0,0,0
201900001334,19,10,2,1329,2,1,4,7,4632836,276282,2,2,48,2,1,3,701,685,8,4,2,23,0,0,0,0,0
201900001335,19,2,5,1485,2,3,8,3,4402755,559259,9,2,23,2,2,4,742,832,2,1,1,16,0,0,0,0,0
201900001336,19,11,18,480,2,2,6,2,4582685,648235,6,4,17,1,3,1,576,150,6,4,1,23,0,0,0,0,0
201900001337,19,2,22,1854,4,6,9,4,4634243,344276,2,3,27,1,3,2,404,982,9,7,4,7,0,0,0,0,0
201900001338,19,9,18,256,2,4,6,6,4663353,-109639,9,2,34,2,3,3,58,812,9,5,4,15,0,0,0,0,0
201900001339,19,3,23,1740,5,1,7,7,4703029,-214044,8,2,51,1,2,4,854,188,4,7,1,78,0,0,0,0,0
201900001340,19,6,6,2127,2,3,7,3,4957775,-184864,2,3,51,2,4,1,456,299,7,3,3,55,0,0,0,0,0
201900001341,19,2,21,15,1,1,3,3,4709463,-301675,9,1,17,3,1,3,316,599,9,4,5,67,0,0,0,0,0
201900001342,19,2,9,1795,3,1,9,1,4898887,117076,2,3,14,1,1,4,405,839,8,2,2,52,0,0,0,0,0
201900001343,19,6,5,1404,2,1,7,4,4918819,-202016,4,4,25,2,2,2,594,910,6,1,2,72,0,0,0,0,0
201900001344,19,3,22,1139,4,3,4,6,4493369,-131717,7,2,2,2,2,2,334,176,4,1,3,44,0,0,0,0,0
201900001345,19,9,28,162,2,5,1,3,4697133,-355589,3,1,52,1,2,3,577,776,9,5,2,12,0,0,0,0,0
201900001346,19,8,13,1510,1,3,5,4,4971326,-358389,3,3,31,3,3,4,795,516,7,3,3,4,0,0,0,0,0
201900001347,19,9,27,721,3,3,6,7,4541971,605420,3,3,38,2,2,2,643,404,3,7,5,35,0,0,0,0,0
201900001348,19,6,20,633,5,6,5,5,4494413,696119,8,2,11,1,4,1,42,455,6,7,3,2,0,0,0,0,0
201900001349,19,5,4,1268,3,3,6,5,4530056,-33448,2,4,15,3,1,4,205,48,5,1,1,49,0,0,0,0,0
201900001350,19,1,14,1626,3,8,3,1,4743802,-275846,9,4,36,2,2,1,439,544,2,2,3,55,0,0,0,0,0
201900001351,19,12,6,1981,1,2,2,3,4792007,318006,8,4,36,3,1,4,823,591,1,7,1,0,0,0,0,0,0
201900001352,19,10,28,1224,2,3,4,4,4491770,521494,4,4,19,3,1,3,207,893,1,1,3,92,0,0,0,0,0
201900001353,19,5,4,183,2,9,5,4,4867120,220272,7,2,25,3,3,3,184,66,5,2,3,15,0,0,0,0,0
201900001354,19,7,26,705,2,6,3,1,4706791,-113169,8,2,18,3,3,4,736,750,1,4,3,40,0,0,0,0,0
201900001355,19,5,27,1789,3,2,3,6,4510205,475447,9,2,20,1,4,4,750,916,1,3,2,57,0,0,0,0,0
201900001356,19,10,20,36,4,4,8,5,4766093,32612,8,4,23,1,4,1,637,14,5,7,3,58,0,0,0,0,0
201900001357,19,2,27,1042,1,3,2,1,4620293,-113298,9,3,17,3,4,1,607,698,4,7,2,78,0,0,0,0,0
201900001358,19,11,26,1869,3,3,6,4,4794411,-230722,7,3,22,1,1,4,551,359,6,5,2,53,0,0,0,0,0
201900001359,19,3,25,1799,4,3,9,1,4561684,-233081,2,4,51,2,3,1,702,797,4,7,2,37,0,0,0,0,0
201900001360,19,10,19,986,2,8,4,4,4737390,-327607,8,2,24,1,4,2,349,128,1,7,3,94,0,0,0,0,0
201900001361,19,8,27,1282,1,4,6,7,4427074,544193,2,4,36,2,2,3,114,746,5,7,2,12,0,0,0,0,0
201900001362,19,11,21,1260,3,6,8,7,4919787,375322,2,1,25,3,3,2,378,965,4,3,1,24,0,0,0,0,0
201900001363,19,7,24,589,3,3,8,4,4845122,549145,2,1,41,3,4,2,255,456,9,4,2,95,0,0,0,0,0
201900001364,19,5,17,961,2,8,6,5,4599441,129441,4,2,47,3,4,3,48,604,9,2,5,91,0,0,0,0,0
201900001365,19,6,10,53,2,8,8,6,4794774,635713,4,3,42,3,1,4,728,76,4,4,4,34,0,0,0,0,0
201900001366,19,10,20,449,1,6,2,3,4776440,-39492,7,3,14,3,1,4,663,273,4,6,5,95,0,0,0,0,0
201900001367,19,6,24,2331,1,9,5,6,4955901,-368120,8,2,29,1,1,2,74,816,7,7,2,67,0,0,0,0,0
201900001368,19,3,14,654,1,3,5,5,4464057,233985,7,4,49,2,4,3,658,766,6,2,5,18,0,0,0,0,0