Num_Acc,an,mois,jour,hrmn,lum,int,atm,col,lat,long,catr,circ,nbv,vosp,prof,plan,lartpc,larrout,surf,infra,situ,env1,unscathed,killed,hospital,light,chance
201900001369,19,8,24,520,3,3,7,1,4468766,659004,8,4,3,2,3,2,159,544,5,6,1,44,0,0,0,0,0
201900001370,19,1,12,504,5,6,5,5,4811957,-238595,2,4,48,2,4,1,459,127,1,2,3,50,0,0,0,0,0
201900001371,19,7,14,1536,4,6,1,1,4876415,136029,3,3,45,2,3,2,875,163,3,4,1,53,0,0,0,0,0
201900001372,19,4,7,1448,3,7,2,2,4894944,259065,8,3,5,2,1,3,696,416,6,2,4,28,0,0,0,0,0
201900001373,19,8,8,2263,5,7,7,5,4723653,-304402,4,1,16,2,3,3,36,890,3,2,3,21,0,0,0,0,0
201900001374,19,12,26,579,5,4,2,7,4785542,82229,6,2,41,1,3,1,553,662,4,5,1,22,0,0,0,0,0
201900001375,19,4,1,1654,3,7,2,6,4440599,27335,9,4,35,3,3,1,730,292,7,3,2,46,0,0,0,0,0
201900001376,19,10,19,1250,4,7,1,6,4941758,-189115,2,3,15,3,1,4,67,721,3,7,5,95,0,0,0,0,0
201900001377,19,12,17,1936,4,6,7,3,4818740,621046,1,2,30,1,4,1,894,142,9,7,1,54,0,0,0,0,0
201900001378,19,9,26,744,2,8,8,3,4621257,475741,7,3,24,3,3,1,215,582,9,2,2,16,0,0,0,0,0
201900001379,19,12,2,1046,4,4,5,7,4780029,526453,7,2,7,1,1,1,334,419,8,2,5,26,0,0,0,0,0
201900001380,19,5,12,242,3,4,8,3,4931554,88835,2,2,8,3,3,4,60,377,6,4,1,37,0,0,0,0,0
201900001381,19,6,8,1909,2,1,8,6,4896230,367764,2,2,42,3,2,4,582,749,6,1,4,24,0,0,0,0,0
201900001382,19,10,1,1118,2,8,6,3,4526835,384342,1,3,15,2,1,2,644,558,2,6,5,70,0,0,0,0,0
201900001383,19,1,6,1663,2,8,1,7,4477964,378720,1,2,28,3,3,1,764,917,8,4,1,59,0,0,0,0,0
201900001384,19,4,25,1232,1,5,7,4,4676793,36082,9,3,16,1,3,4,688,993,4,6,4,1,0,0,0,0,0
201900001385,19,9,19,843,4,4,2,4,4783336,373176,9,1,40,2,2,3,644,783,4,3,5,45,0,0,0,0,0
201900001386,19,7,8,261,4,8,4,2,4682237,304103,2,2,24,2,3,3,42,169,6,6,1,50,0,0,0,0,0
201900001387,19,5,14,285,3,5,2,2,4542286,-12918,2,2,5,2,3,3,466,153,3,5,3,72,0,0,0,0,0
201900001388,19,8,10,2300,2,6,5,5,4520752,403178,4,4,22,3,1,1,507,643,1,4,4,11,0,0,0,0,0
201900001389,19,9,22,387,1,9,8,5,4509084,377896,4,1,14,3,4,2,456,877,1,1,1,12,0,0,0,0,0
201900001390,19,12,13,1509,4,3,9,2,4560157,14693,8,2,10,2,1,2,632,52,3,7,5,53,0,0,0,0,0
201900001391,19,5,9,828,3,6,3,3,4501000,648655,9,2,30,3,2,2,818,19,7,5,1,81,0,0,0,0,0
201900001392,19,11,11,431,1,7,5,6,4464940,473925,2,1,29,2,2,1,672,655,8,7,3,71,0,0,0,0,0
201900001393,19,12,14,1623,3,7,8,2,4822592,638186,5,1,9,2,4,2,574,230,5,1,1,9,0,0,0,0,0
201900001394,19,12,15,1875,5,2,7,2,4479608,610326,4,1,34,2,3,2,59,634,3,6,1,84,0,0,0,0,0
201900001395,19,10,4,2359,5,9,7,7,4467116,515875,6,4,27,1,1,4,187,298,1,3,1,77,0,0,0,0,0
201900001396,19,8,3,1654,4,6,2,2,4534410,-161242,5,1,27,2,1,4,213,215,7,6,1,13,0,0,0,0,0
201900001397,19,4,4,1777,3,4,9,4,4502729,102858,1,4,52,2,3,3,576,839,7,2,1,46,0,0,0,0,0
201900001398,19,8,17,745,4,4,2,1,4996694,332207,3,4,32,1,2,1,597,866,4,3,2,84,0,0,0,0,0
201900001399,19,1,20,1695,2,3,3,4,4974467,562146,5,2,20,3,4,3,432,763,6,3,3,95,0,0,0,0,0
201900001400,19,7,8,2159,2,3,9,4,4793755,566094,4,1,0,3,1,1,295,193,4,7,5,99,0,0,0,0,0
201900001401,19,6,14,1809,2,2,5,3,4852398,-389592,3,4,18,1,4,4,784,62,4,6,4,90,0,0,0,0,0
201900001402,19,7,2,352,1,1,7,2,4767756,673606,2,3,48,1,3,4,613,528,3,4,3,4,0,0,0,0,0
201900001403,19,12,24,972,2,8,3,7,4591020,534802,8,1,18,1,4,3,817,82,1,3,4,48,0,0,0,0,0
201900001404,19,1,12,570,3,8,8,5,4531955,249364,6,1,1,3,4,3,172,323,2,1,3,64,0,0,0,0,0
201900001405,19,9,9,1685,5,2,6,6,4772470,638660,8,3,51,1,4,2,683,203,3,6,2,52,0,0,0,0,0
201900001406,19,12,15,481,4,6,1,2,4796387,109907,5,4,14,3,1,1,661,481,7,6,4,88,0,0,0,0,0
201900001407,19,3,26,142,4,3,9,2,4672450,-257177,4,3,8,3,3,2,695,405,8,7,1,61,0,0,0,0,0
201900001408,19,2,4,1913,2,6,6,6,4952137,617088,1,4,50,3,1,3,619,18,2,7,4,59,0,0,0,0,0
201900001409,19,5,2,1414,3,7,4,1,4622102,-256268,1,4,25,3,4,4,696,39,5,5,5,51,0,0,0,0,0
201900001410,19,6,18,692,2,8,8,1,4988518,-333032,7,1,31,3,2,3,757,178,3,1,4,53,0,0,0,0,0
201900001411,19,6,18,1210,1,4,3,4,4931688,438238,7,2,20,2,3,1,213,94,2,4,4,48,0,0,0,0,0
201900001412,19,8,7,43,4,2,9,6,4553985,-95760,1,2,22,3,1,4,261,560,2,4,5,90,0,0,0,0,0
201900001413,19,8,2,2234,3,8,5,1,4891797,-119079,6,4,4,1,2,4,31,547,8,3,1,25,0,0,0,0,0
201900001414,19,5,13,1009,1,9,1,1,4889227,-294334,8,3,53,2,3,2,55,632,8,6,2,10,0,0,0,0,0
201900001415,19,10,15,599,1,7,7,2,4912580,-201538,4,4,31,1,2,4,9,925,5,5,5,91,0,0,0,0,0
201900001416,19,5,4,105,5,1,9,7,4768583,-131103,5,3,27,3,1,2,314,936,6,3,5,91,0,0,0,0,0
201900001417,19,1,11,1816,2,9,9,7,4845022,-1297,4,3,17,1,3,2,121,205,6,1,1,82,0,0,0,0,0
201900001418,19,2,3,929,1,6,5,6,4845421,483214,9,2,22,1,2,4,241,311,3,2,1,90,0,0,0,0,0
201900001419,19,3,14,124,1,6,7,3,4598561,223246,8,4,45,2,3,1,612,288,5,2,2,13,0,0,0,0,0
201900001420,19,3,2,434,1,2,2,6,4422575,461862,2,1,17,2,2,3,227,611,5,5,5,71,0,0,0,0,0
201900001421,19,4,12,1179,5,5,8,5,4581531,451154,9,3,42,2,1,2,29,921,7,2,3,51,0,0,0,0,0
201900001422,19,7,12,625,5,9,3,6,4831072,-35284,8,4,42,3,2,4,220,911,7,1,4,8,0,0,0,0,0
201900001423,19,7,10,621,5,7,2,2,4615496,490324,1,2,23,3,1,1,383,521,6,1,4,77,0,0,0,0,0
201900001424,19,7,11,450,1,9,6,4,4588937,-390361,6,4,2,1,3,4,758,908,7,4,5,76,0,0,0,0,0
201900001425,19,9,15,417,4,9,9,7,4818349,-343090,6,3,19,2,1,1,486,319,7,4,2,95,0,0,0,0,0
201900001426,19,5,21,1442,1,6,7,1,4670360,129101,8,1,13,3,3,2,804,650,6,2,2,39,0,0,0,0,0
201900001427,19,5,22,1031,4,7,4,2,4704799,558861,1,2,32,3,4,1,246,250,7,1,1,62,0,0,0,0,0
201900001428,19,8,21,597,2,4,2,5,4696443,354861,2,4,0,1,1,2,655,820,3,6,2,18,0,0,0,0,0
201900001429,19,4,23,808,5,4,8,5,4808413,237191,3,3,16,1,1,2,641,273,7,6,1,85,0,0,0,0,0
201900001430,19,5,27,710,4,7,5,3,4409471,56064,3,2,43,2,1,3,701,649,1,1,2,97,0,0,0,0,0
201900001431,19,10,3,1760,1,6,8,2,4792730,137524,8,4,43,1,1,2,377,342,4,3,5,48,0,0,0,0,0
201900001432,19,7,6,669,1,5,3,7,4756022,-31515,8,4,24,2,2,2,602,346,7,5,4,30,0,0,0,0,0
201900001433,19,12,23,1018,5,7,8,1,4571325,109635,3,4,18,3,4,4,692,122,9,2,1,41,0,0,0,0,0
201900001434,19,3,24,1936,5,9,7,3,4829754,17194,9,2,27,1,3,1,281,168,6,2,3,78,0,0,0,0,0
201900001435,19,3,14,1626,3,1,2,7,4969871,634337,7,3,7,3,4,4,40,297,2,7,2,73,0,0,0,0,0
201900001436,19,9,14,1882,1,5,5,3,4435956,-204199,6,4,28,3,4,1,262,662,8,3,3,37,0,0,0,0,0
201900001437,19,8,18,1234,4,2,7,4,4875487,130286,1,3,27,3,2,4,760,557,3,6,1,79,0,0,0,0,0
201900001438,19,10,20,2292,2,4,2,7,4783843,-339177,5,1,8,3,1,2,862,750,5,5,2,82,0,0,0,0,0
201900001439,19,3,22,2101,1,3,2,4,4961418,102526,8,2,47,2,1,3,202,453,4,3,2,18,0,0,0,0,0
201900001440,19,1,15,1713,3,4,5,5,4545836,605999,2,1,4,2,1,2,815,826,9,7,4,23,0,0,0,0,0
201900001441,19,5,21,1429,4,9,3,1,4673678,439165,5,2,28,2,2,4,212,737,9,1,3,55,0,0,0,0,0
201900001442,19,2,22,2097,1,4,2,2,4505817,354229,4,2,12,1,1,2,530,570,9,6,4,38,0,0,0,0,0
201900001443,19,9,7,793,2,2,9,1,4721649,214414,9,3,43,3,1,4,287,940,5,3,4,31,0,0,0,0,0
201900001444,19,5,25,185,3,8,8,7,4538441,269364,8,4,38,3,4,3,411,290,3,7,2,74,0,0,0,0,0
201900001445,19,11,15,513,3,2,1,7,4587013,259095,7,4,25,2,4,2,912,170,1,7,1,29,0,0,0,0,0
201900001446,19,2,23,886,3,8,1,3,4977000,502855,4,1,29,1,1,4,817,400,2,6,4,40,0,0,0,0,0
201900001447,19,12,27,889,4,5,2,6,4977948,579241,4,2,51,3,2,2,335,810,3,4,1,28,0,0,0,0,0
201900001448,19,6,9,932,4,4,4,4,4538784,-137373,1,2,6,1,3,2,732,826,9,6,1,81,0,0,0,0,0
201900001449,19,11,18,196,5,4,2,7,4449425,-379296,1,3,11,2,3,3,583,841,8,6,4,19,0,0,0,0,0
201900001450,19,5,1,643,1,9,4,5,4814456,360146,8,2,15,1,3,4,491,800,4,6,4,38,0,0,0,0,0
201900001451,19,12,24,2328,3,2,4,3,4618626,-150332,9,4,29,2,4,2,498,767,2,3,1,76,0,0,0,0,0
201900001452,19,9,26,1631,4,5,8,1,4715129,657856,5,2,21,3,3,1,765,960,3,5,3,4,0,0,0,0,0
201900001453,19,5,26,2158,5,7,5,2,4408389,-85699,6,3,33,1,1,3,806,914,6,1,5,55,0,0,0,0,0
201900001454,19,9,3,1713,1,9,8,7,4805523,657240,3,4,15,2,2,3,306,619,3,2,2,95,0,0,0,0,0
201900001455,19,2,2,200,2,8,8,2,4866401,45784,4,1,45,1,4,4,336,883,5,4,2,83,0,0,0,0,0
201900001456,19,6,27,960,1,2,2,2,4813837,-299342,1,4,44,1,2,2,863,778,4,5,1,38,0,0,0,0,0
201900001457,19,5,12,261,2,9,4,4,4840925,139563,1,3,24,2,4,3,544,280,2,1,3,46,0,0,0,0,0
201900001458,19,6,24,2025,1,4,3,4,4418271,-69163,8,3,50,3,4,2,417,490,2,1,2,46,0,0,0,0,0
201900001459,19,6,17,1902,4,9,6,3,4402020,485348,4,3,8,3,3,2,878,479,7,4,2,57,0,0,0,0,0
201900001460,19,11,7,1346,5,9,8,2,4551024,-146768,1,2,18,2,1,3,542,494,4,1,5,49,0,0,0,0,0
201900001461,19,10,15,6,3,8,5,4,4696351,591888,8,2,53,2,3,1,119,176,4,4,2,87,0,0,0,0,0
201900001462,19,12,27,726,4,5,1,4,4939761,224299,1,2,12,3,2,3,294,428,2,2,4,66,0,0,0,0,0
201900001463,19,2,1,2202,2,3,4,6,4763438,107061,9,4,2,1,2,3,239,906,4,7,5,54,0,0,0,0,0
201900001464,19,4,28,1536,2,5,8,1,4600583,-29931,3,2,31,3,2,2,660,628,6,6,3,56,0,0,0,0,0
201900001465,19,8,8,1536,1,8,3,6,4814378,81673,7,3,11,3,1,2,520,331,4,4,4,61,0,0,0,0,0
201900001466,19,1,2,701,2,4,5,2,4894042,270197,1,4,26,1,2,2,494,586,2,5,5,55,0,0,0,0,0
201900001467,19,12,13,1649,5,4,6,7,4907210,44028,8,3,28,2,4,4,910,836,1,1,2,85,0,0,0,0,0
201900001468,19,8,12,2175,4,8,9,7,4678463,6093,3,2,21,1,3,3,723,96,9,6,5,75,0,0,0,0,0
201900001469,19,8,23,1736,3,9,5,3,4558416,603593,3,2,5,3,4,4,541,236,9,1,5,29,0,0,0,0,0
201900001470,19,10,5,1396,2,6,6,5,4897067,374468,4,4,52,3,1,2,415,403,4,3,1,53,0,0,0,0,0
201900001471,19,12,3,275,3,9,5,6,4459782,587004,9,3,26,2,2,3,197,27,5,7,2,2,0,0,0,0,0
201900001472,19,1,26,857,1,4,9,4,4853550,390347,8,4,49,3,1,4,178,891,3,7,1,31,0,0,0,0,0
201900001473,19,10,15,936,2,3,5,4,4618585,-262969,9,4,45,2,1,4,579,599,2,2,4,19,0,0,0,0,0
201900001474,19,8,22,1833,3,3,6,1,4430392,27783,6,4,48,1,3,3,784,229,9,1,4,77,0,0,0,0,0
201900001475,19,7,6,1127,4,7,4,4,4401000,387607,8,3,9,1,1,3,869,467,7,1,4,23,0,0,0,0,0
201900001476,19,3,27,446,4,2,3,2,4501446,-11239,9,1,20,3,1,2,344,901,4,3,4,12,0,0,0,0,0
201900001477,19,12,27,1257,3,5,2,7,4501027,179899,2,1,49,2,1,3,311,60,9,7,5,29,0,0,0,0,0
201900001478,19,9,12,1958,4,6,3,1,4594024,430369,5,1,0,3,1,4,418,21,1,6,3,59,0,0,0,0,0
201900001479,19,7,27,2315,3,5,4,3,4552723,483339,1,1,28,1,4,1,470,695,3,5,5,81,0,0,0,0,0
201900001480,19,12,7,1883,5,2,7,4,4842750,654916,3,1,13,2,1,4,293,775,1,4,4,27,0,0,0,0,0
201900001481,19,10,20,1094,1,1,1,4,4964278,-325988,3,2,35,1,1,4,106,392,3,6,1,90,0,0,0,0,0
201900001482,19,12,4,414,3,5,6,2,4445683,129454,5,1,28,3,1,2,14,885,1,1,4,10,0,0,0,0,0
201900001483,19,1,8,2255,4,5,3,3,4913579,-11022,1,2,41,2,1,3,776,988,3,5,2,63,0,0,0,0,0
201900001484,19,10,26,1747,4,4,3,2,4773388,-271976,8,1,14,1,1,3,496,109,7,2,5,42,0,0,0,0,0
201900001485,19,5,17,543,4,3,8,5,4470780,-156639,1,1,39,2,4,4,898,785,6,7,3,52,0,0,0,0,0
201900001486,19,4,22,2219,2,1,3,2,4803691,225271,1,2,36,1,3,4,810,684,8,1,1,13,0,0,0,0,0
201900001487,19,4,26,379,4,3,8,5,4490644,-253293,2,4,32,2,1,4,33,415,4,4,2,64,0,0,0,0,0
201900001488,19,2,2,241,5,9,8,7,4680185,76707,7,1,53,2,2,3,824,997,6,6,3,46,0,0,0,0,0
201900001489,19,6,16,484,5,4,8,5,4863882,491311,5,4,21,2,2,3,625,165,1,3,3,33,0,0,0,0,0
201900001490,19,10,3,2127,1,3,8,3,4953107,172931,4,1,53,1,3,2,718,385,6,2,1,18,0,0,0,0,0
201900001491,19,9,14,308,4,6,1,4,4610691,478572,5,2,18,2,2,1,643,303,9,2,3,6,0,0,0,0,0
201900001492,19,8,14,590,5,1,9,4,4725380,583384,6,1,34,1,2,2,736,841,4,4,5,60,0,0,0,0,0
201900001493,19,3,14,811,4,9,3,2,4879185,392455,4,4,2,1,3,2,686,794,5,4,2,79,0,0,0,0,0
201900001494,19,4,12,1897,5,7,1,2,4521336,68551,5,2,10,1,4,2,74,206,8,1,3,38,0,0,0,0,0
201900001495,19,1,19,2180,5,4,4,1,4482156,606685,1,4,15,3,3,4,545,253,3,1,4,84,0,0,0,0,0
201900001496,19,4,28,1335,5,1,9,3,4757172,203691,8,4,51,2,1,1,453,356,3,3,4,53,0,0,0,0,0
201900001497,19,1,28,1410,4,5,1,7,4421151,-322823,1,4,48,1,1,3,425,796,2,5,2,86,0,0,0,0,0
201900001498,19,7,26,1521,2,7,1,2,4542121,99004,3,1,28,1,4,1,816,353,4,6,1,63,0,0,0,0,0
201900001499,19,9,15,2229,4,9,8,6,4962976,367020,8,1,24,2,4,4,708,106,8,7,3,34,0,0,0,0,0
201900001500,19,11,19,1433,5,2,5,6,4521868,574382,7,2,8,3,1,1,591,171,7,7,4,70,0,0,0,0,0
201900001501,19,8,10,1639,1,9,9,4,4861258,336766,4,2,35,3,4,2,38,953,8,1,4,99,0,0,0,0,0
201900001502,19,4,17,1277,4,7,3,5,4577746,-151920,8,2,25,2,4,4,151,7,1,4,1,1,0,0,0,0,0
201900001503,19,4,28,1336,1,8,1,5,4516717,518137,9,3,37,3,2,4,854,250,1,5,5,18,0,0,0,0,0
201900001504,19,6,21,1552,3,4,5,1,4725129,-114714,9,2,36,2,4,4,106,465,9,2,5,65,0,0,0,0,0
201900001505,19,11,23,807,1,5,3,1,4565222,7427,7,4,5,1,3,3,173,344,3,7,5,29,0,0,0,0,0
201900001506,19,12,25,94,1,7,6,5,4484314,320208,5,1,40,1,2,1,726,929,8,1,5,47,0,0,0,0,0
201900001507,19,10,6,1614,5,3,5,4,4899617,-78792,1,3,45,3,3,2,623,187,7,7,1,34,0,0,0,0,0
201900001508,19,9,9,484,2,5,5,6,4437243,-269063,9,2,51,2,4,3,462,234,3,1,5,70,0,0,0,0,0
201900001509,19,11,26,289,4,7,7,2,4775653,164641,3,1,10,2,3,2,618,301,2,2,1,55,0,0,0,0,0
201900001510,19,4,3,72,2,3,5,7,4561633,281397,7,4,1,3,2,1,394,74,5,7,5,8,0,0,0,0,0
201900001511,19,6,4,335,1,6,9,7,4845488,237668,9,1,1,2,4,1,276,516,1,7,4,3,0,0,0,0,0
201900001512,19,8,18,1085,2,1,4,3,4708213,208534,2,1,44,3,3,2,686,481,3,1,2,54,0,0,0,0,0
201900001513,19,6,22,170,5,7,5,7,4858910,380623,5,1,10,1,4,1,708,349,5,5,3,4,0,0,0,0,0
201900001514,19,8,17,556,3,2,6,5,4544726,-63550,1,2,39,3,2,1,771,27,6,4,4,26,0,0,0,0,0
201900001515,19,9,9,1765,5,3,3,6,4520366,-79448,8,1,22,3,1,2,643,721,3,1,1,24,0,0,0,0,0
201900001516,19,5,2,313,3,8,6,2,4630783,-139808,8,3,7,3,2,4,16,344,9,6,2,60,0,0,0,0,0
201900001517,19,6,24,457,2,9,8,1,4985822,-3290,1,2,23,1,3,2,768,370,4,1,5,6,0,0,0,0,0
201900001518,19,5,26,714,3,6,9,4,4666922,484545,7,4,47,2,4,1,829,707,7,1,3,71,0,0,0,0,0
201900001519,19,5,14,1718,4,4,7,3,4940824,212056,2,2,46,3,1,4,686,211,8,5,5,60,0,0,0,0,0
201900001520,19,5,13,839,2,8,4,7,4722972,559141,7,1,16,3,4,2,387,165,8,3,4,93,0,0,0,0,0
201900001521,19,11,25,514,2,3,6,2,4484456,-291782,2,3,7,1,1,3,530,687,7,7,2,32,0,0,0,0,0
201900001522,19,3,26,1104,5,6,2,1,4574627,44433,5,4,33,3,3,4,269,62,1,5,1,28,0,0,0,0,0
201900001523,19,9,17,1977,5,1,8,3,4914366,-32129,7,1,29,2,3,4,800,629,5,4,2,2,0,0,0,0,0
201900001524,19,2,19,1863,5,5,4,6,4602146,513815,4,1,16,1,4,3,322,36,3,4,1,42,0,0,0,0,0
201900001525,19,3,7,485,4,7,3,5,4971914,-185284,3,4,42,1,3,2,486,108,3,7,5,2,0,0,0,0,0
201900001526,19,4,13,2316,3,8,8,1,4790049,9920,8,1,31,3,4,4,669,33,3,2,4,34,0,0,0,0,0
201900001527,19,12,28,952,4,2,9,4,4634197,257544,7,3,18,2,1,3,39,545,8,5,3,33,0,0,0,0,0
201900001528,19,10,25,1548,3,3,7,1,4666763,-49583,9,4,2,2,4,2,162,585,6,3,4,12,0,0,0,0,0
201900001529,19,6,20,650,5,8,8,3,4465813,267195,6,4,34,2,1,1,798,676,8,3,4,41,0,0,0,0,0
201900001530,19,12,13,2157,3,5,9,3,4526644,604398,8,1,14,1,4,3,189,989,8,1,2,93,0,0,0,0,0
201900001531,19,7,13,285,5,8,2,1,4659884,542434,6,1,1,1,3,1,522,135,6,3,4,81,0,0,0,0,0
201900001532,19,10,22,2314,3,4,7,2,4413468,541971,4,4,0,3,1,2,659,521,1,4,2,17,0,0,0,0,0
201900001533,19,12,8,471,2,1,5,3,4501866,180576,6,3,53,1,4,3,631,551,1,4,2,75,0,0,0,0,0
201900001534,19,10,4,474,1,4,6,2,4848867,310515,4,4,44,3,1,4,831,348,9,4,5,56,0,0,0,0,0
201900001535,19,6,10,2358,4,8,5,4,4931245,531456,4,3,25,3,4,3,537,509,5,5,5,11,0,0,0,0,0
201900001536,19,5,14,1365,4,7,5,2,4981780,92139,9,3,23,3,3,1,22,163,7,4,4,67,0,0,0,0,0
201900001537,19,4,3,571,3,8,4,3,4811384,30387,6,4,18,1,3,4,876,408,2,1,4,77,0,0,0,0,0
201900001538,19,4,9,2252,1,9,3,6,4837491,265832,9,1,23,3,2,4,597,518,3,3,5,46,0,0,0,0,0
201900001539,19,10,27,654,3,7,5,1,4701860,212376,5,3,39,3,2,4,130,833,3,4,4,0,0,0,0,0,0
201900001540,19,4,8,652,4,8,4,1,4819941,150768,1,4,9,3,4,4,909,529,1,1,2,44,0,0,0,0,0
201900001541,19,11,25,752,2,8,9,6,4410796,-65285,3,3,43,2,4,3,558,929,2,5,4,48,0,0,0,0,0
201900001542,19,5,26,36,2,6,4,3,4639014,-174133,4,4,42,3,4,1,251,744,3,6,3,57,0,0,0,0,0
201900001543,19,8,16,1244,5,3,3,5,4940284,-257286,5,4,43,2,1,4,441,218,4,5,4,2,0,0,0,0,0
201900001544,19,7,11,1884,3,8,2,1,4880138,-316865,1,3,31,3,4,2,537,753,7,2,5,86,0,0,0,0,0
201900001545,19,6,22,1682,3,9,6,2,4497984,-394362,9,1,30,1,4,4,590,683,6,4,5,41,0,0,0,0,0
201900001546,19,11,4,2326,5,5,9,4,4850861,195163,7,4,23,1,4,4,435,574,5,6,4,58,0,0,0,0,0
201900001547,19,7,26,670,5,1,3,7,4957149,295629,7,2,2,1,2,2,430,992,6,4,2,75,0,0,0,0,0
201900001548,19,6,22,15,3,3,9,2,4704237,110634,4,2,28,2,4,2,876,301,2,4,5,12,0,0,0,0,0
201900001549,19,5,26,1715,2,8,7,6,4544837,562716,6,1,48,3,3,3,626,160,2,6,2,24,0,0,0,0,0
201900001550,19,3,28,2161,5,2,2,2,4750319,-376699,4,4,6,2,4,2,774,835,8,5,3,55,0,0,0,0,0
201900001551,19,5,11,1773,3,8,5,1,4894055,146609,3,4,45,1,2,2,670,456,3,4,1,35,0,0,0,0,0
201900001552,19,9,16,1744,5,5,8,1,4566112,221890,4,3,35,1,1,1,204,145,8,5,4,47,0,0,0,0,0
201900001553,19,10,20,308,3,1,7,2,4903853,-333099,6,3,29,1,3,4,379,683,5,1,3,60,0,0,0,0,0
201900001554,19,3,25,2107,2,1,2,7,4625285,-174283,9,3,13,1,3,1,569,565,3,1,5,86,0,0,0,0,0
201900001555,19,6,6,1944,4,7,4,2,4618917,-58972,9,4,30,3,2,4,610,401,8,3,1,1,0,0,0,0,0
201900001556,19,12,1,1125,2,6,6,2,4991921,623940,4,1,23,3,4,1,727,834,4,4,1,61,0,0,0,0,0
201900001557,19,8,18,1019,3,3,9,1,4578126,461144,4,2,10,1,2,4,250,490,4,1,5,31,0,0,0,0,0
201900001558,19,7,21,2033,3,6,1,3,4678637,-44885,1,1,44,1,2,4,902,593,4,4,1,35,0,0,0,0,0
201900001559,19,9,24,1257,3,8,8,2,4796055,50789,4,4,3,1,3,1,770,213,6,5,2,92,0,0,0,0,0
201900001560,19,11,12,1917,3,7,3,5,4637983,628922,9,4,10,3,4,3,396,167,4,6,3,52,0,0,0,0,0
201900001561,19,4,25,2058,1,2,2,5,4537900,303578,7,2,34,3,1,3,913,903,4,5,1,31,0,0,0,0,0
201900001562,19,3,12,1108,2,6,7,2,4988734,-101580,6,1,15,1,2,3,177,616,9,1,3,43,0,0,0,0,0
201900001563,19,11,4,1288,1,8,1,4,4882256,-385910,1,3,49,2,1,4,847,81,5,2,1,28,0,0,0,0,0
201900001564,19,7,14,2312,3,6,2,5,4540255,592108,4,1,34,3,2,3,302,582,7,2,4,3,0,0,0,0,0
201900001565,19,12,25,1732,2,7,4,2,4601593,684514,8,3,40,3,1,1,702,192,8,6,2,25,0,0,0,0,0
201900001566,19,1,12,1190,1,5,1,1,4828067,325817,8,4,33,2,2,2,6,863,7,6,5,74,0,0,0,0,0
201900001567,19,3,22,1386,5,1,9,4,4797353,471356,3,1,7,2,2,3,79,582,7,4,2,74,0,0,0,0,0
201900001568,19,11,15,667,3,9,6,3,4480095,-18965,2,1,3,3,4,3,779,595,2,5,5,70,0,0,0,0,0
201900001569,19,6,26,2105,4,4,2,7,4943519,665377,2,4,16,1,2,1,103,918,4,3,1,22,0,0,0,0,0
201900001570,19,10,20,57,5,2,6,3,4480548,608637,2,2,37,2,1,2,680,371,1,7,1,46,0,0,0,0,0
201900001571,19,8,13,2233,3,9,8,7,4758155,69272,7,1,33,1,4,1,439,372,1,4,4,89,0,0,0,0,0
201900001572,19,6,13,1139,3,9,3,6,4890723,-152739,2,4,43,2,4,2,736,42,2,1,3,6,0,0,0,0,0
201900001573,19,7,17,1808,4,1,7,4,4602797,-367996,4,1,6,2,3,1,274,628,1,3,5,93,0,0,0,0,0
201900001574,19,7,12,2272,2,3,3,7,4488450,416192,7,3,40,1,2,2,416,418,8,1,5,67,0,0,0,0,0
201900001575,19,4,24,2188,4,8,6,7,4863873,-388537,8,4,46,1,3,4,353,889,4,5,1,93,0,0,0,0,0
201900001576,19,6,14,1588,3,2,1,7,4498011,184707,1,1,13,3,3,1,496,842,6,7,2,20,0,0,0,0,0
201900001577,19,12,9,2339,5,2,7,6,4661019,169841,5,1,24,3,4,4,555,29,4,2,5,1,0,0,0,0,0
201900001578,19,2,13,1622,1,5,2,6,4886650,58011,9,1,35,1,1,3,15,259,8,1,5,46,0,0,0,0,0
201900001579,19,5,18,263,4,7,1,6,4487498,257967,1,3,46,2,1,1,294,483,1,7,5,0,0,0,0,0,0
201900001580,19,5,23,323,3,2,7,4,4904119,669426,1,4,17,3,4,1,727,663,1,5,5,35,0,0,0,0,0
201900001581,19,3,26,2012,3,3,5,3,4932165,326735,6,2,49,3,4,1,317,94,2,4,1,38,0,0,0,0,0
201900001582,19,7,23,224,3,3,5,7,4517287,-111042,8,1,12,2,2,2,47,932,5,3,1,41,0,0,0,0,0