Num_Acc,an,mois,jour,hrmn,lum,int,atm,col,lat,long,catr,circ,nbv,vosp,prof,plan,lartpc,larrout,surf,infra,situ,env1,unscathed,killed,hospital,light,chance
201900001583,19,10,12,2239,2,7,9,3,4913744,-291219,8,1,18,3,3,4,507,49,4,2,5,74,0,0,0,0,0
201900001584,19,4,1,619,1,7,2,5,4551877,413765,7,2,18,3,2,4,552,469,7,7,4,92,0,0,0,0,0
201900001585,19,7,18,115,5,8,3,6,4882047,99665,7,4,0,1,1,2,565,669,6,1,4,76,0,0,0,0,0
201900001586,19,4,18,2223,1,8,5,1,4638066,366434,6,3,53,3,2,1,397,123,5,6,2,76,0,0,0,0,0
201900001587,19,11,10,1312,1,3,7,7,4852132,-361633,1,1,41,2,3,3,710,658,7,7,1,91,0,0,0,0,0
201900001588,19,10,2,1181,2,2,6,5,4427289,602917,4,2,31,2,4,2,135,464,7,7,2,74,0,0,0,0,0
201900001589,19,6,25,1094,1,8,3,6,4762925,670878,5,4,23,3,4,2,47,289,1,6,5,76,0,0,0,0,0
201900001590,19,2,12,726,2,7,7,4,4681366,219128,2,1,11,1,4,2,513,874,5,7,4,31,0,0,0,0,0
201900001591,19,5,26,1304,4,3,5,7,4974723,95772,7,3,39,1,4,3,894,744,1,3,4,77,0,0,0,0,0
201900001592,19,3,13,1795,5,2,3,4,4408621,-168742,8,1,31,1,4,4,317,939,6,5,1,9,0,0,0,0,0
201900001593,19,12,5,273,2,6,9,4,4466226,-320128,4,3,24,1,4,2,346,174,2,7,2,11,0,0,0,0,0
201900001594,19,11,3,363,5,3,3,2,4628122,622588,3,2,33,1,3,3,670,514,9,6,4,82,0,0,0,0,0
201900001595,19,1,23,75,3,5,5,5,4514421,-339497,6,1,52,3,1,1,134,822,3,1,1,84,0,0,0,0,0
201900001596,19,6,12,1285,5,9,9,5,4759884,-338744,3,3,22,1,2,2,913,958,9,6,3,11,0,0,0,0,0
201900001597,19,10,10,235,1,1,7,5,4436772,-195397,1,2,31,1,3,2,101,325,6,7,3,40,0,0,0,0,0
201900001598,19,11,14,1447,4,9,4,1,4408734,525352,4,3,7,1,2,4,369,15,2,4,4,25,0,0,0,0,0
201900001599,19,7,19,578,2,1,1,3,4411942,309510,8,1,19,1,1,3,118,643,7,4,2,30,0,0,0,0,0
201900001600,19,7,2,498,5,7,5,7,4802137,449305,9,2,50,1,1,3,819,848,7,4,1,19,0,0,0,0,0
201900001601,19,3,28,1417,2,3,1,5,4872614,682111,1,2,51,1,4,3,9,107,8,2,3,76,0,0,0,0,0
201900001602,19,9,16,1391,1,9,1,1,4837658,393065,4,2,5,3,1,4,759,158,7,6,3,44,0,0,0,0,0
201900001603,19,9,11,636,2,2,7,4,4966076,2967,3,3,30,3,4,2,895,519,1,3,3,69,0,0,0,0,0
201900001604,19,11,11,966,2,6,8,3,4946001,2919,2,3,11,3,3,4,200,603,3,7,2,72,0,0,0,0,0
201900001605,19,8,22,352,2,8,5,5,4558580,82188,9,4,21,2,2,2,365,628,7,5,3,65,0,0,0,0,0
201900001606,19,10,5,189,5,9,7,1,4825838,460159,3,4,8,2,1,4,297,452,7,1,1,65,0,0,0,0,0
201900001607,19,11,22,1681,5,6,2,7,4708963,-304434,6,4,42,2,1,3,168,530,7,6,2,47,0,0,0,0,0
201900001608,19,2,27,1473,4,9,3,3,4719359,-257432,6,4,4,1,2,2,855,329,3,4,3,55,0,0,0,0,0
201900001609,19,1,12,2353,1,5,2,6,4870187,-284841,5,3,45,1,2,2,805,193,6,3,4,6,0,0,0,0,0
201900001610,19,12,14,659,1,1,1,6,4922065,-306374,8,4,18,2,2,1,238,752,2,3,1,15,0,0,0,0,0
201900001611,19,9,16,1062,3,5,3,6,4662805,448648,1,1,21,1,1,2,161,713,7,1,1,52,0,0,0,0,0
201900001612,19,5,9,477,4,2,5,7,4930103,212616,3,1,9,1,3,2,264,964,5,7,2,67,0,0,0,0,0
201900001613,19,8,21,638,2,3,7,7,4425054,-382098,8,4,25,3,3,2,57,569,6,3,1,24,0,0,0,0,0
201900001614,19,8,15,1104,2,9,9,1,4906030,-151916,8,4,44,1,4,2,635,275,3,3,3,12,0,0,0,0,0
201900001615,19,8,22,1092,1,9,7,3,4977802,-368855,6,4,44,3,1,1,49,588,1,7,2,85,0,0,0,0,0
201900001616,19,11,9,187,2,5,8,7,4450289,234355,1,2,5,3,4,4,402,979,1,7,3,35,0,0,0,0,0
201900001617,19,4,22,1814,3,6,1,3,4953064,551340,2,4,32,2,1,3,392,451,2,4,5,71,0,0,0,0,0
201900001618,19,9,16,850,1,2,8,6,4991029,494667,6,3,23,3,1,2,56,242,2,5,1,38,0,0,0,0,0
201900001619,19,5,27,953,3,6,6,4,4909175,30504,5,4,5,1,1,1,767,134,8,4,5,28,0,0,0,0,0
201900001620,19,12,5,1461,5,9,9,3,4426488,-398574,2,1,34,1,1,3,390,102,2,3,1,7,0,0,0,0,0
201900001621,19,4,14,1282,2,4,8,3,4948635,44678,9,4,43,2,3,1,751,401,5,6,2,17,0,0,0,0,0
201900001622,19,7,1,278,3,3,5,7,4483014,-57870,2,3,40,2,1,1,843,389,2,4,4,75,0,0,0,0,0
201900001623,19,5,23,235,2,1,5,1,4639768,-242650,5,1,41,3,1,3,324,775,1,1,1,97,0,0,0,0,0
201900001624,19,9,3,1583,3,9,2,4,4605152,-351789,8,1,10,2,2,4,488,567,5,5,4,71,0,0,0,0,0
201900001625,19,2,19,34,5,3,9,7,4716096,603764,3,2,32,3,4,4,620,740,9,2,4,52,0,0,0,0,0
201900001626,19,11,28,1257,2,8,9,2,4756384,547026,3,3,44,1,3,4,752,570,9,6,3,68,0,0,0,0,0
201900001627,19,6,22,1816,1,8,2,5,4640723,88328,1,4,9,3,4,3,404,119,8,1,1,94,0,0,0,0,0
201900001628,19,2,25,713,3,3,3,1,4698809,-302179,6,4,39,1,4,2,631,281,1,4,4,20,0,0,0,0,0
201900001629,19,4,14,1731,4,1,3,3,4846131,412322,9,2,25,2,1,2,93,604,9,5,4,21,0,0,0,0,0
201900001630,19,10,4,813,4,3,1,7,4537159,58088,9,2,8,1,1,4,728,225,7,7,4,90,0,0,0,0,0
201900001631,19,3,26,772,5,5,4,6,4626642,-105081,5,4,28,3,3,1,572,659,7,2,5,60,0,0,0,0,0
201900001632,19,8,23,368,1,4,8,4,4450983,-281077,7,1,32,3,2,4,37,197,2,1,4,45,0,0,0,0,0
201900001633,19,6,25,2271,2,8,2,4,4405277,-168454,4,4,8,2,3,2,749,547,5,4,1,1,0,0,0,0,0
201900001634,19,7,25,873,2,8,9,5,4521221,591236,5,2,5,2,4,4,794,446,1,4,3,85,0,0,0,0,0
201900001635,19,11,12,1199,2,8,9,7,4472828,152674,1,4,3,1,2,1,871,884,2,2,3,49,0,0,0,0,0
201900001636,19,4,2,621,5,1,7,5,4874085,-339019,5,4,5,2,3,4,808,168,6,7,2,73,0,0,0,0,0
201900001637,19,12,28,2006,3,8,4,3,4900611,-131545,1,2,37,2,2,2,765,915,5,2,2,11,0,0,0,0,0
201900001638,19,3,27,1920,4,2,4,3,4687370,607048,9,3,1,2,1,3,449,784,8,4,4,58,0,0,0,0,0
201900001639,19,4,15,912,5,5,4,2,4592730,533442,9,3,43,3,2,1,834,681,6,4,5,51,0,0,0,0,0
201900001640,19,1,4,1011,3,7,7,3,4769514,502677,1,1,28,1,2,1,168,557,1,5,3,4,0,0,0,0,0
201900001641,19,1,5,1578,3,9,6,2,4995072,379295,4,4,48,2,1,2,212,692,3,7,4,29,0,0,0,0,0
201900001642,19,5,13,2122,3,4,8,4,4643921,-116889,4,4,31,3,3,2,773,793,3,6,2,78,0,0,0,0,0
201900001643,19,10,17,1181,3,6,7,3,4951327,-58042,5,1,3,1,1,3,389,579,2,1,4,97,0,0,0,0,0
201900001644,19,5,13,1252,1,7,4,3,4521172,232853,4,3,27,2,1,3,514,130,2,6,5,85,0,0,0,0,0
201900001645,19,9,3,1186,2,9,6,6,4917360,233364,4,3,36,2,2,2,674,643,7,2,2,9,0,0,0,0,0
201900001646,19,11,10,2245,2,4,9,5,4499250,-238725,2,3,20,2,4,3,195,256,4,1,3,2,0,0,0,0,0
201900001647,19,4,17,1554,1,3,8,4,4482754,642416,5,1,23,1,2,3,731,510,1,7,1,32,0,0,0,0,0
201900001648,19,5,28,464,2,3,5,3,4898259,65373,1,3,9,3,4,2,679,479,1,4,4,21,0,0,0,0,0
201900001649,19,6,15,319,1,5,8,5,4649449,668467,2,4,23,3,2,1,26,24,3,5,1,91,0,0,0,0,0
201900001650,19,12,4,1272,4,8,5,2,4875367,-228280,6,2,34,3,1,3,386,208,7,5,2,4,0,0,0,0,0
201900001651,19,8,10,1591,2,6,4,3,4487764,-150128,5,3,19,2,3,3,248,473,3,1,4,16,0,0,0,0,0
201900001652,19,7,11,446,3,1,2,1,4646203,320093,6,3,2,1,4,1,855,550,3,3,1,49,0,0,0,0,0
201900001653,19,12,11,2295,1,6,7,3,4940198,221914,2,2,41,1,4,1,525,461,4,6,2,20,0,0,0,0,0
201900001654,19,12,14,449,5,1,3,6,4410725,690112,5,1,50,1,2,4,580,5,4,3,2,26,0,0,0,0,0
201900001655,19,2,25,707,5,3,6,1,4882104,564703,2,2,40,1,2,2,418,629,3,5,1,43,0,0,0,0,0
201900001656,19,7,20,1530,2,7,5,4,4582279,-184393,9,2,21,1,2,2,249,487,6,3,5,53,0,0,0,0,0
201900001657,19,10,2,782,3,5,2,1,4414718,373125,8,4,8,2,2,1,654,43,3,1,1,93,0,0,0,0,0
201900001658,19,2,26,1451,3,4,8,5,4514012,558030,4,3,13,2,4,2,308,265,2,1,1,79,0,0,0,0,0
201900001659,19,6,13,1751,4,2,9,6,4923939,-170952,4,1,17,1,2,2,628,841,1,5,5,74,0,0,0,0,0
201900001660,19,6,24,673,5,2,4,6,4983449,146935,2,4,43,1,3,3,798,754,2,6,4,18,0,0,0,0,0
201900001661,19,1,5,364,3,7,6,4,4417198,-327534,3,1,11,1,3,1,523,832,1,2,4,82,0,0,0,0,0
201900001662,19,12,10,1801,2,2,6,3,4738430,500934,7,4,32,1,1,4,908,352,6,3,5,20,0,0,0,0,0
201900001663,19,7,22,1502,3,1,3,2,4512292,311443,6,1,21,3,3,1,876,972,8,6,3,20,0,0,0,0,0
201900001664,19,1,21,1501,5,9,5,2,4897320,-115789,9,3,38,1,2,2,634,979,7,1,2,84,0,0,0,0,0
201900001665,19,9,28,614,2,4,9,2,4875877,-11617,3,4,28,1,3,2,717,214,8,4,1,47,0,0,0,0,0
201900001666,19,5,5,858,4,9,6,3,4488409,291808,9,3,13,2,1,3,788,473,4,1,1,58,0,0,0,0,0
201900001667,19,11,23,1839,4,4,4,7,4787534,36097,7,4,7,1,1,2,527,36,9,5,2,78,0,0,0,0,0
201900001668,19,9,20,17,4,3,9,5,4550746,-336756,7,3,43,1,2,1,885,304,8,1,1,0,0,0,0,0,0
201900001669,19,4,9,1827,1,5,2,2,4845871,-250319,9,3,16,2,1,3,169,469,7,7,1,53,0,0,0,0,0
201900001670,19,9,6,2127,2,4,1,5,4641374,-64667,3,2,21,1,2,2,666,871,5,3,2,44,0,0,0,0,0
201900001671,19,3,24,964,4,1,6,4,4662584,674064,7,4,14,1,3,4,760,343,6,6,3,31,0,0,0,0,0
201900001672,19,4,13,705,5,3,1,5,4424911,20415,2,1,29,1,2,3,120,208,5,5,5,46,0,0,0,0,0
201900001673,19,1,28,1796,3,3,2,1,4738223,501546,4,1,26,3,4,3,43,549,1,7,3,78,0,0,0,0,0
201900001674,19,1,13,766,2,4,5,1,4571831,336829,6,2,3,2,2,1,370,867,9,6,2,84,0,0,0,0,0
201900001675,19,3,9,575,1,4,5,6,4815921,446911,8,3,31,1,2,1,818,958,2,7,1,39,0,0,0,0,0
201900001676,19,8,27,1935,2,5,4,7,4998450,-298825,3,1,52,1,4,1,393,306,4,4,3,93,0,0,0,0,0
201900001677,19,4,7,1844,2,3,7,3,4776972,367579,1,1,14,2,3,1,818,482,2,6,4,14,0,0,0,0,0
201900001678,19,12,10,1303,2,4,6,6,4880327,587622,2,3,49,2,1,4,848,30,7,3,1,5,0,0,0,0,0
201900001679,19,5,28,2299,3,5,4,4,4447726,44645,7,4,13,3,4,1,395,457,9,4,5,63,0,0,0,0,0
201900001680,19,9,1,499,4,8,4,1,4647613,-311246,5,2,17,1,4,1,423,617,5,3,3,5,0,0,0,0,0
201900001681,19,4,25,1215,3,7,4,4,4516742,-59652,4,1,8,3,2,3,614,696,6,6,3,98,0,0,0,0,0
201900001682,19,8,26,1893,1,2,9,3,4770443,34114,9,4,9,1,2,1,854,52,4,3,4,56,0,0,0,0,0
201900001683,19,3,18,1034,5,1,7,4,4404645,266235,6,1,8,3,4,3,673,421,9,6,5,52,0,0,0,0,0
201900001684,19,10,9,858,4,5,5,7,4812454,439138,1,2,15,2,4,1,665,762,6,4,3,79,0,0,0,0,0
201900001685,19,9,18,2330,2,1,2,7,4488594,49145,5,2,24,1,1,4,506,38,1,4,4,43,0,0,0,0,0
201900001686,19,2,24,2014,2,1,3,7,4424159,574959,7,3,17,2,4,3,20,852,4,2,2,9,0,0,0,0,0
201900001687,19,7,2,1195,2,1,8,2,4795554,-113960,2,1,24,2,3,3,121,76,3,2,5,69,0,0,0,0,0
201900001688,19,12,26,1877,5,3,2,4,4519794,201477,8,1,36,2,2,4,32,60,2,2,3,26,0,0,0,0,0
201900001689,19,1,20,886,4,8,9,1,4626386,81268,9,1,19,1,3,1,276,23,6,6,2,37,0,0,0,0,0
201900001690,19,11,6,628,5,3,3,1,4808214,-102703,4,4,9,1,3,2,239,535,1,3,3,86,0,0,0,0,0
201900001691,19,7,28,23,2,8,8,2,4499132,632676,6,1,49,1,2,3,572,336,5,7,4,28,0,0,0,0,0
201900001692,19,1,6,1610,4,6,4,7,4405205,634839,3,1,34,1,4,4,354,769,2,3,2,3,0,0,0,0,0
201900001693,19,10,7,2273,2,5,4,1,4939073,-139186,6,4,53,3,1,1,689,931,1,3,4,94,0,0,0,0,0
201900001694,19,5,8,1377,2,7,3,5,4930155,68264,4,4,33,1,1,3,244,513,7,3,3,49,0,0,0,0,0
201900001695,19,10,15,2312,3,2,7,3,4593758,-138760,1,2,48,3,4,1,502,431,6,5,5,56,0,0,0,0,0
201900001696,19,7,1,1565,3,1,8,5,4907165,123351,6,2,32,1,4,1,492,754,9,5,5,6,0,0,0,0,0
201900001697,19,4,14,2222,2,8,1,2,4580047,36780,1,2,3,1,1,3,390,748,4,3,1,53,0,0,0,0,0
201900001698,19,6,25,323,4,9,5,2,4817037,-240730,1,4,22,1,1,1,165,898,4,4,5,47,0,0,0,0,0
201900001699,19,11,11,509,4,9,7,5,4828978,194020,8,4,34,2,2,3,67,990,3,2,2,51,0,0,0,0,0
201900001700,19,5,22,874,1,7,9,7,4406976,610470,5,3,11,1,2,3,147,253,2,2,4,67,0,0,0,0,0
201900001701,19,12,22,692,3,5,9,6,4930073,-71663,3,3,0,3,4,2,747,353,4,5,1,89,0,0,0,0,0
201900001702,19,12,17,232,4,3,4,2,4855153,372711,1,4,23,3,3,2,746,438,2,4,1,92,0,0,0,0,0
201900001703,19,1,15,135,2,6,5,5,4719917,84660,9,3,42,1,2,3,325,611,7,4,5,19,0,0,0,0,0
201900001704,19,10,4,1058,3,7,5,3,4692205,438513,7,2,29,3,4,3,480,236,4,6,2,31,0,0,0,0,0
201900001705,19,12,23,1104,2,1,3,4,4774053,-27671,1,4,18,1,3,1,584,578,5,4,3,33,0,0,0,0,0
201900001706,19,4,23,1790,5,1,4,7,4557799,-134339,1,4,17,3,2,2,392,272,5,4,5,34,0,0,0,0,0
201900001707,19,2,15,1757,4,4,1,7,4973305,366987,3,2,33,1,4,2,201,94,3,4,5,92,0,0,0,0,0
201900001708,19,5,19,25,1,4,3,5,4450709,557611,1,1,32,1,4,2,336,649,1,7,1,42,0,0,0,0,0
201900001709,19,9,2,2208,1,7,5,5,4450566,170906,6,1,43,2,4,3,604,747,9,7,5,29,0,0,0,0,0
201900001710,19,4,6,2259,2,9,6,6,4733506,140448,6,2,4,2,3,2,251,248,6,5,1,22,0,0,0,0,0
201900001711,19,6,5,642,3,4,8,7,4646328,574180,1,4,27,2,3,2,315,512,8,1,4,15,0,0,0,0,0
201900001712,19,11,25,1168,4,8,9,7,4415648,4736,7,2,46,3,2,4,821,485,5,3,4,66,0,0,0,0,0
201900001713,19,5,14,309,4,6,9,4,4714823,-206650,3,1,22,1,1,1,463,426,4,6,1,46,0,0,0,0,0
201900001714,19,9,17,2261,2,8,4,1,4402586,27312,1,1,35,1,2,3,385,66,7,6,2,30,0,0,0,0,0
201900001715,19,2,4,1151,2,9,4,4,4544761,-251034,3,4,30,3,2,4,324,322,8,5,4,72,0,0,0,0,0
201900001716,19,1,5,1927,1,2,4,5,4885821,128225,2,3,29,2,1,4,257,199,2,6,5,2,0,0,0,0,0
201900001717,19,11,8,2028,3,7,1,1,4513956,-398152,2,1,7,3,2,1,331,201,5,5,2,68,0,0,0,0,0
201900001718,19,5,26,768,5,8,9,7,4709079,692569,9,2,50,3,1,2,337,599,1,6,4,2,0,0,0,0,0
201900001719,19,5,25,1788,4,8,4,3,4964212,69882,6,2,13,2,3,4,883,460,5,3,2,76,0,0,0,0,0
201900001720,19,10,17,2309,2,1,6,7,4620772,-315884,5,4,45,3,2,4,843,604,2,2,1,48,0,0,0,0,0
201900001721,19,6,15,997,1,3,8,1,4646149,394761,3,3,24,3,1,3,234,782,5,1,4,94,0,0,0,0,0
201900001722,19,11,5,2000,1,4,6,7,4590624,48913,2,1,18,1,3,3,824,800,8,5,5,36,0,0,0,0,0
201900001723,19,9,5,1020,4,8,1,6,4644593,-208628,1,3,47,2,4,4,412,322,4,6,4,97,0,0,0,0,0
201900001724,19,8,17,755,5,8,5,6,4945509,-13740,4,2,30,1,1,4,708,177,6,3,2,13,0,0,0,0,0
201900001725,19,7,7,2234,2,6,6,3,4567765,-223945,6,4,48,1,2,2,702,990,4,3,2,82,0,0,0,0,0
201900001726,19,3,22,951,5,3,5,1,4591699,520443,7,4,46,1,4,2,754,454,9,7,1,65,0,0,0,0,0
201900001727,19,9,15,1948,1,1,7,3,4993375,349418,1,4,45,2,3,3,649,699,9,2,5,22,0,0,0,0,0
201900001728,19,2,27,876,5,3,1,5,4531393,662634,8,3,26,3,4,1,420,861,8,2,3,31,0,0,0,0,0
201900001729,19,8,25,362,5,7,2,5,4479726,379536,1,3,25,1,4,2,312,115,1,3,3,97,0,0,0,0,0
201900001730,19,11,19,459,5,8,2,4,4632083,502726,4,1,38,3,4,3,430,924,9,1,2,18,0,0,0,0,0
201900001731,19,2,20,660,5,5,8,6,4419532,105256,5,1,9,2,1,3,211,880,9,2,1,4,0,0,0,0,0
201900001732,19,10,18,1631,3,5,6,5,4524864,-81167,8,4,46,2,4,4,304,25,8,3,1,70,0,0,0,0,0
201900001733,19,1,27,2045,4,1,1,7,4784236,-158095,5,1,50,1,2,1,183,428,7,6,1,40,0,0,0,0,0
201900001734,19,11,13,372,3,1,6,2,4565756,-23034,3,2,31,2,1,4,246,276,6,6,3,33,0,0,0,0,0
201900001735,19,3,21,954,4,4,8,3,4584048,210290,4,3,40,1,1,1,509,850,6,3,5,84,0,0,0,0,0
201900001736,19,6,8,1332,5,3,8,2,4483956,212691,8,3,12,1,1,2,480,244,7,7,3,27,0,0,0,0,0
201900001737,19,5,17,1993,2,2,7,1,4941944,-334170,8,1,35,3,1,1,834,10,1,4,2,24,0,0,0,0,0
201900001738,19,11,21,1103,1,9,6,1,4682304,81220,4,3,27,1,1,1,409,174,4,5,5,58,0,0,0,0,0
201900001739,19,12,25,1067,1,7,3,2,4514693,-198315,2,1,36,1,1,2,869,288,1,5,5,67,0,0,0,0,0
201900001740,19,8,5,565,2,9,4,4,4803344,226755,3,1,2,2,2,1,888,197,6,2,4,88,0,0,0,0,0
201900001741,19,10,8,859,5,2,3,4,4538968,-154134,5,1,12,1,3,3,98,445,3,7,3,66,0,0,0,0,0
201900001742,19,8,6,1226,2,1,1,2,4401660,93928,8,4,6,2,4,2,267,903,5,4,1,35,0,0,0,0,0
201900001743,19,5,5,918,2,5,1,3,4536175,459900,2,2,51,3,2,3,37,457,8,6,5,59,0,0,0,0,0
201900001744,19,3,26,180,2,8,1,7,4854834,520656,5,2,49,3,4,1,475,567,3,1,1,31,0,0,0,0,0
201900001745,19,8,25,40,3,8,1,6,4597160,-325885,9,4,50,1,4,4,404,939,8,3,5,39,0,0,0,0,0
201900001746,19,8,22,1401,5,1,6,1,4537621,522587,8,2,29,3,1,2,478,146,6,5,1,87,0,0,0,0,0
201900001747,19,7,5,1908,1,5,9,7,4488320,217054,1,1,50,1,3,4,186,371,6,7,4,41,0,0,0,0,0
201900001748,19,3,6,1418,1,9,9,7,4689712,524620,3,2,51,2,1,2,655,644,2,6,2,42,0,0,0,0,0
201900001749,19,12,10,1186,5,4,2,6,4493085,-359562,8,4,50,3,2,1,846,284,7,2,2,37,0,0,0,0,0
201900001750,19,7,8,1422,1,2,2,7,4570088,-109986,3,2,11,2,1,1,875,308,7,7,5,74,0,0,0,0,0
201900001751,19,1,27,851,5,4,3,5,4720399,-212220,4,3,47,1,4,1,133,403,2,4,4,5,0,0,0,0,0
201900001752,19,8,28,1305,2,9,5,1,4687250,675174,2,4,40,3,4,2,96,185,1,6,4,52,0,0,0,0,0
201900001753,19,12,22,1714,4,9,9,2,4511883,206422,6,3,32,2,3,1,367,838,1,4,4,73,0,0,0,0,0
201900001754,19,12,27,248,4,4,5,1,4623410,248346,9,4,30,1,3,1,237,9,3,2,2,37,0,0,0,0,0
201900001755,19,12,19,56,4,3,3,4,4784078,-124511,3,4,45,1,1,3,317,239,1,4,5,74,0,0,0,0,0
201900001756,19,11,18,368,2,4,1,3,4506142,33167,5,1,25,1,3,3,846,936,3,6,2,7,0,0,0,0,0
201900001757,19,1,27,772,1,4,5,3,4812400,45005,4,3,10,1,2,4,906,786,8,4,3,17,0,0,0,0,0
201900001758,19,11,11,680,1,8,6,4,4861893,512553,1,1,39,1,2,1,754,634,4,3,4,8,0,0,0,0,0
201900001759,19,1,6,843,1,1,5,2,4697568,-5782,4,1,35,1,4,1,30,806,5,7,2,3,0,0,0,0,0
201900001760,19,7,22,2265,4,3,4,5,4931090,275536,5,4,15,1,3,3,782,832,9,6,1,37,0,0,0,0,0
201900001761,19,6,25,590,4,9,6,4,4673411,-53199,5,4,44,1,4,2,301,2,2,1,4,5,0,0,0,0,0
201900001762,19,10,21,2045,5,5,1,2,4923034,123069,5,1,33,2,3,3,0,295,6,7,3,28,0,0,0,0,0
201900001763,19,9,25,1289,5,7,8,2,4908385,221987,2,2,41,1,3,2,161,727,7,6,4,66,0,0,0,0,0
201900001764,19,3,3,1322,5,8,4,3,4739528,439062,6,4,19,3,2,1,828,920,2,3,4,65,0,0,0,0,0
201900001765,19,7,3,1547,4,8,7,2,4942001,-272819,7,2,52,1,2,1,891,929,4,1,4,97,0,0,0,0,0
201900001766,19,10,9,2089,4,3,3,5,4702996,-265165,4,4,10,3,3,3,862,568,5,3,5,18,0,0,0,0,0
201900001767,19,10,16,1512,5,3,7,7,4411337,173295,5,4,22,3,2,2,272,703,3,1,4,78,0,0,0,0,0
201900001768,19,3,18,759,1,9,5,2,4612735,-222688,2,2,47,1,4,3,402,232,5,2,5,31,0,0,0,0,0
201900001769,19,11,10,423,4,2,2,1,4441082,695593,5,2,21,2,2,1,501,428,1,1,2,3,0,0,0,0,0
201900001770,19,10,5,1248,1,6,6,7,4578575,574938,8,3,45,1,4,2,884,902,6,1,1,16,0,0,0,0,0
201900001771,19,5,20,781,3,9,9,2,4411353,381855,4,1,42,1,3,3,246,827,2,7,5,64,0,0,0,0,0
201900001772,19,11,24,2032,5,7,2,3,4580594,451552,6,1,18,3,1,1,66,4,9,6,2,87,0,0,0,0,0
201900001773,19,9,28,2147,4,5,2,4,4948504,666922,3,4,12,2,1,2,27,703,4,5,3,37,0,0,0,0,0
201900001774,19,10,9,1724,4,9,1,5,4987793,452409,2,2,28,1,3,4,7,637,4,3,5,52,0,0,0,0,0
201900001775,19,4,3,1090,3,6,6,3,4578763,-204765,3,4,17,2,2,4,209,648,4,3,3,65,0,0,0,0,0
201900001776,19,8,14,7,4,3,2,7,4749564,-367784,8,2,35,1,4,2,911,693,4,1,4,1,0,0,0,0,0
201900001777,19,7,21,209,2,4,4,7,4895624,132966,6,1,35,1,1,3,1,400,4,2,1,59,0,0,0,0,0
201900001778,19,12,14,1476,1,3,9,2,4422787,23384,3,1,21,2,2,4,341,701,5,2,5,14,0,0,0,0,0
201900001779,19,9,18,2288,3,5,7,3,4419424,375137,3,1,34,1,1,1,885,570,8,1,3,75,0,0,0,0,0
201900001780,19,1,12,2155,5,8,4,6,4480494,190791,5,1,50,1,1,1,189,103,8,5,2,71,0,0,0,0,0
201900001781,19,4,28,1622,2,3,9,3,4811089,29831,7,1,8,1,1,3,368,304,9,3,3,36,0,0,0,0,0
201900001782,19,6,21,339,3,1,5,5,4659722,-253660,7,4,45,2,3,2,610,700,2,2,5,72,0,0,0,0,0
201900001783,19,6,13,16,4,9,5,6,4925078,-239237,9,1,49,1,4,4,446,448,4,4,3,36,0,0,0,0,0
201900001784,19,2,20,2301,2,5,8,5,4536802,520697,3,1,44,2,2,4,848,555,3,1,4,58,0,0,0,0,0
201900001785,19,6,16,2125,4,4,5,4,4480502,221565,4,3,32,1,2,2,529,762,8,1,3,44,0,0,0,0,0
201900001786,19,8,21,1524,2,2,4,1,4782549,-141399,4,1,33,3,3,2,361,774,8,6,2,72,0,0,0,0,0
201900001787,19,8,9,582,2,6,9,2,4818227,-34772,7,3,8,3,1,2,739,525,3,5,4,98,0,0,0,0,0
201900001788,19,11,18,2202,1,7,7,1,4792594,-270884,8,4,42,1,3,1,16,181,3,2,5,56,0,0,0,0,0
201900001789,19,7,13,1465,1,2,5,4,4705741,425977,5,1,16,2,2,1,282,362,9,1,2,38,0,0,0,0,0
201900001790,19,7,14,2137,4,5,8,1,4456165,-183475,6,4,39,1,1,1,104,601,1,5,4,19,0,0,0,0,0
201900001791,19,9,28,296,5,5,7,5,4836237,-277059,1,2,12,3,2,2,813,854,6,1,4,88,0,0,0,0,0
201900001792,19,11,12,5,2,8,7,6,4622626,-199383,5,2,12,1,2,4,140,855,5,7,2,80,0,0,0,0,0
201900001793,19,8,26,1692,2,9,8,4,4573087,-160463,6,1,31,2,1,2,317,251,9,4,2,19,0,0,0,0,0
201900001794,19,5,24,1761,1,3,2,6,4790133,364286,8,3,7,2,3,1,765,281,7,7,3,23,0,0,0,0,0
201900001795,19,8,19,2170,2,3,2,6,4844345,38185,9,2,30,2,2,2,108,901,2,4,5,83,0,0,0,0,0
201900001796,19,2,5,96,2,6,4,3,4801324,372138,5,4,44,1,2,2,696,635,9,4,2,69,0,0,0,0,0