Num_Acc,an,mois,jour,hrmn,lum,int,atm,col,lat,long,catr,circ,nbv,vosp,prof,plan,lartpc,larrout,surf,infra,situ,env1,unscathed,killed,hospital,light,chance
201900001797,19,11,28,601,4,4,2,4,4971940,410209,9,2,15,1,1,1,657,568,5,6,1,27,0,0,0,0,0
201900001798,19,1,1,1421,4,8,1,5,4439510,-69868,2,2,34,3,4,4,708,818,6,1,1,75,0,0,0,0,0
201900001799,19,7,2,267,4,6,6,5,4497414,605336,8,2,34,3,2,2,792,960,1,1,3,95,0,0,0,0,0
201900001800,19,11,11,1440,1,9,9,2,4771125,-55970,6,3,34,2,2,4,187,646,5,5,2,60,0,0,0,0,0
201900001801,19,6,12,2238,2,5,6,5,4838153,686317,7,2,11,1,1,3,866,836,1,7,5,73,0,0,0,0,0
201900001802,19,12,24,1077,4,7,3,5,4639369,183583,1,2,46,3,4,3,514,615,3,1,1,84,0,0,0,0,0
201900001803,19,2,14,64,2,6,2,4,4887953,51587,7,4,3,1,4,2,286,163,2,1,3,60,0,0,0,0,0
201900001804,19,2,9,1302,3,3,2,6,4951535,401063,2,2,49,3,4,1,431,692,5,6,2,98,0,0,0,0,0
201900001805,19,10,24,1621,5,8,8,2,4662614,272442,4,1,51,3,3,2,351,258,4,6,1,59,0,0,0,0,0
201900001806,19,4,13,501,4,2,1,7,4879789,674446,2,2,45,3,1,2,729,366,3,1,5,46,0,0,0,0,0
201900001807,19,6,6,2224,4,2,3,2,4947610,36351,2,1,46,2,1,3,336,374,3,2,1,62,0,0,0,0,0
201900001808,19,4,17,1261,1,9,3,7,4995335,307626,8,4,32,2,3,3,130,114,2,2,1,11,0,0,0,0,0
201900001809,19,7,18,1182,5,4,9,2,4611839,267350,5,3,11,1,2,4,322,313,5,2,2,73,0,0,0,0,0
201900001810,19,1,2,595,3,3,8,6,4738591,575957,7,3,8,2,1,2,187,598,7,4,1,16,0,0,0,0,0
201900001811,19,5,7,1429,3,5,6,7,4797938,110181,6,3,48,2,4,2,89,660,4,3,1,60,0,0,0,0,0
201900001812,19,7,25,585,2,7,9,2,4848952,-164754,2,1,16,2,2,4,719,219,7,2,5,83,0,0,0,0,0
201900001813,19,8,19,1407,4,2,2,6,4731261,525690,8,1,45,1,2,4,594,144,2,4,4,42,0,0,0,0,0
201900001814,19,9,21,408,5,2,9,2,4467847,135936,3,1,34,3,1,1,129,869,8,2,3,87,0,0,0,0,0
201900001815,19,8,10,771,2,9,6,5,4822740,330264,9,2,25,2,3,2,410,909,1,1,1,62,0,0,0,0,0
201900001816,19,6,27,1381,4,9,2,5,4903210,439087,4,1,9,3,4,2,16,543,9,6,3,17,0,0,0,0,0
201900001817,19,12,21,2315,1,7,1,1,4688026,91758,6,3,38,3,4,2,302,114,8,5,1,18,0,0,0,0,0
201900001818,19,4,23,1328,3,3,5,2,4890856,9086,8,4,2,2,4,1,710,314,9,5,5,20,0,0,0,0,0
201900001819,19,11,25,589,2,2,8,2,4904516,-367426,7,2,46,2,3,1,181,132,9,4,3,73,0,0,0,0,0
201900001820,19,1,22,455,1,9,8,7,4431720,576008,1,4,39,2,4,4,336,656,9,1,3,42,0,0,0,0,0
201900001821,19,5,25,157,4,9,2,2,4712899,-146900,1,4,48,3,1,3,543,995,8,5,1,56,0,0,0,0,0
201900001822,19,11,13,899,1,3,5,3,4745739,453316,4,2,8,2,1,1,679,803,5,7,4,5,0,0,0,0,0
201900001823,19,8,12,1707,5,1,7,2,4849112,136978,2,3,20,1,3,2,84,566,5,6,1,61,0,0,0,0,0
201900001824,19,11,19,1561,1,9,8,7,4654093,428343,4,4,14,2,4,3,89,54,1,6,4,27,0,0,0,0,0
201900001825,19,9,25,1925,4,9,3,1,4848622,-346810,9,2,18,3,1,4,109,769,3,6,2,88,0,0,0,0,0
201900001826,19,11,13,1813,2,1,1,7,4843312,245348,9,4,28,1,1,4,121,593,3,4,3,96,0,0,0,0,0
201900001827,19,10,12,702,3,4,5,1,4495228,309946,7,2,10,1,1,1,393,547,6,6,1,52,0,0,0,0,0
201900001828,19,10,18,142,3,1,8,3,4734955,-191847,4,3,24,3,3,2,845,88,3,3,1,54,0,0,0,0,0
201900001829,19,11,20,1688,4,2,9,6,4560250,307404,3,2,39,2,2,4,108,164,1,3,5,84,0,0,0,0,0
201900001830,19,11,21,1457,4,7,2,6,4973647,-383436,4,2,34,2,1,1,836,154,2,5,2,12,0,0,0,0,0
201900001831,19,11,26,365,1,3,5,6,4690790,-334434,4,2,42,1,4,2,563,497,3,3,2,66,0,0,0,0,0
201900001832,19,9,17,233,4,6,3,1,4884534,-205557,8,2,50,2,4,3,386,581,1,1,1,75,0,0,0,0,0
201900001833,19,1,13,2210,4,5,3,7,4648473,657886,8,1,1,2,4,3,174,57,3,7,5,73,0,0,0,0,0
201900001834,19,7,7,2110,4,8,5,6,4564793,401223,7,3,8,3,3,2,337,590,9,2,1,13,0,0,0,0,0
201900001835,19,9,3,1231,1,9,7,3,4552085,454855,9,3,38,2,3,1,232,703,8,4,4,74,0,0,0,0,0
201900001836,19,4,10,1272,4,1,8,5,4955963,502234,7,1,53,1,2,1,64,187,3,1,4,96,0,0,0,0,0
201900001837,19,8,19,601,4,2,7,5,4882528,-22851,7,1,30,1,2,3,320,2,9,1,5,22,0,0,0,0,0
201900001838,19,1,25,86,4,6,5,2,4988481,609967,1,3,22,1,1,3,356,389,2,7,5,37,0,0,0,0,0
201900001839,19,3,25,1726,1,5,8,1,4834414,171134,2,3,10,3,2,1,863,132,9,3,4,61,0,0,0,0,0
201900001840,19,8,9,590,1,6,1,4,4789930,-380381,4,4,3,1,3,4,472,218,6,5,4,18,0,0,0,0,0
201900001841,19,9,8,1863,3,2,9,6,4939161,-265404,6,2,49,2,1,2,382,488,7,4,1,73,0,0,0,0,0
201900001842,19,7,16,2225,4,1,9,7,4841138,195072,8,4,47,2,4,3,424,732,8,7,5,4,0,0,0,0,0
201900001843,19,11,16,1325,5,7,3,2,4909328,265173,8,1,34,2,3,2,596,741,6,1,5,80,0,0,0,0,0
201900001844,19,11,24,2051,3,3,6,7,4964234,346101,8,2,30,3,4,1,375,213,5,3,2,53,0,0,0,0,0
201900001845,19,9,18,1006,4,3,3,6,4869286,560069,4,4,41,3,1,3,353,921,9,6,1,61,0,0,0,0,0
201900001846,19,1,21,1720,1,5,3,7,4467530,221108,9,3,25,2,4,3,857,696,4,4,1,54,0,0,0,0,0
201900001847,19,9,1,1916,4,1,9,1,4827325,37696,2,4,12,1,4,3,73,850,5,6,1,78,0,0,0,0,0
201900001848,19,6,15,551,2,3,7,2,4662860,-277801,3,3,6,2,3,1,782,75,6,3,2,83,0,0,0,0,0
201900001849,19,7,27,1052,4,7,3,3,4776518,493640,3,2,21,1,1,4,409,382,1,2,2,15,0,0,0,0,0
201900001850,19,5,7,1636,2,5,3,7,4497938,-16460,1,4,44,3,1,4,636,758,2,6,1,37,0,0,0,0,0
201900001851,19,6,4,1037,5,4,3,3,4606502,-57362,3,3,41,3,4,1,507,316,6,3,5,83,0,0,0,0,0
201900001852,19,7,14,1059,5,6,3,7,4955285,540824,3,2,12,3,4,4,748,358,4,1,5,6,0,0,0,0,0
201900001853,19,3,14,2355,2,5,8,6,4872470,-3213,8,3,50,1,2,4,445,33,2,7,3,70,0,0,0,0,0
201900001854,19,6,4,1573,5,8,6,2,4666539,-43207,6,4,36,3,2,2,113,943,2,4,1,82,0,0,0,0,0
201900001855,19,8,24,1086,4,5,5,5,4925280,540352,3,3,8,1,1,2,430,263,2,2,1,54,0,0,0,0,0
201900001856,19,2,18,2031,1,1,5,6,4916029,-304498,8,3,39,2,1,2,211,39,1,3,2,40,0,0,0,0,0
201900001857,19,1,19,608,3,9,3,5,4572602,301571,8,4,25,2,4,4,113,459,2,2,2,94,0,0,0,0,0
201900001858,19,3,8,315,1,2,3,3,4686720,91660,2,1,43,3,4,1,448,661,9,2,3,28,0,0,0,0,0
201900001859,19,1,7,665,3,3,3,7,4601798,204460,9,4,19,3,1,4,493,145,1,5,3,67,0,0,0,0,0
201900001860,19,4,12,893,5,6,7,1,4561919,43375,4,4,44,3,1,2,118,759,2,3,5,87,0,0,0,0,0
201900001861,19,10,14,1552,5,6,1,6,4459936,-193818,8,1,9,2,1,4,450,407,8,3,1,71,0,0,0,0,0
201900001862,19,10,2,942,4,8,8,2,4686863,229468,1,2,14,2,4,3,471,714,5,2,1,60,0,0,0,0,0
201900001863,19,5,10,1165,3,9,8,1,4557783,-57930,5,4,19,1,2,3,270,924,7,3,2,76,0,0,0,0,0
201900001864,19,11,28,1203,5,6,1,3,4481026,357336,7,1,38,1,3,2,532,528,5,7,5,82,0,0,0,0,0
201900001865,19,6,10,751,3,3,2,6,4576218,-376976,5,3,3,2,1,1,168,735,4,5,4,21,0,0,0,0,0
201900001866,19,6,7,58,1,5,9,4,4988115,699737,1,3,1,2,2,4,550,207,1,1,3,45,0,0,0,0,0
201900001867,19,3,11,121,4,1,4,7,4830372,250024,8,3,39,2,3,2,7,7,6,6,5,23,0,0,0,0,0
201900001868,19,12,26,39,2,4,6,5,4536049,64775,3,2,11,1,2,4,486,229,8,4,5,99,0,0,0,0,0
201900001869,19,10,24,1828,3,5,2,1,4535198,-259540,8,4,38,2,1,3,307,676,4,3,1,54,0,0,0,0,0
201900001870,19,11,9,419,2,8,6,4,4493285,-286365,2,4,18,2,2,2,708,776,1,2,2,10,0,0,0,0,0
201900001871,19,5,9,452,2,6,4,1,4514770,571369,6,4,32,2,1,3,119,630,5,6,5,22,0,0,0,0,0
201900001872,19,7,16,872,2,1,1,6,4732583,-371491,1,1,35,1,1,4,343,238,1,5,1,11,0,0,0,0,0
201900001873,19,9,28,431,5,6,8,2,4942703,-149093,4,2,43,2,4,2,618,537,2,1,2,3,0,0,0,0,0
201900001874,19,6,10,2077,4,8,1,1,4765260,673701,6,3,36,3,1,4,221,137,6,3,5,66,0,0,0,0,0
201900001875,19,10,6,335,2,3,2,5,4643923,403724,4,1,40,3,3,4,803,561,4,3,2,26,0,0,0,0,0
201900001876,19,3,22,282,4,5,8,6,4902746,300634,7,1,20,2,3,1,164,541,4,4,3,15,0,0,0,0,0
201900001877,19,2,6,1808,5,2,4,1,4868099,315010,2,2,22,2,2,2,751,999,4,6,3,15,0,0,0,0,0
201900001878,19,12,10,1047,2,5,3,2,4822910,646184,7,3,9,3,2,2,748,74,9,6,2,6,0,0,0,0,0
201900001879,19,11,5,1331,2,1,9,2,4427383,-291410,8,4,35,3,4,3,185,99,7,3,3,57,0,0,0,0,0
201900001880,19,2,11,1005,1,2,9,1,4771085,-22229,9,3,38,2,4,4,589,797,8,1,1,70,0,0,0,0,0
201900001881,19,5,21,110,2,5,5,4,4454887,171916,8,2,35,2,3,2,866,601,4,3,4,83,0,0,0,0,0
201900001882,19,4,20,1640,2,7,8,6,4851987,154722,8,2,44,2,3,3,837,716,5,2,4,41,0,0,0,0,0
201900001883,19,3,11,37,1,8,6,7,4849380,223840,3,4,15,2,4,2,617,742,1,5,2,92,0,0,0,0,0
201900001884,19,9,28,540,2,1,1,7,4791291,315968,1,2,23,1,1,2,272,486,7,6,5,36,0,0,0,0,0
201900001885,19,12,8,227,4,9,1,6,4669702,574324,6,2,30,2,4,2,870,266,1,6,4,52,0,0,0,0,0
201900001886,19,11,16,164,1,1,6,6,4971653,222987,8,3,42,1,3,2,852,914,8,4,3,44,0,0,0,0,0
201900001887,19,3,17,342,4,3,3,6,4741391,208388,1,2,50,1,4,2,729,894,9,5,1,6,0,0,0,0,0
201900001888,19,1,27,1345,5,6,6,6,4691242,391521,7,1,34,2,4,4,151,392,2,3,4,56,0,0,0,0,0
201900001889,19,12,21,255,1,7,7,5,4618406,202458,6,2,21,3,1,2,429,995,6,5,3,45,0,0,0,0,0
201900001890,19,8,16,232,3,2,4,3,4405014,460924,6,4,27,1,2,2,871,293,1,1,3,30,0,0,0,0,0
201900001891,19,10,2,321,2,5,7,6,4736540,430070,1,3,15,3,2,3,187,231,1,2,3,45,0,0,0,0,0
201900001892,19,10,25,221,1,4,7,5,4833272,-108415,2,3,29,2,2,1,812,74,8,5,5,86,0,0,0,0,0
201900001893,19,2,12,1690,2,7,7,6,4512119,-174585,2,4,45,2,4,4,532,454,4,5,5,74,0,0,0,0,0
201900001894,19,8,23,479,5,8,4,5,4927002,-99531,6,2,17,2,1,1,769,414,3,7,2,60,0,0,0,0,0
201900001895,19,10,6,667,1,1,6,6,4989247,429693,8,2,4,2,3,3,784,420,3,5,3,6,0,0,0,0,0
201900001896,19,5,8,1826,1,3,1,2,4816495,227915,2,2,38,2,2,4,506,948,6,2,2,38,0,0,0,0,0
201900001897,19,3,28,1433,1,6,5,4,4914322,285926,8,2,14,2,1,3,687,310,6,2,5,29,0,0,0,0,0
201900001898,19,8,22,1124,2,5,5,2,4767108,-135491,5,1,22,3,4,3,345,886,7,5,3,48,0,0,0,0,0
201900001899,19,9,25,517,5,8,5,3,4565549,54472,2,4,8,3,2,3,274,918,4,2,2,57,0,0,0,0,0
201900001900,19,7,18,1470,4,6,8,1,4927332,453073,1,3,43,2,1,3,249,583,3,4,4,75,0,0,0,0,0
201900001901,19,11,8,127,5,2,6,4,4923140,383721,3,2,27,2,2,1,219,2,1,6,4,56,0,0,0,0,0
201900001902,19,8,27,840,5,1,2,1,4808561,-287423,9,2,26,1,3,3,794,565,3,5,2,90,0,0,0,0,0
201900001903,19,5,19,765,3,6,5,7,4446425,116550,9,4,41,3,3,4,324,462,9,4,5,33,0,0,0,0,0
201900001904,19,2,26,983,1,4,6,1,4990030,-302308,9,1,30,2,2,4,598,135,1,1,5,47,0,0,0,0,0
201900001905,19,10,13,1908,3,7,4,5,4789603,-359403,1,1,2,2,4,4,899,4,9,6,3,62,0,0,0,0,0
201900001906,19,2,28,1592,5,2,6,6,4892239,334604,7,3,12,2,4,2,287,91,3,6,1,60,0,0,0,0,0
201900001907,19,7,23,1668,3,8,9,1,4434947,603770,9,4,11,2,3,1,53,198,7,5,5,96,0,0,0,0,0
201900001908,19,12,27,1778,1,2,3,3,4668236,-244761,2,4,18,3,2,4,528,276,8,5,2,64,0,0,0,0,0
201900001909,19,9,10,1818,1,5,6,4,4530802,88365,4,4,20,1,3,1,337,716,9,5,3,43,0,0,0,0,0
201900001910,19,7,26,925,5,8,8,1,4856943,-225045,7,1,10,1,2,4,766,112,3,4,1,50,0,0,0,0,0
201900001911,19,3,25,271,4,8,3,6,4846025,-277559,3,1,53,1,3,2,804,31,8,4,3,5,0,0,0,0,0
201900001912,19,11,8,734,4,6,4,7,4777203,553683,4,3,38,2,3,4,905,163,8,3,3,7,0,0,0,0,0
201900001913,19,8,20,1167,4,3,4,3,4434440,613417,9,4,43,2,1,3,832,226,5,6,4,96,0,0,0,0,0
201900001914,19,4,22,1571,1,7,4,7,4790854,506127,2,1,48,2,3,1,605,464,1,6,2,10,0,0,0,0,0
201900001915,19,4,12,2149,5,5,8,5,4442149,-315581,7,4,2,2,1,2,454,282,5,3,3,32,0,0,0,0,0
201900001916,19,9,19,845,5,3,2,3,4401459,198835,9,2,31,1,1,4,347,564,2,7,2,95,0,0,0,0,0
201900001917,19,2,17,1242,4,5,3,2,4851234,-68043,3,2,24,3,3,4,107,541,5,6,3,26,0,0,0,0,0
201900001918,19,9,21,16,1,2,2,3,4931645,-104448,9,1,33,1,2,4,696,293,4,2,4,91,0,0,0,0,0
201900001919,19,2,15,293,1,9,2,3,4682826,-104303,6,4,0,2,1,4,675,808,4,2,2,61,0,0,0,0,0
201900001920,19,2,12,1947,3,4,2,2,4467047,351774,3,4,41,3,2,4,387,469,6,5,1,29,0,0,0,0,0
201900001921,19,12,28,372,5,4,5,1,4653968,441614,1,3,8,3,2,1,56,907,2,4,3,97,0,0,0,0,0
201900001922,19,10,21,943,3,4,9,4,4855158,547455,3,3,31,1,3,3,363,560,6,6,5,47,0,0,0,0,0
201900001923,19,2,12,1066,5,8,6,7,4425340,402143,4,4,23,2,1,3,272,863,1,1,4,96,0,0,0,0,0
201900001924,19,12,6,1074,2,1,1,6,4845199,75317,8,2,25,3,3,4,229,157,5,5,3,9,0,0,0,0,0
201900001925,19,12,6,1255,5,1,2,2,4629950,-61434,4,1,28,2,3,4,762,73,6,2,3,44,0,0,0,0,0
201900001926,19,3,24,847,3,2,4,4,4585576,212886,3,3,0,2,2,3,62,620,8,5,2,29,0,0,0,0,0
201900001927,19,6,19,435,5,2,1,3,4426026,687289,8,4,46,1,1,3,693,633,2,5,4,33,0,0,0,0,0
201900001928,19,6,28,1300,3,9,9,3,4999296,-397915,8,3,11,1,1,1,597,810,4,7,4,11,0,0,0,0,0
201900001929,19,4,13,1684,5,1,9,6,4798719,66241,5,3,4,3,3,2,441,392,2,4,3,60,0,0,0,0,0
201900001930,19,9,8,1415,2,3,4,5,4515355,511985,5,2,31,2,3,4,586,179,4,4,2,43,0,0,0,0,0
201900001931,19,9,4,1791,2,1,6,6,4777928,659895,7,4,44,2,2,3,537,517,2,7,2,4,0,0,0,0,0
201900001932,19,6,21,1850,5,1,6,7,4496636,622046,3,1,23,2,4,2,827,512,8,7,1,15,0,0,0,0,0
201900001933,19,11,2,1367,4,7,2,5,4886094,-309792,8,4,42,1,4,4,607,409,6,2,5,49,0,0,0,0,0
201900001934,19,8,27,1571,5,7,4,3,4574363,172413,4,1,53,1,2,1,496,919,3,5,4,29,0,0,0,0,0
201900001935,19,7,25,1934,1,7,9,2,4682829,360532,4,2,37,1,1,3,70,194,1,5,4,90,0,0,0,0,0
201900001936,19,1,4,1098,3,5,8,1,4470563,-287980,5,3,23,3,1,4,212,919,1,2,5,29,0,0,0,0,0
201900001937,19,11,24,1501,2,6,3,6,4401306,283128,4,4,50,3,2,4,618,784,4,4,5,96,0,0,0,0,0
201900001938,19,2,19,1930,5,8,3,7,4852351,-38368,5,3,27,2,2,2,298,725,9,5,3,1,0,0,0,0,0
201900001939,19,1,20,1070,3,9,5,5,4750188,60869,6,3,13,3,1,2,532,233,2,6,1,42,0,0,0,0,0
201900001940,19,11,7,805,3,8,6,7,4854406,138919,9,4,33,1,1,2,288,831,2,4,1,80,0,0,0,0,0
201900001941,19,6,28,2108,1,4,1,7,4835721,-371230,5,4,38,2,2,2,20,429,7,6,3,67,0,0,0,0,0
201900001942,19,5,13,120,1,6,4,1,4474256,243292,7,4,44,1,2,3,781,476,9,3,1,95,0,0,0,0,0
201900001943,19,4,22,128,3,2,1,4,4574073,-320440,5,1,35,3,2,3,710,367,8,2,1,8,0,0,0,0,0
201900001944,19,3,11,390,4,5,8,2,4969790,-4683,8,3,31,3,1,3,165,928,3,4,2,57,0,0,0,0,0
201900001945,19,9,20,2215,4,9,7,5,4540389,-231192,9,4,1,3,3,4,251,438,1,1,5,30,0,0,0,0,0
201900001946,19,4,5,758,3,5,9,4,4751224,104786,5,2,18,2,4,3,326,646,5,7,2,56,0,0,0,0,0
201900001947,19,7,9,1851,2,6,2,1,4908280,-296737,7,4,24,1,1,4,850,802,3,3,1,88,0,0,0,0,0
201900001948,19,11,2,406,1,7,4,4,4780911,538359,6,3,43,2,3,3,912,30,5,3,4,20,0,0,0,0,0
201900001949,19,5,24,926,5,4,7,1,4628907,-273294,6,3,46,1,3,2,874,536,7,7,3,62,0,0,0,0,0
201900001950,19,8,12,2036,5,9,8,5,4622838,587926,5,2,9,3,2,3,265,195,1,1,4,36,0,0,0,0,0
201900001951,19,7,28,677,5,5,4,3,4658207,-289146,9,4,48,3,4,1,812,990,2,4,4,30,0,0,0,0,0
201900001952,19,1,3,2016,4,7,1,3,4620139,-161864,5,3,13,3,3,1,318,140,5,1,2,94,0,0,0,0,0
201900001953,19,2,7,1167,3,5,5,5,4433235,527522,2,4,32,3,2,4,784,243,7,6,5,86,0,0,0,0,0
201900001954,19,4,11,707,3,3,1,7,4858633,453364,6,3,26,1,3,2,48,542,9,2,2,39,0,0,0,0,0
201900001955,19,10,24,1211,5,1,7,1,4487028,-206910,8,2,16,2,2,3,593,749,9,2,1,50,0,0,0,0,0
201900001956,19,2,12,25,4,7,7,5,4567104,97915,9,1,11,2,4,2,204,268,5,5,3,51,0,0,0,0,0
201900001957,19,6,1,2043,4,4,4,4,4605390,655171,8,2,13,2,1,1,225,531,6,6,1,34,0,0,0,0,0
201900001958,19,3,18,458,3,3,8,5,4622694,498465,5,4,34,3,3,3,622,265,3,6,1,85,0,0,0,0,0
201900001959,19,7,16,879,2,7,7,6,4404389,586052,2,2,27,3,4,4,473,156,5,2,1,80,0,0,0,0,0
201900001960,19,4,8,2342,1,7,8,3,4464179,18268,5,2,9,3,1,1,80,489,6,1,1,94,0,0,0,0,0
201900001961,19,11,19,2140,5,5,6,2,4533734,674715,8,4,40,2,3,2,682,916,8,5,2,39,0,0,0,0,0
201900001962,19,3,18,1955,5,3,9,1,4466445,-292001,9,3,16,2,4,1,502,420,7,4,1,56,0,0,0,0,0
201900001963,19,10,27,2093,5,1,4,7,4808535,244193,5,2,6,1,1,2,69,568,2,1,1,63,0,0,0,0,0
201900001964,19,5,3,1713,3,7,3,7,4951159,202478,3,1,41,2,4,3,454,81,2,6,3,97,0,0,0,0,0
201900001965,19,2,17,757,4,2,9,4,4424621,-309430,2,2,22,3,4,4,560,538,9,2,2,27,0,0,0,0,0
201900001966,19,9,15,1504,1,2,1,7,4491015,592846,1,2,3,2,2,4,782,187,2,6,2,84,0,0,0,0,0
201900001967,19,2,23,1196,4,8,1,4,4813471,-132858,3,1,32,2,2,2,776,838,4,4,2,56,0,0,0,0,0
201900001968,19,12,21,457,1,1,9,7,4867785,180582,2,2,4,2,1,2,52,93,8,1,3,99,0,0,0,0,0
201900001969,19,11,19,2207,2,8,6,3,4740585,-376682,5,4,38,1,4,4,836,456,1,5,2,50,0,0,0,0,0
201900001970,19,7,10,1944,3,2,7,5,4723727,-90942,7,4,23,3,2,1,28,914,5,7,5,36,0,0,0,0,0
201900001971,19,4,27,984,4,7,1,6,4818210,-281281,6,2,18,1,3,2,132,793,6,5,5,34,0,0,0,0,0
201900001972,19,2,25,269,2,1,4,3,4841173,640898,7,2,29,1,4,1,112,981,1,2,2,76,0,0,0,0,0
201900001973,19,7,4,1149,1,5,8,3,4607973,564770,1,1,23,2,3,3,449,149,1,7,1,42,0,0,0,0,0
201900001974,19,2,19,1301,5,4,9,5,4563502,342533,1,1,6,1,1,3,194,19,1,6,2,15,0,0,0,0,0
201900001975,19,4,11,1302,5,9,5,7,4994297,-265206,5,4,6,3,1,1,531,411,5,6,2,95,0,0,0,0,0
201900001976,19,4,2,175,5,7,6,1,4536386,-33014,4,3,52,3,2,1,456,237,4,6,1,89,0,0,0,0,0
201900001977,19,9,13,2009,1,2,7,3,4515826,-284713,5,1,32,3,1,2,523,687,6,3,5,6,0,0,0,0,0
201900001978,19,3,14,2076,5,7,2,6,4994339,-86889,4,4,19,1,4,2,51,391,4,2,1,99,0,0,0,0,0
201900001979,19,8,13,1882,1,1,5,1,4801741,-84870,3,4,38,1,1,1,672,695,8,4,1,48,0,0,0,0,0
201900001980,19,6,25,2349,4,6,7,7,4934921,546233,9,2,50,3,1,3,709,779,6,3,1,43,0,0,0,0,0
201900001981,19,11,21,1152,5,8,2,1,4920096,432812,1,2,39,2,2,4,0,308,8,3,1,40,0,0,0,0,0
201900001982,19,1,23,1710,3,6,6,3,4603872,455143,6,2,46,2,4,1,726,135,4,3,2,24,0,0,0,0,0
201900001983,19,7,15,1012,3,4,8,1,4915539,180396,2,1,1,2,2,3,893,535,7,6,5,29,0,0,0,0,0
201900001984,19,1,26,2182,2,5,9,2,4859044,-357457,9,1,19,3,3,4,806,653,1,6,3,61,0,0,0,0,0
201900001985,19,5,1,703,5,7,2,1,4790222,253390,7,4,30,1,1,1,876,170,8,3,5,82,0,0,0,0,0
201900001986,19,7,3,2009,5,9,9,6,4938033,599820,1,1,13,1,4,3,20,407,8,7,3,43,0,0,0,0,0
201900001987,19,3,17,1541,1,5,6,6,4953015,-70473,4,4,19,1,2,2,622,163,9,2,2,0,0,0,0,0,0
201900001988,19,7,14,885,4,3,4,7,4911278,612430,2,1,21,3,1,3,645,27,1,4,5,66,0,0,0,0,0
201900001989,19,7,23,591,3,2,5,2,4709119,165958,3,3,38,3,4,3,529,842,2,7,5,60,0,0,0,0,0
201900001990,19,9,25,2185,2,1,6,2,4664340,-202812,8,1,15,2,2,2,60,622,6,7,4,18,0,0,0,0,0
201900001991,19,6,19,67,3,4,6,5,4754007,614515,9,4,17,3,3,4,664,429,2,5,4,70,0,0,0,0,0
201900001992,19,5,21,1019,3,6,2,7,4719909,247402,7,4,22,3,3,2,34,353,4,4,5,59,0,0,0,0,0
201900001993,19,2,11,1674,1,9,3,3,4511446,548725,1,3,1,1,4,1,808,424,2,3,4,24,0,0,0,0,0
201900001994,19,11,6,35,4,3,6,1,4940621,-122261,3,1,36,1,1,4,506,970,1,2,3,75,0,0,0,0,0
201900001995,19,10,17,1424,5,6,2,6,4750831,-329720,5,2,20,2,2,2,304,381,1,1,2,66,0,0,0,0,0
201900001996,19,11,12,1381,3,6,6,3,4518337,314483,7,3,13,2,4,2,568,588,9,4,5,54,0,0,0,0,0
201900001997,19,2,21,1710,5,4,3,5,4757082,339674,5,2,9,1,4,1,712,682,5,5,4,21,0,0,0,0,0
201900001998,19,4,12,1334,5,4,5,3,4857999,-163143,6,2,11,2,4,2,453,221,8,4,1,46,0,0,0,0,0
201900001999,19,9,2,1388,1,3,4,3,4415929,251436,7,4,20,1,3,2,752,793,1,5,1,37,0,0,0,0,0
201900002000,19,11,19,859,4,3,5,6,4570101,85038,5,4,2,2,1,1,479,251,3,4,5,42,0,0,0,0,0
201900002001,19,3,19,1560,4,5,2,5,4568115,-117631,3,4,36,1,2,3,474,687,6,7,3,17,0,0,0,0,0
201900002002,19,9,2,1700,3,1,2,4,4955849,61795,7,4,26,2,3,2,562,292,1,7,2,15,0,0,0,0,0
201900002003,19,2,26,714,3,7,8,5,4851191,259572,7,2,2,3,1,3,38,66,7,4,5,46,0,0,0,0,0
201900002004,19,1,25,1649,1,7,6,6,4944633,531053,5,4,2,1,3,2,469,939,1,7,1,45,0,0,0,0,0
201900002005,19,12,24,1715,2,2,2,6,4879435,546429,6,2,18,1,4,2,790,116,9,4,2,64,0,0,0,0,0
201900002006,19,3,21,996,4,5,9,1,4827979,-326824,3,4,24,2,1,4,370,699,3,1,4,40,0,0,0,0,0
201900002007,19,11,1,400,5,7,8,2,4953549,662629,5,1,31,2,2,4,262,124,2,1,1,69,0,0,0,0,0
201900002008,19,2,19,770,3,9,3,4,4865038,410510,8,3,41,3,1,3,885,691,4,5,5,34,0,0,0,0,0
201900002009,19,1,12,531,1,3,8,3,4605143,23281,5,1,23,1,1,2,222,594,7,7,2,33,0,0,0,0,0
201900002010,19,12,25,1579,5,6,6,7,4548105,-197505,9,1,28,2,2,1,902,203,5,3,2,29,0,0,0,0,0