Num_Acc,an,mois,jour,hrmn,lum,int,atm,col,lat,long,catr,circ,nbv,vosp,prof,plan,lartpc,larrout,surf,infra,situ,env1,unscathed,killed,hospital,light,chance
201900002011,19,3,2,72,5,8,1,1,4986099,-214108,4,2,11,1,2,3,95,344,3,7,4,65,0,0,0,0,0
201900002012,19,6,1,1019,2,6,1,4,4708347,-346019,3,1,42,2,2,2,191,632,2,3,1,19,0,0,0,0,0
201900002013,19,11,8,1646,4,4,3,1,4998042,324426,4,3,20,3,1,4,829,412,7,2,2,14,0,0,0,0,0
201900002014,19,1,7,2331,1,4,3,4,4872171,-344485,8,2,28,2,3,3,744,175,7,4,2,6,0,0,0,0,0
201900002015,19,8,10,1466,3,7,4,3,4695655,-357768,3,3,1,2,1,4,33,507,1,1,1,81,0,0,0,0,0
201900002016,19,5,20,2180,1,7,6,1,4708872,-40858,6,4,25,1,3,2,634,526,9,6,3,37,0,0,0,0,0
201900002017,19,7,1,490,3,4,1,5,4956441,229558,3,3,19,3,3,4,163,401,9,1,4,94,0,0,0,0,0
201900002018,19,11,10,2254,5,7,4,6,4746504,685771,9,4,42,1,1,2,800,215,5,2,1,13,0,0,0,0,0
201900002019,19,6,22,1718,2,7,3,5,4572074,356289,8,1,7,1,3,1,576,583,5,1,1,85,0,0,0,0,0
201900002020,19,12,26,2174,1,4,9,2,4660455,32872,4,3,31,2,3,3,816,270,6,6,2,63,0,0,0,0,0
201900002021,19,10,3,1562,2,6,8,3,4746014,619606,4,2,19,3,2,1,333,902,8,6,1,4,0,0,0,0,0
201900002022,19,3,15,2120,5,9,2,2,4489763,213342,7,2,14,2,3,4,97,714,7,2,2,62,0,0,0,0,0
201900002023,19,8,9,1109,3,1,6,7,4832461,-375271,1,2,37,3,3,1,416,892,8,6,2,17,0,0,0,0,0
201900002024,19,8,24,2089,3,8,3,1,4855481,-271567,1,4,12,1,1,2,394,694,5,3,2,40,0,0,0,0,0
201900002025,19,5,22,2113,3,4,8,1,4949340,572230,9,3,21,2,2,3,165,560,3,6,5,25,0,0,0,0,0
201900002026,19,2,1,1305,3,6,2,4,4644229,-3958,4,1,16,1,3,4,639,801,8,7,4,84,0,0,0,0,0
201900002027,19,8,4,2156,3,9,7,7,4534137,610798,2,2,30,2,2,4,471,26,9,3,5,61,0,0,0,0,0
201900002028,19,4,21,351,2,5,5,7,4931828,476828,1,4,32,1,4,4,341,435,4,7,3,35,0,0,0,0,0
201900002029,19,12,21,1768,4,5,3,1,4610129,-337809,3,3,4,1,2,3,818,933,5,4,2,94,0,0,0,0,0
201900002030,19,4,20,624,2,9,6,7,4944314,-124969,3,2,3,2,2,2,341,903,7,4,1,96,0,0,0,0,0
201900002031,19,10,17,2331,2,5,2,1,4441314,-181997,1,4,5,3,4,2,91,9,5,1,2,77,0,0,0,0,0
201900002032,19,10,27,1296,2,1,9,5,4892374,62021,5,3,5,2,4,2,448,147,1,3,4,4,0,0,0,0,0
201900002033,19,9,20,632,1,1,5,1,4477631,-71222,2,1,12,1,2,1,144,914,9,6,3,37,0,0,0,0,0
201900002034,19,5,8,224,2,8,5,4,4723254,114717,6,2,22,1,2,1,323,862,7,5,3,72,0,0,0,0,0
201900002035,19,7,16,421,3,6,5,1,4859990,189831,9,4,47,2,2,2,872,477,2,4,3,5,0,0,0,0,0
201900002036,19,1,4,2099,3,5,2,1,4922611,179325,2,1,10,1,1,2,282,681,8,6,3,50,0,0,0,0,0
201900002037,19,6,1,493,1,1,5,2,4656466,656365,4,4,27,3,1,3,671,148,4,6,1,28,0,0,0,0,0
201900002038,19,5,1,2003,2,8,4,7,4679542,46729,2,3,43,1,1,4,883,896,4,7,4,61,0,0,0,0,0
201900002039,19,12,8,1264,5,7,3,2,4841840,-169265,1,4,34,3,4,2,732,678,6,2,1,7,0,0,0,0,0
201900002040,19,12,6,1103,4,2,1,6,4815175,-15584,7,3,2,3,1,4,270,547,4,5,5,73,0,0,0,0,0
201900002041,19,4,8,1564,1,9,8,4,4400972,69582,1,2,38,2,1,3,727,301,3,1,3,54,0,0,0,0,0
201900002042,19,12,20,1204,5,4,8,5,4413302,303975,1,3,14,1,3,4,29,567,3,7,5,8,0,0,0,0,0
201900002043,19,11,24,967,1,7,5,7,4896231,-306335,8,4,8,2,3,3,756,770,9,6,1,45,0,0,0,0,0
201900002044,19,5,21,1955,2,8,2,7,4917314,-315250,8,4,53,1,3,4,811,132,2,1,5,34,0,0,0,0,0
201900002045,19,1,22,2321,1,6,5,3,4841833,554088,4,1,43,1,3,4,116,899,5,1,5,20,0,0,0,0,0
201900002046,19,3,13,1221,4,2,5,4,4653406,153746,5,2,3,1,2,1,216,779,2,2,2,94,0,0,0,0,0
201900002047,19,9,28,1482,5,6,3,5,4455505,300900,6,4,23,2,2,4,627,365,5,7,3,60,0,0,0,0,0
201900002048,19,3,11,2272,2,9,5,2,4417338,125565,6,1,21,3,4,3,452,626,8,1,3,18,0,0,0,0,0
201900002049,19,10,7,595,3,6,3,3,4514124,246758,7,4,34,3,1,3,790,779,6,3,1,43,0,0,0,0,0
201900002050,19,2,10,789,4,3,6,7,4925496,262396,3,4,43,2,1,4,781,765,9,5,1,16,0,0,0,0,0
201900002051,19,8,5,1442,1,9,7,4,4689387,-190932,9,4,48,3,3,1,327,501,5,2,3,97,0,0,0,0,0
201900002052,19,5,13,1805,4,8,9,7,4480447,132102,5,1,22,2,4,4,92,612,9,4,5,86,0,0,0,0,0
201900002053,19,10,20,1454,5,2,3,2,4761972,601622,1,2,17,2,4,4,267,428,3,1,2,20,0,0,0,0,0
201900002054,19,1,14,1590,1,3,4,3,4488116,234225,6,3,34,3,1,3,599,397,4,1,2,86,0,0,0,0,0
201900002055,19,9,28,1689,2,2,4,2,4947143,-181701,2,3,52,1,1,4,465,784,7,2,4,53,0,0,0,0,0
201900002056,19,6,19,476,2,3,4,2,4637642,370199,5,4,45,1,3,3,6,989,1,6,3,16,0,0,0,0,0
201900002057,19,5,1,598,3,8,1,2,4797552,277780,2,3,11,1,2,1,430,441,2,2,2,19,0,0,0,0,0
201900002058,19,2,14,1345,5,2,8,4,4678124,-38544,8,4,32,1,2,4,400,967,6,7,3,12,0,0,0,0,0
201900002059,19,9,15,2268,3,5,1,6,4413721,300280,9,2,35,2,4,1,663,28,3,7,5,91,0,0,0,0,0
201900002060,19,7,25,1467,2,2,2,2,4796649,-126659,2,4,27,2,2,4,911,713,2,6,4,90,0,0,0,0,0
201900002061,19,9,7,2173,5,7,6,5,4453591,-308007,4,4,50,3,3,3,394,326,5,6,1,50,0,0,0,0,0
201900002062,19,1,13,2091,2,5,1,2,4672653,233637,4,3,23,2,2,3,251,350,7,3,1,69,0,0,0,0,0
201900002063,19,7,10,208,1,5,1,6,4461144,-359165,8,3,33,2,3,1,810,541,1,3,1,19,0,0,0,0,0
201900002064,19,11,22,1097,5,1,6,5,4992724,-203597,6,4,9,1,4,4,493,149,8,5,1,18,0,0,0,0,0
201900002065,19,6,9,147,3,7,1,6,4420942,-149718,2,4,49,2,2,1,348,918,6,7,5,89,0,0,0,0,0
201900002066,19,2,18,889,3,4,2,6,4477159,-171270,4,4,51,1,4,4,396,943,9,5,5,75,0,0,0,0,0
201900002067,19,10,2,1696,4,5,2,7,4710550,74439,7,1,19,2,1,1,425,71,3,7,2,26,0,0,0,0,0
201900002068,19,9,17,480,5,8,7,6,4516236,-43016,9,4,42,1,2,3,623,663,7,6,5,73,0,0,0,0,0
201900002069,19,3,11,1801,3,6,6,6,4934022,170327,8,3,5,2,1,2,6,588,6,3,3,29,0,0,0,0,0
201900002070,19,12,3,2109,1,3,2,6,4929653,193892,8,1,47,3,2,2,516,738,6,4,1,4,0,0,0,0,0
201900002071,19,6,14,541,1,1,3,4,4539341,100358,8,3,1,3,2,3,56,901,1,2,4,58,0,0,0,0,0
201900002072,19,2,20,372,5,2,7,3,4487988,603682,2,1,31,2,2,4,744,771,5,4,4,89,0,0,0,0,0
201900002073,19,3,24,1804,4,9,5,6,4484674,640899,6,1,25,2,2,1,251,792,2,1,4,68,0,0,0,0,0
201900002074,19,8,12,746,5,4,6,7,4745909,-129464,3,2,3,2,1,1,387,828,1,7,3,99,0,0,0,0,0
201900002075,19,9,15,1513,2,7,9,3,4505157,-389636,9,2,42,3,4,1,613,946,6,4,3,45,0,0,0,0,0
201900002076,19,2,15,1017,2,9,3,5,4798281,177324,9,4,11,3,2,3,369,264,4,2,1,3,0,0,0,0,0
201900002077,19,11,26,894,5,6,3,4,4475815,167349,4,1,12,1,2,2,528,802,9,6,5,92,0,0,0,0,0
201900002078,19,4,11,1585,1,9,5,4,4578333,86000,1,1,43,3,3,2,312,219,6,3,2,84,0,0,0,0,0
201900002079,19,6,18,1888,3,3,1,6,4669840,466975,1,4,45,3,1,1,874,29,9,4,4,78,0,0,0,0,0
201900002080,19,4,25,1600,2,7,3,4,4625098,69147,2,4,8,1,4,3,688,72,1,5,2,19,0,0,0,0,0
201900002081,19,1,12,711,2,2,6,2,4610798,644144,7,4,2,3,1,1,375,389,6,2,5,72,0,0,0,0,0
201900002082,19,4,3,182,2,4,5,7,4448548,530704,2,4,30,2,2,1,561,602,7,2,3,55,0,0,0,0,0
201900002083,19,2,9,770,5,3,9,6,4709945,388232,9,1,11,3,2,2,89,93,1,3,5,15,0,0,0,0,0
201900002084,19,3,8,249,1,5,8,6,4707423,525629,5,4,42,1,2,3,551,321,7,7,1,78,0,0,0,0,0
201900002085,19,3,23,597,4,1,9,3,4933366,224976,8,1,31,3,2,3,404,6,1,6,2,0,0,0,0,0,0
201900002086,19,4,2,2213,5,8,8,1,4599873,-337197,4,2,50,1,4,4,628,410,9,3,2,29,0,0,0,0,0
201900002087,19,6,14,1929,4,3,2,5,4523184,-23808,9,4,14,3,4,3,604,617,6,5,4,99,0,0,0,0,0
201900002088,19,4,21,1210,4,2,2,2,4977930,565628,5,1,10,1,1,3,173,790,1,3,3,22,0,0,0,0,0
201900002089,19,1,28,559,5,1,9,5,4689930,412356,2,1,51,1,1,1,453,823,9,5,3,63,0,0,0,0,0
201900002090,19,6,24,1603,2,7,3,2,4662174,448644,3,2,53,2,3,2,741,146,7,6,5,19,0,0,0,0,0
201900002091,19,8,28,2223,5,5,6,2,4823399,-210617,1,4,29,1,2,3,860,630,2,6,3,11,0,0,0,0,0
201900002092,19,6,24,574,4,2,7,4,4894938,282460,9,1,32,1,3,3,174,33,5,4,5,20,0,0,0,0,0
201900002093,19,5,5,126,2,5,7,2,4444044,520482,5,4,49,2,2,2,655,850,9,1,1,90,0,0,0,0,0
201900002094,19,10,18,434,2,4,9,7,4801004,441243,9,4,12,3,1,4,622,893,6,2,1,14,0,0,0,0,0
201900002095,19,7,12,427,1,4,9,4,4858135,226891,9,2,45,3,2,1,682,912,6,6,3,63,0,0,0,0,0
201900002096,19,5,17,51,1,1,3,6,4517349,598649,8,4,13,2,4,1,197,677,5,6,1,18,0,0,0,0,0
201900002097,19,7,27,628,5,5,9,6,4936942,-190110,6,4,26,3,2,3,470,180,3,6,4,93,0,0,0,0,0
201900002098,19,10,16,895,3,2,4,1,4570685,113896,5,4,5,3,1,1,764,901,8,4,3,26,0,0,0,0,0
201900002099,19,8,5,95,4,7,6,2,4775336,696083,9,1,51,2,2,1,53,257,2,1,5,60,0,0,0,0,0
201900002100,19,5,24,896,3,5,2,4,4978335,-345098,1,3,50,2,3,1,816,147,3,4,5,9,0,0,0,0,0
201900002101,19,6,8,1394,4,1,7,5,4632189,89664,2,2,13,3,4,1,70,893,2,2,1,22,0,0,0,0,0
201900002102,19,11,22,2269,4,7,5,4,4571113,603645,3,4,15,2,3,1,126,383,8,2,1,63,0,0,0,0,0
201900002103,19,10,18,1612,1,2,9,6,4602241,-197666,3,4,24,1,1,2,60,742,8,3,1,6,0,0,0,0,0
201900002104,19,8,14,652,5,6,1,1,4827828,91972,4,3,23,2,2,1,914,800,9,7,3,70,0,0,0,0,0
201900002105,19,10,5,1541,4,7,1,7,4903368,325214,9,3,28,3,1,3,869,290,4,6,1,28,0,0,0,0,0
201900002106,19,10,7,115,4,7,6,4,4911961,67185,3,3,21,1,2,4,17,799,8,5,3,77,0,0,0,0,0
201900002107,19,2,27,235,4,4,2,3,4710314,-295181,6,2,42,2,2,2,888,805,6,6,2,81,0,0,0,0,0
201900002108,19,11,16,1153,4,1,3,5,4996725,429734,1,3,28,1,3,1,860,667,3,7,3,85,0,0,0,0,0
201900002109,19,12,20,1509,5,3,2,1,4462692,-359113,1,2,31,3,1,4,841,952,7,1,1,89,0,0,0,0,0
201900002110,19,12,24,672,2,9,3,3,4858638,-125937,1,3,32,2,2,1,303,931,8,1,1,34,0,0,0,0,0
201900002111,19,4,12,1196,5,2,4,7,4402035,336333,7,3,43,3,2,2,696,450,3,3,4,36,0,0,0,0,0
201900002112,19,6,24,680,4,8,9,2,4712737,216483,7,1,46,1,1,4,614,746,8,1,1,31,0,0,0,0,0
201900002113,19,8,4,1599,5,5,5,2,4829728,-330255,3,4,5,1,3,1,693,573,9,1,3,92,0,0,0,0,0
201900002114,19,8,10,556,1,5,8,1,4921518,306006,9,3,7,2,1,2,457,718,4,1,5,80,0,0,0,0,0
201900002115,19,5,2,1762,4,4,2,1,4618996,612970,4,3,11,2,4,2,862,59,8,7,3,12,0,0,0,0,0
201900002116,19,7,12,765,5,8,4,7,4940895,-259797,3,4,36,2,3,4,316,864,9,6,1,13,0,0,0,0,0
201900002117,19,4,7,951,1,5,9,7,4833353,-182325,6,3,17,3,1,4,853,870,9,1,3,18,0,0,0,0,0
201900002118,19,5,1,741,5,5,8,3,4881679,-55755,3,4,50,3,2,4,833,570,9,4,5,48,0,0,0,0,0
201900002119,19,3,11,259,2,4,4,6,4851669,586771,2,3,22,1,3,2,537,595,5,5,1,9,0,0,0,0,0
201900002120,19,9,27,912,2,7,7,3,4430608,255851,7,1,37,3,3,4,471,78,8,7,4,65,0,0,0,0,0
201900002121,19,8,4,2155,4,2,4,6,4742173,-152595,9,2,5,1,2,1,312,880,3,5,5,4,0,0,0,0,0
201900002122,19,12,15,1752,3,9,9,1,4883875,-38151,7,1,16,2,2,4,223,734,6,5,3,33,0,0,0,0,0
201900002123,19,11,13,1536,2,5,7,6,4751669,-152881,5,4,44,1,4,3,729,783,2,4,3,92,0,0,0,0,0
201900002124,19,3,22,29,3,1,6,6,4939370,-159694,5,1,35,3,3,4,150,616,7,7,3,94,0,0,0,0,0
201900002125,19,2,10,406,1,5,9,3,4660919,-40293,4,4,19,1,3,3,34,243,1,7,2,27,0,0,0,0,0
201900002126,19,6,4,658,5,5,5,1,4434407,-286011,4,1,12,3,2,2,680,14,7,3,2,26,0,0,0,0,0
201900002127,19,10,9,1398,2,5,5,3,4481080,106238,3,1,16,3,1,4,569,137,8,3,4,44,0,0,0,0,0
201900002128,19,3,10,1080,5,4,5,2,4544352,180168,5,2,11,3,3,3,494,543,8,5,4,89,0,0,0,0,0
201900002129,19,1,10,1772,5,5,8,7,4838043,-176188,7,4,11,3,2,1,728,908,6,1,2,39,0,0,0,0,0
201900002130,19,11,16,382,5,5,1,3,4905956,-186914,6,1,43,3,3,4,864,762,9,5,5,13,0,0,0,0,0
201900002131,19,7,5,146,2,9,7,5,4928555,636121,5,2,9,1,4,1,53,85,2,7,3,15,0,0,0,0,0
201900002132,19,1,11,964,5,5,2,3,4821919,493042,7,4,11,3,2,1,0,7,2,6,3,40,0,0,0,0,0
201900002133,19,3,1,2024,2,5,5,5,4979820,-201653,5,4,0,2,3,2,51,387,9,2,1,65,0,0,0,0,0
201900002134,19,4,7,450,5,5,1,4,4846247,-375067,2,4,29,2,2,1,688,475,5,6,3,63,0,0,0,0,0
201900002135,19,12,27,2026,4,4,6,2,4530327,-127428,9,2,41,3,3,2,235,877,2,5,4,96,0,0,0,0,0
201900002136,19,12,1,1935,4,4,7,4,4796898,636485,8,3,31,2,2,2,433,521,2,3,4,19,0,0,0,0,0
201900002137,19,7,9,458,4,5,7,1,4805731,312650,9,2,27,1,4,2,688,360,2,6,3,74,0,0,0,0,0
201900002138,19,6,22,180,2,1,3,1,4476431,196798,7,4,31,3,4,2,684,12,5,4,3,88,0,0,0,0,0
201900002139,19,11,3,477,2,6,3,2,4518460,420961,7,1,35,3,3,1,65,333,9,6,3,72,0,0,0,0,0
201900002140,19,12,15,1526,2,5,5,5,4741953,368292,1,4,19,1,1,4,27,264,5,3,5,57,0,0,0,0,0
201900002141,19,9,16,1140,1,2,7,1,4858509,-328927,4,4,23,1,3,4,763,565,6,3,4,92,0,0,0,0,0
201900002142,19,5,4,224,5,6,1,6,4992922,461696,1,2,40,2,4,2,863,847,2,3,5,75,0,0,0,0,0
201900002143,19,9,16,1542,5,6,1,6,4550402,296017,1,2,41,2,2,3,832,422,3,1,1,86,0,0,0,0,0
201900002144,19,8,21,2040,4,9,9,6,4523402,656319,5,4,35,2,1,1,139,212,1,2,4,95,0,0,0,0,0
201900002145,19,7,7,443,3,6,3,7,4541036,164712,3,4,19,2,1,2,540,439,3,5,2,99,0,0,0,0,0
201900002146,19,6,18,1362,2,4,4,7,4833207,528780,2,4,21,1,2,1,730,847,5,7,5,84,0,0,0,0,0
201900002147,19,8,15,1036,3,8,6,1,4607965,694709,6,2,27,1,3,3,502,345,7,1,3,5,0,0,0,0,0
201900002148,19,11,9,1650,5,1,5,4,4801599,160803,4,1,53,2,2,2,33,561,2,3,5,18,0,0,0,0,0
201900002149,19,9,18,2186,4,2,5,2,4651528,-9994,1,2,13,3,4,2,624,319,9,3,3,9,0,0,0,0,0
201900002150,19,7,4,664,1,8,6,4,4680269,-24437,4,2,12,3,2,1,129,752,9,6,2,25,0,0,0,0,0
201900002151,19,7,14,83,4,2,5,6,4654298,39387,4,1,24,1,1,4,892,881,3,5,1,67,0,0,0,0,0
201900002152,19,2,22,1218,1,9,8,7,4776630,191613,6,1,7,1,4,1,590,713,8,1,5,1,0,0,0,0,0
201900002153,19,12,4,1552,2,6,3,5,4881893,667112,1,3,19,3,2,4,162,790,7,4,5,88,0,0,0,0,0
201900002154,19,12,17,612,3,3,7,2,4882364,64547,4,2,30,3,1,1,203,700,9,6,2,7,0,0,0,0,0
201900002155,19,4,9,822,5,3,4,7,4493193,33348,8,1,24,3,2,2,34,507,2,7,4,17,0,0,0,0,0
201900002156,19,8,10,1228,3,5,3,1,4848954,471167,7,4,45,1,1,2,848,179,1,3,5,85,0,0,0,0,0
201900002157,19,7,16,900,3,8,5,3,4835270,298115,8,4,1,1,2,3,534,82,3,3,4,40,0,0,0,0,0
201900002158,19,9,28,2117,4,4,5,6,4417327,-314759,9,1,35,2,3,2,762,89,1,3,5,29,0,0,0,0,0
201900002159,19,2,9,1666,3,9,4,1,4909165,585493,2,4,9,3,2,2,581,652,9,5,5,74,0,0,0,0,0
201900002160,19,7,6,690,1,1,9,6,4821925,27225,5,1,22,3,3,4,76,36,6,2,4,33,0,0,0,0,0
201900002161,19,2,13,1170,5,1,4,3,4478042,-341395,8,2,24,3,3,2,692,811,2,5,5,35,0,0,0,0,0
201900002162,19,11,25,1135,5,9,9,2,4904273,-262954,9,1,52,1,4,2,640,116,3,4,5,84,0,0,0,0,0
201900002163,19,4,1,1659,4,1,5,6,4520730,599096,9,3,1,1,3,1,88,950,9,3,2,11,0,0,0,0,0
201900002164,19,6,13,41,1,2,5,2,4866795,626955,7,3,15,2,4,4,882,272,3,5,1,13,0,0,0,0,0
201900002165,19,3,17,1777,3,1,9,1,4539776,-212833,5,4,5,3,4,2,237,435,8,4,4,34,0,0,0,0,0
201900002166,19,10,15,1916,4,7,3,5,4453451,164125,8,2,26,3,1,1,464,277,1,6,1,7,0,0,0,0,0
201900002167,19,6,18,1219,2,5,4,1,4945610,29936,5,3,50,3,1,1,253,75,9,2,3,54,0,0,0,0,0
201900002168,19,3,27,2142,5,9,6,6,4750919,-142459,9,4,25,3,2,1,666,86,3,6,4,30,0,0,0,0,0
201900002169,19,3,20,69,1,4,7,5,4510281,-351168,1,3,41,1,4,4,76,977,1,2,5,7,0,0,0,0,0
201900002170,19,11,11,1945,1,7,1,1,4466655,-18462,3,2,36,1,3,4,693,701,6,2,5,50,0,0,0,0,0
201900002171,19,6,8,165,3,5,4,5,4571916,47781,3,3,37,2,1,2,668,253,7,3,5,34,0,0,0,0,0
201900002172,19,8,9,762,4,9,5,3,4844772,637682,6,3,40,1,3,3,176,903,6,5,4,8,0,0,0,0,0
201900002173,19,8,7,755,5,6,2,7,4872626,648450,2,4,23,2,1,3,4,318,4,1,2,94,0,0,0,0,0
201900002174,19,9,24,81,1,8,1,4,4569629,462578,6,4,4,1,2,3,134,770,4,1,3,37,0,0,0,0,0
201900002175,19,6,26,1372,4,8,2,6,4407704,-249634,7,4,8,2,4,2,239,961,6,6,1,42,0,0,0,0,0
201900002176,19,11,27,769,2,8,3,4,4793745,-295050,1,2,2,1,3,4,99,578,4,5,5,43,0,0,0,0,0
201900002177,19,10,4,476,2,6,4,3,4675360,622285,8,4,29,1,1,3,425,731,3,1,3,62,0,0,0,0,0
201900002178,19,7,9,2355,3,8,1,3,4957623,119169,7,2,21,3,3,1,912,14,3,3,3,59,0,0,0,0,0
201900002179,19,1,21,1803,2,9,8,7,4625425,-364132,9,4,8,1,4,2,157,971,7,1,5,28,0,0,0,0,0
201900002180,19,7,27,871,3,5,5,7,4420154,547336,3,1,32,1,4,2,720,466,5,6,1,13,0,0,0,0,0
201900002181,19,2,14,914,1,7,2,3,4964084,-255779,3,4,0,1,3,1,744,551,7,3,5,16,0,0,0,0,0
201900002182,19,3,12,1246,4,5,2,1,4760953,-186993,3,1,47,1,4,2,561,856,6,7,4,10,0,0,0,0,0
201900002183,19,10,14,2352,3,5,5,7,4473301,273686,7,2,18,1,2,1,515,74,7,5,4,66,0,0,0,0,0
201900002184,19,3,25,1760,3,9,8,7,4589909,-179009,5,4,32,1,4,4,76,591,6,2,5,28,0,0,0,0,0
201900002185,19,11,10,2121,2,6,4,6,4800109,267003,9,1,21,1,1,3,184,502,8,7,3,31,0,0,0,0,0
201900002186,19,12,11,1904,3,5,3,6,4681291,287698,2,2,14,3,2,3,445,674,7,1,3,1,0,0,0,0,0
201900002187,19,1,1,134,1,2,5,4,4467436,-201621,4,2,33,3,2,2,728,447,6,1,2,31,0,0,0,0,0
201900002188,19,2,20,1037,5,2,9,4,4522900,363221,7,1,11,2,2,4,791,880,3,7,5,47,0,0,0,0,0
201900002189,19,1,27,1501,2,4,8,3,4455050,60205,5,2,19,2,1,1,418,334,1,6,5,43,0,0,0,0,0
201900002190,19,12,5,381,5,7,8,4,4909446,-247717,5,3,3,1,2,3,451,511,1,6,3,91,0,0,0,0,0
201900002191,19,3,9,2002,1,2,4,2,4689328,399822,9,2,33,2,2,4,575,738,5,3,2,87,0,0,0,0,0
201900002192,19,2,13,231,3,7,3,1,4840905,-161260,9,3,15,3,1,3,681,235,3,5,2,16,0,0,0,0,0
201900002193,19,6,21,972,3,2,4,2,4918226,553147,6,3,48,2,2,2,25,219,8,6,3,69,0,0,0,0,0
201900002194,19,9,3,1546,2,5,1,1,4737108,260751,3,1,40,2,4,1,787,313,1,4,2,7,0,0,0,0,0
201900002195,19,5,15,462,1,2,2,3,4614369,419910,4,4,51,2,2,3,464,725,5,4,3,31,0,0,0,0,0
201900002196,19,8,25,1349,5,7,2,6,4860935,-173606,3,1,10,3,2,1,205,75,7,5,3,19,0,0,0,0,0
201900002197,19,11,7,694,1,8,3,6,4804798,-44337,6,2,27,3,4,4,209,678,7,4,2,20,0,0,0,0,0
201900002198,19,9,25,1827,1,4,6,7,4465386,168188,4,3,34,2,1,3,33,175,1,1,1,97,0,0,0,0,0
201900002199,19,3,1,210,4,7,4,6,4811928,406348,3,3,48,1,1,1,168,974,4,7,3,84,0,0,0,0,0
201900002200,19,12,10,2052,3,2,2,2,4407330,442692,8,4,34,2,3,4,432,131,1,3,2,61,0,0,0,0,0
201900002201,19,7,12,2177,5,5,1,1,4452687,303792,5,1,36,3,1,2,116,885,3,6,5,72,0,0,0,0,0
201900002202,19,9,5,1660,3,2,9,3,4436896,210838,6,1,43,1,4,1,670,88,1,3,1,88,0,0,0,0,0
201900002203,19,9,26,437,3,9,9,1,4910533,397379,7,1,18,2,1,4,359,690,5,5,3,79,0,0,0,0,0
201900002204,19,6,12,2188,2,7,9,7,4873957,234605,2,3,29,1,1,3,359,439,3,3,4,51,0,0,0,0,0
201900002205,19,2,13,1240,2,8,5,4,4950054,186059,2,4,53,3,2,3,791,6,8,3,4,54,0,0,0,0,0
201900002206,19,10,14,1410,1,2,4,3,4953103,438286,6,4,15,1,3,1,562,443,6,7,2,51,0,0,0,0,0
201900002207,19,8,17,1079,4,9,8,3,4477830,498730,5,2,43,3,2,2,346,147,2,1,3,32,0,0,0,0,0
201900002208,19,1,17,1408,1,6,2,7,4732800,-132891,1,4,51,2,3,1,1,281,9,6,3,68,0,0,0,0,0
201900002209,19,5,7,1622,4,3,8,3,4593672,362795,4,4,45,3,4,3,739,988,5,7,3,31,0,0,0,0,0
201900002210,19,12,21,1017,2,3,5,1,4729657,663924,7,4,24,2,3,3,789,274,2,4,5,92,0,0,0,0,0
201900002211,19,5,25,1150,4,7,6,6,4851035,410924,9,3,53,1,3,3,643,49,3,7,1,78,0,0,0,0,0
201900002212,19,11,11,1182,5,6,9,7,4996764,284161,6,1,5,2,4,3,468,538,5,3,2,5,0,0,0,0,0
201900002213,19,2,11,1299,2,3,1,5,4583632,499564,5,3,52,2,1,4,56,334,2,2,2,95,0,0,0,0,0
201900002214,19,9,3,1410,1,8,4,4,4624578,-109259,6,4,40,3,1,2,504,797,8,3,2,96,0,0,0,0,0
201900002215,19,3,15,1512,4,2,7,1,4579186,598505,6,2,37,1,3,3,174,811,6,3,5,3,0,0,0,0,0
201900002216,19,6,8,484,5,9,2,7,4741216,615267,4,1,12,1,1,3,703,256,1,7,4,46,0,0,0,0,0
201900002217,19,11,24,2096,1,7,5,5,4512466,195525,3,4,40,2,3,1,401,663,1,3,3,81,0,0,0,0,0
201900002218,19,3,21,2175,1,2,5,5,4482035,-329107,3,1,19,2,1,2,150,545,8,6,3,50,0,0,0,0,0
201900002219,19,7,18,696,4,7,7,7,4524386,-178550,7,4,0,3,1,3,361,537,2,1,3,68,0,0,0,0,0
201900002220,19,8,4,2357,5,9,8,6,4841182,79041,9,3,3,3,1,2,322,692,3,5,4,51,0,0,0,0,0
201900002221,19,12,24,1226,4,9,9,7,4427237,-249805,2,2,38,1,1,3,645,864,2,4,2,20,0,0,0,0,0
201900002222,19,12,2,1847,5,6,5,7,4978007,-310585,1,1,27,1,3,4,307,785,9,7,3,73,0,0,0,0,0
201900002223,19,9,13,1745,2,1,5,2,4519086,-319373,2,4,52,1,2,3,683,548,2,5,2,46,0,0,0,0,0
201900002224,19,1,26,226,4,8,5,3,4594240,691661,9,1,18,3,4,3,731,160,6,6,1,27,0,0,0,0,0