Num_Acc,an,mois,jour,hrmn,lum,int,atm,col,lat,long,catr,circ,nbv,vosp,prof,plan,lartpc,larrout,surf,infra,situ,env1,unscathed,killed,hospital,light,chance
201900002225,19,7,20,1571,2,5,4,5,4612277,61306,2,2,53,1,4,3,297,105,2,5,4,66,0,0,0,0,0
201900002226,19,6,28,1213,2,9,1,4,4718070,189287,1,2,3,1,2,3,105,157,2,6,1,34,0,0,0,0,0
201900002227,19,11,20,382,3,3,8,6,4928610,684450,3,3,39,1,1,2,723,946,8,6,2,62,0,0,0,0,0
201900002228,19,1,1,294,2,7,9,6,4742089,192435,5,2,39,2,1,3,316,754,2,5,1,39,0,0,0,0,0
201900002229,19,2,25,755,2,5,3,4,4646493,282754,5,3,30,1,1,1,531,189,1,2,5,4,0,0,0,0,0
201900002230,19,10,10,142,1,1,4,7,4903339,75514,3,2,4,3,2,2,815,827,8,1,4,33,0,0,0,0,0
201900002231,19,2,4,393,4,6,5,1,4672937,694630,9,4,20,2,2,1,378,28,1,7,1,45,0,0,0,0,0
201900002232,19,7,6,56,4,7,2,2,4722667,-187236,9,1,1,3,4,4,857,586,1,2,5,48,0,0,0,0,0
201900002233,19,3,19,1552,5,1,9,3,4710024,-185724,3,3,28,3,4,1,651,521,1,6,1,26,0,0,0,0,0
201900002234,19,4,11,19,5,3,8,7,4527837,-171678,7,1,27,2,1,2,778,418,3,5,5,74,0,0,0,0,0
201900002235,19,1,7,2237,5,3,8,3,4989273,-299722,1,3,3,2,4,3,665,536,8,4,3,2,0,0,0,0,0
201900002236,19,2,12,1741,2,1,3,4,4418982,-143689,8,4,11,1,2,4,867,956,6,5,2,76,0,0,0,0,0
201900002237,19,3,6,453,2,3,2,3,4749054,-175265,7,2,16,1,1,3,607,519,7,1,5,39,0,0,0,0,0
201900002238,19,6,3,1711,1,4,2,4,4618457,201028,2,3,32,3,1,4,399,768,3,1,2,85,0,0,0,0,0
201900002239,19,3,8,1776,3,2,6,4,4981406,181949,7,3,21,2,3,4,338,857,1,4,1,92,0,0,0,0,0
201900002240,19,5,9,1610,5,4,3,6,4825033,384934,3,1,23,1,4,4,17,693,8,2,4,96,0,0,0,0,0
201900002241,19,12,11,1546,4,4,3,2,4423321,129040,8,1,25,1,3,4,330,715,4,5,1,18,0,0,0,0,0
201900002242,19,11,24,716,5,7,9,6,4976543,-208289,6,3,16,1,4,4,310,89,9,2,2,41,0,0,0,0,0
201900002243,19,5,20,487,2,2,8,1,4681178,514495,4,2,50,1,1,1,615,145,5,5,3,7,0,0,0,0,0
201900002244,19,3,5,1604,5,5,7,6,4426240,-247172,2,4,5,3,1,3,891,169,1,7,4,61,0,0,0,0,0
201900002245,19,9,7,1835,1,4,5,4,4842031,681289,4,1,34,1,2,4,36,877,6,2,4,45,0,0,0,0,0
201900002246,19,4,11,327,4,2,5,7,4507608,67104,9,3,8,3,2,2,899,823,6,3,5,32,0,0,0,0,0
201900002247,19,6,7,508,3,3,6,5,4528279,-237372,7,1,39,3,4,4,749,209,4,7,5,33,0,0,0,0,0
201900002248,19,7,7,2105,2,5,1,2,4966149,-224347,9,2,9,1,3,4,826,783,6,6,5,77,0,0,0,0,0
201900002249,19,8,6,119,3,4,8,1,4468946,-128179,3,1,10,1,4,1,869,397,9,2,5,76,0,0,0,0,0
201900002250,19,4,17,1242,5,8,5,6,4926366,-397128,9,2,48,3,2,2,277,460,1,7,1,49,0,0,0,0,0
201900002251,19,6,18,20,2,2,5,4,4888264,673108,4,4,13,1,3,3,382,553,5,7,4,18,0,0,0,0,0
201900002252,19,6,17,1156,5,4,3,2,4998875,549525,1,3,49,3,2,4,509,526,8,2,5,74,0,0,0,0,0
201900002253,19,1,22,1426,4,2,1,4,4834113,-183037,2,1,6,2,2,3,575,92,3,1,3,22,0,0,0,0,0
201900002254,19,8,10,2021,3,9,2,5,4717231,212343,4,1,28,3,1,4,592,272,6,1,2,24,0,0,0,0,0
201900002255,19,11,12,186,4,5,5,2,4696121,-335905,5,2,16,2,4,2,753,114,5,1,4,49,0,0,0,0,0
201900002256,19,10,15,1027,1,6,1,3,4805519,-191855,7,1,35,2,1,1,405,911,5,6,3,90,0,0,0,0,0
201900002257,19,9,23,42,4,6,9,2,4629234,308051,7,3,41,2,1,1,480,9,5,6,3,51,0,0,0,0,0
201900002258,19,12,21,1427,4,3,8,7,4669315,-31395,6,1,3,1,3,3,297,328,3,6,2,98,0,0,0,0,0
201900002259,19,11,5,847,1,4,1,4,4729175,-41155,1,1,25,2,4,3,583,433,7,7,5,97,0,0,0,0,0
201900002260,19,1,20,1902,2,3,4,6,4472025,250423,2,3,37,2,1,2,366,769,5,6,5,67,0,0,0,0,0
201900002261,19,3,8,623,1,5,1,4,4893535,613519,6,4,4,3,2,2,134,520,7,2,3,22,0,0,0,0,0
201900002262,19,5,28,181,2,1,4,1,4462891,90377,8,1,6,1,1,3,362,879,7,2,4,0,0,0,0,0,0
201900002263,19,7,19,337,4,4,4,7,4829199,489877,6,2,52,2,3,1,610,149,2,2,4,66,0,0,0,0,0
201900002264,19,3,23,423,3,6,3,4,4558345,-136861,4,2,36,3,4,3,813,806,3,6,3,5,0,0,0,0,0
201900002265,19,3,10,1009,2,4,4,1,4837559,16725,7,3,51,2,4,2,587,896,4,1,1,68,0,0,0,0,0
201900002266,19,1,24,2162,2,2,8,2,4902643,289724,5,3,51,2,3,2,116,101,7,1,2,22,0,0,0,0,0
201900002267,19,12,6,477,5,3,2,7,4683161,-343563,4,3,23,1,1,4,360,518,5,1,2,84,0,0,0,0,0
201900002268,19,8,8,887,5,9,8,6,4511602,-309835,6,2,4,1,3,4,486,870,5,2,4,24,0,0,0,0,0
201900002269,19,2,3,201,3,6,3,1,4714460,-336793,5,3,45,3,1,4,526,703,7,4,3,52,0,0,0,0,0
201900002270,19,2,20,131,1,4,1,3,4949844,-348576,8,2,0,1,2,4,699,564,5,7,2,80,0,0,0,0,0
201900002271,19,4,15,12,2,8,7,6,4506180,296281,5,1,2,3,4,4,124,920,7,1,3,79,0,0,0,0,0
201900002272,19,5,15,2121,3,4,2,1,4787373,485554,4,4,33,2,2,2,478,42,1,2,2,59,0,0,0,0,0
201900002273,19,7,2,1865,1,1,4,7,4537962,60056,8,4,45,2,4,3,357,111,4,2,4,49,0,0,0,0,0
201900002274,19,8,14,2187,1,8,8,2,4891555,534157,8,3,12,2,4,4,402,895,2,3,3,81,0,0,0,0,0
201900002275,19,6,9,972,3,8,7,3,4909893,103576,6,1,21,1,1,3,644,428,2,6,2,28,0,0,0,0,0
201900002276,19,7,9,323,2,3,1,1,4966701,639010,7,2,52,2,1,1,85,895,7,3,2,9,0,0,0,0,0
201900002277,19,3,4,698,1,5,8,7,4812360,-278606,6,4,21,2,2,1,518,219,8,5,5,76,0,0,0,0,0
201900002278,19,3,7,978,2,8,8,6,4631988,80591,2,4,3,3,4,1,41,495,3,3,2,38,0,0,0,0,0
201900002279,19,7,6,1899,3,9,7,1,4522951,439311,1,2,3,3,4,2,201,809,8,5,4,46,0,0,0,0,0
201900002280,19,6,11,333,4,4,1,4,4984401,-143300,2,2,52,1,3,4,575,830,7,6,4,52,0,0,0,0,0
201900002281,19,5,21,1779,1,8,2,2,4859405,478447,2,2,30,1,2,4,173,313,5,5,4,16,0,0,0,0,0
201900002282,19,12,15,1996,1,3,8,3,4941543,625298,6,1,42,2,1,2,862,575,3,3,4,62,0,0,0,0,0
201900002283,19,10,28,2134,3,6,9,4,4629663,644169,8,4,7,3,2,2,848,599,9,7,5,78,0,0,0,0,0
201900002284,19,1,13,2198,5,9,2,2,4886240,291440,5,3,17,1,3,4,101,804,3,6,1,43,0,0,0,0,0
201900002285,19,7,15,577,2,8,6,3,4992624,-186338,1,4,26,3,2,1,365,362,5,2,1,95,0,0,0,0,0
201900002286,19,7,27,915,2,4,6,1,4414278,-276606,6,3,26,1,2,2,647,72,9,4,1,54,0,0,0,0,0
201900002287,19,4,15,803,5,9,1,7,4469805,-361550,6,3,0,1,4,1,904,513,6,6,1,77,0,0,0,0,0
201900002288,19,11,25,1805,4,9,8,7,4961069,237175,1,1,40,3,4,3,334,381,8,6,4,88,0,0,0,0,0
201900002289,19,7,11,2193,5,3,3,7,4489816,56616,7,3,45,3,4,4,451,438,5,4,1,32,0,0,0,0,0
201900002290,19,4,17,1095,4,8,4,2,4821090,-10724,7,1,22,1,4,3,605,669,8,6,4,38,0,0,0,0,0
201900002291,19,7,16,30,5,3,8,2,4499075,123257,8,2,31,1,2,1,843,493,6,2,4,33,0,0,0,0,0
201900002292,19,3,9,1865,2,3,4,1,4845198,47089,1,1,46,1,1,2,645,209,3,1,2,23,0,0,0,0,0
201900002293,19,2,18,980,3,6,5,4,4914552,55400,7,4,19,1,1,4,443,83,1,5,3,20,0,0,0,0,0
201900002294,19,2,6,1466,5,2,3,5,4837365,635111,9,1,15,1,1,4,120,501,8,4,2,3,0,0,0,0,0
201900002295,19,10,13,2212,5,5,6,6,4620899,319083,1,4,8,2,2,2,874,952,4,6,1,17,0,0,0,0,0
201900002296,19,3,28,786,1,3,2,4,4525887,-343306,4,2,25,2,1,2,252,81,5,1,1,49,0,0,0,0,0
201900002297,19,12,2,2076,4,3,1,7,4618044,-154870,9,4,33,1,3,2,876,965,7,4,1,80,0,0,0,0,0
201900002298,19,6,3,459,3,9,6,4,4411615,-55389,7,4,4,3,1,2,14,164,4,1,1,39,0,0,0,0,0
201900002299,19,3,2,1392,3,3,9,4,4557033,-308473,7,3,42,3,4,3,380,546,8,5,2,56,0,0,0,0,0
201900002300,19,8,11,1795,2,7,2,5,4642482,-146377,6,1,2,1,1,2,139,930,6,1,1,1,0,0,0,0,0
201900002301,19,4,23,219,1,8,6,1,4404502,-342236,7,1,24,1,1,1,677,512,8,1,1,95,0,0,0,0,0
201900002302,19,6,14,1347,4,6,9,4,4723733,-181265,4,3,18,2,2,2,45,907,5,4,5,11,0,0,0,0,0
201900002303,19,6,20,1379,5,1,6,4,4666607,-381554,5,4,29,1,2,4,412,276,4,4,3,56,0,0,0,0,0
201900002304,19,8,23,979,4,7,3,6,4462226,518268,3,3,44,3,3,4,268,178,8,2,1,74,0,0,0,0,0
201900002305,19,11,23,1565,1,1,3,7,4652688,111071,9,2,43,1,1,2,576,955,7,2,4,47,0,0,0,0,0
201900002306,19,5,17,75,4,8,2,4,4559978,367684,3,3,51,2,1,2,138,204,6,6,5,19,0,0,0,0,0
201900002307,19,5,16,2333,5,1,7,5,4723937,-381872,7,1,15,2,1,1,609,88,9,7,4,27,0,0,0,0,0
201900002308,19,9,5,1802,2,4,3,7,4999865,520425,2,3,20,1,2,4,643,721,5,6,4,96,0,0,0,0,0
201900002309,19,12,28,2297,1,1,1,3,4862891,-163743,7,4,2,3,3,1,641,789,2,4,4,29,0,0,0,0,0
201900002310,19,10,21,2266,5,2,2,5,4882759,585788,4,2,43,3,2,2,171,195,3,3,2,78,0,0,0,0,0
201900002311,19,9,20,2314,4,4,5,7,4417519,-15307,5,4,4,1,1,3,755,192,1,7,1,71,0,0,0,0,0
201900002312,19,1,17,79,2,3,3,2,4561120,-330647,4,1,29,1,4,3,517,878,5,1,3,55,0,0,0,0,0
201900002313,19,11,10,1804,3,9,9,6,4812302,73352,5,4,1,2,1,1,258,405,7,3,3,79,0,0,0,0,0
201900002314,19,9,22,282,1,8,2,6,4545752,-224935,3,4,16,1,1,4,792,358,4,2,2,73,0,0,0,0,0
201900002315,19,11,27,629,4,3,7,5,4584497,269472,8,3,10,3,2,2,150,227,9,4,3,96,0,0,0,0,0
201900002316,19,3,15,1139,5,1,9,3,4406582,-301394,1,4,45,3,4,1,838,89,9,1,2,13,0,0,0,0,0
201900002317,19,6,17,2206,5,1,7,4,4461604,660604,4,1,41,3,2,3,729,737,3,7,1,35,0,0,0,0,0
201900002318,19,4,16,676,4,9,3,7,4479815,-85730,5,1,3,2,3,4,544,708,4,6,1,8,0,0,0,0,0
201900002319,19,2,19,679,3,4,7,2,4662237,82896,7,3,21,1,1,1,409,477,5,2,2,69,0,0,0,0,0
201900002320,19,7,23,233,1,3,3,4,4469354,-113453,4,4,39,3,3,4,501,367,1,3,3,62,0,0,0,0,0
201900002321,19,10,9,742,3,7,7,2,4735741,672608,3,3,6,1,4,3,518,594,4,1,3,28,0,0,0,0,0
201900002322,19,4,21,926,3,7,3,6,4913185,293917,4,1,16,1,2,2,643,669,5,4,3,12,0,0,0,0,0
201900002323,19,10,13,1872,3,2,9,5,4885198,310659,7,2,45,2,4,3,366,505,2,5,3,12,0,0,0,0,0
201900002324,19,12,25,1437,5,9,6,2,4596998,-382343,1,3,47,1,4,3,302,875,9,7,4,21,0,0,0,0,0
201900002325,19,10,22,882,3,4,6,7,4481083,465613,5,3,15,1,1,4,316,315,2,6,2,72,0,0,0,0,0
201900002326,19,11,22,2340,5,3,2,1,4826098,-362139,6,2,38,2,4,1,780,970,9,2,4,76,0,0,0,0,0
201900002327,19,9,21,1612,1,7,6,5,4545906,245264,8,2,5,3,3,2,600,422,9,6,4,11,0,0,0,0,0
201900002328,19,12,21,552,2,2,2,6,4962511,3955,1,2,4,1,3,4,229,582,5,3,4,27,0,0,0,0,0
201900002329,19,10,10,1476,1,7,3,2,4944642,-238523,3,3,34,1,4,2,124,902,3,4,3,26,0,0,0,0,0
201900002330,19,2,14,1192,2,7,2,5,4943954,-395517,8,3,36,3,4,4,287,869,7,2,5,57,0,0,0,0,0
201900002331,19,4,25,1059,1,7,2,1,4484984,-264755,4,4,17,3,4,4,223,718,9,5,1,75,0,0,0,0,0
201900002332,19,2,2,248,5,9,4,1,4509934,359829,2,3,20,2,3,2,660,327,9,4,2,10,0,0,0,0,0
201900002333,19,11,28,2288,5,4,8,7,4891821,471997,7,4,26,2,3,2,774,418,9,1,2,79,0,0,0,0,0
201900002334,19,9,3,1652,2,2,8,5,4475264,-242729,3,2,29,2,4,3,283,702,6,2,5,32,0,0,0,0,0
201900002335,19,4,15,1181,4,5,7,2,4671905,164136,3,2,48,2,1,1,103,475,1,7,5,27,0,0,0,0,0
201900002336,19,12,25,737,5,5,8,2,4764982,11945,5,3,17,3,3,3,386,761,2,4,2,35,0,0,0,0,0
201900002337,19,12,19,687,2,9,4,1,4812545,433347,1,4,28,2,4,1,101,153,7,5,5,32,0,0,0,0,0
201900002338,19,5,4,2275,1,5,3,1,4807858,304987,3,4,9,3,2,3,425,84,1,7,2,75,0,0,0,0,0
201900002339,19,11,6,1940,4,1,1,2,4442941,-8829,3,2,16,3,4,2,243,246,9,6,2,9,0,0,0,0,0
201900002340,19,8,4,248,5,5,7,6,4963529,-40975,8,4,27,3,2,4,545,439,2,3,1,69,0,0,0,0,0
201900002341,19,7,4,2249,2,6,7,4,4908682,625135,3,3,11,2,3,4,901,477,1,5,4,79,0,0,0,0,0
201900002342,19,8,14,1102,2,2,7,5,4628218,660818,4,1,17,1,1,3,662,902,9,6,2,8,0,0,0,0,0
201900002343,19,1,12,1715,4,4,4,5,4668287,267004,3,3,53,2,1,3,535,245,7,6,1,33,0,0,0,0,0
201900002344,19,4,13,1,1,5,1,5,4553652,-205630,6,3,15,2,3,1,395,303,1,1,4,2,0,0,0,0,0
201900002345,19,6,17,2284,1,1,4,4,4804241,589214,1,2,1,3,2,3,310,934,7,4,5,62,0,0,0,0,0
201900002346,19,1,1,450,1,2,6,7,4877439,57043,9,2,3,1,1,1,347,959,5,4,5,75,0,0,0,0,0
201900002347,19,5,22,294,1,1,7,6,4562639,333468,2,3,41,2,1,4,797,597,2,7,2,55,0,0,0,0,0
201900002348,19,9,14,744,4,8,2,4,4427015,-35548,2,4,51,3,3,4,442,862,2,2,4,1,0,0,0,0,0
201900002349,19,11,17,147,2,4,5,6,4505055,232997,8,2,43,2,1,3,660,344,5,2,5,21,0,0,0,0,0
201900002350,19,8,19,2142,1,9,6,6,4613617,-166198,6,4,0,1,4,4,518,807,1,5,1,32,0,0,0,0,0
201900002351,19,10,16,1182,1,3,6,5,4417533,-333100,8,4,50,2,2,2,233,957,4,1,4,17,0,0,0,0,0
201900002352,19,1,27,1112,2,5,2,4,4517602,-344300,1,4,43,3,4,4,509,787,3,1,1,1,0,0,0,0,0
201900002353,19,5,14,549,2,2,4,6,4944454,-300893,9,3,32,2,3,1,72,93,1,4,1,74,0,0,0,0,0
201900002354,19,6,3,418,5,4,7,3,4864761,31517,3,3,3,1,1,1,297,472,8,4,1,49,0,0,0,0,0
201900002355,19,5,3,1271,2,6,4,6,4677049,636422,1,3,25,1,1,1,224,974,9,4,2,0,0,0,0,0,0
201900002356,19,1,27,1518,2,4,4,5,4876654,-172934,6,2,18,3,1,2,798,333,4,6,4,0,0,0,0,0,0
201900002357,19,3,2,1446,5,1,8,2,4594653,91524,4,3,36,3,2,3,327,113,4,1,4,79,0,0,0,0,0
201900002358,19,1,13,1678,1,2,1,6,4581606,-4936,6,1,27,2,1,2,773,479,1,2,4,80,0,0,0,0,0
201900002359,19,11,17,1277,2,5,1,4,4978317,-210804,9,1,16,3,4,2,731,318,3,1,3,30,0,0,0,0,0
201900002360,19,9,15,544,3,8,7,6,4615034,593463,8,1,11,1,3,1,116,805,7,6,3,94,0,0,0,0,0
201900002361,19,5,4,1612,1,4,7,1,4827293,-332877,6,1,51,2,3,3,154,914,5,4,2,64,0,0,0,0,0
201900002362,19,1,24,280,3,5,3,6,4595452,-274333,9,2,23,2,1,2,676,305,7,2,5,94,0,0,0,0,0
201900002363,19,1,19,1702,1,1,8,5,4499111,-170291,8,1,20,3,1,2,590,751,7,4,5,33,0,0,0,0,0
201900002364,19,3,11,7,2,1,1,2,4944942,239868,2,2,27,3,3,3,187,279,8,4,4,28,0,0,0,0,0
201900002365,19,1,4,412,4,4,6,2,4581038,639015,3,1,30,2,4,1,429,630,9,3,3,46,0,0,0,0,0
201900002366,19,4,5,1825,1,9,9,1,4476291,-310702,4,3,31,2,4,2,835,177,6,1,3,13,0,0,0,0,0
201900002367,19,4,27,1246,4,7,9,4,4861850,533214,7,2,30,1,1,1,240,999,1,5,4,88,0,0,0,0,0
201900002368,19,1,25,663,1,5,3,5,4542715,-135133,6,4,35,2,4,3,384,756,1,6,1,26,0,0,0,0,0
201900002369,19,9,17,2184,3,8,7,4,4535123,277093,4,1,49,1,4,3,67,936,9,7,4,14,0,0,0,0,0
201900002370,19,4,14,879,1,5,8,7,4543052,406325,2,2,14,1,4,3,185,17,6,1,2,84,0,0,0,0,0
201900002371,19,8,11,328,5,5,3,4,4575071,-226339,4,4,47,1,2,1,798,718,8,7,5,63,0,0,0,0,0
201900002372,19,9,9,23,1,8,6,3,4651050,206318,7,4,39,1,4,3,592,14,1,1,3,94,0,0,0,0,0
201900002373,19,6,21,1265,1,1,2,2,4955146,146851,8,1,29,1,1,1,473,161,4,2,3,8,0,0,0,0,0
201900002374,19,7,20,2319,3,3,9,2,4641487,94438,9,1,35,1,3,3,312,225,2,3,5,17,0,0,0,0,0
201900002375,19,12,22,1256,1,5,2,2,4832476,29221,1,1,15,3,2,1,465,233,6,7,1,91,0,0,0,0,0
201900002376,19,1,6,2302,2,6,2,5,4493069,684935,1,4,11,1,3,3,513,695,2,5,3,6,0,0,0,0,0
201900002377,19,11,26,1133,5,7,4,4,4971300,-202793,2,3,4,1,3,1,501,769,4,2,3,31,0,0,0,0,0
201900002378,19,6,7,546,1,6,4,6,4607241,577723,6,3,1,2,4,2,819,526,2,5,1,67,0,0,0,0,0
201900002379,19,3,13,149,2,6,1,2,4549830,575895,9,4,4,2,3,1,125,722,8,3,2,62,0,0,0,0,0
201900002380,19,12,27,681,3,1,3,4,4510065,-214311,1,3,22,3,3,1,752,423,4,6,3,91,0,0,0,0,0
201900002381,19,11,2,1259,2,3,1,2,4919656,609081,6,1,40,3,1,3,20,822,6,4,4,52,0,0,0,0,0
201900002382,19,9,19,2148,1,3,2,7,4855874,434981,5,1,15,1,4,4,580,673,2,7,4,73,0,0,0,0,0
201900002383,19,12,15,590,2,9,5,3,4969048,-13337,9,3,20,3,1,3,90,877,6,7,4,68,0,0,0,0,0
201900002384,19,11,5,770,3,1,3,6,4848711,590336,3,4,19,2,4,3,581,595,6,7,5,71,0,0,0,0,0
201900002385,19,2,15,1398,1,5,7,4,4952953,629680,2,2,2,1,3,1,271,390,7,3,4,60,0,0,0,0,0
201900002386,19,6,9,1312,5,7,6,4,4987934,226852,2,2,44,3,4,4,322,423,7,2,2,6,0,0,0,0,0
201900002387,19,12,21,182,5,8,4,7,4835015,668189,7,3,45,2,4,2,769,476,8,7,2,40,0,0,0,0,0
201900002388,19,8,16,1117,4,2,6,6,4679780,16354,5,4,10,1,2,2,494,758,5,4,3,19,0,0,0,0,0
201900002389,19,6,16,2035,4,4,7,7,4502396,91758,3,4,41,2,3,1,473,350,6,7,1,67,0,0,0,0,0
201900002390,19,7,28,1042,2,1,3,7,4847775,190011,9,1,37,2,2,4,224,928,1,1,2,42,0,0,0,0,0
201900002391,19,9,23,625,1,8,6,1,4440227,261432,1,1,38,2,4,2,674,359,8,3,4,8,0,0,0,0,0
201900002392,19,11,18,2168,1,1,9,2,4564403,-75045,8,1,23,1,4,1,227,845,2,1,5,28,0,0,0,0,0
201900002393,19,5,5,1222,5,3,1,5,4440084,-344019,2,2,22,2,1,3,816,210,7,3,5,1,0,0,0,0,0
201900002394,19,7,24,1900,5,1,5,2,4646714,-219764,2,4,43,3,2,3,369,871,6,2,3,28,0,0,0,0,0
201900002395,19,9,7,2161,5,4,9,1,4532685,-276467,4,3,42,3,4,3,413,877,5,6,2,33,0,0,0,0,0
201900002396,19,8,22,1320,1,5,5,1,4504255,-141973,6,4,53,3,1,2,423,484,7,6,3,14,0,0,0,0,0
201900002397,19,9,26,874,5,9,3,4,4851337,541475,7,2,12,3,3,2,538,204,1,4,1,48,0,0,0,0,0
201900002398,19,10,1,1847,4,6,3,4,4669349,-199660,3,4,50,3,2,4,131,831,3,3,2,6,0,0,0,0,0
201900002399,19,12,2,1761,2,4,8,2,4519052,269847,7,2,52,1,1,2,247,758,9,5,4,3,0,0,0,0,0
201900002400,19,5,2,1512,1,8,7,3,4675576,-177280,6,4,26,3,1,1,234,975,8,2,5,34,0,0,0,0,0
201900002401,19,6,13,1779,2,6,6,2,4911283,-242245,2,1,31,3,1,1,821,181,8,5,5,58,0,0,0,0,0
201900002402,19,10,16,1971,3,5,1,5,4921265,-70079,5,4,50,2,2,1,246,643,9,6,1,22,0,0,0,0,0
201900002403,19,2,3,173,5,1,6,2,4594842,251430,3,1,51,1,4,3,426,418,2,4,2,59,0,0,0,0,0
201900002404,19,3,3,2174,2,8,6,3,4498600,314939,6,4,1,1,1,3,837,943,4,4,4,14,0,0,0,0,0
201900002405,19,9,28,638,3,4,4,2,4994453,-32268,1,3,43,2,1,3,324,532,2,7,1,0,0,0,0,0,0
201900002406,19,2,19,1138,1,4,4,1,4480999,224774,2,1,38,2,3,3,108,846,6,1,1,97,0,0,0,0,0
201900002407,19,4,13,2235,5,6,8,3,4607508,584676,3,1,25,2,3,1,425,116,8,2,1,97,0,0,0,0,0
201900002408,19,9,5,941,4,4,3,4,4882632,541070,9,4,10,1,3,1,582,536,1,7,1,60,0,0,0,0,0
201900002409,19,3,27,1548,2,7,1,4,4630744,-118924,4,2,20,1,3,4,858,226,6,5,1,91,0,0,0,0,0
201900002410,19,6,12,10,4,8,3,1,4597866,-75367,3,3,49,1,4,2,124,243,7,3,4,37,0,0,0,0,0
201900002411,19,6,21,1278,3,8,7,3,4971639,471808,3,4,30,3,1,3,38,63,4,6,1,27,0,0,0,0,0
201900002412,19,10,26,2190,5,7,6,4,4835764,316555,8,3,18,3,3,2,276,223,9,4,1,73,0,0,0,0,0
201900002413,19,3,21,1167,1,2,5,7,4918181,62091,5,1,20,3,3,4,620,253,7,4,4,10,0,0,0,0,0
201900002414,19,12,22,22,3,6,4,5,4511407,-359597,9,2,40,1,3,3,563,350,3,7,3,29,0,0,0,0,0
201900002415,19,4,20,2273,1,9,5,6,4626664,199660,6,4,22,3,3,3,908,902,9,7,5,15,0,0,0,0,0
201900002416,19,4,8,1576,3,4,9,5,4523452,-262087,9,3,0,3,3,1,686,492,3,1,3,13,0,0,0,0,0
201900002417,19,11,18,999,4,3,8,2,4453348,58342,4,3,35,3,1,3,37,923,8,2,3,98,0,0,0,0,0
201900002418,19,5,27,215,5,6,5,3,4452566,38686,7,4,32,1,3,4,461,670,3,6,3,49,0,0,0,0,0
201900002419,19,10,15,2249,3,7,4,2,4670512,338159,3,2,45,3,4,1,97,783,7,3,5,18,0,0,0,0,0
201900002420,19,1,17,2133,2,6,5,4,4587658,266166,5,2,20,1,4,1,113,854,7,7,4,20,0,0,0,0,0
201900002421,19,2,17,1603,1,4,5,1,4787671,693093,5,2,34,1,2,2,197,337,9,7,2,21,0,0,0,0,0
201900002422,19,1,26,1151,2,6,5,1,4582086,-65636,2,1,26,1,2,3,598,578,4,3,4,84,0,0,0,0,0
201900002423,19,12,5,1202,4,9,8,7,4757317,603792,8,3,10,3,1,1,705,924,9,4,4,94,0,0,0,0,0
201900002424,19,11,10,5,3,2,1,3,4447023,239252,4,2,17,2,4,1,12,491,6,7,4,7,0,0,0,0,0
201900002425,19,7,18,2312,3,5,1,3,4990339,195386,7,2,49,1,3,2,247,121,5,2,1,3,0,0,0,0,0
201900002426,19,5,15,1150,4,7,5,7,4733678,478684,4,3,34,1,1,2,23,685,1,7,4,21,0,0,0,0,0
201900002427,19,5,10,321,3,7,6,3,4720615,33175,4,3,22,2,4,4,725,717,5,2,3,41,0,0,0,0,0
201900002428,19,9,24,156,4,5,5,3,4471478,-261029,4,2,48,1,1,1,749,928,3,7,1,84,0,0,0,0,0
201900002429,19,6,12,833,5,1,8,1,4562562,53722,9,2,41,3,4,1,756,23,2,6,3,26,0,0,0,0,0
201900002430,19,3,21,956,4,6,4,5,4841426,120333,4,3,36,3,4,3,508,352,4,3,2,94,0,0,0,0,0
201900002431,19,12,24,1455,5,8,1,6,4467686,606663,5,1,43,3,4,1,210,435,6,2,1,46,0,0,0,0,0
201900002432,19,7,15,1623,4,1,5,4,4868038,590149,7,4,7,3,4,4,232,895,3,7,1,97,0,0,0,0,0
201900002433,19,10,16,2160,3,3,5,3,4703149,500591,7,2,8,2,2,2,155,834,4,7,2,1,0,0,0,0,0
201900002434,19,11,17,566,3,8,2,4,4880018,491245,4,1,12,2,3,2,619,758,5,3,3,53,0,0,0,0,0
201900002435,19,9,3,476,1,1,4,6,4842069,616647,2,4,14,1,2,2,674,545,4,2,5,2,0,0,0,0,0
201900002436,19,8,23,459,3,3,2,2,4844864,-171659,2,3,34,2,4,1,814,491,8,1,4,12,0,0,0,0,0
201900002437,19,6,27,479,2,2,5,4,4678912,-387095,5,2,47,2,1,3,456,689,1,5,4,6,0,0,0,0,0
201900002438,19,7,6,731,4,7,8,5,4864200,-198979,5,1,28,1,3,4,249,792,5,4,1,21,0,0,0,0,0