Num_Acc,an,mois,jour,hrmn,lum,int,atm,col,lat,long,catr,circ,nbv,vosp,prof,plan,lartpc,larrout,surf,infra,situ,env1,unscathed,killed,hospital,light,chance
201900002439,19,4,22,270,5,9,7,3,4462051,-285065,5,2,35,2,1,4,112,202,6,7,5,90,0,0,0,0,0
201900002440,19,3,15,1343,5,9,7,4,4581286,-360765,2,2,17,3,4,3,462,850,6,3,5,7,0,0,0,0,0
201900002441,19,9,22,1093,3,2,6,2,4742308,373106,3,2,38,1,2,4,302,552,1,4,1,33,0,0,0,0,0
201900002442,19,4,2,1403,5,2,5,6,4453723,-48275,4,3,46,1,1,4,316,770,8,3,4,21,0,0,0,0,0
201900002443,19,3,8,2309,3,7,1,3,4906541,563892,1,1,43,2,3,3,219,763,1,7,2,24,0,0,0,0,0
201900002444,19,1,1,1060,4,8,1,6,4532789,671109,8,4,14,2,4,3,553,715,4,2,2,27,0,0,0,0,0
201900002445,19,5,12,2131,2,9,9,5,4781536,128512,1,4,50,3,1,4,578,81,2,1,4,86,0,0,0,0,0
201900002446,19,8,10,234,5,3,4,5,4931944,624682,7,3,52,2,4,1,11,378,2,3,2,42,0,0,0,0,0
201900002447,19,9,6,2323,3,1,8,1,4651026,-69778,8,4,48,2,2,3,387,515,2,3,5,42,0,0,0,0,0
201900002448,19,11,27,882,2,2,7,1,4614724,304541,8,3,25,1,4,4,674,273,2,1,1,48,0,0,0,0,0
201900002449,19,7,16,1045,4,4,9,6,4778809,443067,5,1,26,1,1,3,94,231,8,7,4,9,0,0,0,0,0
201900002450,19,11,2,449,5,2,4,6,4509416,-357031,4,1,19,2,2,2,148,247,2,5,4,82,0,0,0,0,0
201900002451,19,11,26,330,5,8,2,7,4472832,630936,6,1,9,3,3,2,649,525,7,7,4,92,0,0,0,0,0
201900002452,19,12,20,2091,3,1,9,5,4400757,-385363,8,2,34,3,2,2,515,616,1,2,2,4,0,0,0,0,0
201900002453,19,8,11,729,1,5,3,6,4492350,46341,3,1,17,2,1,4,474,219,3,1,2,24,0,0,0,0,0
201900002454,19,2,23,250,4,1,1,3,4595966,484459,7,4,22,3,2,4,377,213,4,5,3,55,0,0,0,0,0
201900002455,19,10,16,296,4,1,8,6,4799433,-325969,2,1,32,1,2,2,544,763,2,4,3,8,0,0,0,0,0
201900002456,19,5,25,394,3,4,5,6,4720572,606868,6,2,39,3,4,2,634,419,9,1,4,35,0,0,0,0,0
201900002457,19,10,2,2344,5,7,3,5,4793655,-18131,9,3,28,2,2,4,223,584,5,2,4,5,0,0,0,0,0
201900002458,19,12,15,1733,5,5,4,5,4445561,-40705,9,4,3,1,2,2,660,347,5,3,5,24,0,0,0,0,0
201900002459,19,3,27,887,2,9,1,1,4774667,48992,3,2,38,2,1,4,634,743,5,2,2,67,0,0,0,0,0
201900002460,19,7,4,2008,5,3,7,7,4714037,206293,5,3,16,1,3,2,886,935,3,3,5,99,0,0,0,0,0
201900002461,19,8,16,1923,1,8,9,2,4771039,617461,3,1,39,3,1,3,866,813,9,6,1,60,0,0,0,0,0
201900002462,19,10,13,661,4,9,5,4,4643140,556992,6,4,28,2,4,3,79,377,8,5,2,86,0,0,0,0,0
201900002463,19,1,14,413,1,9,6,1,4929062,-301718,6,2,12,2,3,4,830,746,5,1,2,52,0,0,0,0,0
201900002464,19,6,24,389,5,1,7,3,4832611,424841,5,3,17,3,3,1,90,821,1,3,3,83,0,0,0,0,0
201900002465,19,2,11,760,1,7,4,7,4617802,-300695,5,2,50,2,4,4,559,995,8,5,5,63,0,0,0,0,0
201900002466,19,12,11,1790,5,4,4,4,4502709,514433,7,3,0,1,2,3,826,778,9,7,2,96,0,0,0,0,0
201900002467,19,6,22,951,3,7,7,2,4938296,382997,8,1,7,3,4,3,682,669,8,6,3,6,0,0,0,0,0
201900002468,19,6,22,377,3,4,1,1,4811644,155015,7,1,4,3,2,4,403,307,7,4,2,88,0,0,0,0,0
201900002469,19,4,1,1177,4,9,9,1,4742043,622330,5,2,12,3,4,3,720,383,1,1,5,52,0,0,0,0,0
201900002470,19,7,10,1573,4,1,5,7,4791655,335979,3,3,10,3,4,1,293,929,2,6,5,53,0,0,0,0,0
201900002471,19,6,18,1813,1,4,5,7,4520611,-26747,3,3,11,1,1,4,744,955,1,2,2,24,0,0,0,0,0
201900002472,19,12,12,210,4,7,1,3,4577444,-314871,9,4,46,3,3,2,143,671,9,1,5,85,0,0,0,0,0
201900002473,19,8,4,1058,1,1,8,4,4860320,-53522,8,4,27,3,1,4,829,844,6,4,3,35,0,0,0,0,0
201900002474,19,6,7,17,5,2,3,5,4961870,315242,1,3,25,1,4,4,32,897,8,5,5,55,0,0,0,0,0
201900002475,19,12,28,1671,5,7,6,4,4854418,546230,3,1,52,1,1,1,530,196,2,1,3,14,0,0,0,0,0
201900002476,19,9,13,1014,1,9,2,6,4806553,685671,5,1,6,2,3,3,461,19,8,1,4,85,0,0,0,0,0
201900002477,19,4,5,2273,3,1,4,5,4623237,542184,3,2,35,1,2,1,384,372,9,6,1,99,0,0,0,0,0
201900002478,19,12,23,722,5,8,7,4,4522683,619004,9,1,8,2,2,4,590,715,8,5,5,89,0,0,0,0,0
201900002479,19,12,13,2257,3,1,6,2,4996918,-137882,7,2,45,3,1,4,333,346,9,6,4,21,0,0,0,0,0
201900002480,19,1,5,1332,2,8,9,5,4955806,-309184,2,2,25,3,2,1,32,602,3,1,5,63,0,0,0,0,0
201900002481,19,10,20,1032,5,9,9,3,4661212,-229811,8,3,13,1,4,1,179,852,9,6,4,53,0,0,0,0,0
201900002482,19,8,27,270,2,1,5,2,4548765,62827,6,3,45,1,3,3,716,452,1,3,2,63,0,0,0,0,0
201900002483,19,4,2,801,5,5,7,2,4554739,330887,8,2,41,1,4,4,244,268,9,2,3,81,0,0,0,0,0
201900002484,19,8,12,374,3,1,2,6,4586518,104354,5,2,30,2,4,2,782,69,6,5,2,43,0,0,0,0,0
201900002485,19,6,18,1574,2,3,4,4,4794251,469692,3,4,46,3,4,4,535,847,3,2,2,36,0,0,0,0,0
201900002486,19,12,15,525,4,1,6,3,4805629,143355,4,3,19,3,3,4,808,77,7,3,4,68,0,0,0,0,0
201900002487,19,5,12,1735,3,3,6,2,4588025,184517,8,4,44,1,2,3,141,773,2,6,4,85,0,0,0,0,0
201900002488,19,6,6,295,5,1,2,4,4478527,420949,5,2,17,1,1,1,458,553,6,3,4,30,0,0,0,0,0
201900002489,19,3,20,2083,5,7,6,6,4412737,-195524,7,1,18,2,1,2,891,618,3,6,3,74,0,0,0,0,0
201900002490,19,7,12,372,3,6,8,2,4858298,-334549,8,4,2,2,1,2,540,995,5,4,5,85,0,0,0,0,0
201900002491,19,7,19,1299,4,6,3,6,4639403,351963,7,3,20,3,2,4,611,223,7,2,5,1,0,0,0,0,0
201900002492,19,6,9,1928,2,7,7,1,4796968,530468,6,2,25,2,2,4,633,216,5,7,4,43,0,0,0,0,0
201900002493,19,2,6,908,3,6,4,4,4684019,-164401,3,2,9,1,4,2,140,692,4,5,2,87,0,0,0,0,0
201900002494,19,9,4,1028,3,4,5,7,4502754,645347,4,2,5,3,3,2,335,935,7,7,5,57,0,0,0,0,0
201900002495,19,4,13,1513,2,4,6,5,4614930,401353,2,1,40,3,2,1,294,585,3,7,1,78,0,0,0,0,0
201900002496,19,4,7,979,4,4,2,7,4452276,-191381,5,2,8,3,1,2,697,962,1,4,3,13,0,0,0,0,0
201900002497,19,1,7,930,5,6,1,5,4632035,208737,5,3,10,2,1,1,80,777,3,6,5,6,0,0,0,0,0
201900002498,19,2,18,1272,1,4,7,1,4609115,183497,7,3,25,1,4,3,468,659,3,1,1,9,0,0,0,0,0
201900002499,19,9,11,20,4,9,6,2,4465125,349523,6,2,34,3,2,4,218,74,6,1,3,83,0,0,0,0,0
201900002500,19,5,27,936,3,5,9,4,4870703,406835,2,1,44,1,2,3,237,347,6,7,5,13,0,0,0,0,0
201900002501,19,7,27,963,5,8,4,3,4885480,-196568,1,4,52,3,3,3,673,16,3,6,4,95,0,0,0,0,0
201900002502,19,3,12,1423,1,1,1,4,4995392,344636,2,4,22,2,1,2,815,393,3,1,4,15,0,0,0,0,0
201900002503,19,8,8,486,2,9,5,7,4739308,425332,4,3,53,1,1,3,520,219,1,1,3,3,0,0,0,0,0
201900002504,19,5,26,2249,5,8,9,6,4733742,-375081,3,2,35,1,1,2,480,561,3,2,2,57,0,0,0,0,0
201900002505,19,8,3,1902,5,5,2,5,4696110,-196734,1,1,38,3,3,3,857,444,9,3,3,18,0,0,0,0,0
201900002506,19,10,7,1126,1,1,7,4,4660071,383452,1,3,4,3,4,3,25,326,9,1,4,41,0,0,0,0,0
201900002507,19,10,20,438,1,5,3,5,4515254,67535,7,4,5,3,1,2,728,395,9,6,5,62,0,0,0,0,0
201900002508,19,4,10,1522,3,8,6,2,4472664,-251150,5,4,29,2,3,1,6,376,5,5,3,24,0,0,0,0,0
201900002509,19,1,11,1782,3,7,9,1,4416609,37370,4,3,10,2,4,1,489,138,5,1,2,24,0,0,0,0,0
201900002510,19,10,12,1415,4,9,9,2,4688056,463845,6,2,47,2,1,2,234,53,2,5,2,76,0,0,0,0,0
201900002511,19,1,17,1356,5,7,1,4,4413458,368925,5,4,48,3,1,3,852,362,3,1,4,36,0,0,0,0,0
201900002512,19,6,5,1815,3,6,1,4,4946624,-127015,2,1,1,1,2,1,247,925,6,1,5,71,0,0,0,0,0
201900002513,19,9,18,294,3,8,9,5,4967945,-330579,3,4,41,3,3,3,0,580,1,2,4,20,0,0,0,0,0
201900002514,19,5,14,1961,2,3,3,3,4612176,445373,6,4,30,2,2,2,562,307,4,2,4,75,0,0,0,0,0
201900002515,19,6,9,1841,5,9,3,4,4771307,-80292,4,4,30,3,1,1,245,200,4,4,1,80,0,0,0,0,0
201900002516,19,10,14,1026,2,1,9,4,4797266,452445,8,4,45,3,1,4,391,356,4,3,4,8,0,0,0,0,0
201900002517,19,7,9,1254,1,9,4,1,4572595,460785,1,3,39,3,2,1,111,196,5,3,3,77,0,0,0,0,0
201900002518,19,6,17,884,2,1,2,1,4495772,-206423,1,3,36,1,3,2,790,663,7,7,4,15,0,0,0,0,0
201900002519,19,6,18,956,3,5,2,2,4834577,130597,8,4,34,3,2,2,196,159,2,5,2,43,0,0,0,0,0
201900002520,19,6,4,1722,5,3,9,7,4523544,439316,2,4,47,3,3,3,664,608,4,1,3,48,0,0,0,0,0
201900002521,19,8,22,852,3,1,7,2,4652923,-53007,1,4,28,3,2,4,198,2,6,1,3,83,0,0,0,0,0
201900002522,19,8,5,2218,4,4,7,6,4581700,368944,9,2,36,1,1,4,690,882,2,2,1,38,0,0,0,0,0
201900002523,19,12,13,1605,3,5,7,4,4916550,-169398,3,4,11,3,4,2,377,580,3,5,3,32,0,0,0,0,0
201900002524,19,12,7,1664,1,3,2,3,4677326,-129310,2,4,48,1,2,3,53,277,4,4,5,83,0,0,0,0,0
201900002525,19,6,23,1481,2,7,3,4,4614431,-124878,8,2,1,1,3,3,126,475,5,6,2,71,0,0,0,0,0
201900002526,19,5,20,621,4,6,5,7,4810844,250774,8,1,27,1,1,4,842,359,5,2,1,9,0,0,0,0,0
201900002527,19,7,20,304,2,3,2,5,4908500,545779,5,4,41,3,2,2,789,432,4,4,4,78,0,0,0,0,0
201900002528,19,6,27,1823,4,6,9,6,4904641,261643,2,2,7,2,1,3,121,953,4,3,5,50,0,0,0,0,0
201900002529,19,5,1,1041,2,3,9,4,4467063,-262833,6,4,53,2,3,4,781,199,6,6,4,39,0,0,0,0,0
201900002530,19,12,15,198,5,5,1,2,4577799,434361,6,1,15,3,4,3,147,632,8,5,2,42,0,0,0,0,0
201900002531,19,5,20,1271,2,4,5,2,4772243,371237,9,4,31,1,1,3,186,768,3,7,3,13,0,0,0,0,0
201900002532,19,8,23,494,4,4,7,5,4748012,431275,3,3,19,1,3,3,108,821,5,4,2,0,0,0,0,0,0
201900002533,19,9,10,795,5,3,7,6,4463452,556846,8,1,12,3,3,1,897,144,7,3,5,9,0,0,0,0,0
201900002534,19,8,15,1539,2,4,3,6,4975043,412900,4,4,12,2,4,2,287,210,2,4,4,59,0,0,0,0,0
201900002535,19,4,28,1911,1,1,7,4,4725099,100449,3,1,47,2,3,2,820,976,2,6,2,89,0,0,0,0,0
201900002536,19,6,18,725,5,5,1,7,4476958,-276070,7,3,50,3,2,2,580,851,7,4,3,48,0,0,0,0,0
201900002537,19,5,6,2015,2,2,4,3,4579363,405230,4,1,38,3,4,3,823,297,3,6,4,88,0,0,0,0,0
201900002538,19,1,3,27,4,5,4,1,4759978,146169,3,3,0,2,2,4,247,586,2,4,4,21,0,0,0,0,0
201900002539,19,11,25,1311,1,5,7,3,4621273,-291271,8,1,29,3,3,2,552,342,8,7,3,44,0,0,0,0,0
201900002540,19,9,23,2283,2,3,9,7,4620235,146272,6,1,31,2,1,1,408,964,2,2,4,92,0,0,0,0,0
201900002541,19,2,4,175,3,4,6,7,4503669,461550,9,1,17,1,1,1,461,781,5,3,5,8,0,0,0,0,0
201900002542,19,8,28,1240,4,8,7,3,4518268,73904,8,4,48,1,2,1,516,638,8,3,3,56,0,0,0,0,0
201900002543,19,12,19,220,4,5,6,6,4536310,324760,7,4,43,3,3,4,516,687,7,1,5,71,0,0,0,0,0
201900002544,19,2,16,1765,3,8,7,5,4590917,73906,3,2,25,1,1,3,884,171,7,5,2,87,0,0,0,0,0
201900002545,19,2,5,525,3,5,1,6,4933423,-1076,3,1,22,1,4,2,216,428,2,4,1,22,0,0,0,0,0
201900002546,19,8,15,695,5,6,8,4,4644056,38534,5,4,33,2,2,1,28,121,1,3,2,68,0,0,0,0,0
201900002547,19,10,18,737,4,9,1,5,4760978,-242136,5,3,0,1,4,1,807,423,1,7,3,41,0,0,0,0,0
201900002548,19,3,6,2259,2,5,4,5,4836909,-214389,8,4,20,3,2,2,781,428,2,1,4,52,0,0,0,0,0
201900002549,19,11,4,1111,2,2,5,3,4905472,-295327,1,2,39,3,3,1,569,664,2,2,3,56,0,0,0,0,0
201900002550,19,10,19,820,2,3,1,3,4489506,311718,6,2,14,2,1,2,620,430,4,5,1,15,0,0,0,0,0
201900002551,19,4,15,2344,1,1,4,1,4985547,665313,5,3,18,3,4,3,793,886,7,2,3,98,0,0,0,0,0
201900002552,19,12,17,888,5,9,9,4,4414991,-32018,4,4,31,3,3,2,228,424,1,3,5,42,0,0,0,0,0
201900002553,19,6,11,64,5,6,3,7,4406619,363998,3,4,12,1,1,3,663,778,9,5,5,25,0,0,0,0,0
201900002554,19,6,6,1706,3,4,4,2,4599763,536534,7,4,40,1,1,3,215,67,1,7,5,32,0,0,0,0,0
201900002555,19,4,14,969,2,1,4,3,4546934,142788,1,1,44,2,3,1,109,533,8,1,1,86,0,0,0,0,0
201900002556,19,4,25,1479,2,6,3,2,4953770,-85493,2,3,48,1,4,2,762,573,5,4,1,42,0,0,0,0,0
201900002557,19,12,13,628,4,3,4,7,4474923,-243349,7,2,43,3,4,2,189,871,4,2,4,19,0,0,0,0,0
201900002558,19,7,3,1057,1,9,8,1,4705003,68031,6,3,32,3,2,2,529,796,6,2,2,81,0,0,0,0,0
201900002559,19,8,27,359,5,3,8,2,4998629,272836,6,1,36,1,3,4,729,498,7,7,4,36,0,0,0,0,0
201900002560,19,11,2,1676,1,8,9,2,4953362,-303997,2,2,18,2,4,4,463,320,3,2,4,10,0,0,0,0,0
201900002561,19,4,5,386,4,1,8,6,4626093,-380456,5,4,28,2,1,4,370,970,5,4,2,31,0,0,0,0,0
201900002562,19,4,9,520,3,2,2,1,4838891,116888,5,4,41,3,2,2,668,11,9,5,3,80,0,0,0,0,0
201900002563,19,8,18,1217,1,1,3,7,4591050,98482,2,4,33,2,4,4,365,672,5,5,5,61,0,0,0,0,0
201900002564,19,3,6,606,1,9,3,1,4731714,671865,7,4,42,3,4,2,84,918,7,1,2,2,0,0,0,0,0
201900002565,19,4,17,1391,2,2,3,4,4768180,-23784,8,3,40,2,2,4,236,635,4,4,5,94,0,0,0,0,0
201900002566,19,2,28,499,4,2,4,2,4921020,-21770,4,3,43,3,4,4,534,944,7,1,3,74,0,0,0,0,0
201900002567,19,3,8,373,2,6,2,4,4909855,504530,1,4,11,2,3,1,638,313,6,2,5,91,0,0,0,0,0
201900002568,19,7,26,2007,4,1,4,3,4432101,204164,4,1,19,3,4,2,584,587,3,4,4,39,0,0,0,0,0
201900002569,19,6,28,1875,3,1,5,5,4855964,696235,5,1,28,2,2,1,59,632,2,3,5,80,0,0,0,0,0
201900002570,19,2,16,664,2,3,4,1,4600048,390171,7,2,49,1,2,4,454,384,7,1,3,45,0,0,0,0,0
201900002571,19,2,1,1187,4,8,2,4,4663558,-109428,6,4,16,2,3,4,122,961,4,4,4,23,0,0,0,0,0
201900002572,19,10,15,113,2,1,8,2,4817118,663945,2,1,28,3,1,2,617,987,4,1,3,53,0,0,0,0,0
201900002573,19,1,24,987,1,3,9,3,4856454,-278285,3,2,30,1,2,2,572,741,9,3,1,39,0,0,0,0,0
201900002574,19,4,22,1332,4,1,4,2,4738162,-319120,7,1,13,2,2,3,785,252,3,4,1,2,0,0,0,0,0
201900002575,19,12,16,335,3,3,6,3,4705952,531852,5,3,46,3,1,2,300,938,4,3,5,1,0,0,0,0,0
201900002576,19,6,12,275,5,1,6,6,4429221,-278438,6,1,40,3,4,2,767,911,6,7,1,54,0,0,0,0,0
201900002577,19,9,13,948,4,5,8,7,4555625,44063,4,3,22,1,1,3,904,538,5,4,4,76,0,0,0,0,0
201900002578,19,7,24,1622,2,2,8,7,4419640,-184166,6,3,44,3,1,2,406,703,5,3,1,2,0,0,0,0,0
201900002579,19,10,2,1211,3,8,9,2,4584989,118061,8,3,24,1,3,3,903,920,4,7,4,85,0,0,0,0,0
201900002580,19,4,24,540,5,1,2,2,4858212,641224,9,1,37,3,1,2,381,597,3,5,5,39,0,0,0,0,0
201900002581,19,5,23,2263,3,5,3,2,4641609,499840,4,3,53,2,4,2,339,480,1,4,2,47,0,0,0,0,0
201900002582,19,5,25,1578,2,3,8,2,4668890,-46926,4,3,4,2,2,1,686,169,1,4,2,89,0,0,0,0,0
201900002583,19,9,14,1640,4,6,3,6,4884073,392788,8,1,34,2,3,4,557,262,2,4,3,58,0,0,0,0,0
201900002584,19,7,8,703,5,7,2,2,4517502,455905,3,1,22,1,1,1,228,588,3,4,5,5,0,0,0,0,0
201900002585,19,10,26,1756,4,7,5,6,4572282,458400,2,1,40,3,3,3,645,113,9,7,1,38,0,0,0,0,0
201900002586,19,4,12,1582,5,7,8,1,4448985,76977,1,3,11,3,2,4,901,776,7,5,5,88,0,0,0,0,0
201900002587,19,3,22,2275,5,8,9,4,4595866,240246,3,3,39,2,1,2,686,39,8,2,2,9,0,0,0,0,0
201900002588,19,9,13,679,2,1,3,1,4992722,1068,6,4,48,3,4,2,548,882,8,2,2,92,0,0,0,0,0
201900002589,19,2,28,1104,1,1,8,5,4680929,-376598,2,2,34,1,4,1,902,972,5,2,4,99,0,0,0,0,0
201900002590,19,7,1,1044,1,6,9,3,4813768,277345,6,3,34,3,3,1,609,341,4,5,2,72,0,0,0,0,0
201900002591,19,4,4,1717,4,5,9,3,4757576,493695,6,3,8,2,2,1,378,824,8,1,4,16,0,0,0,0,0
201900002592,19,9,11,393,2,6,5,3,4937582,-228851,3,1,32,2,1,3,40,12,6,7,1,36,0,0,0,0,0
201900002593,19,1,18,1855,4,6,2,3,4520728,11523,8,3,16,2,1,1,197,766,6,4,5,71,0,0,0,0,0
201900002594,19,7,11,912,4,6,3,4,4851745,263970,7,2,23,3,3,1,896,163,9,4,5,42,0,0,0,0,0
201900002595,19,4,3,2311,3,1,9,7,4841450,160046,9,3,14,1,1,1,223,295,3,4,1,70,0,0,0,0,0
201900002596,19,10,22,1849,5,8,5,5,4665557,-26838,7,1,19,3,3,2,574,714,7,6,4,42,0,0,0,0,0
201900002597,19,5,11,634,2,5,9,2,4583872,-345961,3,2,49,2,1,3,376,890,9,1,2,59,0,0,0,0,0
201900002598,19,4,17,1492,4,5,2,2,4798535,83630,6,4,52,1,1,1,306,811,1,1,1,33,0,0,0,0,0
201900002599,19,8,27,1311,4,3,5,5,4896498,355721,7,3,0,3,1,1,412,230,6,5,5,17,0,0,0,0,0
201900002600,19,2,9,1113,3,4,5,4,4421709,-60525,3,4,11,2,4,4,173,936,2,3,5,87,0,0,0,0,0
201900002601,19,11,1,915,5,9,7,7,4977622,487516,9,2,11,2,2,4,324,887,8,1,4,64,0,0,0,0,0
201900002602,19,8,28,225,2,6,6,1,4741553,1624,7,4,32,3,3,3,134,992,2,2,3,81,0,0,0,0,0
201900002603,19,2,25,1561,5,9,5,6,4779522,320164,8,4,30,2,1,3,271,14,5,3,3,90,0,0,0,0,0
201900002604,19,7,3,1439,4,3,6,1,4441261,-347688,3,1,33,3,3,2,780,367,7,5,5,16,0,0,0,0,0
201900002605,19,4,23,307,3,4,8,5,4799506,333668,8,4,34,1,2,4,64,502,8,1,2,68,0,0,0,0,0
201900002606,19,7,26,1562,3,4,4,3,4503400,75372,6,1,48,1,1,1,572,430,7,4,4,23,0,0,0,0,0
201900002607,19,10,1,1752,3,5,6,5,4570394,292043,9,4,42,2,4,1,104,321,6,5,1,79,0,0,0,0,0
201900002608,19,6,2,1199,1,9,9,2,4652733,-5421,9,3,12,1,2,4,12,487,4,7,1,97,0,0,0,0,0
201900002609,19,12,9,1539,2,8,4,1,4893860,-189961,2,2,11,1,1,2,514,17,4,5,4,18,0,0,0,0,0
201900002610,19,10,15,339,5,4,7,3,4816086,-160486,8,1,26,1,3,1,704,134,2,2,5,91,0,0,0,0,0
201900002611,19,11,14,1871,3,6,2,1,4400059,-294816,1,3,48,3,2,2,500,473,6,6,3,29,0,0,0,0,0
201900002612,19,10,14,1939,1,3,1,6,4887334,458156,6,1,5,3,4,3,290,860,8,2,3,83,0,0,0,0,0
201900002613,19,11,23,1944,5,8,9,4,4715638,344764,4,4,36,1,4,2,688,467,5,4,4,58,0,0,0,0,0
201900002614,19,5,12,1374,1,2,1,1,4662910,487602,8,2,44,2,2,2,623,180,2,1,3,3,0,0,0,0,0
201900002615,19,11,21,1734,5,7,5,4,4787383,-202103,1,3,42,1,1,2,395,693,8,1,1,44,0,0,0,0,0
201900002616,19,3,25,2235,2,1,7,6,4817105,358269,3,1,35,1,3,2,416,765,9,4,2,38,0,0,0,0,0
201900002617,19,1,7,776,2,1,5,1,4773169,-56912,3,4,41,2,2,2,404,726,9,3,5,35,0,0,0,0,0
201900002618,19,4,27,1635,4,1,9,4,4962610,-227896,9,2,31,1,3,2,42,504,4,5,2,64,0,0,0,0,0
201900002619,19,7,14,566,4,8,8,3,4653107,329023,2,3,37,1,3,4,458,897,4,6,2,52,0,0,0,0,0
201900002620,19,9,12,2075,5,4,8,6,4859200,172638,7,3,21,2,1,2,661,314,9,3,3,97,0,0,0,0,0
201900002621,19,8,5,1503,4,9,6,6,4617603,208751,8,3,21,2,2,4,174,892,7,1,1,8,0,0,0,0,0
201900002622,19,8,14,2004,5,9,1,5,4528499,-104251,9,2,25,3,2,4,885,168,6,5,5,31,0,0,0,0,0
201900002623,19,4,28,316,5,5,1,1,4609743,-287953,4,1,0,2,1,4,887,430,3,7,3,81,0,0,0,0,0
201900002624,19,4,27,236,2,6,7,6,4820667,-11209,5,1,7,1,3,4,365,858,9,4,4,13,0,0,0,0,0
201900002625,19,8,9,143,4,7,4,3,4564731,-96800,7,1,24,1,2,3,41,633,1,7,4,33,0,0,0,0,0
201900002626,19,9,21,1745,5,6,7,6,4697059,-133045,8,2,4,2,1,1,382,457,5,4,4,28,0,0,0,0,0
201900002627,19,2,12,1838,4,8,7,3,4430626,-177163,4,1,32,1,2,4,439,636,4,2,5,97,0,0,0,0,0
201900002628,19,8,20,1420,4,3,6,6,4569290,-485,3,3,23,3,3,3,468,608,9,5,3,55,0,0,0,0,0
201900002629,19,5,11,1511,3,9,4,3,4514847,33579,3,4,26,2,1,4,33,950,2,7,5,96,0,0,0,0,0
201900002630,19,10,7,1670,4,3,8,3,4993998,-84809,9,2,9,1,3,4,734,462,2,1,5,94,0,0,0,0,0
201900002631,19,1,11,265,2,9,7,5,4884905,172027,2,1,47,2,2,2,518,38,2,2,4,69,0,0,0,0,0
201900002632,19,8,12,1141,1,3,2,5,4540820,-103498,5,3,44,1,3,2,498,386,5,3,3,13,0,0,0,0,0
201900002633,19,7,14,1907,3,2,8,3,4513042,-46803,1,2,7,3,1,4,527,766,3,1,1,42,0,0,0,0,0
201900002634,19,11,11,537,1,4,4,2,4781034,346854,8,4,47,2,3,2,606,998,3,3,4,51,0,0,0,0,0
201900002635,19,12,17,273,5,3,9,6,4515456,-67577,8,2,49,1,3,4,609,324,7,5,3,55,0,0,0,0,0
201900002636,19,10,15,1291,2,6,8,7,4560796,148349,3,4,20,2,1,4,391,289,7,1,1,61,0,0,0,0,0
201900002637,19,3,9,1487,2,6,4,5,4602887,588997,2,3,44,1,4,2,221,931,6,5,3,90,0,0,0,0,0
201900002638,19,3,21,1379,4,2,7,3,4838613,-131035,1,4,13,2,4,2,167,823,3,7,5,83,0,0,0,0,0
201900002639,19,9,26,1024,2,2,3,3,4742955,-138242,4,4,39,2,2,1,554,803,2,2,4,16,0,0,0,0,0
201900002640,19,3,25,2278,4,3,4,3,4641866,228705,2,2,43,2,1,1,386,860,7,7,1,45,0,0,0,0,0
201900002641,19,11,6,1769,1,2,5,7,4526832,-376572,7,1,0,3,4,2,623,481,8,5,5,83,0,0,0,0,0
201900002642,19,10,23,245,5,2,8,1,4652671,159648,2,1,48,1,3,3,73,77,9,6,4,44,0,0,0,0,0
201900002643,19,10,4,2081,3,3,2,3,4714277,338775,1,2,1,1,2,3,675,939,2,1,5,36,0,0,0,0,0
201900002644,19,6,27,1670,5,6,9,6,4992569,485270,5,1,52,3,4,1,596,24,6,2,3,10,0,0,0,0,0
201900002645,19,8,14,2138,5,3,8,3,4831022,92924,6,2,27,1,1,4,799,257,7,4,5,70,0,0,0,0,0
201900002646,19,12,25,1058,1,5,2,3,4980400,-113203,4,3,48,2,1,2,92,90,9,7,3,0,0,0,0,0,0
201900002647,19,8,23,808,1,3,4,7,4698755,536007,5,2,22,2,2,1,664,725,6,1,1,33,0,0,0,0,0
201900002648,19,3,26,1410,4,7,9,6,4774036,321348,7,2,26,2,1,3,146,339,5,4,1,79,0,0,0,0,0
201900002649,19,5,7,1031,2,4,6,3,4691182,426102,9,1,14,3,1,4,175,751,3,7,3,67,0,0,0,0,0
201900002650,19,4,1,1198,1,5,1,2,4868749,560479,4,3,27,2,2,3,711,493,3,7,4,32,0,0,0,0,0
201900002651,19,11,13,953,4,4,4,5,4460944,98226,8,1,12,2,1,4,600,12,5,7,2,42,0,0,0,0,0
201900002652,19,12,18,1480,4,9,3,6,4786679,-202473,1,2,41,1,1,4,701,737,4,7,3,12,0,0,0,0,0