Num_Acc,an,mois,jour,hrmn,lum,int,atm,col,lat,long,catr,circ,nbv,vosp,prof,plan,lartpc,larrout,surf,infra,situ,env1,unscathed,killed,hospital,light,chance
201900002653,19,3,21,1971,4,4,8,2,4912407,-80777,4,4,50,3,4,2,245,437,9,2,3,43,0,0,0,0,0
201900002654,19,12,18,454,3,9,8,1,4543927,608565,2,1,29,2,4,3,10,796,3,4,5,35,0,0,0,0,0
201900002655,19,7,24,1845,5,9,1,7,4941282,183347,4,1,9,2,1,3,273,444,6,2,4,40,0,0,0,0,0
201900002656,19,12,17,908,2,9,8,2,4487522,43331,3,1,5,1,4,1,522,499,6,2,1,22,0,0,0,0,0
201900002657,19,3,28,327,2,7,9,2,4791014,-203134,3,3,12,1,2,1,318,607,7,4,4,27,0,0,0,0,0
201900002658,19,3,28,1992,3,3,6,2,4860176,45999,4,2,3,3,3,3,547,853,5,3,5,93,0,0,0,0,0
201900002659,19,10,10,2335,4,8,3,5,4416854,3818,8,4,41,2,1,1,186,410,7,1,3,88,0,0,0,0,0
201900002660,19,5,20,1765,1,5,5,2,4504299,382520,6,1,13,1,2,3,863,765,3,2,5,65,0,0,0,0,0
201900002661,19,9,25,1481,5,2,4,3,4988633,-320612,5,2,34,2,2,4,64,567,9,6,4,71,0,0,0,0,0
201900002662,19,6,4,1169,1,5,1,4,4748765,-340135,7,1,28,1,1,4,643,715,6,7,1,29,0,0,0,0,0
201900002663,19,9,19,559,2,9,8,6,4577599,-9434,1,4,35,3,3,2,681,692,3,2,5,33,0,0,0,0,0
201900002664,19,7,9,453,1,1,4,7,4470213,-21687,3,4,45,1,2,1,686,234,9,5,2,75,0,0,0,0,0
201900002665,19,2,27,1737,5,6,7,6,4548352,80032,7,4,38,1,3,4,69,580,4,7,3,28,0,0,0,0,0
201900002666,19,9,8,527,2,9,8,6,4614194,473633,4,4,10,3,1,1,889,745,6,2,4,97,0,0,0,0,0
201900002667,19,4,16,1192,3,6,9,5,4561990,164,5,4,40,2,1,2,898,259,7,2,4,42,0,0,0,0,0
201900002668,19,7,3,1643,2,9,8,2,4551470,-213696,9,3,47,2,2,1,620,800,5,1,2,42,0,0,0,0,0
201900002669,19,11,5,2118,5,9,8,1,4738320,208599,7,3,11,2,4,1,218,130,4,4,3,11,0,0,0,0,0
201900002670,19,1,17,1743,4,5,4,2,4634736,-320861,7,3,35,2,3,2,428,198,7,5,4,24,0,0,0,0,0
201900002671,19,10,15,1107,5,2,6,7,4947006,-304619,7,1,9,2,4,1,22,766,3,5,4,8,0,0,0,0,0
201900002672,19,1,14,845,1,2,2,4,4582920,355185,5,3,3,3,1,4,134,619,7,6,5,5,0,0,0,0,0
201900002673,19,1,1,3,2,2,9,6,4470580,392673,6,1,22,2,4,2,608,516,2,3,5,59,0,0,0,0,0
201900002674,19,8,2,1992,4,6,3,6,4415965,145833,7,4,10,3,4,4,216,739,6,2,2,66,0,0,0,0,0
201900002675,19,3,25,1294,1,1,4,4,4588484,491258,5,1,35,3,4,2,907,967,6,6,1,83,0,0,0,0,0
201900002676,19,1,24,2321,4,7,9,6,4707323,576262,9,2,26,3,3,3,402,524,6,2,2,96,0,0,0,0,0
201900002677,19,1,20,1625,3,9,7,4,4400864,217613,6,2,9,1,2,4,660,426,7,2,2,99,0,0,0,0,0
201900002678,19,1,6,1050,3,1,4,7,4780862,-231112,6,1,51,3,1,3,178,170,1,7,3,40,0,0,0,0,0
201900002679,19,1,19,147,1,8,5,4,4764773,140604,6,3,46,2,3,2,62,584,1,6,5,88,0,0,0,0,0
201900002680,19,4,7,1234,3,9,8,7,4976366,47706,4,3,33,2,4,3,424,779,9,6,5,40,0,0,0,0,0
201900002681,19,11,1,1082,5,7,9,3,4983981,70621,3,3,28,3,3,2,488,549,8,6,5,95,0,0,0,0,0
201900002682,19,9,14,2335,1,4,8,7,4517699,496810,2,1,53,3,1,2,104,564,6,7,5,30,0,0,0,0,0
201900002683,19,3,12,1249,1,4,4,2,4433628,348523,3,1,26,1,2,2,847,192,3,6,1,74,0,0,0,0,0
201900002684,19,10,22,1220,4,2,7,5,4518167,68765,8,1,33,3,3,4,18,556,1,6,5,15,0,0,0,0,0
201900002685,19,11,25,1730,5,8,3,3,4498008,438320,8,4,19,1,3,2,42,877,6,4,3,73,0,0,0,0,0
201900002686,19,8,22,1643,1,6,4,7,4688468,-109571,5,2,7,1,4,2,431,440,4,3,3,9,0,0,0,0,0
201900002687,19,2,5,290,4,6,6,6,4859322,668833,3,4,46,2,1,2,576,76,8,7,3,2,0,0,0,0,0
201900002688,19,7,23,1151,4,3,4,1,4796800,-390886,2,3,5,1,3,1,450,933,9,7,2,85,0,0,0,0,0
201900002689,19,10,22,1355,3,3,7,3,4687205,-78182,9,2,40,2,2,4,250,369,3,2,5,17,0,0,0,0,0
201900002690,19,8,27,1115,2,3,1,7,4897254,-21533,6,2,23,3,2,1,818,26,5,5,1,39,0,0,0,0,0
201900002691,19,2,20,1418,2,8,3,6,4633866,-121064,7,3,31,2,3,3,50,815,7,1,1,48,0,0,0,0,0
201900002692,19,4,18,1880,4,7,3,2,4813014,-162449,3,2,28,3,2,4,914,702,7,4,2,2,0,0,0,0,0
201900002693,19,11,21,1606,3,2,6,4,4857785,92955,3,4,22,1,2,4,731,106,7,4,5,15,0,0,0,0,0
201900002694,19,5,11,434,3,9,6,7,4526320,-307102,1,2,40,2,2,4,731,137,9,4,5,13,0,0,0,0,0
201900002695,19,4,24,1256,1,7,3,3,4750486,242087,1,1,9,3,4,3,314,30,9,4,2,52,0,0,0,0,0
201900002696,19,9,18,1170,1,7,1,2,4403350,173170,1,1,46,3,4,4,581,544,3,7,2,2,0,0,0,0,0
201900002697,19,9,21,2243,4,1,6,6,4869474,-285361,7,4,25,2,4,4,533,535,3,4,4,38,0,0,0,0,0
201900002698,19,4,26,259,2,4,9,5,4569253,463322,5,2,51,1,1,2,332,140,9,2,2,99,0,0,0,0,0
201900002699,19,7,15,1516,4,3,4,1,4801260,-146138,1,3,0,3,2,4,796,469,9,3,2,69,0,0,0,0,0
201900002700,19,7,11,514,3,6,5,2,4868801,9585,9,4,44,1,3,3,360,596,6,7,5,94,0,0,0,0,0
201900002701,19,6,3,855,5,1,3,2,4620163,-134634,2,3,0,1,1,1,626,324,4,7,1,8,0,0,0,0,0
201900002702,19,2,12,1427,4,8,3,2,4877638,342096,4,3,30,3,4,2,133,841,9,1,2,29,0,0,0,0,0
201900002703,19,10,8,715,2,8,8,3,4753887,73154,2,2,29,3,2,4,461,913,7,1,1,86,0,0,0,0,0
201900002704,19,1,22,1118,1,6,6,7,4669671,448320,3,1,2,3,4,4,516,959,8,3,1,43,0,0,0,0,0
201900002705,19,6,15,1489,5,8,1,6,4775185,650467,9,1,26,3,3,3,263,160,2,4,4,81,0,0,0,0,0
201900002706,19,4,12,2004,3,7,3,3,4513351,292734,6,4,3,1,4,1,207,945,3,6,1,90,0,0,0,0,0
201900002707,19,7,18,28,5,8,7,5,4555771,467720,3,1,21,1,4,1,731,262,7,6,3,92,0,0,0,0,0
201900002708,19,12,5,1476,2,5,8,2,4410941,160089,3,4,11,1,4,2,393,57,4,3,1,85,0,0,0,0,0
201900002709,19,1,7,1478,1,6,3,4,4784956,172066,8,2,33,1,3,2,723,238,5,5,4,47,0,0,0,0,0
201900002710,19,12,8,208,3,1,1,1,4493707,180945,9,4,24,1,2,4,95,514,3,3,3,3,0,0,0,0,0
201900002711,19,7,10,682,4,1,1,2,4694538,-372518,3,2,35,3,3,3,506,625,4,5,4,54,0,0,0,0,0
201900002712,19,9,1,245,3,4,8,6,4543351,658172,1,1,37,2,2,2,520,815,4,2,1,11,0,0,0,0,0
201900002713,19,12,15,2240,1,9,5,6,4581122,-193890,3,2,37,2,2,4,286,762,4,2,4,67,0,0,0,0,0
201900002714,19,1,24,1710,5,6,3,4,4896959,-179471,8,3,39,2,4,3,805,986,2,3,3,88,0,0,0,0,0
201900002715,19,6,17,1071,4,2,5,3,4404041,339180,1,1,47,3,4,4,806,535,5,6,2,11,0,0,0,0,0
201900002716,19,11,9,1529,1,6,3,2,4445634,216398,5,2,32,2,4,3,245,172,3,2,3,90,0,0,0,0,0
201900002717,19,7,7,729,5,6,9,6,4971672,393412,4,3,11,1,4,2,375,741,7,3,3,99,0,0,0,0,0
201900002718,19,7,16,342,1,5,5,3,4605090,480368,8,3,33,3,1,4,625,486,2,1,2,28,0,0,0,0,0
201900002719,19,5,24,650,1,3,2,1,4425737,11026,1,1,21,2,2,2,802,779,9,6,4,40,0,0,0,0,0
201900002720,19,3,2,667,3,9,8,5,4878523,147522,3,3,31,2,2,1,445,416,5,4,1,52,0,0,0,0,0
201900002721,19,11,11,939,3,2,3,6,4890886,314427,3,3,44,2,2,4,37,988,4,6,1,54,0,0,0,0,0
201900002722,19,3,5,1262,3,2,2,4,4690205,286538,4,2,44,2,1,2,20,803,7,2,5,23,0,0,0,0,0
201900002723,19,6,17,1545,5,1,4,1,4631151,613439,5,1,32,2,4,4,412,616,5,7,3,35,0,0,0,0,0
201900002724,19,8,9,1536,2,4,4,5,4769587,-323811,9,2,51,2,2,2,293,39,4,2,1,49,0,0,0,0,0
201900002725,19,6,26,2317,3,9,2,3,4834697,254844,2,2,49,1,3,4,474,845,6,2,3,56,0,0,0,0,0
201900002726,19,2,24,594,3,7,2,4,4972693,695482,7,2,26,3,2,1,34,823,5,5,1,17,0,0,0,0,0
201900002727,19,3,12,1085,1,1,6,6,4922789,391741,1,3,12,1,2,4,868,145,4,2,3,86,0,0,0,0,0
201900002728,19,9,27,706,4,4,2,3,4924419,-213880,9,3,29,3,4,1,800,187,3,5,3,25,0,0,0,0,0
201900002729,19,5,22,1480,4,9,2,3,4772909,-14588,7,2,35,1,3,2,211,454,2,4,1,69,0,0,0,0,0
201900002730,19,3,27,1267,5,5,2,3,4923992,-218507,6,4,13,3,1,2,293,540,4,3,1,41,0,0,0,0,0
201900002731,19,6,11,445,3,7,1,1,4456044,-342643,5,2,52,1,4,2,389,407,2,3,4,63,0,0,0,0,0
201900002732,19,11,27,1319,5,1,9,3,4490803,688715,2,2,49,2,2,4,505,558,6,6,1,65,0,0,0,0,0
201900002733,19,10,1,1128,4,1,9,2,4652702,-59374,3,1,16,3,4,2,36,206,9,3,2,14,0,0,0,0,0
201900002734,19,9,25,1811,3,5,9,2,4582491,-205501,8,1,16,2,2,3,864,16,2,4,5,71,0,0,0,0,0
201900002735,19,9,19,500,5,8,4,5,4772646,-398484,9,3,41,3,1,4,291,434,9,6,3,93,0,0,0,0,0
201900002736,19,3,28,2061,4,7,4,5,4538450,577425,4,1,5,3,3,2,756,489,4,7,5,16,0,0,0,0,0
201900002737,19,2,7,206,2,4,3,5,4492301,456601,9,4,41,2,3,3,494,778,1,2,4,87,0,0,0,0,0
201900002738,19,4,24,754,4,7,9,3,4834038,462163,4,4,10,1,2,4,271,438,4,3,5,43,0,0,0,0,0
201900002739,19,3,16,1465,1,6,4,7,4812968,-32449,1,2,51,2,4,4,875,113,6,1,1,83,0,0,0,0,0
201900002740,19,1,14,839,3,5,5,2,4561163,-353596,4,2,39,1,2,3,875,724,1,6,3,50,0,0,0,0,0
201900002741,19,8,10,2214,1,6,8,6,4890320,105857,2,3,44,3,3,1,0,648,8,2,3,48,0,0,0,0,0
201900002742,19,3,14,2209,5,6,2,6,4705156,47573,3,1,31,2,2,2,242,250,9,7,2,21,0,0,0,0,0
201900002743,19,9,11,1797,4,4,3,7,4623495,89684,6,3,25,1,2,1,657,414,2,4,4,97,0,0,0,0,0
201900002744,19,11,25,408,3,3,9,4,4964591,437322,6,1,16,2,3,4,96,191,2,2,5,29,0,0,0,0,0
201900002745,19,3,2,176,2,2,3,2,4788814,-231722,2,3,30,1,2,4,245,165,5,6,1,23,0,0,0,0,0
201900002746,19,4,1,1749,3,7,6,5,4707332,-92809,3,1,31,1,3,4,401,516,6,3,3,71,0,0,0,0,0
201900002747,19,1,24,1561,3,2,9,1,4687031,55732,9,1,5,2,1,3,151,938,1,4,3,98,0,0,0,0,0
201900002748,19,8,17,924,4,9,3,2,4452900,144477,5,4,14,2,2,3,72,681,2,7,4,28,0,0,0,0,0
201900002749,19,5,20,822,3,9,8,5,4423385,484996,8,2,19,3,3,4,146,905,6,2,5,63,0,0,0,0,0
201900002750,19,3,27,198,3,6,3,4,4843055,-137242,4,4,5,1,4,3,35,255,5,6,4,89,0,0,0,0,0
201900002751,19,9,5,964,1,1,6,2,4462167,-243191,1,1,37,3,4,3,550,787,3,1,4,64,0,0,0,0,0
201900002752,19,10,22,328,1,7,1,5,4874046,596567,9,4,31,1,1,1,730,536,6,6,5,6,0,0,0,0,0
201900002753,19,8,2,1837,4,3,4,2,4621832,339511,7,3,39,3,2,4,841,709,5,4,3,53,0,0,0,0,0
201900002754,19,7,20,696,1,7,7,4,4902259,600043,6,3,21,3,4,3,311,563,6,2,3,88,0,0,0,0,0
201900002755,19,8,20,622,2,7,4,4,4598628,12406,5,2,46,3,1,4,217,149,3,2,4,62,0,0,0,0,0
201900002756,19,10,25,88,5,6,1,5,4941686,90084,2,3,37,3,4,1,643,399,6,6,2,0,0,0,0,0,0
201900002757,19,11,2,138,4,9,5,4,4988829,354650,3,4,26,3,1,1,112,577,1,7,1,20,0,0,0,0,0
201900002758,19,11,4,1824,4,9,1,6,4701133,5651,7,2,6,3,4,3,753,644,8,3,1,55,0,0,0,0,0
201900002759,19,11,20,632,2,3,5,4,4867171,326710,9,4,21,2,3,2,913,913,5,4,3,74,0,0,0,0,0
201900002760,19,10,21,1333,2,8,5,4,4460009,-389122,8,3,25,3,3,2,823,600,6,2,5,83,0,0,0,0,0
201900002761,19,4,4,1450,3,2,1,1,4855237,-183682,3,3,4,2,1,2,603,996,8,1,3,44,0,0,0,0,0
201900002762,19,7,17,297,1,6,1,3,4675082,206720,2,3,53,1,4,2,375,638,6,7,2,58,0,0,0,0,0
201900002763,19,7,28,1661,1,6,7,4,4633235,674634,4,3,53,2,4,2,509,688,1,5,1,93,0,0,0,0,0
201900002764,19,4,12,1524,5,4,7,4,4426433,242549,1,1,4,2,3,1,553,482,4,7,5,0,0,0,0,0,0
201900002765,19,9,5,779,5,4,1,1,4474040,-240632,3,4,15,1,2,4,832,921,4,7,5,31,0,0,0,0,0
201900002766,19,2,7,79,2,9,6,2,4666214,-322597,9,2,26,1,3,1,251,350,5,4,1,89,0,0,0,0,0
201900002767,19,12,18,165,5,2,9,6,4808459,-52986,2,4,14,1,1,3,433,556,7,7,1,62,0,0,0,0,0
201900002768,19,10,23,93,2,5,5,1,4437174,-334995,6,3,47,3,3,4,397,924,2,7,1,58,0,0,0,0,0
201900002769,19,7,11,1893,3,8,6,1,4762768,-225669,9,1,22,1,1,1,40,793,2,7,3,57,0,0,0,0,0
201900002770,19,1,9,577,4,7,4,4,4871413,388236,3,3,17,3,1,3,620,872,1,6,5,81,0,0,0,0,0
201900002771,19,6,16,1412,2,4,5,2,4986578,572646,5,2,53,3,3,3,50,907,2,7,1,0,0,0,0,0,0
201900002772,19,9,24,921,4,3,6,3,4677992,692034,3,2,19,3,3,4,176,907,7,2,4,27,0,0,0,0,0
201900002773,19,1,17,1850,3,1,9,3,4480608,349388,7,3,12,2,3,1,132,843,3,7,5,5,0,0,0,0,0
201900002774,19,4,28,2247,4,6,4,4,4928013,-398763,2,2,11,3,1,1,26,544,5,3,4,94,0,0,0,0,0
201900002775,19,6,28,2213,2,9,6,1,4720797,-186315,8,3,15,1,4,4,294,498,5,6,2,64,0,0,0,0,0
201900002776,19,9,23,2064,3,8,1,2,4620332,-133244,1,4,12,2,2,3,306,124,4,2,5,59,0,0,0,0,0
201900002777,19,2,1,1981,3,5,1,1,4493711,-249254,4,4,35,3,1,1,746,907,9,3,5,74,0,0,0,0,0
201900002778,19,9,22,1183,4,2,9,2,4696897,466144,1,2,0,2,4,3,323,805,6,6,3,87,0,0,0,0,0
201900002779,19,6,22,912,1,7,9,2,4836806,71126,6,3,18,1,3,1,322,473,5,2,1,25,0,0,0,0,0
201900002780,19,1,17,1219,3,5,2,2,4980888,255304,4,2,31,1,4,3,785,411,6,7,1,16,0,0,0,0,0
201900002781,19,7,19,1763,5,6,7,2,4849384,404411,3,4,22,3,2,1,152,969,2,2,3,75,0,0,0,0,0
201900002782,19,9,5,682,2,1,5,7,4958431,-362939,4,1,10,2,4,4,685,367,5,7,3,71,0,0,0,0,0
201900002783,19,1,28,284,3,1,1,2,4907689,600960,8,2,29,1,2,4,255,153,4,3,5,40,0,0,0,0,0
201900002784,19,2,7,2243,4,2,3,3,4834941,-310222,5,2,37,2,4,3,247,513,4,2,1,79,0,0,0,0,0
201900002785,19,10,28,232,4,7,9,2,4917962,238153,9,2,1,2,3,2,799,937,5,4,5,9,0,0,0,0,0
201900002786,19,4,18,1177,2,9,9,7,4548810,-265302,8,2,21,2,4,4,506,611,2,7,4,95,0,0,0,0,0
201900002787,19,6,13,55,2,6,6,6,4602868,-395102,1,1,6,3,2,3,728,472,3,5,5,57,0,0,0,0,0
201900002788,19,1,8,1808,5,4,3,4,4493755,345342,8,3,7,2,4,3,130,530,9,7,2,91,0,0,0,0,0
201900002789,19,7,27,1572,2,9,5,5,4920524,-68067,7,3,28,1,2,4,548,104,6,1,4,50,0,0,0,0,0
201900002790,19,3,17,2265,3,9,8,4,4491517,45742,8,3,18,3,3,1,311,994,2,1,4,2,0,0,0,0,0
201900002791,19,4,2,2051,1,7,1,4,4435397,153351,1,4,17,1,3,4,915,331,2,6,5,5,0,0,0,0,0
201900002792,19,8,2,2268,1,4,9,3,4560170,242860,9,2,14,2,1,2,185,567,5,7,2,76,0,0,0,0,0
201900002793,19,5,12,221,3,3,7,4,4890430,247741,1,1,1,3,2,1,104,992,4,1,5,81,0,0,0,0,0
201900002794,19,12,2,1570,5,2,4,5,4836361,160464,4,2,25,1,3,3,24,653,7,1,1,0,0,0,0,0,0
201900002795,19,6,7,1852,3,3,1,6,4604525,605797,4,2,7,2,3,2,79,631,4,7,2,87,0,0,0,0,0
201900002796,19,11,1,1579,3,9,1,5,4771755,277293,8,4,11,2,3,3,105,976,3,5,5,42,0,0,0,0,0
201900002797,19,10,5,1670,5,2,9,4,4818470,-340027,6,2,36,2,3,3,646,30,2,7,4,88,0,0,0,0,0
201900002798,19,8,18,1057,2,3,2,1,4558349,-269876,6,2,3,2,4,2,507,339,2,4,4,69,0,0,0,0,0
201900002799,19,4,12,647,1,7,9,5,4853787,531177,1,3,52,1,2,2,309,123,8,7,4,75,0,0,0,0,0
201900002800,19,3,18,459,5,2,5,1,4978621,484366,4,1,9,2,1,4,68,876,1,6,3,37,0,0,0,0,0
201900002801,19,8,19,918,3,4,6,7,4582560,649979,7,1,27,2,3,2,156,460,7,5,2,8,0,0,0,0,0
201900002802,19,5,15,1117,5,7,7,5,4561421,374658,7,2,25,3,4,3,292,88,5,7,5,77,0,0,0,0,0
201900002803,19,3,3,2229,5,2,5,7,4772009,-348871,6,2,4,1,1,1,768,69,3,3,2,62,0,0,0,0,0
201900002804,19,2,11,121,2,8,2,6,4526240,-223151,6,2,48,3,4,2,81,397,1,7,2,58,0,0,0,0,0
201900002805,19,9,3,1938,5,6,3,6,4604727,652186,2,3,20,3,2,1,483,302,5,6,5,6,0,0,0,0,0
201900002806,19,12,11,2085,5,2,3,1,4712146,528099,7,2,45,2,1,3,187,497,6,3,4,72,0,0,0,0,0
201900002807,19,9,8,1080,2,5,6,5,4439469,568138,4,1,36,2,3,2,206,93,3,6,5,33,0,0,0,0,0
201900002808,19,3,16,256,1,9,5,2,4803116,-293718,8,3,23,1,2,1,91,168,8,3,2,44,0,0,0,0,0
201900002809,19,11,9,1680,1,1,1,2,4842611,-385546,3,1,27,2,1,3,699,959,3,6,5,6,0,0,0,0,0
201900002810,19,4,27,1869,5,8,7,2,4748511,523438,7,3,51,1,4,3,589,13,1,1,5,77,0,0,0,0,0
201900002811,19,12,13,1459,4,3,7,3,4640073,300338,2,1,45,3,2,4,412,916,1,4,4,0,0,0,0,0,0
201900002812,19,2,2,828,4,7,9,2,4753637,496827,7,3,45,1,1,2,565,60,1,4,5,14,0,0,0,0,0
201900002813,19,12,12,1981,4,2,9,3,4839159,37546,6,1,6,1,1,4,824,607,7,3,5,41,0,0,0,0,0
201900002814,19,5,23,1939,4,3,1,2,4819313,-10210,9,1,45,1,1,2,583,34,3,3,2,88,0,0,0,0,0
201900002815,19,7,10,1621,2,9,8,1,4706281,609375,3,2,1,3,3,1,791,467,8,1,1,58,0,0,0,0,0
201900002816,19,2,8,399,3,3,5,3,4867461,-220756,7,2,53,1,3,4,555,263,8,4,4,22,0,0,0,0,0
201900002817,19,10,13,540,1,6,4,5,4516747,348305,4,1,41,3,4,1,99,887,5,3,1,86,0,0,0,0,0
201900002818,19,4,24,1384,4,2,2,1,4752125,-366037,9,3,27,3,4,2,575,265,4,1,2,29,0,0,0,0,0
201900002819,19,11,27,1719,1,8,9,5,4471478,-221071,1,4,50,2,4,3,466,151,6,1,5,71,0,0,0,0,0
201900002820,19,7,7,466,4,8,2,6,4412534,528449,6,1,0,3,2,4,679,454,6,2,5,90,0,0,0,0,0
201900002821,19,9,4,732,3,6,3,4,4833293,-35772,4,1,39,1,2,3,330,277,6,1,2,41,0,0,0,0,0
201900002822,19,12,14,604,4,8,3,5,4653955,507821,8,3,31,2,4,2,271,5,2,7,5,4,0,0,0,0,0
201900002823,19,10,21,574,5,4,7,1,4483867,622601,3,1,31,3,4,1,215,214,9,5,4,81,0,0,0,0,0
201900002824,19,3,16,1921,3,9,4,5,4442477,688762,1,2,0,2,2,3,582,836,7,1,2,2,0,0,0,0,0
201900002825,19,10,6,1602,3,9,6,4,4479429,-380507,5,3,28,3,3,1,111,600,9,7,2,80,0,0,0,0,0
201900002826,19,1,9,1778,5,2,8,4,4857602,-261349,9,2,40,3,3,1,526,252,3,7,2,83,0,0,0,0,0
201900002827,19,12,19,1709,4,1,7,3,4944752,516610,6,2,14,3,3,2,705,361,3,1,3,53,0,0,0,0,0
201900002828,19,3,14,1586,3,3,1,7,4820256,689455,4,2,35,1,2,2,489,653,6,3,1,42,0,0,0,0,0
201900002829,19,4,14,174,2,4,3,2,4766630,556717,3,2,2,3,2,3,889,702,6,6,5,56,0,0,0,0,0
201900002830,19,7,24,886,1,5,2,6,4680038,630831,6,3,6,3,4,4,22,725,4,5,4,83,0,0,0,0,0
201900002831,19,12,24,1353,3,3,2,5,4770045,306923,4,4,22,1,3,2,661,120,6,7,1,72,0,0,0,0,0
201900002832,19,5,12,1503,1,4,4,3,4696168,-44806,9,1,48,2,3,2,689,711,9,7,5,44,0,0,0,0,0
201900002833,19,4,1,701,1,9,7,7,4710112,389707,4,3,20,3,3,1,249,540,6,6,1,9,0,0,0,0,0
201900002834,19,8,13,1659,2,7,3,1,4647876,412865,8,3,36,2,2,3,113,752,6,4,2,8,0,0,0,0,0
201900002835,19,1,23,1646,1,7,1,2,4659947,-154358,9,1,37,1,1,4,143,592,4,5,5,4,0,0,0,0,0
201900002836,19,10,27,1280,5,7,3,7,4534217,649593,5,1,23,2,2,4,738,742,6,1,3,15,0,0,0,0,0
201900002837,19,6,8,1362,5,3,7,4,4765727,177858,6,3,2,3,4,3,147,673,7,2,4,14,0,0,0,0,0
201900002838,19,2,28,2001,5,7,1,6,4754901,59328,7,2,16,2,1,3,163,808,4,6,3,69,0,0,0,0,0
201900002839,19,12,1,1302,2,7,1,7,4530429,671039,5,2,0,3,2,2,322,757,3,3,1,49,0,0,0,0,0
201900002840,19,11,10,1945,1,7,5,3,4831524,-81678,8,2,28,2,3,3,863,461,7,2,2,36,0,0,0,0,0
201900002841,19,10,26,1565,1,1,6,7,4440501,-379356,7,2,46,2,4,2,235,207,5,3,3,32,0,0,0,0,0
201900002842,19,1,21,90,5,9,8,6,4690056,-9384,2,3,32,1,3,1,367,773,1,5,1,34,0,0,0,0,0
201900002843,19,7,6,871,2,7,7,3,4436444,-390650,4,2,24,2,3,3,74,990,6,5,4,32,0,0,0,0,0
201900002844,19,8,19,2288,5,1,5,5,4472308,114860,6,3,10,2,3,3,34,955,6,3,5,42,0,0,0,0,0
201900002845,19,3,10,1789,1,4,2,4,4707145,227752,7,3,40,2,1,3,381,265,2,2,4,52,0,0,0,0,0
201900002846,19,7,22,114,3,1,5,3,4480924,470822,3,4,43,3,3,1,306,522,7,1,4,65,0,0,0,0,0
201900002847,19,12,10,2035,2,5,3,2,4468509,621677,5,4,32,3,2,4,567,529,3,4,4,15,0,0,0,0,0
201900002848,19,5,1,462,3,1,6,4,4484408,637264,5,2,22,3,3,1,911,15,1,3,4,38,0,0,0,0,0
201900002849,19,12,19,1470,3,2,2,1,4908393,388334,7,1,31,3,3,4,821,829,7,2,4,29,0,0,0,0,0
201900002850,19,2,28,860,3,4,1,3,4729170,616609,3,3,30,2,3,3,894,278,3,3,1,43,0,0,0,0,0
201900002851,19,7,26,1393,3,8,7,5,4798928,225823,5,1,41,3,2,4,119,647,9,3,1,6,0,0,0,0,0
201900002852,19,5,5,1825,4,1,4,7,4955863,30900,7,3,31,3,3,3,393,714,5,6,5,39,0,0,0,0,0
201900002853,19,5,20,1848,1,5,6,1,4840663,376292,2,2,46,2,2,4,203,206,7,4,5,21,0,0,0,0,0
201900002854,19,10,25,112,5,8,8,1,4656250,-367302,7,1,18,2,1,4,765,440,8,2,4,53,0,0,0,0,0
201900002855,19,9,17,576,4,6,7,7,4587063,-41243,1,4,51,1,4,3,112,675,1,3,5,16,0,0,0,0,0
201900002856,19,2,20,2354,2,8,2,4,4620627,-358476,2,2,21,2,1,1,549,442,1,6,5,65,0,0,0,0,0
201900002857,19,5,13,1908,5,5,7,6,4717487,-257758,7,2,27,2,4,2,39,902,1,3,3,93,0,0,0,0,0
201900002858,19,6,12,1124,2,4,4,3,4665796,-343191,1,1,32,1,1,3,773,573,7,5,4,89,0,0,0,0,0
201900002859,19,1,17,2330,3,6,1,6,4726193,194394,1,2,43,3,3,3,574,956,5,3,5,64,0,0,0,0,0
201900002860,19,4,16,1592,3,6,2,2,4487850,340447,5,1,26,1,3,1,498,198,4,2,5,12,0,0,0,0,0
201900002861,19,3,3,490,2,4,5,1,4442955,298389,1,4,53,3,2,4,865,583,9,4,4,39,0,0,0,0,0
201900002862,19,4,28,237,1,8,4,6,4600618,333172,1,3,27,2,2,4,167,860,1,5,3,45,0,0,0,0,0
201900002863,19,3,10,2064,2,2,6,7,4782038,111639,8,2,7,2,2,4,769,467,6,4,4,68,0,0,0,0,0
201900002864,19,10,3,2345,1,4,4,3,4739117,125050,4,1,16,1,1,1,513,960,8,1,1,10,0,0,0,0,0
201900002865,19,5,9,1264,5,3,9,5,4610610,-184179,6,3,10,1,2,4,165,576,7,4,1,59,0,0,0,0,0
201900002866,19,4,8,2249,2,3,6,2,4665952,425818,5,4,46,2,3,1,845,900,2,2,3,3,0,0,0,0,0