Num_Acc,an,mois,jour,hrmn,lum,int,atm,col,lat,long,catr,circ,nbv,vosp,prof,plan,lartpc,larrout,surf,infra,situ,env1,unscathed,killed,hospital,light,chance
201900002867,19,9,17,767,5,8,6,6,4539280,539407,6,1,45,2,2,1,15,432,1,7,3,62,0,0,0,0,0
201900002868,19,7,23,1582,3,9,7,2,4541900,-288931,9,4,1,2,4,1,364,307,2,2,5,54,0,0,0,0,0
201900002869,19,1,17,1967,1,9,5,7,4606199,392460,4,2,23,2,1,3,607,608,3,4,1,16,0,0,0,0,0
201900002870,19,11,2,157,2,1,4,5,4842047,53980,9,4,13,2,3,4,495,831,5,4,1,11,0,0,0,0,0
201900002871,19,7,11,1610,2,5,2,2,4529689,417758,3,2,53,2,2,2,346,35,6,7,4,35,0,0,0,0,0
201900002872,19,10,25,2254,5,6,3,3,4928561,368784,8,2,33,1,4,2,384,616,9,4,4,33,0,0,0,0,0
201900002873,19,4,21,999,4,7,9,2,4982919,404654,6,1,9,2,1,2,562,700,9,5,5,32,0,0,0,0,0
201900002874,19,2,13,1461,2,9,1,3,4811724,-149921,2,3,40,3,3,3,570,600,8,1,2,38,0,0,0,0,0
201900002875,19,1,1,1708,1,7,7,2,4799710,-63581,8,3,27,3,2,4,413,346,8,2,2,41,0,0,0,0,0
201900002876,19,12,5,2067,3,1,2,3,4529366,622150,5,1,46,1,4,3,2,60,9,1,4,82,0,0,0,0,0
201900002877,19,9,8,1490,2,6,5,5,4627337,535322,6,4,15,2,3,4,269,654,9,6,4,54,0,0,0,0,0
201900002878,19,11,7,1595,2,3,4,6,4993985,-231803,7,3,5,1,1,3,611,462,9,1,2,33,0,0,0,0,0
201900002879,19,6,22,1711,2,1,4,1,4948211,-207078,9,1,28,2,2,2,287,479,8,7,1,66,0,0,0,0,0
201900002880,19,9,23,386,1,5,9,1,4778410,191575,5,3,4,1,1,2,894,319,7,6,2,95,0,0,0,0,0
201900002881,19,2,12,1616,3,5,8,2,4850196,-277955,5,3,24,2,2,2,328,421,6,2,2,47,0,0,0,0,0
201900002882,19,7,21,1430,2,5,1,2,4527050,168634,9,4,2,1,4,2,268,230,4,7,1,93,0,0,0,0,0
201900002883,19,10,3,1362,3,2,1,6,4894562,218370,2,4,31,1,2,4,757,505,2,7,5,79,0,0,0,0,0
201900002884,19,10,9,914,5,2,5,4,4757135,-257997,8,3,38,2,1,4,708,389,3,5,2,17,0,0,0,0,0
201900002885,19,12,21,1695,5,8,6,5,4854783,-17336,2,2,52,2,3,3,371,551,2,5,4,2,0,0,0,0,0
201900002886,19,5,6,651,5,5,7,5,4416059,418411,1,3,45,2,2,2,212,210,9,7,2,3,0,0,0,0,0
201900002887,19,7,25,494,2,8,7,2,4916853,361675,5,3,46,2,2,2,131,972,4,4,4,55,0,0,0,0,0
201900002888,19,11,28,1372,3,4,1,2,4989582,165676,1,1,28,1,2,3,573,941,1,2,5,18,0,0,0,0,0
201900002889,19,6,13,2293,3,5,3,2,4978757,-15523,7,4,3,1,1,1,412,57,9,1,4,32,0,0,0,0,0
201900002890,19,7,11,1872,1,8,3,7,4536088,-121959,4,1,51,1,4,3,157,709,7,7,2,15,0,0,0,0,0
201900002891,19,5,2,842,3,5,2,7,4434424,-298492,9,2,10,2,4,1,814,699,5,2,1,13,0,0,0,0,0
201900002892,19,2,26,424,2,8,5,3,4955830,207597,7,3,0,2,4,4,276,437,8,6,5,84,0,0,0,0,0
201900002893,19,11,16,1428,4,6,5,3,4967836,-152530,1,1,21,2,4,2,172,639,7,2,4,39,0,0,0,0,0
201900002894,19,4,12,710,3,7,3,7,4621948,311594,5,1,41,3,1,2,861,251,5,2,4,17,0,0,0,0,0
201900002895,19,4,11,122,4,8,9,6,4870890,454866,5,3,1,3,3,1,378,533,8,3,5,39,0,0,0,0,0
201900002896,19,12,6,20,5,5,6,6,4526244,233642,5,2,38,2,4,4,768,143,8,7,5,18,0,0,0,0,0
201900002897,19,12,20,314,2,2,6,2,4491312,-64152,9,3,40,3,3,4,287,88,7,1,5,19,0,0,0,0,0
201900002898,19,1,8,2161,5,3,2,3,4969245,-128704,3,1,1,1,4,2,861,990,2,5,3,70,0,0,0,0,0
201900002899,19,10,27,1432,4,9,8,5,4837308,-323756,5,1,2,3,2,2,103,1,8,2,2,46,0,0,0,0,0
201900002900,19,5,23,229,1,6,4,3,4867252,228954,1,2,51,3,4,4,846,816,4,1,5,29,0,0,0,0,0
201900002901,19,7,4,389,1,4,7,5,4542698,629958,8,3,34,2,2,1,796,701,3,1,5,68,0,0,0,0,0
201900002902,19,12,9,352,4,2,3,3,4520929,593457,9,1,44,2,3,2,444,576,4,1,4,6,0,0,0,0,0
201900002903,19,11,14,2345,3,3,4,1,4407447,-330471,9,4,2,1,3,3,395,651,3,1,3,66,0,0,0,0,0
201900002904,19,9,4,902,4,8,3,7,4857094,-26161,2,4,37,1,2,1,739,278,6,5,1,21,0,0,0,0,0
201900002905,19,7,27,1664,5,8,5,6,4741664,-355576,7,4,15,2,2,4,774,784,6,2,4,85,0,0,0,0,0
201900002906,19,11,7,68,1,4,8,4,4799566,498494,4,3,0,1,1,1,713,314,3,5,4,8,0,0,0,0,0
201900002907,19,4,12,1361,4,6,8,5,4816153,369701,8,4,6,2,3,4,663,808,4,7,1,81,0,0,0,0,0
201900002908,19,4,2,2287,5,9,1,6,4533170,589473,8,3,42,2,2,3,236,311,3,5,1,21,0,0,0,0,0
201900002909,19,8,11,535,3,7,5,7,4760132,298428,8,3,41,3,4,2,111,252,1,1,4,53,0,0,0,0,0
201900002910,19,5,22,196,5,6,1,1,4546957,625264,1,4,35,1,1,4,286,62,6,2,4,11,0,0,0,0,0
201900002911,19,8,22,1257,4,6,7,6,4938705,689137,9,3,52,3,2,3,598,744,3,6,5,55,0,0,0,0,0
201900002912,19,8,14,2358,5,6,1,5,4517126,-374952,6,3,37,3,2,1,614,45,6,4,4,72,0,0,0,0,0
201900002913,19,5,13,1103,3,1,4,7,4923068,-249654,8,3,3,2,4,3,398,306,4,2,4,82,0,0,0,0,0
201900002914,19,3,27,168,1,9,3,4,4662183,-198377,3,1,9,2,2,4,483,34,3,2,2,99,0,0,0,0,0
201900002915,19,1,9,1124,5,5,8,2,4459622,562257,4,1,20,3,3,4,336,332,4,7,5,18,0,0,0,0,0
201900002916,19,3,16,1559,3,8,7,7,4597995,508441,6,3,50,1,1,2,34,662,1,3,2,61,0,0,0,0,0
201900002917,19,12,28,353,5,5,9,1,4821656,-121138,3,2,28,2,3,1,690,475,2,2,2,52,0,0,0,0,0
201900002918,19,6,9,2007,4,1,8,7,4822512,-31840,7,2,51,1,1,1,37,420,3,3,4,48,0,0,0,0,0
201900002919,19,1,20,2346,2,7,3,3,4498206,423037,4,2,7,2,2,1,65,128,2,3,4,73,0,0,0,0,0
201900002920,19,6,27,1788,4,7,6,4,4924421,620203,6,3,36,2,3,2,892,483,5,4,4,55,0,0,0,0,0
201900002921,19,5,17,1513,3,8,9,4,4622799,-380580,5,2,45,1,2,1,632,239,3,3,1,18,0,0,0,0,0
201900002922,19,4,26,2326,3,5,7,1,4991713,619356,1,2,9,3,4,2,644,641,4,5,5,67,0,0,0,0,0
201900002923,19,5,23,2243,5,9,2,2,4882905,129641,4,2,35,1,2,2,435,318,2,3,3,41,0,0,0,0,0
201900002924,19,8,15,2339,4,6,9,6,4972533,36075,4,4,6,3,1,3,839,684,5,7,1,24,0,0,0,0,0
201900002925,19,11,22,1632,2,6,8,3,4460018,-262330,2,3,45,2,1,4,685,291,8,2,4,16,0,0,0,0,0
201900002926,19,8,24,1276,3,8,2,7,4473041,235121,2,2,43,1,2,1,535,962,8,4,2,69,0,0,0,0,0
201900002927,19,9,20,1355,3,9,9,7,4956213,660947,8,4,42,2,1,2,28,800,9,1,2,70,0,0,0,0,0
201900002928,19,4,6,692,4,9,3,6,4978358,-22052,3,4,37,3,1,1,676,494,1,1,2,33,0,0,0,0,0
201900002929,19,8,5,1675,2,9,1,3,4509380,-163301,4,3,40,3,2,3,604,101,2,1,1,5,0,0,0,0,0
201900002930,19,1,1,1218,2,4,4,2,4961710,-348093,2,1,33,2,2,3,610,715,1,2,5,0,0,0,0,0,0
201900002931,19,3,21,1510,3,8,2,7,4884584,-33723,6,4,33,2,1,2,867,515,3,4,2,20,0,0,0,0,0
201900002932,19,1,13,1954,4,4,6,1,4810624,567061,9,1,8,1,2,2,765,522,7,4,1,33,0,0,0,0,0
201900002933,19,3,20,1651,5,7,5,6,4950227,426610,6,4,16,1,1,2,607,771,1,1,2,23,0,0,0,0,0
201900002934,19,4,3,1231,2,2,2,1,4909863,312761,2,3,51,1,4,4,220,439,1,4,3,27,0,0,0,0,0
201900002935,19,12,13,615,4,7,4,4,4814968,428177,9,1,43,3,4,4,733,115,3,5,4,21,0,0,0,0,0
201900002936,19,1,11,2151,5,8,8,5,4846067,-185542,6,1,4,3,1,4,267,88,6,1,3,69,0,0,0,0,0
201900002937,19,3,16,2231,2,8,6,6,4782247,499796,3,3,32,2,2,1,360,736,9,3,5,30,0,0,0,0,0
201900002938,19,8,11,333,5,3,7,4,4451185,-290936,5,2,17,3,1,2,240,774,3,1,5,5,0,0,0,0,0
201900002939,19,12,19,1337,5,9,3,2,4508309,368910,2,2,41,3,4,3,475,30,5,7,3,78,0,0,0,0,0
201900002940,19,1,4,1014,5,5,9,2,4546944,-387186,3,4,11,1,4,4,217,115,3,6,1,7,0,0,0,0,0
201900002941,19,8,7,1126,3,1,7,2,4774367,53533,7,1,48,3,1,4,797,600,6,3,4,34,0,0,0,0,0
201900002942,19,4,8,641,1,4,5,4,4977063,562585,2,3,13,2,2,3,779,115,1,4,5,41,0,0,0,0,0
201900002943,19,6,13,903,3,8,9,4,4964000,-316407,6,2,19,1,1,2,900,93,8,5,3,4,0,0,0,0,0
201900002944,19,11,22,517,1,7,7,1,4467937,681888,3,3,44,3,2,2,145,648,1,3,2,48,0,0,0,0,0
201900002945,19,1,22,2012,1,1,3,4,4809289,658359,5,2,26,1,4,3,608,764,1,4,1,21,0,0,0,0,0
201900002946,19,1,19,1966,5,9,5,7,4496457,524508,9,2,33,3,4,4,420,384,3,4,4,86,0,0,0,0,0
201900002947,19,5,8,2131,1,9,6,4,4548763,-282595,2,4,49,3,4,1,707,490,7,6,3,76,0,0,0,0,0
201900002948,19,6,26,748,2,5,8,2,4467570,368639,1,2,1,3,4,2,323,743,5,6,4,11,0,0,0,0,0
201900002949,19,1,20,1773,4,4,6,2,4482979,237339,2,2,16,2,4,1,59,727,8,2,5,93,0,0,0,0,0
201900002950,19,9,26,1449,4,8,6,7,4647934,3455,3,3,5,3,3,2,666,579,4,4,3,55,0,0,0,0,0
201900002951,19,4,18,120,4,3,2,7,4562535,-314038,7,1,29,3,3,2,860,959,2,6,3,27,0,0,0,0,0
201900002952,19,5,16,122,2,6,2,5,4885138,333830,6,2,3,3,4,1,687,609,9,5,1,40,0,0,0,0,0
201900002953,19,5,3,90,5,1,6,7,4945872,693124,5,1,43,1,1,4,333,23,1,7,4,74,0,0,0,0,0
201900002954,19,7,16,168,5,8,5,2,4516427,-214525,6,4,23,3,3,2,245,169,8,7,4,71,0,0,0,0,0
201900002955,19,1,27,475,4,4,3,6,4895649,393960,9,2,24,3,1,3,206,72,3,2,1,24,0,0,0,0,0
201900002956,19,10,5,963,1,1,8,5,4459074,248802,5,3,14,3,2,4,244,575,1,5,4,46,0,0,0,0,0
201900002957,19,10,11,501,2,3,4,3,4929142,82122,5,2,40,1,4,2,537,185,1,7,5,39,0,0,0,0,0
201900002958,19,8,18,729,2,6,9,6,4983647,-244606,4,3,36,3,4,2,468,12,9,5,2,7,0,0,0,0,0
201900002959,19,10,20,195,3,7,4,4,4720993,-23650,7,3,35,3,2,2,596,398,8,6,5,7,0,0,0,0,0
201900002960,19,1,21,185,5,2,3,3,4836750,543558,8,3,11,1,3,2,844,606,6,5,2,91,0,0,0,0,0
201900002961,19,7,7,518,3,2,8,4,4949097,-88698,8,4,31,2,1,3,604,301,9,4,2,40,0,0,0,0,0
201900002962,19,4,25,1923,2,9,9,2,4436684,-212017,9,1,48,2,2,2,504,149,8,2,3,40,0,0,0,0,0
201900002963,19,3,12,877,3,2,5,3,4646373,393471,6,4,13,3,2,1,819,735,4,1,4,75,0,0,0,0,0
201900002964,19,12,13,2351,5,2,5,4,4756001,247057,2,3,17,3,1,2,777,907,3,3,4,78,0,0,0,0,0
201900002965,19,8,3,584,4,1,9,6,4663207,39000,5,1,46,3,1,2,20,328,9,6,2,39,0,0,0,0,0
201900002966,19,12,24,1007,2,4,6,7,4544525,172177,4,2,5,2,1,2,96,137,4,7,1,0,0,0,0,0,0
201900002967,19,11,21,111,1,1,4,7,4921507,344810,6,3,46,3,4,2,542,15,2,1,2,69,0,0,0,0,0
201900002968,19,5,10,1396,2,6,9,5,4958473,-79696,3,4,47,1,1,3,624,212,6,4,4,55,0,0,0,0,0
201900002969,19,2,26,2012,4,4,7,5,4667679,35802,3,3,8,3,1,3,615,470,4,6,1,12,0,0,0,0,0
201900002970,19,11,5,243,1,5,8,7,4848223,268838,2,4,9,2,3,3,222,533,5,7,4,69,0,0,0,0,0
201900002971,19,4,9,2022,5,2,5,1,4976813,536579,1,3,33,3,1,3,30,892,8,1,5,21,0,0,0,0,0
201900002972,19,11,2,1846,3,3,4,6,4573461,174615,7,4,41,2,3,4,560,11,2,2,3,98,0,0,0,0,0
201900002973,19,9,27,928,5,7,4,1,4721022,-384604,9,1,24,2,2,3,272,504,3,4,4,20,0,0,0,0,0
201900002974,19,8,5,1811,1,1,6,7,4522776,20884,7,3,33,3,3,3,435,702,3,2,4,69,0,0,0,0,0
201900002975,19,9,6,891,1,2,3,2,4488582,-115131,1,4,45,2,1,1,631,808,8,7,4,46,0,0,0,0,0
201900002976,19,12,7,1160,2,7,7,3,4692023,543054,5,1,42,1,3,4,821,788,5,4,2,98,0,0,0,0,0
201900002977,19,11,1,875,4,8,6,6,4731574,429619,4,2,52,1,4,3,269,43,2,6,3,79,0,0,0,0,0
201900002978,19,10,21,29,3,1,4,6,4892190,-315040,7,3,0,2,3,2,340,89,9,7,1,2,0,0,0,0,0
201900002979,19,12,25,1958,4,7,3,2,4547299,-299862,4,1,4,1,1,1,19,938,8,7,4,2,0,0,0,0,0
201900002980,19,7,25,17,1,9,4,2,4673287,399764,5,3,14,3,1,3,188,161,7,7,3,53,0,0,0,0,0
201900002981,19,4,8,1216,5,1,2,4,4529550,-183913,1,4,36,1,3,2,909,69,1,4,5,51,0,0,0,0,0
201900002982,19,9,10,2000,3,1,4,1,4797849,352428,2,1,0,3,2,3,120,209,7,2,3,5,0,0,0,0,0
201900002983,19,4,26,1850,1,9,5,2,4829319,674601,5,4,25,2,4,2,560,474,8,6,5,81,0,0,0,0,0
201900002984,19,9,23,2356,5,1,9,5,4739924,385255,9,2,23,2,3,3,377,57,1,6,1,23,0,0,0,0,0
201900002985,19,10,12,982,5,4,6,2,4415391,-98411,2,2,6,1,1,2,568,366,2,5,2,59,0,0,0,0,0
201900002986,19,3,5,1567,3,5,9,3,4414776,340795,4,4,21,3,4,1,651,314,9,5,4,12,0,0,0,0,0
201900002987,19,4,13,572,2,5,9,1,4531266,205215,9,2,23,2,3,1,432,407,6,2,1,67,0,0,0,0,0
201900002988,19,8,10,852,5,6,7,6,4634191,308107,7,4,9,1,1,2,8,604,8,4,1,25,0,0,0,0,0
201900002989,19,2,24,1782,4,1,7,5,4591748,482777,6,1,23,1,3,1,632,732,5,5,4,0,0,0,0,0,0
201900002990,19,9,3,722,1,3,4,5,4493548,375918,9,1,5,2,1,1,525,284,4,4,5,26,0,0,0,0,0
201900002991,19,10,3,1754,1,8,8,1,4908823,266410,8,2,45,2,1,3,188,402,2,1,4,93,0,0,0,0,0
201900002992,19,12,21,2192,1,7,3,4,4875338,-171723,9,2,52,2,2,4,437,337,3,4,3,68,0,0,0,0,0
201900002993,19,2,10,1821,5,1,2,2,4728341,231794,3,3,43,1,1,2,445,324,8,3,5,33,0,0,0,0,0
201900002994,19,12,28,762,5,1,1,2,4430479,555629,7,1,3,2,1,3,615,120,2,3,1,74,0,0,0,0,0
201900002995,19,8,11,1690,2,9,7,4,4483186,465968,6,4,30,3,1,3,909,187,1,5,3,47,0,0,0,0,0
201900002996,19,3,25,2068,5,2,6,5,4421397,141294,2,2,31,1,2,4,788,356,3,7,4,3,0,0,0,0,0
201900002997,19,6,26,1119,2,3,8,2,4999236,228448,4,4,48,2,1,2,435,388,1,2,2,12,0,0,0,0,0
201900002998,19,1,28,1581,5,9,8,5,4882565,166740,3,1,35,2,3,1,91,311,8,5,1,37,0,0,0,0,0
201900002999,19,3,23,1247,3,9,2,6,4829915,-138377,1,4,48,2,4,1,383,547,5,1,3,16,0,0,0,0,0
201900003000,19,7,10,1558,1,7,5,5,4490268,-348259,8,4,11,2,2,1,162,916,7,7,3,41,0,0,0,0,0
201900003001,19,11,11,1468,2,2,8,2,4930315,414373,9,2,25,1,4,3,769,600,5,4,2,46,0,0,0,0,0
201900003002,19,8,17,775,2,9,4,5,4772050,516049,4,4,48,3,1,4,198,359,5,2,2,44,0,0,0,0,0
201900003003,19,9,20,122,3,7,4,4,4648050,673943,6,4,43,3,4,4,136,670,9,4,4,60,0,0,0,0,0
201900003004,19,7,10,730,4,2,4,3,4596725,-171845,3,3,19,2,1,1,749,95,6,3,3,0,0,0,0,0,0
201900003005,19,6,28,947,1,2,1,6,4957862,-346982,4,4,38,1,1,4,497,36,4,2,3,49,0,0,0,0,0
201900003006,19,10,6,515,2,1,9,5,4530332,459251,3,3,0,2,3,2,369,720,9,6,1,20,0,0,0,0,0
201900003007,19,8,4,2213,4,6,2,1,4668272,471039,2,4,49,3,1,3,52,690,3,1,2,97,0,0,0,0,0
201900003008,19,7,15,1824,2,5,5,4,4894942,678410,2,1,24,1,1,3,155,848,4,6,4,35,0,0,0,0,0
201900003009,19,9,8,1875,3,4,5,3,4970046,198347,7,2,20,1,3,3,202,51,6,7,1,91,0,0,0,0,0
201900003010,19,7,22,610,2,1,5,3,4804738,-194679,2,1,8,2,3,4,624,762,8,2,3,57,0,0,0,0,0
201900003011,19,9,10,741,4,6,9,1,4827479,-264355,7,1,46,2,3,3,627,369,9,7,3,64,0,0,0,0,0
201900003012,19,10,9,388,3,6,5,4,4653872,338515,1,1,41,2,3,4,11,502,1,7,2,71,0,0,0,0,0
201900003013,19,10,27,393,1,1,7,1,4673395,-242926,6,2,7,3,3,3,708,459,5,3,3,62,0,0,0,0,0
201900003014,19,5,26,2193,5,1,9,3,4485613,-148589,2,1,40,1,3,3,780,330,3,6,3,80,0,0,0,0,0
201900003015,19,2,1,2334,5,1,7,4,4702984,369095,3,4,45,1,1,2,46,350,9,6,2,71,0,0,0,0,0
201900003016,19,3,27,1290,4,5,5,5,4400624,663677,6,1,10,1,2,2,547,971,8,7,3,61,0,0,0,0,0
201900003017,19,4,1,1527,5,2,9,6,4663870,-192799,9,2,9,1,4,3,207,4,2,3,5,44,0,0,0,0,0
201900003018,19,5,28,256,1,9,7,2,4475033,-314410,1,4,25,2,3,2,438,354,3,4,4,12,0,0,0,0,0
201900003019,19,6,4,2105,4,2,9,4,4707867,-142484,5,1,39,2,2,1,751,738,9,2,3,4,0,0,0,0,0
201900003020,19,11,27,1766,5,8,2,4,4735447,-140811,7,2,22,3,3,3,78,711,2,7,2,69,0,0,0,0,0
201900003021,19,1,6,408,1,6,8,4,4791570,-337576,5,1,40,1,3,3,417,29,9,5,5,25,0,0,0,0,0
201900003022,19,11,12,2310,1,7,3,6,4448053,-183683,7,4,45,3,4,4,258,300,7,5,5,12,0,0,0,0,0
201900003023,19,8,17,1548,3,8,3,7,4464007,654055,3,4,23,1,1,1,133,86,8,1,5,62,0,0,0,0,0
201900003024,19,5,22,1248,2,3,9,4,4954974,-130668,6,1,51,3,1,4,762,106,6,2,1,82,0,0,0,0,0
201900003025,19,4,7,1832,4,8,9,1,4476503,520516,5,4,49,2,2,2,477,167,7,6,5,97,0,0,0,0,0
201900003026,19,9,16,1193,2,4,9,4,4661020,-82086,2,3,9,3,3,2,811,110,1,5,5,89,0,0,0,0,0
201900003027,19,1,25,822,5,4,2,7,4936121,-272240,1,2,24,1,1,2,737,897,6,7,1,39,0,0,0,0,0
201900003028,19,6,13,1719,3,2,2,1,4945732,500019,3,4,26,1,2,4,687,425,3,1,3,50,0,0,0,0,0
201900003029,19,4,2,425,4,7,4,3,4564856,-95529,6,3,11,3,3,3,814,222,4,3,3,39,0,0,0,0,0
201900003030,19,9,2,1962,3,4,3,2,4882496,364281,3,4,29,3,2,2,5,907,7,7,2,94,0,0,0,0,0
201900003031,19,8,15,1779,1,1,7,2,4625321,-311254,2,4,15,1,3,2,496,644,1,2,3,62,0,0,0,0,0
201900003032,19,6,26,292,5,7,5,3,4655079,668979,5,4,8,3,2,2,875,646,6,3,5,71,0,0,0,0,0
201900003033,19,5,16,2213,4,2,5,6,4894793,194462,2,4,36,1,3,3,183,774,8,2,3,74,0,0,0,0,0
201900003034,19,2,19,1227,2,6,3,3,4623145,-191455,1,4,52,2,4,1,351,682,4,7,2,85,0,0,0,0,0
201900003035,19,8,28,1638,1,3,4,5,4915105,-388965,1,2,36,1,1,2,774,459,8,3,4,80,0,0,0,0,0
201900003036,19,1,1,1801,5,5,9,4,4748879,-125828,1,1,51,2,3,1,131,10,7,3,4,45,0,0,0,0,0
201900003037,19,5,23,1143,3,8,8,1,4693876,-384438,9,4,52,2,1,4,407,883,3,5,4,23,0,0,0,0,0
201900003038,19,12,4,510,4,1,5,1,4572823,664539,7,4,2,2,3,2,804,631,3,2,5,52,0,0,0,0,0
201900003039,19,8,10,1389,5,3,6,5,4696781,-18251,6,4,28,3,4,2,404,224,3,1,3,63,0,0,0,0,0
201900003040,19,7,22,1109,3,1,8,5,4596885,48761,3,3,0,3,1,2,403,448,6,2,1,6,0,0,0,0,0
201900003041,19,8,7,1795,5,4,6,2,4936455,614417,3,4,19,1,4,1,470,382,2,2,4,1,0,0,0,0,0
201900003042,19,6,21,1803,1,1,8,3,4634753,181006,1,3,53,1,2,3,508,807,8,4,5,26,0,0,0,0,0
201900003043,19,12,26,216,1,8,1,2,4464000,551474,3,1,13,3,4,1,36,867,7,1,3,12,0,0,0,0,0
201900003044,19,9,14,328,5,3,3,2,4425635,679279,3,3,27,2,1,4,426,703,2,2,3,47,0,0,0,0,0
201900003045,19,3,2,1208,4,4,3,7,4902759,-327882,8,4,14,2,3,4,82,242,2,7,3,21,0,0,0,0,0
201900003046,19,8,8,681,3,2,5,6,4637250,300468,8,2,31,2,4,1,340,818,9,4,2,17,0,0,0,0,0
201900003047,19,9,7,1287,5,9,3,2,4417449,390309,1,1,24,3,1,3,113,395,5,2,4,49,0,0,0,0,0
201900003048,19,5,10,742,5,4,8,7,4666180,199315,4,3,7,1,4,3,332,708,5,7,3,98,0,0,0,0,0
201900003049,19,1,19,228,1,9,5,4,4436618,159969,1,1,51,2,3,4,540,923,1,4,3,83,0,0,0,0,0
201900003050,19,11,18,1278,3,1,6,7,4667427,98526,4,2,18,3,2,1,266,804,6,1,5,95,0,0,0,0,0
201900003051,19,7,21,1192,1,7,4,5,4684022,546318,9,4,4,3,1,2,124,566,3,6,3,22,0,0,0,0,0
201900003052,19,7,25,1046,3,5,7,6,4946258,593010,3,1,41,2,3,2,492,961,6,4,3,67,0,0,0,0,0
201900003053,19,9,4,1402,5,4,2,5,4419963,349208,5,1,13,2,1,4,353,254,6,7,2,46,0,0,0,0,0
201900003054,19,7,3,935,2,8,7,4,4891866,672976,9,2,15,3,2,1,577,834,3,4,2,13,0,0,0,0,0
201900003055,19,9,5,719,1,6,7,3,4828719,326589,1,1,12,2,3,2,335,843,6,4,5,38,0,0,0,0,0
201900003056,19,12,9,353,4,1,9,6,4889909,-333844,9,1,43,3,3,2,672,158,1,2,1,74,0,0,0,0,0
201900003057,19,10,25,1395,1,6,5,1,4592424,136020,4,4,9,1,4,1,329,204,4,6,3,67,0,0,0,0,0
201900003058,19,3,7,2316,3,2,2,1,4688796,591546,2,1,52,2,3,2,743,967,1,2,1,61,0,0,0,0,0
201900003059,19,4,20,1230,1,1,7,6,4763800,343902,3,4,42,2,3,1,110,66,9,7,1,88,0,0,0,0,0
201900003060,19,6,12,176,1,5,3,3,4835166,367380,9,4,13,3,4,4,551,492,3,2,1,24,0,0,0,0,0
201900003061,19,1,19,2165,1,7,8,2,4777976,156072,6,4,9,3,1,3,300,505,2,2,3,89,0,0,0,0,0
201900003062,19,10,16,1930,1,1,2,1,4795963,654320,1,4,12,2,3,4,374,258,7,6,4,84,0,0,0,0,0
201900003063,19,2,20,1603,5,8,7,7,4740952,542887,5,4,44,1,2,2,774,208,9,3,3,69,0,0,0,0,0
201900003064,19,10,27,1578,3,3,5,5,4798311,53622,4,1,28,2,2,3,857,786,5,7,2,10,0,0,0,0,0
201900003065,19,6,19,1798,3,7,7,4,4812499,-222794,1,2,28,1,4,2,891,730,4,3,5,7,0,0,0,0,0
201900003066,19,6,21,465,4,3,2,2,4988986,-205285,5,3,22,2,4,4,413,481,7,3,3,54,0,0,0,0,0
201900003067,19,10,8,365,2,6,4,6,4814508,-363368,3,1,23,2,3,2,649,87,5,6,3,33,0,0,0,0,0
201900003068,19,1,21,1297,2,5,8,4,4945771,-198344,6,4,2,3,4,1,181,414,6,5,1,65,0,0,0,0,0
201900003069,19,9,19,503,2,5,5,5,4497041,3018,1,1,18,3,2,4,565,87,1,2,4,4,0,0,0,0,0
201900003070,19,3,8,715,5,8,3,1,4668255,-62855,9,4,45,3,1,3,794,64,9,7,2,41,0,0,0,0,0
201900003071,19,8,26,364,5,5,8,7,4603607,-205702,7,3,44,3,3,4,537,909,6,6,2,38,0,0,0,0,0
201900003072,19,10,21,1008,5,9,7,1,4669048,308903,1,1,18,1,1,3,359,104,1,5,4,31,0,0,0,0,0
201900003073,19,6,28,1070,5,4,7,2,4696164,-93824,1,2,32,1,3,3,64,321,7,7,3,19,0,0,0,0,0
201900003074,19,7,28,1846,3,6,1,6,4639049,10033,5,1,24,2,3,4,261,792,8,6,3,9,0,0,0,0,0
201900003075,19,3,20,1336,3,1,8,3,4864314,478707,7,4,53,3,1,4,374,668,8,7,1,8,0,0,0,0,0
201900003076,19,1,8,55,4,1,7,1,4905497,118350,8,2,37,1,1,4,400,595,6,4,3,67,0,0,0,0,0
201900003077,19,2,10,165,3,1,5,7,4775866,285429,8,1,7,3,1,1,35,113,6,7,1,85,0,0,0,0,0
201900003078,19,9,5,1216,3,3,2,5,4777432,593719,2,1,46,1,3,3,20,259,6,7,1,80,0,0,0,0,0
201900003079,19,5,27,2003,4,5,8,2,4465401,-63579,3,2,22,3,2,4,894,992,3,6,2,70,0,0,0,0,0
201900003080,19,7,26,333,2,9,7,4,4885218,-126159,2,2,17,1,2,3,870,439,3,3,3,7,0,0,0,0,0