Num_Acc,an,mois,jour,hrmn,lum,int,atm,col,lat,long,catr,circ,nbv,vosp,prof,plan,lartpc,larrout,surf,infra,situ,env1,unscathed,killed,hospital,light,chance
201900003081,19,6,17,1268,4,6,4,1,4968632,266892,6,3,49,3,1,1,101,281,7,4,1,62,0,0,0,0,0
201900003082,19,11,4,2111,3,8,6,6,4871778,-181744,7,2,34,3,4,1,632,269,9,6,2,96,0,0,0,0,0
201900003083,19,4,17,652,5,8,5,4,4729814,280557,4,1,23,2,4,4,507,999,9,5,2,84,0,0,0,0,0
201900003084,19,1,9,1080,1,5,6,2,4858874,-304250,3,3,8,2,4,4,662,563,6,2,2,73,0,0,0,0,0
201900003085,19,7,13,23,5,7,2,5,4999178,51152,3,2,32,2,2,2,106,999,5,3,4,95,0,0,0,0,0
201900003086,19,11,15,1394,3,3,3,6,4536442,-2832,8,3,12,1,3,1,639,812,9,2,2,60,0,0,0,0,0
201900003087,19,12,7,663,1,8,3,2,4753233,49127,2,1,12,3,2,4,495,259,1,2,1,38,0,0,0,0,0
201900003088,19,10,21,1924,2,7,6,2,4514482,148600,5,3,4,3,1,2,382,275,8,4,2,98,0,0,0,0,0
201900003089,19,1,13,2108,2,7,6,3,4803061,585824,2,3,41,3,3,1,186,784,4,5,4,78,0,0,0,0,0
201900003090,19,8,13,572,1,4,7,1,4819666,-101856,5,3,3,3,2,2,610,159,3,5,5,10,0,0,0,0,0
201900003091,19,8,28,979,4,6,3,6,4507551,509268,6,2,1,2,1,4,850,839,7,1,4,35,0,0,0,0,0
201900003092,19,12,12,443,3,1,2,3,4728638,387258,9,3,11,3,3,4,115,223,5,6,4,84,0,0,0,0,0
201900003093,19,5,26,398,1,5,2,4,4796268,53985,2,4,53,1,2,1,720,143,3,1,4,35,0,0,0,0,0
201900003094,19,4,10,13,1,9,4,1,4573575,418084,3,3,49,1,3,1,547,949,4,2,2,13,0,0,0,0,0
201900003095,19,11,15,516,4,8,5,7,4657803,-250980,3,3,10,2,4,1,521,382,7,7,5,62,0,0,0,0,0
201900003096,19,12,15,2202,5,4,8,4,4593473,-185573,3,2,29,2,3,3,654,556,1,5,3,84,0,0,0,0,0
201900003097,19,4,26,388,4,1,5,4,4565092,-332764,6,3,26,3,1,2,500,407,4,4,1,20,0,0,0,0,0
201900003098,19,9,1,1299,5,1,7,4,4576909,333798,1,1,32,1,2,1,168,236,9,4,4,50,0,0,0,0,0
201900003099,19,4,8,1501,1,2,2,7,4871974,472414,7,3,52,1,3,2,486,481,2,3,4,79,0,0,0,0,0
201900003100,19,4,24,2112,4,6,2,6,4624156,-329015,3,3,48,1,1,2,666,174,4,3,1,37,0,0,0,0,0
201900003101,19,8,12,725,2,6,3,6,4706387,394807,7,4,10,1,3,3,53,575,1,1,4,67,0,0,0,0,0
201900003102,19,10,7,567,1,9,6,6,4550148,331587,7,4,51,1,4,3,224,469,7,2,5,17,0,0,0,0,0
201900003103,19,3,9,165,1,6,1,1,4542191,-102241,1,1,8,3,1,3,62,155,2,6,5,62,0,0,0,0,0
201900003104,19,11,15,208,2,1,2,7,4841531,287781,8,3,45,2,4,3,643,179,3,2,2,55,0,0,0,0,0
201900003105,19,10,24,911,4,2,9,6,4800737,610313,1,4,38,1,4,4,865,404,6,1,5,87,0,0,0,0,0
201900003106,19,10,7,1282,5,4,6,7,4590979,28794,4,4,25,1,1,1,682,520,4,5,2,82,0,0,0,0,0
201900003107,19,3,23,847,3,9,7,7,4672301,-269681,9,2,1,1,2,1,556,311,9,4,2,11,0,0,0,0,0
201900003108,19,1,1,590,3,6,6,4,4603193,-285123,8,4,38,3,1,1,15,646,8,7,5,54,0,0,0,0,0
201900003109,19,11,2,984,1,4,6,7,4945515,-367270,3,2,39,1,1,4,740,371,4,7,2,94,0,0,0,0,0
201900003110,19,9,8,1868,3,3,8,6,4531520,-274065,2,1,34,2,2,2,888,805,2,2,2,76,0,0,0,0,0
201900003111,19,9,13,1138,5,5,6,2,4558338,393199,3,1,13,2,3,2,696,691,7,2,2,45,0,0,0,0,0
201900003112,19,9,16,1054,4,4,7,1,4790696,243665,6,4,17,1,4,2,476,730,9,7,5,44,0,0,0,0,0
201900003113,19,8,23,1368,2,5,8,1,4829158,46506,5,4,47,3,4,1,593,188,2,5,4,10,0,0,0,0,0
201900003114,19,5,23,2280,5,2,6,1,4427195,-105169,2,1,45,3,1,4,558,245,3,2,2,29,0,0,0,0,0
201900003115,19,9,10,1018,5,6,8,1,4451178,234347,1,4,0,1,2,4,294,752,1,5,2,7,0,0,0,0,0
201900003116,19,3,2,37,4,3,7,3,4515570,520330,3,3,1,2,3,1,690,971,1,7,3,39,0,0,0,0,0
201900003117,19,3,8,590,4,2,8,3,4905754,171305,9,4,24,3,3,4,835,686,5,1,4,5,0,0,0,0,0
201900003118,19,11,7,1312,4,3,6,3,4906208,-23787,9,2,10,1,3,1,496,507,9,4,5,6,0,0,0,0,0
201900003119,19,3,16,453,5,7,6,7,4796493,-197447,3,2,23,2,4,3,21,585,7,5,3,59,0,0,0,0,0
201900003120,19,11,1,1405,4,1,3,3,4930361,-101828,8,2,4,1,2,1,351,826,9,4,2,3,0,0,0,0,0
201900003121,19,2,20,1524,5,2,2,3,4570272,627100,6,4,0,1,4,1,424,744,2,4,3,98,0,0,0,0,0
201900003122,19,7,17,1002,4,5,4,5,4838980,-306112,4,3,16,1,1,3,729,531,6,2,5,63,0,0,0,0,0
201900003123,19,1,13,2030,5,1,6,6,4471419,237287,6,2,8,3,1,3,2,636,3,6,2,13,0,0,0,0,0
201900003124,19,2,17,1944,4,5,7,5,4503460,570566,8,4,4,3,3,3,509,636,4,2,1,62,0,0,0,0,0
201900003125,19,12,15,16,4,8,8,3,4777647,699181,3,2,52,3,3,3,799,750,9,2,2,70,0,0,0,0,0
201900003126,19,12,20,875,5,2,4,2,4703375,659638,1,1,32,2,1,1,147,536,3,3,4,96,0,0,0,0,0
201900003127,19,6,2,737,5,5,8,7,4743159,-388611,2,4,45,3,2,4,213,559,6,4,3,43,0,0,0,0,0
201900003128,19,9,23,142,4,5,5,2,4645077,388270,3,4,14,1,4,1,261,826,6,4,5,70,0,0,0,0,0
201900003129,19,7,22,975,5,2,1,1,4984199,286597,1,2,52,3,2,2,7,910,1,4,2,96,0,0,0,0,0
201900003130,19,12,14,1999,3,1,5,1,4638732,-88169,2,4,22,3,2,4,695,432,6,7,4,32,0,0,0,0,0
201900003131,19,9,17,1041,5,8,3,1,4513999,-21637,3,4,35,3,2,4,645,132,1,7,3,29,0,0,0,0,0
201900003132,19,6,25,107,3,6,6,6,4975966,246143,9,1,22,2,3,1,773,671,6,1,4,83,0,0,0,0,0
201900003133,19,7,7,714,2,8,9,4,4755423,-295278,6,2,22,3,3,3,755,617,2,3,5,86,0,0,0,0,0
201900003134,19,2,22,968,4,1,8,7,4963089,473629,2,1,34,2,3,3,87,804,5,4,2,62,0,0,0,0,0
201900003135,19,2,2,2291,4,8,6,3,4768908,-245866,1,3,51,2,1,1,88,300,1,7,1,48,0,0,0,0,0
201900003136,19,5,6,771,3,2,4,4,4604774,282041,1,3,45,3,1,2,802,221,1,4,1,46,0,0,0,0,0
201900003137,19,8,4,534,1,6,1,7,4645521,557711,6,2,27,2,1,1,681,940,2,4,4,30,0,0,0,0,0
201900003138,19,5,3,488,5,5,4,2,4985653,-166708,6,4,0,3,2,4,345,57,9,6,1,37,0,0,0,0,0
201900003139,19,3,20,2155,4,2,3,4,4667930,12802,4,3,22,3,1,2,440,106,9,1,1,68,0,0,0,0,0
201900003140,19,10,4,1916,1,1,9,7,4894021,-81556,4,3,31,1,3,1,762,763,8,1,3,59,0,0,0,0,0
201900003141,19,10,27,1302,3,1,8,6,4743209,193142,6,1,4,3,1,4,783,751,8,3,4,48,0,0,0,0,0
201900003142,19,7,2,1610,4,3,7,7,4879336,58627,8,3,23,2,1,2,154,267,2,2,4,77,0,0,0,0,0
201900003143,19,2,25,1402,5,5,6,1,4656080,506321,8,1,28,2,4,4,1,885,8,6,4,22,0,0,0,0,0
201900003144,19,8,16,1926,3,6,7,3,4639018,556732,3,2,38,3,4,4,130,478,3,5,2,18,0,0,0,0,0
201900003145,19,11,17,900,1,6,1,7,4519646,632133,8,1,10,3,3,2,528,41,6,5,1,9,0,0,0,0,0
201900003146,19,4,13,1143,3,8,7,1,4903419,576215,3,2,7,2,4,2,588,698,7,6,2,12,0,0,0,0,0
201900003147,19,5,19,205,1,4,6,3,4979605,-108728,6,1,11,2,1,4,158,82,9,3,5,59,0,0,0,0,0
201900003148,19,9,2,1415,2,6,1,1,4630120,394293,5,1,4,3,4,4,205,816,6,1,5,96,0,0,0,0,0
201900003149,19,6,2,827,3,2,9,4,4588487,305435,8,4,41,2,1,4,598,259,6,3,4,59,0,0,0,0,0
201900003150,19,5,5,1311,1,1,6,2,4774963,-132226,4,3,37,1,4,2,567,783,5,4,2,25,0,0,0,0,0
201900003151,19,6,14,194,4,5,9,4,4790327,-128069,2,4,50,2,4,3,514,217,5,2,1,17,0,0,0,0,0
201900003152,19,12,8,894,1,7,6,1,4501748,-262645,2,1,15,1,1,2,412,338,2,1,4,97,0,0,0,0,0
201900003153,19,6,2,1736,4,5,5,4,4890176,-164993,6,4,50,1,3,3,649,79,6,5,5,91,0,0,0,0,0
201900003154,19,7,9,701,1,5,8,7,4742602,496307,4,2,52,3,3,2,418,712,7,5,3,77,0,0,0,0,0
201900003155,19,10,27,2083,3,8,7,1,4425006,323870,7,3,30,2,1,1,695,525,5,2,1,30,0,0,0,0,0
201900003156,19,1,16,549,5,3,1,7,4406132,75416,8,4,21,1,3,3,853,380,5,7,5,80,0,0,0,0,0
201900003157,19,11,18,330,1,1,8,5,4554267,501446,3,2,16,1,2,4,389,489,8,2,2,85,0,0,0,0,0
201900003158,19,6,12,2303,1,6,9,4,4929969,684113,1,4,34,1,4,4,518,515,5,4,1,77,0,0,0,0,0
201900003159,19,7,5,1029,5,7,4,6,4538674,-54826,7,2,47,2,3,2,506,29,4,4,2,94,0,0,0,0,0
201900003160,19,6,14,52,4,9,9,2,4963946,679667,7,1,25,1,1,2,585,718,9,2,1,8,0,0,0,0,0
201900003161,19,5,28,245,1,7,1,4,4912583,367993,2,4,44,1,4,2,910,706,5,2,4,57,0,0,0,0,0
201900003162,19,5,2,263,1,7,7,2,4546267,302415,5,4,42,3,3,3,592,999,8,2,5,54,0,0,0,0,0
201900003163,19,6,7,1518,2,3,8,2,4858083,37158,9,4,12,2,3,4,210,325,9,4,2,44,0,0,0,0,0
201900003164,19,5,11,214,3,9,6,7,4574137,-47735,1,3,30,1,4,2,549,386,8,7,2,32,0,0,0,0,0
201900003165,19,9,5,1312,3,7,7,6,4828218,368473,9,4,48,2,1,4,878,926,7,7,4,62,0,0,0,0,0
201900003166,19,11,27,2096,4,3,6,1,4488479,-52945,4,4,15,3,3,4,145,375,4,4,4,32,0,0,0,0,0
201900003167,19,1,21,1456,3,1,1,2,4894220,307350,4,2,23,3,4,4,847,94,8,7,4,8,0,0,0,0,0
201900003168,19,4,9,729,5,4,8,3,4425727,-253793,9,4,37,2,4,1,341,966,7,3,4,88,0,0,0,0,0
201900003169,19,6,14,616,2,5,2,2,4752379,304644,3,4,27,1,4,1,65,759,5,6,2,39,0,0,0,0,0
201900003170,19,8,3,1393,3,8,4,5,4473285,-263611,8,4,6,3,2,2,447,40,1,2,3,85,0,0,0,0,0
201900003171,19,2,28,594,4,8,3,1,4449052,353734,8,1,5,3,3,2,745,744,4,1,5,41,0,0,0,0,0
201900003172,19,6,14,1693,2,7,5,1,4579615,633945,8,4,39,2,3,3,323,229,6,2,2,2,0,0,0,0,0
201900003173,19,6,28,938,3,4,3,3,4834057,-219474,1,3,53,3,2,4,589,79,6,5,5,0,0,0,0,0,0
201900003174,19,7,22,1348,2,4,7,1,4878105,265433,7,3,34,1,1,2,553,73,1,5,2,82,0,0,0,0,0
201900003175,19,7,9,645,5,1,4,5,4409878,210479,6,1,32,3,2,1,212,221,4,1,5,76,0,0,0,0,0
201900003176,19,12,23,466,2,3,5,5,4887731,-175403,3,1,51,3,1,4,214,115,8,1,5,41,0,0,0,0,0
201900003177,19,3,16,61,4,3,2,4,4509784,461307,7,1,35,1,4,1,305,288,5,5,5,56,0,0,0,0,0
201900003178,19,4,17,913,4,4,3,3,4938332,661824,1,2,26,1,2,4,28,159,7,5,3,44,0,0,0,0,0
201900003179,19,4,14,954,2,8,4,3,4685419,264716,8,2,45,2,4,2,165,450,3,4,2,16,0,0,0,0,0
201900003180,19,1,12,96,4,1,1,5,4639987,191979,8,2,11,2,1,2,29,644,8,7,4,35,0,0,0,0,0
201900003181,19,4,14,196,1,6,9,6,4720252,-35589,6,2,33,3,3,2,886,41,3,4,1,92,0,0,0,0,0
201900003182,19,8,17,2030,3,5,9,3,4508395,279088,8,3,42,3,3,3,589,337,5,5,1,68,0,0,0,0,0
201900003183,19,11,10,805,1,7,1,6,4534348,-230750,6,3,29,2,3,1,789,845,6,4,3,17,0,0,0,0,0
201900003184,19,3,17,929,4,1,5,2,4827713,695533,3,4,29,3,2,2,260,712,2,5,5,17,0,0,0,0,0
201900003185,19,4,23,1388,3,3,9,1,4672131,698806,5,2,27,2,1,4,232,805,5,4,4,16,0,0,0,0,0
201900003186,19,7,17,1507,5,1,5,7,4919500,82149,5,3,25,1,4,4,64,62,1,2,2,48,0,0,0,0,0
201900003187,19,5,26,766,3,1,5,6,4741058,329776,4,3,11,1,3,2,114,941,7,4,5,79,0,0,0,0,0
201900003188,19,7,26,2252,1,5,3,4,4491609,113485,4,1,44,2,4,3,248,360,1,5,5,6,0,0,0,0,0
201900003189,19,9,27,851,2,2,1,2,4960416,198939,8,3,9,1,4,4,847,790,9,4,3,68,0,0,0,0,0
201900003190,19,9,27,705,3,6,1,5,4420696,-41262,2,1,17,2,2,4,746,696,3,3,4,70,0,0,0,0,0
201900003191,19,7,14,167,2,3,1,6,4841073,444640,2,3,13,1,1,4,254,324,8,7,5,81,0,0,0,0,0
201900003192,19,6,13,483,2,8,8,5,4894334,110688,9,3,49,2,1,4,448,6,8,6,2,77,0,0,0,0,0
201900003193,19,7,3,1748,5,1,6,1,4647683,-389981,5,1,13,2,1,1,751,266,6,6,1,3,0,0,0,0,0
201900003194,19,5,1,1204,4,8,2,7,4783939,174522,1,4,10,3,4,3,521,95,6,3,1,0,0,0,0,0,0
201900003195,19,10,15,445,2,5,8,4,4546865,498275,1,1,26,2,4,2,4,1,6,1,2,46,0,0,0,0,0
201900003196,19,1,21,1024,4,4,9,1,4874406,414008,2,1,25,2,4,3,765,15,4,4,2,61,0,0,0,0,0
201900003197,19,1,3,1119,3,7,3,2,4717673,-378,4,4,53,2,2,4,897,64,8,1,2,90,0,0,0,0,0
201900003198,19,10,17,2010,3,1,7,4,4626388,-367977,2,1,19,3,3,3,40,226,4,6,4,77,0,0,0,0,0
201900003199,19,4,22,84,5,1,1,5,4923095,-166309,3,4,16,1,2,1,349,781,9,5,3,54,0,0,0,0,0
201900003200,19,12,12,1361,3,9,3,1,4492873,683097,7,2,40,3,1,1,474,238,2,7,1,67,0,0,0,0,0
201900003201,19,3,20,842,1,8,3,2,4481373,381558,5,4,48,1,4,1,243,14,2,1,3,70,0,0,0,0,0
201900003202,19,5,24,1186,1,5,7,3,4604351,618924,6,2,4,1,2,4,598,719,3,6,1,95,0,0,0,0,0
201900003203,19,9,20,1191,2,8,3,7,4596300,-137287,9,1,40,3,1,2,240,150,7,6,2,66,0,0,0,0,0
201900003204,19,12,1,746,5,5,3,3,4629041,-111202,5,4,25,2,1,2,484,998,4,5,4,37,0,0,0,0,0
201900003205,19,9,23,1719,5,8,3,2,4722633,335912,7,3,22,2,2,4,37,879,1,5,5,21,0,0,0,0,0
201900003206,19,1,17,287,2,8,3,2,4761955,561649,6,1,16,2,4,3,161,948,2,2,5,51,0,0,0,0,0
201900003207,19,3,1,1092,2,6,7,6,4464547,587422,9,4,38,3,3,2,714,975,1,6,4,24,0,0,0,0,0
201900003208,19,3,18,372,1,4,6,4,4982617,317972,9,3,11,2,1,3,424,92,2,6,4,90,0,0,0,0,0
201900003209,19,1,17,1908,1,4,5,1,4532478,369018,9,3,12,3,4,3,317,393,1,5,5,41,0,0,0,0,0
201900003210,19,5,8,1323,1,5,3,3,4670273,-328877,5,3,19,1,2,4,173,105,1,7,3,2,0,0,0,0,0
201900003211,19,11,28,959,5,6,8,3,4771405,-60908,2,3,41,2,2,2,109,770,9,2,1,88,0,0,0,0,0
201900003212,19,8,14,81,5,5,9,6,4932759,-20186,1,4,26,3,3,2,491,856,9,6,5,50,0,0,0,0,0
201900003213,19,2,21,1085,4,9,2,5,4805176,681875,3,1,3,1,1,4,656,979,3,4,2,75,0,0,0,0,0
201900003214,19,4,7,1884,3,7,7,2,4422065,610712,3,2,18,3,2,3,193,535,3,1,3,62,0,0,0,0,0
201900003215,19,11,22,2072,2,6,8,1,4500746,230017,9,4,30,3,1,3,537,423,7,5,5,67,0,0,0,0,0
201900003216,19,6,15,2319,3,2,9,1,4974566,510305,6,2,34,3,2,1,806,286,5,3,5,9,0,0,0,0,0
201900003217,19,10,24,201,2,6,3,6,4749517,291035,7,4,4,3,4,2,480,234,3,5,5,39,0,0,0,0,0
201900003218,19,5,13,1976,3,3,9,4,4886686,99792,3,1,28,3,3,1,233,424,7,5,2,50,0,0,0,0,0
201900003219,19,3,15,856,5,5,2,5,4889303,-294198,3,2,32,1,2,2,353,298,4,6,1,58,0,0,0,0,0
201900003220,19,3,13,2191,1,4,6,5,4459343,207204,5,3,48,3,4,4,718,303,6,2,4,16,0,0,0,0,0
201900003221,19,10,25,522,3,9,6,7,4818648,-288680,5,3,48,3,3,1,308,529,8,1,2,79,0,0,0,0,0
201900003222,19,3,21,1311,1,2,8,5,4675980,-78122,4,4,29,2,4,1,295,34,9,3,1,16,0,0,0,0,0
201900003223,19,5,6,535,3,2,7,7,4968840,-225982,9,1,45,1,2,4,806,875,1,2,2,92,0,0,0,0,0
201900003224,19,11,20,166,3,7,9,7,4908584,-369955,2,2,40,2,4,2,549,976,3,6,5,49,0,0,0,0,0
201900003225,19,4,27,939,3,9,9,1,4469106,417159,9,2,42,2,4,4,402,435,8,5,2,70,0,0,0,0,0
201900003226,19,2,8,195,4,2,6,2,4976246,-45287,4,1,51,1,4,2,540,74,2,5,3,14,0,0,0,0,0
201900003227,19,8,19,1298,2,4,5,2,4713218,-10779,1,3,48,2,2,1,144,317,6,2,1,31,0,0,0,0,0
201900003228,19,11,6,1917,1,6,8,3,4727100,104206,3,2,25,3,1,1,633,332,5,2,5,44,0,0,0,0,0
201900003229,19,6,15,1347,4,1,5,4,4987849,417359,1,4,9,1,4,4,440,180,7,2,1,61,0,0,0,0,0
201900003230,19,6,24,2155,1,4,2,3,4749243,470933,5,4,51,2,2,2,748,626,7,6,5,98,0,0,0,0,0
201900003231,19,3,15,479,1,7,3,2,4759807,-281553,1,2,42,2,3,4,706,646,1,3,2,38,0,0,0,0,0
201900003232,19,1,14,106,4,3,1,5,4716070,-273237,8,1,19,1,4,4,541,960,5,4,1,32,0,0,0,0,0
201900003233,19,11,26,703,5,4,4,5,4568729,-172539,3,3,28,3,2,3,157,797,7,1,1,99,0,0,0,0,0
201900003234,19,12,1,193,5,7,4,2,4990567,428890,4,4,6,2,4,1,245,553,5,3,2,2,0,0,0,0,0
201900003235,19,1,8,1676,3,2,6,5,4841676,620627,5,2,45,1,2,1,442,429,3,3,1,36,0,0,0,0,0
201900003236,19,9,12,844,3,1,1,5,4858329,336777,8,1,15,3,2,4,671,124,2,4,5,21,0,0,0,0,0
201900003237,19,1,25,1600,3,6,4,3,4526863,-309801,6,1,0,3,2,3,258,500,7,5,1,76,0,0,0,0,0
201900003238,19,11,20,1904,5,5,5,2,4610658,636496,1,3,31,1,4,4,601,169,1,3,3,17,0,0,0,0,0
201900003239,19,10,12,1259,4,1,3,1,4839453,464126,4,1,37,2,2,2,578,643,2,5,5,42,0,0,0,0,0
201900003240,19,7,12,431,4,1,9,5,4443893,-349445,9,3,9,3,3,4,772,491,7,3,4,85,0,0,0,0,0
201900003241,19,1,24,943,2,7,7,6,4772472,-260101,5,1,9,3,1,1,162,262,3,5,2,11,0,0,0,0,0
201900003242,19,7,27,1471,3,7,4,7,4712725,-183769,2,1,18,3,1,1,866,231,3,3,4,24,0,0,0,0,0
201900003243,19,1,24,1940,2,2,5,7,4536409,170568,8,2,31,2,3,2,584,782,2,6,4,71,0,0,0,0,0
201900003244,19,11,23,1019,4,9,6,2,4600943,-104659,3,4,44,1,2,4,239,257,4,4,4,14,0,0,0,0,0
201900003245,19,5,10,2158,4,7,5,1,4558815,-4233,8,4,5,2,2,3,873,169,2,7,4,19,0,0,0,0,0
201900003246,19,6,28,1386,4,1,3,2,4749177,204886,2,4,4,1,4,4,554,162,2,3,2,87,0,0,0,0,0
201900003247,19,6,23,1995,4,2,7,5,4569173,-343035,8,2,8,1,3,4,305,491,3,1,1,41,0,0,0,0,0
201900003248,19,5,19,150,5,3,9,3,4880250,-34941,2,3,14,1,3,3,604,933,3,2,5,15,0,0,0,0,0
201900003249,19,1,19,683,1,2,2,6,4551260,565245,3,4,34,2,1,1,492,196,1,1,4,31,0,0,0,0,0
201900003250,19,3,5,502,4,1,8,3,4803046,444728,6,2,3,3,3,4,498,559,4,3,2,69,0,0,0,0,0
201900003251,19,7,22,1050,3,2,3,7,4415239,630941,8,2,45,2,2,1,708,474,8,5,4,91,0,0,0,0,0
201900003252,19,9,12,1083,2,5,7,5,4849274,-112577,2,2,46,2,1,2,558,413,4,1,5,75,0,0,0,0,0
201900003253,19,9,21,368,5,5,3,7,4952127,27039,4,3,46,3,2,4,788,643,5,1,1,53,0,0,0,0,0
201900003254,19,6,13,501,1,4,3,2,4728633,214849,9,3,27,1,4,1,607,954,8,2,2,95,0,0,0,0,0
201900003255,19,11,15,596,1,3,8,2,4679280,16908,3,2,52,3,3,4,336,584,7,2,3,43,0,0,0,0,0
201900003256,19,2,11,754,2,9,7,4,4478346,81526,6,1,31,3,3,1,662,43,3,7,2,1,0,0,0,0,0
201900003257,19,11,5,2330,1,7,3,2,4558889,137328,8,3,11,2,2,3,111,782,7,3,2,2,0,0,0,0,0
201900003258,19,10,25,506,5,8,4,7,4781451,-290255,3,4,27,3,2,3,688,304,5,2,2,2,0,0,0,0,0
201900003259,19,5,4,1902,2,8,3,1,4692820,187927,6,1,45,1,1,1,636,371,8,7,1,15,0,0,0,0,0
201900003260,19,12,28,104,2,5,2,7,4697404,631459,9,3,11,2,4,2,440,414,8,4,4,72,0,0,0,0,0
201900003261,19,11,26,2337,5,8,7,4,4421582,-22131,3,2,0,2,4,3,767,109,3,1,1,67,0,0,0,0,0
201900003262,19,9,19,1172,2,6,5,5,4434792,166746,2,4,13,1,4,3,445,103,2,1,1,91,0,0,0,0,0
201900003263,19,3,20,2259,5,9,5,1,4412712,353392,7,1,26,2,4,2,430,440,8,6,3,16,0,0,0,0,0
201900003264,19,4,9,2213,4,4,5,3,4715144,668105,9,4,16,2,1,2,856,213,3,2,3,76,0,0,0,0,0
201900003265,19,1,2,2028,5,3,1,3,4449062,697559,8,2,5,3,1,2,539,966,4,1,1,6,0,0,0,0,0
201900003266,19,3,2,1682,1,7,3,2,4434341,-250378,2,2,28,1,4,2,828,135,4,5,2,85,0,0,0,0,0
201900003267,19,5,9,2087,5,7,6,6,4619068,317132,3,4,1,2,4,2,679,726,5,7,2,99,0,0,0,0,0
201900003268,19,3,20,424,5,4,8,6,4746434,21939,1,2,0,2,4,3,558,589,4,1,1,99,0,0,0,0,0
201900003269,19,5,14,639,4,7,1,1,4404355,-185734,9,1,36,1,2,3,102,438,4,6,2,56,0,0,0,0,0
201900003270,19,1,17,1125,2,8,6,6,4626629,558213,4,1,50,3,2,4,555,380,9,2,4,89,0,0,0,0,0
201900003271,19,8,22,2073,3,2,1,5,4447742,-347603,2,2,42,3,3,4,698,167,4,2,3,94,0,0,0,0,0
201900003272,19,5,24,2040,5,3,5,3,4436438,130396,7,1,36,1,2,3,905,298,6,6,2,16,0,0,0,0,0
201900003273,19,3,9,2191,4,9,8,5,4773910,491907,9,2,37,1,1,2,196,547,9,6,2,65,0,0,0,0,0
201900003274,19,4,11,1419,4,6,2,4,4600386,355018,4,3,45,1,3,1,421,512,3,1,1,89,0,0,0,0,0
201900003275,19,6,8,1022,1,5,9,1,4484115,588088,4,2,51,3,3,2,634,17,9,3,1,21,0,0,0,0,0
201900003276,19,2,5,1722,3,8,5,5,4436257,-188179,2,3,2,1,1,1,185,715,3,2,3,3,0,0,0,0,0
201900003277,19,4,10,1673,2,2,7,7,4639913,299650,8,2,15,1,3,2,188,143,3,5,1,51,0,0,0,0,0
201900003278,19,7,13,1381,5,1,2,4,4605174,213105,7,4,27,3,3,4,546,487,6,7,3,87,0,0,0,0,0
201900003279,19,11,24,675,4,4,8,2,4567315,-262031,8,4,24,2,4,4,876,817,5,7,5,84,0,0,0,0,0
201900003280,19,2,20,82,4,2,8,7,4814516,-309022,1,3,24,3,3,2,67,811,1,4,5,19,0,0,0,0,0
201900003281,19,12,22,339,5,1,6,6,4681119,-77478,2,2,53,1,3,3,451,149,7,5,3,34,0,0,0,0,0
201900003282,19,2,20,366,2,9,5,6,4843394,-260091,9,1,2,1,1,3,116,366,7,4,4,38,0,0,0,0,0
201900003283,19,9,3,1433,4,3,4,1,4450871,139224,9,1,30,2,2,4,648,910,7,7,2,26,0,0,0,0,0
201900003284,19,9,7,1305,3,6,1,5,4961220,615573,4,4,49,2,2,1,644,63,3,3,4,53,0,0,0,0,0
201900003285,19,7,25,988,5,6,5,2,4459198,632697,4,4,44,3,1,3,300,522,2,3,4,18,0,0,0,0,0
201900003286,19,11,9,1332,3,9,4,4,4768994,-242513,5,1,0,3,3,2,789,65,8,2,4,97,0,0,0,0,0
201900003287,19,8,4,2176,4,3,2,6,4651387,-387094,8,3,26,3,2,4,447,449,3,5,3,33,0,0,0,0,0
201900003288,19,7,27,1772,5,6,8,6,4806205,505584,9,1,15,3,3,1,915,569,8,7,3,34,0,0,0,0,0
201900003289,19,2,12,1882,1,4,2,3,4866711,315573,9,3,40,1,1,3,861,312,5,2,1,81,0,0,0,0,0
201900003290,19,9,12,416,2,4,6,5,4644475,-46580,8,3,42,1,2,4,164,283,3,1,4,49,0,0,0,0,0
201900003291,19,10,4,428,5,8,5,2,4852182,674043,9,3,45,2,1,4,344,51,2,5,4,22,0,0,0,0,0
201900003292,19,8,3,791,1,4,8,3,4617889,-338881,7,4,50,1,1,3,466,781,1,1,1,15,0,0,0,0,0
201900003293,19,2,28,86,5,2,7,5,4557768,-384840,4,2,22,1,3,2,309,448,3,7,4,30,0,0,0,0,0
201900003294,19,6,7,1571,4,3,4,4,4818270,100910,2,4,11,3,1,1,250,713,8,3,3,54,0,0,0,0,0
201900003295,19,12,3,2142,2,4,1,2,4690371,-5974,8,4,44,1,3,3,661,868,9,1,3,28,0,0,0,0,0