Num_Acc,an,mois,jour,hrmn,lum,int,atm,col,lat,long,catr,circ,nbv,vosp,prof,plan,lartpc,larrout,surf,infra,situ,env1,unscathed,killed,hospital,light,chance
201900003296,19,11,20,1197,4,7,4,7,4667120,323021,7,2,3,3,4,1,461,905,4,3,4,61,0,0,0,0,0
201900003297,19,10,21,1530,5,2,5,7,4467177,34880,8,1,16,3,1,2,147,12,7,7,1,42,0,0,0,0,0
201900003298,19,1,8,361,1,2,5,7,4629200,319379,7,4,40,1,4,2,733,149,6,1,4,52,0,0,0,0,0
201900003299,19,12,25,1321,2,6,4,4,4440815,-286755,7,3,46,3,3,1,514,560,4,5,5,27,0,0,0,0,0
201900003300,19,5,15,577,5,5,7,6,4449005,-154291,9,3,28,2,1,1,38,549,6,1,4,56,0,0,0,0,0
201900003301,19,5,13,1554,4,2,6,5,4995483,693821,9,3,27,2,1,2,878,702,5,3,4,76,0,0,0,0,0
201900003302,19,1,23,2155,1,4,1,4,4421946,690369,3,1,10,1,1,3,804,798,3,3,3,98,0,0,0,0,0
201900003303,19,6,17,2015,1,2,3,5,4539892,520720,8,2,48,1,2,4,715,434,1,6,3,84,0,0,0,0,0
201900003304,19,7,9,337,4,6,8,5,4536409,103165,6,4,20,3,1,2,172,169,5,7,1,80,0,0,0,0,0
201900003305,19,4,26,731,2,7,2,5,4938516,492892,5,3,30,2,3,2,90,688,5,7,3,7,0,0,0,0,0
201900003306,19,2,8,465,5,6,1,5,4819431,665830,9,4,29,1,2,3,617,410,6,1,5,36,0,0,0,0,0
201900003307,19,9,22,936,4,2,8,2,4829220,434799,8,2,12,1,3,3,875,462,7,1,4,50,0,0,0,0,0
201900003308,19,2,6,88,1,9,7,7,4873513,298307,2,1,33,3,3,1,375,564,3,1,2,43,0,0,0,0,0
201900003309,19,8,24,791,4,2,2,4,4553086,63727,1,2,5,3,3,2,127,455,9,2,1,90,0,0,0,0,0
201900003310,19,11,22,1899,3,1,2,1,4695287,-339275,8,4,45,2,1,4,594,176,3,7,5,34,0,0,0,0,0
201900003311,19,3,7,1854,5,2,3,4,4422420,-63006,2,2,28,1,1,1,191,694,2,2,1,4,0,0,0,0,0
201900003312,19,12,10,1189,2,8,7,4,4993833,423822,5,4,0,1,1,4,527,190,4,1,2,88,0,0,0,0,0
201900003313,19,11,22,978,1,3,5,1,4454380,287211,6,2,33,3,3,2,621,117,6,2,1,56,0,0,0,0,0
201900003314,19,8,9,294,5,6,6,5,4897632,220608,9,4,19,2,4,3,92,744,8,2,1,92,0,0,0,0,0
201900003315,19,9,17,801,2,4,4,7,4420878,219235,9,3,31,3,1,3,312,104,3,1,4,92,0,0,0,0,0
201900003316,19,5,24,352,3,7,9,4,4543368,364669,5,1,43,3,3,4,813,580,9,2,4,82,0,0,0,0,0
201900003317,19,8,15,7,4,4,6,4,4618271,-35822,7,3,31,1,3,1,259,717,8,2,3,92,0,0,0,0,0
201900003318,19,3,13,581,2,5,1,4,4825537,-155206,4,2,18,1,2,1,403,694,4,2,2,21,0,0,0,0,0
201900003319,19,4,15,1152,4,6,4,7,4802827,66357,9,1,31,2,3,4,738,696,2,4,3,36,0,0,0,0,0
201900003320,19,1,15,1468,5,7,1,2,4617897,419601,4,3,52,2,2,2,48,451,1,6,1,70,0,0,0,0,0
201900003321,19,2,26,197,5,8,2,7,4671145,178651,2,2,17,1,3,3,148,221,7,4,1,30,0,0,0,0,0
201900003322,19,3,6,1387,5,1,7,1,4598824,354485,1,3,44,2,3,2,282,590,7,7,2,44,0,0,0,0,0
201900003323,19,2,14,2122,2,8,6,6,4497077,650969,5,3,7,1,1,3,282,631,6,1,5,85,0,0,0,0,0
201900003324,19,1,22,1815,3,2,7,3,4924001,53101,2,2,20,1,2,1,773,25,6,6,4,11,0,0,0,0,0
201900003325,19,11,11,863,3,2,3,5,4886839,-340078,4,2,37,1,4,1,520,181,6,6,3,10,0,0,0,0,0
201900003326,19,4,7,789,2,6,3,3,4525915,188543,2,1,14,2,3,4,718,106,7,5,5,80,0,0,0,0,0
201900003327,19,8,27,592,5,3,6,4,4687299,569352,4,1,29,1,1,4,803,97,6,2,3,92,0,0,0,0,0
201900003328,19,9,15,1233,1,3,2,7,4428198,362007,6,4,18,2,2,2,693,106,2,4,1,78,0,0,0,0,0
201900003329,19,3,24,1073,5,3,6,4,4738154,-291282,7,4,10,2,1,2,849,157,3,7,1,22,0,0,0,0,0
201900003330,19,7,9,221,4,2,8,4,4892587,-2929,6,1,37,2,4,1,572,465,9,2,1,5,0,0,0,0,0
201900003331,19,4,23,2186,1,3,2,1,4696717,-274225,9,3,23,2,3,1,371,604,3,2,1,10,0,0,0,0,0
201900003332,19,11,11,831,1,1,2,3,4408838,249421,4,1,1,3,2,2,199,892,8,3,5,80,0,0,0,0,0
201900003333,19,8,19,1885,3,3,2,5,4620586,670829,4,1,11,2,3,3,108,767,5,1,4,60,0,0,0,0,0
201900003334,19,9,5,1183,4,2,7,3,4854762,-66826,5,1,39,3,4,2,321,489,3,5,2,82,0,0,0,0,0
201900003335,19,10,8,521,5,4,9,1,4779936,152582,7,3,13,2,1,1,832,779,2,1,1,9,0,0,0,0,0
201900003336,19,3,19,372,4,7,4,3,4588610,53222,7,3,42,3,3,2,405,994,8,3,2,96,0,0,0,0,0
201900003337,19,5,15,2083,1,6,2,3,4531220,-288373,3,1,47,1,3,2,841,421,3,1,1,84,0,0,0,0,0
201900003338,19,9,20,470,3,4,6,3,4918667,344289,1,2,31,1,2,1,648,307,7,3,2,7,0,0,0,0,0
201900003339,19,1,4,722,4,7,8,4,4590228,-327655,7,4,10,1,2,3,844,492,7,3,1,58,0,0,0,0,0
201900003340,19,11,25,2300,5,8,4,4,4927759,-256944,4,3,29,1,3,1,175,987,9,3,2,31,0,0,0,0,0
201900003341,19,8,1,1863,5,3,7,4,4510426,-116108,7,2,21,1,2,4,737,499,1,1,4,47,0,0,0,0,0
201900003342,19,12,3,171,5,7,8,7,4882372,94828,3,3,39,1,1,1,772,862,6,4,2,88,0,0,0,0,0
201900003343,19,9,8,1931,5,5,7,4,4753772,327163,4,2,27,2,3,4,732,545,8,1,2,47,0,0,0,0,0
201900003344,19,4,19,1906,4,4,2,6,4985341,425531,6,4,25,3,2,3,771,361,7,3,3,37,0,0,0,0,0
201900003345,19,6,27,1507,4,9,6,7,4593370,491273,7,1,39,2,2,1,275,525,3,7,2,3,0,0,0,0,0
201900003346,19,5,16,450,3,7,8,7,4816833,35178,5,3,14,3,3,1,542,323,2,3,2,24,0,0,0,0,0
201900003347,19,11,13,298,3,8,6,5,4758707,-197968,7,2,37,3,1,1,92,725,5,2,1,25,0,0,0,0,0
201900003348,19,7,6,205,1,4,6,7,4604143,311634,7,3,7,2,4,2,813,181,6,3,5,53,0,0,0,0,0
201900003349,19,6,11,1920,5,6,2,4,4512311,-285908,4,4,35,1,3,3,329,586,5,6,5,32,0,0,0,0,0
201900003350,19,7,13,1501,4,1,1,3,4666838,115922,5,4,26,2,2,4,537,516,8,2,5,55,0,0,0,0,0
201900003351,19,11,14,2180,1,4,1,1,4963990,-201236,6,1,26,3,2,2,885,18,9,5,4,83,0,0,0,0,0
201900003352,19,12,14,365,5,4,3,6,4994086,-324214,3,2,32,1,1,4,613,319,6,1,2,11,0,0,0,0,0
201900003353,19,2,16,1913,1,4,8,6,4725154,19617,1,1,21,2,2,3,728,690,2,3,3,10,0,0,0,0,0
201900003354,19,3,21,421,4,3,2,6,4626568,-256882,9,1,13,1,2,3,90,16,5,5,5,64,0,0,0,0,0
201900003355,19,5,22,872,1,2,3,7,4761183,375388,5,4,47,1,1,3,697,951,2,5,3,43,0,0,0,0,0
201900003356,19,3,3,1441,1,7,9,3,4803538,-144711,1,1,53,3,4,1,837,754,8,5,5,67,0,0,0,0,0
201900003357,19,2,27,1796,3,9,7,1,4891404,-147345,3,3,45,1,4,1,761,453,4,3,3,43,0,0,0,0,0
201900003358,19,8,20,470,1,7,5,2,4620012,-344744,2,1,25,3,2,3,133,436,3,2,4,9,0,0,0,0,0
201900003359,19,2,24,1644,4,7,3,5,4426036,-266822,1,2,42,1,1,3,340,855,6,4,5,64,0,0,0,0,0
201900003360,19,6,25,328,1,1,2,1,4770470,278089,8,4,50,2,1,3,544,808,8,2,3,2,0,0,0,0,0
201900003361,19,7,11,755,5,1,7,2,4433796,-126810,4,1,39,2,4,2,188,843,4,1,2,23,0,0,0,0,0
201900003362,19,6,13,2034,1,6,9,5,4952488,-382489,1,3,34,2,3,1,277,107,3,4,5,48,0,0,0,0,0
201900003363,19,2,3,1322,5,1,9,7,4925298,37824,3,3,12,1,1,4,684,277,3,6,2,96,0,0,0,0,0
201900003364,19,12,12,1524,2,4,1,4,4625498,493758,4,2,33,2,2,2,82,532,9,1,4,87,0,0,0,0,0
201900003365,19,7,22,2331,1,9,2,2,4964780,2465,7,4,48,1,3,1,76,71,4,4,3,46,0,0,0,0,0
201900003366,19,12,26,355,5,6,6,6,4745871,509272,3,1,29,2,4,3,353,439,6,1,5,4,0,0,0,0,0
201900003367,19,7,9,2303,1,6,1,7,4910348,126853,4,3,8,2,4,1,492,995,5,5,3,45,0,0,0,0,0
201900003368,19,11,14,2015,3,5,8,5,4555878,523457,7,2,20,2,2,2,3,975,1,6,2,1,0,0,0,0,0
201900003369,19,3,17,1268,3,5,4,7,4627581,-177316,1,3,46,2,4,3,828,376,1,5,5,27,0,0,0,0,0
201900003370,19,3,16,2249,2,7,6,7,4549726,-259546,5,2,23,2,2,1,301,2,8,7,4,2,0,0,0,0,0
201900003371,19,10,11,286,5,9,1,1,4899077,74928,3,3,32,3,4,4,8,6,9,2,5,83,0,0,0,0,0
201900003372,19,2,9,1128,5,1,2,5,4453432,166547,1,4,24,2,2,1,37,529,6,2,3,24,0,0,0,0,0
201900003373,19,7,24,1257,1,2,8,5,4738963,347407,2,2,41,2,1,1,37,45,3,4,3,96,0,0,0,0,0
201900003374,19,8,3,987,2,6,5,2,4877070,126870,6,3,6,2,4,4,762,31,1,4,2,95,0,0,0,0,0
201900003375,19,12,17,1304,4,7,8,5,4969410,-162993,3,1,35,2,4,1,563,830,9,1,5,61,0,0,0,0,0
201900003376,19,7,23,226,4,6,1,1,4523285,189387,8,1,32,2,2,4,696,644,1,2,3,35,0,0,0,0,0
201900003377,19,10,23,469,2,3,6,5,4836758,449469,2,4,3,2,2,1,596,322,6,5,4,56,0,0,0,0,0
201900003378,19,7,26,1275,1,4,7,4,4853649,216058,2,3,25,2,2,2,682,430,3,7,3,18,0,0,0,0,0
201900003379,19,10,2,2111,5,2,8,3,4817512,409518,3,4,26,3,2,1,650,832,6,6,1,89,0,0,0,0,0
201900003380,19,9,10,1453,5,9,3,2,4633037,579372,3,2,42,2,2,3,253,613,1,6,1,47,0,0,0,0,0
201900003381,19,1,22,2020,1,5,8,7,4893840,119451,3,4,45,1,1,1,346,205,1,1,3,29,0,0,0,0,0
201900003382,19,8,20,1162,5,5,6,3,4933646,-201079,3,1,28,2,4,2,321,843,9,5,5,97,0,0,0,0,0
201900003383,19,8,16,280,2,2,3,7,4432626,162954,4,3,39,2,1,2,50,35,9,2,1,91,0,0,0,0,0
201900003384,19,2,14,2212,5,5,2,5,4963728,-380749,4,2,47,2,4,3,785,769,9,1,1,39,0,0,0,0,0
201900003385,19,10,28,2354,3,2,1,2,4929848,693845,9,1,23,2,3,4,515,87,4,6,1,19,0,0,0,0,0
201900003386,19,11,4,416,2,2,4,1,4459355,127648,2,2,29,1,1,3,203,185,4,6,2,93,0,0,0,0,0
201900003387,19,10,11,1026,5,4,4,6,4661354,335232,3,2,26,2,1,4,201,768,3,1,4,47,0,0,0,0,0
201900003388,19,5,20,1228,4,1,2,7,4954758,212921,2,2,41,3,1,4,83,2,2,4,3,44,0,0,0,0,0
201900003389,19,1,1,1841,2,6,5,2,4846950,-370240,7,1,7,3,3,3,669,240,8,2,1,27,0,0,0,0,0
201900003390,19,8,15,1744,3,2,1,4,4544912,591685,7,1,9,3,2,4,459,947,5,2,1,66,0,0,0,0,0
201900003391,19,6,19,1027,1,3,9,3,4989753,430829,4,1,52,3,1,3,437,523,1,4,4,27,0,0,0,0,0
201900003392,19,9,17,1962,4,1,8,4,4713043,-231019,3,2,11,2,1,1,333,773,4,2,4,0,0,0,0,0,0
201900003393,19,3,11,962,1,6,7,3,4448728,-170070,2,4,50,2,3,4,270,429,7,1,5,65,0,0,0,0,0
201900003394,19,4,3,1224,5,9,5,3,4644013,429208,4,4,26,3,2,2,686,118,9,6,4,6,0,0,0,0,0
201900003395,19,9,26,343,1,8,8,3,4766313,553911,9,4,19,1,3,2,75,799,5,5,1,14,0,0,0,0,0
201900003396,19,8,12,212,1,6,3,7,4930773,241688,2,2,37,1,3,3,251,697,5,1,2,47,0,0,0,0,0
201900003397,19,5,12,2255,1,7,2,4,4568029,-190383,3,3,50,3,1,3,169,236,6,3,2,71,0,0,0,0,0
201900003398,19,3,20,1592,1,5,8,7,4567302,507491,6,4,47,2,1,1,723,528,7,1,5,77,0,0,0,0,0
201900003399,19,3,12,281,4,4,3,3,4431618,-219807,4,3,37,2,1,1,242,6,1,6,2,3,0,0,0,0,0
201900003400,19,5,20,2261,3,5,1,1,4602177,235289,9,4,21,3,2,2,391,38,1,4,2,75,0,0,0,0,0
201900003401,19,12,21,763,5,3,8,6,4926879,610094,7,3,17,1,1,2,556,696,9,1,5,99,0,0,0,0,0
201900003402,19,6,28,2177,4,9,6,4,4842282,575600,4,1,3,2,1,1,182,191,6,1,2,54,0,0,0,0,0
201900003403,19,4,26,1481,2,4,6,1,4809247,-336210,6,1,13,2,1,2,341,873,4,7,2,19,0,0,0,0,0
201900003404,19,8,16,16,1,5,1,6,4600821,51081,1,2,35,2,3,4,802,722,6,2,3,17,0,0,0,0,0
201900003405,19,12,15,1998,5,8,3,6,4739255,304823,3,1,21,2,1,2,838,439,9,4,3,10,0,0,0,0,0
201900003406,19,6,15,1007,5,7,2,6,4852860,132479,2,3,37,1,4,2,784,18,9,3,4,4,0,0,0,0,0
201900003407,19,5,16,812,5,1,8,4,4923871,-391397,6,2,21,1,2,1,717,572,1,5,2,64,0,0,0,0,0
201900003408,19,11,14,974,4,8,2,2,4806012,-368418,3,4,38,3,1,1,432,339,8,7,1,93,0,0,0,0,0
201900003409,19,2,28,2046,3,8,1,1,4977898,-110453,1,2,38,3,3,1,645,268,4,3,5,65,0,0,0,0,0
201900003410,19,4,26,1838,1,8,6,4,4420442,-173665,3,2,5,3,1,1,790,196,6,2,1,47,0,0,0,0,0
201900003411,19,3,8,271,5,9,4,6,4927333,-264263,8,1,10,1,1,4,753,829,2,1,1,80,0,0,0,0,0
201900003412,19,2,19,845,2,6,7,7,4730478,221440,5,2,21,1,4,3,560,248,8,3,5,6,0,0,0,0,0
201900003413,19,4,16,2172,5,9,2,5,4771015,14691,6,3,15,3,2,2,895,662,5,4,5,49,0,0,0,0,0
201900003414,19,1,8,795,5,2,5,1,4838287,254347,8,3,22,3,2,3,782,461,6,1,2,23,0,0,0,0,0
201900003415,19,4,19,349,2,7,2,5,4862423,-20846,8,4,11,2,4,2,539,785,9,1,2,42,0,0,0,0,0
201900003416,19,3,3,2349,4,9,8,2,4492881,-370593,8,3,32,2,2,3,622,690,5,7,2,80,0,0,0,0,0
201900003417,19,7,1,1887,4,5,2,5,4743436,409752,7,3,47,2,1,1,136,957,2,4,3,38,0,0,0,0,0
201900003418,19,1,22,1708,4,8,5,4,4745079,-288283,3,1,17,2,2,3,870,802,2,6,1,41,0,0,0,0,0
201900003419,19,7,22,96,1,3,1,3,4406799,639581,4,4,37,2,1,4,369,392,2,1,4,92,0,0,0,0,0
201900003420,19,5,22,10,4,2,4,1,4919699,-107022,8,2,12,1,3,2,747,349,9,6,1,46,0,0,0,0,0
201900003421,19,2,28,319,2,7,2,6,4595293,465756,2,1,24,1,2,3,431,668,1,4,5,30,0,0,0,0,0
201900003422,19,12,8,671,2,3,3,2,4839205,94872,8,4,7,1,3,3,21,499,2,6,5,89,0,0,0,0,0
201900003423,19,2,15,574,3,6,7,4,4826128,439156,7,1,31,2,4,2,47,167,9,4,2,34,0,0,0,0,0
201900003424,19,1,19,2208,1,9,7,4,4858161,211936,3,4,44,2,2,1,21,970,2,1,3,76,0,0,0,0,0
201900003425,19,12,13,1702,4,1,1,6,4841702,-345435,1,3,3,2,3,3,204,861,2,4,1,34,0,0,0,0,0
201900003426,19,10,7,2030,5,5,8,7,4593193,533031,8,4,12,2,3,3,655,312,8,6,2,9,0,0,0,0,0
201900003427,19,8,11,1468,1,7,1,5,4448243,-351331,1,2,23,3,1,2,175,553,8,2,5,70,0,0,0,0,0
201900003428,19,5,15,181,3,1,4,7,4953197,-321979,3,1,45,3,3,3,230,55,5,3,2,5,0,0,0,0,0
201900003429,19,7,20,1718,2,3,3,4,4578590,-14493,2,4,31,1,1,2,290,513,9,2,4,47,0,0,0,0,0
201900003430,19,2,20,1826,2,5,5,7,4440115,-249086,2,3,37,1,1,1,684,814,9,4,2,46,0,0,0,0,0
201900003431,19,1,14,2083,4,2,2,4,4571263,488000,2,4,49,2,1,2,193,68,6,7,3,4,0,0,0,0,0
201900003432,19,5,17,1766,2,4,7,1,4429797,23587,7,1,40,3,4,2,107,40,5,7,3,21,0,0,0,0,0
201900003433,19,4,27,63,5,5,2,4,4696066,138840,2,3,10,2,2,3,808,568,3,7,3,20,0,0,0,0,0
201900003434,19,3,11,1655,1,8,7,3,4694491,385065,6,3,10,2,1,1,590,392,8,7,2,23,0,0,0,0,0
201900003435,19,11,24,1455,1,1,6,3,4933684,-87447,5,1,33,2,2,4,859,542,5,6,3,59,0,0,0,0,0
201900003436,19,7,12,738,3,8,2,6,4606406,-233858,8,3,20,1,1,1,789,904,2,3,5,93,0,0,0,0,0
201900003437,19,8,20,2247,3,6,2,4,4420427,327470,1,2,23,1,4,1,345,552,8,4,5,72,0,0,0,0,0
201900003438,19,2,25,1701,4,4,4,3,4978187,-33730,4,4,47,2,1,2,291,124,6,1,3,54,0,0,0,0,0
201900003439,19,9,7,224,3,1,1,7,4695821,688213,8,4,26,3,4,4,690,400,6,5,2,49,0,0,0,0,0
201900003440,19,1,16,2252,1,3,3,3,4752685,59806,3,2,25,1,1,2,495,347,4,6,3,62,0,0,0,0,0
201900003441,19,4,25,270,3,2,5,5,4957917,67136,4,4,29,3,1,3,744,33,2,3,3,34,0,0,0,0,0
201900003442,19,1,17,32,4,1,5,3,4934076,280461,7,2,24,2,1,4,422,635,4,5,1,75,0,0,0,0,0
201900003443,19,10,25,2089,5,6,2,5,4548390,672625,1,4,9,2,2,1,78,128,3,4,3,74,0,0,0,0,0
201900003444,19,8,23,1934,4,1,2,6,4402175,261062,2,2,35,2,2,4,257,816,3,6,1,32,0,0,0,0,0
201900003445,19,10,23,1221,2,5,2,1,4691179,159457,6,2,9,2,3,4,661,361,8,7,2,29,0,0,0,0,0
201900003446,19,8,4,2097,1,1,5,3,4869850,588186,7,4,11,2,1,2,49,762,8,6,5,69,0,0,0,0,0
201900003447,19,5,4,1145,5,8,4,5,4850516,-155126,6,4,15,3,2,2,655,681,9,2,5,99,0,0,0,0,0
201900003448,19,7,27,1896,3,4,1,4,4530362,-258381,8,1,21,2,4,4,506,778,9,1,4,11,0,0,0,0,0
201900003449,19,11,9,2258,4,9,4,6,4449258,-261293,5,1,38,3,2,1,716,819,8,1,5,24,0,0,0,0,0
201900003450,19,1,19,110,5,8,7,7,4550720,-27189,7,4,20,2,4,4,42,606,9,5,3,96,0,0,0,0,0
201900003451,19,8,14,1382,3,1,8,3,4893565,-398345,8,3,12,1,3,1,194,753,2,6,3,41,0,0,0,0,0
201900003452,19,11,7,1409,4,3,9,6,4751445,-207628,2,3,19,2,3,4,534,558,4,7,1,97,0,0,0,0,0
201900003453,19,4,28,313,2,4,8,5,4968154,259143,8,1,19,1,2,1,106,679,3,6,2,5,0,0,0,0,0
201900003454,19,8,25,1804,1,8,6,5,4723683,-209398,8,2,27,2,3,3,251,912,5,5,4,4,0,0,0,0,0
201900003455,19,2,11,1515,1,2,3,3,4677144,530821,4,4,12,1,1,2,576,779,1,6,1,53,0,0,0,0,0
201900003456,19,3,10,1711,5,4,6,2,4474950,-292226,9,3,24,1,2,3,735,740,5,6,2,38,0,0,0,0,0
201900003457,19,6,16,2176,4,5,3,3,4703615,119733,9,3,29,2,1,2,649,111,8,3,2,74,0,0,0,0,0
201900003458,19,5,9,249,4,5,7,6,4786751,-363269,5,3,18,1,2,2,120,375,2,7,5,57,0,0,0,0,0
201900003459,19,10,7,2207,3,3,3,6,4441762,678406,7,2,1,3,1,2,588,953,9,2,3,22,0,0,0,0,0
201900003460,19,1,4,1165,2,7,4,6,4735267,242050,2,1,31,1,4,4,443,959,2,3,5,55,0,0,0,0,0
201900003461,19,10,1,1476,2,8,9,4,4829827,215544,5,1,26,3,2,3,836,740,9,1,4,51,0,0,0,0,0
201900003462,19,2,28,667,5,7,3,7,4477090,-159554,4,3,8,1,3,1,202,991,7,2,2,59,0,0,0,0,0
201900003463,19,12,2,1702,3,1,9,2,4994098,-140545,5,1,52,2,4,4,757,125,4,2,2,78,0,0,0,0,0
201900003464,19,3,10,159,2,6,3,4,4873401,49590,6,1,48,2,3,4,19,990,6,2,3,96,0,0,0,0,0
201900003465,19,9,25,2311,1,9,7,1,4435614,-34006,6,3,10,3,2,2,22,407,5,6,5,21,0,0,0,0,0
201900003466,19,7,18,405,3,5,4,2,4656581,258378,6,1,44,2,3,1,776,528,5,3,4,6,0,0,0,0,0
201900003467,19,1,2,940,2,7,1,6,4577520,158138,4,4,53,2,4,2,911,676,3,2,4,20,0,0,0,0,0
201900003468,19,6,21,80,5,4,4,2,4587745,135462,3,4,0,2,3,2,201,439,1,2,1,41,0,0,0,0,0
201900003469,19,12,13,462,5,8,3,5,4405761,540462,4,3,21,1,2,2,725,14,7,7,4,87,0,0,0,0,0
201900003470,19,9,11,2172,1,2,2,1,4989897,-32736,8,2,41,2,1,2,219,816,1,5,2,45,0,0,0,0,0
201900003471,19,11,10,969,4,1,4,6,4952907,96435,5,4,27,1,1,2,523,109,4,6,3,87,0,0,0,0,0
201900003472,19,6,20,658,1,6,9,6,4901367,568366,7,4,13,1,3,3,465,533,1,4,1,40,0,0,0,0,0
201900003473,19,10,25,1215,5,6,3,4,4479525,-379543,2,3,47,3,3,2,136,917,2,3,3,4,0,0,0,0,0
201900003474,19,10,26,1173,4,8,2,2,4959819,-334733,4,2,51,3,3,4,880,727,9,1,4,28,0,0,0,0,0
201900003475,19,3,4,1070,2,2,2,1,4607398,34918,6,2,49,3,4,1,0,51,6,7,5,68,0,0,0,0,0
201900003476,19,10,6,1686,2,8,3,3,4764146,-208149,2,1,22,1,3,3,842,781,8,6,5,16,0,0,0,0,0
201900003477,19,2,23,1450,2,4,3,3,4982537,455665,8,1,19,3,3,3,242,636,8,5,4,9,0,0,0,0,0
201900003478,19,11,19,1361,5,8,1,1,4662283,-73356,5,1,1,1,3,4,136,207,3,2,5,73,0,0,0,0,0
201900003479,19,3,3,2038,4,7,5,7,4751635,456389,1,3,19,3,3,2,333,422,2,4,2,34,0,0,0,0,0
201900003480,19,6,27,309,2,6,5,3,4817755,109779,4,3,38,2,2,3,872,426,9,5,2,24,0,0,0,0,0
201900003481,19,7,2,1935,4,7,5,2,4731414,-52417,2,3,2,1,1,3,322,388,4,6,3,25,0,0,0,0,0
201900003482,19,3,1,935,5,3,2,2,4506595,379176,1,3,52,2,4,2,735,731,9,1,2,91,0,0,0,0,0
201900003483,19,11,28,2168,2,8,8,6,4785726,83501,3,4,53,3,2,3,381,263,3,6,4,82,0,0,0,0,0
201900003484,19,4,10,971,5,5,9,4,4514029,97283,5,3,4,2,1,2,523,562,3,4,2,58,0,0,0,0,0
201900003485,19,12,7,1734,5,9,8,3,4833771,-264282,6,1,50,2,4,4,552,38,9,1,3,82,0,0,0,0,0
201900003486,19,8,16,115,5,1,2,4,4772381,66548,4,2,25,2,3,3,865,45,8,5,1,59,0,0,0,0,0
201900003487,19,1,22,793,2,3,4,6,4738034,-186837,9,3,16,1,4,2,80,221,6,4,3,79,0,0,0,0,0
201900003488,19,10,8,2058,4,1,8,1,4785546,-102465,9,1,23,3,4,4,465,544,5,2,3,56,0,0,0,0,0
201900003489,19,5,18,1449,4,5,2,1,4735159,310802,4,2,15,3,2,2,760,307,5,4,5,29,0,0,0,0,0
201900003490,19,11,8,899,5,5,1,6,4765780,147151,2,3,51,1,1,1,684,323,9,1,4,91,0,0,0,0,0
201900003491,19,5,12,816,2,5,3,4,4635110,689308,6,1,28,3,4,1,485,143,2,6,4,81,0,0,0,0,0
201900003492,19,5,5,1926,2,7,3,2,4611285,557203,9,1,37,1,1,2,170,407,5,2,5,92,0,0,0,0,0
201900003493,19,12,3,1731,1,6,4,6,4817990,-19550,5,3,45,2,1,3,554,580,1,2,2,96,0,0,0,0,0
201900003494,19,5,23,2250,3,6,2,6,4761726,300963,2,1,17,2,3,2,39,469,3,4,2,5,0,0,0,0,0
201900003495,19,7,14,1095,2,5,3,3,4915680,-50556,1,4,22,1,4,4,604,109,8,6,4,13,0,0,0,0,0
201900003496,19,5,11,765,2,7,5,3,4930936,-349731,9,1,39,3,2,3,511,749,3,6,2,99,0,0,0,0,0
201900003497,19,7,18,780,3,6,7,4,4481375,357664,7,1,32,3,3,2,123,36,7,4,5,38,0,0,0,0,0
201900003498,19,12,12,2082,1,4,1,3,4771967,373473,8,1,10,3,4,1,791,71,2,4,4,17,0,0,0,0,0
201900003499,19,8,21,1531,3,2,9,3,4789216,243709,6,1,10,1,3,4,345,950,9,3,5,74,0,0,0,0,0
201900003500,19,5,18,1480,3,9,4,6,4552240,484975,2,4,53,3,4,2,285,87,4,1,1,91,0,0,0,0,0
201900003501,19,8,22,1312,4,5,4,1,4882285,216266,3,3,39,3,3,2,816,420,2,5,4,93,0,0,0,0,0
201900003502,19,8,18,465,2,3,2,3,4841393,318866,5,4,25,3,1,3,554,185,4,1,3,11,0,0,0,0,0
201900003503,19,12,11,2281,3,8,7,7,4818686,428353,3,4,15,1,2,1,808,1,1,7,3,2,0,0,0,0,0
201900003504,19,5,6,1024,2,6,5,6,4749743,265279,8,2,9,1,2,1,876,882,5,7,2,8,0,0,0,0,0
201900003505,19,5,27,2220,5,3,2,5,4446731,-264550,3,1,29,1,4,4,629,505,9,7,2,11,0,0,0,0,0
201900003506,19,8,25,695,3,1,1,3,4749875,620930,2,3,52,2,2,4,317,739,1,3,5,39,0,0,0,0,0
201900003507,19,4,22,637,4,5,5,2,4505060,663160,2,1,29,3,3,4,706,894,9,5,1,39,0,0,0,0,0
201900003508,19,3,13,417,2,1,1,4,4732147,-236112,4,4,0,2,2,3,621,45,8,6,3,32,0,0,0,0,0
201900003509,19,6,23,541,5,2,3,2,4582921,308809,6,4,52,1,1,3,697,191,4,1,5,9,0,0,0,0,0