Num_Acc,an,mois,jour,hrmn,lum,int,atm,col,lat,long,catr,circ,nbv,vosp,prof,plan,lartpc,larrout,surf,infra,situ,env1,unscathed,killed,hospital,light,chance
201900003510,19,4,7,498,1,6,3,1,4603363,520688,8,1,7,2,2,1,862,539,5,7,4,8,0,0,0,0,0
201900003511,19,1,5,1581,2,9,2,1,4703305,-68453,1,3,4,2,1,2,395,406,9,6,3,55,0,0,0,0,0
201900003512,19,11,23,1318,1,5,6,5,4960383,-208720,2,4,11,1,4,1,363,73,9,2,1,4,0,0,0,0,0
201900003513,19,7,11,730,2,8,3,3,4988653,-83722,4,1,24,1,1,3,505,21,8,6,3,48,0,0,0,0,0
201900003514,19,7,12,1419,4,9,4,1,4632731,-361735,8,3,5,3,3,3,173,298,9,5,2,65,0,0,0,0,0
201900003515,19,6,11,815,4,8,1,2,4420383,-343802,2,1,17,2,4,2,1,902,5,5,5,98,0,0,0,0,0
201900003516,19,11,19,9,4,9,4,3,4686040,-109885,4,4,51,1,3,1,788,861,7,1,5,83,0,0,0,0,0
201900003517,19,5,7,2119,5,2,7,3,4821879,-32810,6,2,28,2,2,3,494,52,8,3,5,87,0,0,0,0,0
201900003518,19,7,16,594,1,3,6,6,4932781,151271,7,4,8,3,2,3,195,820,6,5,4,85,0,0,0,0,0
201900003519,19,4,3,1573,3,9,5,7,4560775,250786,6,3,1,3,2,4,22,759,1,1,2,85,0,0,0,0,0
201900003520,19,9,18,542,4,8,7,6,4471701,208502,4,4,53,1,2,3,592,184,1,7,1,8,0,0,0,0,0
201900003521,19,4,1,1202,4,4,1,7,4738641,18861,6,2,6,1,1,1,9,883,4,4,5,30,0,0,0,0,0
201900003522,19,7,9,462,2,2,4,4,4838238,150071,1,3,11,3,2,3,684,45,9,6,4,71,0,0,0,0,0
201900003523,19,4,16,942,2,9,4,7,4851954,491549,3,3,28,3,2,2,524,762,6,3,2,14,0,0,0,0,0
201900003524,19,3,5,510,2,7,8,4,4431129,476546,1,4,41,1,3,3,582,203,3,3,5,49,0,0,0,0,0
201900003525,19,10,1,408,3,4,1,5,4837241,196180,9,2,11,2,3,4,22,947,8,7,3,16,0,0,0,0,0
201900003526,19,12,12,171,1,5,6,5,4793667,-244442,1,3,30,3,3,1,143,966,6,5,1,89,0,0,0,0,0
201900003527,19,7,16,205,3,8,5,6,4834781,541677,5,1,33,1,2,4,276,818,3,5,4,84,0,0,0,0,0
201900003528,19,2,10,1144,1,2,4,4,4533631,-96839,5,3,33,3,1,1,362,404,4,3,4,52,0,0,0,0,0
201900003529,19,12,27,1982,3,5,4,7,4494104,-58667,6,3,15,3,2,2,350,143,2,4,4,6,0,0,0,0,0
201900003530,19,12,17,1605,4,1,9,4,4535685,689900,9,1,29,1,4,3,783,43,1,5,3,8,0,0,0,0,0
201900003531,19,3,28,776,1,9,8,7,4645040,-323076,5,2,31,1,1,4,231,346,4,5,3,30,0,0,0,0,0
201900003532,19,1,2,84,1,7,3,2,4432029,-233044,4,2,20,3,2,4,99,756,3,6,1,24,0,0,0,0,0
201900003533,19,5,27,1617,3,7,5,7,4764613,-85210,3,2,7,2,2,2,633,152,4,6,3,89,0,0,0,0,0
201900003534,19,1,18,1522,4,6,6,4,4698271,299179,3,3,10,3,1,4,79,582,6,2,5,38,0,0,0,0,0
201900003535,19,1,27,1382,3,2,8,6,4891224,194203,7,1,21,3,2,3,210,41,9,4,1,77,0,0,0,0,0
201900003536,19,12,22,773,3,8,9,1,4940931,611381,5,4,1,1,3,4,214,867,4,4,4,71,0,0,0,0,0
201900003537,19,8,2,2163,2,2,5,4,4993932,-122953,4,3,51,1,1,3,101,85,3,3,2,72,0,0,0,0,0
201900003538,19,7,20,2232,5,4,5,1,4939564,551208,9,2,2,2,4,2,498,934,7,4,5,13,0,0,0,0,0
201900003539,19,4,7,1166,5,4,4,1,4408991,501595,9,3,35,2,1,4,795,708,8,2,4,22,0,0,0,0,0
201900003540,19,1,5,368,2,3,8,4,4649482,22169,8,4,1,3,2,4,550,288,4,1,1,84,0,0,0,0,0
201900003541,19,6,4,124,4,6,9,5,4802938,558620,8,2,53,1,3,2,156,764,2,6,3,19,0,0,0,0,0
201900003542,19,8,8,870,3,1,3,6,4403330,605795,2,3,10,1,2,2,864,844,2,1,1,64,0,0,0,0,0
201900003543,19,6,13,2028,4,6,3,5,4842325,412268,8,2,9,2,3,4,311,753,5,7,5,22,0,0,0,0,0
201900003544,19,1,21,575,3,9,6,2,4554717,-189361,3,1,18,2,3,2,453,753,2,5,5,88,0,0,0,0,0
201900003545,19,12,19,447,5,3,6,6,4847129,-228709,5,1,21,2,4,2,476,513,9,2,1,15,0,0,0,0,0
201900003546,19,2,18,1934,2,9,3,2,4403013,-299707,7,4,29,2,4,3,778,129,4,4,4,28,0,0,0,0,0
201900003547,19,3,21,2126,4,5,2,3,4427907,597976,4,2,7,2,2,4,96,530,1,1,1,17,0,0,0,0,0
201900003548,19,11,11,1883,2,7,3,7,4879873,-363449,7,3,42,1,4,1,448,483,3,4,5,60,0,0,0,0,0
201900003549,19,6,20,849,4,4,8,7,4920278,93305,3,4,43,3,4,2,683,917,6,2,5,96,0,0,0,0,0
201900003550,19,11,13,410,1,3,8,4,4954170,561115,7,2,37,3,4,4,470,448,4,6,2,5,0,0,0,0,0
201900003551,19,11,10,1143,4,8,5,6,4404055,-11552,8,1,0,2,4,1,520,85,6,7,2,65,0,0,0,0,0
201900003552,19,12,9,2109,2,2,4,4,4609105,16756,1,2,28,3,2,4,487,634,2,3,3,18,0,0,0,0,0
201900003553,19,10,19,935,3,5,5,5,4943218,-107347,7,1,52,1,4,1,365,252,6,4,4,52,0,0,0,0,0
201900003554,19,10,16,1689,5,2,4,3,4617108,-396750,3,1,22,1,2,2,461,463,9,6,3,17,0,0,0,0,0
201900003555,19,4,9,2212,2,9,2,7,4965357,412267,9,2,12,3,2,3,507,327,9,7,1,40,0,0,0,0,0
201900003556,19,1,26,2289,5,1,7,6,4868790,231815,1,3,1,2,4,2,273,454,7,2,5,70,0,0,0,0,0
201900003557,19,8,25,987,3,6,8,2,4618824,656254,9,4,50,3,1,4,899,682,2,1,3,86,0,0,0,0,0
201900003558,19,8,2,2165,3,9,5,4,4470706,-380143,7,1,28,1,1,4,26,983,4,3,5,99,0,0,0,0,0
201900003559,19,11,3,2040,4,3,8,2,4817757,583874,1,3,37,1,4,4,409,312,4,4,4,18,0,0,0,0,0
201900003560,19,4,20,1401,4,8,3,1,4927508,7348,6,3,24,2,2,4,64,508,6,1,1,46,0,0,0,0,0
201900003561,19,8,5,702,1,2,7,5,4721948,103466,7,2,48,1,2,4,852,430,7,7,2,63,0,0,0,0,0
201900003562,19,5,21,1077,4,9,4,4,4552830,599165,7,3,34,2,4,1,265,234,9,5,2,31,0,0,0,0,0
201900003563,19,1,28,434,3,1,1,7,4625081,568788,1,1,16,2,1,4,885,623,2,7,1,88,0,0,0,0,0
201900003564,19,5,20,450,4,8,6,1,4894421,320108,6,3,3,2,3,2,79,123,1,4,3,56,0,0,0,0,0
201900003565,19,11,20,1504,4,5,6,1,4857705,157577,9,3,9,2,2,4,464,267,7,6,5,74,0,0,0,0,0
201900003566,19,11,9,108,5,7,5,7,4995580,340806,8,3,0,3,3,1,105,103,5,5,5,67,0,0,0,0,0
201900003567,19,6,22,2299,4,8,2,6,4431619,631945,9,3,41,2,3,2,468,35,5,6,1,33,0,0,0,0,0
201900003568,19,12,22,527,2,3,4,7,4984672,313264,9,2,17,2,3,4,898,559,4,3,2,86,0,0,0,0,0
201900003569,19,10,21,1882,4,8,6,6,4992205,508623,1,4,27,3,3,2,63,556,3,2,5,35,0,0,0,0,0
201900003570,19,4,7,1797,2,5,3,3,4702243,-351620,5,1,30,2,1,1,221,926,5,5,4,53,0,0,0,0,0
201900003571,19,8,13,307,2,8,6,2,4775224,588928,7,2,37,3,2,2,84,448,3,4,1,79,0,0,0,0,0
201900003572,19,1,26,1479,5,3,3,5,4683369,353231,9,1,5,3,4,1,234,501,5,5,5,35,0,0,0,0,0
201900003573,19,8,1,187,1,7,5,6,4876164,472411,5,1,37,3,4,1,221,652,8,5,5,95,0,0,0,0,0
201900003574,19,11,20,1290,1,5,8,6,4583718,599589,8,1,3,2,3,4,385,838,1,5,3,62,0,0,0,0,0
201900003575,19,6,2,2019,5,9,5,1,4964698,371516,7,2,20,3,3,3,272,11,9,7,4,60,0,0,0,0,0
201900003576,19,11,6,2152,3,1,1,3,4836337,48955,5,1,31,1,3,1,289,495,7,7,5,88,0,0,0,0,0
201900003577,19,6,26,600,5,6,5,5,4863565,464017,9,4,9,3,4,3,212,157,2,5,3,61,0,0,0,0,0
201900003578,19,9,27,2145,5,6,8,2,4454638,-53586,8,2,37,1,3,3,665,480,6,6,5,26,0,0,0,0,0
201900003579,19,5,2,1907,3,4,7,2,4736259,215809,9,3,4,2,2,2,360,165,3,5,4,39,0,0,0,0,0
201900003580,19,7,28,2343,2,4,2,7,4689761,691733,2,4,25,1,4,1,231,633,7,6,2,49,0,0,0,0,0
201900003581,19,6,4,480,5,3,5,2,4666303,307414,7,1,52,3,3,3,361,800,1,6,4,75,0,0,0,0,0
201900003582,19,4,20,2148,1,8,3,2,4560856,602844,4,2,32,3,3,4,700,587,7,6,5,36,0,0,0,0,0
201900003583,19,11,27,1243,4,2,2,5,4568374,315870,3,1,29,2,3,3,538,544,2,4,4,93,0,0,0,0,0
201900003584,19,6,14,1644,1,4,2,2,4567762,207646,5,2,16,3,4,1,866,454,5,7,4,88,0,0,0,0,0
201900003585,19,7,25,376,5,6,2,3,4467814,-212077,5,4,48,2,2,2,673,482,2,4,5,61,0,0,0,0,0
201900003586,19,4,13,2323,4,1,8,7,4745350,-285364,3,3,48,1,3,3,782,192,4,6,3,67,0,0,0,0,0
201900003587,19,12,20,725,5,8,5,7,4787715,-234080,3,3,25,1,2,3,579,733,6,6,5,26,0,0,0,0,0
201900003588,19,6,5,1218,4,4,8,2,4627250,-72917,4,2,3,2,1,2,13,612,1,4,4,31,0,0,0,0,0
201900003589,19,7,6,1483,4,3,2,3,4679857,-17604,2,3,48,3,3,4,334,59,4,6,5,75,0,0,0,0,0
201900003590,19,3,4,1721,5,2,3,1,4582260,620658,1,2,27,2,1,3,41,632,7,1,5,57,0,0,0,0,0
201900003591,19,11,11,2091,5,8,3,2,4600160,297591,1,2,24,3,1,2,819,169,1,5,5,67,0,0,0,0,0
201900003592,19,4,10,369,4,7,2,6,4754319,199305,8,1,46,3,3,2,148,327,5,6,2,24,0,0,0,0,0
201900003593,19,1,8,2142,4,3,4,2,4896009,67448,4,4,17,1,4,2,416,627,1,2,5,32,0,0,0,0,0
201900003594,19,1,20,1013,4,1,8,1,4516732,-44983,8,1,1,2,3,4,420,569,4,4,4,72,0,0,0,0,0
201900003595,19,3,13,927,4,4,7,5,4668591,426121,2,4,51,1,2,1,44,118,4,1,1,96,0,0,0,0,0
201900003596,19,10,27,1184,5,2,9,2,4565615,15468,5,4,53,2,1,2,664,672,8,1,4,8,0,0,0,0,0
201900003597,19,9,24,315,2,9,3,2,4755875,335569,7,1,22,2,2,2,848,703,2,1,1,51,0,0,0,0,0
201900003598,19,2,16,983,1,7,1,2,4836839,148291,8,1,46,2,1,2,507,497,9,5,2,57,0,0,0,0,0
201900003599,19,10,8,1607,5,7,7,1,4810548,565741,6,2,48,2,1,4,546,679,9,2,2,26,0,0,0,0,0
201900003600,19,11,13,1573,2,8,4,2,4946008,97653,5,4,41,1,3,2,506,672,5,2,4,40,0,0,0,0,0
201900003601,19,4,14,364,2,7,4,4,4545043,118678,9,2,24,1,2,2,154,651,9,7,2,37,0,0,0,0,0
201900003602,19,3,26,1437,4,9,8,2,4785101,196822,1,2,19,3,3,4,777,613,4,7,3,59,0,0,0,0,0
201900003603,19,11,28,634,5,1,1,5,4653140,79771,3,4,24,1,2,3,613,141,5,2,4,69,0,0,0,0,0
201900003604,19,8,16,2137,1,2,1,7,4411386,86735,3,3,42,3,4,4,39,483,4,4,3,48,0,0,0,0,0
201900003605,19,5,11,1115,2,3,8,7,4795476,140801,1,4,38,2,2,3,479,325,6,5,5,10,0,0,0,0,0
201900003606,19,5,7,400,3,6,7,2,4726264,584149,4,4,17,3,2,1,884,234,3,3,5,79,0,0,0,0,0
201900003607,19,12,19,1892,1,8,6,1,4548545,-48075,8,4,0,3,4,3,722,645,2,5,1,22,0,0,0,0,0
201900003608,19,3,9,772,4,9,6,1,4904328,252018,3,3,51,3,2,3,690,579,1,7,3,38,0,0,0,0,0
201900003609,19,4,6,429,4,1,3,1,4579572,403127,6,2,17,1,4,3,45,755,6,5,3,74,0,0,0,0,0
201900003610,19,9,6,2213,2,5,6,4,4607722,-340350,2,3,22,1,1,2,60,618,5,6,2,44,0,0,0,0,0
201900003611,19,9,7,1984,1,8,4,7,4670972,539098,8,3,8,2,2,3,93,780,7,1,4,98,0,0,0,0,0
201900003612,19,10,11,1063,4,9,8,4,4746149,438596,1,2,23,3,3,2,906,636,3,5,4,23,0,0,0,0,0
201900003613,19,4,6,882,5,5,8,2,4770031,363087,5,1,20,1,3,1,168,612,2,3,5,3,0,0,0,0,0
201900003614,19,12,6,2006,5,5,9,5,4404356,437281,3,1,21,3,2,4,299,990,6,7,2,65,0,0,0,0,0
201900003615,19,12,20,614,1,1,6,1,4780402,172910,9,1,11,1,4,4,347,439,3,7,4,35,0,0,0,0,0
201900003616,19,5,12,1577,5,8,2,6,4944553,607502,8,3,16,3,2,1,306,160,3,1,1,7,0,0,0,0,0
201900003617,19,1,6,834,5,7,8,5,4813609,55541,5,4,31,1,4,2,82,620,7,1,3,99,0,0,0,0,0
201900003618,19,11,27,232,5,3,7,1,4423917,442545,5,1,6,3,1,4,874,429,7,6,1,72,0,0,0,0,0
201900003619,19,11,5,57,4,4,8,6,4464164,153402,2,1,15,3,4,1,857,151,3,6,4,91,0,0,0,0,0
201900003620,19,7,3,528,4,8,9,1,4784189,-104001,2,3,42,3,3,1,432,299,8,5,4,73,0,0,0,0,0
201900003621,19,5,12,2306,4,8,2,2,4516466,-29238,8,4,39,3,3,2,617,459,1,7,4,27,0,0,0,0,0
201900003622,19,2,5,649,4,9,4,6,4882974,-127552,7,2,46,3,3,2,186,515,7,4,5,91,0,0,0,0,0
201900003623,19,4,11,1948,2,1,4,4,4795231,-206417,7,3,32,3,2,2,167,509,8,3,3,7,0,0,0,0,0
201900003624,19,9,3,1931,4,6,9,5,4790175,-299206,3,4,13,2,2,3,373,842,5,4,2,48,0,0,0,0,0
201900003625,19,4,23,870,3,2,7,5,4494072,-21517,2,3,51,2,1,1,584,431,9,5,3,10,0,0,0,0,0
201900003626,19,4,8,1161,3,2,6,6,4778964,-347776,2,2,30,3,4,1,305,105,5,3,5,45,0,0,0,0,0
201900003627,19,3,5,1737,1,3,9,1,4581845,-285395,2,1,28,2,3,3,608,93,1,4,1,24,0,0,0,0,0
201900003628,19,11,3,1834,3,3,8,2,4555692,671517,8,4,46,2,1,1,9,792,3,1,1,75,0,0,0,0,0
201900003629,19,8,9,2097,2,4,8,7,4705850,356537,1,1,11,2,3,3,251,975,8,3,3,37,0,0,0,0,0
201900003630,19,4,13,2144,2,5,3,5,4458173,80440,5,4,45,1,3,4,866,851,1,4,1,4,0,0,0,0,0
201900003631,19,7,16,268,3,2,3,7,4717512,447574,7,2,5,3,4,1,111,566,7,1,3,67,0,0,0,0,0
201900003632,19,3,4,397,5,2,6,5,4992061,332821,1,1,35,3,3,4,251,338,9,5,4,12,0,0,0,0,0
201900003633,19,12,10,574,3,2,7,1,4938857,-168334,3,1,6,1,3,1,373,810,4,2,4,35,0,0,0,0,0
201900003634,19,10,10,975,2,6,5,3,4637652,-104671,7,3,18,3,4,4,601,538,8,2,5,89,0,0,0,0,0
201900003635,19,7,16,75,3,6,3,1,4535847,-240433,1,2,3,2,2,4,74,951,5,6,4,16,0,0,0,0,0
201900003636,19,3,1,670,4,4,7,7,4627901,8703,7,2,52,1,3,3,717,338,2,3,1,87,0,0,0,0,0
201900003637,19,10,6,279,2,1,5,2,4534048,-208692,9,3,32,1,4,2,368,412,9,3,1,75,0,0,0,0,0
201900003638,19,7,27,419,1,2,9,1,4599823,-142310,3,3,22,1,4,4,344,84,8,5,1,49,0,0,0,0,0
201900003639,19,4,25,327,3,7,4,3,4984494,183759,5,1,33,2,3,1,816,460,6,2,4,69,0,0,0,0,0
201900003640,19,2,22,785,2,7,2,7,4775014,60566,1,3,44,3,4,2,142,683,2,7,4,81,0,0,0,0,0
201900003641,19,11,17,380,4,3,4,1,4462838,-122029,7,4,24,3,1,2,709,795,6,7,4,66,0,0,0,0,0
201900003642,19,4,27,536,3,8,6,3,4914564,-158042,9,2,13,1,1,1,843,996,2,4,3,19,0,0,0,0,0
201900003643,19,12,26,1166,5,7,7,2,4837406,-218723,1,4,51,1,2,3,23,511,5,7,4,79,0,0,0,0,0
201900003644,19,3,19,2166,2,5,4,5,4405712,329476,7,4,32,2,1,1,59,877,7,4,2,99,0,0,0,0,0
201900003645,19,10,9,2064,2,4,8,1,4773996,-181012,9,3,14,2,1,2,317,167,5,5,3,9,0,0,0,0,0
201900003646,19,2,3,1902,5,7,7,2,4747813,523552,9,3,32,3,4,3,65,196,2,5,2,4,0,0,0,0,0
201900003647,19,12,11,1762,2,6,7,5,4732990,-217082,6,1,37,3,4,2,76,141,3,5,3,93,0,0,0,0,0
201900003648,19,5,2,2120,2,5,2,3,4859297,-121571,6,3,15,3,2,2,174,911,7,5,4,94,0,0,0,0,0
201900003649,19,3,7,49,1,6,5,2,4419146,189483,4,1,32,1,4,4,715,86,4,7,3,83,0,0,0,0,0
201900003650,19,3,4,1181,3,7,2,5,4747909,607331,4,3,20,3,2,1,217,67,4,2,3,11,0,0,0,0,0
201900003651,19,5,24,1727,1,2,5,4,4643971,-104999,3,4,41,2,2,4,464,475,7,7,3,26,0,0,0,0,0
201900003652,19,4,16,799,3,3,8,7,4904108,413463,3,2,3,1,2,4,254,899,3,7,2,32,0,0,0,0,0
201900003653,19,7,26,122,1,2,4,5,4889531,-328113,9,2,43,2,1,3,137,926,1,4,3,51,0,0,0,0,0
201900003654,19,9,22,748,2,1,1,1,4768655,-261608,7,3,35,3,4,4,95,166,8,2,4,22,0,0,0,0,0
201900003655,19,11,17,6,4,4,4,4,4903011,-97620,9,1,40,2,4,3,652,635,2,6,3,80,0,0,0,0,0
201900003656,19,11,23,1874,3,8,4,7,4741521,294423,3,2,17,2,3,4,493,169,4,1,3,89,0,0,0,0,0
201900003657,19,2,25,1335,4,8,4,6,4669777,440385,2,1,32,2,4,2,783,221,4,5,3,72,0,0,0,0,0
201900003658,19,9,18,450,3,5,1,3,4680883,529039,5,2,53,2,2,1,253,259,2,6,5,55,0,0,0,0,0
201900003659,19,11,9,1628,1,6,4,4,4476453,-305647,9,4,27,1,3,1,784,115,2,5,3,5,0,0,0,0,0
201900003660,19,7,9,957,1,1,8,1,4410624,-335535,3,3,20,2,1,2,550,857,5,3,5,40,0,0,0,0,0
201900003661,19,6,12,1973,2,7,3,6,4634423,-148861,6,4,10,2,2,1,31,686,8,4,3,24,0,0,0,0,0
201900003662,19,4,17,591,5,9,4,2,4797924,-120285,5,3,23,2,3,3,192,834,4,3,2,64,0,0,0,0,0
201900003663,19,7,17,1542,3,8,7,4,4688384,661634,2,4,3,2,2,2,875,527,3,7,3,40,0,0,0,0,0
201900003664,19,11,2,507,2,5,6,5,4654146,258858,3,3,39,3,3,2,203,614,8,1,3,48,0,0,0,0,0
201900003665,19,11,2,1125,4,4,3,6,4773900,-303380,4,1,15,2,3,1,409,628,7,2,5,46,0,0,0,0,0
201900003666,19,7,10,1965,1,1,4,6,4694228,-83459,1,4,24,3,2,2,889,840,1,4,3,86,0,0,0,0,0
201900003667,19,9,4,1673,4,2,2,1,4535847,83912,6,4,22,3,2,1,539,230,8,2,2,56,0,0,0,0,0
201900003668,19,10,7,1891,3,6,3,6,4504852,9139,4,4,42,2,4,1,525,703,9,5,3,51,0,0,0,0,0
201900003669,19,12,18,1518,5,3,1,5,4546055,591426,7,4,31,2,4,3,384,674,3,4,1,65,0,0,0,0,0
201900003670,19,1,21,1469,1,4,7,3,4503764,312039,3,1,42,3,3,4,235,731,6,1,4,2,0,0,0,0,0
201900003671,19,10,5,1408,1,3,1,7,4432945,230489,2,2,6,3,2,3,117,249,8,5,4,75,0,0,0,0,0
201900003672,19,10,10,377,4,3,2,5,4962664,651652,4,4,22,3,3,4,212,667,1,5,5,22,0,0,0,0,0
201900003673,19,10,19,1574,2,7,1,7,4592744,533537,5,4,37,2,4,1,311,186,9,6,1,92,0,0,0,0,0
201900003674,19,12,1,1408,2,1,5,4,4994842,-211071,3,4,30,3,1,1,342,890,9,3,1,35,0,0,0,0,0
201900003675,19,11,14,2154,5,2,1,5,4757307,95454,6,1,51,2,2,3,378,925,3,7,4,13,0,0,0,0,0
201900003676,19,7,27,486,5,4,3,2,4694742,238540,1,3,53,1,4,2,840,28,2,7,3,5,0,0,0,0,0
201900003677,19,11,16,473,3,2,8,6,4652427,448150,6,4,46,3,1,3,867,650,1,5,1,88,0,0,0,0,0
201900003678,19,1,1,674,2,6,3,5,4898452,627695,2,3,47,2,3,1,21,876,9,6,3,5,0,0,0,0,0
201900003679,19,1,3,169,3,5,8,7,4597508,203371,9,3,36,3,4,3,810,734,7,6,5,40,0,0,0,0,0
201900003680,19,4,13,2210,2,5,7,4,4748182,190034,8,1,43,1,1,3,533,277,6,3,2,97,0,0,0,0,0
201900003681,19,9,14,634,4,8,4,4,4705365,69050,3,4,4,3,3,3,185,823,4,5,1,64,0,0,0,0,0
201900003682,19,6,17,1283,3,9,7,5,4759530,224087,2,1,51,2,4,4,239,181,2,1,1,94,0,0,0,0,0
201900003683,19,7,7,452,2,4,6,4,4692820,-73110,3,1,1,2,4,4,817,986,4,4,4,94,0,0,0,0,0
201900003684,19,3,4,351,2,2,4,4,4764031,659147,8,2,23,3,3,3,722,304,1,1,3,30,0,0,0,0,0
201900003685,19,10,26,1417,1,3,8,4,4616537,408276,7,4,35,1,3,3,705,725,8,1,4,36,0,0,0,0,0
201900003686,19,11,19,1122,3,8,1,7,4916930,624625,9,3,20,3,1,4,526,893,2,3,1,85,0,0,0,0,0
201900003687,19,10,24,1352,2,3,1,7,4917269,485103,4,2,13,2,3,3,748,94,2,6,3,66,0,0,0,0,0
201900003688,19,1,13,981,5,8,5,4,4663263,-98369,1,4,50,2,4,2,627,78,1,3,5,98,0,0,0,0,0
201900003689,19,11,19,1431,3,9,3,1,4770081,-364532,9,2,53,3,2,1,344,309,6,4,1,78,0,0,0,0,0
201900003690,19,7,19,1989,1,4,6,5,4911247,-280701,5,3,24,2,2,4,692,447,5,6,4,55,0,0,0,0,0
201900003691,19,11,18,1894,1,9,2,7,4778007,-248969,1,3,41,2,3,3,627,321,1,5,3,6,0,0,0,0,0
201900003692,19,8,28,1396,1,4,8,4,4767968,-246832,7,4,40,2,4,4,458,172,7,5,1,11,0,0,0,0,0
201900003693,19,2,19,1238,2,9,2,3,4609961,-35634,7,3,34,1,4,4,262,178,4,5,2,92,0,0,0,0,0
201900003694,19,11,18,682,2,5,4,3,4748114,-97861,4,2,39,1,4,1,415,765,6,4,1,22,0,0,0,0,0
201900003695,19,5,26,1570,2,7,1,4,4921135,295739,3,4,49,2,4,4,448,60,1,4,3,23,0,0,0,0,0
201900003696,19,4,12,2073,2,6,7,3,4965867,-335767,4,2,34,2,2,2,326,607,8,7,2,88,0,0,0,0,0
201900003697,19,4,7,1452,4,9,5,2,4523878,664648,2,4,26,2,4,2,654,273,3,5,5,72,0,0,0,0,0
201900003698,19,9,13,566,4,3,6,4,4864448,-212831,3,4,22,1,2,2,608,366,6,7,4,75,0,0,0,0,0
201900003699,19,10,1,2039,1,4,5,2,4481607,499136,9,1,46,1,3,3,5,259,2,5,2,69,0,0,0,0,0
201900003700,19,2,5,248,4,2,2,4,4634632,265083,6,1,14,2,1,3,597,986,7,1,1,41,0,0,0,0,0
201900003701,19,12,8,519,5,7,7,3,4718231,-384600,9,2,16,1,1,3,441,494,6,2,2,70,0,0,0,0,0
201900003702,19,6,4,2162,5,1,6,3,4494493,366309,3,4,53,3,3,1,510,203,9,3,4,97,0,0,0,0,0
201900003703,19,7,28,501,3,3,5,5,4477398,-145828,4,3,5,2,4,3,387,342,8,3,4,3,0,0,0,0,0
201900003704,19,11,14,1887,4,2,5,3,4862501,241221,9,3,41,2,1,3,438,461,7,6,4,21,0,0,0,0,0
201900003705,19,6,1,2356,5,2,3,5,4417409,-344447,7,3,35,3,3,2,410,418,5,6,5,23,0,0,0,0,0
201900003706,19,5,15,2078,2,5,6,1,4970914,331512,2,1,47,1,1,2,46,422,6,1,3,26,0,0,0,0,0
201900003707,19,5,26,172,4,6,2,6,4597036,160773,6,3,41,3,3,2,605,953,2,5,4,66,0,0,0,0,0
201900003708,19,1,10,234,5,9,3,1,4515986,-222268,5,2,47,1,3,4,468,437,1,4,4,13,0,0,0,0,0
201900003709,19,3,6,1907,5,3,8,6,4928508,321202,1,4,31,2,4,4,400,402,1,1,3,44,0,0,0,0,0
201900003710,19,8,17,1479,5,1,9,4,4463927,670706,9,3,26,3,4,1,779,922,8,6,1,48,0,0,0,0,0
201900003711,19,4,7,2046,3,7,9,7,4800464,225616,3,2,8,2,2,4,142,999,6,6,3,16,0,0,0,0,0
201900003712,19,12,22,2169,5,9,7,4,4976773,240662,4,4,6,2,4,4,593,137,3,2,3,12,0,0,0,0,0
201900003713,19,10,20,1191,1,9,1,2,4725446,-155305,8,4,12,3,2,4,30,247,3,7,3,77,0,0,0,0,0
201900003714,19,10,23,570,3,3,5,1,4574879,3762,8,1,1,3,4,1,588,801,6,6,1,15,0,0,0,0,0
201900003715,19,11,24,1777,3,1,6,3,4974470,393454,1,3,52,3,4,1,70,805,1,4,1,7,0,0,0,0,0
201900003716,19,4,9,172,5,9,3,4,4514894,-129057,2,2,49,2,2,3,330,176,4,4,3,97,0,0,0,0,0
201900003717,19,12,27,1438,1,7,2,1,4604447,255524,2,4,38,1,2,3,74,813,9,6,1,96,0,0,0,0,0
201900003718,19,4,28,1871,1,7,9,3,4934689,73619,6,4,4,3,3,1,566,836,5,2,2,48,0,0,0,0,0
201900003719,19,6,26,1443,3,1,8,1,4687604,69236,1,1,26,2,1,4,661,509,5,7,5,65,0,0,0,0,0
201900003720,19,7,16,853,2,3,7,2,4877204,70284,7,3,35,2,2,4,425,885,1,6,5,39,0,0,0,0,0
201900003721,19,6,13,1651,5,6,6,3,4570915,621040,2,1,10,3,1,2,242,536,7,7,1,91,0,0,0,0,0
201900003722,19,6,6,1256,5,7,1,5,4482154,-161982,3,1,24,2,1,3,353,610,5,1,5,14,0,0,0,0,0
201900003723,19,7,13,1031,1,9,8,2,4483255,602533,6,2,33,3,4,4,117,208,3,2,1,10,0,0,0,0,0