Num_Acc,an,mois,jour,hrmn,lum,int,atm,col,lat,long,catr,circ,nbv,vosp,prof,plan,lartpc,larrout,surf,infra,situ,env1,unscathed,killed,hospital,light,chance
201900003724,19,12,25,1597,4,7,9,3,4666391,-62668,3,2,21,3,3,1,367,129,9,1,1,57,0,0,0,0,0
201900003725,19,2,14,90,2,8,6,4,4926170,-308219,2,2,30,3,1,4,75,23,9,6,2,96,0,0,0,0,0
201900003726,19,11,9,1115,1,4,2,3,4784474,-198787,9,3,53,3,3,4,6,421,3,3,2,70,0,0,0,0,0
201900003727,19,4,1,2061,4,2,1,6,4401295,675509,4,2,10,3,2,3,586,431,6,6,5,26,0,0,0,0,0
201900003728,19,6,18,1990,1,4,7,6,4966357,232078,2,1,32,1,2,2,209,291,5,1,5,14,0,0,0,0,0
201900003729,19,2,11,652,3,8,7,5,4605436,544307,9,3,21,2,4,1,891,993,9,7,4,72,0,0,0,0,0
201900003730,19,4,13,1036,4,3,5,4,4679457,413383,7,4,17,3,3,4,571,549,3,7,4,34,0,0,0,0,0
201900003731,19,5,13,1566,3,6,5,4,4577493,137672,3,4,18,3,4,1,577,818,7,5,1,73,0,0,0,0,0
201900003732,19,11,12,757,4,8,8,4,4852343,227875,1,4,26,1,4,3,323,282,8,5,2,21,0,0,0,0,0
201900003733,19,9,18,2021,3,8,1,7,4962487,37641,1,3,15,3,4,2,797,281,6,5,1,42,0,0,0,0,0
201900003734,19,7,3,2216,1,2,7,3,4701614,292066,3,4,37,2,3,1,111,287,4,4,3,15,0,0,0,0,0
201900003735,19,12,27,964,2,8,2,2,4760122,129953,8,4,17,3,2,3,37,287,2,4,3,34,0,0,0,0,0
201900003736,19,9,5,722,5,8,8,7,4548681,437684,6,3,50,3,1,2,178,562,7,1,4,80,0,0,0,0,0
201900003737,19,4,7,1006,3,4,1,1,4496463,549899,9,4,24,2,4,4,757,512,1,3,2,89,0,0,0,0,0
201900003738,19,11,7,1544,2,6,6,3,4605317,75507,4,1,52,1,4,2,167,686,1,2,3,54,0,0,0,0,0
201900003739,19,5,5,415,5,5,5,7,4413006,-196298,4,4,45,2,2,2,732,251,7,7,5,39,0,0,0,0,0
201900003740,19,2,6,1949,3,3,2,4,4457069,-46297,2,1,27,1,2,1,4,739,5,7,4,33,0,0,0,0,0
201900003741,19,2,3,1837,4,7,4,3,4735523,49441,5,3,31,2,4,4,571,759,2,4,2,12,0,0,0,0,0
201900003742,19,11,5,826,1,8,7,1,4533762,-179059,7,3,34,3,3,2,499,425,9,4,1,99,0,0,0,0,0
201900003743,19,6,6,1660,3,8,8,4,4942870,-309782,1,1,9,2,3,1,325,177,2,5,2,42,0,0,0,0,0
201900003744,19,2,27,1451,1,8,2,4,4601267,-27349,7,2,1,3,3,1,202,665,5,3,3,14,0,0,0,0,0
201900003745,19,3,1,1363,5,1,8,1,4692130,-238374,1,3,21,1,1,1,226,227,9,5,2,36,0,0,0,0,0
201900003746,19,3,3,111,4,7,7,5,4688522,424542,7,4,51,1,1,1,642,582,8,2,2,21,0,0,0,0,0
201900003747,19,1,8,1793,4,1,2,4,4531624,-328814,1,4,45,2,3,2,356,438,7,3,5,37,0,0,0,0,0
201900003748,19,1,6,1419,5,4,7,2,4667586,85040,7,1,46,1,1,4,872,599,3,5,2,5,0,0,0,0,0
201900003749,19,7,13,1125,4,3,6,6,4615370,461697,8,1,13,2,1,3,171,197,3,7,2,48,0,0,0,0,0
201900003750,19,1,12,302,3,9,3,1,4430394,66845,9,4,11,3,2,4,725,92,1,1,1,0,0,0,0,0,0
201900003751,19,12,2,245,1,6,7,3,4971354,597567,7,4,44,2,4,3,715,612,9,7,4,76,0,0,0,0,0
201900003752,19,5,15,794,3,9,7,4,4797990,513032,3,1,50,1,1,3,498,806,9,2,2,64,0,0,0,0,0
201900003753,19,4,11,418,5,3,3,2,4451024,-81525,7,1,43,3,4,4,600,344,3,7,1,47,0,0,0,0,0
201900003754,19,4,4,2304,4,1,1,2,4914410,-368817,5,3,13,3,3,3,582,82,1,3,2,35,0,0,0,0,0
201900003755,19,7,24,1830,2,4,3,3,4900091,255313,4,2,8,3,4,4,179,882,4,3,2,29,0,0,0,0,0
201900003756,19,11,6,1821,5,3,6,3,4407359,8890,6,1,53,1,1,2,840,367,7,1,3,67,0,0,0,0,0
201900003757,19,4,1,652,3,9,3,7,4653792,661424,1,4,11,2,3,1,272,814,6,7,5,54,0,0,0,0,0
201900003758,19,7,26,351,5,8,2,4,4584151,690088,3,4,33,2,3,2,291,505,4,1,3,67,0,0,0,0,0
201900003759,19,6,11,428,1,3,8,6,4600929,89567,2,2,11,2,3,1,113,81,4,2,2,75,0,0,0,0,0
201900003760,19,2,27,924,4,1,3,4,4764660,130465,5,4,30,3,3,3,281,653,6,5,2,97,0,0,0,0,0
201900003761,19,3,7,1907,3,2,5,4,4896407,301450,1,2,25,1,1,2,64,685,6,1,5,91,0,0,0,0,0
201900003762,19,1,5,1744,3,9,4,1,4567965,549703,3,4,48,1,1,3,754,983,9,1,5,29,0,0,0,0,0
201900003763,19,10,23,1943,2,3,4,5,4724212,653194,5,4,1,1,3,1,371,190,6,4,4,17,0,0,0,0,0
201900003764,19,4,18,2302,2,2,9,7,4608659,409638,9,2,42,3,1,2,760,772,7,1,5,53,0,0,0,0,0
201900003765,19,4,3,1720,4,9,3,2,4665787,509622,3,3,45,3,2,1,550,975,4,6,4,59,0,0,0,0,0
201900003766,19,3,14,1485,5,1,4,5,4769738,471415,1,1,33,3,1,2,139,321,2,3,4,3,0,0,0,0,0
201900003767,19,3,28,1615,3,5,7,4,4406298,200893,9,3,44,2,2,1,267,677,2,2,3,32,0,0,0,0,0
201900003768,19,3,15,1393,2,9,8,2,4756342,627081,8,3,8,2,4,2,881,465,2,6,3,73,0,0,0,0,0
201900003769,19,11,1,431,2,7,2,5,4634931,-122853,9,2,19,1,3,2,135,432,2,4,1,83,0,0,0,0,0
201900003770,19,2,18,2179,2,2,9,2,4860282,-64043,5,4,33,1,3,4,690,253,7,5,1,54,0,0,0,0,0
201900003771,19,11,24,1484,1,3,7,6,4475019,221020,9,3,5,1,2,2,135,737,5,1,5,69,0,0,0,0,0
201900003772,19,5,11,1397,1,7,2,4,4785585,-62288,6,4,23,3,1,3,828,800,7,7,5,42,0,0,0,0,0
201900003773,19,11,7,803,1,6,8,3,4444482,-397121,9,3,49,2,4,4,741,239,2,4,2,38,0,0,0,0,0
201900003774,19,12,5,2232,3,5,8,4,4704709,509616,7,3,48,2,4,3,549,990,2,1,2,19,0,0,0,0,0
201900003775,19,8,23,207,5,5,9,4,4461875,-18344,5,4,0,1,2,2,355,775,5,3,3,67,0,0,0,0,0
201900003776,19,11,7,1694,5,7,9,1,4478498,10783,4,3,50,1,3,3,535,663,7,2,3,81,0,0,0,0,0
201900003777,19,11,24,1941,2,6,8,1,4827898,623250,5,4,51,2,1,1,402,142,9,6,5,72,0,0,0,0,0
201900003778,19,10,4,2274,1,2,7,5,4830109,667316,8,4,40,3,3,2,503,845,6,7,4,98,0,0,0,0,0
201900003779,19,4,21,1514,4,4,3,2,4612863,307451,3,2,27,1,2,4,572,493,6,2,5,73,0,0,0,0,0
201900003780,19,1,28,97,2,4,9,5,4582159,103420,6,2,36,3,2,4,742,741,2,5,2,8,0,0,0,0,0
201900003781,19,3,28,1024,3,9,8,6,4758553,383004,6,3,20,2,3,2,446,628,7,4,2,96,0,0,0,0,0
201900003782,19,1,13,1396,4,3,1,2,4771935,522806,3,3,47,2,3,3,788,854,1,2,1,69,0,0,0,0,0
201900003783,19,1,18,1974,4,6,9,2,4883237,523527,7,2,10,3,4,4,653,321,2,4,5,58,0,0,0,0,0
201900003784,19,9,18,240,1,2,1,7,4463161,-295366,5,4,32,2,4,4,232,509,7,3,4,86,0,0,0,0,0
201900003785,19,4,13,1055,3,9,7,1,4791944,148738,1,3,40,3,3,1,57,529,1,5,3,26,0,0,0,0,0
201900003786,19,2,21,414,1,4,7,5,4802756,459158,3,1,35,1,2,3,133,966,5,1,4,6,0,0,0,0,0
201900003787,19,6,16,1293,3,9,4,4,4877648,310684,9,3,19,2,2,4,596,948,5,6,3,45,0,0,0,0,0
201900003788,19,2,7,1370,2,6,5,3,4432513,-162713,6,1,3,1,4,1,702,183,1,3,3,60,0,0,0,0,0
201900003789,19,5,14,1146,5,7,6,3,4856029,-82684,1,1,50,1,2,3,616,891,4,3,5,81,0,0,0,0,0
201900003790,19,9,23,23,5,7,7,5,4918367,-268088,5,3,38,3,3,4,866,931,9,2,5,22,0,0,0,0,0
201900003791,19,3,11,1555,1,3,5,3,4436407,539015,8,1,50,1,4,2,590,82,8,4,5,85,0,0,0,0,0
201900003792,19,7,22,2090,1,9,1,2,4704107,-330317,1,4,27,1,4,1,701,768,8,1,5,35,0,0,0,0,0
201900003793,19,10,28,2227,1,5,5,1,4450946,20810,5,3,18,3,4,2,614,303,5,3,2,7,0,0,0,0,0
201900003794,19,5,28,928,3,8,5,2,4598905,400630,9,1,41,2,2,2,524,978,8,1,2,50,0,0,0,0,0
201900003795,19,9,12,2179,2,5,3,5,4922455,697047,7,2,43,2,2,4,55,606,7,7,4,22,0,0,0,0,0
201900003796,19,7,16,2282,2,5,1,7,4923739,-266361,5,4,39,2,4,4,12,762,6,2,1,82,0,0,0,0,0
201900003797,19,3,24,1029,2,3,8,6,4455357,651940,8,1,24,2,1,3,718,162,6,6,4,67,0,0,0,0,0
201900003798,19,7,10,595,3,2,9,7,4565539,74547,6,3,3,2,1,4,48,183,5,4,4,24,0,0,0,0,0
201900003799,19,6,20,634,2,9,9,6,4900900,341845,5,2,35,3,1,1,583,1,3,7,4,13,0,0,0,0,0
201900003800,19,2,17,214,2,2,7,3,4814002,-226761,3,1,16,3,2,2,130,480,2,4,4,87,0,0,0,0,0
201900003801,19,8,7,94,3,2,2,7,4497879,516256,6,2,15,2,1,2,750,385,6,4,4,23,0,0,0,0,0
201900003802,19,3,3,233,1,9,3,4,4429003,-212526,9,1,53,1,4,3,293,546,5,3,4,71,0,0,0,0,0
201900003803,19,1,23,1524,4,1,2,2,4928539,-34165,6,4,46,3,4,1,897,400,3,3,2,4,0,0,0,0,0
201900003804,19,1,23,1371,5,2,8,2,4514667,-367877,5,3,45,2,4,2,27,707,8,5,2,48,0,0,0,0,0
201900003805,19,9,14,1582,3,1,1,1,4839814,454423,7,1,22,1,1,2,61,152,7,3,1,40,0,0,0,0,0
201900003806,19,4,8,1701,3,3,1,2,4621113,-364910,1,4,26,2,4,1,236,479,8,3,4,5,0,0,0,0,0
201900003807,19,11,16,1871,5,9,5,1,4838145,-278061,3,1,30,2,4,4,638,661,2,3,1,0,0,0,0,0,0
201900003808,19,5,22,1852,1,7,1,6,4597276,540891,5,4,38,3,3,3,83,945,2,1,2,57,0,0,0,0,0
201900003809,19,9,12,1788,4,6,8,3,4724308,-123120,5,4,20,2,4,4,72,951,8,4,4,43,0,0,0,0,0
201900003810,19,10,14,1323,1,1,5,2,4779781,-125392,6,1,36,3,1,3,824,480,5,5,3,47,0,0,0,0,0
201900003811,19,6,24,1017,3,6,9,5,4690473,-134768,7,2,40,1,1,4,286,246,9,6,1,74,0,0,0,0,0
201900003812,19,11,16,463,4,8,5,6,4977038,568603,5,2,44,1,1,3,504,516,5,2,1,55,0,0,0,0,0
201900003813,19,4,15,1532,4,8,6,1,4997364,-30669,4,2,34,1,2,3,529,343,7,7,4,12,0,0,0,0,0
201900003814,19,12,16,320,5,8,6,5,4884922,155112,4,1,8,3,1,3,140,409,9,7,3,6,0,0,0,0,0
201900003815,19,3,16,243,3,3,9,2,4436882,-345531,8,2,43,2,3,2,579,359,2,5,4,40,0,0,0,0,0
201900003816,19,4,28,1122,5,6,3,2,4942375,448238,1,1,44,1,3,3,394,130,6,4,3,71,0,0,0,0,0
201900003817,19,10,27,479,5,8,4,3,4445178,-363203,6,1,8,3,3,2,297,747,9,2,2,36,0,0,0,0,0
201900003818,19,9,28,1903,1,2,6,7,4893812,-377889,7,1,21,1,1,1,105,228,9,1,4,3,0,0,0,0,0
201900003819,19,2,6,717,4,1,9,4,4781147,-54372,9,1,9,1,4,2,255,849,2,2,3,54,0,0,0,0,0
201900003820,19,9,20,1435,2,8,9,7,4437486,-351789,1,3,40,1,1,2,575,22,2,6,2,92,0,0,0,0,0
201900003821,19,4,20,1912,3,5,3,6,4715869,359421,7,4,0,2,1,1,464,348,8,4,1,27,0,0,0,0,0
201900003822,19,3,2,2354,4,6,9,2,4978020,-50542,9,3,45,2,3,2,878,427,6,3,5,16,0,0,0,0,0
201900003823,19,9,6,1198,5,6,1,1,4702204,237916,8,2,5,1,4,1,638,401,5,4,2,76,0,0,0,0,0
201900003824,19,5,14,702,3,2,9,7,4621526,-271317,5,3,36,2,2,4,685,126,8,2,4,36,0,0,0,0,0
201900003825,19,6,9,1526,5,2,5,4,4932510,-28150,7,2,41,2,3,3,739,623,8,1,3,55,0,0,0,0,0
201900003826,19,6,26,1159,5,9,3,5,4710900,-224136,8,2,22,1,4,3,731,97,7,2,4,72,0,0,0,0,0
201900003827,19,5,9,105,1,9,3,4,4782994,145089,4,2,17,3,4,3,93,174,3,4,1,99,0,0,0,0,0
201900003828,19,5,19,579,3,9,7,7,4839163,608050,7,3,45,2,1,3,101,498,4,4,1,58,0,0,0,0,0
201900003829,19,7,26,96,5,2,4,7,4698278,-96531,5,1,49,1,3,3,809,943,4,4,4,37,0,0,0,0,0
201900003830,19,4,5,138,4,2,3,7,4934240,32721,8,1,25,3,4,3,552,245,5,6,4,41,0,0,0,0,0
201900003831,19,3,17,963,1,6,6,2,4768435,563114,6,2,5,3,4,1,209,483,9,5,3,73,0,0,0,0,0
201900003832,19,1,27,1217,1,7,9,6,4886855,546198,8,3,53,1,2,2,874,830,4,5,1,26,0,0,0,0,0
201900003833,19,8,20,16,4,1,7,2,4991896,512510,4,2,38,1,2,2,844,284,5,5,4,28,0,0,0,0,0
201900003834,19,12,4,2143,1,5,9,7,4563690,186883,8,3,52,1,3,1,301,633,5,2,2,67,0,0,0,0,0
201900003835,19,11,26,78,3,9,8,2,4489062,664475,5,1,28,1,4,1,848,697,6,5,2,84,0,0,0,0,0
201900003836,19,8,22,161,5,4,5,1,4460503,307869,5,2,10,2,1,4,762,762,1,5,5,61,0,0,0,0,0
201900003837,19,5,2,187,1,4,5,3,4962279,-319170,8,4,48,2,4,2,357,231,7,2,3,1,0,0,0,0,0
201900003838,19,1,5,1858,2,1,3,7,4618578,-231054,4,3,40,2,1,1,641,419,8,5,4,27,0,0,0,0,0
201900003839,19,9,10,2081,5,3,8,7,4424509,-163691,3,1,40,3,4,3,864,206,2,5,1,55,0,0,0,0,0
201900003840,19,7,11,59,1,1,2,1,4698665,-108074,4,3,41,1,1,3,230,666,7,7,3,53,0,0,0,0,0
201900003841,19,10,25,1740,4,8,9,2,4678083,332020,5,4,41,1,2,3,866,888,5,6,4,34,0,0,0,0,0
201900003842,19,11,14,2287,2,8,9,7,4994420,139954,4,3,34,2,2,1,892,24,5,2,1,71,0,0,0,0,0
201900003843,19,2,17,2018,2,9,9,2,4661289,-321241,4,3,7,1,3,1,848,522,3,2,3,57,0,0,0,0,0
201900003844,19,4,25,2262,4,4,1,4,4426098,675722,5,1,34,1,3,4,847,693,5,3,1,69,0,0,0,0,0
201900003845,19,4,22,1368,5,7,5,1,4865789,-375761,8,1,29,1,3,3,545,686,8,3,3,86,0,0,0,0,0
201900003846,19,4,6,39,5,4,3,7,4679257,477733,3,4,32,1,3,2,610,800,3,2,1,74,0,0,0,0,0
201900003847,19,7,18,1942,5,6,4,5,4561794,399730,3,3,50,1,4,2,911,206,2,6,4,72,0,0,0,0,0
201900003848,19,2,25,2356,3,3,7,3,4506050,161318,6,3,45,1,2,3,880,849,8,7,1,99,0,0,0,0,0
201900003849,19,6,11,121,3,9,6,4,4683523,-48767,4,1,13,1,4,1,759,830,7,1,2,28,0,0,0,0,0
201900003850,19,2,1,1238,3,7,5,6,4791723,56568,5,2,16,2,3,3,90,256,4,1,2,89,0,0,0,0,0
201900003851,19,8,10,1666,5,2,6,3,4884585,199789,6,2,8,1,1,1,323,153,4,3,2,79,0,0,0,0,0
201900003852,19,1,25,57,5,6,4,3,4988719,-76064,9,3,24,3,3,4,733,657,5,5,2,8,0,0,0,0,0
201900003853,19,8,27,1664,1,5,6,7,4620593,-321759,8,1,37,2,4,2,651,536,4,1,1,45,0,0,0,0,0
201900003854,19,4,24,1995,2,5,9,7,4614900,186919,1,2,26,2,4,1,235,408,6,3,2,91,0,0,0,0,0
201900003855,19,1,10,1136,2,3,5,3,4678368,-284743,9,3,46,2,2,4,20,245,4,4,5,99,0,0,0,0,0
201900003856,19,7,24,499,1,9,3,2,4919944,-267179,6,2,29,2,1,4,832,11,9,5,3,96,0,0,0,0,0
201900003857,19,7,23,1894,2,8,3,6,4441098,632624,9,1,24,1,2,1,387,810,8,4,5,35,0,0,0,0,0
201900003858,19,11,3,2059,1,7,1,4,4732489,-30286,9,1,20,2,2,2,706,74,4,5,4,41,0,0,0,0,0
201900003859,19,10,27,2124,4,8,5,2,4758426,369879,2,1,42,2,4,2,47,502,1,5,5,97,0,0,0,0,0
201900003860,19,2,28,869,1,4,8,3,4570110,-349206,7,4,29,2,2,3,257,357,9,7,1,39,0,0,0,0,0
201900003861,19,7,14,2121,2,7,1,5,4619995,-172332,1,2,38,1,2,1,823,265,5,1,3,31,0,0,0,0,0
201900003862,19,9,23,431,3,7,5,2,4677977,186901,8,2,0,1,4,3,575,177,2,2,1,93,0,0,0,0,0
201900003863,19,4,18,2030,2,1,4,4,4481087,-179205,2,4,17,1,1,1,758,469,7,2,3,86,0,0,0,0,0
201900003864,19,12,11,1261,5,8,2,4,4789006,-383871,4,1,36,2,2,2,0,13,1,4,4,95,0,0,0,0,0
201900003865,19,7,27,1545,4,2,1,1,4816771,-265521,9,4,32,1,1,2,109,934,9,7,5,75,0,0,0,0,0
201900003866,19,7,19,1875,1,1,8,3,4763066,276250,7,4,18,2,4,4,522,948,5,2,2,61,0,0,0,0,0
201900003867,19,8,5,538,3,7,7,3,4858538,205835,4,2,27,1,4,4,873,522,3,5,1,1,0,0,0,0,0
201900003868,19,3,11,772,4,1,8,4,4981404,-379337,9,4,34,3,2,1,197,143,9,4,1,62,0,0,0,0,0
201900003869,19,7,9,312,1,9,8,6,4939026,233597,4,2,0,1,1,1,793,958,4,1,4,20,0,0,0,0,0
201900003870,19,5,15,743,2,6,7,2,4972788,54182,1,4,27,1,3,1,415,903,4,6,5,23,0,0,0,0,0
201900003871,19,1,27,144,2,3,3,5,4520763,-25391,3,4,26,1,3,3,74,156,1,2,4,68,0,0,0,0,0
201900003872,19,11,26,1465,1,4,1,6,4577246,573290,3,3,39,3,1,2,204,135,7,1,1,1,0,0,0,0,0
201900003873,19,8,16,1270,3,3,7,6,4625508,476988,3,1,52,1,1,1,645,559,1,6,5,4,0,0,0,0,0
201900003874,19,4,15,515,2,5,9,7,4544684,243156,5,3,0,2,1,4,387,106,2,6,2,69,0,0,0,0,0
201900003875,19,3,6,2109,4,4,8,4,4762489,587671,5,1,1,1,2,1,696,957,6,7,3,79,0,0,0,0,0
201900003876,19,5,25,2123,4,1,8,7,4797249,-224606,4,1,27,2,1,1,322,232,3,4,5,55,0,0,0,0,0
201900003877,19,1,22,1665,5,5,4,2,4600264,-293483,8,4,24,1,3,2,325,261,5,3,3,46,0,0,0,0,0
201900003878,19,9,13,394,1,8,8,1,4406513,-354946,7,1,9,3,3,4,516,270,2,7,4,27,0,0,0,0,0
201900003879,19,5,16,1338,4,5,6,4,4712474,310664,5,4,28,3,4,1,773,363,3,3,3,2,0,0,0,0,0
201900003880,19,1,22,2182,4,3,2,2,4543045,-185580,6,1,21,2,4,2,224,921,7,5,4,79,0,0,0,0,0
201900003881,19,4,6,649,4,9,3,5,4491457,213212,9,3,50,2,4,1,853,695,7,6,2,39,0,0,0,0,0
201900003882,19,12,15,848,3,7,3,3,4789502,611656,5,1,33,2,1,1,154,617,5,1,2,3,0,0,0,0,0
201900003883,19,5,2,1096,3,2,7,2,4796694,-379333,5,2,25,1,3,1,838,577,3,1,3,87,0,0,0,0,0
201900003884,19,5,3,855,3,4,3,1,4740452,241302,2,4,5,1,1,2,681,267,1,7,3,73,0,0,0,0,0
201900003885,19,5,2,453,1,9,1,5,4682718,80681,3,1,41,2,1,2,420,573,8,2,1,50,0,0,0,0,0
201900003886,19,10,25,1631,3,6,1,2,4706029,501216,1,1,27,1,2,3,559,75,8,2,3,20,0,0,0,0,0
201900003887,19,6,14,1412,3,6,2,1,4482362,-35099,4,1,23,2,1,1,837,727,5,7,4,34,0,0,0,0,0
201900003888,19,9,7,1058,2,9,2,3,4614340,421292,6,1,46,3,3,1,128,564,3,6,2,19,0,0,0,0,0
201900003889,19,3,26,260,3,7,2,2,4835691,331029,4,2,46,1,1,1,343,684,5,6,1,86,0,0,0,0,0
201900003890,19,2,17,1032,4,4,3,7,4897590,-111936,9,3,28,2,2,1,12,441,1,2,4,87,0,0,0,0,0
201900003891,19,7,10,793,4,3,8,3,4717134,186582,5,1,33,1,1,4,438,444,3,1,5,43,0,0,0,0,0
201900003892,19,9,22,520,5,4,3,1,4513051,-89140,8,1,25,2,3,3,658,119,3,5,3,92,0,0,0,0,0
201900003893,19,4,7,369,4,5,2,6,4950353,-268981,9,3,43,3,4,4,20,317,9,6,3,7,0,0,0,0,0
201900003894,19,7,23,870,1,7,3,7,4915933,247878,5,4,21,3,1,1,835,281,1,4,1,81,0,0,0,0,0
201900003895,19,6,9,362,5,6,4,5,4831620,42937,5,4,34,3,4,3,889,472,2,1,5,17,0,0,0,0,0
201900003896,19,11,13,1481,2,1,9,4,4758586,-257435,1,1,47,2,1,3,781,384,5,2,3,91,0,0,0,0,0
201900003897,19,9,8,2022,1,2,2,1,4719724,-157350,3,4,43,1,3,4,804,254,8,5,5,80,0,0,0,0,0
201900003898,19,9,17,262,3,5,6,4,4762166,-285541,9,1,48,2,1,1,381,839,4,6,2,56,0,0,0,0,0
201900003899,19,2,14,894,4,6,7,2,4801921,-313997,6,1,2,2,4,4,508,838,2,6,1,85,0,0,0,0,0
201900003900,19,4,8,1365,3,5,1,2,4734061,140014,1,3,18,2,1,2,372,231,2,3,4,47,0,0,0,0,0
201900003901,19,4,4,798,1,3,8,7,4658032,134682,8,1,30,1,4,4,238,750,2,7,1,56,0,0,0,0,0
201900003902,19,10,8,561,3,7,4,1,4533042,-325650,9,2,21,2,2,4,606,638,8,7,1,82,0,0,0,0,0
201900003903,19,3,13,2270,5,8,3,3,4730170,69942,7,1,2,1,3,2,78,522,8,4,1,57,0,0,0,0,0
201900003904,19,6,14,1969,4,3,9,1,4762295,65941,8,1,0,3,2,4,486,104,1,6,1,87,0,0,0,0,0
201900003905,19,11,15,1217,2,3,5,4,4676765,-267726,9,3,29,3,3,2,209,831,4,6,1,87,0,0,0,0,0
201900003906,19,1,24,1531,2,4,5,6,4640623,616057,2,1,18,3,2,2,591,130,2,1,4,62,0,0,0,0,0
201900003907,19,9,26,1672,5,5,8,5,4682773,-165280,4,1,6,2,3,1,11,277,9,3,5,60,0,0,0,0,0
201900003908,19,5,26,1550,1,8,4,5,4400459,598911,2,1,5,2,3,2,204,313,3,2,2,13,0,0,0,0,0
201900003909,19,12,10,470,3,5,4,2,4982771,115252,1,4,47,1,2,1,836,327,3,3,5,20,0,0,0,0,0
201900003910,19,4,27,883,3,8,5,1,4436452,320905,4,3,39,3,1,3,651,558,4,6,1,56,0,0,0,0,0
201900003911,19,3,24,1433,3,3,3,5,4601316,120215,3,2,40,1,1,1,875,50,7,1,3,31,0,0,0,0,0
201900003912,19,7,19,313,5,4,5,3,4523728,647412,7,1,50,2,1,3,205,314,4,5,1,11,0,0,0,0,0
201900003913,19,6,24,2328,2,1,5,1,4401438,-399178,3,1,10,2,3,2,425,296,5,2,3,88,0,0,0,0,0
201900003914,19,4,3,2280,4,5,9,2,4761875,698652,9,3,2,1,1,1,124,791,5,7,2,90,0,0,0,0,0
201900003915,19,11,28,522,2,5,2,5,4901197,300787,9,4,2,3,2,1,534,698,7,3,2,5,0,0,0,0,0
201900003916,19,1,23,222,5,5,5,4,4687390,233157,8,3,44,2,3,2,18,83,1,7,3,52,0,0,0,0,0
201900003917,19,3,10,1869,5,9,1,6,4483606,539935,1,3,36,1,1,4,10,5,3,5,1,23,0,0,0,0,0
201900003918,19,12,18,125,3,4,7,3,4574532,574208,1,3,45,3,1,1,104,725,2,6,3,4,0,0,0,0,0
201900003919,19,4,26,709,1,9,5,6,4605753,591281,1,3,38,2,4,2,712,163,9,7,3,4,0,0,0,0,0
201900003920,19,6,20,1875,2,7,9,7,4922102,613121,1,4,2,3,1,4,664,717,1,4,3,56,0,0,0,0,0
201900003921,19,7,19,714,2,5,6,4,4705481,411572,6,2,37,2,1,1,65,726,3,3,2,91,0,0,0,0,0
201900003922,19,3,20,944,1,7,4,6,4442654,672169,8,2,21,1,2,1,159,584,8,2,4,21,0,0,0,0,0
201900003923,19,1,1,2137,5,7,7,3,4758973,-329993,9,3,5,2,3,2,235,491,1,2,3,79,0,0,0,0,0
201900003924,19,7,4,338,3,7,9,1,4520962,-14305,8,4,18,2,2,2,814,352,3,4,2,45,0,0,0,0,0
201900003925,19,12,5,832,1,6,2,7,4484409,272721,8,1,52,1,4,2,13,386,9,1,4,69,0,0,0,0,0
201900003926,19,9,27,1734,3,7,4,3,4856567,423986,1,3,8,3,2,3,841,349,8,3,5,32,0,0,0,0,0
201900003927,19,7,7,95,1,2,9,2,4777692,-91664,5,4,1,2,1,2,648,143,7,6,4,40,0,0,0,0,0
201900003928,19,2,5,2157,2,5,4,5,4431441,-360707,3,1,45,2,2,4,204,367,4,2,4,35,0,0,0,0,0
201900003929,19,7,25,1951,3,1,1,5,4687748,-326620,3,3,52,3,2,1,90,351,2,7,3,47,0,0,0,0,0
201900003930,19,11,12,1798,1,7,4,2,4960909,295579,9,3,18,3,1,4,449,90,6,1,5,24,0,0,0,0,0
201900003931,19,8,18,1753,1,4,9,4,4875310,652582,9,2,43,3,2,4,536,248,2,7,2,62,0,0,0,0,0
201900003932,19,8,27,881,1,3,5,6,4835248,510930,1,4,12,1,2,3,267,184,3,7,4,32,0,0,0,0,0
201900003933,19,2,19,1525,2,7,7,7,4975777,-5998,1,2,28,2,3,4,415,457,1,6,4,69,0,0,0,0,0
201900003934,19,6,23,1874,4,3,5,3,4642565,51568,6,4,18,1,2,3,34,558,6,7,1,15,0,0,0,0,0
201900003935,19,10,6,388,5,2,7,2,4702015,562474,1,2,43,2,2,4,843,31,5,6,5,9,0,0,0,0,0
201900003936,19,10,9,1252,1,1,5,7,4428936,277061,2,1,52,2,2,4,206,404,6,7,1,56,0,0,0,0,0
201900003937,19,2,26,492,5,8,1,4,4468867,21918,8,2,9,1,4,2,705,818,5,3,4,77,0,0,0,0,0