Num_Acc,an,mois,jour,hrmn,lum,int,atm,col,lat,long,catr,circ,nbv,vosp,prof,plan,lartpc,larrout,surf,infra,situ,env1,unscathed,killed,hospital,light,chance
201900003938,19,2,21,1221,4,6,1,7,4436211,500032,3,1,36,2,3,2,559,670,7,5,1,60,0,0,0,0,0
201900003939,19,9,4,776,1,8,2,4,4460445,330730,4,3,33,2,3,4,851,369,6,6,5,42,0,0,0,0,0
201900003940,19,11,28,1543,2,9,4,1,4446696,423621,1,2,31,2,4,2,872,36,4,5,4,57,0,0,0,0,0
201900003941,19,6,3,322,4,3,7,7,4441786,325779,2,2,53,3,4,4,843,493,5,5,1,40,0,0,0,0,0
201900003942,19,1,6,947,3,5,7,1,4721346,-223154,9,1,16,3,4,4,626,535,4,3,1,75,0,0,0,0,0
201900003943,19,8,10,2192,2,2,1,3,4991628,-220206,9,4,44,1,3,2,485,804,4,4,5,33,0,0,0,0,0
201900003944,19,10,25,45,5,6,1,6,4406777,688119,4,2,16,2,4,1,214,412,2,1,1,91,0,0,0,0,0
201900003945,19,2,23,2208,1,1,3,1,4962304,-289576,2,4,0,3,3,1,672,638,1,7,3,59,0,0,0,0,0
201900003946,19,8,15,1907,2,8,1,5,4436328,580101,8,1,15,1,4,4,642,687,3,1,2,9,0,0,0,0,0
201900003947,19,9,9,1121,2,7,3,2,4527879,50727,3,3,49,2,1,1,25,280,3,7,3,91,0,0,0,0,0
201900003948,19,9,15,450,5,3,3,1,4919013,-248703,4,1,13,2,2,3,515,973,7,4,2,41,0,0,0,0,0
201900003949,19,12,8,688,1,2,4,6,4732138,-267132,4,2,12,3,1,3,662,291,4,6,4,15,0,0,0,0,0
201900003950,19,10,22,1759,3,6,7,1,4610549,-376631,1,3,25,1,4,3,612,574,9,1,5,31,0,0,0,0,0
201900003951,19,7,5,1162,5,7,4,6,4648032,136933,5,4,33,1,3,3,258,310,1,4,2,10,0,0,0,0,0
201900003952,19,4,17,1265,3,6,9,4,4999229,-45823,3,2,19,2,4,1,589,528,1,3,3,2,0,0,0,0,0
201900003953,19,11,23,1208,4,5,7,2,4432897,566607,1,3,6,2,1,3,534,304,8,6,1,82,0,0,0,0,0
201900003954,19,7,24,1431,1,2,7,1,4587381,405880,8,3,42,2,4,3,259,347,5,3,5,36,0,0,0,0,0
201900003955,19,1,21,1163,2,8,8,3,4558144,-175795,3,4,3,2,1,4,726,673,2,2,1,73,0,0,0,0,0
201900003956,19,5,28,854,4,4,7,6,4705244,-358524,8,4,50,3,2,4,591,115,6,4,1,30,0,0,0,0,0
201900003957,19,3,20,1747,5,4,4,2,4462616,512636,1,4,11,2,4,3,320,971,7,7,1,60,0,0,0,0,0
201900003958,19,5,6,1925,3,7,1,4,4636528,495386,7,2,47,3,4,2,418,940,1,7,1,76,0,0,0,0,0
201900003959,19,6,9,761,1,3,6,2,4692187,263297,8,4,14,3,3,1,798,568,9,2,4,31,0,0,0,0,0
201900003960,19,7,17,2261,1,6,6,1,4534473,671504,7,2,22,3,3,3,317,882,6,4,2,41,0,0,0,0,0
201900003961,19,8,19,563,1,6,2,3,4768527,358699,3,1,12,3,1,2,271,884,7,1,1,55,0,0,0,0,0
201900003962,19,1,20,1227,1,3,6,6,4440652,234910,8,1,40,1,4,1,617,473,1,6,3,22,0,0,0,0,0
201900003963,19,1,4,1266,5,7,1,2,4573103,99160,2,3,4,2,2,4,846,980,5,4,3,54,0,0,0,0,0
201900003964,19,3,15,1970,5,4,3,3,4811193,-75761,5,1,14,1,2,1,591,777,8,3,2,65,0,0,0,0,0
201900003965,19,9,15,439,5,2,8,2,4889042,246139,2,3,13,2,4,2,64,525,1,2,3,20,0,0,0,0,0
201900003966,19,2,13,1875,5,7,5,7,4604737,-169952,3,3,0,3,4,1,100,716,5,4,4,19,0,0,0,0,0
201900003967,19,1,10,935,2,9,7,4,4454515,-32854,8,4,4,1,3,3,103,490,8,4,2,25,0,0,0,0,0
201900003968,19,11,27,816,3,5,1,7,4921470,-299837,9,4,15,1,1,1,511,644,1,4,4,23,0,0,0,0,0
201900003969,19,12,11,1882,2,7,7,7,4706908,183631,3,4,19,2,4,3,753,636,9,4,2,43,0,0,0,0,0
201900003970,19,1,16,1847,5,3,7,2,4538491,-218892,5,4,22,3,3,1,818,963,5,6,1,63,0,0,0,0,0
201900003971,19,2,28,553,1,3,4,1,4635795,269747,8,4,35,1,3,4,359,97,8,1,1,4,0,0,0,0,0
201900003972,19,5,19,95,3,1,5,5,4627504,104864,5,1,40,1,3,4,571,419,7,5,1,82,0,0,0,0,0
201900003973,19,6,21,2260,1,8,8,2,4759375,511932,9,1,40,2,2,4,907,582,6,4,4,17,0,0,0,0,0
201900003974,19,10,8,2251,3,4,4,6,4977458,-43345,4,3,35,2,4,2,608,431,2,2,2,9,0,0,0,0,0
201900003975,19,11,10,1628,1,9,4,7,4734983,244702,9,1,26,3,1,2,797,50,6,3,2,67,0,0,0,0,0
201900003976,19,1,13,2349,2,7,6,5,4518506,-113425,3,3,30,3,1,4,244,512,1,1,5,93,0,0,0,0,0
201900003977,19,8,20,874,3,4,6,7,4462267,659607,9,4,46,2,3,3,775,568,5,6,1,1,0,0,0,0,0
201900003978,19,10,8,184,3,2,1,2,4903659,693657,6,1,36,2,2,4,617,415,2,2,2,36,0,0,0,0,0
201900003979,19,5,18,411,5,3,5,6,4501615,550486,3,4,17,3,4,4,113,893,8,1,5,26,0,0,0,0,0
201900003980,19,5,22,1001,1,4,5,2,4801090,-319298,1,2,49,1,2,2,455,1,1,3,5,58,0,0,0,0,0
201900003981,19,11,22,109,5,3,8,2,4496660,-12555,6,3,35,3,3,1,637,211,9,2,3,48,0,0,0,0,0
201900003982,19,5,2,1571,1,3,7,1,4649187,-113999,3,1,50,2,2,2,389,159,8,4,3,22,0,0,0,0,0
201900003983,19,8,9,895,2,7,7,6,4606831,274840,9,1,25,3,4,4,404,95,5,4,3,31,0,0,0,0,0
201900003984,19,7,18,1022,1,9,4,7,4879393,435802,1,1,43,1,1,4,501,233,6,3,4,93,0,0,0,0,0
201900003985,19,3,3,769,4,6,1,6,4727200,607687,4,3,39,3,3,1,197,130,5,1,1,54,0,0,0,0,0
201900003986,19,10,13,1550,2,3,8,1,4951212,-369543,8,1,30,3,4,2,346,385,1,4,3,6,0,0,0,0,0
201900003987,19,4,25,2264,2,2,6,5,4920997,-313728,9,2,48,1,3,3,307,359,1,3,2,12,0,0,0,0,0
201900003988,19,8,15,1467,3,9,1,1,4502958,159284,6,2,18,2,4,3,148,313,1,5,2,40,0,0,0,0,0
201900003989,19,1,12,1201,1,6,9,6,4878825,582921,3,2,15,3,4,3,44,967,4,4,5,96,0,0,0,0,0
201900003990,19,6,10,1390,5,4,7,1,4461486,673329,9,4,44,1,2,2,161,427,9,2,4,56,0,0,0,0,0
201900003991,19,4,4,137,2,2,8,2,4573063,186053,9,1,40,3,1,2,404,815,9,5,5,97,0,0,0,0,0
201900003992,19,8,27,261,2,9,5,1,4596731,501643,7,4,32,1,1,1,430,445,6,7,3,44,0,0,0,0,0
201900003993,19,8,7,1337,4,9,9,3,4835865,56037,6,2,11,1,3,4,465,195,5,3,1,94,0,0,0,0,0
201900003994,19,1,25,1015,4,2,8,6,4598918,-217562,7,3,33,2,2,2,776,527,9,5,2,88,0,0,0,0,0
201900003995,19,6,20,132,5,8,4,2,4455462,630058,2,1,1,1,3,2,292,696,5,1,1,18,0,0,0,0,0
201900003996,19,10,15,1360,2,7,2,4,4632145,-21359,3,3,49,3,1,4,77,510,8,1,4,22,0,0,0,0,0
201900003997,19,11,27,1565,3,2,5,5,4540633,408276,9,1,6,2,2,2,8,888,2,1,1,56,0,0,0,0,0
201900003998,19,9,28,1043,2,4,6,5,4896329,437050,7,1,32,1,3,2,488,79,5,3,2,25,0,0,0,0,0
201900003999,19,9,27,185,2,9,6,4,4447708,40206,8,2,36,3,4,2,337,121,7,4,2,79,0,0,0,0,0
201900004000,19,5,19,1246,5,6,5,7,4513541,19248,4,4,28,3,3,2,779,865,8,7,1,77,0,0,0,0,0
201900004001,19,11,19,1632,5,6,2,4,4575671,307134,5,4,16,1,2,3,353,350,8,1,3,47,0,0,0,0,0
201900004002,19,4,22,998,4,5,4,3,4412982,387842,4,4,13,2,4,4,323,756,3,3,5,80,0,0,0,0,0
201900004003,19,12,4,1461,4,5,6,7,4552388,-340958,2,4,14,3,4,4,277,416,2,4,2,31,0,0,0,0,0
201900004004,19,1,20,1305,3,9,3,3,4455479,402046,1,1,25,1,1,2,623,320,2,3,1,95,0,0,0,0,0
201900004005,19,6,21,1518,4,8,3,1,4582491,558036,9,1,2,3,1,1,63,778,1,6,3,98,0,0,0,0,0
201900004006,19,8,2,423,3,6,8,2,4503998,577027,5,2,12,2,1,3,544,52,3,4,5,39,0,0,0,0,0
201900004007,19,12,12,866,1,9,7,6,4702685,624405,5,3,13,2,2,2,708,92,6,3,4,80,0,0,0,0,0
201900004008,19,11,14,286,3,6,9,6,4521121,154110,3,1,10,1,4,3,162,746,8,3,4,25,0,0,0,0,0
201900004009,19,6,18,1659,2,6,2,7,4748169,-346830,2,1,50,1,3,2,352,165,1,3,3,48,0,0,0,0,0
201900004010,19,11,10,2349,5,1,5,3,4617303,-22383,4,2,35,3,3,4,172,328,9,4,5,59,0,0,0,0,0
201900004011,19,7,4,1880,4,7,1,4,4561690,428453,3,3,18,1,2,2,758,212,2,5,4,51,0,0,0,0,0
201900004012,19,2,27,439,1,2,1,7,4932581,350982,9,3,39,1,2,4,442,158,7,7,1,45,0,0,0,0,0
201900004013,19,12,20,2257,5,8,9,7,4558530,515484,4,4,10,2,2,2,702,157,5,4,3,40,0,0,0,0,0
201900004014,19,1,13,1704,4,4,9,1,4547020,-333483,3,2,49,3,2,2,838,362,8,5,4,28,0,0,0,0,0
201900004015,19,10,9,741,2,9,5,4,4744178,207731,1,1,37,3,2,3,701,628,8,3,2,77,0,0,0,0,0
201900004016,19,4,3,1030,3,6,7,1,4547293,-273398,2,4,52,2,2,3,268,889,7,1,3,99,0,0,0,0,0
201900004017,19,4,28,1559,4,9,7,6,4420521,440883,4,1,18,1,4,2,422,564,9,1,5,12,0,0,0,0,0
201900004018,19,12,5,1658,2,2,1,4,4974470,658450,6,4,47,3,2,4,420,73,7,4,5,2,0,0,0,0,0
201900004019,19,2,15,1655,5,6,1,1,4742740,-305431,4,3,10,2,2,3,692,171,2,4,3,31,0,0,0,0,0
201900004020,19,8,23,1111,2,6,2,7,4969637,544940,3,4,23,3,2,1,601,408,7,4,2,88,0,0,0,0,0
201900004021,19,2,17,896,4,5,5,1,4693057,-220563,9,1,28,1,3,4,371,317,9,1,3,88,0,0,0,0,0
201900004022,19,5,27,1434,1,2,8,5,4641244,-175410,2,1,25,3,4,2,101,71,5,3,3,61,0,0,0,0,0
201900004023,19,2,12,1222,1,1,1,1,4712513,123570,1,3,53,1,1,1,102,510,6,3,4,17,0,0,0,0,0
201900004024,19,9,17,519,2,5,2,3,4623165,497274,7,2,34,2,3,4,760,880,6,5,2,93,0,0,0,0,0
201900004025,19,11,20,1342,4,3,9,7,4780622,209575,6,3,39,3,1,1,396,713,7,1,3,6,0,0,0,0,0
201900004026,19,3,25,435,4,4,7,7,4933156,300907,9,3,17,2,4,3,882,511,3,4,3,43,0,0,0,0,0
201900004027,19,12,19,28,5,2,2,3,4457297,-261309,8,4,26,3,1,2,128,364,7,4,2,21,0,0,0,0,0
201900004028,19,11,28,1326,1,6,6,1,4454139,253242,6,3,47,3,1,1,875,171,6,2,2,11,0,0,0,0,0
201900004029,19,5,20,1373,1,8,5,4,4563787,-30281,9,2,42,3,4,2,286,174,8,4,4,28,0,0,0,0,0
201900004030,19,1,16,1286,4,9,2,1,4658111,99909,3,2,28,3,4,1,602,232,2,5,2,50,0,0,0,0,0
201900004031,19,10,18,890,5,1,9,6,4770717,97328,4,4,41,2,2,3,751,639,1,6,2,54,0,0,0,0,0
201900004032,19,8,27,1107,3,3,6,7,4545945,143870,5,4,24,3,2,3,797,443,1,6,5,0,0,0,0,0,0
201900004033,19,10,10,2294,5,7,3,7,4990273,-101397,3,3,22,3,3,2,305,86,5,4,1,8,0,0,0,0,0
201900004034,19,6,5,2139,2,3,6,1,4835364,208905,4,4,9,2,4,1,76,65,8,5,4,81,0,0,0,0,0
201900004035,19,5,11,271,1,1,8,5,4718733,-85087,1,4,19,2,3,2,39,659,4,7,1,37,0,0,0,0,0
201900004036,19,1,16,1264,1,3,1,5,4534764,-302270,9,3,4,2,1,3,816,63,2,2,4,69,0,0,0,0,0
201900004037,19,5,6,835,1,9,6,4,4957637,270124,6,3,50,1,4,3,395,292,4,2,3,73,0,0,0,0,0
201900004038,19,3,26,641,5,8,9,1,4909921,343779,9,4,52,1,2,1,76,697,2,7,4,28,0,0,0,0,0
201900004039,19,10,11,1605,1,8,2,5,4430315,311740,7,2,47,3,2,3,731,323,2,6,2,10,0,0,0,0,0
201900004040,19,11,19,444,4,5,7,4,4439736,-28054,1,4,18,2,2,1,107,125,6,7,2,86,0,0,0,0,0
201900004041,19,4,22,311,3,2,7,6,4669538,181961,8,2,18,1,1,1,642,75,2,6,4,1,0,0,0,0,0
201900004042,19,11,7,1913,5,5,1,3,4912320,-297605,1,1,39,1,2,4,779,686,1,5,3,0,0,0,0,0,0
201900004043,19,11,18,2123,5,5,5,4,4779326,-289991,2,3,28,2,2,3,703,762,5,3,2,2,0,0,0,0,0
201900004044,19,7,7,1238,1,1,7,1,4624395,107134,9,3,19,3,1,1,279,464,1,7,4,10,0,0,0,0,0
201900004045,19,5,3,1607,4,2,3,4,4411290,415551,6,1,0,1,3,2,875,610,8,1,5,82,0,0,0,0,0
201900004046,19,12,14,1728,4,9,4,1,4775779,611440,5,1,33,1,3,2,580,15,7,7,5,21,0,0,0,0,0
201900004047,19,5,9,1412,2,4,6,5,4796820,219969,6,2,52,2,4,2,185,806,8,7,2,63,0,0,0,0,0
201900004048,19,9,13,1129,4,5,1,3,4541231,-319845,9,4,9,2,4,3,128,537,4,4,3,58,0,0,0,0,0
201900004049,19,10,16,2167,2,7,2,2,4571927,-169183,6,2,19,2,3,4,453,687,9,7,3,9,0,0,0,0,0
201900004050,19,10,19,1913,4,3,3,2,4569973,-94745,7,3,23,3,1,4,619,861,6,4,1,18,0,0,0,0,0
201900004051,19,4,7,1503,3,7,3,3,4932137,-144962,4,1,46,3,4,4,892,198,7,6,4,87,0,0,0,0,0
201900004052,19,8,27,612,3,7,4,5,4445338,-384339,3,2,40,3,4,2,105,472,3,7,3,72,0,0,0,0,0
201900004053,19,12,11,1733,5,8,4,7,4438663,208109,7,1,41,2,1,3,518,375,2,4,4,22,0,0,0,0,0
201900004054,19,5,18,646,2,7,8,3,4778347,536164,6,3,23,2,4,1,335,650,5,3,1,57,0,0,0,0,0
201900004055,19,3,28,1486,2,9,6,6,4760952,-365988,6,4,40,2,1,3,703,742,2,1,5,12,0,0,0,0,0
201900004056,19,5,15,1593,2,8,3,6,4735507,328321,6,4,31,2,4,3,422,696,7,2,1,3,0,0,0,0,0
201900004057,19,12,7,1993,5,8,9,1,4907288,-141705,7,1,51,1,1,4,213,896,4,1,3,8,0,0,0,0,0
201900004058,19,10,22,879,3,3,7,6,4767305,130757,8,2,24,3,2,3,732,346,2,2,3,6,0,0,0,0,0
201900004059,19,11,25,1456,4,9,3,6,4538763,604540,5,1,43,1,3,1,189,424,6,4,3,83,0,0,0,0,0
201900004060,19,12,14,1349,5,7,6,5,4554374,-189902,4,1,23,1,4,4,650,835,7,7,4,95,0,0,0,0,0
201900004061,19,1,27,1017,4,5,8,7,4427937,379832,5,2,1,3,2,4,899,671,5,5,2,43,0,0,0,0,0
201900004062,19,10,9,1414,2,6,6,4,4844253,-97527,1,4,35,3,3,3,6,467,4,3,5,40,0,0,0,0,0
201900004063,19,1,28,898,2,1,5,2,4810019,577196,4,1,13,3,1,4,93,246,7,6,4,96,0,0,0,0,0
201900004064,19,4,19,1581,4,1,2,5,4863784,27956,1,4,28,1,4,2,246,961,7,5,4,28,0,0,0,0,0
201900004065,19,2,23,1824,5,8,9,6,4626827,347102,8,3,14,1,3,3,784,188,6,7,2,34,0,0,0,0,0
201900004066,19,5,18,2327,3,3,8,1,4575971,-132079,3,3,40,3,4,2,551,271,1,1,3,19,0,0,0,0,0
201900004067,19,4,13,178,3,5,6,1,4694726,499757,2,1,11,2,3,4,768,239,3,1,3,98,0,0,0,0,0
201900004068,19,8,16,1607,3,3,8,4,4622370,-43215,5,2,36,3,2,3,835,178,7,2,5,5,0,0,0,0,0
201900004069,19,7,4,533,1,1,1,1,4438752,244446,3,3,32,3,3,1,211,878,4,2,3,0,0,0,0,0,0
201900004070,19,6,7,1902,4,8,4,6,4913725,459901,9,3,39,2,4,1,652,135,8,7,2,19,0,0,0,0,0
201900004071,19,10,21,1318,4,2,8,6,4914744,-29573,1,3,9,3,1,4,738,456,3,2,2,41,0,0,0,0,0
201900004072,19,3,11,1188,5,6,4,2,4574207,-278940,6,3,9,3,1,3,135,884,5,7,2,70,0,0,0,0,0
201900004073,19,11,24,1957,4,3,2,2,4880375,-360652,7,3,0,3,1,1,18,489,1,4,2,11,0,0,0,0,0
201900004074,19,2,25,1249,2,6,7,7,4457147,-236130,1,2,46,2,4,3,331,522,8,4,4,63,0,0,0,0,0
201900004075,19,12,22,580,2,2,2,3,4415251,46926,6,4,5,3,1,1,223,47,8,7,1,15,0,0,0,0,0
201900004076,19,3,28,1235,2,6,3,1,4825906,402402,4,2,11,1,3,3,532,194,2,2,5,25,0,0,0,0,0
201900004077,19,1,19,786,3,3,2,2,4535830,461833,5,3,12,2,3,3,239,330,2,6,4,51,0,0,0,0,0
201900004078,19,12,28,137,5,3,8,6,4991728,140303,4,2,5,2,2,4,131,130,6,3,5,23,0,0,0,0,0
201900004079,19,8,17,419,3,9,9,6,4860634,197086,2,2,7,2,2,1,791,950,6,4,4,72,0,0,0,0,0
201900004080,19,3,15,2007,2,8,8,2,4794071,183188,5,1,2,2,4,4,302,233,7,1,4,27,0,0,0,0,0
201900004081,19,11,17,1490,4,5,4,4,4472746,522305,4,4,12,2,3,3,841,415,9,2,3,59,0,0,0,0,0
201900004082,19,7,5,1513,2,2,8,2,4840768,457224,4,1,46,1,3,3,641,523,1,5,4,75,0,0,0,0,0
201900004083,19,7,26,417,4,2,3,3,4825973,434738,3,1,11,1,1,3,550,204,3,7,4,41,0,0,0,0,0
201900004084,19,6,4,1332,4,3,1,6,4669207,278844,8,3,6,2,1,1,565,664,3,6,3,34,0,0,0,0,0
201900004085,19,5,22,2260,4,9,6,5,4830167,284614,9,4,32,1,2,1,621,480,5,1,5,92,0,0,0,0,0
201900004086,19,9,17,133,4,3,3,6,4428719,-326869,9,3,35,1,1,3,137,197,1,3,2,11,0,0,0,0,0
201900004087,19,2,17,305,4,4,4,5,4648904,-319967,5,1,21,3,4,1,391,523,3,7,2,27,0,0,0,0,0
201900004088,19,2,27,2304,2,4,7,6,4929992,549582,3,4,38,3,4,2,250,728,7,3,1,75,0,0,0,0,0
201900004089,19,10,17,2151,3,9,5,5,4409940,647788,3,4,22,3,3,1,813,296,6,4,4,70,0,0,0,0,0
201900004090,19,5,23,652,2,1,3,5,4483410,189861,3,1,45,2,2,4,1,487,9,4,3,59,0,0,0,0,0
201900004091,19,8,17,1044,2,6,8,5,4418488,537331,4,2,28,1,3,3,859,173,4,6,5,9,0,0,0,0,0
201900004092,19,9,27,1945,1,8,1,4,4578355,628775,6,3,16,1,1,1,473,102,8,3,4,65,0,0,0,0,0
201900004093,19,8,9,720,3,5,5,3,4540509,274251,1,4,28,3,1,2,904,508,8,4,5,37,0,0,0,0,0
201900004094,19,6,11,65,1,6,4,6,4849288,398067,9,1,13,2,2,4,203,460,6,3,1,5,0,0,0,0,0
201900004095,19,9,12,39,1,8,6,4,4920343,-183925,2,1,52,3,1,1,119,503,7,4,4,24,0,0,0,0,0
201900004096,19,2,15,212,2,4,9,1,4984951,-148187,5,4,10,2,4,2,662,591,9,6,2,88,0,0,0,0,0
201900004097,19,8,26,1526,4,1,1,7,4734190,434888,3,1,33,3,2,1,483,13,9,2,4,42,0,0,0,0,0
201900004098,19,5,14,1254,3,9,6,7,4663209,-287062,1,2,41,2,2,1,282,578,2,3,1,87,0,0,0,0,0
201900004099,19,3,17,1798,5,8,1,6,4898603,66376,4,2,34,1,4,3,887,110,4,4,5,70,0,0,0,0,0
201900004100,19,12,15,1077,5,9,9,7,4986035,-254342,7,3,0,3,2,1,481,79,9,5,2,20,0,0,0,0,0
201900004101,19,12,20,187,2,7,5,6,4656084,391052,9,3,36,3,2,4,297,72,5,7,3,41,0,0,0,0,0
201900004102,19,6,20,14,1,6,6,2,4572684,-169944,2,3,39,3,2,2,293,430,6,4,5,33,0,0,0,0,0
201900004103,19,6,2,1566,2,8,1,1,4804312,-159546,3,4,4,3,2,4,510,800,2,7,3,42,0,0,0,0,0
201900004104,19,3,7,1384,3,1,3,5,4889633,317244,9,3,14,3,3,4,157,512,8,7,2,14,0,0,0,0,0
201900004105,19,10,3,2306,1,6,3,7,4966056,-368206,2,4,7,2,2,1,113,202,3,1,2,83,0,0,0,0,0
201900004106,19,5,27,942,3,8,2,1,4988752,246660,4,1,51,3,2,1,198,944,3,2,5,84,0,0,0,0,0
201900004107,19,12,19,1501,3,8,5,1,4698310,285852,4,4,4,2,3,1,254,378,1,2,2,73,0,0,0,0,0
201900004108,19,12,19,1810,1,5,5,5,4802573,-202895,1,3,23,2,2,1,195,790,2,1,3,68,0,0,0,0,0
201900004109,19,5,22,269,1,3,4,5,4893062,-392997,8,2,12,3,1,3,229,689,3,2,4,14,0,0,0,0,0
201900004110,19,4,6,43,5,5,8,3,4662598,456120,6,2,30,1,1,1,407,656,3,4,5,70,0,0,0,0,0
201900004111,19,12,23,2322,2,2,2,3,4580398,228512,2,1,9,1,2,4,666,3,4,7,3,56,0,0,0,0,0
201900004112,19,8,18,572,2,4,7,4,4491585,628721,6,3,35,3,2,3,283,30,8,7,2,59,0,0,0,0,0
201900004113,19,12,20,349,4,9,9,3,4991535,-17192,2,1,26,3,4,3,875,868,7,4,5,82,0,0,0,0,0
201900004114,19,11,2,1302,3,2,8,7,4624522,283410,3,2,4,1,2,2,754,457,6,3,3,42,0,0,0,0,0
201900004115,19,8,26,1770,1,4,3,1,4435614,-113582,5,1,13,3,3,1,743,339,1,5,3,33,0,0,0,0,0
201900004116,19,8,22,1370,4,4,6,6,4604482,-329735,5,3,34,3,4,2,864,603,8,1,2,17,0,0,0,0,0
201900004117,19,1,10,2249,2,2,2,3,4745703,-103369,5,4,15,2,2,3,497,376,8,6,5,56,0,0,0,0,0
201900004118,19,10,6,1939,4,9,2,6,4876822,641393,7,4,42,3,1,2,40,215,5,5,1,32,0,0,0,0,0
201900004119,19,5,18,1302,5,8,6,3,4853480,217183,6,1,6,2,2,3,652,893,2,7,3,17,0,0,0,0,0
201900004120,19,10,15,518,4,1,2,1,4579816,-312759,9,2,7,1,3,1,201,959,8,7,5,91,0,0,0,0,0
201900004121,19,8,15,460,1,4,2,1,4530120,-24282,6,4,48,3,2,4,349,552,9,3,4,17,0,0,0,0,0
201900004122,19,12,2,1658,5,9,3,7,4962111,363573,3,3,3,2,1,3,293,967,4,7,4,17,0,0,0,0,0
201900004123,19,12,10,1773,5,8,6,2,4655318,-150586,6,4,14,3,2,4,54,99,6,7,2,64,0,0,0,0,0
201900004124,19,12,3,561,2,1,9,1,4968655,-339784,4,2,35,1,1,4,750,158,7,4,2,60,0,0,0,0,0
201900004125,19,3,16,1347,5,6,5,1,4916083,-162054,6,2,1,3,4,1,367,413,5,7,2,75,0,0,0,0,0
201900004126,19,8,5,492,5,8,8,4,4692441,-104598,6,3,13,1,1,4,319,487,1,4,3,7,0,0,0,0,0
201900004127,19,1,3,2354,3,4,3,4,4623485,160442,6,2,33,3,3,4,259,167,9,2,1,62,0,0,0,0,0
201900004128,19,10,22,2078,4,4,4,2,4407577,16254,7,2,51,3,1,1,359,988,1,5,3,15,0,0,0,0,0
201900004129,19,5,24,367,4,3,4,4,4547340,-323647,4,2,51,2,3,2,11,868,2,7,3,18,0,0,0,0,0
201900004130,19,6,26,556,5,3,1,2,4998942,610533,4,1,0,3,2,2,502,660,7,2,3,27,0,0,0,0,0
201900004131,19,7,15,411,2,7,7,3,4828018,431505,3,2,14,2,4,3,61,565,1,5,5,99,0,0,0,0,0
201900004132,19,8,18,1586,3,3,3,2,4787342,632926,8,4,31,2,4,3,406,666,1,6,5,21,0,0,0,0,0
201900004133,19,5,6,2342,4,9,3,7,4787031,364587,8,2,21,1,4,2,79,281,4,3,5,24,0,0,0,0,0
201900004134,19,6,18,477,2,9,5,5,4843419,281035,1,1,42,3,2,2,726,809,3,3,3,21,0,0,0,0,0
201900004135,19,2,20,2,4,7,9,4,4945735,348010,2,2,5,1,1,1,392,759,9,7,3,69,0,0,0,0,0
201900004136,19,9,24,1973,2,2,6,4,4591210,99443,4,4,20,3,2,4,450,17,5,6,4,60,0,0,0,0,0
201900004137,19,6,7,1937,5,6,4,2,4972573,-224768,8,2,17,3,2,1,629,583,9,2,4,45,0,0,0,0,0
201900004138,19,7,21,305,3,3,9,5,4433504,621927,2,2,8,1,1,3,190,100,4,7,1,24,0,0,0,0,0
201900004139,19,5,6,1624,2,9,5,3,4593369,611343,5,4,49,2,3,1,99,21,5,5,5,75,0,0,0,0,0
201900004140,19,4,18,1770,1,6,1,5,4549217,691392,5,1,22,2,2,2,173,983,3,3,4,65,0,0,0,0,0
201900004141,19,9,11,841,5,1,6,6,4559933,-213460,6,3,26,2,3,3,364,465,4,5,5,83,0,0,0,0,0
201900004142,19,2,18,2188,4,2,1,3,4576034,520536,6,3,15,2,4,4,454,533,7,3,1,86,0,0,0,0,0
201900004143,19,4,15,582,2,3,9,3,4836277,121594,5,4,2,1,4,3,860,844,4,3,5,21,0,0,0,0,0
201900004144,19,11,12,485,2,1,6,2,4964753,27308,4,4,8,2,4,1,759,849,4,2,2,5,0,0,0,0,0
201900004145,19,8,11,572,4,2,2,4,4703626,611245,9,4,46,1,1,3,731,492,9,7,4,55,0,0,0,0,0
201900004146,19,12,17,418,2,5,8,2,4771327,-26617,9,2,22,2,2,1,885,246,4,3,1,25,0,0,0,0,0
201900004147,19,4,5,1145,3,7,3,4,4522105,406489,2,4,39,1,2,1,365,187,9,4,4,25,0,0,0,0,0
201900004148,19,12,27,1384,5,3,5,3,4979985,35236,4,1,35,1,3,3,106,103,1,3,2,15,0,0,0,0,0
201900004149,19,5,14,771,1,6,5,2,4511396,-238312,5,1,3,1,4,1,48,916,6,4,1,35,0,0,0,0,0
201900004150,19,8,10,463,4,5,5,4,4815783,-56752,1,3,28,1,1,2,56,233,1,3,3,2,0,0,0,0,0
201900004151,19,7,8,2037,1,1,3,2,4949392,1187,5,3,32,3,1,1,395,508,4,7,3,36,0,0,0,0,0