Num_Acc,an,mois,jour,hrmn,lum,int,atm,col,lat,long,catr,circ,nbv,vosp,prof,plan,lartpc,larrout,surf,infra,situ,env1,unscathed,killed,hospital,light,chance
201900004152,19,8,1,1584,2,5,8,3,4495525,458829,7,2,44,2,1,4,547,26,1,6,4,43,0,0,0,0,0
201900004153,19,9,10,1269,3,8,7,6,4891553,472424,5,1,25,1,3,1,327,758,1,5,5,11,0,0,0,0,0
201900004154,19,4,20,632,2,7,9,1,4720835,647595,6,4,10,1,3,2,209,435,8,3,4,55,0,0,0,0,0
201900004155,19,5,23,571,2,1,1,1,4565162,-203825,5,3,40,1,2,2,653,730,7,2,2,75,0,0,0,0,0
201900004156,19,10,23,2084,3,5,1,6,4701427,337896,9,4,20,3,2,3,625,164,3,1,4,93,0,0,0,0,0
201900004157,19,6,27,1028,2,6,5,5,4560130,622605,6,3,31,2,1,2,570,650,4,6,5,74,0,0,0,0,0
201900004158,19,4,23,1267,1,1,6,5,4466403,-53995,4,4,2,3,3,2,421,299,1,4,4,53,0,0,0,0,0
201900004159,19,11,26,1058,1,7,2,3,4974229,667541,1,2,16,3,1,4,373,239,5,1,4,29,0,0,0,0,0
201900004160,19,6,18,95,3,8,3,1,4763995,88627,2,1,21,2,1,4,79,807,5,6,2,4,0,0,0,0,0
201900004161,19,3,16,1306,1,7,7,6,4533790,483944,8,1,48,3,1,1,267,365,5,1,1,74,0,0,0,0,0
201900004162,19,12,23,1456,4,7,7,3,4866265,419282,2,3,15,1,1,3,663,28,1,4,3,69,0,0,0,0,0
201900004163,19,1,27,135,3,3,3,1,4435166,-368188,6,1,49,2,3,2,75,397,2,2,4,85,0,0,0,0,0
201900004164,19,6,23,2126,3,3,3,6,4511551,-331379,2,1,45,2,1,2,369,628,6,4,2,53,0,0,0,0,0
201900004165,19,1,17,728,3,1,5,7,4547871,118032,4,4,4,2,3,1,422,469,6,6,4,65,0,0,0,0,0
201900004166,19,10,19,207,4,2,5,7,4657485,21477,8,1,53,3,3,1,316,883,4,1,4,37,0,0,0,0,0
201900004167,19,6,27,1037,3,4,1,2,4774336,641936,6,3,30,1,3,1,487,925,8,6,2,70,0,0,0,0,0
201900004168,19,1,22,1280,1,2,1,3,4842699,448600,9,2,9,3,4,1,8,427,1,6,2,75,0,0,0,0,0
201900004169,19,7,21,47,2,2,8,6,4900607,-69926,3,1,30,2,2,1,50,258,2,3,3,57,0,0,0,0,0
201900004170,19,8,17,2248,1,1,7,7,4586786,219923,8,4,37,1,1,1,661,747,2,5,2,52,0,0,0,0,0
201900004171,19,12,17,1891,1,7,4,7,4479151,-78218,2,4,47,1,3,1,775,364,2,7,3,18,0,0,0,0,0
201900004172,19,7,27,1460,2,2,5,3,4826476,672132,4,1,12,1,4,3,613,635,7,1,3,68,0,0,0,0,0
201900004173,19,1,28,328,4,8,2,7,4843048,636624,3,3,50,3,1,3,822,379,8,2,2,99,0,0,0,0,0
201900004174,19,7,6,2276,1,3,1,6,4436412,423795,7,3,26,3,2,1,300,622,6,1,4,83,0,0,0,0,0
201900004175,19,5,11,1042,3,3,2,5,4745687,546196,6,1,29,3,1,3,433,828,7,3,1,84,0,0,0,0,0
201900004176,19,9,18,946,3,3,4,3,4875321,40866,5,3,47,1,1,4,700,835,7,5,2,73,0,0,0,0,0
201900004177,19,12,13,1006,3,3,2,5,4970142,300914,5,3,4,3,3,4,566,117,5,4,2,19,0,0,0,0,0
201900004178,19,8,5,362,5,8,3,1,4645306,96527,9,1,10,2,1,2,690,976,8,3,2,5,0,0,0,0,0
201900004179,19,6,1,894,2,2,4,7,4952894,656265,8,2,52,1,1,1,883,822,3,7,1,95,0,0,0,0,0
201900004180,19,6,3,663,2,9,2,6,4534103,-280013,6,1,39,2,3,1,496,344,4,4,1,56,0,0,0,0,0
201900004181,19,11,8,1072,3,3,7,4,4584927,671489,4,3,4,1,1,4,208,992,2,5,3,18,0,0,0,0,0
201900004182,19,6,20,2031,2,6,4,6,4811650,549034,8,2,26,1,3,1,431,761,1,4,1,47,0,0,0,0,0
201900004183,19,11,6,1730,2,8,4,6,4868313,-204734,7,4,50,1,4,4,717,227,1,6,3,93,0,0,0,0,0
201900004184,19,11,14,1920,3,5,1,6,4419968,23994,1,4,33,2,2,2,435,432,1,1,2,26,0,0,0,0,0
201900004185,19,5,7,797,3,6,5,1,4959543,-253958,1,2,6,2,1,4,268,960,2,1,3,55,0,0,0,0,0
201900004186,19,7,22,135,1,9,8,6,4979063,238747,9,2,19,3,1,4,228,515,2,3,5,89,0,0,0,0,0
201900004187,19,2,7,134,2,2,5,6,4658057,151273,5,1,43,2,1,4,48,484,1,3,3,5,0,0,0,0,0
201900004188,19,10,24,2119,4,7,2,1,4911821,547720,6,4,12,1,4,1,613,34,9,6,3,48,0,0,0,0,0
201900004189,19,12,27,1864,2,6,6,5,4617393,213211,6,4,38,1,4,3,545,946,1,6,5,40,0,0,0,0,0
201900004190,19,10,15,2032,3,9,8,3,4787482,657066,6,2,1,2,2,1,434,901,2,7,5,4,0,0,0,0,0
201900004191,19,12,6,244,2,8,6,2,4405602,469788,1,4,5,2,4,4,436,288,7,6,4,10,0,0,0,0,0
201900004192,19,11,23,2252,5,5,3,5,4532615,-298453,3,2,18,2,3,1,149,857,4,7,1,41,0,0,0,0,0
201900004193,19,3,11,1238,4,9,3,7,4568220,673556,2,3,29,3,3,2,829,211,9,2,5,57,0,0,0,0,0
201900004194,19,1,2,2270,1,4,9,2,4435407,101192,7,4,8,1,4,3,540,741,5,4,3,7,0,0,0,0,0
201900004195,19,12,21,729,2,3,8,7,4660935,-225622,9,3,34,2,4,2,447,995,2,6,5,49,0,0,0,0,0
201900004196,19,1,13,836,5,1,2,2,4961918,284049,1,4,31,3,1,1,873,532,8,1,3,90,0,0,0,0,0
201900004197,19,1,17,879,5,6,7,7,4577717,693594,4,4,1,3,1,3,296,910,5,1,3,98,0,0,0,0,0
201900004198,19,1,20,1717,5,1,6,3,4786157,-262713,3,2,51,1,3,2,431,697,3,4,1,66,0,0,0,0,0
201900004199,19,7,5,1072,1,7,6,1,4447716,664048,5,4,17,1,4,2,644,555,1,7,1,66,0,0,0,0,0
201900004200,19,8,11,1857,1,6,3,5,4650001,357775,2,2,22,3,4,2,23,970,2,5,1,30,0,0,0,0,0
201900004201,19,4,12,1178,4,5,4,5,4662653,-4078,8,4,21,3,4,1,718,24,4,7,3,62,0,0,0,0,0
201900004202,19,4,25,61,5,9,1,6,4835866,21612,1,4,13,2,4,2,359,501,5,1,4,42,0,0,0,0,0
201900004203,19,8,15,515,4,1,8,5,4902089,670184,9,1,47,2,4,2,264,673,3,2,2,22,0,0,0,0,0
201900004204,19,4,28,1251,3,3,9,6,4467219,499381,6,1,9,2,4,3,113,904,9,5,3,12,0,0,0,0,0
201900004205,19,10,6,1528,5,3,1,6,4958182,357116,1,2,20,1,3,1,89,590,1,1,2,89,0,0,0,0,0
201900004206,19,4,5,1679,2,3,8,1,4480636,459510,6,4,42,3,3,3,158,688,3,5,3,17,0,0,0,0,0
201900004207,19,4,6,1430,3,3,9,6,4894714,217566,6,4,40,1,2,4,910,445,9,3,4,75,0,0,0,0,0
201900004208,19,1,19,1961,5,1,3,6,4611979,-41196,7,1,51,1,4,3,858,531,6,3,2,65,0,0,0,0,0
201900004209,19,4,21,1812,2,5,1,1,4636589,427061,4,3,31,3,3,2,619,351,3,5,3,29,0,0,0,0,0
201900004210,19,4,6,915,3,9,1,5,4863672,33751,1,1,29,1,2,1,163,311,4,4,1,22,0,0,0,0,0
201900004211,19,12,14,1822,5,9,6,3,4764475,123873,2,2,28,2,2,1,50,155,1,1,4,2,0,0,0,0,0
201900004212,19,1,20,843,2,7,7,1,4501171,585346,4,1,23,3,1,3,101,979,7,7,3,49,0,0,0,0,0
201900004213,19,2,5,284,1,4,4,4,4976376,81179,5,4,41,1,2,1,537,887,7,5,3,70,0,0,0,0,0
201900004214,19,3,16,990,4,6,7,1,4581273,-194326,2,4,47,1,4,3,366,113,5,6,4,24,0,0,0,0,0
201900004215,19,1,19,1139,3,3,6,1,4728088,42904,9,3,49,3,4,2,81,47,5,5,1,29,0,0,0,0,0
201900004216,19,4,15,1721,1,1,9,4,4481430,259189,1,3,41,3,3,4,324,901,4,2,5,68,0,0,0,0,0
201900004217,19,1,25,2015,3,8,7,1,4447978,587242,9,1,45,2,2,1,198,945,7,1,3,79,0,0,0,0,0
201900004218,19,8,4,670,5,8,3,3,4678014,-232214,9,4,24,1,3,1,422,409,9,1,1,75,0,0,0,0,0
201900004219,19,7,8,1366,1,8,5,2,4964997,302582,5,2,5,3,2,1,460,379,5,7,4,92,0,0,0,0,0
201900004220,19,5,8,664,4,8,4,6,4862245,-34596,3,2,24,2,1,3,208,986,5,3,5,59,0,0,0,0,0
201900004221,19,5,23,1755,1,1,4,5,4751528,685424,8,3,18,3,4,2,107,381,9,6,1,51,0,0,0,0,0
201900004222,19,10,10,896,5,8,3,7,4953333,308961,9,3,0,3,3,3,60,625,8,5,2,23,0,0,0,0,0
201900004223,19,4,11,1348,4,4,9,5,4620005,426369,2,2,22,3,4,2,123,961,4,2,3,78,0,0,0,0,0
201900004224,19,4,8,151,2,1,7,1,4505716,338918,3,2,23,3,3,2,44,329,9,5,3,5,0,0,0,0,0
201900004225,19,7,26,1737,4,7,6,4,4541249,-50592,8,2,1,1,3,1,267,735,8,3,1,51,0,0,0,0,0
201900004226,19,12,25,499,5,6,6,3,4754552,519182,3,4,10,3,4,3,698,363,1,4,4,37,0,0,0,0,0
201900004227,19,8,22,403,5,1,2,5,4872204,-4502,3,2,12,2,2,3,412,446,7,2,2,77,0,0,0,0,0
201900004228,19,5,16,222,3,1,5,2,4621735,53475,2,1,11,3,3,4,169,293,2,2,2,56,0,0,0,0,0
201900004229,19,5,22,2,1,5,4,7,4494286,470260,1,2,52,2,3,1,880,571,7,4,1,84,0,0,0,0,0
201900004230,19,5,9,1419,4,4,5,7,4554908,141774,9,1,5,1,3,1,51,602,2,4,4,30,0,0,0,0,0
201900004231,19,2,27,462,2,1,3,5,4986666,-98059,6,1,13,1,2,4,201,346,5,4,1,70,0,0,0,0,0
201900004232,19,4,6,1555,3,6,9,1,4935819,437642,5,3,35,3,1,4,320,461,3,6,3,35,0,0,0,0,0
201900004233,19,12,2,1430,4,1,4,5,4704075,516357,2,2,10,3,1,3,800,201,4,7,1,34,0,0,0,0,0
201900004234,19,6,22,504,1,8,2,1,4847573,-239413,2,1,32,1,1,1,534,585,8,6,5,37,0,0,0,0,0
201900004235,19,6,5,1044,1,1,8,7,4836062,-170764,5,2,11,2,4,3,816,609,6,2,2,52,0,0,0,0,0
201900004236,19,5,13,1344,5,5,7,5,4482916,371324,3,2,47,2,4,1,239,541,5,3,3,15,0,0,0,0,0
201900004237,19,9,16,2237,5,2,9,2,4868775,-28328,6,3,20,2,1,1,139,350,8,4,5,77,0,0,0,0,0
201900004238,19,2,6,2088,3,6,6,5,4488120,464918,1,4,1,1,2,1,804,692,2,3,4,59,0,0,0,0,0
201900004239,19,9,7,1787,5,9,8,6,4742217,-321792,4,1,26,3,2,3,694,729,9,3,1,51,0,0,0,0,0
201900004240,19,10,27,1899,4,8,2,5,4456094,-45212,2,3,26,1,2,1,470,797,4,6,2,28,0,0,0,0,0
201900004241,19,2,15,1880,1,6,6,2,4481657,226948,3,2,48,1,4,2,44,271,1,6,2,87,0,0,0,0,0
201900004242,19,7,1,1874,2,3,6,4,4742407,-114885,8,2,50,1,4,1,56,44,3,3,5,26,0,0,0,0,0
201900004243,19,8,5,1536,3,9,4,3,4432342,-11184,4,1,1,2,3,2,677,653,7,5,3,61,0,0,0,0,0
201900004244,19,11,3,1634,2,1,1,4,4887698,113285,6,3,52,3,4,1,526,342,3,3,2,17,0,0,0,0,0
201900004245,19,9,16,962,1,9,8,4,4850345,-179115,4,3,33,1,2,2,769,342,5,4,1,91,0,0,0,0,0
201900004246,19,12,19,127,3,2,8,7,4750536,180049,7,2,1,1,2,3,834,884,8,7,5,63,0,0,0,0,0
201900004247,19,10,21,1294,2,8,5,2,4914827,-360716,3,3,47,2,1,3,278,310,7,7,4,41,0,0,0,0,0
201900004248,19,1,6,1963,2,4,9,1,4657578,-391797,5,1,45,2,3,2,295,627,6,3,5,38,0,0,0,0,0
201900004249,19,12,9,1025,2,2,4,4,4465331,-16919,2,4,24,3,2,1,326,40,2,3,4,49,0,0,0,0,0
201900004250,19,5,13,649,2,3,9,1,4418402,488540,5,2,24,1,1,4,301,758,6,2,5,18,0,0,0,0,0
201900004251,19,8,28,1120,5,4,6,5,4865733,91711,7,1,13,3,1,2,755,892,1,2,1,78,0,0,0,0,0
201900004252,19,5,25,1543,4,3,4,2,4670054,353722,4,4,0,2,1,1,869,230,6,1,3,6,0,0,0,0,0
201900004253,19,10,6,512,5,4,5,2,4412185,-101345,5,2,18,3,2,2,98,132,3,2,2,76,0,0,0,0,0
201900004254,19,2,17,659,2,7,9,7,4749205,455130,8,2,16,2,4,4,123,131,5,7,5,33,0,0,0,0,0
201900004255,19,6,8,1008,1,7,5,3,4434365,193766,5,2,24,3,2,3,603,882,7,4,5,85,0,0,0,0,0
201900004256,19,9,14,1179,1,6,1,7,4810655,-41277,8,1,53,3,1,4,544,966,9,1,3,35,0,0,0,0,0
201900004257,19,10,22,1523,1,2,6,4,4942951,513245,1,2,9,3,1,2,453,978,4,6,2,50,0,0,0,0,0
201900004258,19,2,16,438,5,1,3,3,4953189,367933,6,4,23,3,2,4,778,248,6,5,5,28,0,0,0,0,0
201900004259,19,11,26,2214,4,5,6,5,4975043,406670,4,1,13,2,4,4,139,214,9,4,5,11,0,0,0,0,0
201900004260,19,1,12,1603,5,6,7,2,4710713,-305919,2,4,9,1,3,1,508,587,6,7,3,59,0,0,0,0,0
201900004261,19,7,9,540,5,4,5,1,4407392,70025,5,3,50,2,1,4,533,224,5,5,1,13,0,0,0,0,0
201900004262,19,11,13,1682,1,2,3,2,4749566,-111289,8,4,43,1,1,3,821,126,6,7,5,61,0,0,0,0,0
201900004263,19,1,27,507,2,5,4,6,4502118,602559,6,1,28,1,3,2,390,7,9,5,3,67,0,0,0,0,0
201900004264,19,2,12,1871,3,1,9,5,4522818,506395,6,1,3,1,1,2,813,960,3,5,4,6,0,0,0,0,0
201900004265,19,4,5,1025,1,7,7,4,4537051,-129563,9,3,29,2,4,3,178,355,6,6,5,59,0,0,0,0,0
201900004266,19,10,21,275,3,8,1,3,4715885,-296600,9,3,40,2,1,4,612,415,7,2,4,70,0,0,0,0,0
201900004267,19,3,27,1641,3,7,9,1,4954664,402241,9,4,3,1,1,2,389,910,9,6,1,10,0,0,0,0,0
201900004268,19,10,13,54,1,2,4,2,4600428,432100,6,3,49,2,1,1,698,391,8,3,4,39,0,0,0,0,0
201900004269,19,9,10,1415,2,9,8,2,4499645,83504,3,4,52,2,2,3,809,626,4,1,5,91,0,0,0,0,0
201900004270,19,4,25,1059,1,9,2,2,4939890,-224870,9,1,32,1,4,4,590,176,1,3,5,0,0,0,0,0,0
201900004271,19,3,22,838,4,9,5,5,4602161,-137778,8,1,20,2,1,3,907,452,5,3,4,89,0,0,0,0,0
201900004272,19,5,4,698,3,2,8,3,4546827,224881,3,1,16,1,3,4,542,310,1,5,3,89,0,0,0,0,0
201900004273,19,8,16,1269,2,1,1,7,4464756,181505,8,3,49,3,2,4,697,491,3,3,4,73,0,0,0,0,0
201900004274,19,11,5,1180,1,4,2,5,4892705,66794,8,2,49,2,1,4,347,834,6,2,4,0,0,0,0,0,0
201900004275,19,8,23,1119,2,3,6,6,4983167,682779,8,2,38,2,1,1,826,19,6,2,1,92,0,0,0,0,0
201900004276,19,10,2,464,1,5,6,7,4574920,159796,6,4,45,2,4,1,693,35,9,2,5,6,0,0,0,0,0
201900004277,19,8,20,79,2,9,2,3,4538801,698695,1,1,13,2,3,2,369,870,1,1,3,91,0,0,0,0,0
201900004278,19,2,9,991,2,3,7,1,4990480,421401,2,3,8,1,2,3,374,157,3,6,1,6,0,0,0,0,0
201900004279,19,8,27,402,3,4,4,1,4411475,-51604,2,4,49,3,2,3,481,31,4,6,3,27,0,0,0,0,0
201900004280,19,6,12,1206,2,5,5,6,4746441,690066,9,3,27,2,1,4,773,749,5,1,1,93,0,0,0,0,0
201900004281,19,1,17,592,4,5,7,5,4674004,314969,5,3,30,2,2,1,311,660,2,3,5,13,0,0,0,0,0
201900004282,19,5,18,1659,5,9,4,1,4828749,-6246,4,1,26,3,3,4,369,988,3,2,3,73,0,0,0,0,0
201900004283,19,4,10,118,3,8,5,1,4446293,-270178,3,4,44,3,3,1,19,868,3,5,2,25,0,0,0,0,0
201900004284,19,1,24,226,2,8,8,2,4513053,435480,4,1,28,1,4,1,883,78,2,4,2,95,0,0,0,0,0
201900004285,19,1,14,1369,5,5,9,5,4802441,699932,5,4,27,1,2,2,449,320,2,6,4,22,0,0,0,0,0
201900004286,19,8,13,696,4,9,4,4,4676023,-246109,6,1,53,2,1,4,152,120,5,5,4,27,0,0,0,0,0
201900004287,19,1,1,1024,3,1,1,4,4731416,422485,9,3,41,3,2,1,231,114,1,2,2,97,0,0,0,0,0
201900004288,19,3,8,2319,4,6,8,7,4828845,434325,3,1,3,3,4,4,752,716,3,5,2,85,0,0,0,0,0
201900004289,19,2,6,1683,4,1,6,7,4488692,521421,5,2,21,2,3,1,324,340,6,6,5,92,0,0,0,0,0
201900004290,19,11,21,282,2,6,2,4,4420202,573528,1,2,8,2,3,1,374,257,4,4,1,79,0,0,0,0,0
201900004291,19,7,24,341,3,7,6,4,4632571,-211850,7,1,32,1,3,3,694,102,5,4,5,84,0,0,0,0,0
201900004292,19,6,17,176,4,4,4,7,4637417,17082,6,1,51,2,2,4,56,671,8,3,2,65,0,0,0,0,0
201900004293,19,8,27,1973,5,6,1,2,4730464,638590,1,3,19,3,2,2,838,320,7,5,2,62,0,0,0,0,0
201900004294,19,4,10,195,2,4,4,7,4772024,8749,2,2,34,1,3,2,167,489,6,5,2,92,0,0,0,0,0
201900004295,19,5,27,778,3,9,8,2,4453593,558153,3,1,21,3,1,2,310,469,4,3,4,92,0,0,0,0,0
201900004296,19,7,13,1393,2,8,6,3,4659200,642533,2,3,18,3,1,2,547,445,7,5,2,8,0,0,0,0,0
201900004297,19,11,21,390,5,1,6,2,4829896,245907,8,2,48,2,2,1,652,93,9,6,4,44,0,0,0,0,0
201900004298,19,8,5,1120,5,6,3,7,4894836,-73136,4,3,18,3,4,2,116,516,8,4,5,67,0,0,0,0,0
201900004299,19,10,20,1887,3,4,1,4,4719632,-31126,1,3,32,1,3,2,357,964,4,4,4,95,0,0,0,0,0
201900004300,19,2,20,2205,4,6,4,2,4846724,-23529,5,1,34,1,3,2,285,482,9,3,2,84,0,0,0,0,0
201900004301,19,10,17,1352,4,5,4,3,4784605,690504,4,1,9,2,4,1,493,659,9,2,3,68,0,0,0,0,0
201900004302,19,7,7,1185,5,3,8,1,4602135,579578,4,3,18,2,4,4,88,257,8,7,2,88,0,0,0,0,0
201900004303,19,4,25,165,1,7,4,1,4757877,226278,1,1,35,3,1,2,783,954,3,5,3,76,0,0,0,0,0
201900004304,19,1,16,1854,4,6,7,7,4458904,386883,8,4,12,2,3,3,622,226,1,2,4,46,0,0,0,0,0
201900004305,19,9,27,753,1,4,5,3,4408482,407021,8,2,51,3,1,2,125,523,6,1,2,60,0,0,0,0,0
201900004306,19,11,25,1638,2,9,1,7,4903525,-354072,1,2,4,2,4,4,231,334,1,4,3,78,0,0,0,0,0
201900004307,19,12,26,675,3,9,1,4,4863513,405916,1,4,21,1,2,3,359,625,6,7,2,74,0,0,0,0,0
201900004308,19,11,18,1361,2,7,7,1,4487132,330472,6,4,19,1,4,2,414,836,8,7,3,94,0,0,0,0,0
201900004309,19,2,5,976,5,6,1,1,4814062,480683,7,4,35,1,1,1,502,784,2,7,5,22,0,0,0,0,0
201900004310,19,9,14,128,5,6,8,3,4976529,-390847,2,3,6,3,4,1,130,782,2,2,5,54,0,0,0,0,0
201900004311,19,6,19,309,3,6,9,5,4955202,8591,7,3,11,2,2,3,318,45,3,6,2,73,0,0,0,0,0
201900004312,19,12,8,924,2,8,4,2,4744605,578367,5,1,15,1,1,3,388,967,2,4,2,28,0,0,0,0,0
201900004313,19,10,14,2114,2,3,4,1,4698883,-148668,3,2,13,2,3,3,779,900,3,4,3,36,0,0,0,0,0
201900004314,19,7,5,1313,2,4,8,2,4876202,97432,1,1,30,3,1,1,590,745,6,7,3,46,0,0,0,0,0
201900004315,19,8,1,2145,2,4,3,4,4969097,368057,6,1,13,3,2,2,370,434,3,1,1,58,0,0,0,0,0
201900004316,19,5,13,305,3,9,6,5,4800874,-63363,1,2,12,3,3,4,445,365,6,3,3,29,0,0,0,0,0
201900004317,19,6,8,2196,1,5,3,4,4546167,116784,1,3,48,2,3,2,601,239,5,3,3,1,0,0,0,0,0
201900004318,19,5,19,1263,5,2,8,7,4986177,681113,4,1,39,1,1,4,366,255,5,7,1,98,0,0,0,0,0
201900004319,19,10,11,988,4,5,3,1,4787371,325908,4,2,38,1,2,3,368,172,3,7,2,37,0,0,0,0,0
201900004320,19,9,10,1207,1,1,9,1,4816712,547589,1,2,18,3,3,2,224,850,6,2,3,8,0,0,0,0,0
201900004321,19,9,21,1020,4,4,2,5,4821532,632963,2,3,6,3,1,2,616,340,7,3,3,60,0,0,0,0,0
201900004322,19,1,13,2219,2,1,4,3,4674968,222366,4,2,52,3,3,1,205,84,1,5,1,31,0,0,0,0,0
201900004323,19,7,24,1195,2,6,6,6,4413642,-59654,1,3,23,2,4,2,262,580,4,4,1,56,0,0,0,0,0
201900004324,19,1,19,236,5,6,9,2,4682618,-373349,9,1,16,3,2,3,749,531,5,3,3,46,0,0,0,0,0
201900004325,19,3,3,2143,4,7,8,2,4730322,426669,6,1,23,3,3,4,861,519,6,5,4,13,0,0,0,0,0
201900004326,19,7,13,471,2,4,1,6,4468130,167890,1,2,47,2,1,3,865,935,4,3,3,1,0,0,0,0,0
201900004327,19,9,27,826,4,8,8,1,4540648,319138,4,1,20,2,1,1,490,782,9,1,3,77,0,0,0,0,0
201900004328,19,7,15,572,2,4,5,4,4449541,16035,3,2,3,1,2,2,161,624,8,4,2,42,0,0,0,0,0
201900004329,19,2,5,1551,2,9,5,6,4900920,591477,5,4,42,3,2,2,545,929,6,4,3,98,0,0,0,0,0
201900004330,19,8,24,1129,5,6,2,7,4640021,-95406,1,1,34,3,2,4,862,808,3,2,3,7,0,0,0,0,0
201900004331,19,11,17,1641,2,3,5,1,4970959,215612,8,4,51,2,4,1,303,404,5,4,4,63,0,0,0,0,0
201900004332,19,12,24,840,3,2,3,1,4579377,435073,7,2,34,2,4,4,723,34,9,2,2,60,0,0,0,0,0
201900004333,19,7,22,1018,5,1,5,5,4485308,594898,7,1,18,1,2,2,586,771,6,2,3,67,0,0,0,0,0
201900004334,19,7,13,767,4,8,5,6,4588124,575717,8,1,30,1,2,2,267,542,9,6,4,68,0,0,0,0,0
201900004335,19,6,24,208,4,2,3,3,4516928,597385,2,3,49,3,1,2,545,173,5,3,4,77,0,0,0,0,0
201900004336,19,7,3,2066,3,4,4,2,4875053,-89874,4,1,30,3,4,4,382,742,5,5,3,30,0,0,0,0,0
201900004337,19,3,14,1933,4,4,9,1,4676854,-397078,4,2,18,2,2,3,61,803,7,1,1,33,0,0,0,0,0
201900004338,19,1,24,1523,5,1,6,4,4413304,353767,1,3,52,3,3,2,818,239,8,3,5,2,0,0,0,0,0
201900004339,19,8,13,1516,3,7,9,5,4812397,115079,7,2,46,1,3,1,767,889,3,7,1,34,0,0,0,0,0
201900004340,19,5,11,576,2,6,7,2,4778580,477840,4,4,7,1,1,2,702,667,5,7,3,2,0,0,0,0,0
201900004341,19,10,11,2340,3,8,7,2,4759025,383368,7,2,0,1,1,4,722,665,2,1,4,95,0,0,0,0,0
201900004342,19,10,6,1296,2,3,8,4,4887143,89251,6,4,14,3,2,4,855,710,9,4,1,34,0,0,0,0,0
201900004343,19,4,23,347,5,2,7,6,4875446,457462,8,1,12,2,1,3,728,18,8,4,3,22,0,0,0,0,0
201900004344,19,2,1,837,3,5,9,5,4789711,-31661,1,3,43,1,4,1,128,211,1,3,1,57,0,0,0,0,0
201900004345,19,6,1,1986,4,5,3,7,4482228,-356826,6,2,52,2,1,3,487,866,6,7,4,0,0,0,0,0,0
201900004346,19,7,28,575,2,1,1,7,4940373,-169151,5,4,49,2,2,1,177,571,3,2,2,91,0,0,0,0,0
201900004347,19,11,11,376,2,5,6,7,4873279,-270003,5,1,20,1,1,4,127,204,2,2,4,39,0,0,0,0,0
201900004348,19,10,10,1083,4,3,8,3,4873395,-345259,8,4,23,2,2,3,692,24,8,2,1,80,0,0,0,0,0
201900004349,19,8,11,202,1,9,8,1,4835955,35460,1,3,31,2,1,4,827,602,7,2,1,89,0,0,0,0,0
201900004350,19,5,5,1047,4,8,8,3,4958037,-33235,2,1,27,3,4,1,34,192,7,2,2,44,0,0,0,0,0
201900004351,19,2,5,375,1,2,9,6,4491817,-9702,1,4,17,2,1,3,419,388,9,6,1,90,0,0,0,0,0
201900004352,19,1,13,1019,4,5,9,5,4505664,-263727,2,2,19,3,2,4,220,939,5,5,4,2,0,0,0,0,0
201900004353,19,8,22,2012,4,8,8,4,4436051,-199413,8,2,23,1,4,4,292,718,1,3,4,22,0,0,0,0,0
201900004354,19,2,21,1480,4,3,7,5,4975170,-283544,9,1,15,1,1,3,739,78,8,6,4,30,0,0,0,0,0
201900004355,19,1,20,97,5,7,8,3,4412284,572562,6,4,5,1,3,4,856,614,8,7,5,88,0,0,0,0,0
201900004356,19,2,5,2238,4,8,4,2,4647453,-389873,2,3,10,3,2,1,881,550,3,1,1,88,0,0,0,0,0
201900004357,19,6,13,868,1,7,1,7,4701818,-323600,8,3,33,3,4,4,632,627,6,7,4,28,0,0,0,0,0
201900004358,19,2,26,681,2,4,8,4,4809803,-133923,7,3,0,3,1,1,87,278,3,3,5,36,0,0,0,0,0
201900004359,19,7,10,2056,3,4,9,3,4647382,574399,9,4,36,1,1,3,219,733,2,7,5,13,0,0,0,0,0
201900004360,19,1,4,1271,1,4,4,1,4515411,-236863,2,3,33,1,3,1,110,983,6,4,4,96,0,0,0,0,0
201900004361,19,11,11,1271,1,6,6,6,4565003,423823,5,2,13,1,4,3,439,409,5,2,5,66,0,0,0,0,0
201900004362,19,4,18,2215,1,3,8,5,4495772,549124,8,1,27,1,1,3,138,745,6,5,3,93,0,0,0,0,0
201900004363,19,2,23,1933,3,1,8,1,4537891,332804,9,1,51,3,3,2,776,803,7,3,4,68,0,0,0,0,0
201900004364,19,1,8,835,5,3,1,6,4823061,-97376,1,2,37,2,2,1,749,720,3,1,5,83,0,0,0,0,0
201900004365,19,1,28,1924,5,3,7,5,4630647,-177575,5,3,29,3,3,3,683,583,5,3,4,24,0,0,0,0,0