Num_Acc,an,mois,jour,hrmn,lum,int,atm,col,lat,long,catr,circ,nbv,vosp,prof,plan,lartpc,larrout,surf,infra,situ,env1,unscathed,killed,hospital,light,chance
201900004366,19,3,28,1075,1,5,6,7,4422622,50072,8,1,50,2,3,2,403,75,1,2,5,3,0,0,0,0,0
201900004367,19,6,10,1525,3,5,5,4,4823719,543628,3,1,0,3,3,2,901,867,1,4,2,77,0,0,0,0,0
201900004368,19,1,11,1622,2,8,7,6,4481117,-381324,9,4,27,3,4,4,724,917,8,2,5,96,0,0,0,0,0
201900004369,19,2,23,2082,4,2,4,5,4700760,135087,9,4,36,2,1,3,502,862,4,5,5,69,0,0,0,0,0
201900004370,19,3,20,902,4,1,7,1,4894250,262812,7,4,39,3,1,3,569,195,4,3,1,48,0,0,0,0,0
201900004371,19,7,16,1927,1,8,2,1,4878895,112351,8,4,47,1,3,3,313,751,9,3,2,0,0,0,0,0,0
201900004372,19,11,23,1597,1,3,8,5,4596970,198906,6,2,24,1,2,2,785,327,1,5,3,36,0,0,0,0,0
201900004373,19,6,13,1371,3,6,9,7,4936879,-28903,6,1,40,2,3,2,851,422,8,2,5,34,0,0,0,0,0
201900004374,19,6,21,1621,3,5,2,5,4935530,-257698,5,2,0,2,2,3,313,377,5,6,3,87,0,0,0,0,0
201900004375,19,11,6,799,1,8,6,1,4654194,-32445,4,3,5,3,3,4,577,124,8,7,2,48,0,0,0,0,0
201900004376,19,11,5,2342,3,5,4,5,4410653,-339314,7,4,44,2,2,1,95,60,2,3,1,19,0,0,0,0,0
201900004377,19,9,20,2199,2,4,5,4,4669662,259271,5,3,28,1,1,1,569,916,5,3,5,43,0,0,0,0,0
201900004378,19,4,27,2329,3,1,5,1,4438855,668393,1,4,34,2,4,3,242,687,8,5,1,82,0,0,0,0,0
201900004379,19,7,10,1057,5,7,3,5,4564353,91597,7,4,34,1,2,4,894,883,4,2,1,35,0,0,0,0,0
201900004380,19,11,19,18,1,9,6,5,4833089,254474,7,1,9,1,4,2,63,783,5,3,1,47,0,0,0,0,0
201900004381,19,4,6,266,5,7,3,6,4776541,-310404,9,2,20,2,4,1,715,250,3,4,4,86,0,0,0,0,0
201900004382,19,9,23,1742,1,5,6,2,4839864,649895,5,2,48,3,4,2,893,362,7,4,4,75,0,0,0,0,0
201900004383,19,5,28,429,5,4,8,6,4878486,263655,6,1,26,1,2,1,587,55,8,5,2,54,0,0,0,0,0
201900004384,19,6,20,753,5,7,3,4,4639307,343075,3,4,14,2,1,4,297,69,2,2,4,24,0,0,0,0,0
201900004385,19,7,27,1660,4,4,4,7,4580822,412445,5,1,48,2,3,2,582,398,5,7,5,98,0,0,0,0,0
201900004386,19,5,22,1737,2,3,9,1,4722968,-330146,6,1,2,1,4,1,628,382,8,1,5,43,0,0,0,0,0
201900004387,19,12,5,1991,1,3,3,1,4864453,625582,6,3,47,2,2,3,103,445,2,7,5,13,0,0,0,0,0
201900004388,19,10,14,1805,2,3,1,7,4594626,394038,9,3,33,3,2,1,443,136,9,7,1,82,0,0,0,0,0
201900004389,19,4,4,584,5,3,2,1,4707005,-223362,1,4,14,2,4,4,641,345,5,6,5,48,0,0,0,0,0
201900004390,19,2,9,658,1,3,9,2,4615935,-368418,7,1,36,2,2,4,207,790,8,3,1,36,0,0,0,0,0
201900004391,19,9,27,2086,5,1,2,2,4658291,-332449,4,4,45,1,4,2,397,821,6,2,2,25,0,0,0,0,0
201900004392,19,6,25,765,1,2,6,2,4585139,-154325,4,4,46,1,4,3,722,416,2,2,4,24,0,0,0,0,0
201900004393,19,3,23,358,2,6,7,4,4644199,-359570,6,3,41,3,4,2,401,710,3,2,3,48,0,0,0,0,0
201900004394,19,3,21,337,3,4,9,4,4980537,-169700,7,3,23,3,2,3,164,484,8,3,5,72,0,0,0,0,0
201900004395,19,1,24,2284,4,4,6,4,4698606,-229501,9,4,8,1,3,1,725,186,6,5,1,93,0,0,0,0,0
201900004396,19,9,2,2061,1,8,2,5,4452954,431102,5,1,33,3,2,4,826,925,4,4,5,98,0,0,0,0,0
201900004397,19,7,13,38,5,7,6,2,4809300,401424,7,3,5,2,2,2,679,127,3,5,5,59,0,0,0,0,0
201900004398,19,4,20,1096,5,9,6,4,4778372,-307268,6,2,38,3,4,2,283,204,4,7,5,66,0,0,0,0,0
201900004399,19,10,7,2205,3,4,5,7,4880976,143413,2,4,31,3,2,1,268,805,9,1,3,73,0,0,0,0,0
201900004400,19,1,26,1180,2,8,6,3,4527836,260887,1,3,49,1,4,3,190,956,6,6,1,61,0,0,0,0,0
201900004401,19,12,21,299,3,6,7,5,4843647,651377,1,3,42,3,4,2,581,679,6,5,1,89,0,0,0,0,0
201900004402,19,11,14,1788,5,2,4,7,4828499,485217,5,4,11,2,2,4,134,711,2,7,4,40,0,0,0,0,0
201900004403,19,3,13,233,1,9,1,6,4709471,90549,9,3,1,3,4,3,791,30,5,5,3,63,0,0,0,0,0
201900004404,19,5,21,2097,1,8,9,5,4511487,100822,4,4,21,3,4,3,607,590,2,4,4,11,0,0,0,0,0
201900004405,19,6,16,461,3,5,7,2,4608678,562940,8,4,29,1,1,3,447,442,3,2,4,6,0,0,0,0,0
201900004406,19,5,21,1094,2,6,6,3,4857462,-213271,5,3,38,2,2,4,846,454,9,6,3,21,0,0,0,0,0
201900004407,19,11,13,131,4,9,5,5,4447591,-230507,9,3,50,3,1,2,469,153,1,4,4,70,0,0,0,0,0
201900004408,19,12,28,650,2,7,6,1,4576524,58378,9,1,29,3,2,3,171,199,6,4,1,21,0,0,0,0,0
201900004409,19,6,20,1566,1,7,5,2,4767440,-153329,1,3,20,2,1,2,608,159,7,2,4,80,0,0,0,0,0
201900004410,19,5,24,2059,4,6,7,1,4772383,-139529,6,3,45,2,3,3,469,696,1,7,5,67,0,0,0,0,0
201900004411,19,3,28,959,2,7,7,4,4734574,244122,3,1,19,3,3,3,323,517,2,1,5,26,0,0,0,0,0
201900004412,19,6,15,1740,5,3,2,4,4421426,51958,7,4,39,2,2,4,595,594,5,2,3,45,0,0,0,0,0
201900004413,19,11,20,143,5,9,3,5,4858320,-370921,4,2,21,3,4,1,871,872,3,5,5,1,0,0,0,0,0
201900004414,19,9,27,1000,3,5,5,6,4942301,553044,1,1,41,1,1,2,865,543,8,3,5,83,0,0,0,0,0
201900004415,19,9,23,1075,2,9,2,1,4886274,-290823,7,3,37,1,3,1,27,456,9,5,3,82,0,0,0,0,0
201900004416,19,2,5,212,2,9,7,4,4480470,300007,6,4,4,3,2,2,716,318,7,2,3,20,0,0,0,0,0
201900004417,19,9,11,2156,3,5,1,1,4780793,344476,7,4,46,1,2,1,894,917,3,3,4,4,0,0,0,0,0
201900004418,19,10,15,971,1,1,3,7,4440585,-179107,6,4,40,2,2,4,238,615,3,4,3,0,0,0,0,0,0
201900004419,19,5,12,78,3,5,7,6,4540738,-330964,8,3,23,2,2,1,737,416,3,5,5,71,0,0,0,0,0
201900004420,19,9,28,1913,5,1,2,1,4671681,386160,3,3,1,3,3,1,428,342,8,2,5,64,0,0,0,0,0
201900004421,19,10,1,2048,1,3,7,2,4705495,362760,4,4,50,3,4,2,86,247,7,1,3,9,0,0,0,0,0
201900004422,19,4,7,1845,3,9,1,3,4975604,41990,9,3,38,3,2,1,128,187,9,4,2,38,0,0,0,0,0
201900004423,19,11,26,1414,3,1,7,4,4475805,425204,9,1,37,2,3,4,767,834,1,6,1,86,0,0,0,0,0
201900004424,19,1,24,655,4,8,6,5,4700658,-29298,8,1,21,3,1,3,83,29,9,5,3,81,0,0,0,0,0
201900004425,19,8,21,1373,2,9,6,5,4475498,-33167,2,4,5,1,2,1,703,210,3,5,4,19,0,0,0,0,0
201900004426,19,2,4,394,5,3,1,5,4885616,609510,4,4,16,2,4,3,172,685,1,1,2,51,0,0,0,0,0
201900004427,19,10,12,2187,2,9,4,1,4750502,-372703,7,2,12,3,3,1,476,654,9,2,4,24,0,0,0,0,0
201900004428,19,12,18,1289,5,8,5,2,4738489,338711,6,4,7,2,3,2,219,139,8,1,4,16,0,0,0,0,0
201900004429,19,7,17,2119,1,2,3,1,4470538,372278,9,4,24,2,2,4,850,480,1,4,3,26,0,0,0,0,0
201900004430,19,9,21,2105,3,7,1,3,4481648,487350,8,4,21,3,2,4,226,455,6,2,4,72,0,0,0,0,0
201900004431,19,8,24,1565,5,7,9,4,4522144,-197434,5,3,38,3,3,4,371,987,3,6,4,39,0,0,0,0,0
201900004432,19,1,13,2120,2,1,9,2,4587326,131389,7,1,43,2,1,1,232,480,4,4,1,58,0,0,0,0,0
201900004433,19,7,27,1970,2,2,2,4,4493638,244039,5,1,38,2,4,3,763,453,5,4,4,21,0,0,0,0,0
201900004434,19,6,20,2316,2,2,2,6,4774878,-355504,6,3,20,3,1,3,783,33,3,6,2,8,0,0,0,0,0
201900004435,19,6,13,1490,5,4,3,5,4712479,-279354,2,3,11,3,2,4,319,517,9,5,2,86,0,0,0,0,0
201900004436,19,9,11,246,3,6,4,5,4853951,-234953,2,1,18,3,3,2,475,996,5,2,4,75,0,0,0,0,0
201900004437,19,4,13,2160,2,9,6,2,4933959,12388,8,4,53,3,2,1,59,254,8,2,4,63,0,0,0,0,0
201900004438,19,3,4,1507,5,9,9,5,4793684,578646,4,1,0,1,3,2,619,636,5,4,1,67,0,0,0,0,0
201900004439,19,11,7,1380,4,2,1,6,4595419,-329281,5,1,53,2,4,4,235,327,5,5,2,57,0,0,0,0,0
201900004440,19,6,26,1466,1,6,2,5,4865593,-45767,4,1,9,3,3,4,687,453,3,1,5,17,0,0,0,0,0
201900004441,19,1,28,449,5,4,2,7,4907246,53394,2,2,12,2,2,2,534,677,2,6,3,71,0,0,0,0,0
201900004442,19,12,11,311,1,5,8,3,4827962,-301111,5,3,28,1,2,2,380,94,8,1,2,13,0,0,0,0,0
201900004443,19,6,26,1606,2,3,2,5,4423579,102379,9,2,29,1,2,1,96,400,8,5,4,33,0,0,0,0,0
201900004444,19,9,24,718,1,2,2,2,4870150,-331470,6,3,11,2,3,3,237,809,1,2,1,10,0,0,0,0,0
201900004445,19,9,4,2033,4,4,4,6,4577083,93609,5,2,38,3,2,1,402,905,1,5,3,64,0,0,0,0,0
201900004446,19,3,14,1978,2,4,1,1,4776219,561760,4,3,39,1,4,3,517,517,3,7,1,54,0,0,0,0,0
201900004447,19,10,27,1876,3,4,8,5,4563695,-73039,6,2,11,3,1,4,97,734,8,6,2,5,0,0,0,0,0
201900004448,19,6,16,470,1,4,2,6,4571493,-183083,8,1,11,1,3,4,735,890,2,5,3,86,0,0,0,0,0
201900004449,19,7,16,1485,3,8,1,6,4839786,673478,7,1,52,1,4,2,611,918,6,1,1,68,0,0,0,0,0
201900004450,19,2,22,99,1,3,1,1,4913474,72691,4,2,10,3,1,1,475,805,3,2,4,1,0,0,0,0,0
201900004451,19,4,12,1177,3,7,9,5,4831743,-45483,1,3,51,2,1,1,308,419,8,7,2,51,0,0,0,0,0
201900004452,19,3,28,1267,4,9,8,5,4557398,327639,2,2,3,3,1,2,645,770,7,3,3,38,0,0,0,0,0
201900004453,19,2,4,2065,5,5,6,3,4643722,335566,7,4,12,3,2,4,454,423,5,1,5,25,0,0,0,0,0
201900004454,19,8,10,981,4,2,2,2,4998215,-263337,2,1,20,3,4,1,49,757,7,6,1,28,0,0,0,0,0
201900004455,19,1,21,2087,2,7,5,4,4682423,122402,5,4,51,1,1,4,849,362,1,1,4,30,0,0,0,0,0
201900004456,19,12,5,619,4,5,7,2,4959967,588734,7,1,3,3,2,4,460,218,2,4,2,3,0,0,0,0,0
201900004457,19,10,2,1724,5,3,4,4,4921214,630558,6,2,39,1,2,3,164,28,3,7,1,96,0,0,0,0,0
201900004458,19,7,18,868,2,6,1,1,4768210,-257670,5,3,4,1,2,1,482,451,1,5,2,1,0,0,0,0,0
201900004459,19,9,2,447,1,7,7,6,4542335,-364979,7,1,24,3,2,1,24,991,6,6,1,61,0,0,0,0,0
201900004460,19,8,6,1817,1,4,1,1,4660572,529568,7,1,33,2,1,3,458,883,1,2,2,46,0,0,0,0,0
201900004461,19,6,12,70,5,7,7,2,4778233,-260742,6,2,23,3,4,1,758,631,3,3,3,61,0,0,0,0,0
201900004462,19,2,20,83,1,2,5,4,4645847,483226,8,3,8,1,4,3,897,186,8,3,3,27,0,0,0,0,0
201900004463,19,3,7,2343,2,6,5,7,4995058,-85933,9,1,17,1,2,3,589,950,7,4,2,52,0,0,0,0,0
201900004464,19,3,7,1785,5,1,7,6,4914351,227302,4,3,6,3,3,3,606,179,9,1,3,33,0,0,0,0,0
201900004465,19,10,2,889,1,3,3,3,4668580,493175,8,4,4,1,1,2,276,598,9,2,5,54,0,0,0,0,0
201900004466,19,2,16,150,2,6,8,6,4840770,317248,9,2,53,1,3,1,116,581,5,1,3,1,0,0,0,0,0
201900004467,19,5,26,1785,5,9,5,5,4510602,134171,6,2,19,1,2,3,545,563,9,6,1,43,0,0,0,0,0
201900004468,19,10,15,435,4,2,1,3,4884097,123891,7,4,1,1,3,2,193,206,2,1,5,45,0,0,0,0,0
201900004469,19,3,21,67,1,8,6,2,4771965,474239,2,1,16,3,3,2,187,545,1,4,4,70,0,0,0,0,0
201900004470,19,8,13,435,3,6,5,2,4928439,164802,7,3,24,1,2,1,797,500,4,4,5,22,0,0,0,0,0
201900004471,19,4,10,449,4,2,2,1,4601950,529921,4,4,8,3,2,4,384,828,8,6,4,52,0,0,0,0,0
201900004472,19,12,20,121,3,4,4,7,4827086,471406,7,4,52,2,3,2,885,764,7,1,5,85,0,0,0,0,0
201900004473,19,9,15,84,4,2,8,2,4917852,664365,7,2,26,3,2,2,845,536,7,1,3,72,0,0,0,0,0
201900004474,19,2,5,896,2,5,1,2,4569120,-222934,7,4,21,2,4,1,758,708,7,2,3,21,0,0,0,0,0
201900004475,19,11,2,199,4,9,3,4,4568259,-143485,7,1,6,3,4,3,875,565,5,2,5,74,0,0,0,0,0
201900004476,19,2,16,2331,4,7,9,3,4815773,562476,2,2,25,3,2,2,453,672,7,4,1,12,0,0,0,0,0
201900004477,19,11,17,595,1,5,3,2,4759184,242423,1,4,3,3,1,1,646,789,7,3,5,39,0,0,0,0,0
201900004478,19,3,20,1949,5,7,8,2,4842442,39120,8,4,39,3,3,1,558,620,4,1,5,57,0,0,0,0,0
201900004479,19,12,15,425,5,5,2,7,4965386,369276,5,3,9,2,3,4,407,947,9,5,5,22,0,0,0,0,0
201900004480,19,3,5,2348,1,1,5,5,4720838,537783,8,2,29,2,4,3,570,776,3,2,1,35,0,0,0,0,0
201900004481,19,1,4,666,3,1,8,4,4848316,57311,4,4,44,2,4,1,257,191,3,3,2,19,0,0,0,0,0
201900004482,19,5,5,556,5,5,3,4,4667733,-142778,3,4,23,2,1,3,863,809,7,7,1,83,0,0,0,0,0
201900004483,19,11,28,146,1,2,1,7,4766478,335818,1,3,28,3,3,4,575,68,7,6,1,41,0,0,0,0,0
201900004484,19,4,3,2210,4,7,3,5,4588530,383520,8,2,32,1,4,3,94,493,4,7,1,12,0,0,0,0,0
201900004485,19,8,9,256,4,1,7,7,4980616,692383,3,4,25,3,4,3,531,21,8,3,1,68,0,0,0,0,0
201900004486,19,1,23,221,3,8,8,5,4918655,682350,5,1,31,2,4,3,51,566,3,6,3,41,0,0,0,0,0
201900004487,19,9,17,55,5,8,5,2,4765604,566462,6,3,19,1,1,3,698,18,9,6,2,2,0,0,0,0,0
201900004488,19,11,13,1671,2,6,4,2,4878551,-368029,4,1,26,2,4,1,711,851,3,1,2,17,0,0,0,0,0
201900004489,19,10,15,2120,5,8,9,7,4968668,414068,2,4,44,1,1,2,146,908,3,5,5,3,0,0,0,0,0
201900004490,19,10,17,82,5,7,4,5,4989769,419752,5,3,33,3,1,2,220,372,3,5,3,0,0,0,0,0,0
201900004491,19,9,23,1209,2,1,9,5,4746383,500329,4,1,0,1,2,1,836,915,2,4,4,11,0,0,0,0,0
201900004492,19,12,23,2333,5,6,8,1,4828460,-98657,8,3,14,1,3,3,46,524,3,3,1,77,0,0,0,0,0
201900004493,19,8,18,1713,2,9,6,2,4783430,424129,4,3,4,2,3,4,895,217,8,2,4,69,0,0,0,0,0
201900004494,19,2,3,823,4,2,8,1,4811122,171081,3,2,53,3,2,1,482,326,8,3,4,25,0,0,0,0,0
201900004495,19,5,27,841,5,2,3,6,4744372,-394168,4,3,9,1,2,4,420,846,8,7,5,16,0,0,0,0,0
201900004496,19,1,17,1516,3,5,1,1,4615225,147032,9,1,16,3,2,4,348,492,6,6,4,39,0,0,0,0,0
201900004497,19,1,12,1919,5,3,6,3,4731975,632938,8,1,33,2,1,4,240,621,5,5,3,12,0,0,0,0,0
201900004498,19,1,27,2287,4,9,2,5,4849074,556836,8,4,31,2,2,4,593,235,6,4,2,76,0,0,0,0,0
201900004499,19,10,26,1131,2,9,2,1,4972282,-269407,1,3,37,1,2,2,317,447,8,7,5,25,0,0,0,0,0
201900004500,19,11,20,58,3,3,6,6,4669082,223655,3,2,29,3,1,3,535,403,7,5,3,77,0,0,0,0,0
201900004501,19,10,27,586,3,2,3,6,4903220,155552,8,1,35,1,3,3,564,479,3,4,2,11,0,0,0,0,0
201900004502,19,2,20,2280,2,5,2,4,4462014,-384827,4,1,25,2,4,4,122,519,4,6,4,7,0,0,0,0,0
201900004503,19,8,8,1401,4,1,1,3,4671789,690112,3,3,50,3,1,2,223,670,1,4,2,0,0,0,0,0,0
201900004504,19,10,12,2237,3,3,7,3,4883275,44872,1,2,51,3,2,3,452,882,8,3,1,45,0,0,0,0,0
201900004505,19,8,15,2170,3,3,9,2,4406197,-133906,6,3,2,2,2,1,612,353,3,2,2,61,0,0,0,0,0
201900004506,19,8,15,512,3,1,6,5,4420689,511506,7,4,27,1,2,2,56,943,8,7,5,58,0,0,0,0,0
201900004507,19,3,27,2083,2,9,5,5,4654343,300386,2,3,32,1,3,1,336,159,1,1,3,87,0,0,0,0,0
201900004508,19,7,17,235,3,5,2,6,4710403,-378803,1,3,43,3,3,1,386,254,3,1,3,40,0,0,0,0,0
201900004509,19,3,4,50,1,6,3,2,4583871,-97006,3,1,40,2,2,3,618,482,1,5,3,69,0,0,0,0,0
201900004510,19,7,13,696,4,4,3,6,4793713,456083,3,4,46,1,1,1,398,277,8,2,1,90,0,0,0,0,0
201900004511,19,11,9,34,3,5,6,4,4505990,12999,3,3,4,3,4,3,72,51,2,4,4,40,0,0,0,0,0
201900004512,19,12,21,1787,5,4,9,1,4606263,552059,8,4,52,3,2,4,438,668,9,3,1,79,0,0,0,0,0
201900004513,19,6,28,551,2,1,7,1,4400823,-85002,1,4,44,2,2,1,666,816,6,1,1,32,0,0,0,0,0
201900004514,19,9,23,445,1,1,6,4,4411985,417487,8,3,9,2,1,3,710,428,5,7,1,8,0,0,0,0,0
201900004515,19,8,14,1643,3,7,9,3,4474517,-17831,3,1,13,1,2,4,274,924,9,6,3,55,0,0,0,0,0
201900004516,19,3,21,1023,3,7,4,2,4826777,663833,5,3,16,1,4,4,523,154,2,4,5,46,0,0,0,0,0
201900004517,19,4,9,128,2,5,9,6,4870062,-129296,3,2,47,3,4,3,862,391,5,2,2,41,0,0,0,0,0
201900004518,19,12,21,2128,2,6,1,5,4472255,637993,7,2,8,1,3,1,200,898,6,3,2,73,0,0,0,0,0
201900004519,19,12,12,1216,4,8,2,4,4920169,212881,4,3,3,2,1,2,129,861,2,1,5,78,0,0,0,0,0
201900004520,19,8,4,1746,4,4,5,4,4580743,244180,3,2,40,3,2,2,902,296,8,2,5,62,0,0,0,0,0
201900004521,19,4,26,911,3,4,2,4,4674894,90824,3,2,9,3,4,1,49,429,6,4,2,13,0,0,0,0,0
201900004522,19,7,4,926,5,5,3,6,4748384,578598,6,4,32,2,1,3,880,178,6,5,1,16,0,0,0,0,0
201900004523,19,9,27,1519,5,1,2,1,4780440,-17637,3,3,38,1,2,2,278,686,9,2,1,46,0,0,0,0,0
201900004524,19,6,25,872,5,4,8,5,4845039,-63953,9,4,50,1,4,1,459,494,7,4,3,8,0,0,0,0,0
201900004525,19,8,5,2166,3,5,9,3,4605032,-322301,1,2,9,3,3,1,284,613,4,7,1,84,0,0,0,0,0
201900004526,19,8,6,913,5,3,5,1,4923449,21658,8,1,33,1,3,2,452,846,2,3,4,18,0,0,0,0,0
201900004527,19,5,11,598,1,4,6,2,4554074,269035,4,3,9,3,2,1,724,369,9,6,5,29,0,0,0,0,0
201900004528,19,1,7,85,3,6,8,1,4624593,310263,8,4,44,3,3,4,220,256,3,7,2,78,0,0,0,0,0
201900004529,19,1,12,506,4,4,3,3,4887627,304126,3,3,50,1,2,1,312,961,6,7,5,30,0,0,0,0,0
201900004530,19,8,23,1644,1,1,9,3,4912193,331849,9,2,2,1,3,1,908,477,8,5,3,15,0,0,0,0,0
201900004531,19,8,14,2326,4,4,8,4,4414962,-22480,3,2,31,2,4,3,874,837,7,6,4,4,0,0,0,0,0
201900004532,19,5,17,1778,3,7,9,5,4690290,548739,5,4,40,2,1,1,662,857,9,3,5,34,0,0,0,0,0
201900004533,19,6,17,290,1,6,6,5,4930220,-255574,4,1,1,2,2,1,887,557,4,5,5,70,0,0,0,0,0
201900004534,19,5,20,1238,1,7,7,4,4639086,-262586,6,4,28,3,4,3,454,277,3,5,1,83,0,0,0,0,0
201900004535,19,3,9,1579,5,3,1,4,4955192,197881,7,1,43,1,4,1,9,75,6,5,2,41,0,0,0,0,0
201900004536,19,2,22,2137,2,8,3,1,4568305,-315292,6,2,12,3,1,1,383,84,2,6,2,99,0,0,0,0,0
201900004537,19,1,26,1633,3,5,5,7,4834573,-268834,8,2,34,1,2,3,131,937,7,1,5,35,0,0,0,0,0
201900004538,19,2,1,1941,3,2,5,6,4915788,-198888,9,2,49,2,1,1,469,175,4,5,1,28,0,0,0,0,0
201900004539,19,3,2,1678,3,1,1,4,4694117,-253336,6,4,39,1,1,1,701,409,4,5,2,95,0,0,0,0,0
201900004540,19,7,2,2053,4,9,3,5,4552728,353869,3,3,4,3,1,1,667,524,5,2,2,24,0,0,0,0,0
201900004541,19,8,8,340,1,3,7,5,4913995,27692,7,3,9,3,4,4,868,890,9,3,5,28,0,0,0,0,0
201900004542,19,4,8,2124,5,9,1,4,4596414,328659,5,3,43,2,4,3,503,971,7,2,5,29,0,0,0,0,0
201900004543,19,3,16,1741,3,4,9,7,4486016,-238978,1,3,10,3,3,1,515,611,6,5,2,28,0,0,0,0,0
201900004544,19,4,4,625,4,1,9,7,4480832,683201,5,2,49,2,3,2,507,864,4,4,2,91,0,0,0,0,0
201900004545,19,9,6,1080,1,1,8,2,4574167,133519,3,2,51,1,2,3,363,48,9,1,1,54,0,0,0,0,0
201900004546,19,10,16,502,4,6,6,3,4673447,549866,4,1,4,3,1,4,27,745,8,7,3,84,0,0,0,0,0
201900004547,19,8,23,294,2,1,5,6,4861305,-363941,1,2,23,1,1,1,155,368,3,6,2,36,0,0,0,0,0
201900004548,19,1,12,2119,5,5,7,2,4480003,364226,9,4,8,1,2,4,369,257,8,4,1,64,0,0,0,0,0
201900004549,19,4,23,1112,4,6,4,6,4619585,623610,8,1,38,2,3,3,317,552,5,7,2,20,0,0,0,0,0
201900004550,19,5,3,1792,5,6,1,6,4755010,451842,7,2,41,2,2,4,395,340,5,5,2,52,0,0,0,0,0
201900004551,19,10,5,2190,5,7,8,6,4966265,-16571,8,2,21,3,2,3,819,655,9,5,4,81,0,0,0,0,0
201900004552,19,6,13,1161,3,8,6,2,4415784,206464,2,3,48,3,1,3,786,56,6,6,5,24,0,0,0,0,0
201900004553,19,7,19,2168,2,1,4,1,4495818,-374925,5,2,23,1,1,3,706,571,1,4,3,5,0,0,0,0,0
201900004554,19,9,14,386,2,3,2,7,4552983,-324828,3,1,39,3,4,2,33,944,2,2,5,92,0,0,0,0,0
201900004555,19,10,7,365,3,3,5,1,4811571,633927,6,3,3,2,1,3,231,271,3,4,1,82,0,0,0,0,0
201900004556,19,9,27,242,4,6,5,3,4878591,477932,4,4,28,2,3,3,28,665,5,5,3,94,0,0,0,0,0
201900004557,19,10,19,869,5,6,1,5,4553074,-199716,9,3,48,3,3,3,351,679,7,2,3,90,0,0,0,0,0
201900004558,19,6,8,847,3,2,3,7,4633228,254854,1,4,9,3,1,1,734,569,7,1,3,59,0,0,0,0,0
201900004559,19,4,26,360,1,2,8,4,4583065,421524,2,2,27,2,2,2,391,931,8,2,2,54,0,0,0,0,0
201900004560,19,3,17,2054,1,8,3,7,4873627,485842,8,1,50,3,1,4,894,253,2,3,2,55,0,0,0,0,0
201900004561,19,8,10,715,2,9,3,3,4631740,-150483,8,3,8,3,4,1,662,860,2,6,4,95,0,0,0,0,0
201900004562,19,8,18,1104,4,9,6,2,4650704,108949,3,4,6,3,3,1,326,436,5,7,4,8,0,0,0,0,0
201900004563,19,12,23,2148,5,2,7,4,4400542,580213,9,3,15,3,1,1,802,866,8,1,3,35,0,0,0,0,0
201900004564,19,11,11,1017,1,9,1,2,4986385,676325,1,4,11,1,4,2,235,768,6,3,2,52,0,0,0,0,0
201900004565,19,11,11,1574,3,5,5,1,4580003,-186008,5,1,9,1,4,3,434,114,3,3,2,26,0,0,0,0,0
201900004566,19,10,1,1707,1,1,5,3,4946302,-61131,2,4,39,1,1,3,445,359,6,6,3,59,0,0,0,0,0
201900004567,19,12,6,968,5,6,3,5,4836290,-33354,6,3,40,2,3,1,48,497,2,6,3,15,0,0,0,0,0
201900004568,19,8,17,2174,1,3,7,4,4429977,367984,3,1,33,3,4,1,701,55,4,5,1,10,0,0,0,0,0
201900004569,19,11,3,350,5,9,5,4,4990581,-155601,4,2,4,2,1,2,233,929,7,1,1,3,0,0,0,0,0
201900004570,19,11,19,639,5,5,9,4,4587028,421667,5,1,24,2,2,3,620,948,6,2,5,91,0,0,0,0,0
201900004571,19,7,21,1129,1,1,2,6,4558101,48645,7,2,40,2,3,3,839,268,7,7,3,74,0,0,0,0,0
201900004572,19,9,25,1056,5,9,3,4,4574477,258525,3,2,3,3,2,3,653,579,2,7,3,1,0,0,0,0,0
201900004573,19,6,20,227,2,1,9,5,4836128,105599,7,3,52,3,4,3,473,485,6,7,4,3,0,0,0,0,0
201900004574,19,8,26,913,2,3,8,5,4517487,570516,9,1,43,3,4,3,164,247,9,7,4,80,0,0,0,0,0
201900004575,19,10,5,508,5,5,7,1,4487447,177064,6,2,24,1,4,3,112,720,1,4,3,31,0,0,0,0,0
201900004576,19,10,24,95,5,8,2,2,4725637,692996,5,1,5,1,1,1,469,438,6,4,2,34,0,0,0,0,0
201900004577,19,7,11,993,4,2,1,1,4991418,509094,5,3,1,2,2,3,294,453,3,4,4,62,0,0,0,0,0
201900004578,19,12,7,413,2,9,7,4,4803254,-79703,3,2,37,1,2,1,645,681,5,5,2,86,0,0,0,0,0
201900004579,19,8,12,233,5,5,6,6,4752433,226299,2,3,18,1,4,1,844,31,6,6,5,13,0,0,0,0,0