Num_Acc,an,mois,jour,hrmn,lum,int,atm,col,lat,long,catr,circ,nbv,vosp,prof,plan,lartpc,larrout,surf,infra,situ,env1,unscathed,killed,hospital,light,chance
201900004580,19,4,23,438,1,3,2,2,4604652,467603,1,3,19,1,2,2,598,553,9,6,3,82,0,0,0,0,0
201900004581,19,10,16,1801,2,3,9,5,4475969,597446,5,2,51,2,3,2,629,792,9,2,4,17,0,0,0,0,0
201900004582,19,4,5,554,2,5,9,6,4788021,439890,3,1,49,3,2,4,890,266,5,4,1,39,0,0,0,0,0
201900004583,19,6,4,1401,1,6,6,1,4742363,-249322,4,3,16,1,2,3,646,864,8,7,1,45,0,0,0,0,0
201900004584,19,10,5,541,2,1,8,6,4792916,141342,6,2,17,3,4,4,374,117,2,2,4,16,0,0,0,0,0
201900004585,19,5,18,645,4,3,4,5,4631518,64427,8,2,9,1,4,1,280,779,9,3,1,54,0,0,0,0,0
201900004586,19,4,5,422,4,5,3,6,4757833,192049,5,2,24,3,3,4,233,664,3,3,5,62,0,0,0,0,0
201900004587,19,8,7,1563,3,9,2,7,4889786,448235,9,3,5,3,3,3,530,787,9,6,3,35,0,0,0,0,0
201900004588,19,9,16,1038,5,4,4,6,4704745,619970,5,3,7,1,1,3,911,862,1,2,3,66,0,0,0,0,0
201900004589,19,9,9,1169,4,2,4,1,4810762,482734,5,4,8,3,4,1,614,468,8,5,5,70,0,0,0,0,0
201900004590,19,3,1,2333,4,3,3,1,4677809,289406,3,1,15,1,2,4,4,286,8,4,5,94,0,0,0,0,0
201900004591,19,4,2,962,1,1,4,7,4415927,269329,8,3,53,1,2,4,776,997,5,4,3,3,0,0,0,0,0
201900004592,19,12,26,977,3,2,5,2,4680872,465218,2,4,39,3,4,1,482,864,2,1,5,23,0,0,0,0,0
201900004593,19,12,1,400,2,6,8,2,4874127,302100,6,2,19,3,3,2,150,53,9,4,3,17,0,0,0,0,0
201900004594,19,9,7,1620,2,6,2,1,4554562,604323,8,2,12,3,2,4,684,487,8,6,2,57,0,0,0,0,0
201900004595,19,1,7,1194,1,5,8,4,4722329,-356922,6,3,48,1,3,4,745,110,9,2,3,35,0,0,0,0,0
201900004596,19,6,3,410,5,8,8,2,4581762,-375127,5,2,17,1,3,1,427,552,8,6,3,65,0,0,0,0,0
201900004597,19,12,27,1984,3,9,4,1,4510615,93605,9,3,39,3,2,1,242,280,6,3,3,8,0,0,0,0,0
201900004598,19,8,7,1945,2,1,9,1,4893249,556690,2,2,37,1,4,2,718,465,3,3,5,60,0,0,0,0,0
201900004599,19,6,6,1816,5,7,2,2,4661307,519548,2,4,39,3,1,2,128,40,4,7,1,46,0,0,0,0,0
201900004600,19,5,17,551,3,5,8,3,4535837,379322,8,2,23,2,4,2,897,510,1,1,3,95,0,0,0,0,0
201900004601,19,1,26,1537,2,8,9,1,4864236,-27095,4,1,27,1,2,4,766,800,4,1,1,7,0,0,0,0,0
201900004602,19,9,25,2159,4,2,9,5,4479313,540453,4,3,13,3,3,2,650,25,5,1,5,74,0,0,0,0,0
201900004603,19,9,11,1581,4,3,2,3,4847384,406741,7,2,2,2,2,4,771,88,3,3,1,99,0,0,0,0,0
201900004604,19,11,9,1984,4,9,3,3,4632281,427182,2,2,23,3,3,4,476,493,6,2,3,92,0,0,0,0,0
201900004605,19,6,15,2205,3,1,1,6,4400970,538367,3,4,18,2,2,1,24,978,2,2,3,51,0,0,0,0,0
201900004606,19,7,2,1861,3,7,4,7,4971501,630362,1,3,11,3,1,2,799,803,6,6,2,9,0,0,0,0,0
201900004607,19,5,18,1344,2,2,5,2,4945837,647881,6,3,21,2,2,4,874,81,8,6,4,73,0,0,0,0,0
201900004608,19,6,19,2035,4,9,5,5,4911963,682406,4,3,24,1,4,4,237,425,6,5,3,46,0,0,0,0,0
201900004609,19,3,26,687,3,4,1,1,4931797,476711,9,3,30,3,4,1,327,858,6,4,3,67,0,0,0,0,0
201900004610,19,4,14,1722,1,1,7,7,4509035,-184127,5,3,32,3,4,3,495,463,5,4,3,52,0,0,0,0,0
201900004611,19,1,14,112,4,9,1,3,4873261,-130387,9,2,27,2,4,3,12,665,5,6,2,89,0,0,0,0,0
201900004612,19,4,26,1122,4,8,4,6,4997509,195921,1,1,36,2,3,3,787,654,9,3,3,68,0,0,0,0,0
201900004613,19,6,20,601,4,1,8,5,4423691,241342,1,4,43,2,2,4,829,806,7,5,5,67,0,0,0,0,0
201900004614,19,5,17,820,2,6,6,1,4896121,379401,6,3,52,2,1,3,389,779,6,4,4,27,0,0,0,0,0
201900004615,19,3,6,500,3,6,2,6,4808504,-9414,3,4,26,1,3,1,495,753,1,5,2,83,0,0,0,0,0
201900004616,19,3,12,1258,4,7,6,7,4577603,-202183,4,2,30,2,1,1,296,96,7,3,4,90,0,0,0,0,0
201900004617,19,2,26,1436,3,4,6,1,4492197,-153475,8,3,39,1,2,1,270,476,5,4,1,78,0,0,0,0,0
201900004618,19,2,7,1700,4,8,7,4,4561597,456937,4,1,30,2,3,4,523,976,5,6,1,73,0,0,0,0,0
201900004619,19,9,20,693,3,4,4,3,4620816,435752,6,2,9,3,1,3,276,657,6,4,2,82,0,0,0,0,0
201900004620,19,12,14,2027,5,1,9,7,4584432,-397887,1,4,0,2,1,2,23,806,2,6,3,80,0,0,0,0,0
201900004621,19,12,21,538,1,8,5,2,4428712,256539,1,3,36,2,1,1,104,150,1,7,1,49,0,0,0,0,0
201900004622,19,10,15,327,4,1,9,5,4799583,667502,9,2,16,1,2,4,590,455,4,6,4,37,0,0,0,0,0
201900004623,19,5,10,2029,4,8,9,2,4868750,129952,9,2,26,1,1,4,58,328,8,2,4,16,0,0,0,0,0
201900004624,19,5,6,2258,2,7,6,3,4763410,26808,4,2,12,1,3,4,623,989,7,1,5,20,0,0,0,0,0
201900004625,19,8,11,938,3,4,7,4,4567614,385908,4,2,47,2,4,1,853,693,5,1,5,45,0,0,0,0,0
201900004626,19,12,11,621,3,4,8,5,4405811,162031,7,2,13,2,4,2,819,474,1,5,3,71,0,0,0,0,0
201900004627,19,8,4,321,4,1,9,3,4785312,-273469,7,2,41,2,2,4,808,220,3,3,5,96,0,0,0,0,0
201900004628,19,4,21,1148,4,3,8,5,4857070,366409,6,2,11,2,1,1,857,301,7,6,2,41,0,0,0,0,0
201900004629,19,4,22,1934,1,2,7,3,4912528,473862,9,2,29,1,3,4,75,732,2,5,2,1,0,0,0,0,0
201900004630,19,1,22,2262,2,2,4,6,4508387,-201436,7,3,39,1,4,1,897,881,9,6,4,21,0,0,0,0,0
201900004631,19,4,8,1645,5,7,1,6,4805647,589882,1,4,39,1,4,2,29,70,9,4,2,38,0,0,0,0,0
201900004632,19,3,2,1848,4,9,1,4,4751721,-346051,3,1,18,3,3,3,319,819,1,1,4,36,0,0,0,0,0
201900004633,19,1,11,1072,2,1,2,1,4833026,345672,9,2,34,3,4,2,145,160,9,5,5,50,0,0,0,0,0
201900004634,19,11,24,1905,2,7,9,3,4641203,175659,2,4,29,1,3,4,459,359,1,4,4,31,0,0,0,0,0
201900004635,19,9,16,2178,2,4,7,7,4610879,681588,8,1,37,2,1,1,458,291,2,4,4,86,0,0,0,0,0
201900004636,19,3,27,911,2,3,4,7,4903186,-58660,4,3,2,3,4,1,49,982,2,3,3,75,0,0,0,0,0
201900004637,19,12,4,613,1,9,2,7,4884669,-157336,7,1,25,3,1,3,393,810,2,7,5,40,0,0,0,0,0
201900004638,19,2,12,525,1,4,5,1,4960380,-379882,6,3,20,3,2,3,630,401,2,3,1,82,0,0,0,0,0
201900004639,19,12,5,1839,1,2,5,4,4821347,580459,7,2,46,1,2,1,592,318,8,5,2,10,0,0,0,0,0
201900004640,19,8,8,725,2,3,3,4,4942275,-153721,9,3,17,3,3,1,855,459,4,2,5,83,0,0,0,0,0
201900004641,19,6,3,425,5,7,9,4,4412405,-321512,2,3,36,2,4,1,847,9,4,2,3,12,0,0,0,0,0
201900004642,19,3,14,1330,1,8,8,3,4683173,107856,3,1,36,2,3,1,701,427,3,1,4,71,0,0,0,0,0
201900004643,19,12,18,126,2,5,2,3,4471510,-42025,7,1,45,3,4,3,658,54,5,4,1,74,0,0,0,0,0
201900004644,19,12,19,486,1,9,8,4,4770910,-71499,5,4,51,3,3,4,448,815,1,7,4,29,0,0,0,0,0
201900004645,19,1,3,597,2,9,9,7,4838248,-245173,6,2,49,3,3,2,696,991,6,1,2,96,0,0,0,0,0
201900004646,19,4,18,193,1,2,1,6,4517292,135558,4,2,46,1,1,3,628,899,6,4,2,71,0,0,0,0,0
201900004647,19,4,26,1422,2,3,4,4,4588913,-122672,9,4,8,1,1,3,623,842,9,5,4,99,0,0,0,0,0
201900004648,19,5,12,1733,1,3,3,6,4933135,-4042,6,2,42,3,1,1,902,445,5,2,5,53,0,0,0,0,0
201900004649,19,8,27,1382,2,9,4,4,4967649,617976,9,1,32,3,1,1,784,588,1,4,3,99,0,0,0,0,0
201900004650,19,3,20,852,3,6,9,3,4844454,50966,7,2,40,2,4,4,404,434,4,5,4,26,0,0,0,0,0
201900004651,19,11,6,563,2,7,9,3,4646860,-244296,1,1,31,3,4,2,43,413,6,4,1,62,0,0,0,0,0
201900004652,19,3,6,2358,2,1,9,2,4723967,137919,8,4,16,3,3,4,178,290,6,4,1,60,0,0,0,0,0
201900004653,19,5,26,1634,3,1,6,2,4806992,256193,3,2,12,2,2,1,440,493,2,5,2,46,0,0,0,0,0
201900004654,19,5,10,2293,3,4,4,3,4961887,-306950,2,1,45,3,3,4,817,690,7,1,3,0,0,0,0,0,0
201900004655,19,10,4,1087,1,3,5,7,4808747,-319787,6,3,15,3,1,3,52,910,1,1,4,83,0,0,0,0,0
201900004656,19,2,23,1241,2,2,8,7,4650363,676730,4,3,3,2,2,2,536,910,5,4,3,57,0,0,0,0,0
201900004657,19,5,12,1786,5,8,4,3,4607415,-118799,1,4,23,3,1,1,486,995,5,3,1,19,0,0,0,0,0
201900004658,19,12,27,1374,4,6,4,2,4955247,309789,2,3,38,3,1,3,608,158,8,3,5,20,0,0,0,0,0
201900004659,19,2,24,2351,2,3,5,2,4422745,248210,8,1,13,2,1,4,453,766,8,4,3,88,0,0,0,0,0
201900004660,19,6,18,1637,5,9,2,3,4772400,-398,7,4,44,3,4,2,53,592,9,1,5,58,0,0,0,0,0
201900004661,19,4,27,1922,3,8,6,7,4760244,-137956,7,3,11,3,1,3,702,93,1,4,1,49,0,0,0,0,0
201900004662,19,3,1,2248,4,4,4,5,4937475,385749,3,3,50,1,2,1,735,614,4,7,2,16,0,0,0,0,0
201900004663,19,11,11,538,4,6,4,7,4892444,-91562,3,4,24,3,4,2,837,464,1,1,3,2,0,0,0,0,0
201900004664,19,6,8,186,5,5,5,2,4608512,-329952,6,3,19,3,4,3,582,994,9,2,5,53,0,0,0,0,0
201900004665,19,3,9,788,1,3,4,1,4921005,649084,4,2,38,1,3,2,761,827,6,4,3,12,0,0,0,0,0
201900004666,19,2,7,435,1,4,6,5,4954059,119446,9,2,23,2,3,3,593,390,4,7,4,38,0,0,0,0,0
201900004667,19,3,25,2276,5,2,1,2,4484099,69167,9,4,29,2,1,2,568,399,3,2,5,85,0,0,0,0,0
201900004668,19,2,23,2012,4,2,4,1,4450614,471254,6,1,25,2,3,3,572,25,3,6,3,79,0,0,0,0,0
201900004669,19,11,15,267,2,9,2,3,4763210,95467,6,4,52,3,1,3,285,434,1,2,5,72,0,0,0,0,0
201900004670,19,10,8,1291,1,3,4,7,4427982,17330,9,2,22,2,3,3,102,414,3,4,3,17,0,0,0,0,0
201900004671,19,2,6,1378,2,2,2,1,4635035,-158179,7,4,35,1,3,2,173,94,5,3,1,42,0,0,0,0,0
201900004672,19,3,2,750,5,6,2,6,4772075,199836,3,4,20,3,3,2,655,839,6,5,2,67,0,0,0,0,0
201900004673,19,10,21,268,5,9,1,6,4828634,-393467,4,3,14,2,4,3,491,365,4,7,1,9,0,0,0,0,0
201900004674,19,11,6,806,1,2,2,5,4628135,235246,6,1,10,3,2,1,160,60,8,1,4,53,0,0,0,0,0
201900004675,19,10,18,17,4,1,4,3,4493018,575022,4,1,2,2,3,3,596,605,8,4,2,94,0,0,0,0,0
201900004676,19,11,12,1866,1,4,8,2,4444313,83841,8,2,10,3,1,3,176,231,3,4,4,73,0,0,0,0,0
201900004677,19,1,2,1686,2,1,3,3,4944828,395266,7,3,21,1,1,2,412,252,1,5,3,33,0,0,0,0,0
201900004678,19,1,28,1420,4,6,8,5,4757616,149254,5,2,15,3,1,3,721,156,2,3,5,17,0,0,0,0,0
201900004679,19,9,17,2125,1,3,6,3,4547284,-390062,9,4,37,3,3,1,605,417,4,5,2,49,0,0,0,0,0
201900004680,19,9,19,393,4,6,3,4,4521642,591875,4,3,15,1,1,2,576,188,4,6,1,56,0,0,0,0,0
201900004681,19,11,2,2302,3,7,9,2,4416769,532988,9,1,5,2,4,4,549,275,7,3,4,10,0,0,0,0,0
201900004682,19,10,27,876,3,9,2,3,4825426,-293601,2,2,44,1,3,1,136,483,6,3,5,86,0,0,0,0,0
201900004683,19,12,4,291,4,2,5,1,4678844,605914,9,1,12,2,4,2,57,313,3,1,1,50,0,0,0,0,0
201900004684,19,4,6,1676,1,9,4,7,4803461,40203,6,2,34,2,1,4,195,607,9,2,4,21,0,0,0,0,0
201900004685,19,4,26,1919,2,6,7,1,4986610,-231132,5,2,15,1,2,1,125,529,1,6,2,85,0,0,0,0,0
201900004686,19,9,7,397,2,7,8,3,4447083,465856,6,4,44,3,2,3,168,86,5,4,2,61,0,0,0,0,0
201900004687,19,10,18,896,1,6,2,3,4538838,-122464,8,3,3,3,2,1,462,491,6,4,3,91,0,0,0,0,0
201900004688,19,8,6,1921,4,4,2,2,4483151,-70647,3,3,10,3,1,4,393,111,2,2,3,79,0,0,0,0,0
201900004689,19,5,18,1029,3,3,8,2,4808581,-97704,6,2,4,2,1,3,477,545,2,3,1,30,0,0,0,0,0
201900004690,19,5,15,2164,2,7,1,1,4479886,376297,4,3,28,2,4,3,897,55,8,1,2,94,0,0,0,0,0
201900004691,19,7,6,544,3,9,8,1,4423642,-34367,6,3,52,3,3,4,435,981,6,6,3,9,0,0,0,0,0
201900004692,19,8,13,1816,1,9,8,7,4609298,-293340,6,1,49,1,4,4,91,255,4,6,5,23,0,0,0,0,0
201900004693,19,9,12,1839,2,1,4,7,4650776,-296664,9,1,23,2,1,3,98,511,1,1,5,88,0,0,0,0,0
201900004694,19,10,27,1854,5,5,3,5,4621555,478119,8,3,6,2,4,3,511,545,9,7,1,44,0,0,0,0,0
201900004695,19,3,17,2197,2,2,3,6,4909724,-137537,5,2,32,3,3,4,269,589,4,4,2,7,0,0,0,0,0
201900004696,19,8,4,2294,3,4,4,2,4408478,254363,7,4,10,3,2,4,101,258,6,2,3,73,0,0,0,0,0
201900004697,19,2,17,792,2,7,7,5,4801247,361258,3,4,36,2,4,3,866,634,7,2,5,29,0,0,0,0,0
201900004698,19,9,23,170,1,4,7,5,4867895,668899,3,4,27,1,1,4,395,635,2,4,1,62,0,0,0,0,0
201900004699,19,4,14,491,3,2,1,1,4923433,365795,8,2,41,3,3,4,813,619,2,1,1,78,0,0,0,0,0
201900004700,19,3,3,1803,2,1,3,1,4667559,55398,2,2,30,2,4,4,392,966,3,1,3,75,0,0,0,0,0
201900004701,19,11,24,1572,4,6,7,6,4778091,93338,7,4,51,3,1,4,531,102,7,2,4,66,0,0,0,0,0
201900004702,19,7,21,1305,1,7,5,4,4996375,634701,1,2,49,2,2,4,408,794,5,5,3,67,0,0,0,0,0
201900004703,19,9,23,573,5,3,8,4,4604629,-197204,4,1,30,2,1,4,510,893,2,2,3,84,0,0,0,0,0
201900004704,19,5,5,689,3,9,1,5,4710163,-45226,1,1,0,1,4,1,560,224,6,5,5,44,0,0,0,0,0
201900004705,19,7,17,1752,2,8,7,5,4744122,5132,2,3,23,2,1,3,89,193,1,1,4,29,0,0,0,0,0
201900004706,19,12,6,2207,5,2,7,4,4696627,-336164,1,2,52,2,3,4,0,46,7,3,4,50,0,0,0,0,0
201900004707,19,12,10,1480,4,4,7,2,4676085,144888,8,3,43,1,1,3,162,851,4,3,5,8,0,0,0,0,0
201900004708,19,12,21,579,3,1,1,7,4415729,-240455,2,4,1,2,1,2,776,326,6,7,5,93,0,0,0,0,0
201900004709,19,8,8,2068,1,4,4,1,4483830,-167070,2,3,30,3,4,3,748,853,1,6,2,92,0,0,0,0,0
201900004710,19,11,9,339,2,6,8,6,4972841,-192799,2,3,25,1,2,2,192,599,8,7,1,59,0,0,0,0,0
201900004711,19,10,14,2351,5,6,8,3,4623154,508820,6,2,2,1,4,3,740,766,5,4,4,25,0,0,0,0,0
201900004712,19,6,26,2305,5,7,8,2,4833092,94621,6,1,38,2,4,3,767,215,8,6,5,13,0,0,0,0,0
201900004713,19,2,10,906,1,5,1,7,4979563,-5602,2,1,4,3,2,3,654,770,2,7,3,76,0,0,0,0,0
201900004714,19,1,23,1159,4,8,5,4,4514647,-126957,4,3,22,3,4,2,422,58,5,5,2,17,0,0,0,0,0
201900004715,19,10,23,1151,4,8,8,3,4639342,138862,7,3,50,2,3,3,494,720,2,3,1,11,0,0,0,0,0
201900004716,19,8,13,954,1,1,3,7,4828158,408075,2,2,25,3,4,4,217,985,9,7,5,88,0,0,0,0,0
201900004717,19,7,15,1041,5,9,4,5,4534082,298559,7,4,26,3,1,2,172,16,6,5,5,67,0,0,0,0,0
201900004718,19,2,18,1583,5,7,6,3,4606131,-383741,2,1,52,3,3,1,205,837,4,3,3,13,0,0,0,0,0
201900004719,19,7,14,2329,4,8,4,5,4901244,615325,4,3,45,1,3,4,732,297,2,7,5,71,0,0,0,0,0
201900004720,19,9,28,1226,2,2,5,7,4717388,110702,9,1,40,2,1,2,232,719,7,5,3,0,0,0,0,0,0
201900004721,19,8,25,2,1,7,5,2,4403641,-135038,6,3,34,3,1,1,146,30,6,3,4,48,0,0,0,0,0
201900004722,19,3,5,1985,4,1,4,6,4429237,-23216,7,4,7,3,2,3,389,403,7,5,4,56,0,0,0,0,0
201900004723,19,7,7,1908,3,3,5,1,4732960,-227297,2,1,1,2,1,3,380,247,5,5,3,31,0,0,0,0,0
201900004724,19,1,9,1824,5,8,3,3,4482597,129653,8,1,5,3,2,3,891,645,6,2,1,68,0,0,0,0,0
201900004725,19,11,5,1349,3,5,8,7,4550642,584477,7,3,14,1,1,3,849,596,3,1,2,31,0,0,0,0,0
201900004726,19,9,10,681,1,6,8,3,4704756,199192,2,1,44,2,3,2,692,698,2,4,3,94,0,0,0,0,0
201900004727,19,4,4,953,5,4,1,6,4774456,107086,8,4,0,2,2,2,85,169,4,6,1,56,0,0,0,0,0
201900004728,19,9,23,776,3,5,8,6,4878508,153131,2,3,42,1,4,1,524,698,3,2,1,68,0,0,0,0,0
201900004729,19,10,16,1698,5,4,5,4,4582083,-301538,3,4,18,3,3,1,766,233,3,2,3,63,0,0,0,0,0
201900004730,19,9,21,2078,4,2,6,2,4650198,-160607,3,2,16,1,1,2,756,610,8,4,3,17,0,0,0,0,0
201900004731,19,5,4,1454,3,5,7,5,4451175,557582,6,4,48,2,1,3,880,92,1,3,2,44,0,0,0,0,0
201900004732,19,10,18,1170,1,4,8,6,4843730,-238652,2,1,7,3,1,3,347,307,3,6,3,32,0,0,0,0,0
201900004733,19,5,12,1617,2,4,4,7,4961272,491169,9,3,37,3,4,2,404,821,1,1,2,35,0,0,0,0,0
201900004734,19,3,21,2312,4,4,5,7,4766965,-219837,1,3,9,1,2,4,271,126,6,6,3,77,0,0,0,0,0
201900004735,19,2,10,1258,3,9,5,5,4576673,-145627,3,4,29,3,3,1,495,4,2,7,1,46,0,0,0,0,0
201900004736,19,9,26,1663,2,6,3,3,4684216,-399907,8,4,53,1,3,4,365,6,9,6,4,9,0,0,0,0,0
201900004737,19,5,3,1988,2,5,5,7,4727223,-362181,5,1,32,3,3,2,863,604,2,4,5,44,0,0,0,0,0
201900004738,19,9,12,549,3,9,7,7,4420170,-298790,9,3,37,1,4,3,88,571,2,2,4,39,0,0,0,0,0
201900004739,19,5,26,1755,3,9,2,7,4824869,61395,3,2,4,1,2,1,691,244,9,6,4,17,0,0,0,0,0
201900004740,19,2,1,810,5,9,9,4,4954972,-378747,1,3,16,2,3,3,882,872,1,5,3,85,0,0,0,0,0
201900004741,19,5,15,1280,2,9,9,7,4431514,163391,6,4,34,3,3,4,123,198,5,3,3,76,0,0,0,0,0
201900004742,19,10,26,136,3,4,9,6,4827208,520893,4,4,31,3,1,4,626,963,2,3,5,79,0,0,0,0,0
201900004743,19,11,23,1570,2,8,1,5,4849432,-309230,5,2,17,1,3,4,139,937,2,6,2,73,0,0,0,0,0
201900004744,19,5,14,245,4,5,3,4,4818308,-398483,8,3,25,3,1,1,132,503,5,3,3,94,0,0,0,0,0
201900004745,19,7,15,1864,2,6,3,3,4668522,335898,6,4,20,1,2,1,365,707,3,4,1,66,0,0,0,0,0
201900004746,19,7,28,1071,5,1,5,2,4919579,363356,5,1,17,1,3,1,457,604,9,6,5,6,0,0,0,0,0
201900004747,19,1,17,1439,4,2,5,5,4693577,-245652,5,1,32,2,2,2,241,217,5,4,5,58,0,0,0,0,0
201900004748,19,4,13,2042,3,8,8,7,4572629,-359546,6,1,25,1,3,1,782,27,7,3,2,68,0,0,0,0,0
201900004749,19,7,28,1733,4,9,3,1,4938510,686801,3,4,16,3,4,1,94,657,1,2,5,71,0,0,0,0,0
201900004750,19,3,7,1574,3,1,8,3,4732190,99605,4,2,27,3,4,1,553,424,9,3,1,29,0,0,0,0,0
201900004751,19,12,16,2345,5,3,4,2,4871693,246610,6,4,27,3,1,2,335,827,1,6,2,75,0,0,0,0,0
201900004752,19,5,27,1308,5,8,7,3,4485805,35915,3,1,7,1,2,4,76,2,5,6,5,55,0,0,0,0,0
201900004753,19,1,21,966,1,3,7,2,4996785,630196,5,3,51,1,1,2,278,429,6,5,4,2,0,0,0,0,0
201900004754,19,10,7,1944,1,6,3,4,4498293,-291794,3,4,13,2,3,1,669,153,7,6,1,54,0,0,0,0,0
201900004755,19,1,5,955,3,5,4,1,4602202,478666,4,4,40,2,3,4,714,469,7,3,2,77,0,0,0,0,0
201900004756,19,1,15,223,3,8,4,1,4497149,510269,4,3,35,2,4,4,733,587,7,1,1,12,0,0,0,0,0
201900004757,19,9,12,1261,5,6,5,3,4513344,605695,1,3,14,2,2,1,140,422,1,1,3,22,0,0,0,0,0
201900004758,19,9,22,1001,4,8,3,1,4510368,595124,5,4,41,2,4,1,454,726,4,3,5,92,0,0,0,0,0
201900004759,19,1,11,299,3,4,4,5,4991563,466070,4,2,28,3,3,4,480,19,6,6,5,24,0,0,0,0,0
201900004760,19,12,20,64,2,1,7,5,4994682,151370,1,2,44,3,4,2,849,666,6,5,1,62,0,0,0,0,0
201900004761,19,7,25,1016,3,7,4,1,4781181,-120887,8,4,8,2,2,1,766,435,3,6,4,5,0,0,0,0,0
201900004762,19,1,4,785,5,4,3,2,4724055,-230284,2,3,6,3,3,2,35,278,2,5,4,0,0,0,0,0,0
201900004763,19,4,17,727,1,8,1,2,4499691,191009,5,1,14,1,4,1,476,307,5,7,5,74,0,0,0,0,0
201900004764,19,1,12,1218,1,4,5,4,4671650,337804,1,1,47,2,3,2,757,833,4,5,2,12,0,0,0,0,0
201900004765,19,7,13,1417,3,2,1,1,4557194,59569,9,1,1,1,1,1,131,33,2,6,4,27,0,0,0,0,0
201900004766,19,11,1,200,2,9,1,2,4879342,-272087,5,4,2,1,4,3,67,783,7,7,1,27,0,0,0,0,0
201900004767,19,3,6,560,3,1,8,6,4754953,-63666,2,4,3,3,2,4,76,287,1,7,3,24,0,0,0,0,0
201900004768,19,7,6,1982,3,6,4,4,4477187,-382482,2,3,32,2,4,3,391,584,7,2,5,86,0,0,0,0,0
201900004769,19,10,7,1808,2,5,7,2,4495450,-302669,9,2,3,2,2,4,864,979,1,1,4,30,0,0,0,0,0
201900004770,19,12,22,49,1,6,7,3,4790858,-188379,5,3,16,2,4,2,457,22,5,7,5,3,0,0,0,0,0
201900004771,19,12,18,628,2,9,6,2,4823448,616144,1,2,1,1,3,1,723,97,6,1,2,84,0,0,0,0,0
201900004772,19,9,4,513,3,9,2,6,4944538,578889,7,4,9,1,1,3,222,729,5,3,2,75,0,0,0,0,0
201900004773,19,2,19,1913,1,2,9,1,4969048,561447,6,2,4,2,3,1,442,284,9,6,5,97,0,0,0,0,0
201900004774,19,6,2,1257,2,9,3,5,4532454,-318056,8,3,19,3,3,4,87,14,3,2,4,52,0,0,0,0,0
201900004775,19,3,3,285,4,5,4,5,4603538,489584,5,4,24,3,1,1,546,167,2,5,3,9,0,0,0,0,0
201900004776,19,11,18,1517,4,5,6,6,4558626,601613,5,2,9,2,1,4,841,562,9,6,5,85,0,0,0,0,0
201900004777,19,3,8,1344,2,3,6,4,4401336,431928,3,4,44,3,4,3,759,979,9,2,4,33,0,0,0,0,0
201900004778,19,3,24,735,1,9,1,6,4518341,-150020,9,2,50,2,1,3,238,924,1,4,2,69,0,0,0,0,0
201900004779,19,3,26,981,4,5,2,4,4684289,-94020,2,4,0,2,1,1,698,554,5,6,5,56,0,0,0,0,0
201900004780,19,12,5,901,2,4,1,5,4494760,-111462,9,2,35,2,1,1,656,708,8,6,3,25,0,0,0,0,0
201900004781,19,6,1,1291,2,5,9,7,4485110,310578,8,3,28,2,3,2,220,24,6,3,4,60,0,0,0,0,0
201900004782,19,12,3,1711,3,5,2,7,4611388,-109579,7,2,12,3,2,1,171,951,7,4,4,82,0,0,0,0,0
201900004783,19,8,10,1381,1,3,5,2,4543318,-160479,1,4,41,3,1,3,239,395,3,7,1,37,0,0,0,0,0
201900004784,19,10,19,983,4,8,9,3,4961669,19753,4,4,7,3,1,2,784,223,4,1,2,88,0,0,0,0,0
201900004785,19,2,21,1834,3,4,1,4,4919517,-148286,6,2,10,3,2,4,887,600,5,5,4,96,0,0,0,0,0
201900004786,19,4,1,944,2,7,4,3,4422035,105045,9,1,53,2,2,4,148,561,6,6,3,94,0,0,0,0,0
201900004787,19,6,9,2071,2,9,3,5,4666768,217458,8,2,6,2,4,1,165,306,9,1,3,50,0,0,0,0,0
201900004788,19,7,24,2208,4,3,4,2,4625680,-307369,4,4,14,2,4,4,398,299,2,4,4,76,0,0,0,0,0
201900004789,19,6,8,1683,5,1,5,6,4825228,-56109,5,2,2,1,4,4,317,818,9,4,3,62,0,0,0,0,0
201900004790,19,4,4,1673,3,5,3,2,4529039,-166165,3,3,26,3,3,1,88,95,4,6,1,73,0,0,0,0,0
201900004791,19,10,16,616,4,2,5,4,4613192,-170047,5,4,15,2,3,2,109,748,7,1,1,54,0,0,0,0,0
201900004792,19,10,17,654,5,2,3,7,4884732,-322016,6,1,11,3,2,2,219,795,9,5,1,80,0,0,0,0,0
201900004793,19,8,22,965,2,1,1,7,4883341,423656,4,4,36,3,3,3,389,671,9,5,3,7,0,0,0,0,0