Num_Acc,an,mois,jour,hrmn,lum,int,atm,col,lat,long,catr,circ,nbv,vosp,prof,plan,lartpc,larrout,surf,infra,situ,env1,unscathed,killed,hospital,light,chance
201900004794,19,2,23,1625,2,6,5,4,4865016,604113,5,2,26,3,3,3,871,978,7,4,3,5,0,0,0,0,0
201900004795,19,10,22,798,1,1,4,4,4896388,-67224,2,2,49,2,4,4,713,37,2,2,4,69,0,0,0,0,0
201900004796,19,8,5,997,4,1,1,5,4420988,-360521,8,4,8,1,1,2,531,342,1,1,5,53,0,0,0,0,0
201900004797,19,11,15,532,5,8,7,1,4702915,-305893,6,4,16,2,2,1,550,524,5,6,2,46,0,0,0,0,0
201900004798,19,4,13,740,2,4,5,6,4869488,495608,4,4,12,3,3,3,694,835,2,3,3,96,0,0,0,0,0
201900004799,19,10,23,2225,3,2,8,1,4481201,346479,7,4,7,1,3,1,480,742,5,2,1,25,0,0,0,0,0
201900004800,19,10,12,719,2,8,7,7,4620413,304305,7,2,26,3,3,3,264,601,8,1,1,56,0,0,0,0,0
201900004801,19,3,20,2060,1,8,2,4,4697070,34467,3,4,16,3,1,4,320,310,6,5,1,89,0,0,0,0,0
201900004802,19,6,3,1860,1,7,1,6,4812598,178026,8,4,1,2,1,2,101,910,6,1,4,67,0,0,0,0,0
201900004803,19,5,6,534,2,3,1,4,4900877,73486,3,4,15,1,3,2,184,716,3,5,1,31,0,0,0,0,0
201900004804,19,8,14,182,3,9,4,7,4566500,593500,9,1,4,3,4,1,558,467,1,1,2,51,0,0,0,0,0
201900004805,19,6,26,1573,2,9,2,5,4558982,-17056,6,3,17,3,4,4,710,372,9,2,2,44,0,0,0,0,0
201900004806,19,2,28,724,2,7,6,1,4583209,-184221,5,3,41,3,3,2,217,351,4,6,3,8,0,0,0,0,0
201900004807,19,6,22,771,3,2,2,2,4637738,-257777,1,4,19,3,2,3,770,960,6,2,3,33,0,0,0,0,0
201900004808,19,12,28,285,5,4,5,5,4597752,-2807,1,3,8,3,1,4,458,491,8,1,5,7,0,0,0,0,0
201900004809,19,9,5,66,2,8,4,4,4877562,97148,2,4,51,1,4,3,745,249,7,6,3,68,0,0,0,0,0
201900004810,19,11,15,612,4,3,4,6,4853964,122066,4,2,6,3,4,3,906,762,1,4,3,93,0,0,0,0,0
201900004811,19,8,22,1295,5,3,8,5,4954864,131812,4,4,42,3,4,4,125,651,2,7,5,42,0,0,0,0,0
201900004812,19,7,6,2003,5,9,7,6,4415948,-219350,9,2,49,3,1,1,490,162,2,4,4,68,0,0,0,0,0
201900004813,19,8,16,2333,4,8,7,5,4511728,517844,1,2,38,3,4,2,372,915,5,2,5,4,0,0,0,0,0
201900004814,19,11,7,268,1,1,3,1,4646938,-294514,7,1,4,3,1,1,113,441,6,6,1,2,0,0,0,0,0
201900004815,19,6,8,1855,1,4,9,2,4553426,66798,6,3,18,3,2,4,579,601,4,1,5,12,0,0,0,0,0
201900004816,19,12,2,2055,3,8,4,4,4533697,129781,7,1,44,3,2,3,612,853,3,2,2,67,0,0,0,0,0
201900004817,19,4,5,1764,3,5,5,7,4976397,115187,4,3,9,1,2,2,398,135,3,3,5,8,0,0,0,0,0
201900004818,19,5,16,354,4,7,4,2,4529661,-322816,3,4,5,3,3,3,333,622,4,5,4,4,0,0,0,0,0
201900004819,19,2,25,1486,2,8,3,7,4460333,405520,4,1,31,3,3,2,112,979,2,2,2,23,0,0,0,0,0
201900004820,19,2,4,1205,2,9,5,7,4996805,-345519,9,2,24,2,3,1,159,810,4,2,1,10,0,0,0,0,0
201900004821,19,2,7,84,1,9,1,7,4952512,-153756,8,3,4,1,1,1,209,508,2,5,3,87,0,0,0,0,0
201900004822,19,9,4,461,2,2,4,2,4506812,11139,2,2,0,2,4,2,677,289,6,5,3,12,0,0,0,0,0
201900004823,19,9,12,322,5,6,3,7,4773857,372123,2,4,0,2,4,4,445,775,3,5,3,74,0,0,0,0,0
201900004824,19,12,16,1269,4,4,9,4,4998635,-369689,9,2,16,3,4,1,227,873,3,3,3,24,0,0,0,0,0
201900004825,19,12,27,1233,3,1,6,1,4567211,-274987,8,3,22,3,1,1,231,787,4,1,2,12,0,0,0,0,0
201900004826,19,4,26,496,4,5,3,2,4757652,-260895,2,1,20,2,4,3,115,874,4,2,5,98,0,0,0,0,0
201900004827,19,7,5,238,1,7,2,5,4893776,-159108,6,2,21,2,1,1,87,584,9,5,1,27,0,0,0,0,0
201900004828,19,1,21,1796,5,9,5,6,4884324,206674,2,4,16,3,3,4,805,164,8,7,5,61,0,0,0,0,0
201900004829,19,9,13,1674,2,1,6,2,4959217,-259842,3,2,53,3,2,2,467,376,7,1,3,74,0,0,0,0,0
201900004830,19,5,28,2265,4,5,7,5,4607840,369155,6,3,19,1,4,3,901,228,3,3,3,38,0,0,0,0,0
201900004831,19,10,11,2057,1,9,1,6,4995200,173117,9,3,18,2,2,3,481,88,5,6,3,72,0,0,0,0,0
201900004832,19,5,13,1889,1,6,1,6,4451367,306023,4,4,9,3,2,4,473,106,4,2,3,32,0,0,0,0,0
201900004833,19,12,6,211,5,9,8,7,4572874,-66231,2,2,8,2,2,1,394,168,6,2,5,33,0,0,0,0,0
201900004834,19,10,14,2077,5,8,9,7,4782455,63946,7,1,22,1,1,2,301,644,1,6,5,99,0,0,0,0,0
201900004835,19,7,16,1984,3,7,3,1,4494112,8124,2,2,9,2,2,3,255,91,7,4,3,61,0,0,0,0,0
201900004836,19,6,20,1469,2,3,3,7,4600637,71798,4,3,25,2,1,2,92,243,6,1,3,91,0,0,0,0,0
201900004837,19,4,4,1631,3,3,5,6,4768275,-373819,2,4,1,1,4,4,468,314,3,7,2,38,0,0,0,0,0
201900004838,19,1,11,1569,3,7,4,7,4512571,392431,7,2,36,3,4,4,126,441,1,6,2,62,0,0,0,0,0
201900004839,19,8,11,1629,1,2,6,5,4940481,313872,8,1,33,2,1,2,421,850,7,2,2,77,0,0,0,0,0
201900004840,19,1,19,482,5,2,3,7,4630708,653681,5,2,28,3,1,4,772,439,9,7,1,26,0,0,0,0,0
201900004841,19,3,6,1824,4,6,7,7,4605383,438425,2,3,16,2,3,4,333,254,2,1,2,55,0,0,0,0,0
201900004842,19,3,11,1327,5,6,6,1,4725800,185206,1,4,10,2,2,2,500,846,8,7,3,45,0,0,0,0,0
201900004843,19,11,14,1568,3,1,2,4,4896227,-163565,9,1,41,2,4,4,222,659,5,5,5,37,0,0,0,0,0
201900004844,19,2,27,1131,1,3,9,7,4842704,145398,1,1,26,1,3,1,881,543,4,3,4,31,0,0,0,0,0
201900004845,19,4,24,63,2,9,1,7,4861600,511739,1,2,31,3,1,1,302,614,9,1,4,79,0,0,0,0,0
201900004846,19,5,6,116,1,7,4,1,4691921,650670,5,3,46,1,2,1,27,757,4,3,4,3,0,0,0,0,0
201900004847,19,1,6,672,5,8,4,3,4880434,591010,4,2,20,1,2,2,396,743,6,4,4,33,0,0,0,0,0
201900004848,19,1,27,1293,3,1,7,3,4687899,-303394,9,4,35,1,3,3,280,830,4,6,2,60,0,0,0,0,0
201900004849,19,5,22,2005,1,2,5,5,4528268,-140367,2,3,14,1,2,1,11,22,3,6,1,50,0,0,0,0,0
201900004850,19,11,5,1261,4,8,9,6,4554823,494315,5,4,8,3,3,4,391,427,8,4,1,53,0,0,0,0,0
201900004851,19,9,13,1060,2,9,2,3,4841577,404927,6,4,49,3,2,1,293,740,6,5,4,56,0,0,0,0,0
201900004852,19,5,5,7,5,4,7,7,4851680,689934,9,2,10,3,1,1,535,920,1,4,5,52,0,0,0,0,0
201900004853,19,12,15,151,4,1,5,3,4591165,43957,8,1,48,1,4,3,206,26,6,5,2,12,0,0,0,0,0
201900004854,19,7,12,197,1,1,9,7,4757443,553066,1,2,33,2,2,2,620,388,6,6,3,34,0,0,0,0,0
201900004855,19,11,28,1600,3,1,1,3,4779640,295900,8,3,35,1,1,4,241,815,7,1,3,31,0,0,0,0,0
201900004856,19,8,7,101,4,6,9,2,4564849,599629,7,1,23,3,4,4,273,293,5,3,5,64,0,0,0,0,0
201900004857,19,9,14,723,5,8,2,6,4813601,-346121,3,3,17,1,3,4,410,152,2,3,2,94,0,0,0,0,0
201900004858,19,3,8,7,3,6,8,5,4698870,475263,7,2,30,2,4,4,566,998,5,4,2,42,0,0,0,0,0
201900004859,19,3,2,2141,4,3,9,1,4475963,636868,4,2,33,1,3,2,522,891,6,6,4,43,0,0,0,0,0
201900004860,19,7,15,879,1,4,6,5,4455261,343628,7,4,10,1,3,1,433,689,1,6,5,27,0,0,0,0,0
201900004861,19,12,28,683,1,3,1,4,4965963,-51637,4,2,46,2,4,3,756,555,5,6,2,44,0,0,0,0,0
201900004862,19,5,5,794,2,7,7,2,4669939,177137,4,3,43,2,1,3,223,855,8,7,4,32,0,0,0,0,0
201900004863,19,4,12,1685,3,9,7,4,4972073,150803,1,1,31,2,1,3,499,844,5,6,2,57,0,0,0,0,0
201900004864,19,4,3,1558,1,8,8,5,4706590,132212,5,2,31,1,1,3,199,583,5,1,3,81,0,0,0,0,0
201900004865,19,8,26,905,2,8,3,1,4652903,341393,5,2,31,1,3,1,8,222,9,4,2,93,0,0,0,0,0
201900004866,19,7,27,2293,5,9,8,2,4619925,363564,9,1,42,3,4,4,797,642,7,6,5,56,0,0,0,0,0
201900004867,19,4,8,807,3,3,9,7,4436339,-253784,7,3,5,3,3,2,347,611,6,7,2,28,0,0,0,0,0
201900004868,19,9,22,522,4,1,6,4,4763968,509471,5,1,2,2,1,1,34,315,2,4,1,78,0,0,0,0,0
201900004869,19,1,7,1968,1,2,1,7,4599395,61694,6,4,53,3,2,4,663,785,2,4,3,59,0,0,0,0,0
201900004870,19,8,27,23,4,6,8,5,4850311,197592,9,3,23,2,1,1,755,866,3,3,5,64,0,0,0,0,0
201900004871,19,7,20,2082,1,3,8,4,4813388,-311166,8,4,46,3,4,3,586,529,4,4,1,10,0,0,0,0,0
201900004872,19,11,2,759,1,1,1,7,4775977,114387,7,3,53,1,1,3,287,487,1,4,3,58,0,0,0,0,0
201900004873,19,9,18,1722,4,7,6,2,4857250,238574,1,2,11,3,4,2,326,360,1,6,2,37,0,0,0,0,0
201900004874,19,4,14,1656,3,6,3,2,4605166,640511,9,1,22,2,3,3,277,925,5,2,2,75,0,0,0,0,0
201900004875,19,7,21,593,5,9,7,5,4832699,-288607,8,3,16,3,3,3,580,723,7,2,3,98,0,0,0,0,0
201900004876,19,6,23,1920,3,4,1,6,4924345,-171073,4,2,8,3,4,4,16,228,3,5,5,1,0,0,0,0,0
201900004877,19,5,6,1594,5,3,4,1,4919259,-346530,1,2,41,1,2,4,76,465,3,5,4,39,0,0,0,0,0
201900004878,19,6,14,351,4,6,2,3,4450829,-375533,9,4,20,1,1,2,419,305,1,3,4,44,0,0,0,0,0
201900004879,19,8,26,1898,2,4,7,3,4426951,14495,2,3,30,3,2,2,599,131,7,6,2,69,0,0,0,0,0
201900004880,19,2,3,1135,5,5,7,2,4451166,598103,3,3,5,3,1,3,595,628,2,1,1,84,0,0,0,0,0
201900004881,19,9,14,1772,4,6,1,7,4595798,-301720,6,2,49,2,4,4,771,904,8,7,4,24,0,0,0,0,0
201900004882,19,2,11,2353,1,7,5,7,4698256,274864,3,1,35,3,1,2,785,379,4,1,1,50,0,0,0,0,0
201900004883,19,4,4,1056,1,2,4,7,4552004,133589,9,2,18,2,1,2,526,562,9,4,5,95,0,0,0,0,0
201900004884,19,9,23,1323,3,7,5,3,4640871,163386,8,1,42,1,4,4,700,906,6,3,2,20,0,0,0,0,0
201900004885,19,6,15,340,4,8,9,2,4761512,-337276,3,3,30,3,2,4,352,44,1,6,5,13,0,0,0,0,0
201900004886,19,11,9,1401,4,2,9,3,4825517,437190,8,3,7,1,1,3,189,610,4,1,1,4,0,0,0,0,0
201900004887,19,4,13,266,1,4,5,3,4956739,-110154,4,3,12,1,2,1,497,975,5,5,3,63,0,0,0,0,0
201900004888,19,1,6,720,1,7,1,2,4461222,328016,9,1,42,2,2,2,184,830,1,4,3,16,0,0,0,0,0
201900004889,19,11,28,2228,1,8,3,4,4532223,102118,7,2,29,1,4,4,517,792,8,2,4,31,0,0,0,0,0
201900004890,19,3,17,1525,1,9,1,1,4642754,232730,4,4,7,3,4,2,126,732,4,5,3,97,0,0,0,0,0
201900004891,19,12,15,1622,1,8,9,1,4627960,264791,8,2,27,3,1,4,508,233,1,4,5,72,0,0,0,0,0
201900004892,19,5,27,771,3,5,4,4,4989248,642305,7,1,33,3,1,2,601,83,8,5,2,73,0,0,0,0,0
201900004893,19,5,7,1255,5,9,8,5,4749317,408152,9,1,13,1,2,2,620,394,3,4,3,92,0,0,0,0,0
201900004894,19,3,2,561,1,6,1,5,4726811,-337725,5,3,30,1,3,1,125,849,1,6,3,38,0,0,0,0,0
201900004895,19,10,26,1816,3,9,6,3,4704907,-267830,9,2,28,2,1,1,210,315,7,7,2,91,0,0,0,0,0
201900004896,19,9,11,474,1,4,2,1,4466923,454899,1,1,49,3,3,1,203,66,8,3,4,47,0,0,0,0,0
201900004897,19,4,24,1032,1,5,5,6,4950413,277969,7,3,34,1,1,1,282,477,1,7,2,87,0,0,0,0,0
201900004898,19,8,17,650,2,1,4,1,4645440,575194,9,3,12,1,2,1,708,117,5,6,2,15,0,0,0,0,0
201900004899,19,5,14,2277,1,9,6,4,4673928,482660,3,1,11,1,1,1,426,464,9,1,1,10,0,0,0,0,0
201900004900,19,9,26,1541,5,9,4,5,4411695,439993,9,1,14,2,3,1,686,807,4,3,3,4,0,0,0,0,0
201900004901,19,4,20,1425,5,2,3,5,4469231,-282408,5,2,14,3,3,1,914,58,1,6,5,63,0,0,0,0,0
201900004902,19,3,13,588,5,3,8,7,4515714,-90429,3,4,23,2,3,2,29,342,2,2,3,72,0,0,0,0,0
201900004903,19,5,18,1976,3,5,5,4,4762222,-21375,4,2,47,2,3,1,6,817,8,2,1,28,0,0,0,0,0
201900004904,19,7,14,1607,1,9,2,3,4473246,381051,1,1,28,3,3,4,842,720,1,4,4,93,0,0,0,0,0
201900004905,19,6,13,1794,3,8,4,7,4796899,-124965,5,3,44,3,4,2,307,732,5,2,4,18,0,0,0,0,0
201900004906,19,11,12,327,3,7,5,2,4886642,335636,6,3,36,3,2,4,275,454,7,7,1,29,0,0,0,0,0
201900004907,19,9,13,1874,4,9,2,7,4904571,264964,4,1,43,3,4,1,617,637,7,5,5,46,0,0,0,0,0
201900004908,19,3,3,1159,2,1,7,6,4729214,-58482,5,1,36,3,4,2,505,588,5,2,1,88,0,0,0,0,0
201900004909,19,1,27,250,2,6,2,5,4748222,556569,5,2,13,2,3,4,596,568,8,7,4,39,0,0,0,0,0
201900004910,19,5,22,1358,2,5,1,7,4540253,-307799,7,2,13,2,1,4,778,306,5,7,4,7,0,0,0,0,0
201900004911,19,4,5,708,2,2,7,1,4984664,-206106,8,2,13,3,4,3,848,92,7,4,1,13,0,0,0,0,0
201900004912,19,1,10,1844,1,8,4,4,4539473,212129,5,1,39,2,3,4,842,19,1,2,5,90,0,0,0,0,0
201900004913,19,12,22,560,4,1,4,2,4822192,-121702,8,4,17,3,4,2,563,339,6,2,4,91,0,0,0,0,0
201900004914,19,6,22,968,2,5,1,1,4404113,510330,3,4,25,3,1,1,738,813,1,5,1,6,0,0,0,0,0
201900004915,19,11,28,846,4,3,6,6,4862556,611945,6,2,49,3,1,3,551,350,7,6,1,94,0,0,0,0,0
201900004916,19,9,15,1350,5,1,2,7,4955694,420111,7,2,15,3,3,2,872,613,7,7,3,80,0,0,0,0,0
201900004917,19,9,17,1836,5,5,3,4,4444074,-395507,5,2,6,3,2,4,404,303,1,2,3,86,0,0,0,0,0
201900004918,19,5,20,1443,2,6,5,1,4454951,-286729,3,2,43,2,1,4,484,646,3,3,3,17,0,0,0,0,0
201900004919,19,9,28,1475,4,5,4,5,4614154,4287,7,4,1,2,1,3,914,48,8,1,1,36,0,0,0,0,0
201900004920,19,6,9,1691,5,2,1,6,4464579,554088,7,3,35,1,3,4,522,432,5,3,5,24,0,0,0,0,0
201900004921,19,1,7,851,5,2,9,4,4667076,-272126,4,2,46,2,3,2,686,212,9,5,2,43,0,0,0,0,0
201900004922,19,11,14,1569,1,9,6,3,4984345,666102,3,1,39,1,2,2,783,90,8,7,3,14,0,0,0,0,0
201900004923,19,2,20,935,2,2,4,6,4770615,-357201,3,4,36,1,4,3,513,56,4,2,2,31,0,0,0,0,0
201900004924,19,2,11,2031,3,8,9,4,4554582,97789,7,2,28,1,4,4,516,87,3,2,4,72,0,0,0,0,0
201900004925,19,2,28,1416,1,5,7,6,4581346,527534,2,4,4,1,3,2,484,140,7,4,2,33,0,0,0,0,0
201900004926,19,11,9,1707,4,4,7,6,4856381,-350172,9,1,21,1,2,3,457,837,5,4,5,85,0,0,0,0,0
201900004927,19,8,1,631,1,5,6,2,4906645,51333,3,3,29,3,1,2,480,33,8,2,1,30,0,0,0,0,0
201900004928,19,7,2,469,2,5,7,5,4613110,414520,8,3,51,3,1,3,370,519,4,3,5,37,0,0,0,0,0
201900004929,19,8,7,1497,5,9,5,4,4968797,-316898,6,3,46,1,3,4,725,397,2,2,3,16,0,0,0,0,0
201900004930,19,11,4,887,4,6,6,6,4406809,-45379,7,3,44,3,1,1,678,964,1,3,1,63,0,0,0,0,0
201900004931,19,3,5,517,4,8,2,6,4707927,156671,8,1,1,1,4,3,484,338,7,5,4,18,0,0,0,0,0
201900004932,19,5,23,1624,4,6,6,2,4459054,343839,9,1,5,1,1,1,395,660,4,2,2,25,0,0,0,0,0
201900004933,19,4,11,1913,4,9,9,5,4803785,-51401,7,4,30,2,4,4,736,250,9,7,5,42,0,0,0,0,0
201900004934,19,4,25,179,2,8,6,6,4959881,465514,7,4,32,3,3,3,127,443,9,4,1,95,0,0,0,0,0
201900004935,19,12,20,2270,4,9,1,1,4666449,-305699,6,1,1,1,1,2,861,727,5,5,1,28,0,0,0,0,0
201900004936,19,2,16,2308,5,7,7,4,4742781,151395,8,1,37,3,1,4,479,258,8,6,5,22,0,0,0,0,0
201900004937,19,8,12,856,5,7,8,3,4551550,-151910,8,4,23,2,1,2,730,772,6,6,3,30,0,0,0,0,0
201900004938,19,8,22,2020,1,7,7,3,4557112,23166,9,3,19,2,1,4,58,341,8,3,2,37,0,0,0,0,0
201900004939,19,8,4,945,5,2,9,1,4966634,338210,2,2,53,3,2,4,188,564,5,4,2,82,0,0,0,0,0
201900004940,19,7,8,1850,5,8,9,4,4782473,-243009,5,1,19,2,4,1,630,623,2,7,5,11,0,0,0,0,0
201900004941,19,2,19,1723,1,7,3,6,4831805,472170,6,2,3,2,1,4,261,141,4,6,2,5,0,0,0,0,0
201900004942,19,9,28,560,3,2,3,5,4625677,-337666,5,4,2,3,3,1,46,157,5,6,2,32,0,0,0,0,0
201900004943,19,9,25,1856,4,2,6,5,4908014,560142,6,3,40,1,2,4,800,522,9,3,2,17,0,0,0,0,0
201900004944,19,5,26,2334,4,8,4,7,4627471,29714,6,3,39,1,1,1,630,116,8,4,5,95,0,0,0,0,0
201900004945,19,7,10,1130,4,2,1,3,4697465,-275400,2,4,46,1,4,4,869,510,9,6,1,64,0,0,0,0,0
201900004946,19,10,14,1550,3,8,5,6,4937271,-132628,4,2,51,1,2,4,806,157,5,7,5,61,0,0,0,0,0
201900004947,19,7,21,105,3,4,6,5,4746401,-88561,9,2,3,3,1,1,373,468,3,5,4,22,0,0,0,0,0
201900004948,19,8,26,1565,2,1,5,4,4740386,-219417,8,2,46,2,1,1,765,517,8,1,5,94,0,0,0,0,0
201900004949,19,7,27,1896,1,4,1,6,4757663,-115618,2,2,22,3,2,4,17,244,5,2,3,36,0,0,0,0,0
201900004950,19,12,14,2082,4,9,7,2,4605535,-84560,5,2,1,1,3,4,856,918,3,5,1,19,0,0,0,0,0
201900004951,19,12,17,407,3,2,4,2,4497349,-367983,2,4,41,3,3,4,251,595,6,1,4,31,0,0,0,0,0
201900004952,19,2,27,1454,2,1,4,4,4442192,-110626,3,1,36,1,3,4,797,412,9,1,3,27,0,0,0,0,0
201900004953,19,7,5,170,1,6,7,5,4751169,-201159,8,4,9,2,2,2,848,894,8,2,4,81,0,0,0,0,0
201900004954,19,10,26,975,4,5,7,1,4817282,504557,3,2,8,3,3,3,573,737,2,7,4,56,0,0,0,0,0
201900004955,19,4,18,1148,4,8,7,2,4613736,99805,2,2,9,2,1,2,709,922,8,3,4,64,0,0,0,0,0
201900004956,19,4,26,2156,5,9,2,4,4807700,623756,9,3,13,2,1,1,310,408,5,2,5,91,0,0,0,0,0
201900004957,19,6,21,1508,4,1,2,5,4865153,-111800,4,3,9,2,2,3,139,247,9,7,4,0,0,0,0,0,0
201900004958,19,2,22,345,2,3,4,6,4707710,-43846,1,3,10,1,1,3,235,311,5,1,2,87,0,0,0,0,0
201900004959,19,6,27,701,1,8,3,5,4668297,466306,7,1,10,2,2,4,109,943,8,5,1,6,0,0,0,0,0
201900004960,19,11,3,216,3,2,7,3,4761584,-37684,5,1,53,3,4,1,400,155,1,4,2,61,0,0,0,0,0
201900004961,19,11,5,1828,3,5,6,4,4975105,-270035,1,3,10,1,3,3,150,362,7,4,3,70,0,0,0,0,0
201900004962,19,4,26,913,5,2,4,4,4912370,235169,9,1,30,3,3,3,263,231,6,6,1,52,0,0,0,0,0
201900004963,19,11,5,408,1,5,5,2,4677841,-270403,7,2,2,1,3,4,83,778,6,4,2,44,0,0,0,0,0
201900004964,19,4,27,1353,2,9,3,4,4965658,483597,2,3,3,3,3,2,200,700,1,2,5,68,0,0,0,0,0
201900004965,19,10,14,1698,3,1,3,2,4760574,66041,1,3,21,3,2,3,379,563,4,3,3,58,0,0,0,0,0
201900004966,19,2,19,1605,5,4,9,4,4450682,475534,2,3,14,1,2,2,387,842,1,1,2,17,0,0,0,0,0
201900004967,19,9,8,1996,5,3,1,4,4848079,-217480,3,3,30,3,3,4,648,721,1,3,3,45,0,0,0,0,0
201900004968,19,7,22,2156,2,1,6,6,4741037,609650,7,3,41,1,3,2,251,123,9,1,5,56,0,0,0,0,0
201900004969,19,4,4,1739,1,1,4,2,4568684,302495,7,1,29,2,1,3,187,337,9,1,1,75,0,0,0,0,0
201900004970,19,2,7,421,2,3,3,6,4718277,-176820,6,2,50,3,2,4,715,592,9,5,1,96,0,0,0,0,0
201900004971,19,11,20,2118,3,6,4,6,4488507,-39178,3,3,49,3,4,3,145,124,3,4,2,50,0,0,0,0,0
201900004972,19,12,25,81,1,1,4,6,4425401,356279,8,3,52,1,1,4,557,748,1,4,1,0,0,0,0,0,0
201900004973,19,1,3,1645,5,3,9,7,4595820,-218167,8,4,46,3,2,1,616,50,1,3,5,60,0,0,0,0,0
201900004974,19,1,9,398,2,2,1,6,4590038,522307,3,2,0,3,3,3,625,692,2,2,1,90,0,0,0,0,0
201900004975,19,7,21,1097,1,7,7,4,4465357,37178,1,2,38,1,2,4,717,594,7,1,3,71,0,0,0,0,0
201900004976,19,10,10,2241,1,5,1,1,4445811,513397,6,4,35,2,3,4,610,499,8,2,3,21,0,0,0,0,0
201900004977,19,7,21,997,5,5,5,6,4605267,576569,8,1,44,2,3,3,643,700,4,4,4,54,0,0,0,0,0
201900004978,19,1,19,1849,4,7,2,6,4939236,682486,1,4,38,3,4,3,466,690,6,3,5,59,0,0,0,0,0
201900004979,19,3,2,662,5,5,7,7,4579688,477912,6,1,23,1,2,4,332,251,8,6,3,83,0,0,0,0,0
201900004980,19,6,13,2238,1,2,8,7,4769591,-330060,2,4,43,3,4,1,204,15,1,1,3,74,0,0,0,0,0
201900004981,19,6,18,318,5,1,2,6,4880346,-99904,2,4,4,3,4,1,102,193,2,2,4,97,0,0,0,0,0
201900004982,19,12,2,1117,1,4,1,4,4636726,21987,8,4,35,3,3,2,81,563,4,1,2,98,0,0,0,0,0
201900004983,19,11,4,1724,5,1,5,5,4628607,401387,2,4,27,1,1,4,145,650,5,1,5,23,0,0,0,0,0
201900004984,19,5,24,579,1,6,8,6,4822601,520149,4,3,40,2,4,1,602,731,7,7,1,13,0,0,0,0,0
201900004985,19,5,19,2170,5,4,6,4,4692789,497649,8,4,43,1,4,3,845,979,1,6,1,37,0,0,0,0,0
201900004986,19,2,23,1708,4,4,8,6,4721670,320763,5,1,44,2,1,2,721,100,7,5,4,46,0,0,0,0,0
201900004987,19,8,17,1963,2,8,3,6,4824251,-368021,3,2,53,2,3,4,794,59,2,6,2,83,0,0,0,0,0
201900004988,19,1,10,1354,3,2,6,2,4887792,671776,6,4,6,3,3,1,547,35,7,4,5,66,0,0,0,0,0
201900004989,19,5,9,1653,5,3,8,5,4944609,204238,5,2,36,2,3,4,472,684,6,7,4,51,0,0,0,0,0
201900004990,19,1,6,762,3,2,6,4,4420374,666021,1,4,53,2,4,4,835,637,1,5,1,21,0,0,0,0,0
201900004991,19,8,18,2348,3,8,2,6,4720932,199733,8,1,36,1,4,4,878,908,9,5,2,74,0,0,0,0,0
201900004992,19,7,13,819,1,4,3,7,4439685,526960,9,1,24,1,4,1,459,208,4,1,3,4,0,0,0,0,0
201900004993,19,8,17,145,1,1,6,6,4981798,-182009,7,4,49,1,1,3,190,581,6,2,4,55,0,0,0,0,0
201900004994,19,2,6,561,4,1,5,3,4971075,444447,1,4,53,2,2,1,131,393,6,2,5,3,0,0,0,0,0
201900004995,19,9,6,1162,2,1,4,3,4886850,445997,8,3,35,2,1,3,7,434,7,7,5,65,0,0,0,0,0
201900004996,19,3,27,1327,3,1,7,7,4965938,238699,5,2,24,1,3,3,193,598,3,4,2,80,0,0,0,0,0
201900004997,19,10,15,1572,5,3,3,1,4578796,-109354,1,3,33,2,4,1,230,873,3,6,4,50,0,0,0,0,0
201900004998,19,12,22,1505,2,3,2,3,4603584,-269533,7,3,23,2,1,4,411,71,1,3,5,43,0,0,0,0,0
201900004999,19,3,21,1914,3,5,1,1,4770354,-319435,9,2,25,1,4,1,323,218,7,6,4,92,0,0,0,0,0
201900005000,19,2,9,409,3,8,7,6,4546676,-156891,9,4,35,1,3,4,205,836,2,7,5,79,0,0,0,0,0
201900005001,19,5,26,1602,1,8,1,7,4676152,2322,7,4,11,2,3,2,213,726,1,7,3,8,0,0,0,0,0
201900005002,19,9,5,1872,3,1,9,7,4755732,415147,1,3,35,1,2,2,259,468,9,7,4,72,0,0,0,0,0
201900005003,19,8,4,1010,4,3,4,5,4405657,134576,5,3,1,1,3,4,186,729,2,4,3,79,0,0,0,0,0
201900005004,19,11,15,1744,3,7,9,2,4959949,-116043,3,3,28,1,2,2,42,52,2,2,4,16,0,0,0,0,0
201900005005,19,8,5,613,5,4,9,1,4937828,680891,7,1,20,3,1,2,210,953,7,3,4,91,0,0,0,0,0
201900005006,19,5,11,2102,2,5,4,1,4753402,-47019,4,3,29,2,1,3,3,998,2,7,2,29,0,0,0,0,0
201900005007,19,10,14,1792,2,5,6,5,4472919,525374,2,4,35,1,1,2,245,822,1,3,3,93,0,0,0,0,0