Num_Acc,an,mois,jour,hrmn,lum,int,atm,col,lat,long,catr,circ,nbv,vosp,prof,plan,lartpc,larrout,surf,infra,situ,env1,unscathed,killed,hospital,light,chance
201900005008,19,2,26,145,4,1,6,1,4931159,67790,3,4,37,3,1,2,342,823,2,2,3,37,0,0,0,0,0
201900005009,19,12,14,1466,5,7,9,2,4601081,579122,6,1,0,3,2,2,158,992,1,4,2,42,0,0,0,0,0
201900005010,19,5,7,1525,5,1,2,4,4940742,167570,6,1,12,2,1,1,529,254,2,3,5,24,0,0,0,0,0
201900005011,19,1,9,141,2,7,5,6,4710566,-205079,9,2,3,1,4,4,845,857,6,1,5,67,0,0,0,0,0
201900005012,19,12,14,2036,4,8,9,2,4986948,-102773,7,1,36,1,2,4,798,697,8,7,2,77,0,0,0,0,0
201900005013,19,8,3,369,4,7,8,2,4904565,111583,1,2,0,2,2,1,633,872,7,3,1,53,0,0,0,0,0
201900005014,19,6,11,2016,3,5,1,6,4681451,398950,8,1,39,2,1,3,831,284,5,7,3,19,0,0,0,0,0
201900005015,19,8,1,787,2,2,3,1,4445923,-352972,1,4,19,3,3,1,750,696,8,4,3,29,0,0,0,0,0
201900005016,19,10,20,1745,1,4,2,4,4442384,-130485,1,1,1,3,4,2,97,390,4,4,4,45,0,0,0,0,0
201900005017,19,5,1,2339,3,7,2,3,4570843,33080,3,3,5,1,2,2,473,367,2,5,3,63,0,0,0,0,0
201900005018,19,6,14,1993,5,6,6,2,4554292,503386,1,4,12,3,1,2,494,970,3,1,2,87,0,0,0,0,0
201900005019,19,12,21,443,2,7,6,5,4911003,254321,9,3,7,3,4,3,2,737,1,1,4,74,0,0,0,0,0
201900005020,19,12,1,10,5,1,5,3,4438298,600375,4,1,33,3,4,1,116,193,2,3,3,12,0,0,0,0,0
201900005021,19,7,2,1930,1,8,2,1,4485078,227788,3,4,49,3,1,2,516,192,8,4,1,5,0,0,0,0,0
201900005022,19,12,1,973,3,8,2,4,4955324,340036,7,2,17,3,3,4,56,232,4,7,2,87,0,0,0,0,0
201900005023,19,12,24,1783,1,3,2,2,4853333,497436,6,2,43,2,4,1,853,433,9,7,2,92,0,0,0,0,0
201900005024,19,10,14,256,1,6,2,1,4677576,641507,4,3,19,1,3,3,732,473,2,4,2,8,0,0,0,0,0
201900005025,19,2,9,558,4,4,9,1,4666881,495530,9,2,6,2,4,2,270,538,7,1,3,24,0,0,0,0,0
201900005026,19,7,22,457,5,1,5,3,4412606,-226720,1,2,46,3,4,2,521,547,9,1,4,95,0,0,0,0,0
201900005027,19,1,15,1191,4,7,8,2,4620159,3597,9,4,7,2,2,3,406,278,7,3,3,63,0,0,0,0,0
201900005028,19,9,6,1663,2,8,5,4,4835127,-72995,8,2,12,2,1,1,819,346,6,3,4,94,0,0,0,0,0
201900005029,19,11,24,2004,1,1,1,2,4736575,118955,7,4,31,2,4,1,413,265,8,6,4,36,0,0,0,0,0
201900005030,19,11,27,818,4,4,6,5,4684645,577957,6,1,32,3,1,4,416,760,5,3,3,12,0,0,0,0,0
201900005031,19,3,26,136,5,2,2,6,4602797,-388676,7,1,39,3,1,1,800,315,7,1,4,88,0,0,0,0,0
201900005032,19,9,26,2063,2,8,4,1,4719516,474440,1,1,41,2,3,1,621,236,5,5,5,8,0,0,0,0,0
201900005033,19,3,6,1960,4,5,2,5,4469133,-315114,6,4,19,1,2,3,794,246,2,4,5,70,0,0,0,0,0
201900005034,19,9,12,1317,1,1,2,3,4978443,210761,8,1,42,2,4,2,869,733,9,1,2,38,0,0,0,0,0
201900005035,19,2,15,2115,1,9,8,5,4963605,-140215,7,2,18,2,3,1,831,136,2,4,1,38,0,0,0,0,0
201900005036,19,6,7,2166,1,1,7,6,4898369,-176366,2,2,16,1,1,4,568,778,7,3,1,41,0,0,0,0,0
201900005037,19,6,4,313,2,6,7,2,4485469,80791,7,3,41,3,1,3,526,154,8,2,5,65,0,0,0,0,0
201900005038,19,4,23,948,4,4,1,2,4944101,245103,6,1,53,1,3,1,838,293,8,1,1,57,0,0,0,0,0
201900005039,19,7,7,979,3,4,3,3,4512493,-60858,5,3,17,1,1,3,151,245,5,7,3,60,0,0,0,0,0
201900005040,19,10,17,2037,2,2,4,4,4424514,529495,8,3,22,2,3,4,448,564,5,2,5,43,0,0,0,0,0
201900005041,19,4,16,257,5,2,7,7,4688926,-333029,4,1,23,3,4,2,325,870,6,5,1,51,0,0,0,0,0
201900005042,19,5,23,1804,4,1,7,6,4916182,690473,2,4,39,1,3,3,565,531,6,1,5,30,0,0,0,0,0
201900005043,19,5,13,2048,3,4,8,5,4433480,-40947,5,3,52,2,4,3,550,867,5,3,2,91,0,0,0,0,0
201900005044,19,9,2,311,4,5,6,4,4541381,197390,5,3,20,2,2,2,36,814,4,4,4,6,0,0,0,0,0
201900005045,19,5,12,2224,5,3,5,5,4734355,57105,3,1,22,1,4,1,734,55,8,3,5,48,0,0,0,0,0
201900005046,19,1,3,2316,3,8,6,5,4930512,263809,8,4,11,1,2,3,363,391,8,1,1,58,0,0,0,0,0
201900005047,19,10,11,2059,2,3,4,4,4948574,-234219,5,3,13,2,1,4,293,529,6,3,2,13,0,0,0,0,0
201900005048,19,6,6,1829,4,7,2,7,4828321,-118549,5,3,34,3,1,4,320,557,1,4,2,8,0,0,0,0,0
201900005049,19,5,7,1942,3,8,8,7,4921489,-318081,6,2,29,2,4,2,615,831,9,1,1,18,0,0,0,0,0
201900005050,19,6,3,898,1,6,7,1,4835373,656956,6,3,45,3,4,3,892,672,7,5,3,40,0,0,0,0,0
201900005051,19,3,6,1564,5,7,7,2,4627379,424565,6,1,48,1,3,3,283,11,5,3,3,44,0,0,0,0,0
201900005052,19,6,1,1763,4,4,8,1,4980694,-296909,6,1,20,2,2,1,162,459,1,7,4,64,0,0,0,0,0
201900005053,19,12,26,1392,5,9,8,7,4487883,-173831,3,2,40,1,3,2,609,518,9,5,3,4,0,0,0,0,0
201900005054,19,10,25,2315,4,6,8,6,4998369,77334,2,1,44,2,3,3,591,737,8,7,3,10,0,0,0,0,0
201900005055,19,7,28,2134,4,3,8,3,4497437,-177897,7,3,13,2,2,2,4,326,9,2,4,77,0,0,0,0,0
201900005056,19,3,19,199,5,2,5,1,4781184,-142643,1,4,9,3,4,3,416,724,4,2,1,38,0,0,0,0,0
201900005057,19,12,21,628,2,8,1,4,4988791,530003,3,2,53,1,3,2,776,783,8,1,5,68,0,0,0,0,0
201900005058,19,2,25,493,2,5,2,6,4885913,574588,5,2,10,2,3,1,371,810,7,5,5,59,0,0,0,0,0
201900005059,19,12,21,2358,2,9,7,1,4874131,445989,9,2,23,2,4,2,183,441,7,4,4,16,0,0,0,0,0
201900005060,19,11,15,2278,4,4,7,4,4562505,-8341,9,2,16,2,1,1,267,568,1,6,5,34,0,0,0,0,0
201900005061,19,7,11,805,2,6,7,7,4988101,95900,8,4,5,1,1,2,889,348,4,7,3,22,0,0,0,0,0
201900005062,19,7,4,1697,5,4,3,1,4781906,-197421,8,4,9,3,1,1,527,690,4,7,3,63,0,0,0,0,0
201900005063,19,2,28,1194,2,2,3,6,4724191,-343802,3,1,15,3,1,4,392,610,2,6,1,70,0,0,0,0,0
201900005064,19,3,13,1129,3,2,2,6,4608480,-118904,5,3,16,2,3,4,13,38,3,7,5,71,0,0,0,0,0
201900005065,19,7,20,2178,2,2,6,6,4415232,535284,2,4,37,1,3,3,127,34,7,7,3,91,0,0,0,0,0
201900005066,19,9,7,870,1,1,1,2,4838712,394004,1,4,50,2,1,1,304,905,1,4,1,2,0,0,0,0,0
201900005067,19,4,13,1205,5,5,4,5,4686554,625362,9,1,10,1,1,2,575,33,8,5,4,13,0,0,0,0,0
201900005068,19,4,28,229,2,5,5,2,4862562,515712,9,3,9,1,4,2,910,174,1,4,2,38,0,0,0,0,0
201900005069,19,1,11,442,5,3,2,7,4706576,76616,1,1,16,2,3,1,564,482,8,6,4,92,0,0,0,0,0
201900005070,19,8,28,1179,1,6,1,2,4731034,-91713,5,3,32,3,2,4,548,853,3,6,5,37,0,0,0,0,0
201900005071,19,6,9,1204,3,2,3,6,4407355,614658,4,3,43,1,3,2,473,308,6,6,5,27,0,0,0,0,0
201900005072,19,3,16,1762,4,5,6,6,4915790,-274152,8,4,8,3,2,1,481,732,7,2,5,44,0,0,0,0,0
201900005073,19,10,24,1998,2,2,2,2,4447644,652152,3,2,0,2,1,4,460,294,6,4,4,13,0,0,0,0,0
201900005074,19,12,22,1320,4,9,7,2,4819799,29965,8,2,11,3,2,2,77,808,5,3,1,85,0,0,0,0,0
201900005075,19,3,17,860,2,5,3,4,4580977,651888,7,3,44,3,1,1,133,793,2,3,4,28,0,0,0,0,0
201900005076,19,8,8,988,4,7,9,3,4542965,120888,7,1,13,1,2,4,731,827,9,6,4,22,0,0,0,0,0
201900005077,19,3,6,174,3,1,8,2,4569274,299491,5,1,8,2,1,1,178,831,8,7,4,47,0,0,0,0,0
201900005078,19,11,11,590,3,4,4,1,4448501,669731,1,4,30,3,4,2,92,283,9,1,3,48,0,0,0,0,0
201900005079,19,12,23,1587,2,2,9,7,4919969,428082,7,2,27,1,4,3,626,337,6,4,5,10,0,0,0,0,0
201900005080,19,1,9,2268,4,7,2,1,4937863,353958,7,3,43,3,3,1,875,502,4,6,4,49,0,0,0,0,0
201900005081,19,11,9,1562,2,2,6,1,4956468,464453,4,2,50,2,4,3,611,652,5,5,1,59,0,0,0,0,0
201900005082,19,7,9,1619,2,8,6,3,4653381,-303334,6,1,46,3,2,4,274,737,7,1,4,30,0,0,0,0,0
201900005083,19,4,12,826,5,2,7,7,4812039,462491,8,3,43,3,1,4,291,696,6,2,4,72,0,0,0,0,0
201900005084,19,7,25,362,5,7,1,5,4557076,589268,2,1,47,1,2,2,415,670,5,6,3,15,0,0,0,0,0
201900005085,19,5,16,2045,5,3,1,6,4707570,156663,9,1,4,2,2,3,679,946,3,3,2,35,0,0,0,0,0
201900005086,19,8,27,1198,4,9,5,5,4879042,62605,8,1,34,3,2,2,474,188,2,1,5,79,0,0,0,0,0
201900005087,19,9,11,1324,3,7,5,2,4465047,-269712,8,1,33,1,3,1,655,356,4,7,1,74,0,0,0,0,0
201900005088,19,4,2,2219,4,9,1,3,4773606,371265,1,4,7,3,3,2,289,808,5,5,1,48,0,0,0,0,0
201900005089,19,5,17,1640,2,3,6,5,4426698,536809,2,1,28,3,1,3,407,119,6,6,4,50,0,0,0,0,0
201900005090,19,5,17,1174,5,2,1,7,4992515,383903,2,1,10,2,2,3,367,257,5,3,4,22,0,0,0,0,0
201900005091,19,12,22,1451,2,4,3,3,4821035,407813,5,3,16,2,3,2,844,135,3,2,1,23,0,0,0,0,0
201900005092,19,2,5,1603,5,5,3,7,4662851,86778,2,3,15,2,3,4,772,247,1,5,4,70,0,0,0,0,0
201900005093,19,9,5,2165,2,1,1,1,4549118,-69075,3,4,3,1,4,1,49,227,8,5,3,33,0,0,0,0,0
201900005094,19,4,4,490,3,7,5,2,4669598,-329444,1,1,37,3,4,1,331,191,3,5,5,48,0,0,0,0,0
201900005095,19,3,10,120,5,1,6,5,4917250,-241912,6,2,23,3,1,4,669,209,9,7,5,39,0,0,0,0,0
201900005096,19,7,5,1004,3,6,8,1,4861110,615334,9,3,43,2,3,2,659,287,2,5,5,85,0,0,0,0,0
201900005097,19,12,6,394,5,4,6,4,4538508,97420,7,1,2,1,1,3,473,240,7,6,5,71,0,0,0,0,0
201900005098,19,4,26,1303,4,7,2,4,4640783,-164264,1,3,31,2,2,2,177,130,9,4,2,29,0,0,0,0,0
201900005099,19,3,25,972,5,8,8,3,4974458,74708,6,4,41,3,1,4,291,47,2,2,5,61,0,0,0,0,0
201900005100,19,11,6,406,2,4,8,3,4710636,14581,9,1,52,1,3,4,771,635,6,1,3,2,0,0,0,0,0
201900005101,19,12,28,527,4,6,1,5,4487635,542787,4,1,3,2,1,4,324,192,4,2,3,58,0,0,0,0,0
201900005102,19,2,15,1449,4,2,8,4,4740803,12533,4,3,40,3,2,2,693,925,4,7,1,9,0,0,0,0,0
201900005103,19,10,22,1257,4,8,9,3,4640943,114973,3,3,2,3,2,2,711,438,7,2,5,35,0,0,0,0,0
201900005104,19,9,24,2359,5,2,6,2,4882060,-201727,8,4,52,2,2,3,902,224,5,1,4,75,0,0,0,0,0
201900005105,19,8,27,1459,5,6,5,1,4450095,337475,4,3,0,1,2,3,277,216,7,5,2,79,0,0,0,0,0
201900005106,19,7,18,1530,2,9,1,1,4795549,-51173,2,2,5,1,2,4,874,84,2,3,1,36,0,0,0,0,0
201900005107,19,10,24,1443,5,8,6,5,4628818,-299767,8,1,39,2,3,2,226,679,8,1,2,49,0,0,0,0,0
201900005108,19,8,28,902,2,8,4,2,4730307,455476,3,2,1,3,1,1,717,3,8,2,1,59,0,0,0,0,0
201900005109,19,4,23,1551,2,1,2,6,4797716,82814,1,1,21,1,2,3,317,622,9,7,4,35,0,0,0,0,0
201900005110,19,9,24,1000,2,1,1,5,4829678,645087,8,2,1,2,2,1,103,769,8,7,2,58,0,0,0,0,0
201900005111,19,7,18,2014,1,5,7,2,4740362,-230599,1,3,7,3,2,3,238,417,2,2,2,87,0,0,0,0,0
201900005112,19,7,2,890,1,1,3,7,4913942,-360754,9,4,32,3,4,3,873,157,8,3,5,93,0,0,0,0,0
201900005113,19,3,21,1509,4,3,2,6,4708455,-41255,8,4,34,2,4,1,191,940,7,1,5,97,0,0,0,0,0
201900005114,19,6,2,1048,5,8,3,7,4775041,348133,5,1,29,3,2,3,561,738,6,7,3,6,0,0,0,0,0
201900005115,19,5,23,1451,1,6,5,1,4449564,677522,5,4,15,1,4,4,315,784,6,7,3,68,0,0,0,0,0
201900005116,19,5,23,707,4,9,7,5,4462027,549792,1,3,32,2,3,1,348,989,2,7,2,52,0,0,0,0,0
201900005117,19,11,21,1790,2,3,9,3,4842983,276753,1,4,16,3,3,2,294,540,9,5,3,49,0,0,0,0,0
201900005118,19,8,7,739,5,6,6,2,4799671,290654,8,4,22,2,3,4,536,847,2,4,1,22,0,0,0,0,0
201900005119,19,9,20,779,4,8,9,6,4688371,151029,2,3,49,2,3,2,823,3,9,1,2,8,0,0,0,0,0
201900005120,19,10,20,1940,3,6,4,6,4651029,-52474,3,2,7,3,1,1,753,355,3,5,1,23,0,0,0,0,0
201900005121,19,2,28,1077,2,8,1,4,4787965,652143,2,1,16,1,2,4,914,510,1,2,4,30,0,0,0,0,0
201900005122,19,12,22,1172,4,9,4,2,4504330,28827,7,3,40,1,4,3,372,328,1,5,1,53,0,0,0,0,0
201900005123,19,11,23,749,4,2,1,1,4633884,-155246,2,3,2,1,2,3,866,350,5,3,3,35,0,0,0,0,0
201900005124,19,1,23,498,2,3,7,6,4898330,536942,7,2,2,3,2,4,542,86,5,6,3,10,0,0,0,0,0
201900005125,19,3,4,1234,3,9,2,1,4674008,630842,1,2,46,3,1,1,98,671,1,6,5,34,0,0,0,0,0
201900005126,19,5,5,2013,5,9,9,1,4926629,-323330,9,4,42,2,4,1,367,948,5,3,1,96,0,0,0,0,0
201900005127,19,8,7,357,5,6,9,5,4985943,-245502,8,3,9,2,2,1,78,69,1,7,2,51,0,0,0,0,0
201900005128,19,6,26,1983,1,1,1,2,4772193,189123,4,1,18,3,2,3,104,796,7,2,3,74,0,0,0,0,0
201900005129,19,11,7,1954,1,2,2,3,4584811,218631,4,1,20,1,1,4,557,267,3,6,2,94,0,0,0,0,0
201900005130,19,1,19,690,5,2,3,6,4538583,83810,8,2,0,1,2,1,254,804,7,4,4,44,0,0,0,0,0
201900005131,19,7,28,410,1,3,8,7,4991898,140848,5,1,31,2,4,2,207,889,5,1,2,33,0,0,0,0,0
201900005132,19,3,26,1689,3,7,2,2,4941227,174944,3,2,23,2,4,1,221,486,4,5,2,8,0,0,0,0,0
201900005133,19,11,19,2167,5,8,4,7,4811368,-168766,3,3,42,2,1,1,585,844,7,5,2,54,0,0,0,0,0
201900005134,19,5,19,1203,3,6,4,7,4600465,142054,3,3,42,3,2,2,60,907,6,4,5,49,0,0,0,0,0
201900005135,19,12,18,462,2,7,5,4,4993507,205656,7,2,50,3,2,4,283,61,2,3,5,93,0,0,0,0,0
201900005136,19,8,28,1042,4,8,7,5,4872457,105372,9,2,39,1,3,3,359,275,2,5,4,3,0,0,0,0,0
201900005137,19,10,23,1521,5,7,6,4,4582976,-70108,5,1,8,1,2,1,179,352,4,4,5,48,0,0,0,0,0
201900005138,19,4,19,1616,4,5,7,2,4924712,-249860,3,1,42,1,3,2,642,914,5,4,4,91,0,0,0,0,0
201900005139,19,12,27,533,1,6,6,1,4831747,-141555,9,1,38,1,3,3,584,59,6,1,2,99,0,0,0,0,0
201900005140,19,12,7,2114,5,5,1,1,4441551,440756,3,1,36,3,3,1,246,959,7,5,2,38,0,0,0,0,0
201900005141,19,4,13,873,2,6,3,2,4583278,-287294,2,3,53,3,4,4,594,288,4,4,1,74,0,0,0,0,0
201900005142,19,4,6,1857,1,1,8,3,4536338,-239431,5,2,31,2,4,2,845,964,8,6,2,38,0,0,0,0,0
201900005143,19,3,23,1868,4,1,3,5,4922671,692888,6,3,40,2,4,4,857,684,7,2,2,31,0,0,0,0,0
201900005144,19,10,12,1309,3,5,2,4,4663208,85656,3,1,46,1,4,1,760,986,3,5,4,46,0,0,0,0,0
201900005145,19,7,14,1750,2,1,2,5,4512777,461207,5,2,5,3,2,1,82,687,3,5,3,27,0,0,0,0,0
201900005146,19,10,14,894,4,6,8,7,4951066,215503,4,4,24,1,2,2,717,802,1,2,1,98,0,0,0,0,0
201900005147,19,2,26,2243,2,9,9,7,4881725,92472,2,4,33,1,1,1,582,519,4,2,5,25,0,0,0,0,0
201900005148,19,6,9,614,5,1,5,7,4650433,619163,1,2,11,2,4,2,58,338,7,3,4,33,0,0,0,0,0
201900005149,19,9,24,1356,1,6,9,6,4403958,264642,9,2,4,2,1,2,61,209,1,4,4,1,0,0,0,0,0
201900005150,19,10,11,499,4,1,5,1,4743356,-306497,3,4,11,2,4,3,770,530,4,6,5,3,0,0,0,0,0
201900005151,19,1,25,2145,3,3,4,7,4436235,-247999,4,2,20,2,2,1,295,340,9,2,5,71,0,0,0,0,0
201900005152,19,5,1,2152,1,3,9,5,4874359,590192,5,3,28,2,3,4,78,790,1,4,4,78,0,0,0,0,0
201900005153,19,4,8,492,4,7,3,7,4572214,685172,9,2,9,1,3,2,532,803,6,1,5,64,0,0,0,0,0
201900005154,19,10,17,615,5,5,4,2,4993236,-283628,3,1,36,1,2,2,753,556,5,1,1,56,0,0,0,0,0
201900005155,19,6,27,1267,1,8,7,3,4935602,572088,5,4,49,3,3,1,586,411,2,2,2,4,0,0,0,0,0
201900005156,19,1,23,627,2,4,3,1,4459114,170592,5,1,38,2,1,3,542,130,4,1,1,19,0,0,0,0,0
201900005157,19,2,27,1247,2,5,7,5,4951132,206211,1,4,12,1,1,1,290,339,8,2,4,25,0,0,0,0,0
201900005158,19,2,19,1037,4,7,3,4,4757929,675874,1,3,24,3,3,1,810,481,4,4,4,41,0,0,0,0,0
201900005159,19,3,18,242,3,9,3,7,4901155,690996,6,2,46,1,1,3,587,231,6,4,2,1,0,0,0,0,0
201900005160,19,3,22,1580,4,1,4,4,4942640,39458,4,2,2,3,1,2,296,94,5,6,5,29,0,0,0,0,0
201900005161,19,8,15,159,1,7,1,2,4464920,88869,2,3,44,1,3,4,217,891,5,7,3,60,0,0,0,0,0
201900005162,19,7,19,187,4,8,1,3,4624788,275705,6,2,25,3,2,3,79,789,9,6,2,47,0,0,0,0,0
201900005163,19,8,28,546,2,4,4,4,4727368,438896,8,2,28,2,3,4,830,127,7,7,1,33,0,0,0,0,0
201900005164,19,11,11,1743,1,3,7,7,4789693,231616,5,1,30,1,1,4,831,241,1,3,5,76,0,0,0,0,0
201900005165,19,6,25,752,1,9,7,7,4860497,429178,9,1,27,3,3,3,407,607,5,6,5,28,0,0,0,0,0
201900005166,19,8,16,180,1,7,4,5,4433814,-49646,7,2,19,1,2,3,259,639,4,6,2,73,0,0,0,0,0
201900005167,19,6,17,1430,2,5,3,2,4992798,639843,7,3,52,1,1,1,248,844,3,6,3,42,0,0,0,0,0
201900005168,19,10,13,1034,2,3,1,6,4547581,-298303,9,4,14,2,2,3,430,799,5,6,5,97,0,0,0,0,0
201900005169,19,11,20,2053,4,1,6,6,4761307,633726,8,2,10,2,1,3,635,548,2,7,4,24,0,0,0,0,0
201900005170,19,12,9,45,1,6,5,7,4424540,-82223,7,3,20,2,2,2,399,674,8,4,1,0,0,0,0,0,0
201900005171,19,4,17,532,1,3,5,1,4679311,181689,2,1,35,1,1,1,720,674,5,2,5,12,0,0,0,0,0
201900005172,19,1,19,1827,4,6,5,2,4914844,132314,5,1,50,2,1,2,792,530,9,5,3,26,0,0,0,0,0
201900005173,19,11,10,1575,5,1,4,5,4893310,494643,6,4,34,1,2,3,31,879,7,5,4,60,0,0,0,0,0
201900005174,19,8,3,1471,3,7,9,7,4507077,-344687,4,3,50,1,1,4,425,490,4,1,1,24,0,0,0,0,0
201900005175,19,9,19,726,2,2,7,1,4778062,-116999,3,2,26,3,1,2,119,748,4,2,1,58,0,0,0,0,0
201900005176,19,10,28,648,2,6,3,2,4852522,368042,7,2,9,2,2,2,316,917,9,5,1,48,0,0,0,0,0
201900005177,19,4,9,1059,3,8,8,4,4974820,-333340,5,2,12,3,3,2,154,719,7,1,1,12,0,0,0,0,0
201900005178,19,7,9,958,1,2,7,4,4564167,206815,9,3,35,2,4,1,410,860,3,4,1,4,0,0,0,0,0
201900005179,19,10,2,1900,1,9,1,6,4454711,330657,9,3,21,1,1,2,267,708,3,5,4,79,0,0,0,0,0
201900005180,19,10,4,1503,5,7,3,3,4552764,-84820,8,4,16,1,3,4,599,898,8,4,1,54,0,0,0,0,0
201900005181,19,5,16,1163,3,3,5,2,4805024,127529,7,3,28,2,1,3,476,532,5,1,5,55,0,0,0,0,0
201900005182,19,9,26,1969,2,9,2,7,4885392,215637,8,4,9,1,1,3,721,861,9,2,5,43,0,0,0,0,0
201900005183,19,3,1,1871,1,1,1,6,4566556,-242282,8,1,23,3,2,2,565,75,7,1,5,70,0,0,0,0,0
201900005184,19,11,19,2002,5,6,1,4,4484811,449000,2,3,45,2,2,1,23,686,9,6,3,57,0,0,0,0,0
201900005185,19,9,1,259,1,4,9,5,4781734,495141,4,3,45,2,2,1,246,141,4,6,5,2,0,0,0,0,0
201900005186,19,11,5,831,2,7,9,6,4552547,-129591,1,3,50,3,2,4,84,401,8,2,4,90,0,0,0,0,0
201900005187,19,2,11,21,1,5,7,4,4934752,-24621,5,4,28,2,3,3,252,580,5,2,4,26,0,0,0,0,0
201900005188,19,5,22,2327,4,9,9,3,4504237,653711,9,2,40,3,2,3,397,541,5,4,1,39,0,0,0,0,0
201900005189,19,4,14,2164,5,4,8,7,4778325,47734,2,4,24,1,1,2,469,658,7,6,5,3,0,0,0,0,0
201900005190,19,4,13,1640,1,3,4,7,4415418,-335470,9,3,28,3,4,1,829,312,9,3,1,73,0,0,0,0,0
201900005191,19,8,26,1304,2,7,2,5,4655636,574590,7,3,20,3,3,2,503,526,2,4,4,89,0,0,0,0,0
201900005192,19,2,20,696,3,6,4,3,4554702,450030,9,1,45,2,1,3,526,195,9,7,2,17,0,0,0,0,0
201900005193,19,7,18,1713,3,4,4,5,4984355,477684,3,1,0,3,2,1,212,356,8,3,1,82,0,0,0,0,0
201900005194,19,9,14,431,5,2,1,3,4850281,143650,5,4,52,1,2,2,569,538,9,1,3,17,0,0,0,0,0
201900005195,19,6,5,2014,5,5,3,2,4666368,112551,7,3,35,1,1,4,105,614,3,2,4,34,0,0,0,0,0
201900005196,19,2,12,1113,4,3,6,1,4509113,54384,6,4,44,1,4,2,269,880,6,2,3,86,0,0,0,0,0
201900005197,19,3,16,2292,2,4,9,4,4772773,539894,2,1,7,2,1,1,717,215,9,1,2,99,0,0,0,0,0
201900005198,19,1,26,1741,3,3,9,6,4735723,259926,5,4,24,1,4,4,486,322,3,7,2,72,0,0,0,0,0
201900005199,19,5,16,417,1,9,2,5,4629969,325071,6,4,20,1,4,2,385,94,9,7,4,7,0,0,0,0,0
201900005200,19,2,26,639,4,4,4,1,4814002,115417,1,1,33,2,4,3,530,997,6,7,2,7,0,0,0,0,0
201900005201,19,10,6,1119,5,3,4,6,4803263,-105345,9,4,48,3,2,3,182,65,2,1,1,84,0,0,0,0,0
201900005202,19,7,12,2074,1,3,3,7,4579236,-100956,3,1,50,2,2,1,293,231,1,6,3,95,0,0,0,0,0
201900005203,19,9,27,753,2,1,7,5,4533361,-296648,1,2,43,3,3,3,879,208,1,7,2,26,0,0,0,0,0
201900005204,19,8,22,95,3,5,2,5,4885136,666993,6,3,0,2,4,2,651,448,9,7,5,38,0,0,0,0,0
201900005205,19,10,21,1183,1,3,4,2,4479418,537980,2,2,31,1,4,2,816,285,3,2,2,92,0,0,0,0,0
201900005206,19,5,13,1130,2,4,3,1,4469368,627016,5,4,20,2,4,2,469,129,1,7,5,64,0,0,0,0,0
201900005207,19,6,1,26,1,3,5,4,4974367,400875,2,4,40,1,4,4,171,156,6,5,2,70,0,0,0,0,0
201900005208,19,12,28,57,1,2,8,3,4934043,607250,8,2,1,3,3,1,562,648,5,1,4,72,0,0,0,0,0
201900005209,19,12,4,1515,1,9,4,2,4995453,18939,3,1,2,3,3,4,809,387,6,4,3,24,0,0,0,0,0
201900005210,19,7,20,1377,3,4,4,3,4424760,461991,5,1,39,3,3,2,113,730,3,3,2,32,0,0,0,0,0
201900005211,19,8,10,305,3,8,5,6,4830995,555267,3,4,37,3,2,1,491,38,8,4,1,12,0,0,0,0,0
201900005212,19,4,8,905,2,2,9,1,4545440,28085,6,1,19,2,2,2,381,709,9,4,3,91,0,0,0,0,0
201900005213,19,6,19,1720,1,7,8,6,4556995,550151,2,1,31,2,2,2,834,92,7,5,4,9,0,0,0,0,0
201900005214,19,6,1,1218,5,8,5,5,4743180,547955,4,1,50,2,3,1,446,633,7,3,5,76,0,0,0,0,0
201900005215,19,4,2,2148,5,1,1,1,4645557,71774,8,2,1,1,1,4,181,462,2,7,3,75,0,0,0,0,0
201900005216,19,6,2,696,4,1,1,1,4762063,422418,4,4,53,2,3,1,269,709,9,5,5,43,0,0,0,0,0
201900005217,19,4,2,594,5,4,8,2,4762636,-326187,4,2,0,2,2,1,447,370,1,2,4,59,0,0,0,0,0
201900005218,19,11,5,514,1,3,3,1,4515938,-81368,5,1,22,2,4,4,799,397,5,7,3,72,0,0,0,0,0
201900005219,19,2,22,1121,3,7,6,1,4852154,-197618,9,4,47,2,4,2,847,662,8,5,2,91,0,0,0,0,0
201900005220,19,8,17,2172,4,2,7,3,4802997,96897,4,3,19,1,4,3,198,349,7,3,4,10,0,0,0,0,0
201900005221,19,9,19,1282,1,1,7,7,4763461,594319,3,3,43,2,1,2,871,635,4,6,2,20,0,0,0,0,0