Num_Acc,an,mois,jour,hrmn,lum,int,atm,col,lat,long,catr,circ,nbv,vosp,prof,plan,lartpc,larrout,surf,infra,situ,env1,unscathed,killed,hospital,light,chance
201900005222,19,8,13,1920,2,2,8,6,4686976,-49707,6,1,8,1,1,1,598,617,4,6,3,30,0,0,0,0,0
201900005223,19,9,17,1101,2,1,1,7,4422700,-82203,3,2,8,1,3,1,562,268,7,2,4,11,0,0,0,0,0
201900005224,19,2,28,1384,1,1,8,6,4721347,679913,1,2,29,3,2,4,704,346,3,4,2,45,0,0,0,0,0
201900005225,19,5,9,1851,5,1,3,4,4981934,376466,2,4,1,3,3,3,622,33,2,6,5,18,0,0,0,0,0
201900005226,19,10,8,1557,4,9,1,4,4693609,182391,7,2,3,3,2,2,808,411,2,7,5,50,0,0,0,0,0
201900005227,19,5,4,1906,1,7,2,6,4540690,398281,6,1,30,3,2,1,591,799,4,4,4,14,0,0,0,0,0
201900005228,19,12,6,773,5,1,9,6,4589271,31328,2,1,6,2,2,1,721,363,8,1,5,77,0,0,0,0,0
201900005229,19,3,1,1117,5,1,6,4,4419946,649670,2,3,46,3,1,1,126,146,7,6,1,66,0,0,0,0,0
201900005230,19,12,22,1544,1,8,5,4,4917028,-42261,7,3,8,3,2,4,264,321,6,2,5,50,0,0,0,0,0
201900005231,19,12,3,2276,3,4,9,7,4898678,103504,7,4,53,3,1,3,396,307,9,5,3,27,0,0,0,0,0
201900005232,19,5,9,1864,2,2,7,7,4466176,21432,5,3,27,1,3,1,598,837,4,2,4,16,0,0,0,0,0
201900005233,19,10,13,1933,3,2,9,5,4435328,-325152,3,1,34,2,2,1,622,278,6,3,2,30,0,0,0,0,0
201900005234,19,9,12,803,2,7,7,3,4563488,396814,5,2,1,3,4,1,731,60,6,3,4,54,0,0,0,0,0
201900005235,19,7,4,1731,4,1,6,6,4486201,468679,5,3,37,3,2,4,609,616,1,7,5,25,0,0,0,0,0
201900005236,19,1,1,2182,5,5,5,6,4520943,443065,5,4,52,1,2,1,751,607,1,5,5,89,0,0,0,0,0
201900005237,19,1,21,714,5,4,3,3,4869416,-239140,6,4,0,1,1,1,240,989,6,1,3,53,0,0,0,0,0
201900005238,19,11,18,1295,4,3,5,2,4402890,-186761,7,1,19,2,4,3,459,739,9,5,4,49,0,0,0,0,0
201900005239,19,4,2,1684,4,1,9,4,4772732,-147002,5,4,23,3,2,4,614,707,3,3,4,60,0,0,0,0,0
201900005240,19,7,2,1176,4,4,8,4,4590274,-217160,3,3,20,3,2,1,274,618,6,1,1,93,0,0,0,0,0
201900005241,19,11,10,765,5,5,9,5,4575419,95610,6,4,27,2,2,4,144,493,8,3,1,82,0,0,0,0,0
201900005242,19,4,22,1746,1,1,8,1,4634754,356805,2,1,29,2,3,2,610,236,5,3,5,33,0,0,0,0,0
201900005243,19,9,2,1808,3,9,6,2,4911401,-222934,7,1,39,3,1,2,322,252,5,1,4,90,0,0,0,0,0
201900005244,19,6,23,613,4,8,5,2,4769939,-60731,7,3,49,2,4,1,865,322,7,5,4,11,0,0,0,0,0
201900005245,19,4,25,2321,1,3,9,1,4704562,507702,6,3,42,2,1,3,873,492,3,4,5,56,0,0,0,0,0
201900005246,19,7,13,1534,5,3,5,3,4644254,-312432,5,3,20,1,4,4,760,165,6,6,1,58,0,0,0,0,0
201900005247,19,9,23,1759,5,7,9,4,4623361,180954,3,2,34,1,1,2,581,524,1,3,2,17,0,0,0,0,0
201900005248,19,10,24,2346,4,3,4,6,4445233,550402,4,3,15,3,3,2,161,468,2,1,2,78,0,0,0,0,0
201900005249,19,11,15,1799,1,7,3,2,4754394,356095,7,3,44,2,2,1,68,69,4,1,3,58,0,0,0,0,0
201900005250,19,12,3,609,2,5,6,5,4761316,-238885,1,1,20,1,2,1,578,991,3,2,5,82,0,0,0,0,0
201900005251,19,2,10,1162,2,9,9,3,4519047,-248780,1,1,4,3,2,4,394,614,3,3,1,93,0,0,0,0,0
201900005252,19,9,24,12,5,2,6,5,4649144,549974,1,4,26,2,1,3,841,83,9,4,3,45,0,0,0,0,0
201900005253,19,10,18,1941,1,7,7,5,4975535,428679,3,2,17,1,2,2,842,466,5,4,5,1,0,0,0,0,0
201900005254,19,7,23,1523,2,1,5,4,4778400,481723,9,3,38,2,1,3,68,64,2,5,3,34,0,0,0,0,0
201900005255,19,9,23,1578,1,6,4,1,4653449,-193788,9,3,29,2,3,1,905,244,2,7,1,46,0,0,0,0,0
201900005256,19,8,22,1543,3,5,9,7,4502509,37747,8,1,16,1,2,1,184,608,2,6,3,26,0,0,0,0,0
201900005257,19,1,23,2321,5,4,4,5,4534544,84856,5,4,4,3,1,4,235,568,6,6,1,24,0,0,0,0,0
201900005258,19,4,14,979,5,6,4,6,4973683,-279972,1,3,37,2,2,3,166,888,6,3,1,43,0,0,0,0,0
201900005259,19,1,10,519,2,1,9,2,4702347,124930,5,4,51,1,4,3,650,949,7,7,5,81,0,0,0,0,0
201900005260,19,11,22,1125,5,1,2,7,4677877,-15045,6,1,4,2,1,1,321,203,3,2,5,6,0,0,0,0,0
201900005261,19,2,27,293,3,5,9,5,4600976,641101,6,4,21,2,4,4,565,325,3,5,1,86,0,0,0,0,0
201900005262,19,8,9,2264,1,9,6,2,4463326,-50609,8,1,23,1,4,1,487,19,7,4,3,60,0,0,0,0,0
201900005263,19,7,19,2340,5,1,6,2,4812746,665548,8,3,45,2,2,2,605,940,3,4,5,1,0,0,0,0,0
201900005264,19,10,3,731,5,7,2,7,4532350,-166681,6,4,28,1,4,1,238,908,6,1,4,60,0,0,0,0,0
201900005265,19,1,6,687,2,3,9,6,4980231,-214708,5,3,29,2,3,1,880,564,9,1,3,14,0,0,0,0,0
201900005266,19,3,15,92,3,2,7,6,4658220,346585,4,1,21,1,2,4,192,365,9,3,3,38,0,0,0,0,0
201900005267,19,7,14,1337,2,2,5,1,4492830,52493,1,2,29,1,2,2,584,949,4,2,3,4,0,0,0,0,0
201900005268,19,7,11,2316,5,8,9,7,4483873,21403,7,1,5,1,4,2,892,72,3,1,4,24,0,0,0,0,0
201900005269,19,5,9,1706,5,3,6,2,4534636,-149605,4,4,9,3,3,1,364,481,8,4,5,3,0,0,0,0,0
201900005270,19,11,25,1963,5,9,4,5,4566728,471863,2,2,6,1,1,1,879,759,7,5,2,52,0,0,0,0,0
201900005271,19,5,24,1668,2,5,6,1,4901840,562844,7,1,6,1,2,3,521,141,7,2,1,17,0,0,0,0,0
201900005272,19,1,6,1488,5,4,4,2,4791695,612487,5,3,26,1,2,1,532,276,8,3,5,61,0,0,0,0,0
201900005273,19,2,27,928,1,6,8,5,4899291,526173,8,1,17,1,3,4,287,60,7,6,3,59,0,0,0,0,0
201900005274,19,4,11,1978,2,2,3,7,4628496,20553,7,1,48,1,4,3,387,8,3,1,3,88,0,0,0,0,0
201900005275,19,11,8,723,2,4,4,2,4640012,672003,2,1,49,1,4,1,125,276,6,6,5,5,0,0,0,0,0
201900005276,19,7,14,1709,4,9,9,7,4435544,-273228,5,2,33,2,3,1,15,783,2,3,5,19,0,0,0,0,0
201900005277,19,6,11,993,3,1,8,2,4811767,593617,5,3,0,3,1,3,633,235,9,7,2,45,0,0,0,0,0
201900005278,19,3,20,937,2,3,1,7,4979838,-153729,7,1,16,3,3,3,593,462,1,2,3,37,0,0,0,0,0
201900005279,19,2,5,2045,2,7,4,6,4833075,557761,5,2,18,3,2,4,614,634,4,3,4,58,0,0,0,0,0
201900005280,19,11,15,1054,3,3,9,4,4725596,-30957,5,2,35,2,4,2,911,672,4,7,3,42,0,0,0,0,0
201900005281,19,2,19,1537,5,4,7,6,4578154,-360532,2,4,19,2,3,4,227,66,3,3,5,22,0,0,0,0,0
201900005282,19,3,2,785,4,6,6,4,4696078,104006,1,4,2,3,1,1,276,30,9,7,2,95,0,0,0,0,0
201900005283,19,10,23,1115,1,1,7,1,4439434,222866,8,1,3,2,2,1,801,228,5,1,4,92,0,0,0,0,0
201900005284,19,2,19,941,3,3,2,6,4547001,-64696,4,1,23,3,3,1,4,9,2,1,3,67,0,0,0,0,0
201900005285,19,10,25,861,2,4,6,2,4702960,-203864,3,1,21,2,2,4,574,284,3,3,2,35,0,0,0,0,0
201900005286,19,5,5,1125,3,6,3,2,4595465,641260,9,1,43,2,3,2,342,389,3,3,3,98,0,0,0,0,0
201900005287,19,12,4,1613,3,6,4,6,4461427,689335,7,4,7,1,2,4,268,156,7,7,1,36,0,0,0,0,0
201900005288,19,9,17,396,1,3,3,2,4818734,560064,7,1,24,3,3,2,372,449,2,3,4,9,0,0,0,0,0
201900005289,19,9,4,1117,3,2,6,4,4748905,48680,8,3,50,2,2,2,546,67,7,2,2,93,0,0,0,0,0
201900005290,19,9,20,345,5,6,9,7,4898624,-68364,8,4,2,2,1,3,733,438,6,3,3,94,0,0,0,0,0
201900005291,19,11,6,1838,5,4,5,4,4535380,-106284,5,2,40,2,4,2,118,106,5,6,4,48,0,0,0,0,0
201900005292,19,4,21,534,2,4,7,2,4773763,171577,7,2,48,3,1,2,908,863,9,7,2,9,0,0,0,0,0
201900005293,19,12,7,640,4,8,6,1,4806582,-147144,6,1,29,2,3,2,878,238,9,4,5,38,0,0,0,0,0
201900005294,19,10,19,2238,1,1,3,4,4850634,-325006,8,3,51,1,3,2,613,257,9,7,4,97,0,0,0,0,0
201900005295,19,6,4,1159,5,5,5,7,4619007,469498,2,1,41,2,3,4,227,452,9,1,4,42,0,0,0,0,0
201900005296,19,5,12,655,2,6,3,4,4887296,-61357,7,3,3,2,3,2,366,630,5,5,2,98,0,0,0,0,0
201900005297,19,2,3,1913,3,5,6,6,4467472,101970,7,3,27,3,2,1,386,282,5,1,4,89,0,0,0,0,0
201900005298,19,9,18,2229,4,6,8,4,4844453,-231635,5,4,12,3,1,4,813,537,5,7,5,33,0,0,0,0,0
201900005299,19,11,15,1058,5,3,4,1,4857906,332242,3,1,11,3,2,2,700,924,2,5,3,88,0,0,0,0,0
201900005300,19,8,25,2080,4,3,1,1,4977246,-87972,8,4,26,2,1,2,243,601,6,5,2,47,0,0,0,0,0
201900005301,19,1,15,718,5,5,7,5,4838061,-34617,1,3,13,3,4,4,577,178,9,7,2,70,0,0,0,0,0
201900005302,19,1,21,1174,5,7,7,2,4797711,-21196,1,3,0,3,3,4,893,952,2,3,4,23,0,0,0,0,0
201900005303,19,4,5,698,4,8,3,1,4921494,-230966,6,4,50,1,4,2,263,872,9,5,4,22,0,0,0,0,0
201900005304,19,2,15,569,4,8,4,7,4533645,439748,1,1,31,1,1,4,408,880,3,4,5,86,0,0,0,0,0
201900005305,19,4,18,2035,4,2,4,7,4688104,676782,7,4,20,2,3,2,522,966,4,3,2,31,0,0,0,0,0
201900005306,19,9,13,1860,4,5,3,6,4448562,194722,3,2,23,3,4,1,461,118,6,3,4,88,0,0,0,0,0
201900005307,19,6,24,738,5,1,6,1,4841385,358912,5,1,2,3,1,2,450,497,7,4,5,99,0,0,0,0,0
201900005308,19,10,10,560,2,4,3,5,4895083,199788,2,1,43,1,2,1,527,928,7,3,1,33,0,0,0,0,0
201900005309,19,5,9,55,3,4,9,7,4511626,12771,3,3,28,2,1,3,748,609,7,2,1,0,0,0,0,0,0
201900005310,19,1,23,386,4,3,9,7,4932798,-83731,8,1,34,3,1,1,255,179,4,1,1,29,0,0,0,0,0
201900005311,19,2,25,205,3,5,7,6,4488410,46759,2,4,40,3,2,3,520,344,9,3,4,56,0,0,0,0,0
201900005312,19,3,9,1997,5,6,2,7,4583500,-30152,2,4,30,3,1,1,663,614,8,3,4,80,0,0,0,0,0
201900005313,19,5,2,1004,2,8,2,5,4719826,284302,5,4,38,1,4,4,363,252,6,2,4,56,0,0,0,0,0
201900005314,19,2,1,2145,5,2,3,5,4780631,-367262,9,3,18,3,3,2,794,332,4,6,2,43,0,0,0,0,0
201900005315,19,11,28,307,5,4,5,6,4697705,492827,1,1,52,2,3,1,529,416,9,5,3,4,0,0,0,0,0
201900005316,19,2,12,306,1,6,5,5,4881363,465907,6,3,10,3,4,4,390,982,2,5,3,25,0,0,0,0,0
201900005317,19,9,17,1134,1,4,3,1,4573239,183478,7,3,3,2,4,2,119,445,4,5,3,14,0,0,0,0,0
201900005318,19,3,18,1820,1,9,9,4,4527744,-151774,9,2,46,1,4,4,356,758,1,5,4,5,0,0,0,0,0
201900005319,19,3,13,1286,3,5,2,2,4696242,22814,2,1,23,1,3,2,444,115,5,7,5,16,0,0,0,0,0
201900005320,19,12,25,680,2,2,4,6,4752013,552463,7,1,24,3,4,4,382,490,2,4,2,52,0,0,0,0,0
201900005321,19,5,22,2313,5,9,2,7,4803352,363101,3,3,8,3,3,4,210,319,4,6,5,56,0,0,0,0,0
201900005322,19,8,3,580,3,3,8,2,4819911,-248848,1,3,33,3,1,3,323,273,4,2,1,97,0,0,0,0,0
201900005323,19,4,23,989,4,6,3,4,4471918,485666,8,4,28,2,1,1,544,186,1,4,4,0,0,0,0,0,0
201900005324,19,10,9,1941,1,6,7,7,4508863,-193760,1,4,11,1,1,4,880,786,6,3,1,95,0,0,0,0,0
201900005325,19,10,12,1669,3,2,1,1,4800599,-112744,1,3,1,3,3,1,914,752,6,1,3,98,0,0,0,0,0
201900005326,19,5,23,1283,2,8,9,5,4652120,501032,1,3,43,3,3,3,603,640,3,4,5,18,0,0,0,0,0
201900005327,19,2,17,434,1,9,1,7,4410700,508631,7,2,52,1,4,4,775,322,4,4,3,73,0,0,0,0,0
201900005328,19,2,3,371,4,9,2,4,4877122,664691,3,2,11,2,1,1,259,1,7,5,1,42,0,0,0,0,0
201900005329,19,6,2,1504,4,9,3,6,4638707,-317820,6,1,44,1,2,3,792,446,8,6,4,97,0,0,0,0,0
201900005330,19,5,9,1832,4,8,1,3,4825808,-219890,1,4,46,3,3,3,635,71,6,6,2,81,0,0,0,0,0
201900005331,19,11,10,91,4,6,3,1,4662800,218514,4,1,6,2,2,4,836,88,9,1,2,23,0,0,0,0,0
201900005332,19,6,28,1732,4,8,3,2,4431380,31109,7,4,17,3,1,1,204,537,5,3,1,62,0,0,0,0,0
201900005333,19,2,1,1807,1,1,3,3,4459212,203077,4,2,27,2,2,2,639,928,6,2,1,26,0,0,0,0,0
201900005334,19,3,17,1872,2,1,5,2,4718699,115390,8,2,35,3,1,3,281,284,9,3,4,87,0,0,0,0,0
201900005335,19,3,25,1709,2,9,8,5,4435810,-331095,6,1,5,3,1,2,521,398,9,2,3,43,0,0,0,0,0
201900005336,19,7,25,2144,1,6,4,1,4781273,93806,6,3,34,1,4,1,789,78,6,1,4,57,0,0,0,0,0
201900005337,19,7,17,1386,5,7,9,3,4971936,640409,1,1,17,1,4,1,876,909,4,6,4,88,0,0,0,0,0
201900005338,19,2,23,599,4,6,2,3,4817501,-185302,6,3,31,1,2,2,749,781,5,6,4,84,0,0,0,0,0
201900005339,19,6,23,1155,4,8,3,5,4811234,123256,4,4,52,3,4,3,302,331,5,5,5,56,0,0,0,0,0
201900005340,19,9,18,2116,3,8,3,5,4412717,64824,6,1,20,1,4,3,11,449,1,4,1,92,0,0,0,0,0
201900005341,19,2,1,2228,4,6,7,7,4723514,182641,4,4,9,1,3,2,393,678,1,3,2,50,0,0,0,0,0
201900005342,19,12,10,51,1,1,6,6,4557585,35608,9,1,47,3,3,2,455,746,6,1,5,14,0,0,0,0,0
201900005343,19,2,19,2062,4,6,9,1,4938365,619478,5,3,53,2,4,4,555,515,6,6,2,4,0,0,0,0,0
201900005344,19,3,11,961,3,9,4,6,4728321,390779,8,3,22,2,2,4,143,570,6,4,2,83,0,0,0,0,0
201900005345,19,9,23,926,5,3,4,3,4711474,152319,2,3,14,2,2,4,589,538,7,1,2,95,0,0,0,0,0
201900005346,19,12,26,1663,3,3,4,6,4529809,-258325,6,2,17,1,1,2,7,854,3,3,1,98,0,0,0,0,0
201900005347,19,10,5,258,2,5,8,7,4480544,-73389,6,4,3,1,1,3,112,400,3,6,1,73,0,0,0,0,0
201900005348,19,2,9,1719,5,8,9,7,4833162,144019,4,3,45,3,1,4,756,784,7,5,5,51,0,0,0,0,0
201900005349,19,7,5,423,5,9,1,4,4556125,-197117,9,4,27,2,3,1,56,159,6,3,1,62,0,0,0,0,0
201900005350,19,12,11,1716,4,2,7,1,4573008,-41893,4,2,30,2,1,1,876,327,6,4,3,17,0,0,0,0,0
201900005351,19,3,14,407,3,5,6,3,4987284,306705,3,1,34,1,2,4,882,492,6,7,3,63,0,0,0,0,0
201900005352,19,12,24,1566,2,7,4,5,4984626,-27108,7,1,24,2,4,1,123,529,2,7,5,30,0,0,0,0,0
201900005353,19,10,11,2189,2,2,6,5,4902650,498734,9,3,44,1,1,3,466,971,1,5,1,98,0,0,0,0,0
201900005354,19,4,6,455,2,2,7,2,4816499,-92832,9,4,30,2,2,2,770,718,3,1,3,73,0,0,0,0,0
201900005355,19,3,22,1071,4,7,2,6,4506131,507045,5,1,35,3,2,1,280,671,8,3,2,92,0,0,0,0,0
201900005356,19,2,13,1488,2,8,6,4,4879561,657560,8,3,9,1,4,3,445,303,8,2,1,56,0,0,0,0,0
201900005357,19,3,25,1759,4,2,8,5,4650494,-230450,4,3,53,3,1,2,55,951,2,7,4,33,0,0,0,0,0
201900005358,19,2,23,1834,3,8,9,1,4979861,5864,8,4,35,3,4,1,59,775,7,5,5,14,0,0,0,0,0
201900005359,19,3,14,990,3,2,6,1,4644671,271971,3,4,43,2,2,1,189,17,3,7,4,92,0,0,0,0,0
201900005360,19,10,12,1335,2,3,9,7,4873220,635132,9,4,33,3,4,4,322,84,3,4,1,86,0,0,0,0,0
201900005361,19,1,17,57,5,7,7,5,4606574,-287874,2,3,13,2,3,1,280,620,6,3,3,51,0,0,0,0,0
201900005362,19,10,17,705,2,6,6,1,4725477,50867,6,4,50,1,3,2,779,597,4,2,1,68,0,0,0,0,0
201900005363,19,9,9,1552,4,2,5,5,4846541,234885,4,3,15,1,1,4,212,967,8,6,1,37,0,0,0,0,0
201900005364,19,4,17,602,3,1,4,6,4996878,343504,5,3,19,3,3,4,789,213,4,7,1,86,0,0,0,0,0
201900005365,19,5,11,1588,2,2,7,1,4972985,69963,2,4,15,3,4,1,159,882,8,6,4,33,0,0,0,0,0
201900005366,19,1,12,510,3,6,6,1,4990649,-297252,8,1,4,3,2,3,280,672,9,1,4,22,0,0,0,0,0
201900005367,19,9,19,1896,1,9,4,7,4547948,-23600,2,2,21,1,1,4,301,776,5,5,2,41,0,0,0,0,0
201900005368,19,12,21,2274,3,8,2,2,4479214,435841,8,4,19,3,4,2,631,548,2,5,4,86,0,0,0,0,0
201900005369,19,12,2,2054,1,5,4,5,4413051,389476,1,3,40,1,3,4,551,452,8,2,3,47,0,0,0,0,0
201900005370,19,9,22,389,3,5,4,7,4885542,66806,1,1,26,3,3,1,492,875,7,3,4,51,0,0,0,0,0
201900005371,19,11,11,1671,5,2,2,4,4867618,7661,4,2,11,2,4,1,447,339,5,5,1,32,0,0,0,0,0
201900005372,19,5,26,633,5,5,8,1,4888996,-357495,9,4,43,2,3,2,587,727,9,2,4,52,0,0,0,0,0
201900005373,19,12,15,1902,5,7,3,6,4444810,295341,4,4,43,1,1,1,793,149,8,4,1,95,0,0,0,0,0
201900005374,19,7,6,1665,1,3,9,6,4596708,-50696,7,1,1,1,2,4,274,417,4,6,3,99,0,0,0,0,0
201900005375,19,11,6,997,3,5,3,1,4946093,323538,4,2,25,2,2,4,140,567,9,6,2,57,0,0,0,0,0
201900005376,19,12,9,1261,3,7,8,7,4420726,-63380,3,3,41,3,1,3,536,592,5,4,1,57,0,0,0,0,0
201900005377,19,3,10,831,1,9,2,1,4556329,-62370,9,4,21,1,4,3,142,324,5,2,1,93,0,0,0,0,0
201900005378,19,10,8,1875,4,1,5,4,4731997,417617,5,2,25,2,3,2,710,803,3,5,1,94,0,0,0,0,0
201900005379,19,2,7,1291,1,9,4,5,4792687,286806,2,4,18,1,2,3,59,622,2,2,4,65,0,0,0,0,0
201900005380,19,1,6,420,2,5,8,5,4423545,60250,9,2,15,2,2,3,48,379,4,4,3,13,0,0,0,0,0
201900005381,19,5,13,2035,5,5,9,1,4661289,66985,3,2,45,3,2,3,408,482,3,1,5,37,0,0,0,0,0
201900005382,19,4,28,1126,4,6,4,6,4969240,-258971,8,4,51,3,4,3,699,492,5,7,1,4,0,0,0,0,0
201900005383,19,2,4,351,2,1,3,3,4709273,-233038,1,2,28,1,2,1,163,696,9,3,2,18,0,0,0,0,0
201900005384,19,12,15,1464,4,4,5,4,4595527,678950,9,3,26,3,2,2,117,126,9,5,5,68,0,0,0,0,0
201900005385,19,12,23,356,3,3,3,3,4863488,-325181,7,1,49,3,2,3,831,615,7,6,1,36,0,0,0,0,0
201900005386,19,8,17,1331,5,3,6,2,4508232,-107068,2,4,9,3,1,1,812,328,1,3,1,79,0,0,0,0,0
201900005387,19,2,22,387,4,8,9,2,4709060,-42617,1,1,24,1,1,3,389,240,2,4,2,55,0,0,0,0,0
201900005388,19,4,20,1369,5,7,9,1,4684846,-209500,5,1,26,1,2,2,886,483,8,6,3,23,0,0,0,0,0
201900005389,19,9,21,374,5,7,2,4,4999035,524162,7,4,12,2,4,2,643,258,5,5,4,16,0,0,0,0,0
201900005390,19,9,23,1580,5,3,3,1,4701047,127939,4,4,53,1,1,3,216,867,1,6,1,4,0,0,0,0,0
201900005391,19,6,20,1286,4,9,8,6,4600794,317562,2,4,33,3,4,4,276,660,7,4,4,17,0,0,0,0,0
201900005392,19,11,28,596,5,9,1,2,4491290,444550,2,4,25,3,1,1,492,650,2,4,3,97,0,0,0,0,0
201900005393,19,7,15,835,5,1,5,1,4695426,248168,3,3,46,3,3,3,196,272,8,4,5,22,0,0,0,0,0
201900005394,19,12,14,1171,3,2,3,3,4595388,455710,6,3,6,3,3,4,181,372,9,1,5,13,0,0,0,0,0
201900005395,19,10,8,727,2,9,2,7,4973063,184132,6,1,28,1,4,1,590,892,3,4,1,9,0,0,0,0,0
201900005396,19,12,9,637,4,4,8,2,4728211,189626,3,1,15,3,1,1,694,175,7,2,1,75,0,0,0,0,0
201900005397,19,2,11,491,1,9,8,1,4602517,553308,1,3,51,1,2,4,309,80,4,1,1,94,0,0,0,0,0
201900005398,19,7,3,2246,5,1,1,5,4500763,-291101,8,3,28,3,1,3,178,583,8,2,2,48,0,0,0,0,0
201900005399,19,10,11,693,3,9,3,4,4978852,-105484,6,2,32,3,1,2,383,662,7,7,2,44,0,0,0,0,0
201900005400,19,3,19,1004,1,3,8,4,4528281,96190,1,3,46,1,2,2,378,763,9,1,4,14,0,0,0,0,0
201900005401,19,9,8,1517,5,3,5,4,4910323,628105,1,3,12,1,4,2,154,851,5,3,5,70,0,0,0,0,0
201900005402,19,10,2,141,5,6,9,6,4777027,176767,9,2,20,2,2,2,184,286,4,1,5,10,0,0,0,0,0
201900005403,19,7,13,676,2,2,2,1,4808927,184428,6,3,9,3,2,4,320,407,1,4,5,38,0,0,0,0,0
201900005404,19,12,13,2122,4,8,2,3,4936604,-281765,1,4,42,2,1,4,841,295,1,5,4,28,0,0,0,0,0
201900005405,19,1,10,392,4,9,1,1,4720693,-2955,7,3,10,1,1,1,434,636,4,2,3,81,0,0,0,0,0
201900005406,19,7,7,1729,5,8,9,1,4523870,448887,6,3,49,2,2,1,554,762,7,2,1,87,0,0,0,0,0
201900005407,19,5,16,1263,4,2,6,2,4770268,527464,5,2,24,2,2,3,737,166,3,7,5,85,0,0,0,0,0
201900005408,19,7,25,140,3,5,5,2,4449736,524667,6,2,3,3,3,4,369,116,3,4,3,98,0,0,0,0,0
201900005409,19,5,13,1129,1,6,6,3,4536236,-283519,7,1,30,1,1,1,587,893,6,3,1,7,0,0,0,0,0
201900005410,19,4,27,1471,4,7,9,1,4423044,-17228,3,4,17,1,1,2,283,846,2,7,4,90,0,0,0,0,0
201900005411,19,12,7,178,4,1,3,3,4716314,79212,5,2,20,1,4,4,505,884,6,7,5,59,0,0,0,0,0
201900005412,19,8,21,48,1,5,1,1,4755993,195492,6,1,26,3,1,2,118,475,2,2,2,12,0,0,0,0,0
201900005413,19,6,4,2272,5,1,1,1,4458715,-249468,2,1,10,3,1,1,130,100,2,5,5,38,0,0,0,0,0
201900005414,19,11,13,903,4,4,7,7,4844480,129717,9,3,19,1,1,1,251,538,4,6,4,47,0,0,0,0,0
201900005415,19,7,22,1625,3,6,8,2,4657107,331335,1,3,14,1,2,1,238,53,4,4,2,57,0,0,0,0,0
201900005416,19,7,12,802,3,4,3,1,4629926,169393,6,2,37,1,2,1,405,664,9,7,4,24,0,0,0,0,0
201900005417,19,1,23,1170,5,7,8,6,4989238,367145,5,3,34,3,2,1,844,673,2,4,5,85,0,0,0,0,0
201900005418,19,9,18,1620,5,2,6,2,4966065,336141,2,4,1,3,3,4,496,687,1,1,4,51,0,0,0,0,0
201900005419,19,2,24,274,5,7,3,6,4495644,564367,6,4,23,3,2,1,726,305,9,5,5,29,0,0,0,0,0
201900005420,19,1,20,1293,5,4,8,3,4523126,188373,5,1,53,1,3,2,530,74,5,5,4,42,0,0,0,0,0
201900005421,19,6,25,181,1,5,3,7,4652464,-324590,6,4,7,2,2,3,314,900,6,4,2,23,0,0,0,0,0
201900005422,19,8,12,2262,5,8,5,7,4981950,332459,5,3,40,3,3,2,730,871,5,5,5,74,0,0,0,0,0
201900005423,19,9,14,2225,5,3,2,6,4844826,24023,5,1,25,3,2,3,857,395,2,3,4,60,0,0,0,0,0
201900005424,19,3,19,857,4,5,7,6,4754181,492841,5,2,37,3,1,3,782,920,3,1,5,10,0,0,0,0,0
201900005425,19,5,13,1576,5,5,7,3,4963752,121455,6,3,39,3,1,4,845,806,2,7,5,15,0,0,0,0,0
201900005426,19,8,7,1324,5,5,5,3,4630767,389566,7,2,22,2,4,4,902,178,3,5,2,29,0,0,0,0,0
201900005427,19,11,9,676,3,4,5,5,4942277,317414,4,2,32,2,1,2,617,287,4,5,1,98,0,0,0,0,0
201900005428,19,6,6,1940,2,8,4,4,4530934,90118,8,1,41,1,3,2,492,578,9,7,2,65,0,0,0,0,0
201900005429,19,10,8,79,4,1,6,4,4771428,60576,4,1,41,1,2,4,842,947,8,4,5,42,0,0,0,0,0
201900005430,19,10,23,1138,5,9,6,3,4814654,522644,7,1,38,2,2,2,639,556,8,7,1,66,0,0,0,0,0
201900005431,19,8,19,173,3,6,8,2,4736287,242301,4,4,38,1,4,2,726,263,3,4,5,53,0,0,0,0,0
201900005432,19,1,23,876,5,1,7,3,4496982,451259,9,4,18,3,1,2,540,547,5,4,4,44,0,0,0,0,0
201900005433,19,8,19,2025,1,2,7,1,4948148,-102934,4,1,34,1,2,1,783,421,5,5,2,99,0,0,0,0,0
201900005434,19,1,8,2215,2,5,6,7,4616816,50824,5,4,37,1,1,3,105,771,4,2,4,55,0,0,0,0,0
201900005435,19,7,27,1563,2,1,1,3,4727428,445355,5,2,13,3,3,4,278,318,3,6,1,48,0,0,0,0,0