Num_Acc,an,mois,jour,hrmn,lum,int,atm,col,lat,long,catr,circ,nbv,vosp,prof,plan,lartpc,larrout,surf,infra,situ,env1,unscathed,killed,hospital,light,chance
201900005436,19,12,23,1466,2,1,9,5,4786471,306170,1,2,46,1,3,4,355,369,3,1,2,66,0,0,0,0,0
201900005437,19,2,20,1842,2,8,6,3,4537330,440173,6,2,9,3,1,4,90,679,8,2,4,30,0,0,0,0,0
201900005438,19,3,25,4,2,7,3,5,4404097,-390315,6,3,11,1,3,1,614,837,7,7,5,43,0,0,0,0,0
201900005439,19,8,17,185,5,5,3,6,4889101,319546,3,3,31,3,2,4,537,272,5,7,1,19,0,0,0,0,0
201900005440,19,4,22,1818,2,2,8,5,4927210,392692,6,3,13,2,3,4,492,34,9,7,3,76,0,0,0,0,0
201900005441,19,5,16,1122,3,7,9,3,4661129,-317985,5,4,28,2,4,1,359,650,1,4,5,48,0,0,0,0,0
201900005442,19,9,18,612,2,4,9,7,4516172,601948,5,2,6,1,3,2,258,308,2,5,1,38,0,0,0,0,0
201900005443,19,1,23,555,1,7,5,1,4700533,226067,4,4,37,1,3,3,687,120,8,3,3,97,0,0,0,0,0
201900005444,19,5,23,1477,4,7,2,4,4454440,124098,7,2,35,2,3,1,670,463,8,5,4,41,0,0,0,0,0
201900005445,19,11,5,2162,5,2,5,4,4900598,657625,2,4,32,2,3,1,377,481,4,1,2,14,0,0,0,0,0
201900005446,19,2,26,356,1,7,1,1,4592509,662221,8,4,35,2,3,2,17,475,3,5,5,13,0,0,0,0,0
201900005447,19,6,3,612,1,7,4,7,4746733,162475,7,1,6,2,3,2,36,864,3,3,3,52,0,0,0,0,0
201900005448,19,11,18,1198,1,9,8,2,4596833,280478,3,3,49,2,2,3,733,3,2,6,2,44,0,0,0,0,0
201900005449,19,2,5,1312,5,5,4,7,4463453,101637,1,3,22,1,4,2,613,801,6,3,4,20,0,0,0,0,0
201900005450,19,3,24,284,2,8,6,7,4908904,444728,8,2,45,3,1,2,531,395,7,5,4,69,0,0,0,0,0
201900005451,19,3,3,1855,3,9,4,6,4735359,-111691,6,1,37,3,3,3,599,898,3,1,2,70,0,0,0,0,0
201900005452,19,4,11,870,2,8,7,3,4926149,3845,4,2,15,1,4,2,445,859,9,3,5,31,0,0,0,0,0
201900005453,19,7,4,1830,3,3,3,3,4936955,279467,4,1,47,2,4,2,8,608,2,7,1,96,0,0,0,0,0
201900005454,19,1,27,1557,1,7,3,4,4769873,-264864,1,3,13,2,4,2,304,780,8,4,1,99,0,0,0,0,0
201900005455,19,6,9,1246,2,8,4,4,4603625,-276734,3,2,15,2,1,1,353,293,9,2,4,83,0,0,0,0,0
201900005456,19,2,24,1959,4,1,1,4,4608020,-185908,7,1,27,3,3,1,308,210,4,3,3,80,0,0,0,0,0
201900005457,19,7,25,1176,5,4,2,2,4591964,135383,7,2,22,3,4,2,280,293,4,5,5,77,0,0,0,0,0
201900005458,19,6,27,1274,2,2,1,5,4569309,162782,7,2,27,1,1,2,592,41,7,3,2,15,0,0,0,0,0
201900005459,19,1,4,1474,2,8,1,1,4937405,-264688,4,2,4,2,4,4,235,492,1,4,1,20,0,0,0,0,0
201900005460,19,12,15,882,2,8,8,6,4626991,670621,2,4,34,3,2,3,594,632,1,5,5,25,0,0,0,0,0
201900005461,19,4,4,2140,5,6,1,6,4651543,287868,2,1,16,1,2,2,404,619,9,1,2,13,0,0,0,0,0
201900005462,19,10,15,1934,1,1,4,4,4927524,353948,1,2,21,1,3,1,610,931,7,5,3,82,0,0,0,0,0
201900005463,19,12,13,2157,3,7,5,5,4936177,-73689,3,1,51,3,2,3,43,860,2,2,3,84,0,0,0,0,0
201900005464,19,7,8,997,5,3,9,5,4713688,-389667,1,3,3,1,4,1,454,649,5,7,4,8,0,0,0,0,0
201900005465,19,6,27,1949,5,6,8,2,4572234,632586,6,4,16,1,4,1,808,408,5,6,3,52,0,0,0,0,0
201900005466,19,6,5,1107,4,8,1,2,4816047,-170348,7,2,28,1,3,1,50,834,7,1,1,70,0,0,0,0,0
201900005467,19,3,24,611,5,7,9,5,4467870,482366,1,1,20,3,4,1,154,642,6,6,5,47,0,0,0,0,0
201900005468,19,1,16,1130,1,2,5,5,4683113,55163,3,1,53,1,2,2,18,621,6,2,2,73,0,0,0,0,0
201900005469,19,12,19,204,2,6,9,3,4500492,-279830,5,2,26,2,2,1,211,190,7,5,3,39,0,0,0,0,0
201900005470,19,8,7,873,4,4,4,7,4851688,293648,1,4,29,3,4,3,566,994,1,3,5,16,0,0,0,0,0
201900005471,19,8,10,1876,1,3,8,1,4507573,255852,5,2,15,1,2,2,669,760,1,7,4,81,0,0,0,0,0
201900005472,19,6,18,1734,5,1,4,4,4685305,580643,3,1,50,1,3,3,85,840,5,6,2,64,0,0,0,0,0
201900005473,19,2,21,94,2,8,9,7,4800869,537635,5,1,36,3,3,4,170,384,2,4,1,67,0,0,0,0,0
201900005474,19,6,7,983,4,2,1,7,4581164,6240,7,3,25,3,2,4,703,647,7,2,3,59,0,0,0,0,0
201900005475,19,8,15,1429,3,4,9,6,4625370,434805,5,1,16,3,2,4,727,842,6,3,1,23,0,0,0,0,0
201900005476,19,11,26,1375,1,8,3,7,4778451,592178,7,3,35,1,2,4,782,860,4,5,2,71,0,0,0,0,0
201900005477,19,1,17,161,1,1,9,1,4808971,-166667,3,1,53,3,1,4,543,930,5,5,1,92,0,0,0,0,0
201900005478,19,3,9,2348,3,8,2,6,4940477,476977,5,3,21,3,1,2,799,686,6,3,1,51,0,0,0,0,0
201900005479,19,2,3,219,3,5,3,2,4446078,27068,7,2,50,1,1,2,668,218,7,1,3,25,0,0,0,0,0
201900005480,19,5,15,487,3,4,7,3,4945078,344922,8,4,48,1,3,2,191,994,8,4,3,99,0,0,0,0,0
201900005481,19,12,19,1646,1,4,6,3,4798171,-63569,7,1,29,1,1,4,815,605,3,2,5,64,0,0,0,0,0
201900005482,19,12,16,543,5,5,5,7,4738314,-362290,9,2,53,3,4,4,323,700,7,4,4,83,0,0,0,0,0
201900005483,19,8,10,1608,3,8,5,4,4516594,321617,4,2,38,2,2,4,869,452,1,3,5,65,0,0,0,0,0
201900005484,19,5,1,1364,5,1,6,1,4584426,76283,5,2,45,1,1,3,175,795,2,4,1,74,0,0,0,0,0
201900005485,19,4,22,1847,1,9,6,6,4840578,545590,4,4,24,3,4,3,776,791,1,4,2,74,0,0,0,0,0
201900005486,19,3,6,1244,2,4,4,2,4774943,412423,9,3,4,3,3,1,616,927,6,5,3,16,0,0,0,0,0
201900005487,19,4,6,1795,3,4,4,1,4635267,-18845,9,4,33,3,4,3,240,438,5,3,2,34,0,0,0,0,0
201900005488,19,11,16,2182,2,4,2,2,4680412,419528,5,1,43,3,2,4,28,543,2,4,3,60,0,0,0,0,0
201900005489,19,6,7,684,4,1,5,2,4927112,572072,9,3,4,3,2,3,388,957,2,5,2,64,0,0,0,0,0
201900005490,19,12,5,1884,4,5,7,4,4722254,107592,1,3,29,3,4,4,463,234,6,5,4,64,0,0,0,0,0
201900005491,19,10,11,1430,4,9,4,4,4707532,632954,4,3,5,1,2,4,904,37,4,6,5,85,0,0,0,0,0
201900005492,19,1,1,1846,3,1,2,7,4488223,337184,9,3,5,1,4,3,56,568,7,1,4,42,0,0,0,0,0
201900005493,19,8,1,1333,3,3,9,2,4420714,-243591,3,3,38,3,1,1,112,653,6,7,5,45,0,0,0,0,0
201900005494,19,2,5,586,1,5,9,4,4707970,-185878,1,4,37,2,2,2,830,934,3,7,2,88,0,0,0,0,0
201900005495,19,4,13,1889,4,8,7,5,4481909,-319784,1,3,39,3,1,2,327,145,4,5,3,20,0,0,0,0,0
201900005496,19,3,4,53,5,7,3,5,4422344,-115997,7,4,48,1,3,4,719,834,2,1,3,86,0,0,0,0,0
201900005497,19,11,1,432,5,5,4,1,4802753,-23876,8,3,34,1,3,4,232,889,5,5,5,84,0,0,0,0,0
201900005498,19,3,13,1525,3,7,9,5,4890177,112798,9,2,13,3,4,3,41,615,7,1,5,86,0,0,0,0,0
201900005499,19,4,19,175,4,8,6,6,4565869,92722,9,4,37,2,4,4,149,663,4,2,4,15,0,0,0,0,0
201900005500,19,1,3,864,5,9,8,1,4948243,108478,1,3,25,1,2,3,126,729,6,6,4,68,0,0,0,0,0
201900005501,19,1,18,112,4,2,5,7,4914454,293077,7,1,18,2,2,2,224,23,3,3,5,5,0,0,0,0,0
201900005502,19,6,15,1117,5,2,2,1,4993476,662488,5,1,36,3,2,1,168,383,5,4,4,80,0,0,0,0,0
201900005503,19,11,24,2028,5,9,8,6,4735905,-346432,8,1,25,2,2,4,729,597,6,7,2,47,0,0,0,0,0
201900005504,19,1,4,1419,4,8,3,6,4461687,501336,9,3,52,1,4,3,63,940,6,2,1,37,0,0,0,0,0
201900005505,19,3,10,697,4,8,6,3,4631904,419928,8,2,6,1,1,1,264,927,4,5,1,49,0,0,0,0,0
201900005506,19,3,14,1919,3,5,2,2,4874198,614748,5,3,34,1,1,2,729,75,2,1,5,98,0,0,0,0,0
201900005507,19,9,4,413,3,4,5,1,4742037,521308,1,3,51,1,2,4,645,568,4,6,5,75,0,0,0,0,0
201900005508,19,2,14,666,5,6,2,7,4898198,58427,3,4,16,1,2,1,167,596,9,6,4,65,0,0,0,0,0
201900005509,19,10,2,567,2,7,8,2,4656313,283814,2,2,45,3,1,4,900,81,7,3,2,8,0,0,0,0,0
201900005510,19,9,13,469,2,1,9,5,4706818,267778,6,3,22,1,3,2,130,818,1,2,1,67,0,0,0,0,0
201900005511,19,5,13,1436,3,2,4,5,4632033,-193225,3,1,17,2,3,2,170,648,3,7,1,62,0,0,0,0,0
201900005512,19,10,25,1042,3,7,1,3,4961611,583798,7,4,53,1,1,3,457,139,3,1,4,48,0,0,0,0,0
201900005513,19,10,3,1471,3,4,1,2,4724623,622446,6,1,50,3,1,4,387,602,1,4,2,42,0,0,0,0,0
201900005514,19,1,7,915,4,8,6,3,4485841,-180666,9,2,38,3,4,4,542,989,4,5,5,59,0,0,0,0,0
201900005515,19,11,11,547,4,9,7,5,4970566,-209878,3,2,17,3,4,1,267,772,5,6,4,16,0,0,0,0,0
201900005516,19,7,6,1174,5,5,5,6,4646131,-325930,6,3,7,2,2,1,371,831,8,2,3,50,0,0,0,0,0
201900005517,19,9,26,496,2,1,6,1,4716792,-379031,2,3,34,3,1,3,541,217,1,7,4,82,0,0,0,0,0
201900005518,19,3,10,138,1,6,2,3,4755962,-277287,7,4,42,1,4,2,367,512,8,2,5,93,0,0,0,0,0
201900005519,19,1,27,2075,1,2,2,6,4593662,642285,6,1,22,1,3,2,837,304,5,3,5,97,0,0,0,0,0
201900005520,19,2,9,1144,1,3,9,6,4445341,-284549,4,4,49,1,1,2,540,625,9,2,2,63,0,0,0,0,0
201900005521,19,11,21,946,1,6,5,2,4657183,697795,9,1,40,3,4,4,204,889,9,1,3,20,0,0,0,0,0
201900005522,19,2,8,722,5,1,1,5,4786489,594001,5,3,20,3,4,3,702,990,3,5,5,43,0,0,0,0,0
201900005523,19,12,17,597,4,4,8,4,4888748,695614,5,1,14,1,1,4,770,251,9,6,3,98,0,0,0,0,0
201900005524,19,4,25,2170,3,7,3,3,4925803,206554,4,2,30,3,4,4,773,453,7,5,3,82,0,0,0,0,0
201900005525,19,8,4,799,3,1,7,1,4981444,126406,2,2,48,2,4,3,220,599,5,2,5,38,0,0,0,0,0
201900005526,19,8,11,2197,5,2,1,5,4652056,528471,6,1,50,1,1,3,349,489,4,2,2,47,0,0,0,0,0
201900005527,19,7,14,1483,5,9,3,2,4736976,329560,6,2,32,1,1,4,129,854,9,2,3,4,0,0,0,0,0
201900005528,19,5,26,217,1,4,5,7,4475712,508243,9,4,15,3,1,2,632,603,2,5,4,86,0,0,0,0,0
201900005529,19,4,12,1505,4,4,6,7,4635047,20798,6,2,4,3,3,1,764,409,6,6,4,62,0,0,0,0,0
201900005530,19,6,3,307,2,2,3,3,4887463,-390031,2,3,14,1,1,4,780,630,1,6,5,46,0,0,0,0,0
201900005531,19,1,12,38,2,4,6,1,4563875,-49958,7,1,27,2,3,1,190,805,6,1,4,94,0,0,0,0,0
201900005532,19,5,1,2206,5,1,4,6,4565355,595436,9,4,41,2,2,1,356,140,9,6,1,3,0,0,0,0,0
201900005533,19,5,6,1069,2,3,3,2,4478318,102264,9,4,29,2,2,2,284,800,2,1,4,13,0,0,0,0,0
201900005534,19,5,21,646,3,6,7,4,4779623,-134992,7,2,42,1,3,3,757,76,1,5,4,36,0,0,0,0,0
201900005535,19,4,13,2306,2,2,8,5,4413383,-226859,2,2,22,1,3,3,275,714,4,5,1,12,0,0,0,0,0
201900005536,19,6,1,755,3,1,9,2,4470608,-40899,1,1,50,2,4,3,179,828,3,6,2,9,0,0,0,0,0
201900005537,19,10,16,1744,3,6,7,3,4450892,474759,8,2,12,3,4,1,430,677,4,3,5,96,0,0,0,0,0
201900005538,19,9,10,827,4,8,7,2,4845500,303553,1,4,35,2,1,4,275,295,8,1,1,6,0,0,0,0,0
201900005539,19,9,24,1284,4,4,1,1,4755616,-342026,6,2,24,1,3,4,444,847,7,4,1,74,0,0,0,0,0
201900005540,19,2,5,1652,1,7,6,1,4607064,-41217,3,4,23,1,4,2,419,35,7,7,5,58,0,0,0,0,0
201900005541,19,7,2,472,3,2,3,4,4474448,131207,1,2,3,3,1,2,51,270,5,2,5,39,0,0,0,0,0
201900005542,19,12,8,1810,2,6,7,6,4723860,133446,6,4,50,3,2,2,580,136,4,3,3,82,0,0,0,0,0
201900005543,19,4,14,833,2,9,1,7,4683513,-189020,2,1,53,1,3,2,878,270,8,2,4,80,0,0,0,0,0
201900005544,19,3,16,1827,4,2,5,4,4951770,404218,9,2,38,1,4,3,784,517,7,7,5,80,0,0,0,0,0
201900005545,19,12,4,817,2,1,5,3,4971528,468379,4,1,0,1,4,1,498,529,8,2,2,58,0,0,0,0,0
201900005546,19,2,1,1739,1,9,7,3,4680278,-114620,8,3,24,2,2,4,736,802,2,6,1,96,0,0,0,0,0
201900005547,19,12,19,344,1,8,5,3,4778584,566453,2,1,4,2,3,1,633,122,8,2,1,11,0,0,0,0,0
201900005548,19,12,17,2223,1,9,2,4,4414946,236048,6,3,28,1,1,1,64,487,3,3,4,69,0,0,0,0,0
201900005549,19,2,27,1542,5,1,6,5,4854733,598507,9,1,5,1,3,1,79,372,8,6,3,46,0,0,0,0,0
201900005550,19,5,6,475,2,7,5,5,4827680,82630,7,3,42,2,3,4,424,559,4,1,4,54,0,0,0,0,0
201900005551,19,2,28,857,3,6,3,2,4989393,512973,6,2,40,3,1,1,132,980,8,4,3,76,0,0,0,0,0
201900005552,19,6,20,1503,4,3,1,5,4745795,4673,3,3,36,2,2,3,562,496,7,3,2,86,0,0,0,0,0
201900005553,19,8,15,1390,1,2,2,6,4934543,-196237,3,2,24,3,2,1,610,663,5,1,5,40,0,0,0,0,0
201900005554,19,5,25,1396,1,3,3,5,4776429,682519,6,2,46,3,4,3,320,990,7,4,5,32,0,0,0,0,0
201900005555,19,2,20,516,5,3,9,1,4911162,-21760,5,2,8,3,4,3,509,212,2,6,1,35,0,0,0,0,0
201900005556,19,12,17,2167,4,5,1,7,4436000,422514,7,1,1,3,3,1,733,521,2,2,4,53,0,0,0,0,0
201900005557,19,3,15,1487,1,1,9,7,4645442,-62190,6,4,8,2,4,2,442,230,6,5,2,76,0,0,0,0,0
201900005558,19,6,2,964,4,6,4,5,4509929,583416,6,3,16,2,4,2,376,208,3,7,4,16,0,0,0,0,0
201900005559,19,8,7,118,4,3,1,1,4906650,-27735,5,2,12,2,3,3,163,113,4,6,1,83,0,0,0,0,0
201900005560,19,11,10,541,2,1,5,5,4986245,95558,1,2,31,1,1,3,556,112,6,7,5,95,0,0,0,0,0
201900005561,19,12,28,1434,1,1,1,3,4486624,642805,8,4,31,2,2,1,37,781,4,6,2,79,0,0,0,0,0
201900005562,19,12,9,1128,3,4,3,5,4746557,-77874,7,1,22,3,3,4,340,568,8,5,3,59,0,0,0,0,0
201900005563,19,11,5,1795,1,6,6,5,4914813,-256218,6,2,47,3,4,3,528,720,5,1,1,73,0,0,0,0,0
201900005564,19,5,11,1574,2,4,5,2,4897358,-366138,3,2,19,2,4,2,44,547,9,3,3,89,0,0,0,0,0
201900005565,19,12,23,1523,3,3,5,1,4464601,395938,4,3,48,2,3,4,555,969,3,1,3,6,0,0,0,0,0
201900005566,19,8,14,221,3,7,8,7,4999211,196401,3,4,35,1,4,2,52,988,8,2,4,94,0,0,0,0,0
201900005567,19,10,7,1452,1,1,5,1,4625232,136453,2,3,36,2,3,2,36,430,1,2,2,52,0,0,0,0,0
201900005568,19,1,26,489,4,3,9,5,4546164,186362,5,3,18,3,1,3,876,609,9,6,4,85,0,0,0,0,0
201900005569,19,4,9,1201,4,8,3,7,4860512,-203525,5,1,21,2,2,1,798,468,7,6,2,33,0,0,0,0,0
201900005570,19,9,5,1197,3,5,1,6,4752691,432367,5,4,45,2,3,3,742,730,1,6,4,66,0,0,0,0,0
201900005571,19,4,16,1566,2,5,8,2,4632429,641169,9,1,40,2,2,4,404,963,6,4,3,13,0,0,0,0,0
201900005572,19,5,6,2086,1,7,3,5,4940308,313832,2,4,4,3,1,1,81,798,3,4,4,73,0,0,0,0,0
201900005573,19,11,19,1256,4,3,4,5,4942421,-295214,6,1,21,3,3,4,231,895,6,4,3,97,0,0,0,0,0
201900005574,19,10,7,1221,1,4,2,1,4477685,371001,8,4,40,3,2,4,39,883,9,2,5,89,0,0,0,0,0
201900005575,19,5,22,1899,1,4,2,7,4503765,463022,7,2,7,2,4,1,310,938,8,2,2,75,0,0,0,0,0
201900005576,19,1,27,290,1,9,6,5,4896347,68886,9,3,38,1,4,2,730,515,8,5,3,89,0,0,0,0,0
201900005577,19,5,26,1049,5,8,3,5,4832656,600754,2,2,42,3,3,1,559,230,8,3,4,25,0,0,0,0,0
201900005578,19,6,18,1936,5,4,6,2,4848724,-362882,1,4,15,3,4,1,473,897,2,6,5,92,0,0,0,0,0
201900005579,19,2,13,931,3,2,7,2,4869434,485674,8,3,16,3,3,3,705,282,9,3,5,58,0,0,0,0,0
201900005580,19,9,2,763,2,7,1,4,4606124,-334181,5,2,25,2,2,4,23,188,2,3,3,32,0,0,0,0,0
201900005581,19,4,8,426,3,9,3,3,4776649,10970,1,1,28,2,2,3,603,288,9,4,4,88,0,0,0,0,0
201900005582,19,5,2,764,2,8,3,1,4624843,45490,9,1,10,1,3,2,47,69,9,6,2,51,0,0,0,0,0
201900005583,19,4,28,1932,1,3,5,3,4992148,212366,2,2,1,2,1,1,411,428,8,4,4,94,0,0,0,0,0
201900005584,19,4,12,2077,3,2,2,4,4670995,-303476,8,1,17,3,2,4,279,953,5,6,2,34,0,0,0,0,0
201900005585,19,6,14,1216,1,3,8,1,4600683,-392886,7,4,52,2,4,4,41,601,8,6,1,73,0,0,0,0,0
201900005586,19,8,24,154,1,6,6,5,4685745,-200882,5,2,4,1,1,3,117,276,9,6,4,99,0,0,0,0,0
201900005587,19,8,17,1175,2,1,5,6,4718960,542529,1,1,23,2,4,1,386,645,8,1,1,28,0,0,0,0,0
201900005588,19,11,10,451,5,3,8,7,4550405,-75262,9,1,42,2,1,2,86,278,6,4,4,14,0,0,0,0,0
201900005589,19,7,13,233,3,5,4,1,4671491,183513,7,1,48,3,2,1,595,85,5,3,5,69,0,0,0,0,0
201900005590,19,4,9,385,1,2,9,2,4904955,75282,4,3,4,1,1,2,28,982,5,4,4,11,0,0,0,0,0
201900005591,19,8,3,1404,1,3,7,7,4544815,566986,8,4,20,2,3,1,497,327,2,2,1,69,0,0,0,0,0
201900005592,19,5,11,289,4,1,3,4,4433019,302426,4,3,32,1,1,1,562,513,9,6,3,88,0,0,0,0,0
201900005593,19,6,6,825,1,3,8,2,4652906,550346,7,4,6,2,2,4,856,68,6,1,5,15,0,0,0,0,0
201900005594,19,11,1,516,5,1,7,1,4720188,660753,4,4,38,1,1,1,582,343,8,6,1,69,0,0,0,0,0
201900005595,19,4,26,682,3,5,5,6,4712074,-256998,1,1,31,1,1,1,566,821,8,7,1,91,0,0,0,0,0
201900005596,19,3,9,836,1,3,5,2,4956506,-379285,8,1,12,2,3,1,451,990,1,5,2,45,0,0,0,0,0
201900005597,19,11,6,1851,2,6,2,3,4470044,265308,9,1,27,1,3,3,157,595,4,5,1,90,0,0,0,0,0
201900005598,19,12,10,1790,5,9,8,4,4769671,-261530,9,3,0,1,1,3,40,792,8,4,5,65,0,0,0,0,0
201900005599,19,12,26,1963,2,2,1,1,4948832,421691,5,3,34,1,4,1,858,337,3,1,5,72,0,0,0,0,0
201900005600,19,2,11,1145,2,5,4,3,4704842,237053,9,2,34,3,3,4,232,833,9,1,4,62,0,0,0,0,0
201900005601,19,9,19,1640,3,9,8,4,4725770,-358036,5,2,4,1,4,2,518,25,7,6,1,90,0,0,0,0,0
201900005602,19,12,25,533,2,9,3,4,4498093,252950,7,1,52,3,4,4,554,461,1,7,2,82,0,0,0,0,0
201900005603,19,8,10,813,3,8,1,2,4842527,-35043,9,3,40,1,3,3,578,535,3,4,3,60,0,0,0,0,0
201900005604,19,1,5,1695,5,5,8,1,4840752,-210078,3,2,7,3,1,4,522,965,5,5,3,27,0,0,0,0,0
201900005605,19,1,13,1543,2,2,6,6,4758495,-179103,4,4,9,2,2,3,397,635,1,3,2,23,0,0,0,0,0
201900005606,19,3,3,1516,2,8,9,2,4604666,-390786,5,2,16,2,1,4,260,589,7,7,3,33,0,0,0,0,0
201900005607,19,6,25,838,1,5,6,3,4778096,-294180,4,3,39,2,2,4,124,435,9,3,1,20,0,0,0,0,0
201900005608,19,6,9,438,2,5,1,3,4661281,-5717,1,4,25,2,4,4,363,497,3,5,4,56,0,0,0,0,0
201900005609,19,9,17,56,5,3,8,3,4884060,-305330,7,2,22,1,4,1,809,868,5,3,1,84,0,0,0,0,0
201900005610,19,10,27,2358,3,3,7,6,4529609,278844,4,2,7,1,4,2,667,26,6,6,2,40,0,0,0,0,0
201900005611,19,1,9,1576,3,2,3,7,4961704,366675,9,3,50,1,3,4,2,149,3,6,5,93,0,0,0,0,0
201900005612,19,12,2,1171,4,1,1,5,4750438,250452,3,2,38,1,4,3,639,880,1,1,4,91,0,0,0,0,0
201900005613,19,7,22,1341,2,8,8,2,4989194,554885,4,3,34,2,3,4,370,104,5,6,1,81,0,0,0,0,0
201900005614,19,11,14,695,3,3,4,6,4988634,377635,3,1,35,2,2,2,376,10,5,5,1,60,0,0,0,0,0
201900005615,19,5,20,760,4,4,2,6,4747908,379004,7,4,33,3,1,3,462,121,5,5,2,28,0,0,0,0,0
201900005616,19,5,4,915,2,4,2,6,4814263,158036,5,2,10,1,4,4,241,418,5,1,5,65,0,0,0,0,0
201900005617,19,8,23,102,2,9,2,1,4888593,601223,1,4,17,2,4,4,17,210,2,2,2,0,0,0,0,0,0
201900005618,19,10,26,600,4,9,8,6,4462687,602823,9,1,14,1,3,1,339,355,3,6,4,87,0,0,0,0,0
201900005619,19,7,11,1255,3,4,9,6,4946322,397502,7,3,53,2,2,4,451,739,7,5,1,12,0,0,0,0,0
201900005620,19,8,8,776,4,7,8,5,4411258,522422,5,3,29,3,1,4,223,331,7,6,3,99,0,0,0,0,0
201900005621,19,1,4,1904,1,4,4,3,4771199,199486,7,1,51,2,4,1,575,33,5,7,1,78,0,0,0,0,0
201900005622,19,6,22,1285,3,4,9,6,4496881,561254,3,3,16,1,2,3,879,940,2,3,3,28,0,0,0,0,0
201900005623,19,6,13,824,4,6,6,6,4827482,-341704,5,2,37,3,4,3,286,497,7,2,5,96,0,0,0,0,0
201900005624,19,10,12,25,5,4,2,2,4988278,28904,9,3,51,2,1,4,393,507,7,3,5,78,0,0,0,0,0
201900005625,19,6,25,1364,5,5,5,5,4715509,298983,2,4,48,2,4,4,472,622,4,7,2,22,0,0,0,0,0
201900005626,19,7,1,2156,1,5,6,5,4671314,473922,7,1,41,2,4,1,228,333,8,3,3,26,0,0,0,0,0
201900005627,19,5,25,2047,5,2,2,5,4631081,659705,1,4,21,2,1,3,187,954,7,2,3,68,0,0,0,0,0
201900005628,19,5,25,1437,3,8,3,6,4720884,405170,6,1,36,1,1,2,579,245,4,5,5,10,0,0,0,0,0
201900005629,19,7,13,2073,5,8,4,4,4780752,179152,7,1,7,1,2,3,526,867,9,1,5,36,0,0,0,0,0
201900005630,19,4,9,48,3,7,8,2,4745185,153024,3,3,16,1,1,4,266,661,6,3,3,44,0,0,0,0,0
201900005631,19,5,13,225,3,1,5,7,4975641,662442,7,2,53,3,2,4,693,603,3,3,3,44,0,0,0,0,0
201900005632,19,5,7,1873,1,2,5,6,4913213,38279,9,2,47,3,2,4,217,589,4,2,2,35,0,0,0,0,0
201900005633,19,9,13,1295,2,8,9,5,4713475,270396,8,1,5,3,2,3,814,468,8,5,2,36,0,0,0,0,0
201900005634,19,6,28,1174,3,5,4,1,4664913,-188522,1,2,25,3,3,3,653,13,3,4,5,71,0,0,0,0,0
201900005635,19,12,20,135,1,8,3,6,4650322,289106,8,4,49,2,2,1,48,322,1,2,4,88,0,0,0,0,0
201900005636,19,10,3,1702,2,3,8,6,4634542,-250427,8,2,26,3,1,3,734,280,5,1,1,55,0,0,0,0,0
201900005637,19,4,17,137,2,4,9,5,4919209,368354,5,2,44,3,1,4,367,904,1,3,5,75,0,0,0,0,0
201900005638,19,3,22,1727,3,7,1,4,4723992,219424,4,4,35,3,4,3,741,970,7,6,5,27,0,0,0,0,0
201900005639,19,7,17,1645,4,7,9,6,4704429,53933,3,2,44,2,3,1,531,556,1,6,5,42,0,0,0,0,0
201900005640,19,2,20,1321,2,5,3,5,4614383,587191,2,4,3,1,4,3,883,736,6,5,4,42,0,0,0,0,0
201900005641,19,1,1,1841,5,8,6,3,4865274,447374,6,4,1,1,1,4,864,382,3,3,3,54,0,0,0,0,0
201900005642,19,8,23,2314,3,3,7,1,4590218,600634,5,2,30,3,1,1,90,291,3,7,5,40,0,0,0,0,0
201900005643,19,3,26,534,4,1,5,6,4594491,-116198,7,1,47,2,3,3,730,979,5,3,5,60,0,0,0,0,0
201900005644,19,1,19,993,5,7,4,7,4642590,550885,3,4,17,2,1,3,606,309,7,2,3,63,0,0,0,0,0
201900005645,19,1,26,1379,3,4,2,5,4668121,-250461,3,3,14,2,3,3,319,705,8,1,1,39,0,0,0,0,0
201900005646,19,8,25,2089,4,3,2,2,4623768,569222,4,2,31,3,1,1,390,550,3,7,1,17,0,0,0,0,0
201900005647,19,11,4,28,2,8,3,3,4622223,147544,8,3,52,1,4,1,697,152,8,7,5,60,0,0,0,0,0
201900005648,19,8,13,404,5,3,3,7,4580327,442514,6,3,30,2,1,2,669,479,4,2,5,51,0,0,0,0,0
201900005649,19,6,24,162,5,6,1,1,4877552,-72932,3,1,1,2,4,3,489,247,9,6,3,61,0,0,0,0,0
201900005650,19,1,6,2229,4,1,1,1,4843917,555929,6,3,30,3,2,3,112,480,2,1,3,30,0,0,0,0,0