Num_Acc,an,mois,jour,hrmn,lum,int,atm,col,lat,long,catr,circ,nbv,vosp,prof,plan,lartpc,larrout,surf,infra,situ,env1,unscathed,killed,hospital,light,chance
201900005651,19,11,25,1142,3,5,7,5,4728742,377055,8,2,27,2,4,3,515,824,8,1,2,86,0,0,0,0,0
201900005652,19,6,16,346,3,9,1,7,4551687,2518,4,2,23,1,4,1,822,71,2,4,4,29,0,0,0,0,0
201900005653,19,4,23,1016,1,1,7,1,4789432,-384349,8,1,8,1,4,4,186,783,3,3,2,37,0,0,0,0,0
201900005654,19,6,4,2024,3,8,2,1,4406607,410261,8,3,49,3,4,1,39,532,1,2,1,18,0,0,0,0,0
201900005655,19,7,13,977,2,8,2,3,4936915,505506,5,3,35,3,2,2,427,189,2,2,3,53,0,0,0,0,0
201900005656,19,1,3,2202,5,8,3,2,4625631,-55728,7,4,31,2,2,1,882,14,1,3,2,29,0,0,0,0,0
201900005657,19,4,16,1638,1,4,4,3,4790746,242551,7,4,21,2,3,1,303,226,9,1,2,55,0,0,0,0,0
201900005658,19,1,1,708,4,6,6,2,4846598,-175943,4,3,50,2,4,1,703,425,5,6,3,30,0,0,0,0,0
201900005659,19,4,9,1607,1,8,5,1,4753647,-219307,2,1,19,3,2,4,135,346,5,2,2,2,0,0,0,0,0
201900005660,19,11,24,655,3,2,9,2,4504443,227741,7,1,31,2,1,3,563,911,7,3,3,80,0,0,0,0,0
201900005661,19,9,26,69,3,5,7,2,4786035,672,8,4,50,2,2,1,775,813,5,6,4,4,0,0,0,0,0
201900005662,19,4,19,1121,2,9,9,3,4929587,278181,6,1,30,1,1,2,227,197,9,7,2,62,0,0,0,0,0
201900005663,19,7,27,1548,2,7,3,7,4473019,-166528,1,3,11,3,2,1,563,409,5,3,5,46,0,0,0,0,0
201900005664,19,4,1,1847,5,7,8,1,4458700,-77223,4,2,33,1,4,2,728,42,4,5,3,96,0,0,0,0,0
201900005665,19,2,7,95,2,7,5,3,4780621,-164321,9,3,52,3,2,3,362,266,6,5,4,43,0,0,0,0,0
201900005666,19,2,10,1514,3,7,4,4,4862499,-292113,5,4,22,2,1,4,429,794,8,6,5,24,0,0,0,0,0
201900005667,19,9,5,1791,1,4,1,3,4446454,269921,5,3,22,3,2,4,362,963,4,1,5,39,0,0,0,0,0
201900005668,19,7,7,1090,1,4,3,5,4876943,649697,2,2,10,1,3,4,789,597,9,4,5,17,0,0,0,0,0
201900005669,19,8,7,16,4,4,6,2,4639662,655209,7,1,3,3,2,3,817,688,1,4,3,8,0,0,0,0,0
201900005670,19,1,19,451,2,4,1,5,4655318,322802,4,3,13,2,2,1,234,597,9,2,5,65,0,0,0,0,0
201900005671,19,5,9,1054,1,8,9,2,4940071,-138087,1,2,42,3,4,1,312,814,7,2,1,39,0,0,0,0,0
201900005672,19,8,18,740,5,2,9,3,4423356,534673,2,4,38,3,1,3,427,921,8,2,1,49,0,0,0,0,0
201900005673,19,3,15,516,3,2,4,3,4866239,685136,4,4,14,3,4,4,207,580,9,2,4,22,0,0,0,0,0
201900005674,19,11,19,1743,4,4,1,2,4626536,491069,2,1,49,2,4,3,12,277,2,1,5,17,0,0,0,0,0
201900005675,19,4,22,538,2,5,8,6,4436090,-12819,1,3,13,3,3,4,713,87,9,7,2,48,0,0,0,0,0
201900005676,19,11,16,715,4,7,7,6,4594017,273866,9,4,22,2,4,3,190,180,3,4,2,31,0,0,0,0,0
201900005677,19,8,3,1248,2,4,2,1,4888697,415045,4,2,47,2,2,3,368,456,8,5,4,89,0,0,0,0,0
201900005678,19,1,2,540,5,5,2,7,4417476,259699,2,1,0,3,2,4,586,314,3,6,3,95,0,0,0,0,0
201900005679,19,4,15,1190,3,4,3,4,4784311,129156,2,3,8,1,1,2,481,669,6,1,4,37,0,0,0,0,0
201900005680,19,1,6,1736,4,4,8,5,4419193,209219,9,3,35,2,4,1,649,923,7,4,2,91,0,0,0,0,0
201900005681,19,3,5,1083,2,2,7,6,4905197,49218,8,4,29,3,2,1,547,714,7,7,3,10,0,0,0,0,0
201900005682,19,5,21,1172,3,4,8,1,4858757,-259448,7,2,5,1,1,2,17,42,7,5,3,55,0,0,0,0,0
201900005683,19,1,28,1515,5,3,4,7,4596053,331152,4,3,0,2,2,3,55,31,1,5,3,36,0,0,0,0,0
201900005684,19,2,17,1686,2,1,6,6,4700962,-56017,7,3,51,3,2,4,50,443,6,1,3,74,0,0,0,0,0
201900005685,19,8,2,347,4,3,6,2,4429174,-24519,9,1,47,1,2,1,125,125,1,7,4,15,0,0,0,0,0
201900005686,19,7,14,1900,4,5,3,1,4654722,570077,7,1,30,2,3,4,136,256,9,4,1,36,0,0,0,0,0
201900005687,19,3,28,1342,5,6,4,7,4991147,-297079,1,2,0,3,1,1,864,630,4,2,1,89,0,0,0,0,0
201900005688,19,4,8,1583,2,8,6,7,4477170,373300,5,2,41,3,1,4,834,983,5,6,2,6,0,0,0,0,0
201900005689,19,12,23,422,1,3,3,3,4431888,274114,4,1,38,3,1,3,288,545,7,7,4,88,0,0,0,0,0
201900005690,19,3,15,285,5,7,6,1,4577399,-117064,4,4,45,2,4,3,278,163,3,2,2,14,0,0,0,0,0
201900005691,19,5,20,1904,2,2,3,5,4481826,463361,9,3,52,3,4,4,205,745,4,2,5,32,0,0,0,0,0
201900005692,19,5,20,390,5,3,4,7,4501262,235703,2,4,6,2,1,3,569,662,5,6,4,84,0,0,0,0,0
201900005693,19,5,4,1122,2,6,7,4,4433809,596200,7,3,41,1,1,4,554,620,8,2,2,99,0,0,0,0,0
201900005694,19,10,2,14,3,4,3,6,4609725,554405,6,4,25,3,2,3,176,109,1,7,4,10,0,0,0,0,0
201900005695,19,5,25,1590,4,4,3,5,4411211,620235,5,4,38,3,3,2,662,704,9,3,2,33,0,0,0,0,0
201900005696,19,1,5,818,2,3,7,3,4410773,260117,1,4,46,2,4,1,473,999,9,5,2,86,0,0,0,0,0
201900005697,19,8,7,599,2,1,3,1,4477398,378630,5,3,44,1,4,2,277,937,9,3,3,0,0,0,0,0,0
201900005698,19,5,28,157,2,8,6,7,4418564,60113,7,2,21,3,2,4,813,38,7,5,5,16,0,0,0,0,0
201900005699,19,12,14,672,3,4,3,3,4599130,328736,2,3,14,3,1,2,317,346,4,6,5,26,0,0,0,0,0
201900005700,19,3,24,561,5,1,1,6,4703162,-381546,8,4,15,3,4,2,48,810,5,4,2,46,0,0,0,0,0
201900005701,19,6,18,1809,1,7,2,4,4793640,393304,2,1,8,2,3,2,733,803,6,1,3,12,0,0,0,0,0
201900005702,19,9,27,154,4,7,1,2,4730828,649328,7,1,31,3,4,3,757,691,5,6,4,29,0,0,0,0,0
201900005703,19,11,7,250,2,4,4,2,4872194,391635,6,4,46,2,4,4,620,540,2,5,4,35,0,0,0,0,0
201900005704,19,2,8,1011,2,9,3,5,4421495,444905,8,2,19,3,3,4,654,708,1,7,3,67,0,0,0,0,0
201900005705,19,4,25,1262,1,6,1,4,4504336,-362889,5,1,40,3,2,4,173,738,6,1,2,68,0,0,0,0,0
201900005706,19,11,20,618,1,7,2,4,4976484,272116,1,3,20,3,1,1,663,290,6,5,3,35,0,0,0,0,0
201900005707,19,3,20,661,2,6,1,6,4829813,576696,7,3,13,2,2,1,370,747,4,5,3,46,0,0,0,0,0
201900005708,19,1,10,1576,4,8,4,5,4431372,-75319,9,1,35,1,2,3,454,857,5,1,1,28,0,0,0,0,0
201900005709,19,7,3,1253,1,1,2,2,4742921,-315112,3,2,44,3,4,3,744,637,8,3,3,62,0,0,0,0,0
201900005710,19,9,23,238,3,6,1,7,4555093,630868,2,1,39,1,1,4,909,224,1,6,4,98,0,0,0,0,0
201900005711,19,11,18,269,3,1,9,1,4467868,284276,5,3,30,1,4,3,151,805,3,3,4,13,0,0,0,0,0
201900005712,19,6,4,886,1,7,3,1,4717601,-55042,8,3,9,1,2,1,166,454,8,4,4,32,0,0,0,0,0
201900005713,19,5,17,1550,5,8,1,2,4511941,311197,6,1,28,2,2,1,94,3,6,3,2,96,0,0,0,0,0
201900005714,19,7,4,38,3,7,8,5,4807127,266710,6,3,21,1,3,1,48,525,6,6,4,87,0,0,0,0,0
201900005715,19,4,18,253,3,2,2,2,4780858,201125,7,3,28,1,1,2,42,779,8,5,4,49,0,0,0,0,0
201900005716,19,12,4,1454,1,9,4,6,4686510,586969,5,4,33,1,4,4,534,708,8,6,5,12,0,0,0,0,0
201900005717,19,5,5,282,3,2,1,4,4621024,542561,1,2,6,1,2,1,563,673,5,1,4,64,0,0,0,0,0
201900005718,19,3,4,1502,1,9,8,1,4682070,194969,9,1,28,1,1,1,409,825,4,4,1,47,0,0,0,0,0
201900005719,19,11,25,997,2,3,8,4,4657707,-375477,1,1,42,3,1,3,34,502,9,1,5,44,0,0,0,0,0
201900005720,19,5,17,1245,1,3,2,3,4673125,-29129,7,4,51,2,1,2,153,810,4,4,2,23,0,0,0,0,0
201900005721,19,9,20,1906,3,3,7,3,4918358,120494,7,2,43,1,1,2,736,493,1,7,2,72,0,0,0,0,0
201900005722,19,5,27,1765,1,6,5,1,4625577,-42205,8,2,37,2,2,1,242,653,6,4,3,54,0,0,0,0,0
201900005723,19,6,25,2315,1,4,2,3,4413768,308002,8,3,5,3,4,1,592,9,7,3,1,48,0,0,0,0,0
201900005724,19,9,1,2183,3,4,6,6,4430528,111630,8,2,6,2,3,3,109,902,7,6,5,1,0,0,0,0,0
201900005725,19,10,8,536,3,1,8,3,4758578,439733,8,3,34,3,1,2,17,376,5,1,3,63,0,0,0,0,0
201900005726,19,3,28,550,3,9,3,6,4946039,632431,4,3,29,1,4,2,572,289,1,3,2,13,0,0,0,0,0
201900005727,19,11,16,2224,5,2,5,4,4437620,478301,6,3,2,2,4,1,54,121,4,6,1,87,0,0,0,0,0
201900005728,19,11,3,1435,3,1,5,6,4642925,550465,7,1,47,1,1,3,148,972,5,6,3,80,0,0,0,0,0
201900005729,19,2,28,1870,1,5,2,2,4767949,200325,7,4,24,1,3,1,150,908,5,3,5,83,0,0,0,0,0
201900005730,19,11,11,1088,4,5,5,6,4993250,650588,6,2,10,2,4,2,223,679,3,4,2,28,0,0,0,0,0
201900005731,19,10,19,2157,4,5,7,4,4591152,227012,8,4,41,2,1,4,190,266,8,4,2,73,0,0,0,0,0
201900005732,19,7,16,41,4,2,4,1,4665805,622444,7,4,9,1,1,3,254,781,8,2,3,59,0,0,0,0,0
201900005733,19,5,23,1504,2,2,7,5,4944755,-285358,8,4,3,1,4,1,518,447,3,6,5,35,0,0,0,0,0
201900005734,19,2,25,1427,3,9,8,4,4564466,-295215,3,1,25,3,2,3,518,470,2,1,5,60,0,0,0,0,0
201900005735,19,8,15,809,4,3,7,4,4536352,-166088,8,2,44,1,4,2,250,194,7,3,3,56,0,0,0,0,0
201900005736,19,4,10,1550,1,3,6,4,4881041,-377259,8,1,41,1,4,1,793,148,9,1,3,16,0,0,0,0,0
201900005737,19,7,4,353,4,9,3,6,4466057,217644,2,2,10,1,4,1,108,5,7,6,1,27,0,0,0,0,0
201900005738,19,2,4,507,2,4,6,3,4701279,428689,5,1,27,2,1,2,251,718,5,2,1,13,0,0,0,0,0
201900005739,19,4,23,964,2,4,9,6,4517724,-324616,5,3,31,1,1,1,246,695,3,7,3,67,0,0,0,0,0
201900005740,19,7,18,535,1,3,3,4,4658475,-320621,3,3,49,3,1,1,189,753,4,6,1,70,0,0,0,0,0
201900005741,19,5,15,1801,4,8,3,5,4456264,-70150,9,3,53,1,2,1,664,427,7,3,5,4,0,0,0,0,0
201900005742,19,11,9,151,4,9,5,5,4643544,621850,4,2,8,1,1,1,229,934,5,6,2,94,0,0,0,0,0
201900005743,19,4,11,1392,1,7,3,4,4899676,261977,5,3,29,2,1,4,638,955,1,6,3,90,0,0,0,0,0
201900005744,19,4,12,1692,5,7,8,5,4499774,130443,6,1,23,2,3,2,556,195,2,6,2,55,0,0,0,0,0
201900005745,19,4,25,105,4,1,7,4,4679828,124594,2,3,12,2,2,4,847,505,9,1,3,64,0,0,0,0,0
201900005746,19,1,23,1926,3,3,8,6,4797308,35253,5,1,50,2,2,2,272,463,1,3,5,30,0,0,0,0,0
201900005747,19,11,24,2330,4,7,5,7,4516472,497602,8,3,39,2,4,4,59,842,1,3,3,49,0,0,0,0,0
201900005748,19,8,17,983,2,1,1,4,4954607,442082,5,1,11,3,2,1,142,750,9,5,4,18,0,0,0,0,0
201900005749,19,3,6,2202,5,6,4,1,4565551,359591,4,1,36,3,1,4,142,896,4,2,5,6,0,0,0,0,0
201900005750,19,11,24,2138,3,8,8,5,4635232,-95918,6,3,14,3,2,4,166,573,1,1,4,62,0,0,0,0,0
201900005751,19,9,26,1319,5,8,5,1,4431954,573106,3,2,28,1,1,1,914,579,4,4,2,12,0,0,0,0,0
201900005752,19,8,25,1337,1,2,8,3,4759840,552532,2,3,32,1,2,3,743,454,4,1,2,81,0,0,0,0,0
201900005753,19,8,25,1861,5,7,1,5,4766397,383363,4,1,11,2,1,3,543,215,9,4,1,9,0,0,0,0,0
201900005754,19,2,7,501,4,7,1,2,4599599,255661,8,1,53,1,4,1,857,699,1,2,1,88,0,0,0,0,0
201900005755,19,4,12,1819,4,5,5,4,4616085,541553,3,1,53,3,2,2,714,302,8,5,2,39,0,0,0,0,0
201900005756,19,10,22,443,3,6,8,2,4699976,197636,4,2,24,1,2,3,219,155,5,5,5,37,0,0,0,0,0
201900005757,19,11,28,451,4,9,9,2,4419644,-247381,1,3,24,1,1,1,325,861,8,7,3,81,0,0,0,0,0
201900005758,19,4,28,1575,3,1,9,3,4905558,188966,1,3,6,1,1,1,312,301,8,5,5,10,0,0,0,0,0
201900005759,19,11,19,1916,4,7,9,4,4700055,-392447,6,2,53,1,4,1,42,627,9,3,5,59,0,0,0,0,0
201900005760,19,8,11,1236,1,8,5,6,4741175,492210,6,4,13,1,3,1,139,803,1,6,5,68,0,0,0,0,0
201900005761,19,1,4,270,5,3,9,6,4554613,51586,3,3,40,2,4,2,906,488,5,1,3,14,0,0,0,0,0
201900005762,19,4,8,1910,1,1,7,6,4618676,362383,7,2,42,3,3,4,855,958,8,1,2,90,0,0,0,0,0
201900005763,19,10,8,313,3,9,4,1,4734669,198915,8,3,26,1,1,2,22,763,2,4,4,89,0,0,0,0,0
201900005764,19,6,23,1093,3,4,3,3,4567777,-297417,1,2,37,1,2,2,317,548,9,1,4,19,0,0,0,0,0
201900005765,19,2,2,199,2,4,3,5,4717430,334771,8,3,23,3,1,3,822,856,4,5,4,41,0,0,0,0,0
201900005766,19,2,14,1155,5,9,5,2,4603090,-378546,5,1,32,2,1,2,795,83,9,5,3,82,0,0,0,0,0
201900005767,19,9,13,1515,4,1,3,4,4912246,-310116,5,3,24,1,3,3,667,787,9,6,3,85,0,0,0,0,0
201900005768,19,2,20,1732,2,9,6,6,4536679,659,7,3,53,1,1,3,787,784,6,2,1,16,0,0,0,0,0
201900005769,19,10,22,133,4,8,3,2,4681417,412867,2,2,48,1,4,3,20,86,5,5,5,9,0,0,0,0,0
201900005770,19,9,7,1626,3,3,6,6,4844826,264199,3,3,20,3,1,2,296,602,7,5,4,30,0,0,0,0,0
201900005771,19,1,7,1235,4,4,8,6,4768061,616686,8,4,48,2,4,2,149,513,1,1,5,24,0,0,0,0,0
201900005772,19,6,12,314,4,5,4,4,4841904,679395,9,3,22,3,1,4,91,555,8,6,5,86,0,0,0,0,0
201900005773,19,2,3,430,5,9,4,4,4511856,617016,1,4,5,2,2,2,850,665,4,6,1,95,0,0,0,0,0
201900005774,19,8,12,1133,1,9,2,7,4546516,170914,7,4,12,2,2,1,43,570,9,2,2,72,0,0,0,0,0
201900005775,19,3,17,1450,1,9,4,4,4990254,-393483,5,4,21,1,4,4,453,382,1,1,1,50,0,0,0,0,0
201900005776,19,10,3,779,5,4,4,4,4645656,693989,2,1,11,1,2,4,685,32,7,3,2,93,0,0,0,0,0
201900005777,19,4,13,1182,5,7,5,6,4536745,-286506,1,3,42,3,3,4,379,685,3,1,5,91,0,0,0,0,0
201900005778,19,11,2,1126,5,7,5,5,4603895,-31586,5,2,49,2,1,4,88,173,7,5,5,87,0,0,0,0,0
201900005779,19,10,15,115,2,4,7,3,4497853,550086,3,2,42,2,4,2,417,238,8,6,4,65,0,0,0,0,0
201900005780,19,3,24,778,3,2,8,5,4499739,-373654,1,3,49,1,2,3,29,679,1,4,4,32,0,0,0,0,0
201900005781,19,4,2,596,3,3,7,2,4714230,-150181,2,4,9,1,2,3,89,534,8,3,4,66,0,0,0,0,0
201900005782,19,12,1,1821,1,3,6,1,4883375,-99077,2,1,16,2,4,1,518,847,7,2,5,19,0,0,0,0,0
201900005783,19,7,14,2175,1,2,3,4,4532231,222482,8,3,38,3,2,3,465,154,5,4,4,80,0,0,0,0,0
201900005784,19,5,7,662,5,3,2,2,4488857,38324,2,1,12,2,1,1,526,857,6,4,4,48,0,0,0,0,0
201900005785,19,8,11,2097,1,7,3,2,4631972,-117039,5,2,12,3,2,2,550,871,5,3,1,1,0,0,0,0,0
201900005786,19,3,5,2251,1,6,2,7,4777020,70480,5,4,25,3,2,4,68,88,4,2,5,17,0,0,0,0,0
201900005787,19,9,27,541,1,9,4,6,4716592,-263641,7,3,38,3,4,3,316,912,4,6,2,80,0,0,0,0,0
201900005788,19,7,11,673,1,2,6,6,4894523,688962,8,1,14,1,1,3,13,215,1,2,2,37,0,0,0,0,0
201900005789,19,7,7,1197,2,4,7,6,4675632,43680,4,3,47,2,1,2,712,778,6,4,1,47,0,0,0,0,0
201900005790,19,7,11,88,1,9,9,5,4893814,438195,9,3,13,1,2,4,489,62,3,5,1,4,0,0,0,0,0
201900005791,19,6,11,381,1,8,2,3,4665022,180539,6,1,3,2,3,4,292,508,6,7,3,52,0,0,0,0,0
201900005792,19,6,23,952,5,4,1,1,4710939,-120985,3,1,33,2,3,2,229,817,8,2,3,35,0,0,0,0,0
201900005793,19,1,26,8,5,3,2,3,4891913,680241,4,1,1,3,1,4,526,795,6,7,1,90,0,0,0,0,0
201900005794,19,3,8,183,1,3,1,1,4560773,156981,2,1,5,1,4,2,12,296,4,3,4,55,0,0,0,0,0
201900005795,19,9,15,1646,2,2,7,6,4489723,-381785,7,3,36,3,4,1,202,335,9,6,3,99,0,0,0,0,0
201900005796,19,11,5,1944,3,3,7,7,4998062,12217,4,3,42,1,2,1,407,204,3,6,3,92,0,0,0,0,0
201900005797,19,5,16,810,5,9,9,4,4694750,343382,4,3,28,3,3,3,390,158,5,3,4,80,0,0,0,0,0
201900005798,19,5,7,2138,2,2,1,7,4928500,422380,5,4,24,1,3,1,662,705,7,5,2,66,0,0,0,0,0
201900005799,19,12,12,1495,2,6,2,4,4822879,694818,4,1,8,3,2,4,504,87,8,2,4,33,0,0,0,0,0
201900005800,19,6,3,792,3,4,5,4,4423985,-37401,4,3,35,2,4,1,99,241,3,4,3,28,0,0,0,0,0
201900005801,19,9,1,1394,1,9,8,2,4767159,32238,1,2,13,3,4,4,824,709,4,5,2,90,0,0,0,0,0
201900005802,19,2,15,519,1,1,2,6,4904475,442489,2,3,51,3,1,1,836,785,3,6,5,62,0,0,0,0,0
201900005803,19,12,3,551,5,5,6,1,4540114,687261,8,4,40,3,3,2,610,70,7,5,2,72,0,0,0,0,0
201900005804,19,4,21,2166,1,2,9,1,4757496,690207,5,1,17,1,3,4,396,392,8,3,1,2,0,0,0,0,0
201900005805,19,6,24,417,2,7,7,3,4972046,-32062,4,3,16,3,4,3,158,291,6,7,2,47,0,0,0,0,0
201900005806,19,6,8,1893,4,3,8,1,4803030,58403,4,2,26,1,2,2,499,18,5,2,3,49,0,0,0,0,0
201900005807,19,1,18,268,5,3,5,5,4808086,-164117,8,2,52,2,3,2,548,696,6,2,5,86,0,0,0,0,0
201900005808,19,8,7,2244,2,2,8,2,4709579,640420,9,3,6,1,4,2,740,56,8,6,4,43,0,0,0,0,0
201900005809,19,6,28,1888,1,9,7,1,4556901,597364,1,1,50,1,2,4,887,878,2,7,5,48,0,0,0,0,0
201900005810,19,7,23,306,1,3,6,4,4496105,-43816,6,4,5,3,1,3,450,312,2,5,3,66,0,0,0,0,0
201900005811,19,5,11,192,3,7,6,2,4652965,289135,2,1,6,1,1,3,295,910,8,4,3,43,0,0,0,0,0
201900005812,19,7,6,1538,4,9,9,3,4962728,615286,8,4,18,2,3,1,121,390,9,5,3,73,0,0,0,0,0
201900005813,19,3,14,2123,2,9,3,4,4464641,-254264,2,1,27,1,2,2,39,535,6,6,1,9,0,0,0,0,0
201900005814,19,2,3,1637,5,3,1,6,4486131,338757,3,1,43,2,2,1,584,106,2,1,4,2,0,0,0,0,0
201900005815,19,3,8,698,3,4,3,4,4824978,470886,8,3,23,1,1,4,297,477,7,3,5,82,0,0,0,0,0
201900005816,19,10,10,204,2,1,4,5,4999946,342716,8,1,51,2,1,4,664,916,7,6,2,32,0,0,0,0,0
201900005817,19,3,1,529,4,3,2,5,4506402,-398938,4,4,20,3,3,1,23,968,3,3,4,65,0,0,0,0,0
201900005818,19,5,9,1239,1,9,7,7,4400141,442331,7,1,4,3,4,2,476,513,1,1,4,4,0,0,0,0,0
201900005819,19,2,9,1601,5,2,3,6,4557299,-331665,6,1,48,2,3,1,70,788,3,7,3,96,0,0,0,0,0
201900005820,19,2,18,231,2,1,7,4,4680244,681231,5,1,49,2,3,2,279,474,8,7,2,46,0,0,0,0,0
201900005821,19,7,13,408,3,6,1,7,4415533,146424,3,2,36,3,4,2,392,783,4,6,5,15,0,0,0,0,0
201900005822,19,7,15,432,1,9,2,6,4913447,18828,9,3,50,3,4,3,721,540,9,2,3,69,0,0,0,0,0
201900005823,19,1,7,1855,2,6,8,4,4768111,324162,3,2,53,1,1,3,34,861,6,5,3,83,0,0,0,0,0
201900005824,19,7,16,2106,3,5,8,4,4667827,360465,6,3,24,2,3,2,859,911,7,6,1,55,0,0,0,0,0
201900005825,19,7,26,402,2,8,1,7,4570043,-292456,5,4,53,2,3,1,434,391,1,5,4,98,0,0,0,0,0
201900005826,19,3,17,1448,2,6,2,1,4440103,-75264,3,3,51,2,2,1,480,740,9,3,5,52,0,0,0,0,0
201900005827,19,6,20,2093,5,3,6,1,4765654,520879,6,1,20,2,3,3,537,424,8,1,2,66,0,0,0,0,0
201900005828,19,12,17,1711,4,8,6,1,4944017,504709,8,1,9,1,4,1,587,480,3,4,2,55,0,0,0,0,0
201900005829,19,10,5,326,5,5,7,3,4673300,-292619,1,3,47,3,2,4,585,269,2,3,2,87,0,0,0,0,0
201900005830,19,11,22,33,1,2,7,1,4692032,246216,5,3,43,1,2,2,798,218,9,7,4,17,0,0,0,0,0
201900005831,19,10,14,1559,3,7,6,2,4507315,-341602,1,3,32,3,4,2,476,914,7,4,4,80,0,0,0,0,0
201900005832,19,12,18,1394,1,3,5,7,4874110,561836,6,3,20,3,3,3,306,599,4,2,4,61,0,0,0,0,0
201900005833,19,7,14,139,4,3,7,2,4656105,464950,5,2,24,1,2,4,881,193,5,6,5,78,0,0,0,0,0
201900005834,19,4,25,462,4,5,6,6,4913050,-149511,1,4,17,3,3,2,647,378,2,5,2,58,0,0,0,0,0
201900005835,19,8,11,1659,4,6,7,3,4901077,259056,4,3,42,2,2,2,773,533,4,4,3,88,0,0,0,0,0
201900005836,19,1,18,981,5,7,2,1,4808498,248905,1,1,16,3,4,1,133,889,6,4,4,31,0,0,0,0,0
201900005837,19,5,26,182,3,2,8,2,4672898,154657,2,4,12,1,2,4,749,20,5,1,2,68,0,0,0,0,0
201900005838,19,12,16,1680,3,7,8,6,4482493,215240,5,4,45,1,2,1,788,779,5,3,3,51,0,0,0,0,0
201900005839,19,9,15,2316,2,5,9,5,4473504,302373,4,1,37,3,3,1,43,769,2,2,3,89,0,0,0,0,0
201900005840,19,10,10,2068,4,1,2,7,4443607,151848,2,2,43,3,1,3,496,314,5,2,3,72,0,0,0,0,0
201900005841,19,10,4,387,4,5,2,5,4824886,-148016,5,3,33,3,3,4,734,740,5,7,1,98,0,0,0,0,0
201900005842,19,4,25,311,5,6,2,6,4452725,169019,9,1,49,3,3,2,899,757,4,4,1,89,0,0,0,0,0
201900005843,19,4,3,353,5,9,5,6,4937718,647309,5,4,3,3,1,2,349,214,6,3,1,86,0,0,0,0,0
201900005844,19,9,24,1706,4,4,8,1,4460392,-135101,4,1,23,2,1,3,402,864,5,4,1,71,0,0,0,0,0
201900005845,19,10,23,30,1,2,3,3,4952188,-370400,8,3,20,3,2,1,543,476,9,1,5,62,0,0,0,0,0
201900005846,19,10,8,2307,3,9,1,2,4985091,239677,6,4,11,2,2,2,170,769,3,2,2,84,0,0,0,0,0
201900005847,19,3,6,243,5,7,3,2,4880493,453891,6,3,12,1,3,2,403,68,4,4,5,27,0,0,0,0,0
201900005848,19,10,2,1630,2,5,8,3,4445887,-94522,3,4,7,2,1,4,476,538,1,1,3,52,0,0,0,0,0
201900005849,19,4,16,701,5,4,6,6,4447168,216057,9,2,34,2,4,1,617,754,2,7,1,24,0,0,0,0,0
201900005850,19,7,4,1216,5,9,4,2,4627588,372328,4,1,15,2,3,4,321,937,2,3,2,83,0,0,0,0,0
201900005851,19,9,16,1529,2,6,4,4,4412335,317232,9,2,34,3,2,1,167,166,5,5,4,26,0,0,0,0,0
201900005852,19,2,8,2005,4,6,5,3,4442582,-242244,9,3,31,3,4,3,731,692,5,5,5,3,0,0,0,0,0
201900005853,19,6,21,527,5,8,5,2,4662490,-109453,8,4,37,3,3,4,518,289,6,2,1,28,0,0,0,0,0
201900005854,19,2,19,668,5,5,7,5,4916872,19053,1,1,35,3,2,3,43,889,5,2,3,76,0,0,0,0,0
201900005855,19,10,10,1899,5,8,5,6,4616464,484005,4,3,6,1,4,2,423,341,2,3,2,2,0,0,0,0,0
201900005856,19,1,10,233,3,9,2,5,4584346,100271,5,4,19,1,2,2,527,857,8,4,3,50,0,0,0,0,0
201900005857,19,9,16,2118,5,4,9,5,4927047,447662,4,4,30,1,4,2,73,268,7,7,5,43,0,0,0,0,0
201900005858,19,10,8,1218,3,8,7,4,4862327,597093,7,4,37,3,4,2,887,507,6,7,5,14,0,0,0,0,0
201900005859,19,4,23,1140,5,2,6,1,4481435,40285,4,2,33,2,1,4,132,700,1,5,5,47,0,0,0,0,0
201900005860,19,3,22,229,5,5,8,5,4498356,7112,3,1,51,1,4,1,331,707,4,5,4,2,0,0,0,0,0
201900005861,19,9,18,2041,4,4,3,6,4726592,473508,2,2,53,3,2,2,601,269,3,6,2,30,0,0,0,0,0
201900005862,19,10,7,1314,1,5,7,3,4436669,-107018,2,2,30,1,4,2,521,977,5,1,4,42,0,0,0,0,0
201900005863,19,5,25,252,3,9,8,2,4942616,473009,6,4,42,2,2,4,182,188,2,7,1,51,0,0,0,0,0
201900005864,19,11,6,87,2,4,7,1,4981637,-135935,5,1,26,1,2,2,513,919,7,1,4,7,0,0,0,0,0