Num_Acc,an,mois,jour,hrmn,lum,int,atm,col,lat,long,catr,circ,nbv,vosp,prof,plan,lartpc,larrout,surf,infra,situ,env1,unscathed,killed,hospital,light,chance
201900005865,19,4,1,386,3,4,8,2,4681314,-50315,5,2,15,2,2,3,223,986,1,4,3,3,0,0,0,0,0
201900005866,19,9,25,950,5,7,5,2,4641274,-100820,5,4,2,1,4,1,846,915,4,6,1,19,0,0,0,0,0
201900005867,19,8,1,2127,4,4,7,1,4714581,460507,8,2,34,3,4,1,340,142,7,7,1,5,0,0,0,0,0
201900005868,19,12,4,14,4,8,2,3,4956139,515480,7,2,15,3,4,1,705,564,6,3,5,17,0,0,0,0,0
201900005869,19,7,18,298,4,9,1,3,4913758,292929,6,3,49,2,1,2,684,321,4,1,1,27,0,0,0,0,0
201900005870,19,11,17,160,4,8,5,1,4522685,224652,2,1,42,2,3,4,579,92,2,5,3,25,0,0,0,0,0
201900005871,19,6,1,2111,1,4,5,6,4811346,676903,8,1,31,2,2,4,127,648,4,6,4,73,0,0,0,0,0
201900005872,19,8,24,94,4,7,4,6,4416898,133567,5,4,6,3,1,3,546,417,5,4,2,65,0,0,0,0,0
201900005873,19,11,9,1753,3,3,1,3,4993503,304039,6,4,26,3,2,4,889,596,4,1,2,99,0,0,0,0,0
201900005874,19,9,10,493,1,4,7,5,4568492,-348615,1,4,4,1,3,3,623,687,3,3,2,93,0,0,0,0,0
201900005875,19,6,6,497,2,9,1,2,4803477,-268078,1,4,31,3,1,1,417,889,1,6,4,62,0,0,0,0,0
201900005876,19,6,8,1638,4,3,2,4,4997193,-372572,9,4,33,2,1,2,7,444,5,3,2,27,0,0,0,0,0
201900005877,19,10,6,246,3,9,1,3,4804596,653581,4,3,30,3,4,4,795,996,4,4,5,77,0,0,0,0,0
201900005878,19,2,16,2269,5,5,8,4,4815941,-338555,3,1,32,1,3,1,17,210,6,2,2,67,0,0,0,0,0
201900005879,19,11,16,2044,3,3,2,6,4417297,-223138,2,4,23,3,2,4,303,503,3,2,3,87,0,0,0,0,0
201900005880,19,5,19,1076,5,6,1,4,4458148,-125166,6,2,3,2,2,4,651,352,5,3,4,22,0,0,0,0,0
201900005881,19,7,23,877,1,6,9,4,4844945,-195982,3,2,27,3,4,1,65,56,8,4,4,12,0,0,0,0,0
201900005882,19,7,25,926,4,3,8,5,4787528,-212329,3,2,32,2,1,1,456,113,6,3,3,66,0,0,0,0,0
201900005883,19,11,23,1791,2,9,4,1,4444217,699912,2,1,11,3,2,1,254,479,4,7,4,60,0,0,0,0,0
201900005884,19,5,4,2350,2,6,5,7,4445057,-286142,7,3,1,2,4,4,434,795,7,6,2,9,0,0,0,0,0
201900005885,19,3,8,2183,5,7,3,1,4475253,28281,2,4,36,2,1,3,244,570,5,1,1,24,0,0,0,0,0
201900005886,19,2,21,1947,5,7,9,1,4579784,315620,9,3,36,3,1,1,341,656,2,4,4,53,0,0,0,0,0
201900005887,19,7,7,2070,5,9,6,5,4626164,-201570,5,4,52,2,2,2,767,572,4,5,1,92,0,0,0,0,0
201900005888,19,6,26,2049,4,2,9,6,4866559,141812,2,1,40,3,3,1,127,108,4,6,4,46,0,0,0,0,0
201900005889,19,10,3,367,1,3,2,6,4668162,-216892,1,4,48,1,1,2,393,852,2,5,4,44,0,0,0,0,0
201900005890,19,6,26,948,2,8,6,7,4572530,11855,5,4,11,3,2,1,523,628,5,5,2,12,0,0,0,0,0
201900005891,19,1,28,1719,1,1,2,1,4931982,9593,1,2,28,1,3,2,525,479,7,7,3,91,0,0,0,0,0
201900005892,19,11,24,2278,2,7,8,1,4908856,195069,8,1,22,2,4,3,327,494,6,7,1,45,0,0,0,0,0
201900005893,19,3,15,1108,2,5,7,6,4616824,343657,5,4,12,3,2,3,836,277,2,7,1,49,0,0,0,0,0
201900005894,19,3,12,1947,3,7,6,4,4970222,-185225,2,2,35,1,3,2,525,698,2,3,1,84,0,0,0,0,0
201900005895,19,9,27,2175,4,3,9,4,4671003,-262656,9,3,42,3,2,3,374,605,3,1,4,42,0,0,0,0,0
201900005896,19,10,11,1978,3,8,7,3,4551471,-5700,2,3,10,3,4,2,125,594,4,7,1,59,0,0,0,0,0
201900005897,19,9,12,805,2,6,3,5,4973330,-376413,9,1,27,3,2,4,726,690,5,6,1,60,0,0,0,0,0
201900005898,19,8,2,726,5,5,9,7,4738445,503210,5,2,44,3,4,3,359,257,5,4,3,41,0,0,0,0,0
201900005899,19,1,15,1615,4,4,8,5,4974312,46376,1,3,50,3,2,4,80,347,4,2,2,50,0,0,0,0,0
201900005900,19,8,21,1964,4,3,9,1,4476025,291467,7,3,39,3,3,4,859,324,1,6,3,61,0,0,0,0,0
201900005901,19,12,1,1927,2,5,3,5,4734031,179449,2,1,1,1,2,2,476,928,6,6,2,92,0,0,0,0,0
201900005902,19,4,19,1506,4,3,1,5,4701297,516014,9,3,33,3,2,1,515,840,5,1,1,24,0,0,0,0,0
201900005903,19,12,24,1361,4,5,9,5,4943908,656062,5,4,34,3,3,3,662,616,3,1,4,91,0,0,0,0,0
201900005904,19,5,14,879,4,2,5,4,4645913,-237919,4,2,38,3,1,4,814,486,5,7,3,20,0,0,0,0,0
201900005905,19,6,24,1688,1,9,4,4,4596208,634614,5,4,18,3,2,1,668,8,4,7,2,51,0,0,0,0,0
201900005906,19,11,10,2292,4,5,5,2,4700743,67848,3,1,35,3,2,1,300,329,6,1,2,0,0,0,0,0,0
201900005907,19,2,5,1447,2,7,4,6,4615368,-211603,7,4,26,3,1,4,482,190,7,5,2,89,0,0,0,0,0
201900005908,19,4,7,766,5,6,6,4,4875135,138035,3,3,39,3,3,1,601,894,1,7,5,67,0,0,0,0,0
201900005909,19,10,17,1645,2,9,1,5,4687840,458916,8,3,2,3,1,2,762,83,8,6,2,11,0,0,0,0,0
201900005910,19,9,26,2167,3,9,3,3,4848067,-207646,6,3,19,2,2,3,353,431,2,6,2,47,0,0,0,0,0
201900005911,19,1,3,1673,5,7,4,6,4984463,232552,4,1,31,1,3,1,367,164,2,1,3,78,0,0,0,0,0
201900005912,19,6,16,1620,2,3,1,3,4818592,83507,1,3,24,3,1,3,576,902,6,1,3,79,0,0,0,0,0
201900005913,19,9,23,883,4,9,2,6,4530126,430237,8,4,1,1,2,1,214,627,4,7,3,7,0,0,0,0,0
201900005914,19,3,21,2321,5,4,4,6,4738172,277974,4,3,40,3,1,3,661,103,6,5,2,83,0,0,0,0,0
201900005915,19,6,15,218,5,7,9,6,4980038,17604,3,1,6,1,2,3,171,322,9,5,2,31,0,0,0,0,0
201900005916,19,4,13,2283,5,4,7,2,4871650,-209160,3,4,14,1,2,1,843,619,5,3,3,88,0,0,0,0,0
201900005917,19,6,15,734,2,2,1,1,4545261,-137064,8,4,17,3,4,4,88,869,8,6,1,79,0,0,0,0,0
201900005918,19,9,18,335,3,3,3,2,4997188,-27462,5,1,13,3,4,4,669,801,8,7,1,43,0,0,0,0,0
201900005919,19,5,28,1284,2,7,6,1,4831310,608531,1,2,50,1,1,4,575,283,7,2,1,56,0,0,0,0,0
201900005920,19,12,25,978,4,3,5,3,4909715,598036,4,2,41,2,4,1,142,216,8,5,2,49,0,0,0,0,0
201900005921,19,12,21,1923,4,7,4,6,4629451,146618,6,1,44,3,3,3,516,553,3,1,2,77,0,0,0,0,0
201900005922,19,2,2,185,1,4,8,6,4629701,-384202,4,1,10,2,2,1,24,320,8,4,5,82,0,0,0,0,0
201900005923,19,10,11,1453,5,3,4,2,4768996,-277879,7,2,3,1,1,3,149,305,9,4,2,95,0,0,0,0,0
201900005924,19,10,27,1391,4,9,6,6,4749182,463805,9,4,51,3,1,3,781,303,4,1,4,21,0,0,0,0,0
201900005925,19,2,5,1494,5,8,7,7,4685892,617365,6,4,4,1,2,4,444,61,3,7,4,74,0,0,0,0,0
201900005926,19,12,23,476,4,6,5,4,4991091,217885,6,2,52,2,3,4,385,816,6,5,3,71,0,0,0,0,0
201900005927,19,5,2,417,4,8,3,4,4513927,576350,7,3,6,2,1,1,868,210,1,2,4,12,0,0,0,0,0
201900005928,19,1,5,1449,2,7,5,7,4451752,-244636,4,1,50,2,1,4,198,340,8,2,3,5,0,0,0,0,0
201900005929,19,7,22,664,4,7,6,1,4470615,-369806,5,1,19,3,1,2,609,583,2,4,4,22,0,0,0,0,0
201900005930,19,1,20,1874,2,2,9,4,4561541,60096,7,1,53,3,2,2,482,11,4,7,5,87,0,0,0,0,0
201900005931,19,8,17,825,2,1,8,5,4648019,358792,7,2,19,2,4,2,171,129,6,2,1,68,0,0,0,0,0
201900005932,19,12,5,1196,5,1,2,7,4567675,-83064,9,2,23,2,1,4,609,884,5,3,5,35,0,0,0,0,0
201900005933,19,5,12,991,2,4,7,6,4546124,-300900,7,1,40,3,4,4,331,646,3,5,5,53,0,0,0,0,0
201900005934,19,2,5,1731,3,5,4,4,4907348,473793,4,1,43,3,2,1,102,198,6,2,3,95,0,0,0,0,0
201900005935,19,10,18,1732,1,2,3,7,4402980,268396,1,2,19,3,2,1,82,643,1,5,5,84,0,0,0,0,0
201900005936,19,6,15,1761,5,3,9,1,4518462,-1138,7,2,23,2,1,1,536,238,8,5,1,70,0,0,0,0,0
201900005937,19,7,28,1664,4,6,4,7,4707897,626703,6,1,32,3,2,3,837,779,2,3,5,30,0,0,0,0,0
201900005938,19,9,26,1998,4,5,5,7,4842202,-16130,8,3,4,3,2,2,381,685,9,3,4,32,0,0,0,0,0
201900005939,19,11,3,1408,2,3,7,6,4906134,454364,8,1,1,2,2,1,357,237,8,2,2,87,0,0,0,0,0
201900005940,19,9,6,865,3,1,8,7,4506034,641500,8,2,1,3,2,1,531,955,1,7,3,78,0,0,0,0,0
201900005941,19,12,2,21,3,1,7,3,4708017,-264183,8,4,50,2,4,3,36,389,4,7,5,60,0,0,0,0,0
201900005942,19,7,20,860,1,8,6,6,4758137,-161992,8,4,17,3,3,4,311,321,8,7,1,98,0,0,0,0,0
201900005943,19,1,8,721,2,6,2,2,4897478,416351,6,1,25,2,4,1,767,799,3,2,2,64,0,0,0,0,0
201900005944,19,3,26,2127,2,4,8,1,4491068,-101305,7,2,44,3,4,1,216,630,7,3,2,59,0,0,0,0,0
201900005945,19,12,7,324,5,2,9,7,4820174,71833,3,2,31,2,3,2,515,101,5,1,3,98,0,0,0,0,0
201900005946,19,9,25,1333,4,4,8,1,4831311,243192,1,3,38,3,1,2,415,802,4,3,4,42,0,0,0,0,0
201900005947,19,9,17,1658,2,3,9,5,4953317,4060,5,1,15,1,1,3,686,221,6,3,1,75,0,0,0,0,0
201900005948,19,5,27,562,5,1,5,7,4495710,-66869,4,2,3,1,4,4,400,557,1,3,3,29,0,0,0,0,0
201900005949,19,1,20,2049,5,4,4,7,4810691,435024,8,3,37,2,4,4,376,264,6,5,2,45,0,0,0,0,0
201900005950,19,11,9,661,1,1,6,1,4763735,581665,1,1,26,1,2,1,328,157,1,5,4,20,0,0,0,0,0
201900005951,19,11,21,943,4,9,2,6,4415979,-362526,6,1,38,3,1,4,11,158,6,6,5,92,0,0,0,0,0
201900005952,19,5,8,2191,2,6,7,6,4837689,-267316,9,2,47,2,3,4,862,72,8,1,2,91,0,0,0,0,0
201900005953,19,12,2,166,4,6,3,5,4996911,481674,8,4,23,2,1,3,340,500,1,7,5,31,0,0,0,0,0
201900005954,19,6,13,898,5,9,1,2,4618072,-213234,2,4,30,2,1,3,61,436,9,2,3,93,0,0,0,0,0
201900005955,19,6,19,1414,5,2,7,7,4405570,-79512,7,3,22,2,3,3,350,239,5,6,1,48,0,0,0,0,0
201900005956,19,1,1,747,5,1,2,4,4880714,42541,7,1,27,1,2,2,691,531,3,2,4,77,0,0,0,0,0
201900005957,19,1,6,1594,1,5,8,7,4432404,171581,3,4,16,2,2,2,601,734,1,2,1,93,0,0,0,0,0
201900005958,19,12,23,555,4,5,9,4,4768037,-270150,4,2,30,1,3,3,459,588,4,2,1,27,0,0,0,0,0
201900005959,19,12,26,1106,1,2,7,1,4586328,-381927,1,1,45,1,1,2,890,816,5,3,2,72,0,0,0,0,0
201900005960,19,5,7,601,3,7,4,7,4557796,688230,8,1,17,3,3,4,784,900,6,3,4,38,0,0,0,0,0
201900005961,19,11,24,775,5,9,7,7,4941984,-222931,8,4,24,2,3,4,95,384,1,7,1,35,0,0,0,0,0
201900005962,19,3,2,5,5,7,3,6,4485283,-277706,6,2,43,3,1,3,416,941,4,3,5,95,0,0,0,0,0
201900005963,19,6,5,1933,1,4,7,1,4906628,265438,6,4,23,1,4,1,33,342,2,4,4,14,0,0,0,0,0
201900005964,19,6,14,1128,2,5,9,1,4601139,295238,9,4,1,1,3,3,72,217,2,1,3,68,0,0,0,0,0
201900005965,19,8,6,1563,3,7,6,2,4548110,390991,2,4,49,3,3,2,9,736,7,4,5,54,0,0,0,0,0
201900005966,19,9,15,786,4,4,5,5,4641557,-144727,9,4,50,2,4,4,571,989,6,2,3,18,0,0,0,0,0
201900005967,19,11,2,679,3,1,5,2,4642845,-235864,3,2,18,3,4,3,416,354,1,1,4,69,0,0,0,0,0
201900005968,19,9,5,1348,4,4,5,7,4820444,-218149,9,2,42,1,4,1,335,502,5,6,2,38,0,0,0,0,0
201900005969,19,5,17,852,2,4,5,5,4892982,-388238,4,3,18,1,3,1,174,307,7,2,2,26,0,0,0,0,0
201900005970,19,6,24,1211,2,3,8,6,4930091,93368,4,3,45,2,2,3,909,203,6,6,5,30,0,0,0,0,0
201900005971,19,6,3,679,1,1,3,2,4904153,-33323,8,4,27,3,4,4,724,325,6,4,3,10,0,0,0,0,0
201900005972,19,8,13,130,5,3,6,1,4704235,12514,8,4,37,2,2,2,324,27,1,2,4,77,0,0,0,0,0
201900005973,19,8,18,1023,2,8,2,6,4938013,68321,4,3,22,1,1,1,475,801,3,2,5,41,0,0,0,0,0
201900005974,19,1,3,1295,2,6,5,4,4587546,-365612,5,1,43,2,4,3,513,808,7,7,2,63,0,0,0,0,0
201900005975,19,8,13,670,1,2,7,5,4949880,427313,8,4,53,1,3,1,766,35,3,6,2,52,0,0,0,0,0
201900005976,19,5,28,149,2,1,9,1,4927496,469011,2,4,49,2,4,2,489,115,7,1,1,54,0,0,0,0,0
201900005977,19,7,26,1336,2,3,9,2,4621417,671680,6,2,27,1,4,1,734,721,4,3,4,76,0,0,0,0,0
201900005978,19,10,27,1430,1,3,1,3,4690821,551113,1,4,46,2,1,2,171,529,8,1,4,72,0,0,0,0,0
201900005979,19,7,22,1082,3,7,5,5,4772270,64634,6,3,33,1,3,1,7,284,7,7,4,54,0,0,0,0,0
201900005980,19,10,23,1464,3,7,8,6,4835245,-9271,7,2,25,1,4,1,45,23,5,1,5,68,0,0,0,0,0
201900005981,19,6,27,2115,4,7,4,3,4630548,71112,2,1,15,2,4,3,763,889,2,4,5,69,0,0,0,0,0
201900005982,19,10,13,946,2,7,1,6,4498189,125585,7,1,29,2,3,1,546,582,7,6,2,74,0,0,0,0,0
201900005983,19,3,21,903,5,6,2,1,4579770,337162,1,2,38,2,1,2,53,458,6,1,1,63,0,0,0,0,0
201900005984,19,3,27,2329,5,6,7,1,4795164,111146,1,4,3,1,4,3,557,488,8,7,3,15,0,0,0,0,0
201900005985,19,7,3,1235,4,1,9,3,4507312,55917,2,1,51,2,2,1,431,198,1,2,4,19,0,0,0,0,0
201900005986,19,8,4,451,2,4,4,7,4839236,190691,1,3,15,3,2,1,349,271,7,7,3,31,0,0,0,0,0
201900005987,19,5,9,1318,3,4,4,1,4703493,78956,7,1,9,2,4,1,673,14,1,2,1,15,0,0,0,0,0
201900005988,19,6,5,936,4,4,4,1,4787985,501522,7,4,23,3,3,1,688,869,2,2,5,37,0,0,0,0,0
201900005989,19,1,23,1266,3,9,3,4,4675561,-349127,3,1,46,2,4,3,200,790,4,4,2,4,0,0,0,0,0
201900005990,19,9,2,146,5,4,3,4,4726377,73879,6,2,18,2,2,2,678,460,6,3,3,21,0,0,0,0,0
201900005991,19,12,12,1024,1,6,2,5,4691675,-274655,7,1,13,3,1,1,442,643,1,7,1,79,0,0,0,0,0
201900005992,19,5,26,728,2,3,3,3,4567916,569534,6,3,32,1,4,2,5,17,5,3,3,14,0,0,0,0,0
201900005993,19,4,11,1591,4,1,1,7,4564641,-151833,9,3,29,3,3,1,641,208,6,6,1,46,0,0,0,0,0
201900005994,19,5,1,2164,3,1,7,4,4900086,-1399,7,4,11,1,2,2,471,275,4,3,4,57,0,0,0,0,0
201900005995,19,9,12,1945,3,6,1,3,4689142,84768,8,1,16,1,4,4,872,394,3,7,2,53,0,0,0,0,0
201900005996,19,8,24,738,1,6,6,7,4761825,375916,5,1,34,3,1,4,528,727,7,7,5,35,0,0,0,0,0
201900005997,19,11,13,548,5,6,5,1,4863746,-131610,6,4,9,3,4,4,494,413,1,1,3,60,0,0,0,0,0
201900005998,19,5,24,310,5,4,1,4,4598939,169843,3,4,8,1,1,1,902,552,1,3,1,6,0,0,0,0,0
201900005999,19,11,9,677,3,6,7,1,4546242,-35135,2,2,10,2,2,4,642,6,9,5,5,32,0,0,0,0,0
201900006000,19,7,3,359,5,5,7,5,4565361,605620,2,1,28,1,4,4,889,841,2,1,3,33,0,0,0,0,0
201900006001,19,11,12,1102,1,3,9,2,4521769,-343734,5,4,41,1,1,3,328,981,6,7,2,98,0,0,0,0,0
201900006002,19,7,11,1698,4,4,4,6,4911498,-193629,2,3,36,2,3,3,488,588,6,4,4,56,0,0,0,0,0
201900006003,19,5,14,1290,3,1,2,4,4455430,436781,8,3,40,1,3,4,133,537,2,5,4,86,0,0,0,0,0
201900006004,19,7,14,309,2,7,6,5,4728445,-2670,4,1,29,2,4,2,384,259,6,5,2,70,0,0,0,0,0
201900006005,19,3,4,934,5,5,8,4,4918352,568045,6,1,2,1,2,2,60,762,6,4,4,0,0,0,0,0,0
201900006006,19,3,12,65,5,1,1,3,4937884,-190885,1,1,41,1,3,4,295,901,7,1,5,49,0,0,0,0,0
201900006007,19,11,2,2233,5,8,9,2,4595641,201071,2,1,19,1,2,3,777,779,5,2,3,33,0,0,0,0,0
201900006008,19,7,21,333,2,2,5,3,4861786,72462,9,1,44,1,1,2,625,442,5,7,4,79,0,0,0,0,0
201900006009,19,8,24,641,5,8,9,4,4990685,120748,7,4,29,3,1,3,193,186,9,2,2,40,0,0,0,0,0
201900006010,19,5,24,897,3,3,7,6,4626118,693457,2,2,40,2,4,3,643,128,1,1,3,13,0,0,0,0,0
201900006011,19,6,22,465,1,6,2,4,4495421,664547,4,4,12,1,2,3,389,128,4,6,2,25,0,0,0,0,0
201900006012,19,3,18,1634,4,3,5,3,4575171,504976,9,2,43,3,3,4,863,345,2,7,3,90,0,0,0,0,0
201900006013,19,10,28,372,5,4,3,4,4474542,-314807,8,1,4,2,3,3,878,921,5,3,2,64,0,0,0,0,0
201900006014,19,3,26,445,3,4,7,7,4832934,-357005,3,1,40,2,4,2,37,369,5,3,3,11,0,0,0,0,0
201900006015,19,5,4,1255,1,8,7,7,4905160,207895,9,2,28,3,3,2,822,115,9,6,4,22,0,0,0,0,0
201900006016,19,11,19,575,1,4,4,6,4878865,-241554,1,1,29,3,1,4,760,846,7,1,4,69,0,0,0,0,0
201900006017,19,7,11,1279,1,5,6,4,4622952,271800,1,1,19,1,2,1,438,618,6,7,1,45,0,0,0,0,0
201900006018,19,9,26,1806,2,2,3,2,4529723,639898,8,4,30,2,2,4,350,185,8,6,3,72,0,0,0,0,0
201900006019,19,12,22,1491,2,8,8,1,4922567,348448,2,3,36,1,4,2,410,498,8,4,2,73,0,0,0,0,0
201900006020,19,1,18,1066,3,2,3,7,4655233,584264,4,1,47,1,1,3,258,540,9,5,2,37,0,0,0,0,0
201900006021,19,8,22,795,2,9,9,3,4547479,291020,5,4,2,3,3,3,443,984,4,2,1,83,0,0,0,0,0
201900006022,19,12,25,2202,4,9,2,1,4638884,-141694,7,4,26,3,2,4,756,654,1,6,4,17,0,0,0,0,0
201900006023,19,5,24,1760,1,5,7,4,4495797,-163493,4,4,50,1,4,3,432,173,2,4,1,26,0,0,0,0,0
201900006024,19,5,19,506,1,2,4,7,4730388,-359635,1,4,4,3,2,3,2,199,6,2,3,26,0,0,0,0,0
201900006025,19,9,28,676,3,3,8,1,4483984,434270,7,3,40,2,1,3,675,260,9,2,5,34,0,0,0,0,0
201900006026,19,5,28,2177,4,6,1,6,4884037,426674,1,3,0,3,2,2,656,738,2,7,2,13,0,0,0,0,0
201900006027,19,5,18,286,5,2,8,4,4583940,385640,1,2,31,1,2,3,415,40,6,7,4,51,0,0,0,0,0
201900006028,19,4,13,2075,3,1,9,5,4781213,-43425,8,4,43,1,2,2,723,807,8,1,1,15,0,0,0,0,0
201900006029,19,12,17,1015,1,3,1,6,4543433,330908,6,3,9,1,4,2,333,75,5,1,1,5,0,0,0,0,0
201900006030,19,11,9,1781,5,4,5,6,4449118,-125688,9,2,51,2,4,2,404,807,5,3,3,83,0,0,0,0,0
201900006031,19,4,3,2259,1,5,6,1,4656448,-81796,5,3,13,2,2,3,90,964,7,7,2,29,0,0,0,0,0
201900006032,19,9,20,231,5,9,8,7,4920363,-109490,3,2,10,3,2,3,647,615,4,5,3,58,0,0,0,0,0
201900006033,19,11,7,145,1,3,6,3,4638479,110069,2,1,17,2,3,2,804,464,9,4,2,71,0,0,0,0,0
201900006034,19,3,24,205,4,9,6,2,4707300,284915,3,3,29,3,4,2,295,109,1,4,3,50,0,0,0,0,0
201900006035,19,4,12,1031,5,5,1,7,4631287,-59731,6,4,48,2,4,2,113,440,6,1,1,74,0,0,0,0,0
201900006036,19,10,17,2052,5,2,3,3,4734013,-167121,8,3,49,2,2,1,895,256,4,6,1,82,0,0,0,0,0
201900006037,19,7,20,2050,4,6,7,4,4583252,175432,6,2,12,2,3,2,96,55,3,5,2,76,0,0,0,0,0
201900006038,19,6,27,1005,5,7,1,2,4619096,327647,5,2,1,1,2,2,313,195,8,6,2,17,0,0,0,0,0
201900006039,19,12,16,1246,5,9,5,2,4885895,91983,1,4,40,2,2,2,388,255,5,4,1,8,0,0,0,0,0
201900006040,19,1,10,950,1,8,4,4,4965792,-166012,3,2,19,2,4,2,422,352,2,2,2,84,0,0,0,0,0
201900006041,19,10,8,2120,5,8,7,6,4903017,574905,5,1,13,1,4,3,355,702,3,6,4,67,0,0,0,0,0
201900006042,19,1,18,1998,2,2,8,2,4454764,-154653,2,2,36,2,3,3,810,708,4,5,4,4,0,0,0,0,0
201900006043,19,6,17,1700,3,3,5,6,4957565,428100,8,2,35,1,4,3,854,974,3,7,2,21,0,0,0,0,0
201900006044,19,2,8,1142,4,3,3,4,4811566,383987,1,3,45,2,2,4,768,453,9,7,4,33,0,0,0,0,0
201900006045,19,7,7,25,1,1,1,7,4781128,353970,2,4,37,2,2,1,425,296,8,3,5,66,0,0,0,0,0
201900006046,19,8,16,1443,3,5,1,5,4864232,-235811,9,1,41,2,2,2,275,82,6,6,1,78,0,0,0,0,0
201900006047,19,3,19,2131,5,8,3,6,4776724,-197479,2,3,10,1,4,4,287,723,6,7,1,6,0,0,0,0,0
201900006048,19,2,5,156,4,4,6,4,4677199,663474,1,4,40,1,4,3,700,522,2,5,4,81,0,0,0,0,0
201900006049,19,2,24,2168,2,9,4,3,4758924,-37755,7,4,15,1,3,3,705,99,3,4,2,66,0,0,0,0,0
201900006050,19,10,24,867,1,3,2,4,4493236,136891,8,4,33,2,2,2,629,371,6,1,5,0,0,0,0,0,0
201900006051,19,6,6,760,3,2,1,1,4613595,417762,2,4,30,3,3,4,768,512,8,3,4,66,0,0,0,0,0
201900006052,19,3,20,945,2,3,9,7,4573511,604004,5,1,46,1,1,3,586,137,5,5,3,55,0,0,0,0,0
201900006053,19,6,17,1994,4,9,4,1,4592377,324390,6,1,23,1,1,1,495,77,6,7,2,48,0,0,0,0,0
201900006054,19,10,25,2084,3,5,7,6,4956909,200863,1,3,28,3,2,1,350,721,7,7,3,42,0,0,0,0,0
201900006055,19,10,25,41,3,9,4,1,4933941,127878,1,4,18,1,3,3,198,380,7,3,2,78,0,0,0,0,0
201900006056,19,2,18,1798,3,5,8,6,4453099,279019,6,2,39,2,3,4,868,409,2,6,4,30,0,0,0,0,0
201900006057,19,10,14,77,3,6,9,4,4811006,180943,7,3,39,3,2,4,569,123,2,7,4,67,0,0,0,0,0
201900006058,19,12,23,1633,2,4,2,7,4504347,529194,6,1,37,2,3,4,271,968,7,7,4,14,0,0,0,0,0
201900006059,19,6,6,1620,5,8,1,1,4869752,-231430,5,2,13,2,1,2,148,309,2,7,1,81,0,0,0,0,0
201900006060,19,8,10,249,5,4,2,6,4943665,159709,4,4,31,2,1,1,654,435,7,5,4,72,0,0,0,0,0
201900006061,19,4,16,56,2,2,3,7,4765823,364193,3,4,53,2,1,4,778,629,5,2,4,5,0,0,0,0,0
201900006062,19,8,13,828,5,9,3,1,4847574,-213700,7,1,9,1,3,2,361,427,8,5,3,56,0,0,0,0,0
201900006063,19,10,26,409,5,5,5,7,4759553,153406,6,1,38,3,3,3,671,41,5,3,4,30,0,0,0,0,0
201900006064,19,2,13,137,2,9,2,4,4440134,222107,5,1,42,3,4,3,147,830,6,3,1,21,0,0,0,0,0
201900006065,19,1,18,461,4,6,2,2,4817632,508747,3,1,36,1,2,2,739,499,8,1,3,49,0,0,0,0,0
201900006066,19,1,13,9,2,9,5,5,4920217,-183316,1,4,17,3,2,3,216,375,3,7,3,83,0,0,0,0,0
201900006067,19,9,6,800,4,4,4,7,4782223,-216328,2,1,49,1,4,1,299,680,9,6,4,93,0,0,0,0,0
201900006068,19,1,6,2307,4,1,7,5,4659531,-321707,7,4,5,2,2,2,721,631,5,4,5,91,0,0,0,0,0
201900006069,19,6,22,1901,4,7,9,2,4823895,411828,3,4,9,2,1,3,144,926,4,6,2,10,0,0,0,0,0
201900006070,19,12,21,1604,5,9,4,3,4897843,553249,9,1,27,1,2,3,717,860,5,6,4,41,0,0,0,0,0
201900006071,19,7,17,1631,4,5,6,5,4775153,610088,5,4,26,1,3,4,21,18,2,1,3,60,0,0,0,0,0
201900006072,19,8,16,1192,3,1,8,6,4544883,476210,3,1,3,1,2,1,844,965,1,2,2,60,0,0,0,0,0
201900006073,19,8,22,2351,1,3,4,7,4855331,470464,5,4,47,3,1,2,830,592,3,2,1,12,0,0,0,0,0
201900006074,19,11,11,285,5,9,5,2,4521103,531158,7,3,52,3,2,1,762,472,4,4,4,39,0,0,0,0,0
201900006075,19,2,22,2118,5,1,7,6,4648748,-180020,3,2,3,2,2,1,31,365,6,4,5,76,0,0,0,0,0
201900006076,19,8,17,629,1,7,6,5,4794848,-200577,1,2,43,3,3,3,3,829,3,4,4,54,0,0,0,0,0
201900006077,19,4,19,277,2,7,3,5,4532174,499347,3,3,28,2,1,1,824,238,4,3,2,84,0,0,0,0,0
201900006078,19,8,22,1337,2,4,7,4,4416567,354827,4,4,6,3,4,1,153,12,6,6,4,3,0,0,0,0,0