Num_Acc,an,mois,jour,hrmn,lum,int,atm,col,lat,long,catr,circ,nbv,vosp,prof,plan,lartpc,larrout,surf,infra,situ,env1,unscathed,killed,hospital,light,chance
201900006079,19,2,19,2024,1,6,6,7,4509611,394305,3,4,19,3,4,1,887,692,8,2,3,66,0,0,0,0,0
201900006080,19,12,19,1035,1,8,5,7,4618027,-276132,4,2,5,3,4,2,207,841,9,2,2,92,0,0,0,0,0
201900006081,19,11,15,1313,5,6,4,2,4595801,-308292,6,1,39,1,1,1,56,474,2,2,1,54,0,0,0,0,0
201900006082,19,1,21,257,2,1,7,7,4765449,-39719,9,3,33,3,3,3,356,590,2,7,3,17,0,0,0,0,0
201900006083,19,12,24,986,1,4,2,5,4606739,-294082,1,4,44,3,3,1,373,883,6,1,1,94,0,0,0,0,0
201900006084,19,1,26,1355,5,1,6,3,4904699,167682,1,1,41,2,1,1,263,848,4,7,2,27,0,0,0,0,0
201900006085,19,8,28,201,4,8,2,7,4697284,169040,2,2,2,2,1,1,51,275,5,2,4,88,0,0,0,0,0
201900006086,19,8,5,248,5,3,2,1,4939149,474524,8,2,3,1,4,1,63,955,1,7,3,17,0,0,0,0,0
201900006087,19,3,2,1182,1,5,5,7,4915423,631916,2,4,23,2,2,3,699,180,2,5,4,55,0,0,0,0,0
201900006088,19,5,6,190,2,5,9,5,4607818,524851,3,1,25,2,4,2,471,346,3,6,2,75,0,0,0,0,0
201900006089,19,4,28,2034,3,1,8,6,4548934,16743,9,1,16,3,4,2,785,125,5,7,5,8,0,0,0,0,0
201900006090,19,5,11,111,2,7,7,7,4767957,-178559,9,4,44,3,1,3,428,646,6,6,4,78,0,0,0,0,0
201900006091,19,2,27,1905,2,1,6,6,4628068,394185,2,3,4,2,2,3,334,436,2,3,3,80,0,0,0,0,0
201900006092,19,6,24,1592,3,1,8,3,4426139,-232066,5,4,9,2,4,1,38,600,3,4,2,14,0,0,0,0,0
201900006093,19,11,12,1959,3,5,9,3,4937639,661032,1,4,36,2,1,4,261,937,6,3,3,92,0,0,0,0,0
201900006094,19,3,11,460,5,9,8,7,4674768,527181,9,2,15,3,4,3,663,682,9,1,1,17,0,0,0,0,0
201900006095,19,11,25,1054,3,2,3,4,4649027,-354382,8,4,6,3,2,3,332,495,3,5,5,57,0,0,0,0,0
201900006096,19,2,9,2030,3,4,5,4,4404726,368153,1,3,14,3,4,1,220,410,9,1,5,43,0,0,0,0,0
201900006097,19,12,14,2247,3,2,2,6,4931820,-5636,5,3,6,3,1,2,744,725,5,3,4,31,0,0,0,0,0
201900006098,19,11,15,358,2,3,9,5,4666112,381689,1,3,12,2,2,4,228,867,1,1,3,28,0,0,0,0,0
201900006099,19,12,25,298,5,6,4,6,4922259,413660,4,1,44,1,1,3,559,971,5,6,5,5,0,0,0,0,0
201900006100,19,2,5,1789,2,4,2,1,4729524,118942,9,3,43,3,4,2,89,147,2,6,2,70,0,0,0,0,0
201900006101,19,3,21,161,1,9,8,5,4905109,-107643,7,1,32,2,2,3,148,41,7,6,3,7,0,0,0,0,0
201900006102,19,4,28,1137,1,8,5,5,4585322,378431,1,2,16,1,2,2,607,694,5,3,5,74,0,0,0,0,0
201900006103,19,5,9,602,2,4,4,2,4459314,559146,4,2,23,3,2,3,522,15,3,5,2,9,0,0,0,0,0
201900006104,19,1,23,2289,5,1,6,6,4849096,-140584,7,4,5,2,1,1,45,730,7,5,5,3,0,0,0,0,0
201900006105,19,4,25,1926,2,2,9,2,4973094,-301221,2,1,8,3,3,2,588,196,7,2,1,95,0,0,0,0,0
201900006106,19,8,8,1227,3,5,4,4,4952257,218149,3,4,4,2,3,2,744,463,9,7,2,12,0,0,0,0,0
201900006107,19,2,23,1547,5,7,7,7,4984119,-313905,8,3,45,1,4,4,839,257,1,7,5,62,0,0,0,0,0
201900006108,19,9,12,771,5,5,4,3,4572795,-265092,2,1,6,3,2,4,106,257,3,5,5,36,0,0,0,0,0
201900006109,19,9,22,456,1,8,7,2,4830623,411734,3,4,3,2,4,2,332,721,9,1,3,56,0,0,0,0,0
201900006110,19,12,8,288,5,8,7,6,4767935,534900,7,2,3,1,4,2,78,19,8,1,3,91,0,0,0,0,0
201900006111,19,1,22,230,5,7,1,1,4673713,485816,8,4,6,1,2,3,462,545,7,2,3,39,0,0,0,0,0
201900006112,19,5,8,870,5,6,4,2,4543769,-17317,2,1,21,1,3,3,129,242,7,5,3,6,0,0,0,0,0
201900006113,19,11,1,415,3,1,6,5,4475087,-8637,3,4,44,3,3,3,669,36,2,5,4,78,0,0,0,0,0
201900006114,19,9,18,2267,2,3,9,7,4784428,-301379,1,4,49,3,1,2,754,930,3,2,4,72,0,0,0,0,0
201900006115,19,4,11,1969,2,2,2,1,4593590,363671,1,4,4,3,4,2,867,858,1,2,2,11,0,0,0,0,0
201900006116,19,1,24,297,4,1,8,3,4529728,-105651,2,1,49,1,3,1,576,472,1,4,3,58,0,0,0,0,0
201900006117,19,4,15,1731,4,4,3,7,4585731,421281,6,1,14,1,3,1,335,296,2,5,1,23,0,0,0,0,0
201900006118,19,12,17,2182,3,3,3,2,4629912,-351190,9,3,38,1,4,3,16,484,4,7,3,75,0,0,0,0,0
201900006119,19,6,12,1066,1,8,6,7,4798654,119004,5,1,46,2,2,4,660,618,1,5,2,41,0,0,0,0,0
201900006120,19,10,17,1923,4,6,2,4,4808863,521053,6,3,5,1,4,3,97,122,8,2,2,84,0,0,0,0,0
201900006121,19,6,5,417,5,4,2,7,4781991,120596,2,2,11,1,1,3,410,680,9,4,2,93,0,0,0,0,0
201900006122,19,12,14,253,2,3,3,1,4929574,62930,1,2,29,3,2,3,235,536,7,1,2,51,0,0,0,0,0
201900006123,19,10,22,2069,3,7,4,4,4844683,239906,6,3,32,3,3,3,517,889,5,6,5,38,0,0,0,0,0
201900006124,19,11,6,1023,5,9,1,4,4611478,538523,3,3,3,1,3,1,727,900,7,5,3,43,0,0,0,0,0
201900006125,19,8,26,2090,3,2,9,2,4811009,95586,5,1,39,3,2,2,567,207,3,1,2,36,0,0,0,0,0
201900006126,19,5,22,1169,4,6,4,5,4664954,169071,4,1,8,3,1,4,915,353,3,1,3,57,0,0,0,0,0
201900006127,19,10,11,374,3,2,5,7,4950364,535162,8,4,45,2,2,1,430,52,5,1,2,16,0,0,0,0,0
201900006128,19,9,3,703,5,2,9,3,4821997,206721,9,3,53,3,3,1,52,215,2,6,2,81,0,0,0,0,0
201900006129,19,9,1,481,4,6,7,5,4585134,-214677,5,4,8,3,4,3,488,284,4,3,2,67,0,0,0,0,0
201900006130,19,5,3,738,4,9,7,2,4769808,264932,7,3,23,2,3,1,851,102,1,3,4,85,0,0,0,0,0
201900006131,19,9,27,2046,4,2,1,6,4442646,215373,8,4,52,3,2,4,362,792,4,5,5,81,0,0,0,0,0
201900006132,19,8,21,1629,2,9,3,2,4780527,-351417,3,1,1,1,3,2,572,746,3,2,5,9,0,0,0,0,0
201900006133,19,5,15,658,5,3,1,2,4774048,144040,1,3,16,2,3,1,445,760,9,4,1,3,0,0,0,0,0
201900006134,19,11,16,1360,2,8,8,7,4716153,395993,5,1,47,3,2,4,830,844,7,4,1,84,0,0,0,0,0
201900006135,19,2,14,624,5,9,8,6,4466460,514685,4,1,40,3,2,2,407,608,7,1,3,22,0,0,0,0,0
201900006136,19,2,17,1633,1,3,1,5,4413957,240292,8,1,2,3,1,1,627,645,9,1,2,53,0,0,0,0,0
201900006137,19,10,18,1876,3,7,3,1,4405731,633991,6,1,11,2,4,4,41,605,9,5,4,35,0,0,0,0,0
201900006138,19,10,7,2065,5,7,1,1,4463362,-139728,6,3,12,3,3,4,48,917,1,5,1,12,0,0,0,0,0
201900006139,19,4,4,2166,3,2,5,4,4859127,353684,5,3,32,3,1,4,354,550,9,1,5,11,0,0,0,0,0
201900006140,19,2,22,1697,2,9,3,2,4894596,-333827,2,3,32,1,1,3,602,81,1,5,3,27,0,0,0,0,0
201900006141,19,7,4,1867,2,8,4,4,4449623,-150933,3,2,2,2,1,4,192,109,7,2,4,35,0,0,0,0,0
201900006142,19,9,8,1072,1,1,9,7,4565713,-379288,9,4,9,2,1,2,704,99,9,3,1,73,0,0,0,0,0
201900006143,19,5,20,1410,2,4,6,5,4458079,385120,3,4,50,1,1,4,686,884,6,5,1,81,0,0,0,0,0
201900006144,19,9,9,1587,2,3,2,6,4574285,23559,6,2,24,1,2,3,845,725,4,2,3,29,0,0,0,0,0
201900006145,19,11,13,1499,1,7,9,2,4473712,438775,5,2,48,3,4,3,563,200,5,2,1,96,0,0,0,0,0
201900006146,19,2,17,92,3,1,9,2,4716887,248334,7,3,8,3,4,2,320,135,7,6,1,35,0,0,0,0,0
201900006147,19,12,7,845,2,3,5,1,4826305,-239610,8,4,35,1,1,4,539,3,3,2,4,56,0,0,0,0,0
201900006148,19,12,27,730,2,6,7,4,4951335,329238,7,1,20,1,2,2,14,932,9,3,3,90,0,0,0,0,0
201900006149,19,5,21,1641,2,9,2,6,4409933,428323,8,2,45,2,2,4,132,636,2,2,5,58,0,0,0,0,0
201900006150,19,8,4,940,4,1,5,6,4841937,-286615,2,2,33,1,3,1,324,174,1,1,3,8,0,0,0,0,0
201900006151,19,4,12,937,4,4,2,7,4471134,-34177,9,2,1,2,4,1,546,515,7,3,1,81,0,0,0,0,0
201900006152,19,8,20,931,1,6,5,6,4932757,362129,9,1,5,2,3,3,155,725,2,6,1,60,0,0,0,0,0
201900006153,19,1,16,1278,1,9,8,3,4881546,107796,1,4,19,3,3,2,840,50,5,3,2,0,0,0,0,0,0
201900006154,19,8,27,2118,2,4,3,2,4999370,-170702,5,2,8,1,3,2,348,322,6,1,1,31,0,0,0,0,0
201900006155,19,3,8,2264,5,3,2,2,4475432,265379,9,3,50,3,1,3,556,428,8,5,2,47,0,0,0,0,0
201900006156,19,4,14,879,2,9,7,6,4702533,232927,5,4,3,2,3,3,779,218,1,4,5,43,0,0,0,0,0
201900006157,19,5,4,1844,5,8,5,3,4518136,572429,6,1,17,2,4,3,217,275,6,5,4,80,0,0,0,0,0
201900006158,19,6,6,1055,4,9,4,1,4537902,87958,3,4,52,1,1,3,575,7,7,1,1,71,0,0,0,0,0
201900006159,19,5,17,609,1,2,6,7,4955551,294331,8,4,50,3,3,4,161,173,8,7,5,53,0,0,0,0,0
201900006160,19,2,5,2319,3,9,6,3,4603644,-374697,4,1,25,3,1,3,208,63,7,1,2,92,0,0,0,0,0
201900006161,19,4,21,2282,5,4,2,5,4697095,611961,3,2,18,1,3,4,274,206,4,5,2,3,0,0,0,0,0
201900006162,19,6,8,932,5,4,2,1,4692403,182854,1,1,46,3,4,4,559,205,7,2,2,6,0,0,0,0,0
201900006163,19,12,11,1126,3,6,2,4,4552294,449037,2,1,48,2,3,3,322,562,4,4,2,43,0,0,0,0,0
201900006164,19,10,24,1890,1,4,5,7,4837904,271652,4,1,39,1,2,2,135,146,7,3,4,66,0,0,0,0,0
201900006165,19,5,14,1622,4,8,1,1,4475844,499759,2,2,37,2,4,4,874,762,6,3,5,25,0,0,0,0,0
201900006166,19,1,9,1762,2,7,6,1,4850939,42911,7,4,14,1,2,1,337,15,7,7,3,74,0,0,0,0,0
201900006167,19,7,9,716,3,9,4,5,4582193,-50549,6,1,11,3,2,4,102,660,9,2,5,33,0,0,0,0,0
201900006168,19,12,2,1883,3,7,6,2,4595040,-282008,4,1,13,1,1,2,483,663,8,4,1,1,0,0,0,0,0
201900006169,19,5,13,1214,3,9,2,1,4811959,-11586,8,3,26,3,2,2,104,294,2,2,3,72,0,0,0,0,0
201900006170,19,1,15,1293,4,1,1,7,4685947,150856,6,4,43,3,4,2,491,224,4,4,1,25,0,0,0,0,0
201900006171,19,6,12,2094,3,4,5,6,4504970,260156,1,1,29,3,2,3,725,605,1,3,5,63,0,0,0,0,0
201900006172,19,7,16,203,3,7,9,3,4490313,7493,6,1,46,2,1,1,587,266,7,2,3,73,0,0,0,0,0
201900006173,19,11,17,442,4,3,9,5,4986353,-345480,3,1,33,1,1,1,362,274,1,5,1,4,0,0,0,0,0
201900006174,19,3,12,2313,3,5,5,7,4800921,-74150,7,2,42,1,4,3,225,476,3,7,1,42,0,0,0,0,0
201900006175,19,12,11,648,5,9,1,4,4505542,-217611,2,3,9,1,1,1,588,735,8,2,3,23,0,0,0,0,0
201900006176,19,11,11,1373,4,4,8,4,4929407,371026,7,2,20,3,4,4,662,500,3,5,5,95,0,0,0,0,0
201900006177,19,2,21,728,4,2,2,3,4650878,521314,7,1,37,2,2,3,163,4,1,7,1,72,0,0,0,0,0
201900006178,19,11,18,392,3,9,8,3,4880463,148365,7,1,28,1,2,1,619,896,6,2,5,13,0,0,0,0,0
201900006179,19,4,21,742,2,3,4,4,4498458,433878,6,4,0,2,4,4,548,177,2,3,5,17,0,0,0,0,0
201900006180,19,4,27,2353,2,1,2,3,4871359,-190925,1,1,30,1,1,2,244,882,6,1,3,6,0,0,0,0,0
201900006181,19,3,19,482,2,9,5,7,4743929,657497,7,1,50,3,4,1,131,847,2,7,5,39,0,0,0,0,0
201900006182,19,6,9,406,4,6,6,1,4564697,280818,5,1,36,2,1,2,512,228,2,2,3,98,0,0,0,0,0
201900006183,19,1,28,1457,1,6,8,4,4647371,-236892,4,1,42,3,3,2,242,562,7,2,1,57,0,0,0,0,0
201900006184,19,5,27,1055,3,4,5,1,4889809,-206848,8,2,20,2,4,1,836,682,1,2,5,1,0,0,0,0,0
201900006185,19,7,21,1124,4,5,6,3,4949649,-395097,5,1,36,3,4,4,845,843,6,5,2,84,0,0,0,0,0
201900006186,19,10,14,2259,3,8,7,2,4467233,340734,9,1,35,3,2,3,445,181,3,4,2,50,0,0,0,0,0
201900006187,19,1,22,2005,3,9,2,4,4798530,204290,8,3,39,1,4,1,436,877,3,3,4,83,0,0,0,0,0
201900006188,19,3,16,1464,4,3,1,2,4847866,-37418,5,4,53,2,2,4,3,27,8,3,3,17,0,0,0,0,0
201900006189,19,11,16,470,3,4,4,7,4767179,132978,2,2,0,2,1,4,565,785,8,6,4,2,0,0,0,0,0
201900006190,19,5,11,894,2,3,7,7,4944285,298774,9,1,24,1,1,1,40,416,8,5,2,51,0,0,0,0,0
201900006191,19,3,25,987,5,8,2,3,4960095,-395601,7,4,36,2,4,3,915,257,6,4,1,89,0,0,0,0,0
201900006192,19,12,16,286,1,3,6,5,4793542,651967,2,2,30,3,2,2,25,480,2,1,5,55,0,0,0,0,0
201900006193,19,3,24,1127,1,3,5,7,4916844,265714,2,1,32,1,4,1,288,684,5,3,5,53,0,0,0,0,0
201900006194,19,1,24,992,4,5,3,7,4827000,-150357,6,1,53,3,2,1,482,510,3,5,3,13,0,0,0,0,0
201900006195,19,12,19,1879,2,5,6,7,4466751,472474,2,2,2,2,2,2,556,257,5,7,5,7,0,0,0,0,0
201900006196,19,11,6,2310,4,4,9,2,4820039,532736,2,3,9,2,3,3,651,419,4,7,3,51,0,0,0,0,0
201900006197,19,5,10,759,5,8,5,1,4940574,-303204,7,1,48,2,1,3,55,494,6,7,5,18,0,0,0,0,0
201900006198,19,5,20,1153,2,4,3,6,4945048,256646,8,2,13,2,4,2,760,333,8,5,4,9,0,0,0,0,0
201900006199,19,1,26,1865,3,8,7,6,4463886,-52455,1,1,3,3,4,1,67,447,9,6,1,82,0,0,0,0,0
201900006200,19,2,9,2254,1,5,2,7,4442635,529778,8,1,16,3,1,2,697,721,1,5,4,82,0,0,0,0,0
201900006201,19,7,11,598,3,2,4,3,4459450,-53778,9,1,24,1,3,3,389,931,4,2,3,71,0,0,0,0,0
201900006202,19,11,22,377,5,5,1,4,4893209,-251189,6,4,0,2,3,2,281,586,9,5,5,9,0,0,0,0,0
201900006203,19,10,16,1489,5,8,6,1,4861229,-39923,3,1,41,3,1,2,622,833,7,5,5,3,0,0,0,0,0
201900006204,19,4,3,352,2,9,9,4,4964673,685692,4,3,49,2,1,4,24,482,7,3,4,21,0,0,0,0,0
201900006205,19,6,2,1803,5,3,4,3,4682705,228157,8,2,2,2,4,1,889,203,1,6,5,70,0,0,0,0,0
201900006206,19,5,20,268,3,3,5,7,4980768,685782,8,2,12,3,3,2,519,468,5,2,5,11,0,0,0,0,0
201900006207,19,1,1,1701,1,3,8,2,4448253,266199,6,2,45,2,4,2,140,819,1,7,5,71,0,0,0,0,0
201900006208,19,1,13,11,2,7,6,2,4836370,679386,2,3,42,3,4,2,510,614,1,6,4,53,0,0,0,0,0
201900006209,19,5,19,1634,4,4,3,1,4819847,513889,4,1,17,1,3,4,351,814,5,6,3,99,0,0,0,0,0
201900006210,19,2,1,2196,3,4,2,1,4708663,-229507,2,4,18,3,1,2,582,171,7,7,3,22,0,0,0,0,0
201900006211,19,2,5,728,5,6,1,1,4752625,436202,9,3,19,3,4,2,309,448,4,1,3,45,0,0,0,0,0
201900006212,19,4,4,329,1,7,1,5,4820380,-255503,7,4,35,2,3,2,832,566,1,2,4,53,0,0,0,0,0
201900006213,19,1,5,1438,2,3,9,1,4966725,-117581,8,3,8,3,3,1,20,68,5,3,4,48,0,0,0,0,0
201900006214,19,2,9,1149,2,2,3,7,4437653,594629,9,3,24,3,4,2,246,97,3,1,4,25,0,0,0,0,0
201900006215,19,6,13,146,4,5,1,5,4588808,414657,8,3,49,2,2,2,100,476,1,1,3,10,0,0,0,0,0
201900006216,19,8,8,338,2,4,3,7,4681527,-354753,7,2,10,2,2,4,186,689,5,2,2,29,0,0,0,0,0
201900006217,19,1,25,45,4,9,1,7,4417583,126663,4,1,5,2,1,4,678,949,7,3,3,28,0,0,0,0,0
201900006218,19,3,15,2168,2,4,4,7,4798669,-261432,8,4,8,1,1,3,265,650,9,4,3,40,0,0,0,0,0
201900006219,19,8,14,997,5,7,3,4,4570511,-346265,8,4,27,1,3,4,200,330,1,3,2,94,0,0,0,0,0
201900006220,19,11,4,2019,4,3,4,1,4633252,118757,2,1,39,3,2,1,663,2,9,3,2,89,0,0,0,0,0
201900006221,19,2,1,701,2,6,1,4,4644356,-189802,4,4,25,3,1,4,801,878,4,1,2,17,0,0,0,0,0
201900006222,19,10,26,291,1,6,1,2,4723159,679897,6,4,43,2,3,1,81,23,9,4,1,77,0,0,0,0,0
201900006223,19,6,8,1004,5,5,7,4,4678695,-157239,5,4,16,1,2,2,141,579,2,4,1,21,0,0,0,0,0
201900006224,19,12,19,296,4,5,3,1,4658201,382352,2,4,47,2,1,1,75,127,8,7,5,57,0,0,0,0,0
201900006225,19,7,2,59,4,1,5,6,4744677,33131,7,3,46,3,1,2,309,370,6,6,1,27,0,0,0,0,0
201900006226,19,2,9,1117,4,8,2,7,4760732,46354,1,1,10,3,1,2,311,366,8,4,2,86,0,0,0,0,0
201900006227,19,4,18,1043,4,7,8,4,4822922,534509,6,1,21,1,3,1,543,204,1,6,3,47,0,0,0,0,0
201900006228,19,7,5,1329,2,1,4,7,4963906,475426,3,3,0,1,3,3,721,149,8,3,5,15,0,0,0,0,0
201900006229,19,4,17,2242,5,8,7,2,4880151,283105,2,1,52,1,1,3,462,870,5,1,1,62,0,0,0,0,0
201900006230,19,2,7,1846,2,1,2,3,4579855,509772,8,3,10,3,1,3,366,324,2,4,5,71,0,0,0,0,0
201900006231,19,12,17,1406,3,6,3,2,4980294,-306436,4,3,1,1,2,2,810,455,2,6,1,30,0,0,0,0,0
201900006232,19,9,19,2162,4,5,3,1,4788920,359937,2,2,24,3,1,3,780,440,9,3,3,93,0,0,0,0,0
201900006233,19,6,12,1639,3,5,3,2,4400765,320890,8,4,17,2,3,3,821,466,5,7,4,98,0,0,0,0,0
201900006234,19,4,16,460,3,9,3,5,4786485,150754,6,3,18,1,2,3,850,475,4,2,2,76,0,0,0,0,0
201900006235,19,8,10,339,3,1,7,3,4702115,612452,9,2,27,1,1,3,285,599,9,3,1,44,0,0,0,0,0
201900006236,19,12,20,297,1,7,5,7,4707282,-107800,2,2,1,1,3,1,521,85,6,3,5,78,0,0,0,0,0
201900006237,19,6,12,1205,4,4,4,5,4466592,580250,8,1,34,3,3,3,638,3,9,5,5,54,0,0,0,0,0
201900006238,19,11,2,1871,1,6,5,6,4674108,345937,4,4,35,1,4,4,181,509,9,1,4,59,0,0,0,0,0
201900006239,19,8,25,1715,1,5,9,5,4676665,-70065,9,4,32,1,2,4,217,237,3,3,5,19,0,0,0,0,0
201900006240,19,8,4,1125,5,2,5,6,4678567,212008,3,2,0,2,3,2,565,320,9,7,1,52,0,0,0,0,0
201900006241,19,1,19,2150,4,1,9,3,4513856,-372184,6,4,31,3,3,1,388,135,5,4,1,0,0,0,0,0,0
201900006242,19,7,6,697,1,2,7,2,4559900,385081,2,2,13,3,1,2,361,795,1,5,3,57,0,0,0,0,0
201900006243,19,6,23,1578,2,5,8,1,4710883,76269,9,4,9,3,2,3,194,896,9,1,4,28,0,0,0,0,0
201900006244,19,9,23,1248,5,9,3,5,4580138,-68990,2,3,14,3,4,4,443,94,5,3,3,78,0,0,0,0,0
201900006245,19,9,16,128,2,8,5,3,4417711,-295092,3,2,52,2,4,2,388,239,2,4,1,19,0,0,0,0,0
201900006246,19,2,3,607,2,9,7,1,4977568,466908,3,3,17,1,2,1,760,693,6,5,4,71,0,0,0,0,0
201900006247,19,7,10,826,2,8,4,1,4646259,660419,8,4,11,2,2,2,898,419,8,1,4,36,0,0,0,0,0
201900006248,19,3,13,7,1,2,7,6,4972958,176457,4,2,16,1,2,1,386,914,5,5,2,21,0,0,0,0,0
201900006249,19,6,18,1747,3,8,4,5,4591675,451601,9,2,39,2,1,1,592,566,9,5,4,70,0,0,0,0,0
201900006250,19,1,6,811,4,7,1,2,4917979,227488,2,4,11,3,2,2,685,391,1,5,3,89,0,0,0,0,0
201900006251,19,9,9,855,1,5,1,1,4752436,-121441,3,3,13,1,3,2,668,73,9,7,2,53,0,0,0,0,0
201900006252,19,9,13,1110,4,9,9,6,4429392,448341,6,2,29,3,2,1,670,836,8,2,3,62,0,0,0,0,0
201900006253,19,6,16,707,2,5,2,1,4762079,354225,6,2,25,3,2,3,517,703,1,5,4,39,0,0,0,0,0
201900006254,19,9,20,1944,5,3,7,6,4754279,-145470,9,1,44,3,1,3,554,822,9,2,1,17,0,0,0,0,0
201900006255,19,5,12,1680,1,6,3,3,4585699,369150,5,3,8,3,4,1,789,55,1,5,2,61,0,0,0,0,0
201900006256,19,2,28,391,3,9,6,4,4583109,486643,6,2,30,1,2,3,554,4,3,3,1,5,0,0,0,0,0
201900006257,19,5,10,456,2,4,8,5,4634974,96772,3,4,43,1,1,1,191,661,8,3,4,30,0,0,0,0,0
201900006258,19,9,19,1782,3,5,3,1,4644417,-275768,2,4,27,1,2,4,290,942,1,7,1,43,0,0,0,0,0
201900006259,19,9,26,2020,5,4,7,5,4946577,-210542,6,3,16,2,4,4,372,637,4,6,3,5,0,0,0,0,0
201900006260,19,10,25,505,3,7,5,5,4934747,592776,6,4,11,2,4,4,582,550,5,3,2,92,0,0,0,0,0
201900006261,19,3,26,525,2,4,2,6,4614377,355197,8,3,8,1,1,2,72,938,3,6,3,41,0,0,0,0,0
201900006262,19,9,12,1831,5,2,8,3,4405840,610364,7,2,45,1,4,2,359,404,3,2,3,52,0,0,0,0,0
201900006263,19,12,5,377,2,4,8,7,4495013,-127626,9,1,22,2,2,1,397,26,5,6,3,10,0,0,0,0,0
201900006264,19,7,11,660,3,9,8,7,4905008,-35560,7,4,47,3,4,2,740,777,5,6,1,88,0,0,0,0,0
201900006265,19,2,27,1341,4,2,8,4,4663294,-138547,9,4,5,3,3,1,331,936,4,4,5,14,0,0,0,0,0
201900006266,19,7,1,2192,4,4,2,3,4503506,56703,4,4,34,2,4,1,898,533,5,4,4,53,0,0,0,0,0
201900006267,19,12,12,1319,4,6,6,5,4633218,279059,9,1,25,2,4,2,565,844,4,3,1,79,0,0,0,0,0
201900006268,19,1,24,1597,3,8,3,3,4645983,435773,5,1,13,2,4,4,490,662,4,6,3,26,0,0,0,0,0
201900006269,19,7,14,1550,1,1,5,6,4648583,30924,3,1,3,2,1,1,861,897,9,3,2,85,0,0,0,0,0
201900006270,19,7,14,1323,1,5,8,1,4604590,-169118,6,3,5,2,3,1,143,612,4,6,3,6,0,0,0,0,0
201900006271,19,6,12,2004,4,8,1,7,4737277,103249,6,1,9,3,4,1,71,315,5,5,1,8,0,0,0,0,0
201900006272,19,8,26,1448,2,9,1,2,4562507,276691,6,4,42,1,2,1,714,736,2,6,4,31,0,0,0,0,0
201900006273,19,12,27,1410,4,9,2,4,4585270,375280,8,4,34,2,4,4,581,317,9,5,4,61,0,0,0,0,0
201900006274,19,5,23,546,5,3,9,4,4634726,-397905,3,3,0,3,1,3,487,259,3,1,1,65,0,0,0,0,0
201900006275,19,10,7,305,1,8,9,7,4583442,532540,5,4,24,1,1,1,869,386,6,7,2,55,0,0,0,0,0
201900006276,19,3,25,215,1,7,8,6,4739210,582892,5,3,39,2,1,4,487,623,4,3,2,3,0,0,0,0,0
201900006277,19,11,14,1299,1,2,9,2,4551798,249946,6,1,43,1,1,3,612,225,5,1,4,34,0,0,0,0,0
201900006278,19,10,13,343,5,4,7,4,4792371,378319,4,4,48,3,3,2,364,875,2,6,5,33,0,0,0,0,0
201900006279,19,5,20,882,4,6,7,4,4829119,604435,1,3,43,1,2,4,867,812,4,2,1,39,0,0,0,0,0
201900006280,19,7,19,1882,2,2,5,2,4524061,582030,2,4,4,3,1,4,569,862,3,4,5,66,0,0,0,0,0
201900006281,19,7,24,177,3,2,8,7,4726590,-167590,4,4,44,2,4,3,12,837,8,6,2,84,0,0,0,0,0
201900006282,19,1,23,1660,2,1,7,3,4433246,-105764,6,3,27,3,1,1,317,925,1,1,3,26,0,0,0,0,0
201900006283,19,12,5,1249,4,5,8,6,4787228,393897,7,3,0,2,3,2,394,866,3,7,3,91,0,0,0,0,0
201900006284,19,11,26,264,2,3,7,1,4750123,-130067,9,4,37,1,3,2,902,37,4,3,3,24,0,0,0,0,0
201900006285,19,6,13,1488,4,6,1,6,4468494,504379,9,1,36,1,4,1,757,797,1,5,2,8,0,0,0,0,0
201900006286,19,8,14,983,1,6,2,7,4520634,7081,1,3,44,1,3,3,823,792,5,7,3,65,0,0,0,0,0
201900006287,19,10,23,627,4,4,3,5,4965933,-256671,8,4,7,3,3,1,398,476,5,3,5,96,0,0,0,0,0
201900006288,19,10,8,1414,3,6,8,1,4743952,374643,1,1,6,1,2,1,651,577,1,2,4,24,0,0,0,0,0
201900006289,19,2,5,1694,1,7,4,3,4819497,528454,9,1,32,1,4,3,5,666,1,3,1,4,0,0,0,0,0
201900006290,19,6,28,1713,2,9,5,5,4544185,632450,1,2,22,2,4,2,719,976,3,1,1,53,0,0,0,0,0
201900006291,19,5,21,2082,2,1,1,5,4525130,-307187,7,2,44,3,3,1,235,797,6,3,4,35,0,0,0,0,0
201900006292,19,2,28,1881,5,5,7,4,4677221,-266103,7,4,17,2,1,1,85,773,8,1,4,51,0,0,0,0,0
201900006293,19,9,18,70,1,3,2,1,4941624,689903,5,4,15,1,4,3,148,524,1,2,1,20,0,0,0,0,0