Num_Acc,an,mois,jour,hrmn,lum,int,atm,col,lat,long,catr,circ,nbv,vosp,prof,plan,lartpc,larrout,surf,infra,situ,env1,unscathed,killed,hospital,light,chance
201900006294,19,2,1,2000,1,8,7,7,4687915,681729,6,4,1,1,1,3,141,883,7,5,4,48,0,0,0,0,0
201900006295,19,1,2,834,1,8,7,4,4837697,513873,8,3,50,1,4,2,142,7,6,7,4,52,0,0,0,0,0
201900006296,19,4,18,998,3,6,2,2,4687485,7785,6,3,45,2,4,2,331,170,3,6,4,40,0,0,0,0,0
201900006297,19,7,2,501,3,7,1,5,4449633,-343231,4,3,17,2,3,1,574,208,6,4,3,15,0,0,0,0,0
201900006298,19,12,16,2171,5,9,3,4,4439824,491974,2,4,9,3,1,1,773,351,2,1,4,62,0,0,0,0,0
201900006299,19,2,6,1804,5,1,3,5,4847274,-274285,9,4,44,3,2,1,759,11,5,1,4,36,0,0,0,0,0
201900006300,19,1,22,992,2,3,1,1,4880729,79958,1,4,28,2,1,1,162,643,6,5,4,7,0,0,0,0,0
201900006301,19,10,28,61,4,9,4,6,4967928,130169,2,4,7,2,2,1,89,158,3,5,1,83,0,0,0,0,0
201900006302,19,1,20,523,1,6,5,4,4587346,386565,6,4,20,1,3,2,702,503,4,4,1,41,0,0,0,0,0
201900006303,19,5,1,1497,5,9,2,3,4661672,-14806,2,4,20,3,1,2,247,107,2,3,2,5,0,0,0,0,0
201900006304,19,9,13,1079,2,7,2,7,4864865,37564,3,2,38,1,4,3,179,908,6,6,5,67,0,0,0,0,0
201900006305,19,9,12,2315,1,7,7,2,4666518,561010,2,3,39,1,3,3,552,639,4,6,3,5,0,0,0,0,0
201900006306,19,11,10,538,1,7,2,4,4913700,117355,8,3,37,2,1,2,178,478,4,3,4,15,0,0,0,0,0
201900006307,19,6,21,1546,3,1,1,7,4780974,184628,9,1,6,3,3,4,851,905,9,2,3,81,0,0,0,0,0
201900006308,19,3,16,1373,1,7,4,6,4521432,299449,7,1,3,1,2,3,674,987,2,1,5,40,0,0,0,0,0
201900006309,19,10,26,738,3,7,4,5,4819718,574765,2,2,43,3,4,3,547,693,4,1,3,60,0,0,0,0,0
201900006310,19,4,17,1503,3,4,5,3,4467367,-328770,3,2,31,3,1,4,382,27,3,6,3,71,0,0,0,0,0
201900006311,19,7,4,826,4,2,2,1,4424666,-177156,2,1,4,2,4,3,329,577,6,4,1,69,0,0,0,0,0
201900006312,19,8,9,1394,1,7,3,4,4935202,113528,9,4,41,3,1,2,616,419,6,6,2,63,0,0,0,0,0
201900006313,19,7,14,1104,5,9,4,5,4417165,202673,1,1,13,2,1,3,554,432,2,7,5,90,0,0,0,0,0
201900006314,19,11,23,1093,4,2,3,4,4757547,26797,2,2,17,2,2,1,642,235,3,7,1,75,0,0,0,0,0
201900006315,19,5,16,1802,3,3,6,3,4568989,-196109,3,2,20,1,1,1,546,823,6,1,4,23,0,0,0,0,0
201900006316,19,3,9,1370,4,5,1,6,4579256,576138,1,3,35,1,4,4,105,284,8,5,1,24,0,0,0,0,0
201900006317,19,2,23,1693,5,6,8,4,4434691,-257474,1,3,8,2,1,2,746,804,5,1,4,97,0,0,0,0,0
201900006318,19,10,14,465,2,3,7,1,4893361,350001,6,4,46,1,3,1,278,643,5,1,1,35,0,0,0,0,0
201900006319,19,2,22,1227,3,5,9,6,4600015,107408,1,2,13,2,1,3,83,229,4,1,4,18,0,0,0,0,0
201900006320,19,7,22,210,3,2,7,7,4582017,491922,2,2,24,1,3,1,533,962,2,1,2,58,0,0,0,0,0
201900006321,19,1,12,2241,1,1,3,4,4592259,-292679,8,3,21,1,3,2,775,539,7,3,5,25,0,0,0,0,0
201900006322,19,9,14,246,5,4,5,4,4431566,-303296,3,3,33,1,4,1,266,872,7,5,2,37,0,0,0,0,0
201900006323,19,9,25,1536,3,4,8,6,4533731,156678,2,2,14,2,4,1,455,158,2,2,4,13,0,0,0,0,0
201900006324,19,7,24,910,5,7,9,7,4977697,-94324,9,4,33,2,4,1,538,488,1,5,3,47,0,0,0,0,0
201900006325,19,8,13,1860,1,7,7,1,4438447,464904,6,1,7,1,3,2,728,294,8,5,1,64,0,0,0,0,0
201900006326,19,10,2,2027,5,3,2,6,4445576,190192,1,2,30,3,3,1,716,442,4,7,2,15,0,0,0,0,0
201900006327,19,9,9,1211,5,1,8,7,4456224,374361,1,2,38,2,3,4,299,404,6,5,1,4,0,0,0,0,0
201900006328,19,1,24,2192,5,1,4,3,4435513,-77903,8,1,9,1,2,4,230,837,1,1,4,13,0,0,0,0,0
201900006329,19,7,18,1884,1,7,7,4,4979753,-364468,6,3,50,2,2,3,711,64,2,3,1,42,0,0,0,0,0
201900006330,19,6,26,26,1,4,2,4,4511824,-18107,6,2,2,2,1,4,501,677,7,4,5,51,0,0,0,0,0
201900006331,19,4,7,1089,5,8,8,1,4914501,274378,9,3,10,3,3,4,504,829,4,2,1,91,0,0,0,0,0
201900006332,19,5,8,2214,1,8,4,5,4429597,676800,7,2,31,2,1,3,149,222,9,3,2,40,0,0,0,0,0
201900006333,19,4,11,408,1,5,5,2,4427434,436743,6,2,32,3,3,4,220,423,5,2,5,34,0,0,0,0,0
201900006334,19,6,16,1240,2,6,5,3,4880306,-344383,2,2,31,3,4,1,169,6,1,4,2,1,0,0,0,0,0
201900006335,19,2,9,1120,4,6,8,5,4990533,186277,2,3,3,2,1,2,282,787,4,4,1,94,0,0,0,0,0
201900006336,19,10,16,1532,5,6,1,3,4469058,290647,7,3,52,2,1,4,468,714,4,1,1,42,0,0,0,0,0
201900006337,19,5,23,900,2,3,5,7,4441069,555050,5,4,39,1,2,1,348,732,4,6,4,72,0,0,0,0,0
201900006338,19,3,20,1955,1,7,8,2,4963557,-131777,6,1,33,1,4,4,777,315,6,3,4,38,0,0,0,0,0
201900006339,19,1,16,2122,4,1,4,5,4460207,-146762,4,3,7,1,4,3,497,895,4,4,5,90,0,0,0,0,0
201900006340,19,3,24,1861,5,1,5,2,4409313,87443,5,1,13,2,2,1,553,706,9,5,5,93,0,0,0,0,0
201900006341,19,1,7,2083,2,8,8,6,4612913,-18801,1,4,33,1,1,2,805,390,4,4,3,68,0,0,0,0,0
201900006342,19,8,23,928,2,5,9,1,4863518,568401,4,4,51,3,2,1,41,640,8,6,3,85,0,0,0,0,0
201900006343,19,7,5,456,5,3,8,4,4698678,-136437,4,4,9,2,3,2,465,159,6,2,2,72,0,0,0,0,0
201900006344,19,2,14,2126,4,1,7,1,4741556,533357,7,4,45,3,4,1,852,309,3,1,1,56,0,0,0,0,0
201900006345,19,10,6,1428,2,3,8,1,4459037,-13176,6,1,6,1,2,4,527,130,6,4,2,34,0,0,0,0,0
201900006346,19,9,14,375,4,3,1,5,4843170,211411,7,3,37,1,2,1,509,700,6,3,3,59,0,0,0,0,0
201900006347,19,11,19,1212,1,9,1,6,4800239,-182235,8,4,6,2,2,4,860,656,8,3,5,54,0,0,0,0,0
201900006348,19,9,11,2238,3,2,1,6,4597456,124026,2,4,15,2,3,3,682,366,2,4,3,79,0,0,0,0,0
201900006349,19,1,22,2221,4,5,5,6,4636207,175782,1,3,3,2,4,2,848,312,2,2,5,91,0,0,0,0,0
201900006350,19,9,6,554,3,5,5,5,4493245,442662,2,2,45,2,1,4,776,226,2,1,5,95,0,0,0,0,0
201900006351,19,5,27,1595,5,9,9,2,4984902,138764,4,2,30,3,4,1,205,884,2,4,2,27,0,0,0,0,0
201900006352,19,9,28,654,5,4,7,1,4591202,246475,4,2,23,2,3,4,893,790,2,1,2,23,0,0,0,0,0
201900006353,19,3,23,271,4,7,5,3,4521381,46767,2,4,38,3,3,4,157,673,8,5,4,61,0,0,0,0,0
201900006354,19,1,27,160,1,2,1,2,4422434,-208009,6,3,40,1,4,1,718,850,3,7,4,93,0,0,0,0,0
201900006355,19,3,20,1332,3,8,6,5,4513359,-131094,1,3,33,2,3,2,180,573,4,2,3,34,0,0,0,0,0
201900006356,19,1,2,2084,3,7,4,3,4634149,365022,7,3,13,3,3,2,445,693,1,7,4,66,0,0,0,0,0
201900006357,19,9,13,1141,3,3,2,2,4556938,-107704,2,2,25,1,4,1,580,586,6,7,3,99,0,0,0,0,0
201900006358,19,7,26,1280,2,8,8,3,4861879,44859,5,3,42,3,3,3,568,587,2,6,4,53,0,0,0,0,0
201900006359,19,9,11,643,2,5,7,3,4685085,602764,7,1,24,1,2,3,716,263,4,6,4,3,0,0,0,0,0
201900006360,19,4,11,173,3,4,4,1,4413694,38371,3,1,13,3,4,4,498,786,1,6,1,54,0,0,0,0,0
201900006361,19,1,7,1182,4,7,1,7,4437617,-365502,9,2,16,2,2,3,110,464,1,1,2,10,0,0,0,0,0
201900006362,19,7,23,835,5,8,9,5,4650796,28334,6,2,3,3,1,3,911,133,2,5,5,62,0,0,0,0,0
201900006363,19,2,22,1195,2,7,2,4,4878613,266888,4,1,37,2,1,2,71,863,4,2,1,1,0,0,0,0,0
201900006364,19,11,15,476,5,9,5,4,4629245,497806,8,2,38,3,2,2,148,689,4,2,1,97,0,0,0,0,0
201900006365,19,1,22,835,3,7,2,2,4709165,568846,6,1,6,2,3,2,590,784,8,4,2,15,0,0,0,0,0
201900006366,19,12,14,2251,2,9,4,4,4439582,-189404,3,2,30,1,4,2,335,898,7,7,1,51,0,0,0,0,0
201900006367,19,11,15,788,1,3,7,7,4967323,456909,3,4,3,1,3,1,748,641,3,5,5,37,0,0,0,0,0
201900006368,19,4,4,265,2,7,5,6,4770576,487682,4,4,51,2,2,2,752,934,6,5,1,29,0,0,0,0,0
201900006369,19,5,11,1149,5,6,1,5,4659642,423677,2,3,9,2,4,1,226,80,3,3,4,51,0,0,0,0,0
201900006370,19,1,17,623,5,3,4,6,4513749,339572,8,2,16,1,1,4,705,721,5,4,1,39,0,0,0,0,0
201900006371,19,7,25,329,3,1,4,2,4481626,489294,4,2,2,2,1,2,477,549,7,3,5,57,0,0,0,0,0
201900006372,19,7,18,1361,2,5,7,3,4434908,467428,3,2,24,1,2,2,911,692,4,5,5,9,0,0,0,0,0
201900006373,19,4,1,1277,5,6,2,2,4474150,-29605,7,1,40,2,3,4,725,760,7,7,2,40,0,0,0,0,0
201900006374,19,2,1,505,5,8,2,4,4536900,-6464,1,4,14,1,1,3,157,454,6,5,2,34,0,0,0,0,0
201900006375,19,5,22,2096,1,8,3,6,4422958,-40658,6,1,27,1,2,4,193,429,1,3,1,13,0,0,0,0,0
201900006376,19,12,24,405,3,8,9,5,4407907,468203,1,2,33,1,3,1,796,354,3,3,4,14,0,0,0,0,0
201900006377,19,7,4,1162,2,1,8,1,4804302,267731,5,4,40,1,2,4,860,993,7,1,1,6,0,0,0,0,0
201900006378,19,3,4,221,1,8,5,5,4433906,138809,5,1,38,2,3,1,649,896,6,3,1,21,0,0,0,0,0
201900006379,19,3,2,973,4,8,2,2,4769007,111839,3,4,27,1,2,4,181,624,5,3,2,11,0,0,0,0,0
201900006380,19,7,22,1221,2,7,6,4,4646381,352762,3,4,47,2,3,1,229,552,4,2,3,59,0,0,0,0,0
201900006381,19,1,25,2357,3,5,8,4,4645314,127111,5,3,5,2,4,4,213,177,9,6,4,74,0,0,0,0,0
201900006382,19,2,16,2215,4,7,2,6,4640283,-349218,6,2,48,1,4,4,635,767,7,4,3,16,0,0,0,0,0
201900006383,19,3,9,2357,4,1,5,5,4632297,-26829,1,3,23,3,2,4,533,477,3,4,4,46,0,0,0,0,0
201900006384,19,9,25,12,3,1,8,7,4654621,221366,3,3,20,2,3,2,408,23,3,4,3,59,0,0,0,0,0
201900006385,19,12,24,660,1,6,7,4,4563836,79415,8,1,0,1,3,1,873,643,8,4,1,45,0,0,0,0,0
201900006386,19,6,8,671,5,2,6,3,4502201,455067,3,2,46,3,1,4,711,609,1,2,4,40,0,0,0,0,0
201900006387,19,1,10,1457,4,4,5,5,4647449,-398840,8,4,22,2,1,2,255,735,1,4,2,78,0,0,0,0,0
201900006388,19,11,27,858,2,2,7,1,4917280,380160,5,1,16,2,4,1,758,655,3,6,4,57,0,0,0,0,0
201900006389,19,9,15,2199,2,2,9,6,4877084,182740,7,1,51,1,2,2,237,49,1,4,5,22,0,0,0,0,0
201900006390,19,5,20,541,1,9,5,6,4647908,353943,5,2,13,3,3,1,723,835,4,5,4,59,0,0,0,0,0
201900006391,19,9,4,1400,2,8,6,3,4985467,192127,3,2,4,2,1,4,407,569,7,5,5,33,0,0,0,0,0
201900006392,19,1,1,308,1,9,3,2,4839822,-325155,7,3,27,1,3,4,477,164,7,1,5,78,0,0,0,0,0
201900006393,19,11,7,2278,2,8,9,5,4578604,-261425,5,3,45,1,2,2,811,832,7,5,4,56,0,0,0,0,0
201900006394,19,9,25,1185,4,2,1,2,4523719,489203,1,3,53,3,2,4,480,207,2,1,2,34,0,0,0,0,0
201900006395,19,1,16,1083,2,6,8,3,4848778,-154380,5,2,32,3,1,3,59,174,7,4,2,20,0,0,0,0,0
201900006396,19,10,6,93,4,3,9,4,4826966,-327937,9,2,36,2,4,1,225,454,3,2,4,43,0,0,0,0,0
201900006397,19,3,18,1808,1,9,6,7,4874057,-40262,4,3,31,2,4,3,364,487,7,6,5,2,0,0,0,0,0
201900006398,19,8,6,507,5,4,6,7,4597421,72572,3,3,9,1,4,3,404,95,7,7,5,38,0,0,0,0,0
201900006399,19,2,19,732,1,1,5,5,4957247,26528,8,3,12,2,3,4,898,140,6,4,1,30,0,0,0,0,0
201900006400,19,11,17,1229,4,7,8,7,4652232,138377,5,4,25,2,3,1,641,689,2,5,1,56,0,0,0,0,0
201900006401,19,4,7,349,1,4,4,6,4591588,553166,2,3,8,1,3,2,92,89,8,6,3,16,0,0,0,0,0
201900006402,19,6,5,1918,2,4,8,3,4482260,175053,9,3,8,3,3,2,528,168,8,3,3,52,0,0,0,0,0
201900006403,19,9,5,574,5,2,8,2,4743756,503847,4,4,42,1,1,1,327,40,7,2,5,88,0,0,0,0,0
201900006404,19,3,17,904,4,9,4,5,4559576,-256494,5,2,32,3,2,2,880,31,8,3,2,48,0,0,0,0,0
201900006405,19,11,23,474,3,1,1,4,4699701,648155,8,1,0,2,2,3,600,558,5,4,4,68,0,0,0,0,0
201900006406,19,8,17,1452,3,3,7,7,4511203,-13058,9,1,7,1,4,3,867,212,2,4,2,42,0,0,0,0,0
201900006407,19,3,9,1350,3,7,1,6,4541894,22695,2,2,2,2,2,2,885,658,9,1,2,91,0,0,0,0,0
201900006408,19,10,18,1691,1,3,8,5,4493037,53862,4,1,29,3,3,4,254,717,1,4,5,52,0,0,0,0,0
201900006409,19,10,1,469,3,9,3,1,4439051,490501,4,2,52,1,4,3,833,942,3,5,4,82,0,0,0,0,0
201900006410,19,7,10,106,4,2,6,4,4683155,80442,1,4,44,1,3,2,401,326,5,2,2,9,0,0,0,0,0
201900006411,19,1,6,2081,5,8,2,6,4758859,218365,1,1,44,3,4,3,719,85,3,3,1,53,0,0,0,0,0
201900006412,19,6,19,998,1,3,6,4,4472863,-343455,2,1,36,2,1,2,572,317,3,3,3,26,0,0,0,0,0
201900006413,19,5,17,1507,1,8,1,6,4806191,-102281,6,4,22,2,4,2,885,684,7,4,1,29,0,0,0,0,0
201900006414,19,9,23,2287,5,6,6,5,4602438,441361,9,4,12,2,2,2,882,697,6,1,1,38,0,0,0,0,0
201900006415,19,3,9,909,5,6,5,7,4631155,45138,7,4,4,1,4,1,309,208,3,5,3,57,0,0,0,0,0
201900006416,19,11,26,243,4,1,8,4,4576401,442646,8,2,33,2,2,3,218,819,1,5,1,42,0,0,0,0,0
201900006417,19,2,21,360,5,8,9,4,4466418,-336307,1,2,1,2,4,2,647,672,5,4,5,94,0,0,0,0,0
201900006418,19,9,11,1887,5,1,4,1,4856574,536368,7,2,33,2,3,3,175,186,1,6,4,90,0,0,0,0,0
201900006419,19,8,26,1887,3,7,8,2,4643120,83190,8,1,12,3,2,3,131,37,9,2,5,83,0,0,0,0,0
201900006420,19,4,6,824,3,4,4,4,4765454,171753,5,1,15,3,3,4,323,214,1,6,4,55,0,0,0,0,0
201900006421,19,12,18,836,4,7,6,4,4508106,-20302,7,4,32,3,2,3,387,159,8,6,1,25,0,0,0,0,0
201900006422,19,1,24,624,3,5,3,2,4868899,299721,4,2,19,1,4,4,45,639,3,3,3,52,0,0,0,0,0
201900006423,19,10,28,2178,4,2,2,2,4432572,404746,9,3,9,2,1,4,221,867,7,2,1,91,0,0,0,0,0
201900006424,19,1,21,589,3,7,8,3,4696818,13420,4,2,10,1,4,4,900,723,5,1,2,5,0,0,0,0,0
201900006425,19,8,8,1384,1,5,6,1,4804824,-140405,6,2,9,1,1,2,806,353,7,5,5,46,0,0,0,0,0
201900006426,19,10,28,375,2,4,8,5,4476459,220403,6,3,26,1,1,1,681,591,8,6,3,45,0,0,0,0,0
201900006427,19,1,23,495,5,5,6,2,4609857,-76636,2,2,51,3,2,3,711,346,4,3,3,8,0,0,0,0,0
201900006428,19,5,6,207,5,4,1,4,4765555,447075,1,4,22,3,4,3,443,398,5,1,2,57,0,0,0,0,0
201900006429,19,10,3,1583,3,2,4,3,4502537,266929,2,2,46,2,2,1,119,635,7,3,5,79,0,0,0,0,0
201900006430,19,11,14,1820,3,9,2,7,4691583,608471,2,4,20,2,1,2,410,114,8,2,5,23,0,0,0,0,0
201900006431,19,4,15,1165,3,5,7,7,4848464,197795,9,3,40,2,1,1,122,929,8,1,2,41,0,0,0,0,0
201900006432,19,3,14,391,2,8,4,1,4828755,-59806,5,3,13,1,2,3,53,880,7,6,3,49,0,0,0,0,0
201900006433,19,10,17,520,4,6,8,4,4597254,94956,5,3,9,2,4,3,715,371,9,1,2,41,0,0,0,0,0
201900006434,19,4,4,627,5,8,2,4,4874312,476381,4,4,9,2,4,4,593,922,9,5,2,71,0,0,0,0,0
201900006435,19,9,11,2047,2,2,5,5,4631544,-108407,9,1,13,2,2,2,590,705,3,4,4,68,0,0,0,0,0
201900006436,19,7,26,1786,3,9,3,2,4693614,-154492,1,3,16,2,1,4,458,196,6,3,1,41,0,0,0,0,0
201900006437,19,11,14,1365,5,8,2,5,4571770,-303704,1,2,27,1,3,1,97,372,8,1,4,28,0,0,0,0,0
201900006438,19,9,21,217,3,9,6,4,4734695,490376,8,2,15,3,1,3,747,605,8,1,4,47,0,0,0,0,0
201900006439,19,12,17,2308,1,1,1,6,4999035,191429,2,3,38,1,4,2,334,447,7,4,5,90,0,0,0,0,0
201900006440,19,6,28,316,3,9,7,6,4870737,398817,9,2,16,1,4,1,576,61,6,2,1,86,0,0,0,0,0
201900006441,19,7,24,403,4,8,6,6,4772072,243840,7,4,16,3,1,4,473,40,8,6,4,76,0,0,0,0,0
201900006442,19,1,6,123,4,6,9,3,4519960,482724,1,3,17,1,3,4,436,492,8,7,2,13,0,0,0,0,0
201900006443,19,7,1,2264,3,9,8,5,4645610,465854,2,3,41,2,4,2,150,538,6,5,1,45,0,0,0,0,0
201900006444,19,4,25,1002,4,6,4,6,4753616,19139,4,1,12,1,1,2,767,635,1,3,5,98,0,0,0,0,0
201900006445,19,7,4,411,1,4,1,2,4650114,-264108,4,3,38,3,1,2,873,303,7,3,1,51,0,0,0,0,0
201900006446,19,6,8,1396,1,4,6,1,4904877,184420,5,2,25,2,4,3,835,976,4,7,3,27,0,0,0,0,0
201900006447,19,7,3,2274,4,3,1,6,4818491,360058,3,2,45,2,3,4,33,721,4,1,1,42,0,0,0,0,0
201900006448,19,8,27,376,3,5,8,7,4755750,512143,2,2,36,3,2,4,295,50,9,2,3,88,0,0,0,0,0
201900006449,19,7,15,134,1,2,4,2,4461925,-248327,3,2,34,1,3,4,306,217,9,1,4,52,0,0,0,0,0
201900006450,19,11,15,2192,1,1,6,7,4738884,593689,5,4,11,1,4,3,677,211,7,3,1,67,0,0,0,0,0
201900006451,19,5,13,946,4,9,5,4,4978067,-200540,5,3,3,3,4,3,64,55,2,5,4,9,0,0,0,0,0
201900006452,19,10,2,444,2,1,2,7,4580739,573811,5,2,22,1,4,4,357,324,5,5,4,85,0,0,0,0,0
201900006453,19,11,26,1533,4,9,8,3,4936924,327223,4,4,28,1,4,1,910,745,6,3,4,60,0,0,0,0,0
201900006454,19,5,6,80,5,3,2,2,4517684,-173400,8,1,33,1,2,4,106,748,6,2,2,88,0,0,0,0,0
201900006455,19,9,10,1578,3,1,4,1,4691063,115282,8,1,10,3,3,1,714,221,5,2,5,38,0,0,0,0,0
201900006456,19,5,2,1857,3,6,6,3,4944878,501768,3,2,49,1,2,2,478,660,2,5,1,40,0,0,0,0,0
201900006457,19,1,11,1940,4,2,6,2,4655765,-270924,7,1,47,1,3,1,120,431,4,5,2,43,0,0,0,0,0
201900006458,19,7,25,1027,4,1,4,4,4824274,581380,7,3,1,3,4,1,834,894,1,4,1,8,0,0,0,0,0
201900006459,19,8,9,1466,2,3,9,5,4886863,-61243,8,3,48,3,3,3,263,574,4,7,5,80,0,0,0,0,0
201900006460,19,2,26,2150,1,2,3,7,4449403,-61505,5,2,0,1,1,3,84,520,1,5,2,35,0,0,0,0,0
201900006461,19,8,9,2025,2,5,3,4,4582983,375934,6,4,27,1,2,3,238,952,1,6,2,42,0,0,0,0,0
201900006462,19,1,17,774,5,8,5,7,4514992,346433,6,2,35,2,3,1,861,964,2,3,4,8,0,0,0,0,0
201900006463,19,2,26,343,5,4,9,2,4488015,123715,8,4,2,3,2,1,476,702,2,6,5,2,0,0,0,0,0
201900006464,19,7,1,378,5,4,5,2,4939401,-167612,5,4,23,3,3,2,147,593,2,1,2,6,0,0,0,0,0
201900006465,19,6,22,942,2,2,7,5,4944508,585940,2,1,39,2,3,2,531,927,1,4,4,67,0,0,0,0,0
201900006466,19,5,5,251,1,1,6,2,4993756,124383,1,4,39,1,3,3,248,33,6,2,3,81,0,0,0,0,0
201900006467,19,9,22,397,5,8,6,1,4871371,304691,9,2,34,2,1,2,424,39,6,5,1,21,0,0,0,0,0
201900006468,19,6,25,427,1,9,5,6,4785451,-299466,7,4,39,3,2,2,845,984,6,1,1,91,0,0,0,0,0
201900006469,19,12,18,2203,5,5,9,3,4704909,-175183,6,4,38,1,4,1,703,837,3,3,2,83,0,0,0,0,0
201900006470,19,7,8,2075,3,9,7,5,4490414,-365891,2,3,48,3,4,3,81,76,4,6,3,11,0,0,0,0,0
201900006471,19,5,26,509,1,3,3,4,4494062,537957,5,3,10,2,3,1,263,420,6,5,5,26,0,0,0,0,0
201900006472,19,12,23,2196,3,8,4,6,4880235,338020,6,2,22,3,2,3,585,928,8,3,1,13,0,0,0,0,0
201900006473,19,12,9,1874,4,5,9,3,4525414,-83290,8,2,25,1,4,2,305,307,9,6,5,54,0,0,0,0,0
201900006474,19,11,20,1762,1,7,3,3,4898374,-187763,3,1,16,2,2,1,759,113,7,5,3,36,0,0,0,0,0
201900006475,19,4,21,2145,1,7,4,3,4551630,496684,7,3,18,3,1,3,194,797,7,2,3,99,0,0,0,0,0
201900006476,19,9,10,89,2,9,9,1,4722051,-12341,7,3,43,1,3,3,370,305,9,4,1,89,0,0,0,0,0
201900006477,19,9,5,112,2,6,7,7,4868177,-249390,1,1,16,1,1,1,129,809,8,3,5,0,0,0,0,0,0
201900006478,19,2,8,744,3,3,4,4,4598336,-182896,1,3,7,3,4,3,764,785,4,5,2,92,0,0,0,0,0
201900006479,19,4,13,105,5,8,1,5,4942632,320094,6,3,19,3,3,3,457,839,7,5,2,75,0,0,0,0,0
201900006480,19,8,12,2339,5,9,4,1,4628101,443112,2,3,26,2,1,3,158,946,4,6,4,17,0,0,0,0,0
201900006481,19,5,2,682,4,9,1,3,4562085,369659,5,4,12,3,2,3,853,193,7,3,2,87,0,0,0,0,0
201900006482,19,2,7,2117,2,1,7,1,4614033,52174,1,1,9,3,2,2,746,199,2,5,3,50,0,0,0,0,0
201900006483,19,7,25,2267,2,6,4,6,4935561,593957,3,4,4,3,1,2,199,553,3,3,1,70,0,0,0,0,0
201900006484,19,6,15,2082,2,4,6,6,4453075,423390,4,3,45,1,2,4,100,417,2,3,1,66,0,0,0,0,0
201900006485,19,6,19,1332,2,1,8,7,4643610,-267147,5,2,39,1,4,3,671,946,4,4,4,98,0,0,0,0,0
201900006486,19,11,3,1355,4,2,1,1,4443541,656469,2,4,29,2,4,3,761,489,4,7,5,99,0,0,0,0,0
201900006487,19,8,10,2249,4,9,2,6,4411802,582578,6,3,30,1,1,3,644,154,7,1,2,73,0,0,0,0,0
201900006488,19,8,20,85,4,4,3,2,4459443,-270213,3,2,7,1,1,4,543,694,9,5,2,10,0,0,0,0,0
201900006489,19,9,19,1217,4,9,6,7,4731764,685820,1,4,12,2,1,1,735,832,4,6,2,36,0,0,0,0,0
201900006490,19,9,1,535,1,1,2,1,4473300,-203350,7,3,3,3,2,3,741,418,8,2,4,11,0,0,0,0,0
201900006491,19,2,15,870,5,3,3,3,4894416,-367072,9,1,46,1,4,2,831,665,6,4,2,61,0,0,0,0,0
201900006492,19,11,18,877,1,2,2,7,4688242,229782,5,1,28,3,2,4,497,687,2,2,2,62,0,0,0,0,0
201900006493,19,4,10,1625,2,9,4,1,4845568,8310,6,1,14,1,3,1,721,981,2,4,5,99,0,0,0,0,0
201900006494,19,3,18,2088,1,2,8,2,4569885,450223,3,4,8,1,4,3,693,685,4,1,4,57,0,0,0,0,0
201900006495,19,7,26,1853,4,2,4,4,4697933,696087,6,1,47,1,4,3,227,138,4,6,3,95,0,0,0,0,0
201900006496,19,5,25,915,3,9,7,7,4699506,118220,4,1,23,3,2,4,812,526,8,2,2,59,0,0,0,0,0
201900006497,19,3,23,1359,3,1,5,1,4797995,302369,6,3,48,3,1,4,396,845,5,4,3,25,0,0,0,0,0
201900006498,19,1,22,1320,1,5,6,4,4763176,282913,2,1,28,1,4,2,425,314,3,4,2,2,0,0,0,0,0
201900006499,19,12,5,1122,1,1,6,6,4877653,685724,9,1,21,3,1,3,376,50,1,6,4,56,0,0,0,0,0
201900006500,19,5,20,1781,3,3,4,4,4551181,-253765,5,1,4,2,4,3,212,431,3,7,5,0,0,0,0,0,0
201900006501,19,4,16,614,1,9,1,6,4994833,-23377,9,3,42,3,1,3,109,858,7,1,2,63,0,0,0,0,0
201900006502,19,3,25,988,3,7,8,2,4930796,298154,4,3,17,1,1,1,876,833,8,4,4,25,0,0,0,0,0
201900006503,19,5,25,1724,4,8,2,3,4713273,179747,6,1,49,2,3,3,486,260,4,7,3,67,0,0,0,0,0
201900006504,19,12,9,1721,4,2,3,6,4773530,658618,4,2,7,2,2,4,638,162,5,5,3,99,0,0,0,0,0
201900006505,19,1,21,742,4,1,7,6,4787937,617557,9,4,44,3,1,4,792,154,5,7,3,75,0,0,0,0,0
201900006506,19,12,13,1102,3,7,9,2,4778379,62023,8,2,28,2,3,1,643,631,3,6,4,20,0,0,0,0,0
201900006507,19,7,2,2011,5,1,3,7,4940635,624474,8,4,38,2,1,3,291,234,1,7,1,24,0,0,0,0,0