Num_Acc,an,mois,jour,hrmn,lum,int,atm,col,lat,long,catr,circ,nbv,vosp,prof,plan,lartpc,larrout,surf,infra,situ,env1,unscathed,killed,hospital,light,chance
201900006508,19,12,15,2176,5,1,5,2,4448535,-111214,7,1,30,3,3,1,902,147,3,3,5,65,0,0,0,0,0
201900006509,19,5,9,474,4,7,3,7,4943292,-242227,6,3,43,3,4,3,482,744,3,7,3,46,0,0,0,0,0
201900006510,19,7,7,1006,5,3,2,5,4817650,151222,8,3,44,2,1,1,141,409,8,5,1,89,0,0,0,0,0
201900006511,19,2,7,304,5,8,2,3,4475875,-77454,2,3,25,1,3,3,699,899,1,1,1,63,0,0,0,0,0
201900006512,19,6,10,215,5,4,7,2,4793832,674120,6,4,3,3,2,4,319,703,4,4,3,67,0,0,0,0,0
201900006513,19,4,28,553,3,5,2,6,4530985,425079,4,2,14,3,2,1,389,128,7,3,3,51,0,0,0,0,0
201900006514,19,12,15,2338,2,3,9,1,4736169,520712,8,1,17,2,1,2,595,607,4,5,1,52,0,0,0,0,0
201900006515,19,11,20,724,3,1,3,3,4407044,230296,6,4,6,1,4,1,633,51,9,2,2,83,0,0,0,0,0
201900006516,19,7,16,1092,3,7,3,6,4597900,419507,5,3,51,2,4,4,649,515,3,2,3,62,0,0,0,0,0
201900006517,19,11,8,135,2,2,2,7,4583806,-162811,5,2,11,1,4,1,323,743,1,1,2,66,0,0,0,0,0
201900006518,19,10,14,1573,2,7,8,1,4731207,-16664,8,4,40,1,2,1,834,442,6,7,3,2,0,0,0,0,0
201900006519,19,6,4,1,2,3,1,6,4602208,-301452,7,3,18,3,4,2,504,548,8,2,3,83,0,0,0,0,0
201900006520,19,3,27,2193,4,2,7,5,4594933,379349,7,2,4,2,4,2,774,252,3,7,3,56,0,0,0,0,0
201900006521,19,4,13,1388,1,8,2,2,4991884,-265994,5,2,42,2,4,1,688,131,1,7,1,83,0,0,0,0,0
201900006522,19,9,26,222,5,5,2,5,4623009,288641,6,4,31,2,2,4,837,821,5,6,3,42,0,0,0,0,0
201900006523,19,4,2,1326,3,8,9,2,4574722,320530,5,4,24,2,4,1,585,967,4,3,5,74,0,0,0,0,0
201900006524,19,3,19,1584,2,4,8,5,4889260,230693,4,1,7,3,3,4,5,606,6,2,2,89,0,0,0,0,0
201900006525,19,9,23,607,3,9,8,3,4725299,-374675,9,1,28,3,2,4,868,207,8,2,1,61,0,0,0,0,0
201900006526,19,3,9,20,2,7,4,7,4662413,18962,4,2,37,1,2,1,132,543,7,7,1,90,0,0,0,0,0
201900006527,19,7,10,813,4,2,3,6,4683070,-336733,5,4,20,2,2,1,699,434,4,5,2,3,0,0,0,0,0
201900006528,19,1,26,2287,2,8,3,7,4666507,-388015,2,4,11,2,2,3,447,92,3,1,5,38,0,0,0,0,0
201900006529,19,9,1,2087,5,4,5,3,4924244,139501,5,4,29,2,4,1,860,943,3,4,1,28,0,0,0,0,0
201900006530,19,1,24,1874,2,4,2,5,4760247,125437,2,4,36,3,1,2,36,958,7,2,2,82,0,0,0,0,0
201900006531,19,9,4,1003,2,4,2,3,4464966,681826,9,2,27,2,1,4,209,557,1,2,3,9,0,0,0,0,0
201900006532,19,8,26,1921,5,8,3,2,4920141,-276893,2,1,1,1,1,4,47,589,9,5,2,19,0,0,0,0,0
201900006533,19,8,13,569,4,2,4,3,4898157,-132411,7,2,30,3,1,4,365,283,5,4,1,59,0,0,0,0,0
201900006534,19,3,16,118,1,3,9,4,4528789,-139043,1,2,44,3,1,4,850,17,1,3,5,97,0,0,0,0,0
201900006535,19,9,9,1293,1,1,3,1,4582974,118551,2,1,5,1,1,2,543,655,1,4,2,46,0,0,0,0,0
201900006536,19,11,18,627,3,4,9,6,4905197,-370459,4,4,32,1,4,2,188,929,7,6,1,33,0,0,0,0,0
201900006537,19,11,2,2288,1,6,5,2,4614484,133871,5,2,17,1,1,3,816,351,6,4,1,78,0,0,0,0,0
201900006538,19,9,2,1095,2,8,8,4,4547252,532366,8,3,19,2,2,3,651,839,9,4,3,6,0,0,0,0,0
201900006539,19,1,16,941,4,8,1,7,4643790,-274433,5,2,17,2,4,1,771,623,3,1,3,21,0,0,0,0,0
201900006540,19,7,6,885,2,1,4,4,4800593,410809,5,2,53,1,3,1,770,270,1,4,1,77,0,0,0,0,0
201900006541,19,1,19,1461,5,8,8,5,4513032,-213117,7,4,0,3,4,3,909,574,5,6,4,41,0,0,0,0,0
201900006542,19,10,3,217,4,2,7,3,4709340,-50161,9,2,46,1,4,2,697,827,4,2,3,0,0,0,0,0,0
201900006543,19,6,13,1499,5,8,7,4,4436738,85520,5,3,15,1,2,2,822,587,2,4,3,47,0,0,0,0,0
201900006544,19,6,10,1032,4,8,4,5,4682376,363211,7,4,53,1,3,2,332,336,9,6,3,21,0,0,0,0,0
201900006545,19,6,24,2299,4,4,9,7,4749334,82204,8,1,15,3,3,1,837,337,6,2,4,48,0,0,0,0,0
201900006546,19,6,25,1913,4,9,7,2,4781831,99845,8,1,1,2,2,4,712,847,8,3,4,85,0,0,0,0,0
201900006547,19,10,16,1855,2,7,6,1,4850887,461322,3,4,0,2,2,2,169,390,9,4,1,95,0,0,0,0,0
201900006548,19,1,22,14,1,9,8,1,4587603,675405,2,4,34,2,3,1,244,527,2,2,2,60,0,0,0,0,0
201900006549,19,8,11,1782,2,9,1,1,4555802,37036,1,3,5,2,2,1,654,260,8,7,2,66,0,0,0,0,0
201900006550,19,3,14,1786,2,9,8,2,4471169,600050,4,1,15,3,3,4,431,522,2,4,2,85,0,0,0,0,0
201900006551,19,7,27,422,1,9,5,3,4415694,54845,2,3,39,3,1,2,229,722,7,2,5,21,0,0,0,0,0
201900006552,19,5,1,255,4,5,1,6,4903126,615983,9,3,16,2,2,1,720,934,2,4,1,43,0,0,0,0,0
201900006553,19,6,6,1633,1,4,8,4,4903852,650034,1,2,34,2,4,2,913,230,1,3,5,14,0,0,0,0,0
201900006554,19,4,8,1665,4,6,9,6,4948583,327784,5,3,35,3,2,2,898,931,5,7,2,20,0,0,0,0,0
201900006555,19,11,9,2284,1,1,8,7,4670022,-10992,4,4,17,2,3,1,622,953,2,4,4,47,0,0,0,0,0
201900006556,19,12,16,1109,4,6,2,1,4452001,361993,9,3,4,3,3,4,382,666,2,4,1,97,0,0,0,0,0
201900006557,19,2,16,361,5,4,9,3,4789296,121409,6,2,35,3,2,1,632,157,8,5,5,2,0,0,0,0,0
201900006558,19,1,14,857,5,2,4,1,4784137,34533,4,2,27,2,1,1,557,761,6,3,4,79,0,0,0,0,0
201900006559,19,6,14,1518,1,4,9,4,4990066,488996,3,4,34,2,1,4,776,803,6,5,2,10,0,0,0,0,0
201900006560,19,9,14,1945,4,2,2,1,4452956,378515,7,3,31,2,4,2,168,881,1,5,5,78,0,0,0,0,0
201900006561,19,7,6,536,1,9,9,1,4603191,-368049,4,1,40,3,1,4,252,197,8,1,3,85,0,0,0,0,0
201900006562,19,10,9,2254,1,9,4,6,4724588,699664,9,2,11,3,3,2,755,805,7,6,3,77,0,0,0,0,0
201900006563,19,2,7,655,4,8,9,2,4897142,42131,3,4,33,1,3,2,264,945,2,4,3,9,0,0,0,0,0
201900006564,19,12,16,1444,4,2,3,2,4591114,455580,7,4,46,1,4,3,717,914,2,3,3,17,0,0,0,0,0
201900006565,19,2,22,1474,3,1,9,2,4422795,71217,3,1,36,1,3,2,223,796,1,5,1,98,0,0,0,0,0
201900006566,19,12,1,1857,4,2,6,1,4926620,-143682,8,3,6,1,4,2,790,832,7,6,4,11,0,0,0,0,0
201900006567,19,6,1,2118,4,5,4,4,4699525,79164,8,3,43,2,1,3,897,121,5,4,3,34,0,0,0,0,0
201900006568,19,4,19,1276,1,1,3,1,4872527,-268103,3,3,24,3,1,2,894,711,3,3,3,61,0,0,0,0,0
201900006569,19,1,9,2334,3,4,5,3,4521341,-244370,5,1,21,2,1,2,257,198,9,1,2,93,0,0,0,0,0
201900006570,19,3,28,1511,3,9,1,1,4562527,-245835,3,2,16,2,1,2,760,578,6,4,4,17,0,0,0,0,0
201900006571,19,8,24,300,4,3,4,6,4696877,251503,7,2,5,3,3,3,598,881,1,1,4,36,0,0,0,0,0
201900006572,19,12,13,297,5,7,2,3,4672439,548619,6,2,31,1,3,4,282,753,3,1,4,55,0,0,0,0,0
201900006573,19,5,28,431,2,8,2,3,4777951,367156,2,1,34,2,4,2,29,171,4,5,4,19,0,0,0,0,0
201900006574,19,3,2,1483,5,6,3,5,4547917,658938,1,3,17,1,2,1,60,907,7,5,2,41,0,0,0,0,0
201900006575,19,6,10,961,3,6,8,7,4797593,82619,1,4,41,3,4,2,573,7,2,2,2,66,0,0,0,0,0
201900006576,19,4,17,758,3,8,4,6,4764847,597185,7,2,35,2,1,1,223,725,2,7,2,18,0,0,0,0,0
201900006577,19,11,18,2262,3,4,8,5,4553109,165115,3,3,24,1,3,3,223,107,3,4,2,89,0,0,0,0,0
201900006578,19,12,26,1248,2,1,1,7,4719962,-188574,9,1,34,3,2,4,681,754,3,4,3,44,0,0,0,0,0
201900006579,19,9,10,1518,5,9,7,5,4564451,290449,6,1,5,2,4,1,689,625,8,1,2,83,0,0,0,0,0
201900006580,19,1,4,586,3,4,4,3,4535835,574352,7,1,25,3,3,2,34,801,5,7,3,39,0,0,0,0,0
201900006581,19,1,4,2165,5,8,2,3,4455232,221098,1,4,39,2,3,1,510,659,8,2,2,92,0,0,0,0,0
201900006582,19,11,16,2308,4,4,4,4,4898292,-330728,1,1,14,3,2,2,311,463,6,4,3,37,0,0,0,0,0
201900006583,19,2,26,934,5,7,6,7,4836504,107699,7,1,26,3,4,2,530,652,6,7,3,45,0,0,0,0,0
201900006584,19,8,14,1931,5,8,9,6,4783517,-288633,9,1,23,1,4,4,416,649,8,5,2,23,0,0,0,0,0
201900006585,19,7,19,339,2,8,3,4,4723897,267783,8,3,49,3,3,3,236,489,9,5,5,33,0,0,0,0,0
201900006586,19,5,15,386,1,4,9,3,4937072,491637,3,1,29,1,4,3,100,172,8,6,5,90,0,0,0,0,0
201900006587,19,9,12,2079,4,3,9,7,4815812,408111,7,1,9,1,1,1,680,393,9,2,1,10,0,0,0,0,0
201900006588,19,11,1,1111,3,3,2,7,4969976,590892,4,2,13,2,4,2,312,230,1,2,2,98,0,0,0,0,0
201900006589,19,3,26,799,1,7,7,4,4970882,246072,9,4,41,1,3,4,414,693,5,7,4,31,0,0,0,0,0
201900006590,19,6,7,2064,1,9,1,3,4716353,89643,8,1,29,1,4,4,757,290,3,6,1,73,0,0,0,0,0
201900006591,19,8,11,1474,3,2,3,1,4421718,170932,5,4,40,1,1,1,705,624,6,2,3,85,0,0,0,0,0
201900006592,19,4,13,1333,2,5,6,3,4799687,460332,7,2,21,1,1,2,170,5,7,2,5,39,0,0,0,0,0
201900006593,19,1,28,1927,4,6,3,3,4561504,616841,6,4,30,3,3,2,801,578,6,2,5,95,0,0,0,0,0
201900006594,19,7,15,1936,5,5,7,2,4478961,-136914,5,1,37,2,2,2,718,371,1,6,1,60,0,0,0,0,0
201900006595,19,3,7,1685,4,4,2,2,4547502,-267886,6,3,53,1,1,4,876,519,9,1,1,30,0,0,0,0,0
201900006596,19,3,18,475,3,6,9,1,4870367,-230182,9,1,42,1,3,4,870,311,7,3,5,72,0,0,0,0,0
201900006597,19,10,26,655,1,8,5,5,4595739,86877,7,1,4,2,3,2,334,547,1,1,1,43,0,0,0,0,0
201900006598,19,1,15,829,4,9,4,6,4444674,-77227,7,2,0,1,1,3,819,551,5,4,1,85,0,0,0,0,0
201900006599,19,5,11,903,1,5,5,2,4437328,-261371,7,2,3,1,2,4,891,999,3,7,1,86,0,0,0,0,0
201900006600,19,8,26,649,4,8,3,2,4627227,350901,5,2,31,1,2,1,239,791,8,6,5,57,0,0,0,0,0
201900006601,19,10,24,1516,4,5,4,4,4508831,-98471,6,2,47,3,3,2,651,588,1,6,1,96,0,0,0,0,0
201900006602,19,8,4,2351,4,5,3,6,4822990,607983,3,2,42,2,1,2,287,879,3,3,4,78,0,0,0,0,0
201900006603,19,10,27,309,5,5,5,6,4587666,63805,1,4,31,2,3,4,70,684,3,7,3,75,0,0,0,0,0
201900006604,19,5,16,2114,5,7,4,7,4701940,-261730,2,4,16,1,3,2,569,984,1,7,4,25,0,0,0,0,0
201900006605,19,5,24,560,4,5,4,3,4406490,475606,2,4,36,3,1,4,180,357,8,2,1,51,0,0,0,0,0
201900006606,19,11,18,284,5,6,6,2,4681932,-266204,1,3,1,3,3,2,551,519,6,6,5,95,0,0,0,0,0
201900006607,19,12,18,40,5,1,2,2,4505810,537074,7,2,24,1,1,3,105,192,9,6,3,45,0,0,0,0,0
201900006608,19,9,14,613,1,2,6,2,4799936,317644,7,1,12,2,3,3,713,40,9,6,2,55,0,0,0,0,0
201900006609,19,1,13,2342,2,9,7,2,4448748,-75218,6,4,31,3,3,4,447,505,6,7,3,70,0,0,0,0,0
201900006610,19,2,13,1408,4,8,7,3,4446167,-358043,9,1,49,1,3,1,374,334,9,3,5,75,0,0,0,0,0
201900006611,19,2,1,1148,2,1,2,1,4576401,-331666,9,2,0,3,3,2,474,267,6,1,5,53,0,0,0,0,0
201900006612,19,8,20,387,1,4,7,4,4494260,459465,3,1,31,2,1,1,188,286,6,6,4,66,0,0,0,0,0
201900006613,19,10,10,1394,5,8,4,6,4741467,640355,5,3,17,2,2,3,881,461,3,5,2,62,0,0,0,0,0
201900006614,19,2,26,1629,2,8,8,6,4769352,-298285,8,3,43,2,1,2,51,448,3,3,2,94,0,0,0,0,0
201900006615,19,12,13,621,4,1,4,4,4550076,619062,7,1,38,1,2,3,375,448,4,6,2,80,0,0,0,0,0
201900006616,19,2,23,220,3,9,8,4,4930016,84376,9,2,16,1,3,1,288,433,2,4,2,88,0,0,0,0,0
201900006617,19,12,22,1464,3,2,1,5,4870585,14063,6,1,49,2,1,3,450,160,9,4,4,79,0,0,0,0,0
201900006618,19,6,23,1658,5,9,8,6,4605142,400668,6,4,9,1,3,4,11,527,6,7,5,22,0,0,0,0,0
201900006619,19,7,14,846,3,1,2,3,4411246,-127874,2,3,49,1,3,2,789,442,8,3,1,26,0,0,0,0,0
201900006620,19,10,5,1980,3,3,1,1,4595684,403401,7,4,17,1,4,2,881,807,8,4,4,75,0,0,0,0,0
201900006621,19,4,20,2329,1,2,2,7,4566926,502658,6,1,40,1,3,4,22,547,6,2,3,53,0,0,0,0,0
201900006622,19,2,16,552,1,1,3,2,4461314,441664,6,4,50,2,2,3,591,235,8,4,5,15,0,0,0,0,0
201900006623,19,5,16,2219,4,9,5,5,4607643,185767,2,2,48,1,4,3,835,300,1,4,1,86,0,0,0,0,0
201900006624,19,5,8,1267,4,1,6,3,4599000,514081,1,1,43,1,4,4,904,979,4,3,4,83,0,0,0,0,0
201900006625,19,11,17,1814,2,2,1,7,4461881,-227751,7,1,29,1,1,4,749,103,9,7,5,73,0,0,0,0,0
201900006626,19,4,23,254,4,9,7,4,4806073,223757,1,4,34,1,2,3,195,792,6,4,1,71,0,0,0,0,0
201900006627,19,6,18,2290,5,9,1,2,4553940,491096,5,1,32,1,3,1,454,852,1,5,5,54,0,0,0,0,0
201900006628,19,6,2,1144,2,8,1,5,4551526,-377504,1,1,22,2,2,4,274,68,9,4,2,65,0,0,0,0,0
201900006629,19,8,12,525,3,1,8,7,4575330,373362,9,2,30,2,3,4,664,880,8,4,1,47,0,0,0,0,0
201900006630,19,11,9,511,4,5,3,7,4664323,-259287,3,4,6,2,1,4,870,452,6,6,1,61,0,0,0,0,0
201900006631,19,8,24,1691,4,6,4,7,4537880,-228102,6,1,26,3,3,3,720,211,7,1,2,90,0,0,0,0,0
201900006632,19,10,25,846,3,1,5,7,4667152,-61087,3,3,28,3,4,3,617,55,3,3,1,96,0,0,0,0,0
201900006633,19,10,10,529,5,3,6,2,4588356,125163,5,2,9,1,1,1,335,342,7,3,3,36,0,0,0,0,0
201900006634,19,11,11,1568,4,9,4,2,4979899,-105916,7,1,9,3,3,2,474,548,4,7,5,17,0,0,0,0,0
201900006635,19,2,13,1263,2,1,3,1,4778265,-130732,1,3,29,3,2,3,619,422,9,2,5,60,0,0,0,0,0
201900006636,19,10,25,1286,3,8,3,2,4670013,266297,8,1,6,2,4,2,527,172,8,7,5,42,0,0,0,0,0
201900006637,19,10,21,2156,3,7,9,2,4431695,-129317,1,1,52,2,4,1,711,211,5,5,5,20,0,0,0,0,0
201900006638,19,1,10,2356,2,4,7,1,4606711,52684,8,1,10,2,2,3,679,706,2,4,2,24,0,0,0,0,0
201900006639,19,8,6,1076,3,1,2,7,4448358,-43143,2,3,25,2,4,3,539,772,5,6,4,23,0,0,0,0,0
201900006640,19,6,5,2230,5,1,1,3,4577293,698255,9,2,17,3,2,1,459,494,1,6,5,85,0,0,0,0,0
201900006641,19,12,16,916,1,7,6,3,4758449,-76456,6,1,24,2,4,4,891,805,7,5,3,97,0,0,0,0,0
201900006642,19,12,2,736,4,2,2,7,4761610,57440,5,1,18,2,1,3,903,955,9,6,3,41,0,0,0,0,0
201900006643,19,11,16,1126,1,5,8,7,4978177,183147,7,3,30,3,2,4,841,309,2,2,2,50,0,0,0,0,0
201900006644,19,10,11,29,5,1,1,4,4400040,-32866,8,2,43,1,4,1,913,788,6,2,5,52,0,0,0,0,0
201900006645,19,1,26,2352,1,1,4,3,4926760,534541,6,1,19,3,2,4,587,391,9,7,1,36,0,0,0,0,0
201900006646,19,8,12,960,2,2,1,7,4527332,1599,6,3,16,3,2,2,280,439,6,3,1,59,0,0,0,0,0
201900006647,19,1,5,927,4,6,5,5,4713663,238939,9,4,14,2,2,1,830,121,5,5,1,90,0,0,0,0,0
201900006648,19,4,3,726,2,1,3,2,4458485,-142362,6,3,42,2,1,3,205,452,3,7,4,12,0,0,0,0,0
201900006649,19,9,11,883,3,8,3,7,4405572,674743,4,3,22,3,4,2,825,756,6,4,3,22,0,0,0,0,0
201900006650,19,11,11,1462,5,1,8,7,4805312,-100992,4,4,28,2,3,2,728,807,8,5,3,44,0,0,0,0,0
201900006651,19,7,10,750,3,9,4,6,4445416,482217,9,2,39,1,2,3,837,645,2,7,2,21,0,0,0,0,0
201900006652,19,9,21,1332,1,7,4,2,4529481,-289066,4,4,6,3,1,4,124,328,2,3,2,38,0,0,0,0,0
201900006653,19,8,23,569,2,3,3,4,4666294,-50127,6,2,15,3,1,2,115,376,2,6,3,77,0,0,0,0,0
201900006654,19,7,13,2318,2,9,8,1,4637267,-223083,3,3,27,2,3,1,657,186,8,5,5,36,0,0,0,0,0
201900006655,19,9,11,509,4,2,6,7,4453215,140496,1,4,18,1,3,4,217,32,3,7,3,80,0,0,0,0,0
201900006656,19,10,14,850,1,1,3,1,4726643,-275027,9,2,12,3,3,3,519,91,2,1,4,95,0,0,0,0,0
201900006657,19,2,3,2321,1,8,1,7,4611395,644216,4,4,32,2,3,4,115,317,6,5,1,52,0,0,0,0,0
201900006658,19,4,25,1948,3,5,9,3,4905671,678595,3,4,32,1,2,3,271,858,5,1,2,8,0,0,0,0,0
201900006659,19,1,15,1379,5,7,6,5,4528357,267507,5,1,30,2,2,2,421,581,2,1,3,92,0,0,0,0,0
201900006660,19,4,11,126,5,9,8,2,4444129,-373133,5,1,51,2,3,1,891,385,5,2,1,18,0,0,0,0,0
201900006661,19,4,8,623,2,5,9,3,4624119,-315915,7,2,5,3,4,2,163,498,9,1,5,92,0,0,0,0,0
201900006662,19,3,9,1684,1,5,2,3,4824531,-373235,6,1,7,1,1,2,642,505,4,1,5,83,0,0,0,0,0
201900006663,19,2,17,2351,3,2,7,5,4553912,-189153,4,2,18,2,3,2,179,893,8,3,2,67,0,0,0,0,0
201900006664,19,6,6,2189,4,2,9,4,4969470,-255610,4,2,7,3,3,2,417,710,4,3,2,32,0,0,0,0,0
201900006665,19,7,20,2214,2,8,5,4,4748250,311913,5,4,30,2,3,4,320,657,2,3,1,59,0,0,0,0,0
201900006666,19,9,20,1500,5,8,6,1,4740690,10244,6,3,8,1,4,2,277,65,4,4,4,47,0,0,0,0,0
201900006667,19,6,10,363,1,4,1,3,4800616,376595,6,1,45,2,4,2,112,235,3,7,1,31,0,0,0,0,0
201900006668,19,5,14,1880,4,6,5,4,4970453,473660,6,4,3,3,3,4,824,273,7,3,3,42,0,0,0,0,0
201900006669,19,6,25,106,5,4,5,2,4631479,129124,7,1,7,2,1,1,497,353,7,2,2,61,0,0,0,0,0
201900006670,19,2,7,2276,2,6,1,3,4468416,-239164,5,2,12,3,2,3,614,841,3,1,3,69,0,0,0,0,0
201900006671,19,5,19,2298,5,5,9,5,4685311,-152557,1,1,26,2,3,2,465,856,7,4,3,38,0,0,0,0,0
201900006672,19,2,24,237,2,7,9,3,4462192,-145044,6,3,42,3,4,3,262,457,4,2,2,82,0,0,0,0,0
201900006673,19,2,18,284,1,6,3,1,4763799,-23843,5,1,33,2,1,1,142,561,9,1,2,1,0,0,0,0,0
201900006674,19,12,4,1324,3,9,4,5,4855865,-81335,1,1,34,2,1,4,710,334,8,7,2,97,0,0,0,0,0
201900006675,19,7,8,637,4,1,1,3,4841878,-397140,2,4,6,1,2,1,726,757,4,2,1,49,0,0,0,0,0
201900006676,19,8,10,877,5,6,4,7,4809991,-106956,4,1,33,2,3,1,80,278,9,1,5,34,0,0,0,0,0
201900006677,19,7,17,731,1,5,1,2,4811048,624211,7,2,9,3,3,4,576,165,1,4,2,95,0,0,0,0,0
201900006678,19,10,22,1142,4,7,9,2,4447699,-314037,9,3,23,3,2,3,551,560,5,3,3,56,0,0,0,0,0
201900006679,19,9,9,587,1,3,2,3,4534074,-398021,7,2,46,2,3,1,832,56,4,1,4,0,0,0,0,0,0
201900006680,19,9,26,2302,3,8,7,3,4610879,308312,3,2,38,3,4,3,475,182,5,1,4,49,0,0,0,0,0
201900006681,19,3,4,1730,5,2,8,4,4558605,334020,7,4,7,3,1,2,450,756,2,6,3,14,0,0,0,0,0
201900006682,19,6,24,1413,5,8,3,3,4805224,9820,5,2,53,3,2,1,505,417,6,7,2,37,0,0,0,0,0
201900006683,19,1,11,1316,5,7,3,1,4742467,525953,7,3,44,3,3,1,727,942,1,2,4,69,0,0,0,0,0
201900006684,19,2,9,238,5,8,7,4,4513885,-17246,8,3,19,3,1,4,414,804,1,6,5,82,0,0,0,0,0
201900006685,19,12,9,900,1,8,7,1,4626646,-308712,9,4,16,3,2,1,661,164,7,2,2,36,0,0,0,0,0
201900006686,19,1,4,2265,5,1,2,7,4984547,-361137,4,3,43,1,2,2,394,77,7,1,1,91,0,0,0,0,0
201900006687,19,10,22,594,1,8,2,1,4910302,-127120,4,2,4,1,3,4,104,924,9,2,1,55,0,0,0,0,0
201900006688,19,3,9,2290,4,9,4,4,4421838,580850,8,2,1,1,2,4,293,423,4,1,1,13,0,0,0,0,0
201900006689,19,11,23,1327,3,3,7,6,4655366,-53768,6,3,25,3,4,4,139,401,9,3,4,33,0,0,0,0,0
201900006690,19,9,6,1512,3,4,4,1,4491973,406095,4,3,2,2,3,2,464,136,1,3,5,16,0,0,0,0,0
201900006691,19,10,28,359,5,4,4,4,4614315,106596,9,2,26,3,1,2,585,284,5,3,5,60,0,0,0,0,0
201900006692,19,4,21,875,3,4,2,6,4631383,515073,6,3,31,1,3,4,786,463,9,2,2,94,0,0,0,0,0
201900006693,19,3,11,921,3,8,5,1,4546382,35351,8,1,44,3,3,1,764,32,7,6,5,81,0,0,0,0,0
201900006694,19,6,2,1134,3,1,9,6,4945480,410831,6,2,42,2,4,4,44,153,9,2,1,37,0,0,0,0,0
201900006695,19,2,26,49,3,3,5,2,4923554,-50776,1,3,1,3,1,1,90,773,6,7,2,34,0,0,0,0,0
201900006696,19,10,20,1098,5,5,9,5,4472176,382341,7,3,12,2,2,3,807,558,6,6,4,60,0,0,0,0,0
201900006697,19,11,7,2311,2,4,7,2,4792893,273331,6,3,9,1,2,3,277,148,6,3,5,30,0,0,0,0,0
201900006698,19,8,13,728,1,7,6,7,4649881,524617,5,3,12,3,2,1,676,246,4,1,5,82,0,0,0,0,0
201900006699,19,8,14,40,4,9,2,4,4454042,362943,8,4,2,2,4,2,106,714,1,6,1,84,0,0,0,0,0
201900006700,19,1,18,2171,3,4,9,5,4659430,678615,2,3,49,1,1,2,424,748,3,3,2,60,0,0,0,0,0
201900006701,19,6,10,1869,4,6,8,7,4770971,-87634,8,4,25,1,2,1,59,941,4,7,3,50,0,0,0,0,0
201900006702,19,6,18,855,1,3,3,7,4919155,13147,9,1,31,2,2,2,759,881,9,1,4,5,0,0,0,0,0
201900006703,19,5,15,2216,5,2,5,1,4820031,4922,9,4,8,1,3,1,884,641,9,2,1,30,0,0,0,0,0
201900006704,19,6,21,1931,3,1,8,1,4822991,-376264,2,2,34,2,3,2,486,241,2,4,2,42,0,0,0,0,0
201900006705,19,10,7,1894,5,9,4,3,4917683,514756,9,1,12,2,4,2,335,231,9,5,2,67,0,0,0,0,0
201900006706,19,4,6,883,1,4,4,2,4500306,191764,1,2,45,1,2,3,529,219,7,4,4,21,0,0,0,0,0
201900006707,19,3,15,1323,3,7,3,2,4968242,424505,2,3,46,2,3,1,115,748,7,2,5,71,0,0,0,0,0
201900006708,19,9,8,2017,1,1,9,4,4638066,70032,8,1,34,3,4,4,542,209,6,6,4,38,0,0,0,0,0
201900006709,19,5,4,2006,4,9,5,6,4622356,364959,7,1,23,1,2,3,865,509,8,3,4,37,0,0,0,0,0
201900006710,19,2,13,88,2,2,1,2,4987426,311736,7,4,47,3,1,3,783,98,6,2,4,22,0,0,0,0,0
201900006711,19,6,18,353,3,9,8,6,4989477,551826,4,3,26,3,3,1,317,676,9,3,3,75,0,0,0,0,0
201900006712,19,9,10,735,2,3,8,1,4629608,-231290,1,2,12,3,1,3,669,286,9,7,4,3,0,0,0,0,0
201900006713,19,6,10,752,5,9,6,3,4808986,363696,9,1,2,1,3,3,460,693,2,2,1,8,0,0,0,0,0
201900006714,19,12,26,2163,5,6,2,6,4544537,-76400,8,1,0,3,4,2,478,644,1,3,1,70,0,0,0,0,0
201900006715,19,3,21,166,3,2,5,6,4835722,-127220,1,3,6,1,4,4,489,112,7,4,4,15,0,0,0,0,0
201900006716,19,3,8,360,2,7,5,7,4970997,454004,2,4,6,1,3,2,43,308,5,4,2,49,0,0,0,0,0
201900006717,19,8,6,618,3,2,4,6,4574424,146493,4,3,44,1,3,2,197,221,2,5,3,43,0,0,0,0,0
201900006718,19,7,15,2181,1,4,4,1,4792293,200388,2,3,34,2,2,3,606,378,4,4,4,59,0,0,0,0,0
201900006719,19,6,1,1835,5,5,3,1,4836882,405669,6,1,11,3,3,4,491,98,8,2,4,66,0,0,0,0,0
201900006720,19,12,22,654,4,8,5,4,4993247,-78934,8,4,50,2,4,1,742,697,7,5,4,77,0,0,0,0,0
201900006721,19,5,3,1441,1,2,3,1,4402241,509883,3,3,2,2,3,1,446,666,3,7,1,25,0,0,0,0,0