Num_Acc,an,mois,jour,hrmn,lum,int,atm,col,lat,long,catr,circ,nbv,vosp,prof,plan,lartpc,larrout,surf,infra,situ,env1,unscathed,killed,hospital,light,chance
201900006722,19,12,12,1630,5,4,7,7,4852631,474877,5,3,46,1,1,2,172,521,9,7,2,27,0,0,0,0,0
201900006723,19,9,17,2264,4,1,8,6,4773984,608021,5,3,38,2,1,4,459,22,6,7,3,84,0,0,0,0,0
201900006724,19,12,5,1324,1,3,8,5,4695397,363748,4,4,27,2,3,4,727,911,1,2,4,68,0,0,0,0,0
201900006725,19,11,10,1029,3,2,8,6,4796240,-275943,2,2,43,2,2,4,528,889,2,5,1,41,0,0,0,0,0
201900006726,19,1,1,1599,1,7,7,3,4589408,586957,3,1,34,2,1,4,643,774,3,5,2,65,0,0,0,0,0
201900006727,19,7,27,718,1,7,4,4,4804504,55176,6,1,36,1,4,2,800,336,4,3,3,77,0,0,0,0,0
201900006728,19,4,14,547,4,8,5,5,4937203,220593,5,2,18,2,3,4,513,694,1,4,1,13,0,0,0,0,0
201900006729,19,7,5,657,4,4,9,3,4970186,-280660,4,1,13,2,3,3,815,396,6,7,5,64,0,0,0,0,0
201900006730,19,2,13,1339,4,2,3,7,4402012,203384,5,1,49,2,2,1,441,920,1,7,3,79,0,0,0,0,0
201900006731,19,8,12,2204,2,8,9,7,4662044,147335,4,3,2,3,1,2,525,176,6,2,5,75,0,0,0,0,0
201900006732,19,1,13,38,5,8,9,1,4863838,65056,8,4,17,2,2,2,822,616,6,3,2,93,0,0,0,0,0
201900006733,19,4,28,1166,4,8,1,3,4732417,-76694,3,3,8,3,1,4,238,775,2,2,4,74,0,0,0,0,0
201900006734,19,1,9,216,1,1,6,3,4571916,-189241,1,3,53,3,4,4,820,199,7,7,2,98,0,0,0,0,0
201900006735,19,6,20,1005,1,8,4,2,4407073,-149998,3,3,41,3,4,1,221,640,1,7,4,91,0,0,0,0,0
201900006736,19,10,7,1542,4,2,6,6,4639255,-253848,5,1,18,2,3,3,790,839,4,3,2,62,0,0,0,0,0
201900006737,19,12,7,953,1,5,9,6,4993534,308352,3,3,16,2,4,2,668,354,1,2,5,47,0,0,0,0,0
201900006738,19,6,21,322,1,9,5,3,4470059,42196,8,2,25,1,3,2,815,732,1,7,2,53,0,0,0,0,0
201900006739,19,10,26,1964,5,3,7,4,4529084,597578,2,1,40,1,3,4,271,828,2,5,1,41,0,0,0,0,0
201900006740,19,2,17,286,1,3,8,7,4832508,689648,4,2,21,2,4,1,818,599,5,3,1,21,0,0,0,0,0
201900006741,19,11,22,1912,3,2,2,4,4548272,695390,3,1,52,3,4,3,320,836,3,3,4,79,0,0,0,0,0
201900006742,19,3,17,617,4,6,1,4,4571451,202091,1,4,30,1,3,3,176,494,3,3,3,38,0,0,0,0,0
201900006743,19,11,24,1335,4,4,9,6,4543036,117450,5,2,51,2,2,2,320,780,9,6,1,19,0,0,0,0,0
201900006744,19,1,28,710,3,6,2,3,4623272,638500,3,2,42,2,1,1,386,127,1,1,1,13,0,0,0,0,0
201900006745,19,5,10,209,1,4,4,1,4955284,-111316,7,4,44,3,3,3,870,691,4,4,3,50,0,0,0,0,0
201900006746,19,5,14,1052,2,3,9,4,4946942,579366,7,3,22,2,2,2,788,836,8,2,3,40,0,0,0,0,0
201900006747,19,3,21,1472,2,6,2,7,4899396,473307,8,1,10,3,2,1,194,761,1,7,5,40,0,0,0,0,0
201900006748,19,8,23,1022,5,7,1,1,4769382,569208,4,3,9,2,3,3,894,671,4,4,1,43,0,0,0,0,0
201900006749,19,10,21,1165,3,2,5,2,4461941,619226,3,3,38,2,2,2,794,29,2,2,5,64,0,0,0,0,0
201900006750,19,9,4,1647,5,2,6,6,4968236,365008,2,1,41,3,1,3,263,771,5,6,4,50,0,0,0,0,0
201900006751,19,3,19,1112,1,7,9,7,4984337,-254580,7,2,38,2,4,4,195,397,6,6,2,89,0,0,0,0,0
201900006752,19,11,15,2022,2,4,3,1,4564353,589930,2,3,53,3,4,1,639,933,7,6,2,26,0,0,0,0,0
201900006753,19,9,20,1742,2,9,6,1,4967742,-390862,2,4,23,2,1,1,861,519,5,4,4,70,0,0,0,0,0
201900006754,19,6,8,289,1,2,9,3,4799888,6677,2,3,2,2,2,2,161,321,3,7,2,52,0,0,0,0,0
201900006755,19,7,21,1965,5,1,8,7,4699487,-225141,6,4,47,3,3,1,535,237,1,3,2,5,0,0,0,0,0
201900006756,19,4,4,1119,5,3,1,2,4586014,-288169,1,4,51,1,2,3,801,936,9,6,1,98,0,0,0,0,0
201900006757,19,9,13,52,2,3,1,7,4773202,674887,7,3,42,2,2,4,268,17,3,1,4,28,0,0,0,0,0
201900006758,19,1,25,12,3,1,5,7,4842558,216582,1,4,9,1,3,1,726,762,3,6,5,99,0,0,0,0,0
201900006759,19,1,3,1510,5,2,9,5,4684593,499092,6,2,36,2,2,3,405,422,2,1,1,92,0,0,0,0,0
201900006760,19,6,3,57,5,1,4,7,4696310,-335840,8,1,10,3,4,1,235,227,8,6,4,54,0,0,0,0,0
201900006761,19,3,6,1829,1,7,1,1,4569177,-126871,6,2,30,1,2,3,418,763,9,6,1,72,0,0,0,0,0
201900006762,19,5,26,1816,5,9,7,2,4927167,-342100,3,4,27,3,2,3,382,702,5,6,1,35,0,0,0,0,0
201900006763,19,5,28,1006,5,2,4,3,4955560,-130949,8,3,6,2,4,2,896,897,9,5,4,87,0,0,0,0,0
201900006764,19,7,6,365,1,6,1,1,4982394,468662,8,1,53,3,4,4,88,544,7,3,1,48,0,0,0,0,0
201900006765,19,2,21,1512,4,3,5,1,4515007,111603,2,2,44,2,1,1,477,774,3,2,1,37,0,0,0,0,0
201900006766,19,5,7,918,3,7,3,6,4628636,-168936,4,1,35,3,2,4,529,330,9,3,2,34,0,0,0,0,0
201900006767,19,2,20,593,5,3,8,6,4744661,-48987,7,4,32,2,1,2,643,22,9,7,5,22,0,0,0,0,0
201900006768,19,2,28,629,1,4,9,4,4924942,-2583,6,2,27,1,1,3,103,632,7,4,5,19,0,0,0,0,0
201900006769,19,8,3,1387,4,9,4,7,4529213,605382,2,4,47,2,1,1,646,457,2,5,2,76,0,0,0,0,0
201900006770,19,4,3,2134,3,2,8,2,4444369,-188967,3,3,53,1,4,3,804,975,9,7,1,87,0,0,0,0,0
201900006771,19,4,22,888,2,6,6,4,4611711,-54715,9,2,9,1,1,3,158,412,4,6,1,96,0,0,0,0,0
201900006772,19,10,28,667,5,7,9,7,4713149,-346877,7,3,34,1,2,2,640,255,5,1,1,70,0,0,0,0,0
201900006773,19,10,19,2221,3,5,3,1,4530515,-257106,5,4,30,3,1,4,728,368,1,1,3,67,0,0,0,0,0
201900006774,19,12,21,965,3,2,3,3,4788395,481950,7,2,7,1,1,1,234,267,6,4,2,0,0,0,0,0,0
201900006775,19,11,23,1647,3,1,5,2,4682165,415446,2,2,48,2,4,1,806,814,3,6,4,14,0,0,0,0,0
201900006776,19,7,10,59,5,1,4,3,4652684,120499,9,3,28,2,1,3,663,262,9,1,1,9,0,0,0,0,0
201900006777,19,5,2,531,4,5,2,3,4446096,-238710,9,4,18,3,1,2,839,171,3,1,4,61,0,0,0,0,0
201900006778,19,2,13,1045,2,4,7,5,4744376,332153,7,4,44,1,1,1,549,82,4,1,3,96,0,0,0,0,0
201900006779,19,9,15,1822,3,2,1,4,4972970,-189685,9,4,49,1,4,4,24,645,2,5,3,44,0,0,0,0,0
201900006780,19,7,8,866,1,3,3,5,4411135,-121902,9,3,20,1,2,4,17,87,6,7,1,95,0,0,0,0,0
201900006781,19,4,24,1232,1,6,2,5,4629188,-68171,6,1,35,2,4,1,609,919,5,1,4,39,0,0,0,0,0
201900006782,19,3,3,936,2,8,1,1,4558154,212689,9,1,10,3,4,2,528,643,4,7,5,94,0,0,0,0,0
201900006783,19,5,2,709,1,4,5,5,4867231,-155485,5,1,27,1,4,2,106,147,9,6,2,53,0,0,0,0,0
201900006784,19,10,9,1220,5,5,8,6,4617343,-342052,8,2,30,3,2,1,639,791,4,7,1,59,0,0,0,0,0
201900006785,19,5,20,2070,4,4,6,2,4481184,-22104,8,1,14,1,1,1,840,914,5,2,5,59,0,0,0,0,0
201900006786,19,5,24,605,2,3,7,4,4995005,352213,8,3,35,2,3,2,716,602,6,6,2,38,0,0,0,0,0
201900006787,19,12,17,1411,5,1,4,5,4975153,204299,2,2,43,1,4,4,556,171,8,2,4,89,0,0,0,0,0
201900006788,19,9,12,315,1,9,5,1,4485844,529106,3,4,28,3,2,3,220,77,7,6,3,78,0,0,0,0,0
201900006789,19,11,14,1256,2,1,8,3,4570033,-242125,2,2,27,2,1,4,758,65,3,4,3,84,0,0,0,0,0
201900006790,19,12,14,518,1,1,8,5,4450477,-108544,8,2,35,3,4,4,776,912,2,7,1,34,0,0,0,0,0
201900006791,19,7,28,2048,1,1,4,3,4748601,277974,3,1,38,3,1,2,77,851,3,6,3,60,0,0,0,0,0
201900006792,19,8,26,2036,2,7,6,7,4564844,349009,6,2,45,3,1,1,256,962,7,5,3,14,0,0,0,0,0
201900006793,19,5,20,300,3,1,1,1,4716435,371853,2,4,26,2,3,2,103,775,5,1,4,61,0,0,0,0,0
201900006794,19,6,4,1402,2,1,4,1,4850374,411397,7,4,29,3,1,2,437,233,9,1,3,49,0,0,0,0,0
201900006795,19,7,11,705,4,6,6,1,4874562,687752,5,1,16,3,1,4,406,80,1,5,2,41,0,0,0,0,0
201900006796,19,11,4,716,1,3,6,3,4516298,310920,4,1,39,3,2,1,777,320,6,4,3,23,0,0,0,0,0
201900006797,19,2,9,2228,3,9,6,3,4430618,-275654,5,4,39,1,1,4,570,398,6,6,2,44,0,0,0,0,0
201900006798,19,6,8,883,3,3,4,6,4941469,416285,4,1,46,3,3,2,691,581,3,7,5,45,0,0,0,0,0
201900006799,19,5,16,1007,4,5,7,4,4636671,-342389,3,3,39,2,4,1,842,400,3,5,3,64,0,0,0,0,0
201900006800,19,9,20,819,4,3,6,6,4481825,182869,4,3,26,3,1,1,722,350,6,4,4,48,0,0,0,0,0
201900006801,19,11,4,1466,4,8,2,7,4953711,130434,5,3,25,1,4,3,772,210,3,7,3,11,0,0,0,0,0
201900006802,19,5,22,1487,1,8,1,3,4602574,96635,2,4,50,3,4,3,836,489,1,7,3,88,0,0,0,0,0
201900006803,19,3,10,710,4,1,7,3,4991835,377183,5,2,15,2,1,3,748,438,4,5,1,40,0,0,0,0,0
201900006804,19,5,7,665,5,3,5,2,4821349,440028,9,2,29,1,3,2,586,908,8,7,4,91,0,0,0,0,0
201900006805,19,1,23,898,2,9,4,3,4874958,-169179,7,1,7,1,3,4,755,624,6,7,1,94,0,0,0,0,0
201900006806,19,2,21,1450,1,7,1,6,4598238,-315870,9,4,39,2,2,2,465,830,7,6,5,74,0,0,0,0,0
201900006807,19,11,22,518,2,9,6,4,4950676,636420,3,1,34,3,2,2,717,492,8,2,4,14,0,0,0,0,0
201900006808,19,10,16,1017,4,4,8,2,4610308,334200,1,2,42,1,2,2,320,546,5,7,5,50,0,0,0,0,0
201900006809,19,9,10,2351,1,3,6,2,4917208,-86429,8,2,48,2,4,2,329,35,8,5,3,76,0,0,0,0,0
201900006810,19,10,12,1932,4,2,4,5,4891530,16870,4,4,19,2,2,1,498,160,5,2,2,39,0,0,0,0,0
201900006811,19,2,26,2007,2,8,1,1,4601592,-319732,8,1,16,3,4,3,32,847,6,7,3,63,0,0,0,0,0
201900006812,19,12,5,544,1,7,3,4,4852904,677278,7,4,40,2,1,3,217,85,2,5,3,15,0,0,0,0,0
201900006813,19,3,27,2267,3,4,9,6,4528117,-38228,8,4,12,2,2,1,27,489,4,6,4,98,0,0,0,0,0
201900006814,19,11,16,1047,3,8,9,4,4870162,356470,6,3,6,2,4,3,863,555,1,6,3,95,0,0,0,0,0
201900006815,19,3,3,1738,1,4,4,7,4580198,346755,1,4,18,2,1,4,549,252,5,5,2,51,0,0,0,0,0
201900006816,19,7,3,1553,4,8,8,4,4409495,393799,3,4,30,2,2,3,345,669,5,1,5,0,0,0,0,0,0
201900006817,19,3,2,1150,3,3,2,2,4967429,578347,2,4,52,2,1,3,804,744,3,7,3,70,0,0,0,0,0
201900006818,19,1,24,1380,4,1,6,6,4696901,-187693,5,1,19,2,1,4,643,100,1,3,1,76,0,0,0,0,0
201900006819,19,2,14,1729,1,8,3,3,4992402,637413,9,1,33,2,4,2,59,604,2,2,3,5,0,0,0,0,0
201900006820,19,4,21,1563,3,3,8,5,4644496,43221,8,2,10,1,2,3,584,601,9,4,2,17,0,0,0,0,0
201900006821,19,12,4,1931,3,5,6,3,4741999,489302,6,1,33,1,1,1,179,704,4,2,5,25,0,0,0,0,0
201900006822,19,12,15,1799,1,2,5,5,4782565,-82126,2,1,38,1,3,1,850,745,6,4,4,30,0,0,0,0,0
201900006823,19,6,24,35,1,7,8,1,4580201,184782,9,4,41,1,4,1,905,980,9,2,1,41,0,0,0,0,0
201900006824,19,9,20,2178,5,8,8,1,4858842,453875,9,3,21,1,1,4,191,281,1,2,5,65,0,0,0,0,0
201900006825,19,6,1,1885,4,2,2,1,4646150,24914,7,3,41,2,2,1,133,546,2,3,5,53,0,0,0,0,0
201900006826,19,1,25,1038,5,7,6,7,4984823,17522,5,1,41,2,4,4,40,841,2,4,1,9,0,0,0,0,0
201900006827,19,1,22,2134,4,8,7,2,4683443,531070,4,2,0,3,1,1,81,807,1,1,1,5,0,0,0,0,0
201900006828,19,1,22,2271,3,6,7,2,4819779,-85100,9,1,51,1,1,3,457,234,2,5,4,76,0,0,0,0,0
201900006829,19,7,12,2079,4,4,4,2,4971414,386610,8,2,17,3,2,1,467,297,3,7,3,39,0,0,0,0,0
201900006830,19,5,27,1075,4,3,2,5,4444722,259,5,1,11,3,3,3,738,262,3,3,5,38,0,0,0,0,0
201900006831,19,9,21,776,5,8,3,4,4444378,57874,1,4,11,3,3,1,687,118,5,5,4,93,0,0,0,0,0
201900006832,19,2,3,2269,2,9,6,7,4652547,-61901,8,3,50,2,4,2,299,477,6,4,3,68,0,0,0,0,0
201900006833,19,7,17,2253,4,2,4,5,4979334,687035,5,2,49,2,1,3,275,63,5,4,3,15,0,0,0,0,0
201900006834,19,4,21,2231,2,8,7,3,4464059,231422,1,3,3,2,3,2,149,278,7,7,5,72,0,0,0,0,0
201900006835,19,7,25,1013,5,7,1,4,4408407,117328,9,1,15,3,4,4,110,436,7,7,1,13,0,0,0,0,0
201900006836,19,11,23,155,1,5,1,7,4495615,470630,6,1,1,1,1,4,105,817,9,1,2,76,0,0,0,0,0
201900006837,19,7,25,95,2,3,7,1,4502733,470336,5,2,52,2,1,1,426,517,4,5,3,13,0,0,0,0,0
201900006838,19,7,21,1590,4,6,1,5,4793723,-128512,8,4,43,1,3,2,201,447,5,5,4,34,0,0,0,0,0
201900006839,19,10,10,1135,5,4,3,2,4891893,65406,7,1,0,1,1,4,12,841,1,6,5,74,0,0,0,0,0
201900006840,19,9,4,2271,1,6,5,4,4672405,86436,8,4,52,1,2,1,157,182,2,3,4,7,0,0,0,0,0
201900006841,19,5,15,60,1,6,7,5,4668852,-40475,1,3,14,3,1,2,729,590,7,3,1,39,0,0,0,0,0
201900006842,19,9,8,1200,5,7,1,6,4934765,634723,1,2,18,1,4,3,330,921,6,2,3,55,0,0,0,0,0
201900006843,19,5,17,966,1,1,3,3,4433833,582875,5,2,20,2,2,1,192,942,1,6,3,23,0,0,0,0,0
201900006844,19,10,3,605,1,8,4,7,4900016,485236,8,3,43,3,1,3,643,633,5,2,4,18,0,0,0,0,0
201900006845,19,7,15,0,3,4,2,2,4971780,-103035,7,4,18,3,3,2,858,136,9,2,3,90,0,0,0,0,0
201900006846,19,4,16,1776,5,9,7,3,4740089,173263,5,4,15,2,1,1,220,165,1,5,5,66,0,0,0,0,0
201900006847,19,6,1,1948,1,6,8,4,4887459,370069,4,3,1,2,3,1,896,574,4,3,2,25,0,0,0,0,0
201900006848,19,12,20,728,2,4,2,4,4871185,328746,2,3,10,3,2,3,31,848,4,3,2,99,0,0,0,0,0
201900006849,19,5,11,1077,4,7,7,4,4622754,511469,5,1,30,2,2,1,85,964,7,7,1,99,0,0,0,0,0
201900006850,19,12,13,1223,4,5,5,6,4476450,286150,6,2,21,3,3,4,83,226,8,2,3,27,0,0,0,0,0
201900006851,19,8,21,1507,3,2,5,2,4577413,506116,9,3,52,1,3,1,64,744,2,4,1,96,0,0,0,0,0
201900006852,19,8,3,829,3,6,7,5,4406521,646567,9,1,20,2,3,4,790,125,4,5,4,16,0,0,0,0,0
201900006853,19,3,23,484,1,1,5,7,4955979,64727,6,3,53,3,4,1,310,871,5,5,5,74,0,0,0,0,0
201900006854,19,3,15,1499,3,4,3,7,4427550,-118821,3,1,2,1,3,3,346,993,1,1,1,29,0,0,0,0,0
201900006855,19,11,24,2109,1,3,4,6,4965138,626647,1,2,8,3,4,2,380,467,8,1,4,31,0,0,0,0,0
201900006856,19,10,1,846,4,8,3,3,4439864,-262529,1,4,21,1,2,3,771,257,1,5,3,10,0,0,0,0,0
201900006857,19,8,19,798,4,6,1,4,4722522,-240506,1,1,10,3,2,1,859,233,1,6,5,38,0,0,0,0,0
201900006858,19,5,20,232,2,3,7,7,4797187,663348,5,4,3,1,1,1,403,898,1,2,2,92,0,0,0,0,0
201900006859,19,7,25,367,4,1,9,5,4647178,-335923,1,4,31,3,1,2,648,573,7,6,1,31,0,0,0,0,0
201900006860,19,1,22,792,1,1,9,1,4822400,513874,1,3,49,3,4,3,143,649,9,3,1,59,0,0,0,0,0
201900006861,19,3,28,2065,4,4,4,1,4634594,-220929,2,2,11,2,3,2,873,36,1,4,2,36,0,0,0,0,0
201900006862,19,1,26,1151,1,2,9,4,4441188,-25907,3,1,25,3,1,1,217,495,6,2,3,36,0,0,0,0,0
201900006863,19,5,1,2230,3,2,4,5,4844868,19487,1,3,23,2,1,1,279,377,3,4,4,52,0,0,0,0,0
201900006864,19,11,2,406,2,3,6,4,4666184,-227106,4,2,47,2,2,3,577,958,3,4,1,99,0,0,0,0,0
201900006865,19,8,4,2054,3,4,4,7,4483463,275250,9,4,30,3,3,3,384,463,2,7,2,80,0,0,0,0,0
201900006866,19,12,12,152,5,7,1,2,4757297,-288045,4,4,42,3,3,4,44,424,7,2,2,38,0,0,0,0,0
201900006867,19,10,15,1689,4,3,5,5,4637978,590422,4,2,12,2,1,2,562,787,1,7,5,13,0,0,0,0,0
201900006868,19,11,23,1325,4,1,2,7,4823339,566836,2,2,38,1,2,1,231,837,8,6,4,11,0,0,0,0,0
201900006869,19,6,16,934,5,3,5,4,4770417,430134,8,1,13,3,4,3,135,575,9,4,1,35,0,0,0,0,0
201900006870,19,8,4,633,1,1,8,4,4403889,423911,3,4,36,2,2,2,833,993,5,7,3,69,0,0,0,0,0
201900006871,19,2,13,137,4,6,5,3,4674609,22889,5,1,41,1,3,1,627,715,6,2,1,75,0,0,0,0,0
201900006872,19,11,6,866,2,8,5,7,4824746,633971,8,4,8,1,4,2,18,902,1,6,2,66,0,0,0,0,0
201900006873,19,2,4,2182,4,9,8,4,4433689,36893,7,2,2,3,3,4,32,137,1,1,1,21,0,0,0,0,0
201900006874,19,3,13,893,4,7,4,7,4571631,-369419,4,1,30,2,2,2,9,726,8,1,5,23,0,0,0,0,0
201900006875,19,7,16,2274,2,5,2,3,4867102,551396,9,4,7,1,1,3,111,120,9,1,2,97,0,0,0,0,0
201900006876,19,11,7,2142,4,5,7,2,4966437,249350,2,1,15,3,4,4,822,395,2,7,4,18,0,0,0,0,0
201900006877,19,1,6,1817,2,4,1,5,4977428,608030,1,1,48,1,3,4,771,644,5,3,5,46,0,0,0,0,0
201900006878,19,7,6,122,3,3,5,6,4683031,-363725,1,4,32,2,3,4,286,286,3,7,2,78,0,0,0,0,0
201900006879,19,2,17,835,2,4,5,1,4887701,-113825,3,4,24,1,2,2,122,69,9,3,3,69,0,0,0,0,0
201900006880,19,4,5,761,5,9,4,6,4493890,604458,3,2,39,1,4,1,546,136,3,3,1,46,0,0,0,0,0
201900006881,19,11,11,938,1,9,7,6,4890566,-134423,7,3,39,1,4,3,736,446,1,4,1,1,0,0,0,0,0
201900006882,19,6,1,166,1,5,2,2,4517435,3634,3,2,50,2,4,2,139,513,9,2,5,48,0,0,0,0,0
201900006883,19,5,26,664,4,4,4,6,4730685,-272729,7,2,39,2,3,2,545,522,2,5,2,58,0,0,0,0,0
201900006884,19,11,14,759,2,7,4,7,4848631,-41286,7,3,47,2,2,2,895,203,3,2,4,5,0,0,0,0,0
201900006885,19,3,13,584,4,4,7,4,4982837,-75114,8,4,38,1,3,1,551,810,1,7,3,84,0,0,0,0,0
201900006886,19,1,8,809,5,9,8,4,4937067,-81593,5,1,37,3,2,1,568,518,6,1,2,11,0,0,0,0,0
201900006887,19,11,4,662,5,8,7,4,4556178,326450,4,1,19,1,1,3,602,873,9,3,2,5,0,0,0,0,0
201900006888,19,10,2,315,3,5,3,5,4977443,400363,2,2,33,2,1,1,879,55,4,3,3,82,0,0,0,0,0
201900006889,19,11,23,1668,2,9,9,7,4817060,550655,6,3,15,3,1,3,291,955,2,3,3,49,0,0,0,0,0
201900006890,19,11,25,2052,2,1,5,5,4810909,-381890,1,2,16,1,2,3,173,249,7,5,4,31,0,0,0,0,0
201900006891,19,12,12,2084,4,3,2,6,4427860,-119442,1,1,12,2,4,4,614,991,2,2,4,36,0,0,0,0,0
201900006892,19,8,7,24,2,6,4,5,4403936,-255166,2,2,20,3,4,2,777,953,2,6,5,56,0,0,0,0,0
201900006893,19,11,18,2359,2,3,1,4,4513447,-157364,7,1,38,1,1,1,900,688,9,7,1,42,0,0,0,0,0
201900006894,19,2,7,2328,5,9,4,3,4677673,-225601,9,2,22,2,2,3,503,673,5,1,1,33,0,0,0,0,0
201900006895,19,10,16,1573,5,4,4,4,4793354,679227,2,2,35,2,4,4,786,729,4,1,3,57,0,0,0,0,0
201900006896,19,2,16,587,3,5,5,7,4535131,-112550,2,4,22,1,4,2,475,780,9,4,3,4,0,0,0,0,0
201900006897,19,5,3,2046,2,9,5,5,4648989,414465,8,2,2,1,3,3,779,974,1,6,2,35,0,0,0,0,0
201900006898,19,2,8,1084,5,5,9,1,4659825,44934,2,2,34,3,3,3,473,193,2,4,4,37,0,0,0,0,0
201900006899,19,5,13,367,3,2,3,6,4752288,288609,6,3,40,1,1,3,651,720,2,1,3,20,0,0,0,0,0
201900006900,19,4,7,572,2,4,9,4,4643989,-34811,3,1,5,1,3,1,138,21,6,1,3,38,0,0,0,0,0
201900006901,19,10,22,196,4,2,6,2,4871294,-247384,7,4,48,3,1,1,283,706,4,6,2,75,0,0,0,0,0
201900006902,19,8,13,1448,1,3,3,5,4593738,95900,6,1,42,2,2,2,670,245,4,1,5,46,0,0,0,0,0
201900006903,19,10,27,469,1,1,4,3,4663056,440896,3,3,29,1,4,1,681,920,3,6,4,28,0,0,0,0,0
201900006904,19,5,23,471,1,8,8,5,4498943,-277664,7,2,16,3,1,4,388,897,2,5,1,14,0,0,0,0,0
201900006905,19,9,16,1445,2,4,1,2,4431751,528837,3,4,46,2,4,4,587,287,3,4,3,31,0,0,0,0,0
201900006906,19,1,17,203,1,9,7,6,4834203,609907,8,4,43,2,4,3,228,977,9,2,2,10,0,0,0,0,0
201900006907,19,6,1,1393,2,1,2,5,4848889,546460,2,4,17,3,4,4,578,913,4,1,2,96,0,0,0,0,0
201900006908,19,5,6,1557,3,3,7,1,4572443,-84883,6,4,36,3,3,1,559,227,9,6,5,28,0,0,0,0,0
201900006909,19,6,8,2293,5,6,7,1,4460647,638294,6,1,8,1,1,4,170,938,9,5,5,18,0,0,0,0,0
201900006910,19,1,11,2084,1,2,4,7,4802513,354206,6,2,26,1,2,2,295,618,4,7,1,85,0,0,0,0,0
201900006911,19,1,8,57,4,9,7,2,4907219,97342,2,3,11,1,1,4,93,626,5,6,1,98,0,0,0,0,0
201900006912,19,12,25,18,1,2,3,5,4741493,474463,5,1,33,3,2,2,348,925,3,1,5,4,0,0,0,0,0
201900006913,19,9,16,449,4,5,9,1,4549564,300887,1,3,41,1,4,1,802,920,2,1,4,23,0,0,0,0,0
201900006914,19,4,14,1627,3,7,7,6,4710499,-138660,8,2,36,3,3,3,189,982,9,6,4,15,0,0,0,0,0
201900006915,19,8,5,2317,5,2,5,1,4408126,670989,5,3,32,1,3,3,732,729,3,1,3,73,0,0,0,0,0
201900006916,19,10,15,133,5,1,7,4,4649025,57740,2,4,3,1,3,1,224,127,4,4,2,22,0,0,0,0,0
201900006917,19,1,9,2321,1,7,2,2,4985807,-128555,6,4,33,1,2,4,850,230,3,4,3,80,0,0,0,0,0
201900006918,19,11,12,1362,2,6,3,5,4910456,308667,6,2,41,2,4,3,438,309,3,7,3,42,0,0,0,0,0
201900006919,19,12,7,1733,5,1,2,5,4983206,26196,2,2,36,2,2,2,28,613,1,5,5,26,0,0,0,0,0
201900006920,19,3,8,1809,5,2,8,3,4891264,131747,1,3,11,1,1,4,605,349,6,4,4,97,0,0,0,0,0
201900006921,19,10,3,1401,1,4,6,4,4573156,662032,7,4,7,1,2,1,19,88,1,1,5,32,0,0,0,0,0
201900006922,19,6,23,1826,3,8,1,5,4727356,139191,7,1,3,1,4,4,731,496,2,7,2,79,0,0,0,0,0
201900006923,19,6,25,2257,4,4,3,1,4508579,386430,7,1,20,1,1,4,346,551,9,2,2,73,0,0,0,0,0
201900006924,19,3,24,55,2,8,7,4,4414497,415880,1,4,44,2,1,3,450,693,7,7,2,33,0,0,0,0,0
201900006925,19,3,21,2094,5,5,3,5,4961544,336198,1,4,20,2,4,1,685,820,4,5,5,91,0,0,0,0,0
201900006926,19,1,26,8,3,3,8,6,4836453,521308,6,4,28,1,2,2,897,792,1,4,4,45,0,0,0,0,0
201900006927,19,5,27,732,1,3,3,3,4497161,62483,2,3,20,2,1,2,153,161,6,3,5,67,0,0,0,0,0
201900006928,19,9,10,1896,2,1,6,4,4751221,57326,9,3,10,2,1,1,564,948,8,4,1,67,0,0,0,0,0
201900006929,19,12,9,269,2,5,6,1,4473493,583709,4,4,50,3,3,1,578,406,7,4,2,59,0,0,0,0,0
201900006930,19,3,23,302,4,9,9,6,4818779,-147972,2,4,16,3,3,3,399,759,9,2,4,97,0,0,0,0,0
201900006931,19,2,25,1068,3,2,2,5,4424855,220134,9,2,50,2,1,2,500,62,5,7,1,0,0,0,0,0,0
201900006932,19,11,23,486,5,7,9,3,4579053,-124277,4,2,13,1,1,2,121,320,9,6,2,36,0,0,0,0,0
201900006933,19,10,16,552,4,3,5,3,4771956,412736,5,1,38,2,3,4,92,906,5,3,1,70,0,0,0,0,0
201900006934,19,1,23,1795,3,7,7,6,4728888,-220049,1,4,44,3,2,3,90,922,5,5,2,59,0,0,0,0,0
201900006935,19,12,3,2298,5,7,4,6,4739739,282376,7,2,21,3,3,4,615,157,6,3,4,21,0,0,0,0,0