Num_Acc,an,mois,jour,hrmn,lum,int,atm,col,lat,long,catr,circ,nbv,vosp,prof,plan,lartpc,larrout,surf,infra,situ,env1,unscathed,killed,hospital,light,chance
201900007150,19,2,10,1838,4,2,1,7,4736783,-112755,1,4,46,1,3,1,392,100,7,2,5,71,0,0,0,0,0
201900007151,19,4,22,1651,2,5,4,3,4630814,422242,3,3,11,1,1,2,840,648,5,7,3,45,0,0,0,0,0
201900007152,19,9,15,488,5,7,1,2,4935239,-180998,1,4,19,3,4,4,503,866,8,5,2,87,0,0,0,0,0
201900007153,19,7,3,204,2,6,9,5,4499336,-125180,3,3,24,3,4,4,598,376,5,7,4,40,0,0,0,0,0
201900007154,19,3,27,62,3,9,3,7,4613922,601497,9,4,0,2,2,2,774,713,5,5,2,93,0,0,0,0,0
201900007155,19,8,16,2041,1,7,3,7,4817811,-205606,1,4,21,1,2,1,557,309,5,1,4,94,0,0,0,0,0
201900007156,19,11,26,396,3,4,4,7,4739769,-40426,7,2,35,1,2,4,637,725,2,2,2,47,0,0,0,0,0
201900007157,19,5,11,307,3,3,9,7,4834027,663156,1,4,4,1,2,4,596,499,5,1,5,91,0,0,0,0,0
201900007158,19,7,1,1769,4,7,9,6,4918025,622275,3,3,48,2,3,1,879,394,8,3,3,95,0,0,0,0,0
201900007159,19,9,27,68,4,5,6,3,4473936,276635,5,3,25,3,1,3,868,835,8,5,3,79,0,0,0,0,0
201900007160,19,2,21,1549,1,6,2,7,4723642,578015,8,4,4,2,2,2,665,623,4,3,5,33,0,0,0,0,0
201900007161,19,1,6,1421,4,7,3,2,4854462,25186,1,3,38,2,3,3,272,794,9,2,5,66,0,0,0,0,0
201900007162,19,4,1,1573,2,7,7,7,4596383,156727,3,3,18,3,4,3,531,90,1,2,4,19,0,0,0,0,0
201900007163,19,6,13,1309,1,7,6,6,4528360,410530,3,1,33,1,4,3,286,992,7,4,4,24,0,0,0,0,0
201900007164,19,11,28,1904,3,6,6,4,4650604,108801,3,1,12,3,2,1,669,889,4,5,2,19,0,0,0,0,0
201900007165,19,6,11,812,2,8,9,4,4717162,-375045,7,3,52,1,3,4,724,945,5,7,5,39,0,0,0,0,0
201900007166,19,9,12,1487,2,6,3,2,4939933,523213,6,1,31,1,2,4,264,569,6,7,2,36,0,0,0,0,0
201900007167,19,4,9,765,4,7,8,3,4671390,-21028,1,1,26,1,4,4,641,64,7,6,3,48,0,0,0,0,0
201900007168,19,12,28,2348,4,8,1,7,4486364,-262614,2,1,39,3,3,1,893,541,2,4,5,73,0,0,0,0,0
201900007169,19,6,12,1196,4,3,5,7,4494809,-65626,2,4,53,2,4,1,137,210,3,4,5,55,0,0,0,0,0
201900007170,19,8,23,1655,4,4,6,5,4455902,-50884,4,1,48,3,4,2,444,531,8,5,2,32,0,0,0,0,0
201900007171,19,4,3,800,2,4,5,7,4723790,615558,4,3,18,2,4,1,777,648,2,1,2,8,0,0,0,0,0
201900007172,19,4,20,1273,5,5,5,1,4871292,447382,5,1,21,1,2,1,135,619,6,1,1,11,0,0,0,0,0
201900007173,19,7,6,292,4,1,4,4,4693595,82429,3,4,50,2,2,4,230,802,9,6,3,59,0,0,0,0,0
201900007174,19,7,8,119,4,9,9,6,4801902,686402,1,2,49,2,3,2,145,606,1,1,3,37,0,0,0,0,0
201900007175,19,6,27,1815,2,2,3,1,4640138,-375831,1,2,25,1,4,3,126,377,7,4,1,3,0,0,0,0,0
201900007176,19,4,14,261,5,8,7,3,4743384,-96231,5,2,17,1,3,3,103,113,9,1,5,51,0,0,0,0,0
201900007177,19,6,12,2352,4,2,3,1,4715502,682475,8,2,8,2,3,4,730,11,6,1,3,26,0,0,0,0,0
201900007178,19,6,22,2213,2,4,1,3,4862572,627761,5,4,10,3,4,3,602,498,7,6,2,29,0,0,0,0,0
201900007179,19,11,2,1158,4,4,3,7,4431024,416889,6,1,19,1,1,1,139,817,6,5,4,13,0,0,0,0,0
201900007180,19,10,26,1892,3,4,6,4,4754683,442359,3,3,24,2,3,4,649,942,3,1,2,10,0,0,0,0,0
201900007181,19,9,18,2339,3,3,9,4,4775126,612277,3,2,1,2,4,2,373,858,9,6,3,92,0,0,0,0,0
201900007182,19,2,26,19,1,3,3,4,4486356,-171843,2,1,16,3,2,1,736,138,1,1,2,16,0,0,0,0,0
201900007183,19,5,7,835,1,9,7,1,4621145,-186770,8,2,35,1,4,3,728,371,4,4,1,46,0,0,0,0,0
201900007184,19,11,14,350,2,2,5,4,4419228,267359,7,2,5,3,1,3,846,30,1,2,2,27,0,0,0,0,0
201900007185,19,11,1,958,5,2,9,3,4421096,234918,6,3,30,2,4,3,6,313,7,1,3,1,0,0,0,0,0
201900007186,19,2,14,917,5,4,4,5,4464968,411308,6,3,52,1,4,3,214,193,8,4,2,44,0,0,0,0,0
201900007187,19,6,25,474,1,8,7,5,4919724,-162372,3,3,38,2,1,1,189,340,6,3,2,42,0,0,0,0,0
201900007188,19,3,14,1495,5,8,1,1,4856299,-301288,7,3,1,3,2,1,128,758,6,4,1,68,0,0,0,0,0
201900007189,19,7,23,1207,2,3,4,3,4734960,246083,3,4,15,1,4,4,243,750,9,1,2,23,0,0,0,0,0
201900007190,19,7,14,1488,5,8,9,2,4714925,447688,2,1,41,3,4,1,357,604,8,7,4,48,0,0,0,0,0
201900007191,19,11,16,1206,3,3,9,6,4858784,316025,6,4,20,2,1,4,115,160,6,6,2,36,0,0,0,0,0
201900007192,19,12,4,1660,5,6,4,1,4918746,19979,9,2,37,1,4,4,264,960,1,7,3,27,0,0,0,0,0
201900007193,19,11,18,551,2,8,4,5,4529028,284289,4,3,42,3,2,3,132,399,3,2,1,59,0,0,0,0,0
201900007194,19,10,25,2000,1,9,1,1,4751177,-184448,5,2,46,2,4,2,563,441,8,4,3,83,0,0,0,0,0
201900007195,19,9,7,505,4,7,2,3,4556363,593869,2,4,2,3,4,3,120,246,2,1,5,33,0,0,0,0,0
201900007196,19,4,2,2282,5,9,3,7,4503685,627550,7,2,0,1,3,3,704,306,5,7,4,19,0,0,0,0,0
201900007197,19,9,8,2116,3,6,2,2,4462367,422375,7,3,26,1,4,3,738,360,9,5,4,83,0,0,0,0,0
201900007198,19,8,18,1733,3,7,6,7,4871735,483890,5,4,25,2,4,1,643,296,3,6,2,64,0,0,0,0,0
201900007199,19,2,28,2341,1,3,8,2,4446526,-264559,2,2,2,2,4,2,468,783,4,5,5,68,0,0,0,0,0
201900007200,19,8,16,1129,5,1,3,7,4928093,-122058,9,1,33,2,1,4,402,880,7,7,3,41,0,0,0,0,0
201900007201,19,1,25,1570,4,9,9,3,4841281,-198985,1,4,26,2,3,3,537,519,9,4,3,90,0,0,0,0,0
201900007202,19,3,8,1817,1,9,6,5,4581148,-96149,7,1,49,3,4,2,720,918,9,7,1,48,0,0,0,0,0
201900007203,19,11,16,2331,4,1,1,4,4995846,382294,6,2,3,1,4,2,612,483,6,5,1,73,0,0,0,0,0
201900007204,19,2,11,1573,5,5,8,1,4905937,436628,7,4,46,3,4,4,752,58,7,7,1,35,0,0,0,0,0
201900007205,19,8,19,504,2,6,7,1,4887052,23289,1,1,30,1,2,3,721,535,8,2,4,29,0,0,0,0,0
201900007206,19,10,11,1195,3,2,1,4,4582097,-257938,9,4,20,1,1,1,140,59,7,3,2,96,0,0,0,0,0
201900007207,19,3,14,475,5,3,6,2,4685921,-395163,2,2,12,1,4,4,591,472,6,3,2,9,0,0,0,0,0
201900007208,19,8,7,1496,4,6,3,1,4497133,-50928,4,1,47,3,2,3,770,380,2,5,4,19,0,0,0,0,0
201900007209,19,11,17,2230,5,4,9,7,4431545,-142804,5,2,1,2,1,1,820,884,6,4,5,38,0,0,0,0,0
201900007210,19,6,26,450,3,6,7,2,4924089,-134003,8,3,20,3,1,1,422,65,6,5,3,78,0,0,0,0,0
201900007211,19,2,8,2155,5,9,3,7,4434507,594183,8,2,0,1,3,1,807,849,9,4,1,33,0,0,0,0,0
201900007212,19,10,15,849,4,8,6,5,4997956,401860,1,4,51,1,1,1,807,138,3,4,3,95,0,0,0,0,0
201900007213,19,6,16,41,3,9,2,1,4915118,120873,1,3,33,1,4,1,640,717,8,6,2,81,0,0,0,0,0
201900007214,19,9,26,1791,5,8,3,1,4489101,349213,8,2,40,2,3,2,335,386,6,6,1,28,0,0,0,0,0
201900007215,19,4,2,1202,1,6,9,4,4984130,-371450,6,1,27,1,1,3,241,734,3,3,5,67,0,0,0,0,0
201900007216,19,4,8,1927,3,5,3,1,4794238,-380729,1,1,23,3,2,2,148,657,5,2,5,85,0,0,0,0,0
201900007217,19,6,10,1512,4,2,3,1,4924975,-393777,9,3,2,3,1,4,685,597,3,6,4,61,0,0,0,0,0
201900007218,19,7,6,544,1,4,3,4,4495986,-323930,8,3,40,2,2,2,778,519,6,3,5,7,0,0,0,0,0
201900007219,19,7,20,1992,4,1,3,4,4956488,464223,6,3,2,1,2,2,671,364,6,3,1,59,0,0,0,0,0
201900007220,19,8,26,458,3,8,2,6,4886519,209520,7,4,39,2,3,3,543,449,5,7,5,76,0,0,0,0,0
201900007221,19,8,25,2009,5,5,8,4,4689188,5591,5,3,49,1,1,2,572,209,8,7,4,7,0,0,0,0,0
201900007222,19,3,28,648,1,1,3,5,4684869,-240440,9,2,13,3,1,2,745,48,7,3,1,25,0,0,0,0,0
201900007223,19,3,18,1055,1,2,2,7,4454200,-393506,7,4,4,3,1,3,893,523,4,7,2,79,0,0,0,0,0
201900007224,19,9,4,1271,2,2,3,6,4447825,305138,3,1,20,1,4,3,618,508,7,4,4,26,0,0,0,0,0
201900007225,19,9,9,141,1,7,2,4,4788882,47605,8,2,23,1,4,4,747,998,4,5,5,82,0,0,0,0,0
201900007226,19,4,9,1914,5,8,6,3,4517609,328366,1,4,48,2,2,4,683,626,3,2,1,34,0,0,0,0,0
201900007227,19,11,19,60,3,4,6,3,4567441,444003,2,1,23,2,3,1,328,161,4,2,5,53,0,0,0,0,0
201900007228,19,4,7,370,5,8,9,6,4830885,349304,6,3,25,3,2,4,158,660,9,1,2,8,0,0,0,0,0
201900007229,19,7,28,2140,1,7,4,4,4632538,290592,1,2,26,1,3,3,862,815,5,5,2,72,0,0,0,0,0
201900007230,19,6,7,1805,4,8,4,1,4721857,464298,1,3,48,1,2,2,466,814,1,3,1,4,0,0,0,0,0
201900007231,19,10,16,2086,5,8,1,5,4542364,614285,3,1,22,3,2,4,257,405,5,3,3,44,0,0,0,0,0
201900007232,19,10,17,590,2,7,7,2,4607354,-153676,1,4,23,1,1,1,279,666,7,6,4,78,0,0,0,0,0
201900007233,19,3,1,2245,3,1,8,4,4878992,-351644,7,2,8,2,1,3,478,983,4,7,3,92,0,0,0,0,0
201900007234,19,10,6,626,3,3,9,6,4656592,-327676,4,4,9,3,1,2,711,60,6,6,3,18,0,0,0,0,0
201900007235,19,9,14,1151,3,2,7,2,4976634,554306,1,4,14,3,4,1,260,475,1,5,4,72,0,0,0,0,0
201900007236,19,1,23,1030,5,9,3,7,4699956,-284615,3,3,31,3,1,2,208,201,8,2,5,82,0,0,0,0,0
201900007237,19,3,28,336,1,4,7,1,4745579,45246,5,3,24,1,3,4,57,835,4,3,3,40,0,0,0,0,0
201900007238,19,8,12,604,2,4,3,5,4434128,690528,7,2,44,2,3,2,333,800,1,3,2,8,0,0,0,0,0
201900007239,19,8,3,1687,5,7,4,2,4823152,424294,9,2,1,2,1,2,841,607,6,4,5,5,0,0,0,0,0
201900007240,19,1,9,1198,2,5,6,6,4629026,519898,2,3,30,3,4,1,163,648,5,5,5,91,0,0,0,0,0
201900007241,19,10,25,2228,3,2,1,6,4580409,-247817,9,1,48,1,4,4,811,344,9,5,1,20,0,0,0,0,0
201900007242,19,12,25,931,1,2,9,5,4496673,-119273,7,4,12,3,3,1,306,862,2,5,3,96,0,0,0,0,0
201900007243,19,9,15,1307,3,8,3,2,4748079,402888,8,2,40,3,1,2,653,704,9,1,3,92,0,0,0,0,0
201900007244,19,11,19,228,4,9,1,7,4817047,368260,1,2,1,1,4,4,598,213,3,2,3,1,0,0,0,0,0
201900007245,19,10,4,2011,3,2,6,6,4654504,-69349,6,3,31,3,1,2,662,420,2,3,5,24,0,0,0,0,0
201900007246,19,5,25,1035,4,1,8,2,4460591,-72354,8,4,18,1,2,4,30,928,6,5,4,94,0,0,0,0,0
201900007247,19,12,17,908,4,4,1,4,4536395,240456,9,1,51,1,3,2,267,294,5,7,5,20,0,0,0,0,0
201900007248,19,2,6,521,5,8,6,1,4795515,137720,3,1,35,2,2,2,577,733,5,6,1,49,0,0,0,0,0
201900007249,19,1,2,1893,3,6,8,3,4510063,-142658,5,3,13,3,2,3,664,837,6,6,1,83,0,0,0,0,0
201900007250,19,6,18,1362,5,3,8,1,4468917,121612,9,4,28,3,3,2,55,601,6,7,5,57,0,0,0,0,0
201900007251,19,6,25,1222,3,6,5,1,4930776,312086,6,3,7,2,4,4,681,88,7,7,1,17,0,0,0,0,0
201900007252,19,7,9,408,5,9,5,3,4872750,-130560,3,4,6,3,1,4,78,818,9,6,5,76,0,0,0,0,0
201900007253,19,5,11,1741,1,8,6,1,4688656,-316989,6,4,31,3,4,4,415,455,7,3,3,16,0,0,0,0,0
201900007254,19,12,4,1591,5,1,7,5,4698781,277665,6,3,42,2,2,2,262,34,6,6,5,74,0,0,0,0,0
201900007255,19,4,7,1145,5,8,5,1,4780356,127045,7,1,24,2,4,4,435,743,2,6,3,46,0,0,0,0,0
201900007256,19,7,20,974,5,9,4,7,4758716,420550,4,2,44,3,1,1,771,29,4,4,1,82,0,0,0,0,0
201900007257,19,12,5,462,5,8,8,4,4543198,372132,1,1,4,3,2,2,609,448,9,1,5,79,0,0,0,0,0
201900007258,19,11,7,715,1,4,7,6,4883832,-81306,6,3,14,2,3,2,743,994,4,7,5,29,0,0,0,0,0
201900007259,19,8,8,2034,3,2,1,2,4609168,262668,7,3,21,1,4,1,346,757,1,1,5,7,0,0,0,0,0
201900007260,19,6,9,63,1,6,7,3,4787995,495437,9,4,47,1,4,4,86,364,8,4,5,38,0,0,0,0,0
201900007261,19,2,18,442,1,6,1,5,4530740,216770,1,1,37,1,2,1,403,278,7,3,3,31,0,0,0,0,0
201900007262,19,6,10,868,1,7,4,4,4626546,-109128,4,4,23,2,3,4,653,950,9,7,5,17,0,0,0,0,0
201900007263,19,8,3,818,5,2,1,6,4852860,655616,3,3,16,1,4,3,25,702,3,4,5,68,0,0,0,0,0
201900007264,19,10,27,1670,2,9,2,1,4699482,332124,6,2,11,2,2,4,692,334,3,5,1,91,0,0,0,0,0
201900007265,19,10,27,1542,5,5,6,5,4776155,-313207,7,4,14,1,4,4,180,787,8,6,4,31,0,0,0,0,0
201900007266,19,3,3,2260,1,1,2,7,4557498,252979,8,4,29,1,2,2,189,878,2,7,5,40,0,0,0,0,0
201900007267,19,6,12,2231,2,5,3,7,4921156,98000,6,1,20,2,4,3,366,351,7,6,4,32,0,0,0,0,0
201900007268,19,4,10,1440,4,9,4,1,4636216,-77215,4,3,30,3,3,4,16,272,4,7,2,98,0,0,0,0,0
201900007269,19,3,12,1025,3,2,5,3,4700610,268341,3,1,11,3,4,3,830,645,1,2,2,45,0,0,0,0,0
201900007270,19,12,22,1140,5,6,3,1,4409266,-252325,2,2,8,2,2,4,431,144,8,7,3,73,0,0,0,0,0
201900007271,19,9,12,807,4,5,6,6,4818875,181264,5,4,34,2,1,1,767,89,7,3,4,43,0,0,0,0,0
201900007272,19,1,3,2041,4,3,2,4,4463553,352354,7,1,0,1,2,2,61,562,2,6,3,7,0,0,0,0,0
201900007273,19,3,28,983,2,2,8,3,4997870,14422,9,2,52,1,3,4,149,589,8,1,5,32,0,0,0,0,0
201900007274,19,4,14,413,3,2,3,5,4562003,-6518,2,2,1,2,4,1,64,378,3,7,1,85,0,0,0,0,0
201900007275,19,8,16,1966,2,7,7,6,4492132,444953,8,3,2,1,1,3,509,727,3,6,3,66,0,0,0,0,0
201900007276,19,11,16,1901,3,4,3,1,4735268,-227304,2,2,8,1,2,2,180,780,8,7,1,67,0,0,0,0,0
201900007277,19,9,17,2048,4,4,6,1,4899561,368492,3,2,7,1,2,3,532,854,8,1,1,8,0,0,0,0,0
201900007278,19,9,13,1757,2,2,8,2,4558785,-325922,6,2,30,1,3,1,780,533,8,7,5,84,0,0,0,0,0
201900007279,19,10,5,669,1,8,6,5,4961301,235553,7,4,39,3,3,2,242,43,3,4,1,16,0,0,0,0,0
201900007280,19,5,1,946,2,9,3,7,4469528,-152087,2,2,46,3,1,1,174,591,9,6,3,61,0,0,0,0,0
201900007281,19,3,11,862,2,7,1,4,4876022,270121,1,3,25,1,3,1,894,795,7,6,3,37,0,0,0,0,0
201900007282,19,11,6,1788,3,6,1,2,4780689,413660,5,4,12,2,2,2,644,346,9,2,2,51,0,0,0,0,0
201900007283,19,3,8,1492,2,4,8,5,4937262,164760,2,3,46,1,1,2,870,781,7,6,2,69,0,0,0,0,0
201900007284,19,11,20,249,4,3,7,7,4622097,-154397,1,3,39,3,4,1,234,936,1,5,4,58,0,0,0,0,0
201900007285,19,2,19,2039,3,7,2,1,4874747,-303970,5,2,6,2,1,2,593,879,5,7,5,37,0,0,0,0,0
201900007286,19,7,4,984,3,2,8,3,4508684,-74237,2,1,30,3,3,3,423,355,5,3,4,91,0,0,0,0,0
201900007287,19,10,23,1581,4,5,6,7,4508678,-378065,8,1,40,1,1,2,32,541,7,4,2,95,0,0,0,0,0
201900007288,19,5,24,334,1,8,4,3,4551601,-105986,4,2,25,1,3,2,44,134,2,4,2,41,0,0,0,0,0
201900007289,19,8,24,334,1,9,8,3,4975717,-28642,9,4,7,2,1,3,471,279,7,5,1,31,0,0,0,0,0
201900007290,19,4,2,1557,3,6,1,2,4737923,692735,4,3,33,3,4,2,633,407,7,5,4,16,0,0,0,0,0
201900007291,19,8,23,1998,3,7,2,4,4506043,-34652,4,2,44,1,1,2,365,185,6,6,2,12,0,0,0,0,0
201900007292,19,6,17,435,2,9,6,5,4703301,473402,2,1,43,1,3,2,218,479,4,3,5,85,0,0,0,0,0
201900007293,19,8,19,2014,5,4,1,6,4527773,208006,1,1,32,1,3,2,388,689,6,6,3,37,0,0,0,0,0
201900007294,19,7,7,1120,5,1,7,7,4759161,686292,3,2,40,1,4,4,845,178,8,3,2,63,0,0,0,0,0
201900007295,19,6,20,1474,3,1,6,5,4940504,2057,1,1,40,3,4,2,499,145,5,4,4,9,0,0,0,0,0
201900007296,19,2,23,427,1,7,9,6,4682636,-239146,8,1,14,3,3,4,800,422,3,2,3,94,0,0,0,0,0
201900007297,19,6,16,147,2,4,5,5,4595011,285560,6,1,17,3,1,3,126,721,6,5,3,28,0,0,0,0,0
201900007298,19,8,2,1450,5,3,6,5,4973599,-337770,7,4,49,2,3,2,314,123,2,6,1,3,0,0,0,0,0
201900007299,19,8,24,355,2,2,2,6,4734702,40297,3,2,9,1,3,1,186,20,5,6,3,64,0,0,0,0,0
201900007300,19,11,20,1544,4,2,7,3,4867149,542632,5,2,35,2,2,1,614,418,6,1,4,98,0,0,0,0,0
201900007301,19,12,8,2055,2,3,1,4,4989859,633526,1,3,27,3,4,4,205,388,7,3,2,56,0,0,0,0,0
201900007302,19,3,28,1836,3,9,7,4,4982797,-29995,5,3,46,3,3,1,351,382,9,2,5,45,0,0,0,0,0
201900007303,19,1,6,1296,5,8,5,3,4881735,325743,8,2,35,1,1,1,545,216,6,5,5,90,0,0,0,0,0
201900007304,19,1,19,833,3,9,8,2,4590984,234437,8,1,27,2,3,1,123,198,9,7,1,52,0,0,0,0,0
201900007305,19,3,5,1942,1,3,6,7,4964958,565984,6,4,37,3,1,2,293,715,8,2,1,25,0,0,0,0,0
201900007306,19,3,23,1714,1,6,1,4,4477536,-90247,5,2,36,2,3,2,222,32,1,5,2,67,0,0,0,0,0
201900007307,19,9,13,2323,5,9,3,3,4539637,509895,8,2,26,3,1,2,331,769,2,2,4,48,0,0,0,0,0
201900007308,19,12,26,1182,2,4,2,3,4843789,-366105,5,3,20,2,2,2,250,359,4,2,5,20,0,0,0,0,0
201900007309,19,11,17,1319,5,6,3,5,4421073,-13190,5,1,17,3,3,3,259,540,6,5,5,87,0,0,0,0,0
201900007310,19,2,2,436,2,7,1,7,4822783,99796,4,1,32,2,3,3,121,826,4,4,2,12,0,0,0,0,0
201900007311,19,8,2,145,5,8,3,5,4597146,-28947,8,2,4,2,3,2,138,928,5,7,4,95,0,0,0,0,0
201900007312,19,7,22,1903,2,8,4,3,4734524,-381383,5,1,40,1,1,3,61,851,2,2,5,92,0,0,0,0,0
201900007313,19,9,25,1863,2,6,2,1,4490134,-44070,2,1,19,2,1,3,266,156,5,1,4,71,0,0,0,0,0
201900007314,19,11,28,1515,3,8,5,5,4427183,131925,3,3,5,2,4,2,362,604,9,5,4,2,0,0,0,0,0
201900007315,19,4,13,1772,2,5,5,5,4639258,-15104,5,4,40,1,1,1,793,419,2,5,4,36,0,0,0,0,0
201900007316,19,10,10,2240,2,7,3,5,4835641,-91873,1,2,52,3,4,2,566,740,9,5,5,47,0,0,0,0,0
201900007317,19,6,27,1036,2,6,9,5,4490793,160781,3,4,53,3,3,1,557,885,1,5,1,14,0,0,0,0,0
201900007318,19,7,6,1021,3,7,9,1,4869329,528926,3,4,1,3,4,2,789,57,5,2,3,67,0,0,0,0,0
201900007319,19,10,25,89,2,7,3,1,4410978,413393,3,1,36,3,1,1,308,94,5,4,5,6,0,0,0,0,0
201900007320,19,2,26,1659,3,4,6,1,4893540,551076,8,1,10,2,4,3,354,155,5,2,3,22,0,0,0,0,0
201900007321,19,10,26,961,1,2,9,2,4999674,3017,2,1,15,2,1,2,74,31,6,2,5,36,0,0,0,0,0
201900007322,19,5,15,369,1,1,9,5,4996420,-31804,5,2,24,3,2,2,791,95,4,6,5,39,0,0,0,0,0
201900007323,19,11,8,1170,3,9,7,5,4951826,638819,4,4,6,2,4,4,891,689,3,7,4,83,0,0,0,0,0
201900007324,19,10,12,1658,5,6,8,4,4500545,-151105,5,1,14,2,2,2,329,304,5,3,5,67,0,0,0,0,0
201900007325,19,7,3,416,2,9,3,2,4691622,526063,6,4,7,1,2,3,783,263,7,3,5,16,0,0,0,0,0
201900007326,19,1,15,930,4,1,4,3,4887054,516179,2,1,37,2,3,1,94,399,8,2,5,5,0,0,0,0,0
201900007327,19,3,4,2190,3,7,8,7,4777443,124299,2,1,52,2,3,3,781,210,2,2,3,6,0,0,0,0,0
201900007328,19,3,14,1486,2,7,9,6,4440569,-198384,7,4,31,2,2,3,374,457,9,5,4,36,0,0,0,0,0
201900007329,19,11,16,1716,4,5,5,4,4861362,453608,9,2,8,2,2,1,408,338,6,3,2,14,0,0,0,0,0
201900007330,19,11,14,2029,2,6,2,3,4494187,90650,6,4,25,1,3,4,140,740,5,5,5,74,0,0,0,0,0
201900007331,19,7,19,1059,3,7,3,5,4792691,-75128,5,4,27,3,1,2,198,809,3,2,5,3,0,0,0,0,0
201900007332,19,6,1,1371,5,8,5,5,4740448,-157313,4,2,1,2,1,3,873,726,9,4,1,31,0,0,0,0,0
201900007333,19,5,28,1499,1,2,2,6,4619970,-175437,5,4,39,3,4,2,501,531,6,2,1,42,0,0,0,0,0
201900007334,19,12,27,1968,1,4,5,7,4798427,211526,6,2,30,3,4,3,88,595,1,7,1,18,0,0,0,0,0
201900007335,19,5,10,1762,3,3,5,6,4643546,370146,3,4,47,2,4,4,765,374,8,1,1,9,0,0,0,0,0
201900007336,19,10,13,2238,1,2,9,2,4904599,107060,7,4,27,3,2,4,811,598,3,6,2,99,0,0,0,0,0
201900007337,19,7,19,1075,2,8,6,7,4919461,-272354,2,2,5,1,2,1,612,436,2,2,2,10,0,0,0,0,0
201900007338,19,5,16,621,2,6,1,5,4794899,-47035,7,2,34,3,4,2,884,815,7,2,2,17,0,0,0,0,0
201900007339,19,6,13,1152,4,1,7,5,4419760,-211052,6,2,20,2,2,2,180,482,4,3,2,94,0,0,0,0,0
201900007340,19,2,24,451,1,1,9,5,4975809,-98228,8,2,5,3,1,2,797,66,7,5,5,46,0,0,0,0,0
201900007341,19,10,19,158,5,5,8,1,4658922,234567,8,3,41,1,3,4,714,775,5,3,5,41,0,0,0,0,0
201900007342,19,5,6,1649,2,4,6,5,4649929,-359337,7,4,20,2,4,1,405,341,7,3,3,66,0,0,0,0,0
201900007343,19,6,28,1747,4,4,9,6,4798207,244688,9,3,35,3,3,3,223,713,4,6,4,81,0,0,0,0,0
201900007344,19,2,25,1210,5,8,8,7,4748365,-349870,3,4,9,2,3,1,501,967,4,2,4,7,0,0,0,0,0
201900007345,19,6,5,1033,1,2,5,6,4832693,178966,2,1,30,3,2,2,587,102,8,7,4,94,0,0,0,0,0
201900007346,19,7,20,923,5,2,8,5,4827140,401230,9,1,33,3,3,4,537,982,8,3,3,80,0,0,0,0,0
201900007347,19,1,26,1549,3,3,3,6,4812393,453305,9,4,29,2,4,4,160,476,6,7,4,55,0,0,0,0,0
201900007348,19,3,7,814,2,6,3,3,4836569,620457,8,1,23,1,4,3,284,824,4,7,3,78,0,0,0,0,0
201900007349,19,10,22,485,2,9,6,6,4417813,533671,2,1,36,2,1,3,855,233,5,4,4,73,0,0,0,0,0
201900007350,19,3,19,882,5,3,7,2,4711138,246998,4,3,50,3,4,4,779,812,4,1,3,96,0,0,0,0,0
201900007351,19,7,17,1348,3,7,4,6,4660859,-105071,8,4,19,2,4,1,444,671,5,1,5,81,0,0,0,0,0
201900007352,19,12,11,642,1,4,7,1,4855863,210161,4,3,50,1,2,4,310,839,6,4,2,41,0,0,0,0,0
201900007353,19,11,18,2293,4,3,1,2,4908062,-396835,1,2,19,3,2,3,546,428,2,6,5,47,0,0,0,0,0
201900007354,19,1,16,424,5,3,2,5,4827410,322260,6,1,42,2,2,3,738,899,5,1,2,69,0,0,0,0,0
201900007355,19,6,9,58,1,3,9,7,4852865,51120,9,3,27,3,2,1,596,99,1,2,5,73,0,0,0,0,0
201900007356,19,6,27,11,4,3,1,5,4779875,329483,7,4,27,3,2,1,385,978,7,1,3,18,0,0,0,0,0
201900007357,19,11,17,1718,1,8,4,7,4701905,-191292,5,3,24,2,2,3,515,451,9,6,3,93,0,0,0,0,0
201900007358,19,11,12,1695,5,8,5,5,4951527,266058,1,4,11,3,2,4,453,606,2,3,2,66,0,0,0,0,0
201900007359,19,7,23,834,3,5,5,7,4807427,37069,8,3,30,1,2,4,889,364,1,3,1,49,0,0,0,0,0
201900007360,19,4,14,425,3,6,9,4,4933500,551060,3,4,2,1,4,3,606,88,6,7,1,39,0,0,0,0,0
201900007361,19,5,4,2035,1,3,1,2,4530351,-248965,1,4,19,1,3,3,320,920,3,6,5,51,0,0,0,0,0
201900007362,19,9,25,386,4,3,5,7,4993936,-384342,9,2,50,3,4,4,575,169,7,4,1,40,0,0,0,0,0
201900007363,19,4,27,1662,4,6,8,2,4881092,-165180,7,3,18,3,2,1,257,607,4,6,3,57,0,0,0,0,0