Num_Acc,an,mois,jour,hrmn,lum,int,atm,col,lat,long,catr,circ,nbv,vosp,prof,plan,lartpc,larrout,surf,infra,situ,env1,unscathed,killed,hospital,light,chance
201900007364,19,7,12,143,5,2,2,3,4633938,-43341,2,3,3,3,1,2,547,337,6,1,1,66,0,0,0,0,0
201900007365,19,3,2,1564,1,7,6,7,4487673,613010,1,3,17,3,2,2,380,559,8,5,4,54,0,0,0,0,0
201900007366,19,6,17,1245,4,1,8,3,4480262,511857,3,4,41,2,2,3,214,346,8,5,1,3,0,0,0,0,0
201900007367,19,8,15,595,1,5,6,4,4697267,-248545,5,4,0,2,1,4,792,327,1,1,3,0,0,0,0,0,0
201900007368,19,5,2,1456,5,2,5,4,4531548,591412,9,1,34,3,4,2,515,915,9,1,2,56,0,0,0,0,0
201900007369,19,6,19,784,5,7,1,3,4663448,343452,5,4,31,3,3,1,183,33,8,5,2,4,0,0,0,0,0
201900007370,19,10,18,284,3,3,1,5,4524335,-285042,3,3,6,1,4,1,46,677,1,1,5,98,0,0,0,0,0
201900007371,19,10,22,1180,5,6,7,3,4795482,475899,1,3,2,3,4,3,467,821,4,2,4,12,0,0,0,0,0
201900007372,19,9,6,1159,2,8,4,1,4536860,383247,8,3,36,1,4,1,633,680,8,3,5,88,0,0,0,0,0
201900007373,19,10,4,1929,1,9,5,1,4690002,254045,4,3,27,1,1,1,217,832,6,6,5,83,0,0,0,0,0
201900007374,19,3,15,1239,5,2,8,5,4580196,215944,6,2,24,3,3,2,664,827,1,2,1,83,0,0,0,0,0
201900007375,19,10,5,256,1,2,8,5,4497534,559181,5,4,12,2,3,2,585,962,8,7,5,51,0,0,0,0,0
201900007376,19,5,17,875,5,9,5,2,4446200,503520,1,1,50,1,2,1,296,216,9,1,4,94,0,0,0,0,0
201900007377,19,11,23,2104,4,4,7,3,4610491,86048,7,2,46,1,3,2,849,939,6,4,3,15,0,0,0,0,0
201900007378,19,4,21,1407,4,7,5,3,4708933,56518,2,3,34,2,4,3,758,995,4,1,3,60,0,0,0,0,0
201900007379,19,1,20,2062,3,1,6,6,4609908,509521,2,2,2,2,4,2,104,713,6,7,4,13,0,0,0,0,0
201900007380,19,5,8,2252,3,7,8,6,4492841,509497,1,1,10,3,1,4,390,451,7,3,1,4,0,0,0,0,0
201900007381,19,12,10,878,4,6,2,1,4692263,-96727,4,1,38,1,2,1,812,850,8,1,1,88,0,0,0,0,0
201900007382,19,1,11,1109,3,2,3,7,4615654,84511,1,4,11,3,4,4,169,761,8,2,2,78,0,0,0,0,0
201900007383,19,9,11,1944,1,4,7,6,4737508,-37699,2,3,50,3,3,2,895,96,1,5,5,49,0,0,0,0,0
201900007384,19,7,7,806,4,9,9,1,4502110,173141,9,2,9,2,1,3,595,798,9,7,2,82,0,0,0,0,0
201900007385,19,9,15,1802,4,2,8,3,4666224,20442,5,4,4,1,3,3,577,749,1,7,2,91,0,0,0,0,0
201900007386,19,12,16,24,1,6,3,3,4432656,208844,9,2,33,2,4,1,0,903,1,5,3,60,0,0,0,0,0
201900007387,19,7,10,1320,5,9,9,7,4896316,293871,4,4,21,1,2,1,862,60,9,2,3,3,0,0,0,0,0
201900007388,19,11,9,1591,2,1,7,3,4778863,414335,4,4,12,2,1,1,661,199,6,4,5,69,0,0,0,0,0
201900007389,19,6,18,1966,3,1,9,6,4783204,565869,8,4,44,2,4,4,495,134,6,2,3,58,0,0,0,0,0
201900007390,19,1,20,1939,1,7,4,2,4629156,619157,9,4,9,2,4,1,225,590,4,7,5,34,0,0,0,0,0
201900007391,19,12,1,595,2,3,8,6,4875807,590559,4,3,53,3,3,3,295,732,4,1,3,90,0,0,0,0,0
201900007392,19,4,4,918,4,2,7,1,4476622,631589,4,1,15,1,2,4,296,780,1,1,2,3,0,0,0,0,0
201900007393,19,1,16,450,2,1,8,1,4695140,-183249,1,1,48,3,4,2,731,696,1,6,2,91,0,0,0,0,0
201900007394,19,8,12,2189,1,4,4,5,4561839,-92015,2,1,22,2,1,1,294,367,7,3,1,65,0,0,0,0,0
201900007395,19,7,1,2284,1,1,8,7,4791681,-232297,5,4,45,3,4,1,821,754,9,5,4,0,0,0,0,0,0
201900007396,19,11,26,123,5,7,7,1,4476725,-213980,3,1,37,3,2,3,327,81,1,4,4,47,0,0,0,0,0
201900007397,19,10,8,610,2,8,8,1,4962823,270209,3,1,22,3,2,1,623,93,8,5,3,44,0,0,0,0,0
201900007398,19,12,14,2296,3,3,5,6,4485502,304961,5,1,49,3,4,2,539,587,2,4,5,42,0,0,0,0,0
201900007399,19,2,1,1016,2,8,4,3,4723695,156692,5,1,45,2,3,3,477,584,7,2,5,25,0,0,0,0,0
201900007400,19,1,11,1671,5,7,5,1,4720069,-168074,2,3,23,3,4,3,800,972,8,6,3,18,0,0,0,0,0
201900007401,19,5,10,898,1,8,7,5,4972959,-237492,9,1,35,1,3,1,171,652,4,1,2,16,0,0,0,0,0
201900007402,19,1,8,751,4,8,8,4,4691168,-37171,1,2,16,2,3,4,261,998,8,7,4,45,0,0,0,0,0
201900007403,19,4,25,2212,1,5,7,5,4689482,-200030,4,3,39,3,3,2,817,818,4,1,2,60,0,0,0,0,0
201900007404,19,4,25,1346,4,1,7,1,4414361,75606,5,3,46,3,3,2,312,964,2,7,4,80,0,0,0,0,0
201900007405,19,11,26,2325,4,2,7,6,4681956,264036,9,1,40,2,2,3,914,413,3,6,5,34,0,0,0,0,0
201900007406,19,3,9,91,4,3,6,2,4411150,558250,4,2,12,2,3,1,881,717,4,5,4,71,0,0,0,0,0
201900007407,19,7,23,2310,4,6,5,6,4962678,-76535,1,4,17,1,4,1,179,889,3,5,1,97,0,0,0,0,0
201900007408,19,5,15,2083,5,5,2,5,4791507,613245,1,2,32,1,4,1,550,912,1,4,2,45,0,0,0,0,0
201900007409,19,12,24,800,5,6,9,3,4664447,-55876,8,3,51,3,3,4,538,903,3,2,2,69,0,0,0,0,0
201900007410,19,11,25,451,5,8,8,7,4814318,-14528,9,2,0,1,4,3,59,131,3,2,5,34,0,0,0,0,0
201900007411,19,12,18,1501,1,2,5,2,4744270,47535,2,2,12,3,2,4,470,250,9,3,4,88,0,0,0,0,0
201900007412,19,5,4,464,5,2,8,6,4454493,323803,8,3,31,2,3,2,510,45,5,4,3,56,0,0,0,0,0
201900007413,19,4,6,1762,2,5,3,1,4947447,422142,1,2,16,2,1,3,115,183,1,6,2,58,0,0,0,0,0
201900007414,19,9,27,1493,4,6,2,1,4893279,-144337,8,2,20,2,3,1,778,996,9,2,2,64,0,0,0,0,0
201900007415,19,8,3,720,2,4,9,1,4615001,167734,7,4,19,1,4,2,103,421,6,5,4,33,0,0,0,0,0
201900007416,19,1,4,1922,5,1,3,4,4651704,574341,7,1,34,1,4,3,757,108,3,6,1,12,0,0,0,0,0
201900007417,19,2,21,2164,1,3,2,4,4935679,364707,2,3,18,1,2,4,913,736,2,2,3,2,0,0,0,0,0
201900007418,19,6,21,1848,1,8,6,2,4599073,254250,5,4,7,2,1,2,821,408,4,3,2,92,0,0,0,0,0
201900007419,19,1,16,263,2,3,7,7,4884225,10641,6,2,30,1,2,3,880,14,3,4,3,55,0,0,0,0,0
201900007420,19,12,4,1565,3,2,9,5,4660725,232413,9,4,9,3,2,4,786,532,2,5,1,86,0,0,0,0,0
201900007421,19,10,7,1967,1,9,2,4,4771797,433165,3,4,22,1,1,4,248,25,3,7,2,55,0,0,0,0,0
201900007422,19,3,3,343,5,3,3,7,4426077,572903,8,1,20,3,3,2,762,672,2,5,5,34,0,0,0,0,0
201900007423,19,5,17,2259,1,1,1,4,4818028,646521,7,3,42,3,1,1,51,502,2,4,2,36,0,0,0,0,0
201900007424,19,6,15,75,3,7,6,5,4831839,154079,2,1,11,2,2,3,456,392,8,2,5,25,0,0,0,0,0
201900007425,19,7,16,1273,5,8,2,4,4761742,124202,4,1,49,2,1,3,728,211,8,1,1,22,0,0,0,0,0
201900007426,19,3,3,381,3,3,1,3,4692310,371684,2,3,52,3,1,3,741,216,1,2,5,20,0,0,0,0,0
201900007427,19,10,21,937,5,6,1,3,4988869,255688,1,4,50,3,2,1,794,730,2,7,3,7,0,0,0,0,0
201900007428,19,7,24,2011,3,9,5,1,4798530,376764,9,3,6,3,4,3,413,724,8,2,3,69,0,0,0,0,0
201900007429,19,6,25,656,1,2,9,7,4557267,283650,2,4,10,3,3,3,107,489,3,7,1,65,0,0,0,0,0
201900007430,19,4,12,235,4,8,5,3,4549485,231217,6,4,10,3,1,3,653,832,3,7,1,23,0,0,0,0,0
201900007431,19,4,27,506,3,5,1,3,4777263,340749,9,4,42,2,1,4,834,148,2,5,2,57,0,0,0,0,0
201900007432,19,8,16,661,1,3,2,1,4501403,5623,9,1,1,2,3,3,163,307,8,1,5,75,0,0,0,0,0
201900007433,19,8,8,1046,5,1,8,7,4791429,-229677,7,3,19,3,4,3,869,167,2,5,5,61,0,0,0,0,0
201900007434,19,12,6,780,1,3,9,4,4701503,299684,1,1,49,3,2,4,474,870,9,3,3,36,0,0,0,0,0
201900007435,19,2,2,388,1,8,7,6,4779919,352427,5,3,3,2,4,4,197,433,5,2,3,90,0,0,0,0,0
201900007436,19,11,26,921,2,2,1,4,4750183,-216251,8,2,22,2,4,3,876,731,1,1,5,88,0,0,0,0,0
201900007437,19,12,12,1200,2,1,9,2,4693938,35468,6,3,27,3,4,2,817,340,2,1,5,86,0,0,0,0,0
201900007438,19,5,10,464,4,2,7,6,4412174,-82182,5,2,52,2,1,4,578,182,7,5,1,95,0,0,0,0,0
201900007439,19,4,21,204,4,9,9,3,4537709,615829,4,2,23,2,4,2,761,35,5,7,2,28,0,0,0,0,0
201900007440,19,8,26,733,2,3,1,6,4705989,87235,2,1,49,3,3,1,222,982,8,1,1,99,0,0,0,0,0
201900007441,19,3,17,1951,5,7,5,4,4987778,-69910,2,3,46,2,1,1,794,805,2,4,2,61,0,0,0,0,0
201900007442,19,6,23,731,4,6,7,5,4548696,-190341,9,2,39,2,3,4,85,475,9,1,1,24,0,0,0,0,0
201900007443,19,2,15,282,2,7,7,1,4690589,-17940,6,4,21,3,3,4,396,681,1,3,3,36,0,0,0,0,0
201900007444,19,2,24,1825,4,1,4,2,4923207,656230,6,1,51,2,1,2,536,923,2,2,5,72,0,0,0,0,0
201900007445,19,11,19,1474,2,7,7,7,4891772,-84611,8,2,27,1,3,1,873,933,1,7,3,41,0,0,0,0,0
201900007446,19,3,14,873,3,7,8,6,4880010,189062,4,3,17,3,4,2,10,531,5,1,2,76,0,0,0,0,0
201900007447,19,1,14,2027,3,7,2,3,4478095,-284052,6,2,7,2,1,4,596,963,4,3,5,81,0,0,0,0,0
201900007448,19,6,5,1393,3,7,1,6,4543989,546247,4,2,11,3,1,4,602,980,5,2,1,93,0,0,0,0,0
201900007449,19,11,10,975,5,9,8,7,4836454,-378024,1,2,49,2,4,3,771,721,5,2,1,60,0,0,0,0,0
201900007450,19,11,13,2036,5,5,7,6,4950957,-362973,8,3,19,2,2,1,481,776,9,6,1,90,0,0,0,0,0
201900007451,19,10,9,642,4,7,2,5,4900406,-274107,7,3,3,1,4,4,564,301,8,4,5,36,0,0,0,0,0
201900007452,19,12,14,2311,1,1,4,6,4533457,-62901,3,2,15,1,1,4,246,990,3,2,3,74,0,0,0,0,0
201900007453,19,12,10,642,1,9,5,2,4683937,621815,3,2,23,2,1,4,638,640,2,2,5,90,0,0,0,0,0
201900007454,19,5,26,1114,3,7,7,7,4994979,-302181,7,4,30,2,4,2,788,952,7,2,5,12,0,0,0,0,0
201900007455,19,6,19,1020,5,9,7,4,4551332,-262092,8,2,33,3,3,4,175,829,2,5,4,98,0,0,0,0,0
201900007456,19,4,13,1758,2,1,7,3,4992006,50594,8,4,14,1,2,1,1,801,5,6,5,24,0,0,0,0,0
201900007457,19,8,2,645,4,6,2,1,4780544,622560,8,4,2,1,2,1,108,135,6,3,4,90,0,0,0,0,0
201900007458,19,10,28,108,4,1,1,2,4493516,649575,8,4,28,2,1,3,281,688,6,1,3,57,0,0,0,0,0
201900007459,19,6,23,262,5,2,5,3,4726399,310542,6,4,13,1,3,1,496,796,1,2,4,39,0,0,0,0,0
201900007460,19,7,16,131,2,9,1,4,4709476,237697,8,4,51,1,2,2,617,951,1,5,3,81,0,0,0,0,0
201900007461,19,9,2,1024,3,3,5,2,4986568,156191,4,4,7,2,3,1,609,410,6,2,3,78,0,0,0,0,0
201900007462,19,9,1,2268,1,1,1,7,4759951,231905,8,1,29,1,1,1,356,534,9,7,4,70,0,0,0,0,0
201900007463,19,3,5,379,4,5,8,3,4901806,-205124,6,3,30,3,1,2,547,488,4,3,1,0,0,0,0,0,0
201900007464,19,2,4,1690,5,1,6,6,4609085,-50584,9,4,16,1,4,2,640,78,8,6,1,68,0,0,0,0,0
201900007465,19,11,1,1027,5,8,8,4,4708571,-265437,5,2,29,1,2,4,702,508,5,4,4,8,0,0,0,0,0
201900007466,19,9,12,867,3,2,3,3,4936897,-309108,7,1,48,1,4,4,669,522,2,7,5,98,0,0,0,0,0
201900007467,19,6,4,737,5,3,1,2,4862547,533468,9,3,38,2,2,1,796,990,1,7,2,89,0,0,0,0,0
201900007468,19,6,2,1546,2,5,3,4,4650716,-152668,5,4,53,2,2,4,0,880,7,6,1,4,0,0,0,0,0
201900007469,19,4,15,38,3,4,9,1,4491261,246340,1,4,19,3,4,1,613,169,6,5,3,50,0,0,0,0,0
201900007470,19,11,22,1006,1,7,3,2,4628083,-73310,3,2,9,2,1,2,570,788,4,1,3,67,0,0,0,0,0
201900007471,19,12,6,1633,1,3,6,3,4587967,669484,5,1,45,1,4,2,306,10,1,5,3,69,0,0,0,0,0
201900007472,19,7,26,1830,2,8,5,2,4594163,50893,6,1,27,3,4,4,815,377,4,7,2,27,0,0,0,0,0
201900007473,19,3,2,793,5,9,2,1,4795631,-350411,6,2,0,1,4,2,81,742,6,6,1,49,0,0,0,0,0
201900007474,19,6,2,819,4,5,7,6,4579199,-348305,4,1,14,1,3,1,745,578,8,5,3,19,0,0,0,0,0
201900007475,19,10,21,1127,5,6,1,5,4849019,-165302,8,3,9,1,4,1,128,776,7,1,2,83,0,0,0,0,0
201900007476,19,1,23,2019,3,1,8,6,4974981,191985,2,4,14,1,3,1,289,735,9,1,3,20,0,0,0,0,0
201900007477,19,5,26,1844,3,1,5,5,4863370,-28893,3,3,28,3,1,2,571,801,9,5,3,70,0,0,0,0,0
201900007478,19,8,15,1438,5,1,1,5,4402092,-208944,1,3,21,2,4,1,680,860,2,7,1,62,0,0,0,0,0
201900007479,19,10,25,1305,4,1,8,2,4606473,343078,1,1,22,3,4,1,533,520,2,3,2,94,0,0,0,0,0
201900007480,19,1,14,1995,4,8,6,1,4419134,-317011,6,2,30,1,4,1,622,825,6,7,2,5,0,0,0,0,0
201900007481,19,2,18,1630,5,9,9,4,4940953,-40046,4,3,14,2,4,1,746,269,2,1,3,38,0,0,0,0,0
201900007482,19,12,27,1392,4,2,4,1,4931894,640183,4,4,52,2,4,1,884,252,3,5,5,74,0,0,0,0,0
201900007483,19,6,2,1085,1,3,2,5,4465882,659452,3,3,46,1,2,4,800,183,1,6,1,35,0,0,0,0,0
201900007484,19,5,7,2351,2,9,5,1,4882690,-303455,1,2,33,2,2,2,710,946,2,4,3,0,0,0,0,0,0
201900007485,19,1,21,1241,1,2,2,1,4792994,475732,8,3,5,1,4,2,914,573,9,5,3,11,0,0,0,0,0
201900007486,19,12,17,81,2,4,3,5,4862488,652109,7,4,31,1,2,2,724,157,2,6,2,15,0,0,0,0,0
201900007487,19,2,10,933,4,9,8,2,4463531,443502,4,2,36,1,3,4,55,347,5,2,5,24,0,0,0,0,0
201900007488,19,11,23,2010,2,2,6,1,4495794,438093,3,3,10,2,3,4,432,5,4,2,5,6,0,0,0,0,0
201900007489,19,9,7,154,4,6,4,7,4988769,-78864,9,2,4,2,2,4,747,679,7,5,1,24,0,0,0,0,0
201900007490,19,3,15,1275,3,5,9,1,4561143,343354,4,4,49,3,1,1,905,436,2,5,3,85,0,0,0,0,0
201900007491,19,7,25,80,4,5,6,2,4714324,279268,7,2,33,1,4,4,85,408,5,5,3,69,0,0,0,0,0
201900007492,19,8,1,1405,5,4,5,4,4516071,-108987,8,4,43,3,1,4,740,342,8,6,1,97,0,0,0,0,0
201900007493,19,6,2,246,4,1,2,3,4604884,691217,1,4,43,2,1,2,705,756,7,1,3,32,0,0,0,0,0
201900007494,19,12,22,756,2,3,9,3,4509873,562811,8,3,6,1,2,4,168,540,6,5,1,4,0,0,0,0,0
201900007495,19,7,25,1384,5,5,1,3,4494896,-276800,1,4,49,1,3,1,272,40,4,7,1,72,0,0,0,0,0
201900007496,19,9,14,1330,5,6,3,3,4552024,-92368,8,3,25,1,4,2,38,138,6,5,1,24,0,0,0,0,0
201900007497,19,5,10,1932,4,6,4,6,4972486,27033,6,2,18,2,3,4,814,982,8,4,3,40,0,0,0,0,0
201900007498,19,11,24,1616,2,4,1,5,4961160,249366,4,2,19,1,4,2,683,98,3,3,3,49,0,0,0,0,0
201900007499,19,10,9,844,1,1,4,7,4712131,-98477,3,3,51,2,3,3,629,346,3,6,5,3,0,0,0,0,0
201900007500,19,2,12,588,3,6,9,4,4406034,194264,4,1,24,1,1,3,240,127,7,3,5,66,0,0,0,0,0
201900007501,19,10,24,883,3,8,4,2,4960536,-219534,1,3,22,3,1,3,646,458,5,3,5,37,0,0,0,0,0
201900007502,19,7,4,1073,3,2,7,1,4783765,-114954,8,1,34,2,2,3,292,804,4,3,1,12,0,0,0,0,0
201900007503,19,9,8,90,5,5,9,6,4899292,153837,2,2,23,3,3,1,635,956,9,3,4,79,0,0,0,0,0
201900007504,19,12,22,2104,2,3,2,2,4724308,289016,9,2,42,3,2,2,480,779,3,3,1,94,0,0,0,0,0
201900007505,19,8,9,875,2,2,9,1,4764522,447696,2,1,28,1,4,1,116,589,5,3,1,37,0,0,0,0,0
201900007506,19,3,11,1082,2,6,2,3,4640254,-9852,7,3,2,3,4,2,790,638,1,2,1,75,0,0,0,0,0
201900007507,19,12,18,719,5,1,7,1,4822067,648893,8,3,7,3,2,2,813,648,5,1,2,57,0,0,0,0,0
201900007508,19,4,3,2127,4,6,7,6,4835641,-67771,7,4,37,1,2,4,657,16,1,6,2,74,0,0,0,0,0
201900007509,19,6,27,1104,2,3,3,2,4793074,468336,8,4,4,1,1,1,609,340,1,4,3,37,0,0,0,0,0
201900007510,19,2,18,1636,3,4,9,2,4955283,-374727,4,1,40,2,4,3,484,971,7,6,5,91,0,0,0,0,0
201900007511,19,6,17,2192,3,8,7,5,4934012,378202,8,4,44,1,4,2,742,606,7,4,3,24,0,0,0,0,0
201900007512,19,6,12,271,3,9,3,5,4818837,549405,2,4,24,1,1,2,350,364,2,4,2,1,0,0,0,0,0
201900007513,19,7,26,1287,2,2,2,7,4927042,56854,1,1,20,2,1,4,405,62,6,5,2,80,0,0,0,0,0
201900007514,19,11,11,716,2,7,5,5,4771444,-143391,9,1,20,1,2,4,361,220,5,4,1,17,0,0,0,0,0
201900007515,19,4,2,172,4,3,3,3,4822252,328220,1,4,45,3,3,3,536,34,3,6,1,15,0,0,0,0,0
201900007516,19,5,19,1515,1,8,8,1,4782104,-46603,9,1,44,3,4,2,680,417,5,1,2,76,0,0,0,0,0
201900007517,19,2,7,710,3,4,1,4,4486034,242788,6,3,9,3,4,2,114,515,5,4,1,73,0,0,0,0,0
201900007518,19,3,28,311,3,1,6,5,4643369,-5528,6,3,16,3,4,4,620,358,9,6,3,18,0,0,0,0,0
201900007519,19,3,15,1908,4,4,1,6,4669292,647631,5,2,0,2,1,1,475,564,7,1,2,47,0,0,0,0,0
201900007520,19,12,8,1820,1,1,8,2,4682016,461854,8,4,22,2,3,4,807,117,4,7,2,60,0,0,0,0,0
201900007521,19,3,1,729,4,2,3,1,4439302,-140548,7,1,15,2,4,2,561,667,2,6,1,62,0,0,0,0,0
201900007522,19,2,26,706,2,6,7,6,4971112,-6524,9,1,11,2,3,3,52,122,5,5,5,59,0,0,0,0,0
201900007523,19,3,9,2045,1,3,2,4,4553824,196723,9,3,30,1,2,4,123,146,3,5,5,7,0,0,0,0,0
201900007524,19,5,18,1597,5,8,3,7,4402394,-233427,4,2,27,2,2,1,42,56,4,1,1,43,0,0,0,0,0
201900007525,19,4,6,1534,5,9,3,2,4520692,400421,4,4,4,3,4,3,70,825,3,7,3,56,0,0,0,0,0
201900007526,19,8,22,2249,5,5,5,3,4823611,-155815,4,3,40,1,2,3,494,355,3,2,3,22,0,0,0,0,0
201900007527,19,4,10,1667,1,2,5,2,4500466,183351,1,2,5,3,1,1,125,199,8,7,3,65,0,0,0,0,0
201900007528,19,4,4,99,3,1,9,4,4554674,590075,5,4,30,1,2,3,684,687,6,7,1,71,0,0,0,0,0
201900007529,19,5,5,908,1,9,2,3,4482632,-276976,3,2,29,1,3,4,531,42,7,2,2,79,0,0,0,0,0
201900007530,19,5,11,130,1,5,6,6,4892175,362693,9,1,48,1,1,2,598,191,6,3,4,98,0,0,0,0,0
201900007531,19,12,13,2079,1,7,4,2,4807459,360299,3,3,1,2,4,2,815,129,3,3,1,91,0,0,0,0,0
201900007532,19,2,19,314,5,2,8,3,4946577,74787,9,2,52,3,3,3,677,854,1,4,2,4,0,0,0,0,0
201900007533,19,12,3,939,3,3,7,6,4559721,325910,2,3,49,3,3,3,57,642,5,4,2,15,0,0,0,0,0
201900007534,19,11,13,1718,2,5,5,3,4754470,-41485,4,3,21,2,3,1,160,493,2,3,2,4,0,0,0,0,0
201900007535,19,12,9,488,2,3,3,3,4830622,34713,5,3,37,1,3,2,66,269,4,5,2,28,0,0,0,0,0
201900007536,19,1,14,1197,5,9,2,4,4680362,136014,7,2,52,2,3,4,164,600,9,5,1,61,0,0,0,0,0
201900007537,19,4,10,1575,2,1,2,3,4797580,-273928,3,2,46,1,4,3,7,621,9,4,2,69,0,0,0,0,0
201900007538,19,12,16,2173,4,1,9,4,4570507,236444,2,4,28,3,4,2,665,212,6,1,1,24,0,0,0,0,0
201900007539,19,10,6,784,4,3,8,4,4482609,-282955,9,2,27,3,4,2,201,674,3,4,2,26,0,0,0,0,0
201900007540,19,2,18,330,2,4,1,2,4968757,-54938,4,4,12,3,4,1,884,97,3,5,3,79,0,0,0,0,0
201900007541,19,12,4,2251,2,1,4,4,4450220,-297630,9,1,53,2,3,4,116,355,8,5,5,78,0,0,0,0,0
201900007542,19,1,1,1347,3,2,9,5,4989642,-149250,3,2,18,2,3,2,189,179,3,2,3,5,0,0,0,0,0
201900007543,19,7,25,2083,2,8,1,7,4584147,-228118,5,1,11,3,2,3,689,797,1,2,3,75,0,0,0,0,0
201900007544,19,2,26,667,1,4,3,3,4622048,37836,1,4,44,1,4,4,99,668,7,2,2,17,0,0,0,0,0
201900007545,19,8,13,573,1,5,6,5,4580017,584645,8,1,26,2,1,2,651,469,8,6,4,17,0,0,0,0,0
201900007546,19,2,25,147,3,7,4,6,4589196,-365809,9,2,31,3,1,4,304,638,7,5,4,63,0,0,0,0,0
201900007547,19,10,4,839,3,2,5,7,4807522,395387,1,3,11,3,1,2,386,384,3,3,2,13,0,0,0,0,0
201900007548,19,10,14,283,3,7,8,5,4938918,620738,4,4,28,3,3,4,311,284,5,7,2,50,0,0,0,0,0
201900007549,19,3,15,2213,2,9,1,5,4906956,635669,1,1,42,1,2,3,98,260,8,3,5,51,0,0,0,0,0
201900007550,19,7,27,134,2,3,3,5,4963009,-300858,9,4,16,2,4,1,810,40,4,1,4,72,0,0,0,0,0
201900007551,19,7,19,1212,1,3,3,7,4633229,369294,4,2,22,2,2,4,700,363,8,1,4,80,0,0,0,0,0
201900007552,19,11,26,2118,3,3,4,4,4866328,425167,4,2,25,3,3,3,682,735,4,2,4,90,0,0,0,0,0
201900007553,19,4,11,2220,4,4,5,2,4523113,351001,1,4,44,3,4,3,457,217,4,6,2,18,0,0,0,0,0
201900007554,19,3,1,499,3,9,7,6,4622119,273272,5,3,5,1,2,3,512,552,5,6,1,7,0,0,0,0,0
201900007555,19,5,6,132,4,2,4,4,4707058,104162,7,3,36,2,4,1,780,39,4,4,1,35,0,0,0,0,0
201900007556,19,8,20,1459,1,7,7,6,4791256,-19022,5,4,19,2,1,3,149,141,9,3,4,27,0,0,0,0,0
201900007557,19,4,4,117,2,8,9,6,4599257,283039,4,4,19,2,4,2,7,615,5,3,2,21,0,0,0,0,0
201900007558,19,3,1,215,4,2,3,4,4872578,-363776,4,3,13,2,4,1,810,824,8,3,2,69,0,0,0,0,0
201900007559,19,2,11,1846,1,7,5,1,4573377,644982,6,4,38,1,1,3,889,859,1,7,3,83,0,0,0,0,0
201900007560,19,5,15,1733,4,9,6,2,4822349,-248967,9,3,37,1,4,4,509,909,2,5,2,14,0,0,0,0,0
201900007561,19,1,26,1099,5,5,7,7,4445764,231213,3,3,48,3,3,3,103,826,2,3,2,53,0,0,0,0,0
201900007562,19,3,14,806,1,1,6,7,4671279,-46584,3,1,44,3,3,1,399,302,2,2,4,22,0,0,0,0,0
201900007563,19,2,26,771,1,3,1,4,4973377,-170360,1,2,6,1,1,2,750,720,1,3,4,33,0,0,0,0,0
201900007564,19,6,8,2168,5,9,5,1,4556494,483253,1,4,3,1,2,2,758,202,2,6,5,93,0,0,0,0,0
201900007565,19,5,12,564,1,3,3,4,4743366,552425,7,4,33,2,4,3,747,831,9,2,3,84,0,0,0,0,0
201900007566,19,11,1,964,3,2,2,4,4967060,457833,5,4,16,3,3,3,334,618,3,2,5,79,0,0,0,0,0
201900007567,19,4,12,1228,4,7,7,1,4644477,-11616,6,4,5,2,4,2,78,521,3,5,3,19,0,0,0,0,0
201900007568,19,11,20,339,2,5,2,6,4612970,95183,4,4,33,3,4,2,567,981,7,3,5,67,0,0,0,0,0
201900007569,19,9,18,48,1,5,6,2,4527175,591313,6,2,27,1,3,2,767,107,9,6,5,23,0,0,0,0,0
201900007570,19,11,14,658,4,3,6,3,4444101,359000,9,4,27,1,1,4,517,919,4,4,2,1,0,0,0,0,0
201900007571,19,11,3,171,4,3,7,4,4907818,-164396,3,4,39,1,3,2,86,51,4,2,2,8,0,0,0,0,0
201900007572,19,7,28,2088,1,3,9,7,4605666,190551,8,3,0,3,2,1,548,829,2,3,5,22,0,0,0,0,0
201900007573,19,10,9,823,1,3,9,6,4845107,-215200,4,1,13,3,4,3,415,991,7,7,5,26,0,0,0,0,0
201900007574,19,6,17,1682,3,7,5,5,4881824,-323215,6,2,5,1,3,2,208,923,9,2,3,94,0,0,0,0,0
201900007575,19,7,23,1905,4,7,8,4,4517850,523434,4,3,21,1,1,2,416,35,3,2,3,72,0,0,0,0,0
201900007576,19,8,3,1053,1,7,4,2,4733167,432064,1,2,2,2,3,3,623,923,1,7,4,86,0,0,0,0,0
201900007577,19,3,7,2193,4,7,2,3,4503858,-178099,6,4,36,1,3,3,889,651,5,2,4,17,0,0,0,0,0