Num_Acc,an,mois,jour,hrmn,lum,int,atm,col,lat,long,catr,circ,nbv,vosp,prof,plan,lartpc,larrout,surf,infra,situ,env1,unscathed,killed,hospital,light,chance
201900007578,19,2,5,783,4,5,8,6,4599287,-6351,9,1,50,2,3,3,564,876,5,2,4,91,0,0,0,0,0
201900007579,19,12,15,2208,2,7,8,3,4806862,-148954,2,4,7,1,1,2,403,702,1,7,3,48,0,0,0,0,0
201900007580,19,1,4,964,1,4,8,2,4443650,-47788,1,4,19,1,4,3,77,296,2,7,2,31,0,0,0,0,0
201900007581,19,9,20,397,3,4,5,7,4560406,158835,5,4,6,3,3,4,616,600,4,6,1,81,0,0,0,0,0
201900007582,19,2,27,1723,5,4,8,5,4555411,-97275,1,2,44,2,2,2,207,863,7,6,4,29,0,0,0,0,0
201900007583,19,10,14,2018,2,5,8,1,4810290,-342700,8,3,20,1,3,4,761,852,8,6,3,6,0,0,0,0,0
201900007584,19,10,18,1031,5,2,8,5,4920529,-278953,9,4,37,2,2,3,204,705,9,7,4,49,0,0,0,0,0
201900007585,19,4,7,493,4,8,4,4,4519219,84487,5,3,10,1,4,2,22,742,5,5,4,56,0,0,0,0,0
201900007586,19,11,6,936,2,9,6,1,4642696,82421,4,1,40,2,1,2,532,267,1,7,1,38,0,0,0,0,0
201900007587,19,10,27,1440,4,1,8,2,4962204,138902,8,1,36,1,4,4,210,613,2,2,3,91,0,0,0,0,0
201900007588,19,1,22,918,5,2,8,3,4402046,-367093,5,1,2,2,3,1,802,572,5,6,5,15,0,0,0,0,0
201900007589,19,11,14,1273,5,4,9,3,4976467,-158951,7,2,13,3,1,3,723,722,8,4,4,6,0,0,0,0,0
201900007590,19,8,1,110,5,7,9,6,4625036,-39570,5,3,18,1,3,2,774,516,1,1,3,22,0,0,0,0,0
201900007591,19,12,17,1891,3,7,6,2,4819588,-140314,3,2,17,2,1,3,405,614,3,5,4,64,0,0,0,0,0
201900007592,19,5,5,2247,1,7,2,4,4954409,-220765,5,4,15,2,2,4,655,70,9,4,2,31,0,0,0,0,0
201900007593,19,9,15,1479,2,7,5,6,4740496,82532,7,1,24,3,4,4,762,996,5,5,2,85,0,0,0,0,0
201900007594,19,5,14,997,5,3,7,2,4611206,689838,4,2,26,2,2,3,24,493,9,4,1,44,0,0,0,0,0
201900007595,19,9,4,1657,1,6,7,4,4749437,79896,8,3,14,2,4,2,744,439,5,5,5,70,0,0,0,0,0
201900007596,19,4,9,2355,1,8,3,2,4666102,523180,2,1,45,2,4,4,496,4,2,5,1,88,0,0,0,0,0
201900007597,19,8,5,320,5,7,5,4,4587595,575937,3,4,53,3,4,1,815,584,8,6,3,21,0,0,0,0,0
201900007598,19,11,11,1868,2,1,7,7,4833148,527466,7,4,42,3,1,4,776,838,9,1,3,12,0,0,0,0,0
201900007599,19,3,11,1034,2,9,1,4,4547084,83376,5,1,21,2,2,4,561,318,6,4,5,60,0,0,0,0,0
201900007600,19,8,15,680,4,5,9,2,4887814,67967,2,4,52,2,1,2,371,326,1,2,5,92,0,0,0,0,0
201900007601,19,3,8,2006,1,4,3,6,4619353,129520,9,3,22,1,3,4,854,567,8,1,4,49,0,0,0,0,0
201900007602,19,4,7,2263,5,3,2,4,4939954,608590,4,2,2,3,1,4,111,767,1,4,1,3,0,0,0,0,0
201900007603,19,2,28,1671,3,5,2,5,4496966,-122670,8,1,31,3,2,1,830,415,8,2,5,59,0,0,0,0,0
201900007604,19,7,3,1265,5,6,7,6,4617602,16144,4,1,46,2,2,3,18,743,6,1,4,28,0,0,0,0,0
201900007605,19,10,17,815,3,9,8,2,4553515,224475,9,3,42,3,1,1,579,405,2,6,1,96,0,0,0,0,0
201900007606,19,10,18,1222,2,4,1,2,4683298,-274202,7,3,50,2,3,1,816,143,1,6,4,96,0,0,0,0,0
201900007607,19,12,21,181,5,6,4,6,4626285,-365256,2,1,4,1,1,3,812,889,2,3,4,92,0,0,0,0,0
201900007608,19,5,26,156,2,7,8,1,4772274,-226705,9,1,6,1,1,1,298,436,1,3,3,16,0,0,0,0,0
201900007609,19,5,18,936,5,3,2,7,4993247,13983,9,3,30,1,2,4,108,51,9,1,1,45,0,0,0,0,0
201900007610,19,1,20,768,4,7,2,1,4580805,629486,1,1,27,1,3,3,238,418,9,3,2,96,0,0,0,0,0
201900007611,19,4,15,812,3,2,4,1,4773643,-317608,6,2,0,2,3,4,788,807,2,1,1,36,0,0,0,0,0
201900007612,19,12,7,731,4,8,5,7,4724197,-90248,9,2,39,3,3,2,211,580,4,5,5,19,0,0,0,0,0
201900007613,19,5,23,826,5,9,6,4,4616056,206301,8,3,47,3,1,2,581,6,1,6,4,70,0,0,0,0,0
201900007614,19,6,2,1818,1,8,4,3,4843227,111269,8,3,41,3,1,2,184,56,4,6,4,75,0,0,0,0,0
201900007615,19,10,11,2278,2,4,4,7,4930510,-317984,1,4,2,2,4,3,713,215,7,4,3,42,0,0,0,0,0
201900007616,19,4,16,1157,3,2,5,2,4817071,239489,2,3,11,2,4,3,119,646,7,2,3,56,0,0,0,0,0
201900007617,19,10,8,231,1,8,1,1,4817053,546594,2,4,35,2,4,1,502,940,4,4,4,30,0,0,0,0,0
201900007618,19,10,20,171,2,9,5,5,4680200,-141323,8,3,37,3,2,2,100,82,7,7,5,47,0,0,0,0,0
201900007619,19,2,25,1721,4,7,5,6,4457358,333813,4,2,4,3,3,2,421,520,3,3,5,26,0,0,0,0,0
201900007620,19,5,21,1321,2,7,4,4,4549522,660664,6,3,23,1,4,3,758,611,4,1,2,0,0,0,0,0,0
201900007621,19,9,3,870,3,1,6,2,4506567,498008,7,3,12,2,2,2,22,374,2,3,5,55,0,0,0,0,0
201900007622,19,7,12,2321,3,5,5,3,4654087,509257,9,1,15,3,3,2,630,189,6,5,5,95,0,0,0,0,0
201900007623,19,4,26,1553,2,6,9,2,4867864,-154733,7,3,36,2,4,2,484,46,2,1,1,89,0,0,0,0,0
201900007624,19,10,27,1022,4,6,2,5,4845952,316281,9,2,21,1,4,4,176,972,3,6,1,2,0,0,0,0,0
201900007625,19,7,13,1647,3,4,5,4,4504563,-290789,5,4,13,3,3,4,528,761,8,7,3,94,0,0,0,0,0
201900007626,19,5,5,595,1,6,4,7,4998933,316220,2,3,5,3,1,4,786,514,6,4,5,26,0,0,0,0,0
201900007627,19,6,12,153,4,3,2,7,4827288,-246797,5,3,30,3,1,3,71,193,6,6,2,64,0,0,0,0,0
201900007628,19,9,9,1842,3,7,4,5,4688070,262615,8,3,3,1,4,4,248,487,8,1,2,64,0,0,0,0,0
201900007629,19,2,24,1837,3,4,2,7,4446521,448203,7,4,39,2,2,4,624,375,1,2,2,80,0,0,0,0,0
201900007630,19,8,23,1650,1,2,1,4,4751195,544027,3,2,42,2,3,2,368,224,5,2,3,11,0,0,0,0,0
201900007631,19,7,3,1470,2,5,8,4,4796675,479783,2,3,39,2,2,2,323,91,4,3,3,47,0,0,0,0,0
201900007632,19,2,19,2248,2,2,4,1,4503018,551471,6,4,9,1,2,1,648,396,3,2,3,68,0,0,0,0,0
201900007633,19,3,14,2183,3,5,3,2,4875098,186071,8,2,43,3,1,4,890,812,1,5,2,11,0,0,0,0,0
201900007634,19,6,26,867,4,2,6,6,4502815,224926,9,2,53,3,4,4,643,105,2,4,1,87,0,0,0,0,0
201900007635,19,6,27,1312,2,6,7,3,4616222,-227948,1,3,37,2,2,1,860,172,8,7,3,74,0,0,0,0,0
201900007636,19,10,9,694,2,7,4,4,4582558,592622,4,3,23,2,4,2,159,760,4,7,3,28,0,0,0,0,0
201900007637,19,6,16,2091,3,3,5,6,4482557,-106490,4,4,21,1,4,3,866,808,8,4,3,62,0,0,0,0,0
201900007638,19,1,17,1762,3,8,4,7,4986367,52697,7,4,39,3,2,4,834,455,8,1,3,75,0,0,0,0,0
201900007639,19,9,10,2059,1,2,1,1,4683290,164491,9,1,18,3,2,2,507,238,4,7,2,8,0,0,0,0,0
201900007640,19,6,21,744,3,6,7,2,4514196,274764,5,4,39,2,4,3,343,313,8,5,4,17,0,0,0,0,0
201900007641,19,10,3,2021,5,4,5,5,4931929,-53119,3,2,53,3,2,3,594,890,9,7,4,56,0,0,0,0,0
201900007642,19,8,22,1155,1,2,2,3,4857399,618978,9,2,43,1,4,2,329,413,1,5,5,9,0,0,0,0,0
201900007643,19,10,4,1117,4,5,1,5,4977033,-17489,7,3,14,3,1,3,837,952,8,1,5,53,0,0,0,0,0
201900007644,19,3,22,1644,2,7,8,3,4479089,340316,8,2,5,2,3,3,414,236,4,5,3,60,0,0,0,0,0
201900007645,19,3,3,1876,5,9,9,3,4819160,628023,2,3,41,1,4,4,848,7,3,3,4,81,0,0,0,0,0
201900007646,19,7,18,950,4,9,5,3,4728737,145110,9,1,9,1,3,2,797,628,9,7,1,81,0,0,0,0,0
201900007647,19,2,10,970,4,8,5,3,4743019,-362883,5,4,11,2,3,2,75,487,5,4,1,0,0,0,0,0,0
201900007648,19,8,24,2045,2,7,2,5,4701412,375387,5,2,6,3,3,2,313,29,5,2,3,35,0,0,0,0,0
201900007649,19,7,5,1372,3,9,1,4,4984995,-293512,5,1,23,2,3,2,891,407,5,1,2,62,0,0,0,0,0
201900007650,19,2,26,1208,2,2,1,4,4554452,-21592,7,2,5,3,2,3,335,56,6,5,5,10,0,0,0,0,0
201900007651,19,7,4,197,1,8,4,6,4548706,541818,7,3,23,1,3,2,173,690,2,2,5,6,0,0,0,0,0
201900007652,19,9,10,1891,5,1,3,2,4818580,685785,2,4,1,3,1,2,911,473,6,2,4,94,0,0,0,0,0
201900007653,19,10,13,921,1,3,7,5,4829990,40893,1,4,23,3,1,3,657,27,9,7,1,6,0,0,0,0,0
201900007654,19,9,27,1563,3,3,8,5,4794076,205162,2,1,8,3,2,3,200,150,8,5,1,57,0,0,0,0,0
201900007655,19,10,16,324,4,5,3,7,4504260,195149,8,1,45,1,4,1,258,680,3,3,2,59,0,0,0,0,0
201900007656,19,6,9,1032,4,5,8,4,4718333,330941,1,4,42,2,3,3,503,298,1,5,2,97,0,0,0,0,0
201900007657,19,10,20,403,4,1,4,6,4801234,433665,3,2,29,1,2,2,853,405,4,7,5,28,0,0,0,0,0
201900007658,19,11,17,1815,5,4,1,5,4887088,-312152,6,3,19,2,2,3,339,911,5,7,4,64,0,0,0,0,0
201900007659,19,9,18,366,1,6,9,7,4832136,-27212,3,1,50,3,4,1,224,448,3,2,1,69,0,0,0,0,0
201900007660,19,12,7,2314,4,9,2,1,4683730,-263407,1,3,46,2,4,1,398,907,8,2,1,38,0,0,0,0,0
201900007661,19,6,15,1107,5,3,3,7,4668686,507417,4,1,23,1,3,4,893,269,5,3,2,44,0,0,0,0,0
201900007662,19,5,1,2012,5,2,9,1,4823886,300072,6,1,52,2,1,1,362,848,7,5,5,31,0,0,0,0,0
201900007663,19,5,12,1059,2,5,6,4,4571525,-93154,6,4,9,2,4,1,628,359,2,4,2,63,0,0,0,0,0
201900007664,19,2,15,1503,5,6,6,4,4671990,257145,7,1,41,3,4,4,674,731,7,7,4,45,0,0,0,0,0
201900007665,19,8,17,2223,3,6,4,3,4834010,-9076,7,2,22,1,4,4,467,380,9,2,4,23,0,0,0,0,0
201900007666,19,4,25,1086,3,7,1,6,4606797,-223288,1,4,52,2,3,4,659,153,2,6,3,74,0,0,0,0,0
201900007667,19,10,20,2156,4,8,8,5,4711301,-128986,3,4,39,3,3,3,722,434,1,3,5,42,0,0,0,0,0
201900007668,19,1,24,1555,5,8,3,1,4499546,614381,9,3,36,1,4,2,361,718,1,7,3,0,0,0,0,0,0
201900007669,19,5,8,1404,5,9,6,3,4758146,-270927,2,4,31,3,1,1,485,986,5,4,1,85,0,0,0,0,0
201900007670,19,10,22,445,4,3,9,6,4493186,-68216,4,4,18,2,4,4,258,436,8,3,5,41,0,0,0,0,0
201900007671,19,9,22,76,4,7,1,3,4716565,-89051,3,1,23,2,1,1,536,673,7,7,1,22,0,0,0,0,0
201900007672,19,12,6,346,1,4,1,3,4732729,-195638,5,2,23,3,2,2,71,148,6,7,2,83,0,0,0,0,0
201900007673,19,10,17,340,5,9,9,5,4627341,63816,9,2,13,2,4,2,177,962,1,5,4,29,0,0,0,0,0
201900007674,19,2,24,224,2,5,8,2,4944060,331197,7,4,23,3,2,2,17,681,8,7,2,87,0,0,0,0,0
201900007675,19,7,15,2246,4,9,4,5,4885780,655477,1,2,8,2,4,4,442,846,7,4,1,76,0,0,0,0,0
201900007676,19,8,28,359,5,8,4,4,4686246,147183,1,4,5,3,4,2,9,421,8,6,3,36,0,0,0,0,0
201900007677,19,10,25,189,5,2,9,2,4735538,644653,8,3,43,1,4,2,280,929,5,7,2,94,0,0,0,0,0
201900007678,19,7,15,368,1,1,2,2,4834355,228082,6,2,14,3,1,4,14,694,3,2,2,64,0,0,0,0,0
201900007679,19,9,22,96,3,1,4,6,4851289,-215118,7,2,31,1,1,2,522,514,5,7,1,35,0,0,0,0,0
201900007680,19,6,9,1506,4,3,5,3,4964060,-202036,3,1,43,2,1,1,848,170,9,5,3,92,0,0,0,0,0
201900007681,19,5,26,259,4,5,4,4,4557448,-271282,5,1,45,3,2,1,664,503,5,4,3,32,0,0,0,0,0
201900007682,19,9,17,1049,2,9,4,2,4497745,172813,3,4,32,3,2,3,305,634,6,4,2,19,0,0,0,0,0
201900007683,19,2,14,134,4,8,1,2,4975774,338237,9,1,7,2,4,3,447,380,6,5,1,87,0,0,0,0,0
201900007684,19,11,23,651,3,4,6,7,4714321,-50521,2,1,40,2,4,3,804,20,6,5,4,77,0,0,0,0,0
201900007685,19,5,7,525,3,5,8,4,4540505,-130983,5,1,16,3,1,3,433,75,7,5,1,89,0,0,0,0,0
201900007686,19,12,18,2014,4,9,4,6,4807057,86810,3,4,20,2,4,1,788,488,7,7,1,42,0,0,0,0,0
201900007687,19,12,21,1255,3,5,9,3,4654402,266999,8,3,32,1,3,2,790,711,9,2,4,27,0,0,0,0,0
201900007688,19,11,10,1049,4,1,1,1,4605458,15194,2,3,20,1,2,2,840,60,5,2,5,70,0,0,0,0,0
201900007689,19,2,18,2068,5,1,7,6,4963619,-190638,1,3,19,3,4,4,487,233,6,5,5,75,0,0,0,0,0
201900007690,19,7,13,400,1,6,8,7,4664862,317588,5,1,53,1,2,1,177,731,4,6,4,92,0,0,0,0,0
201900007691,19,3,27,1420,1,5,8,3,4587828,307479,1,3,36,1,4,2,236,812,6,6,5,44,0,0,0,0,0
201900007692,19,4,28,1710,4,2,5,1,4628851,-161207,6,3,21,3,3,3,412,238,5,3,3,33,0,0,0,0,0
201900007693,19,10,7,870,1,4,6,3,4902143,471116,3,1,34,1,4,3,577,852,8,1,5,83,0,0,0,0,0
201900007694,19,8,7,1758,2,6,7,7,4576699,72183,2,1,44,2,1,2,224,439,6,6,5,32,0,0,0,0,0
201900007695,19,7,25,1251,1,1,4,4,4912651,334879,1,3,12,3,3,1,242,418,6,2,3,98,0,0,0,0,0
201900007696,19,3,10,642,1,1,2,5,4416526,49452,5,2,28,1,4,3,641,287,8,5,2,25,0,0,0,0,0
201900007697,19,5,1,89,1,3,8,2,4904966,-190605,1,3,21,1,2,1,446,658,8,3,4,78,0,0,0,0,0
201900007698,19,8,28,103,4,1,4,1,4830018,-92270,6,2,35,2,3,3,628,582,3,7,1,65,0,0,0,0,0
201900007699,19,3,27,669,5,8,4,3,4930340,684390,3,4,37,3,3,1,173,966,9,7,2,91,0,0,0,0,0
201900007700,19,11,1,316,1,5,2,1,4957490,248274,5,2,37,1,4,4,55,116,7,2,1,67,0,0,0,0,0
201900007701,19,9,2,1421,1,1,5,3,4638259,335801,6,2,24,1,4,2,81,633,3,2,3,80,0,0,0,0,0
201900007702,19,7,8,971,3,1,3,2,4753421,-254000,1,1,53,3,4,1,414,149,7,7,3,13,0,0,0,0,0
201900007703,19,7,27,626,5,6,9,2,4920783,150499,6,3,3,1,2,2,189,10,1,1,3,2,0,0,0,0,0
201900007704,19,3,8,466,1,6,7,5,4872502,314809,8,2,10,1,1,1,894,680,6,1,2,43,0,0,0,0,0
201900007705,19,2,22,1603,5,4,3,5,4589643,103291,2,4,21,3,3,3,577,946,3,5,2,67,0,0,0,0,0
201900007706,19,7,15,1913,4,6,2,2,4843046,241994,6,2,1,1,4,3,507,892,7,4,4,4,0,0,0,0,0
201900007707,19,6,19,1157,1,9,9,7,4766023,-18248,2,1,20,2,3,1,219,345,4,2,5,63,0,0,0,0,0
201900007708,19,3,7,436,4,8,7,3,4563782,-55029,3,1,50,1,2,1,892,938,6,1,2,67,0,0,0,0,0
201900007709,19,8,26,892,3,4,6,3,4762929,413913,3,4,27,2,3,1,121,317,6,5,2,66,0,0,0,0,0
201900007710,19,8,23,1880,4,5,1,4,4671337,468615,5,1,0,2,1,2,288,554,4,2,4,79,0,0,0,0,0
201900007711,19,6,22,619,5,4,1,1,4924356,25478,5,3,1,3,3,4,630,516,2,1,1,31,0,0,0,0,0
201900007712,19,8,25,698,1,2,3,5,4459180,493044,9,2,6,2,3,1,413,773,6,7,2,70,0,0,0,0,0
201900007713,19,8,11,2036,5,4,3,6,4788049,396362,6,4,3,1,2,4,639,403,6,4,4,60,0,0,0,0,0
201900007714,19,1,12,1829,1,4,5,6,4778521,-95109,8,3,43,3,4,2,833,229,7,2,4,97,0,0,0,0,0
201900007715,19,9,28,308,3,3,2,3,4933562,-333604,7,3,1,2,3,2,490,911,7,3,2,2,0,0,0,0,0
201900007716,19,8,12,1573,4,6,1,5,4613181,-374610,8,1,14,3,4,4,845,879,4,1,5,95,0,0,0,0,0
201900007717,19,7,9,872,1,7,1,1,4711121,436880,5,1,44,3,2,1,312,359,7,1,4,70,0,0,0,0,0
201900007718,19,4,2,1082,4,5,6,3,4792050,368086,2,4,47,3,3,1,70,498,1,1,3,88,0,0,0,0,0
201900007719,19,1,1,928,5,3,3,5,4788447,-379058,5,2,17,2,3,4,444,932,5,5,3,25,0,0,0,0,0
201900007720,19,10,18,137,1,7,8,5,4582818,82644,9,3,48,3,2,3,789,681,9,7,3,55,0,0,0,0,0
201900007721,19,7,12,1433,1,7,4,2,4490195,41867,4,2,38,2,1,2,762,648,3,3,5,22,0,0,0,0,0
201900007722,19,9,8,1859,5,7,3,2,4600942,-41168,1,3,53,1,2,2,662,539,9,6,5,23,0,0,0,0,0
201900007723,19,8,6,1955,4,7,3,5,4428862,588396,2,4,49,2,4,1,630,741,6,2,2,32,0,0,0,0,0
201900007724,19,6,14,1015,1,7,9,2,4415382,407811,2,4,19,1,4,2,25,408,3,3,3,7,0,0,0,0,0
201900007725,19,10,16,1381,5,5,3,5,4655205,687101,6,2,43,1,4,1,382,624,8,1,3,49,0,0,0,0,0
201900007726,19,12,2,937,2,1,2,7,4861855,-112695,4,3,43,1,1,2,422,117,2,1,4,7,0,0,0,0,0
201900007727,19,12,7,424,4,1,8,3,4435059,-372182,5,3,6,1,3,2,443,110,8,4,3,26,0,0,0,0,0
201900007728,19,9,21,2315,1,1,9,1,4725793,150956,6,2,6,3,4,3,156,960,3,5,5,28,0,0,0,0,0
201900007729,19,8,13,334,1,7,1,7,4673995,193019,3,4,40,3,3,3,281,999,3,7,3,29,0,0,0,0,0
201900007730,19,10,20,2153,3,6,9,1,4784039,598147,7,3,4,2,2,2,265,542,5,5,4,16,0,0,0,0,0
201900007731,19,3,7,653,5,9,6,1,4963532,357053,6,1,7,1,3,3,824,606,7,4,2,67,0,0,0,0,0
201900007732,19,5,15,990,5,9,6,1,4850148,57027,3,2,47,1,2,3,129,391,4,7,2,66,0,0,0,0,0
201900007733,19,1,6,2035,2,2,5,5,4624097,-53141,3,1,36,1,1,4,704,25,2,1,4,26,0,0,0,0,0
201900007734,19,11,23,1384,2,2,7,6,4427269,412768,2,1,38,2,3,2,325,769,5,5,5,30,0,0,0,0,0
201900007735,19,9,23,1452,4,6,8,2,4475990,186944,3,2,52,3,2,2,534,812,8,1,2,27,0,0,0,0,0
201900007736,19,5,11,225,3,6,3,6,4779701,344803,1,1,45,2,4,1,509,673,2,4,4,72,0,0,0,0,0
201900007737,19,7,7,1232,1,3,8,5,4704520,599616,8,1,40,3,2,4,235,363,6,4,5,13,0,0,0,0,0
201900007738,19,6,5,2239,1,3,4,3,4466041,19293,3,4,20,3,1,2,740,403,6,5,5,96,0,0,0,0,0
201900007739,19,10,21,2218,3,8,3,5,4824961,-205698,7,3,2,1,3,4,890,32,8,3,1,2,0,0,0,0,0
201900007740,19,11,28,1025,4,9,5,3,4908712,620335,8,1,1,3,2,4,859,592,4,6,2,79,0,0,0,0,0
201900007741,19,7,4,2022,4,3,5,5,4722865,657687,6,1,6,3,1,4,181,556,9,6,1,45,0,0,0,0,0
201900007742,19,7,2,119,3,7,5,7,4434570,525923,5,4,7,3,1,2,571,354,1,1,2,25,0,0,0,0,0
201900007743,19,10,3,428,2,1,2,5,4910588,154010,1,1,36,1,1,3,816,690,8,4,4,88,0,0,0,0,0
201900007744,19,2,10,1700,4,4,3,1,4427589,-210370,4,4,47,3,3,2,153,378,8,2,2,61,0,0,0,0,0
201900007745,19,6,2,2270,5,6,2,1,4656939,-158241,3,2,39,1,2,2,871,291,2,2,3,35,0,0,0,0,0
201900007746,19,12,23,1507,4,1,7,1,4969987,-337999,4,1,6,1,3,1,329,456,3,4,1,2,0,0,0,0,0
201900007747,19,2,11,2022,2,7,6,6,4547992,119581,1,3,49,1,1,4,479,280,8,7,3,31,0,0,0,0,0
201900007748,19,2,11,1547,1,1,7,2,4480239,-321114,8,3,51,2,1,4,643,573,9,5,3,27,0,0,0,0,0
201900007749,19,4,9,26,5,4,2,6,4469657,-153545,7,3,42,3,3,1,70,101,4,6,2,10,0,0,0,0,0
201900007750,19,5,16,1636,5,3,1,4,4639796,-48175,5,1,4,2,4,2,341,819,3,4,5,70,0,0,0,0,0
201900007751,19,1,14,1418,1,2,7,2,4664490,-4780,2,4,20,3,1,3,704,274,7,5,1,4,0,0,0,0,0
201900007752,19,11,4,1512,2,3,6,3,4953204,392093,9,4,40,2,4,4,612,497,6,3,3,59,0,0,0,0,0
201900007753,19,9,14,2142,5,2,2,4,4809941,685691,4,3,17,3,3,4,722,901,4,6,1,25,0,0,0,0,0
201900007754,19,10,22,744,5,6,1,6,4438235,-339003,9,2,38,2,1,2,709,377,4,1,4,24,0,0,0,0,0
201900007755,19,9,25,412,4,9,8,5,4768976,-120770,6,3,35,3,1,3,405,663,1,5,4,68,0,0,0,0,0
201900007756,19,7,5,1730,2,5,5,4,4435825,-59057,2,2,12,1,2,2,907,64,1,3,4,50,0,0,0,0,0
201900007757,19,9,10,400,4,3,4,2,4627472,672635,4,4,11,2,2,3,634,814,9,6,1,41,0,0,0,0,0
201900007758,19,2,8,1313,2,1,8,1,4421494,-60630,6,1,18,1,2,1,701,97,4,3,4,74,0,0,0,0,0
201900007759,19,6,21,1540,3,1,5,1,4475105,576940,8,2,14,2,1,2,810,218,2,3,2,59,0,0,0,0,0
201900007760,19,6,28,245,3,3,1,3,4563853,390956,7,4,10,3,4,1,104,829,5,3,1,36,0,0,0,0,0
201900007761,19,3,3,1789,4,2,4,5,4705130,-95037,9,4,48,2,3,2,34,968,8,7,5,23,0,0,0,0,0
201900007762,19,7,13,2304,1,7,2,2,4958767,623158,1,3,29,3,1,1,94,326,1,3,1,65,0,0,0,0,0
201900007763,19,9,10,131,1,1,8,3,4800263,-369653,3,3,1,3,1,4,107,748,5,6,2,57,0,0,0,0,0
201900007764,19,5,20,63,5,5,1,4,4974082,-319936,1,3,46,2,1,2,758,788,5,7,1,6,0,0,0,0,0
201900007765,19,7,12,1116,2,5,1,7,4703281,173428,6,4,38,3,2,1,846,969,2,7,4,35,0,0,0,0,0
201900007766,19,8,15,729,4,2,8,5,4661188,-350749,6,2,47,1,1,3,697,165,2,6,5,73,0,0,0,0,0
201900007767,19,7,8,1981,1,4,8,5,4904130,-373518,1,1,32,2,2,4,64,838,7,4,1,49,0,0,0,0,0
201900007768,19,5,9,690,3,8,8,5,4591768,-314358,6,3,22,1,1,1,634,432,5,7,5,9,0,0,0,0,0
201900007769,19,1,14,281,1,2,3,4,4993782,-222089,3,2,5,3,1,4,535,844,6,6,3,51,0,0,0,0,0
201900007770,19,11,20,912,3,9,5,7,4860460,-38887,9,3,26,2,3,3,910,59,6,4,1,23,0,0,0,0,0
201900007771,19,5,20,188,1,2,5,5,4979841,351994,8,3,53,1,4,2,479,375,9,4,2,60,0,0,0,0,0
201900007772,19,12,2,2161,1,1,3,7,4748380,873,7,3,52,2,2,3,156,556,3,4,4,5,0,0,0,0,0
201900007773,19,4,6,675,1,4,9,3,4529197,623398,4,4,1,1,2,2,870,691,9,3,2,1,0,0,0,0,0
201900007774,19,1,12,1412,1,7,4,1,4645159,445452,5,3,30,2,3,4,760,466,5,4,1,27,0,0,0,0,0
201900007775,19,12,5,1940,2,5,1,6,4897484,-277952,7,4,44,3,2,1,227,337,2,2,1,3,0,0,0,0,0
201900007776,19,9,23,710,1,5,4,2,4566090,-109031,6,3,21,2,1,2,161,752,4,4,5,79,0,0,0,0,0
201900007777,19,8,25,1639,3,1,3,2,4985934,-337551,8,3,52,2,4,2,514,416,6,3,1,17,0,0,0,0,0
201900007778,19,11,28,2117,3,9,8,4,4955430,-134801,8,2,28,2,4,1,558,29,4,2,2,5,0,0,0,0,0
201900007779,19,4,16,47,4,9,3,4,4602996,66298,5,4,15,1,4,3,606,883,1,7,3,44,0,0,0,0,0
201900007780,19,10,11,996,5,3,6,6,4711679,538124,1,4,27,3,2,3,761,249,6,7,1,37,0,0,0,0,0
201900007781,19,8,15,1275,5,5,1,1,4494591,245079,9,2,49,3,3,1,351,707,1,3,2,58,0,0,0,0,0
201900007782,19,1,13,1002,2,6,5,6,4722845,-328756,3,4,47,2,4,3,407,657,4,3,5,19,0,0,0,0,0
201900007783,19,4,3,106,1,1,1,6,4539032,-95787,5,2,51,3,1,4,258,543,7,3,1,15,0,0,0,0,0
201900007784,19,3,16,802,3,9,2,5,4700235,-104085,5,1,46,3,1,4,606,560,3,2,2,89,0,0,0,0,0
201900007785,19,1,19,1844,3,4,1,4,4561286,530678,6,3,44,2,1,1,617,861,7,6,5,11,0,0,0,0,0
201900007786,19,1,2,618,2,1,1,1,4427126,605073,2,3,45,2,2,3,317,85,2,7,3,84,0,0,0,0,0
201900007787,19,1,25,874,1,8,7,7,4822611,677489,5,2,0,1,1,2,490,114,1,6,1,8,0,0,0,0,0
201900007788,19,9,2,2249,3,7,9,5,4523891,136987,6,3,50,3,1,1,709,741,2,7,4,13,0,0,0,0,0
201900007789,19,11,16,1344,2,6,3,6,4666003,-373999,1,1,33,1,3,3,185,560,6,3,4,30,0,0,0,0,0
201900007790,19,6,17,2051,1,5,4,6,4645204,569445,5,4,39,1,1,3,714,243,8,4,4,29,0,0,0,0,0
201900007791,19,3,11,1565,4,3,2,7,4509144,126781,4,4,31,1,4,2,657,834,6,5,5,45,0,0,0,0,0
201900007792,19,11,8,957,4,2,3,7,4717523,61906,6,3,13,3,2,2,74,938,1,6,4,8,0,0,0,0,0