Num_Acc,an,mois,jour,hrmn,lum,int,atm,col,lat,long,catr,circ,nbv,vosp,prof,plan,lartpc,larrout,surf,infra,situ,env1,unscathed,killed,hospital,light,chance
201900007793,19,1,13,1978,1,2,4,7,4407479,536209,5,1,40,1,1,4,451,957,9,3,3,30,0,0,0,0,0
201900007794,19,1,5,1249,1,4,4,2,4778037,-391130,8,3,11,1,3,3,662,999,5,7,4,42,0,0,0,0,0
201900007795,19,1,17,617,4,4,4,1,4458249,-310804,2,4,36,2,4,1,784,432,3,4,5,81,0,0,0,0,0
201900007796,19,11,9,1888,5,1,7,4,4424656,61229,2,3,11,3,1,4,286,67,8,2,2,27,0,0,0,0,0
201900007797,19,3,12,223,5,6,1,3,4466476,211525,8,2,30,3,1,2,867,531,8,6,1,27,0,0,0,0,0
201900007798,19,7,4,1554,3,7,3,3,4450927,587900,3,4,30,2,1,4,843,836,8,6,1,78,0,0,0,0,0
201900007799,19,7,28,370,5,8,9,2,4673011,-121073,7,3,50,2,1,1,257,455,5,4,1,8,0,0,0,0,0
201900007800,19,7,25,1063,4,3,6,3,4835987,369275,8,1,12,1,4,1,371,986,2,3,4,51,0,0,0,0,0
201900007801,19,2,26,1719,5,1,4,1,4590022,582401,9,1,25,3,4,3,181,641,9,3,2,27,0,0,0,0,0
201900007802,19,6,8,2236,4,7,4,3,4714272,-361085,7,1,48,1,1,1,219,988,5,1,4,93,0,0,0,0,0
201900007803,19,10,20,277,4,4,2,7,4531324,203710,1,4,51,2,2,2,464,278,6,1,2,12,0,0,0,0,0
201900007804,19,8,2,1657,5,4,2,7,4481299,-253919,8,2,16,3,4,1,636,362,5,7,5,86,0,0,0,0,0
201900007805,19,11,9,674,2,7,6,6,4837470,475344,6,1,14,3,4,3,804,269,7,4,1,91,0,0,0,0,0
201900007806,19,4,19,583,3,4,8,7,4482274,306595,9,1,20,3,4,1,565,174,1,2,4,36,0,0,0,0,0
201900007807,19,8,8,63,4,8,3,5,4619626,280995,2,4,9,3,1,3,104,633,5,1,1,99,0,0,0,0,0
201900007808,19,11,18,24,1,3,8,3,4873691,660192,8,2,40,2,2,1,283,404,2,3,2,27,0,0,0,0,0
201900007809,19,1,26,1787,5,2,1,3,4698184,-165265,8,4,14,1,2,3,770,486,5,4,4,2,0,0,0,0,0
201900007810,19,5,19,2337,3,2,5,4,4814014,3517,6,1,25,3,1,2,76,481,1,3,2,12,0,0,0,0,0
201900007811,19,11,2,729,3,8,3,2,4403012,338599,2,1,26,2,4,4,158,124,4,5,1,62,0,0,0,0,0
201900007812,19,10,1,391,1,7,2,2,4693845,30485,4,1,0,3,3,1,755,109,5,1,1,44,0,0,0,0,0
201900007813,19,11,9,1844,3,3,8,4,4924650,516448,7,4,47,3,4,3,52,626,9,7,4,58,0,0,0,0,0
201900007814,19,2,12,523,3,2,2,7,4928354,49648,4,2,48,1,4,4,497,852,5,1,3,31,0,0,0,0,0
201900007815,19,11,27,1482,1,6,1,7,4899503,415110,9,1,25,3,1,3,681,863,2,1,2,12,0,0,0,0,0
201900007816,19,10,6,1480,2,7,5,6,4924850,585528,7,2,3,3,3,2,409,509,2,2,5,23,0,0,0,0,0
201900007817,19,3,16,1374,4,3,7,5,4750958,207345,3,4,52,2,3,4,598,94,2,6,1,76,0,0,0,0,0
201900007818,19,3,7,2002,3,8,4,4,4480443,307607,5,1,36,3,1,3,300,836,6,5,1,66,0,0,0,0,0
201900007819,19,7,5,1604,3,6,7,1,4857843,-341166,1,2,15,2,2,3,178,418,2,2,2,22,0,0,0,0,0
201900007820,19,12,25,656,2,4,7,5,4795266,293868,5,3,28,3,2,4,43,916,3,3,3,8,0,0,0,0,0
201900007821,19,4,22,720,2,8,8,6,4699301,401192,5,2,37,3,2,4,293,55,4,1,3,15,0,0,0,0,0
201900007822,19,8,6,1459,4,9,9,1,4439559,-266387,8,2,47,3,3,2,200,231,7,2,2,76,0,0,0,0,0
201900007823,19,6,26,1484,5,2,2,3,4942030,-265919,6,2,18,1,1,4,541,421,3,7,2,15,0,0,0,0,0
201900007824,19,1,8,190,2,1,4,5,4657798,375906,1,4,8,3,1,3,103,700,6,7,2,7,0,0,0,0,0
201900007825,19,5,22,1360,4,2,8,6,4591759,-198703,3,2,13,1,2,3,249,487,4,7,4,93,0,0,0,0,0
201900007826,19,8,9,1111,3,2,6,3,4922261,607875,5,3,44,1,2,2,676,22,3,4,3,45,0,0,0,0,0
201900007827,19,1,20,773,4,9,9,5,4803816,477236,9,4,0,1,3,1,402,653,4,5,4,89,0,0,0,0,0
201900007828,19,7,21,1259,2,6,1,1,4973410,466650,8,3,23,2,1,4,577,227,6,2,1,94,0,0,0,0,0
201900007829,19,1,13,1627,4,7,6,2,4431678,474222,6,3,53,1,4,3,580,170,6,7,3,25,0,0,0,0,0
201900007830,19,5,11,698,1,8,4,6,4915053,500931,1,3,33,2,1,2,19,599,4,3,5,86,0,0,0,0,0
201900007831,19,8,4,849,3,6,7,7,4830593,-124917,5,4,19,1,4,2,365,664,2,1,2,77,0,0,0,0,0
201900007832,19,2,18,628,2,4,4,5,4606035,245098,2,1,14,2,1,4,345,601,5,4,3,78,0,0,0,0,0
201900007833,19,10,18,298,2,1,9,6,4490083,-100956,2,3,24,3,4,1,190,808,2,3,1,28,0,0,0,0,0
201900007834,19,9,1,1343,4,3,3,4,4809742,559234,4,4,44,3,2,2,564,742,4,1,3,73,0,0,0,0,0
201900007835,19,11,9,1647,3,3,9,2,4605098,60585,7,2,3,3,1,2,99,505,9,2,4,5,0,0,0,0,0
201900007836,19,8,7,1003,2,7,9,4,4758286,-368585,8,3,9,3,3,3,801,82,1,2,2,40,0,0,0,0,0
201900007837,19,4,1,2250,3,4,1,3,4572110,42527,8,1,17,1,1,3,252,757,1,7,1,93,0,0,0,0,0
201900007838,19,2,24,1323,3,7,5,2,4576821,262995,3,3,31,3,2,2,755,668,2,1,5,94,0,0,0,0,0
201900007839,19,1,18,353,1,1,5,6,4510496,699305,4,3,5,1,1,2,133,43,1,7,3,63,0,0,0,0,0
201900007840,19,7,13,1841,5,6,1,6,4992519,-251378,7,2,15,2,4,1,167,90,2,1,1,56,0,0,0,0,0
201900007841,19,4,13,1518,2,7,8,7,4633221,-22210,2,1,25,1,2,3,324,360,4,6,3,79,0,0,0,0,0
201900007842,19,9,9,187,4,9,3,3,4592778,341609,9,2,37,2,4,4,905,365,7,5,5,63,0,0,0,0,0
201900007843,19,7,25,2310,4,6,1,7,4845703,229820,9,1,32,2,2,3,375,515,8,6,3,20,0,0,0,0,0
201900007844,19,9,8,1571,1,2,1,4,4519720,461602,2,4,41,3,2,4,65,558,4,7,3,6,0,0,0,0,0
201900007845,19,3,9,1551,4,7,4,6,4825347,611144,6,2,39,3,3,2,229,590,2,3,4,96,0,0,0,0,0
201900007846,19,11,16,495,5,7,3,6,4776240,200219,6,2,7,1,2,2,173,865,3,1,1,52,0,0,0,0,0
201900007847,19,2,26,1981,3,7,2,6,4564198,57386,3,3,46,1,2,2,904,52,5,4,2,71,0,0,0,0,0
201900007848,19,9,11,2238,1,3,8,2,4642071,-115103,9,4,45,3,4,3,449,384,6,3,4,36,0,0,0,0,0
201900007849,19,12,26,2176,4,4,5,5,4757072,-79081,8,3,27,1,3,1,24,898,2,6,5,27,0,0,0,0,0
201900007850,19,9,8,1954,5,4,2,4,4403826,206172,9,2,25,1,3,2,835,429,3,1,2,23,0,0,0,0,0
201900007851,19,7,1,1691,4,8,4,2,4478106,218031,1,2,46,1,1,3,165,795,9,6,3,70,0,0,0,0,0
201900007852,19,2,24,25,5,8,3,5,4472214,513312,9,2,15,3,2,4,302,160,3,2,3,74,0,0,0,0,0
201900007853,19,7,14,718,5,3,7,5,4695404,-380677,6,1,43,1,4,3,719,651,4,4,1,69,0,0,0,0,0
201900007854,19,3,15,1615,2,6,8,6,4993506,-153363,1,3,30,3,1,1,413,299,4,6,2,50,0,0,0,0,0
201900007855,19,8,8,893,5,8,1,4,4729511,108012,5,3,26,2,4,4,159,198,2,4,1,88,0,0,0,0,0
201900007856,19,1,13,477,4,3,4,1,4730806,513306,4,3,11,1,2,2,749,802,2,2,4,66,0,0,0,0,0
201900007857,19,11,3,1910,1,6,9,2,4846001,-393967,1,4,25,1,2,4,843,165,7,2,1,10,0,0,0,0,0
201900007858,19,6,26,1425,4,8,3,5,4738858,232664,2,2,21,2,1,3,577,720,4,7,3,40,0,0,0,0,0
201900007859,19,12,21,382,2,8,9,3,4510357,14814,5,1,4,3,3,2,445,818,6,6,5,15,0,0,0,0,0
201900007860,19,4,7,868,4,5,2,3,4785649,281741,5,1,52,1,4,4,329,902,9,5,2,26,0,0,0,0,0
201900007861,19,6,27,1674,3,3,7,5,4838943,-380525,7,4,23,2,4,3,815,456,5,1,4,32,0,0,0,0,0
201900007862,19,9,26,728,1,2,6,2,4680240,4089,8,3,7,1,1,4,828,212,4,7,4,63,0,0,0,0,0
201900007863,19,4,2,1388,1,4,3,4,4401752,-59764,1,4,20,1,4,2,150,515,2,2,5,18,0,0,0,0,0
201900007864,19,8,19,97,1,1,5,2,4951556,557275,8,4,20,2,4,2,281,854,7,3,4,21,0,0,0,0,0
201900007865,19,4,10,2257,4,9,9,2,4684078,407435,2,2,2,3,2,2,5,616,5,3,5,15,0,0,0,0,0
201900007866,19,9,3,551,2,2,5,5,4757005,334146,6,1,48,2,1,2,54,200,2,1,2,99,0,0,0,0,0
201900007867,19,10,1,162,3,8,9,3,4585776,-269567,3,2,45,2,1,1,781,803,7,2,5,86,0,0,0,0,0
201900007868,19,1,21,988,2,4,4,5,4527422,349784,2,1,32,2,1,2,575,857,9,7,4,60,0,0,0,0,0
201900007869,19,5,3,1865,4,7,2,6,4725851,227847,3,4,35,2,4,2,0,827,2,7,4,10,0,0,0,0,0
201900007870,19,1,2,1021,1,6,1,6,4851660,571283,9,2,24,3,4,4,169,367,4,2,2,59,0,0,0,0,0
201900007871,19,10,16,1909,3,9,6,6,4664100,248726,5,4,40,3,4,4,715,917,2,4,5,95,0,0,0,0,0
201900007872,19,9,22,2274,4,3,7,2,4455867,-134002,2,4,46,1,3,4,132,129,6,3,1,18,0,0,0,0,0
201900007873,19,10,24,1164,2,5,1,4,4889363,620439,4,4,7,1,4,1,67,997,2,2,1,15,0,0,0,0,0
201900007874,19,3,27,2046,2,2,6,4,4590463,554208,4,2,3,3,4,3,366,863,7,3,4,47,0,0,0,0,0
201900007875,19,8,19,524,2,8,8,2,4518820,334458,8,4,14,1,2,4,645,968,2,3,4,82,0,0,0,0,0
201900007876,19,6,2,1323,4,1,9,4,4948100,447989,8,3,48,3,3,1,158,685,8,5,5,87,0,0,0,0,0
201900007877,19,11,4,1587,3,6,9,1,4401408,641845,3,1,52,2,3,4,610,419,5,2,4,43,0,0,0,0,0
201900007878,19,9,24,1904,1,7,4,2,4498281,-132359,8,2,20,1,4,3,536,525,1,1,5,72,0,0,0,0,0
201900007879,19,6,11,1913,2,8,8,3,4407021,-154938,5,3,21,1,1,2,896,754,3,5,3,94,0,0,0,0,0
201900007880,19,11,5,2154,4,6,9,3,4559763,-212314,9,4,52,1,1,4,517,239,8,6,4,78,0,0,0,0,0
201900007881,19,6,18,2134,4,7,4,1,4598928,55826,9,3,28,2,3,1,215,249,7,4,1,31,0,0,0,0,0
201900007882,19,12,14,104,4,9,3,1,4867600,538609,2,2,10,3,4,4,540,417,8,2,5,17,0,0,0,0,0
201900007883,19,1,9,1669,3,6,7,7,4419316,-260871,4,2,10,3,2,3,785,227,4,6,2,48,0,0,0,0,0
201900007884,19,10,26,1638,2,3,7,4,4603937,683340,3,1,36,3,2,1,553,94,3,4,3,52,0,0,0,0,0
201900007885,19,1,9,2295,4,4,9,5,4732856,-70488,6,3,20,1,2,4,795,505,2,1,3,2,0,0,0,0,0
201900007886,19,1,13,99,4,6,9,5,4460327,299352,1,2,20,3,4,3,126,134,8,6,2,84,0,0,0,0,0
201900007887,19,8,9,1093,3,4,4,5,4925752,578376,5,4,4,1,2,1,446,579,8,6,5,54,0,0,0,0,0
201900007888,19,3,26,1617,4,5,5,1,4702542,-184061,3,1,41,1,1,3,300,405,9,6,1,69,0,0,0,0,0
201900007889,19,8,14,443,1,2,8,4,4787866,-358805,6,3,4,3,1,2,504,277,9,4,2,6,0,0,0,0,0
201900007890,19,2,27,522,2,4,5,7,4756491,-241088,3,2,14,3,1,3,434,402,9,4,2,40,0,0,0,0,0
201900007891,19,11,21,994,5,2,8,3,4949203,-143029,8,2,22,1,1,4,36,966,2,5,4,87,0,0,0,0,0
201900007892,19,10,9,1130,4,2,6,3,4464332,247291,8,2,26,3,4,1,686,265,9,4,3,42,0,0,0,0,0
201900007893,19,11,14,1910,2,2,6,1,4997504,292585,8,3,26,2,2,2,877,533,2,7,3,4,0,0,0,0,0
201900007894,19,9,6,1518,1,8,1,7,4508992,382252,8,4,36,3,2,4,31,604,9,1,3,25,0,0,0,0,0
201900007895,19,10,3,1131,2,3,1,1,4421575,334302,7,4,27,1,1,1,340,239,2,4,3,24,0,0,0,0,0
201900007896,19,4,7,473,1,9,8,7,4895567,99791,6,3,37,2,3,1,771,501,7,2,5,2,0,0,0,0,0
201900007897,19,12,15,73,1,6,3,3,4420695,441307,7,3,20,2,1,1,540,51,5,2,2,55,0,0,0,0,0
201900007898,19,3,25,2102,3,4,3,5,4595585,-201479,9,4,41,3,4,1,804,328,6,6,1,24,0,0,0,0,0
201900007899,19,4,25,1962,4,5,3,6,4625274,306814,1,3,7,3,3,3,271,812,3,5,1,31,0,0,0,0,0
201900007900,19,3,2,2212,3,2,4,4,4859916,-16031,3,4,52,2,2,4,54,780,9,7,3,50,0,0,0,0,0
201900007901,19,8,2,435,2,3,3,6,4769273,326145,4,3,15,1,2,3,630,360,8,3,2,81,0,0,0,0,0
201900007902,19,4,7,1144,3,2,1,6,4739618,255411,1,2,7,3,2,2,254,285,1,7,2,33,0,0,0,0,0
201900007903,19,6,6,969,4,4,2,2,4880792,-383395,2,2,52,3,2,4,572,66,9,4,2,95,0,0,0,0,0
201900007904,19,3,3,1411,2,9,3,6,4872056,13296,7,3,39,3,4,3,856,855,9,5,4,81,0,0,0,0,0
201900007905,19,11,18,2335,5,2,5,1,4882755,205850,2,3,24,3,1,3,888,564,1,3,5,40,0,0,0,0,0
201900007906,19,4,4,1814,4,5,6,7,4708218,346590,1,1,10,1,1,4,567,434,3,1,5,94,0,0,0,0,0
201900007907,19,11,12,371,1,5,9,1,4961030,61912,8,2,18,3,2,2,364,95,2,7,4,46,0,0,0,0,0
201900007908,19,12,19,465,2,4,7,3,4440388,597022,1,3,35,1,3,3,756,989,3,5,1,25,0,0,0,0,0
201900007909,19,5,15,2337,1,5,6,6,4445187,150832,9,4,48,2,3,2,496,299,3,2,5,63,0,0,0,0,0
201900007910,19,6,18,51,3,7,2,5,4855692,442392,7,1,41,1,3,2,344,322,8,7,5,37,0,0,0,0,0
201900007911,19,7,16,890,3,3,6,1,4747267,73214,2,1,26,3,4,4,360,869,4,5,3,6,0,0,0,0,0
201900007912,19,8,17,115,5,9,1,4,4933444,-375927,3,2,13,2,2,2,49,931,8,4,1,60,0,0,0,0,0
201900007913,19,8,12,72,4,5,1,3,4446146,-146782,9,1,38,1,1,1,469,367,6,3,2,23,0,0,0,0,0
201900007914,19,9,24,799,5,3,3,7,4806970,-64169,4,4,5,3,4,4,319,344,9,1,2,41,0,0,0,0,0
201900007915,19,10,15,1981,5,3,1,5,4670403,-141680,3,2,30,1,2,3,210,782,2,1,4,92,0,0,0,0,0
201900007916,19,8,7,1885,1,3,9,6,4477458,604551,3,1,44,1,1,2,22,748,7,5,5,34,0,0,0,0,0
201900007917,19,6,3,1541,5,5,6,1,4614697,291307,4,3,44,1,4,2,715,178,9,7,2,60,0,0,0,0,0
201900007918,19,12,11,1180,1,2,5,4,4852101,691435,6,1,21,1,3,4,153,598,8,5,2,63,0,0,0,0,0
201900007919,19,10,7,254,3,2,8,4,4596123,-349650,1,1,4,1,1,2,305,865,6,3,2,4,0,0,0,0,0
201900007920,19,5,17,1877,4,8,3,7,4518300,92704,9,4,34,3,4,2,607,167,8,4,1,13,0,0,0,0,0
201900007921,19,12,24,1165,4,5,4,6,4507521,-3631,8,2,15,1,2,3,173,306,4,7,3,87,0,0,0,0,0
201900007922,19,11,10,564,1,8,9,3,4624154,-8432,5,4,1,3,2,1,339,395,9,6,2,95,0,0,0,0,0
201900007923,19,11,13,1083,3,3,5,6,4524460,-341247,2,4,3,3,1,1,357,623,3,6,3,59,0,0,0,0,0
201900007924,19,7,20,1579,3,3,4,7,4472283,296338,4,4,6,1,3,2,603,371,7,1,5,75,0,0,0,0,0
201900007925,19,9,3,1665,2,1,8,4,4547908,657572,1,4,18,3,4,4,7,626,5,4,1,32,0,0,0,0,0
201900007926,19,10,4,2356,3,3,6,6,4530971,-86102,6,1,3,2,3,1,303,377,6,1,5,51,0,0,0,0,0
201900007927,19,6,24,1530,4,3,1,5,4523898,356217,5,3,27,3,1,1,360,718,3,4,5,46,0,0,0,0,0
201900007928,19,4,18,1458,5,8,5,7,4703370,-252810,6,3,28,2,2,3,512,152,6,7,3,23,0,0,0,0,0
201900007929,19,6,11,616,5,3,3,4,4610340,662201,4,3,41,3,2,4,660,155,2,1,4,90,0,0,0,0,0
201900007930,19,1,9,1733,4,5,4,6,4558736,-347876,1,1,46,1,2,2,542,824,1,4,2,46,0,0,0,0,0
201900007931,19,5,4,871,5,3,5,6,4983684,481293,1,3,12,1,1,3,238,267,6,5,2,32,0,0,0,0,0
201900007932,19,11,28,1311,1,5,4,4,4594470,-76611,8,2,23,2,1,4,896,816,2,4,4,22,0,0,0,0,0
201900007933,19,9,8,438,4,7,5,3,4852923,-316452,3,2,16,2,1,1,522,394,3,4,1,80,0,0,0,0,0
201900007934,19,3,13,1466,2,8,1,7,4935268,633602,4,3,6,2,4,2,172,371,5,1,1,29,0,0,0,0,0
201900007935,19,9,8,810,2,7,8,5,4880242,283284,7,1,12,2,3,3,414,882,4,1,3,29,0,0,0,0,0
201900007936,19,2,8,745,2,6,6,7,4706434,355240,4,1,16,3,1,4,28,455,3,3,5,67,0,0,0,0,0
201900007937,19,5,2,2272,3,2,3,2,4449558,194762,2,2,43,1,1,3,277,373,4,4,2,73,0,0,0,0,0
201900007938,19,3,5,1876,3,6,4,2,4880359,-261296,9,2,53,1,3,4,402,181,5,2,3,23,0,0,0,0,0
201900007939,19,6,23,174,3,9,7,5,4951310,595653,8,4,25,2,2,3,207,554,2,1,3,87,0,0,0,0,0
201900007940,19,4,27,476,1,7,6,5,4864111,-188472,6,3,44,2,2,2,729,819,1,1,5,62,0,0,0,0,0
201900007941,19,3,26,1643,4,3,6,7,4780225,-191011,1,1,22,3,4,1,261,131,5,1,5,50,0,0,0,0,0
201900007942,19,12,24,2069,2,6,5,6,4442462,-355842,9,1,33,3,1,3,713,921,4,5,3,41,0,0,0,0,0
201900007943,19,3,8,1570,2,6,6,1,4670139,-178485,8,2,43,1,2,4,913,680,7,7,3,9,0,0,0,0,0
201900007944,19,1,26,1266,1,9,3,7,4989763,384908,2,4,32,2,1,1,559,383,9,3,1,17,0,0,0,0,0
201900007945,19,11,20,1385,3,3,2,3,4796617,537345,7,1,37,2,3,4,550,678,7,3,5,35,0,0,0,0,0
201900007946,19,5,17,1658,4,6,5,3,4978789,680471,2,3,19,1,4,4,52,354,5,2,2,70,0,0,0,0,0
201900007947,19,6,20,1873,3,4,3,6,4799632,330070,1,3,40,3,1,2,511,829,1,2,3,92,0,0,0,0,0
201900007948,19,4,1,2169,2,3,7,2,4851008,-166433,9,1,10,1,2,4,882,242,1,1,5,0,0,0,0,0,0
201900007949,19,11,18,712,1,9,9,6,4884595,406766,5,3,24,3,4,2,189,872,1,3,1,87,0,0,0,0,0
201900007950,19,8,20,149,5,3,2,1,4583157,-12391,6,3,1,2,2,4,758,513,6,7,1,26,0,0,0,0,0
201900007951,19,11,10,1855,5,8,3,5,4531328,11183,3,1,38,1,4,1,423,255,8,7,2,4,0,0,0,0,0
201900007952,19,8,16,2319,4,1,3,6,4973709,-80490,1,2,47,1,1,3,243,333,8,3,5,63,0,0,0,0,0
201900007953,19,2,12,425,3,6,1,2,4684665,642267,3,1,51,1,1,4,707,944,1,7,4,98,0,0,0,0,0
201900007954,19,7,14,171,2,7,7,6,4997420,47326,3,2,10,1,3,3,18,527,7,5,2,97,0,0,0,0,0
201900007955,19,2,25,2217,1,8,4,1,4405871,-365933,7,1,30,1,1,4,758,856,2,4,1,24,0,0,0,0,0
201900007956,19,12,14,213,3,7,2,4,4478416,-369510,2,1,15,2,4,4,909,979,1,7,3,49,0,0,0,0,0
201900007957,19,3,3,489,4,4,2,3,4803712,-258118,3,1,17,2,4,4,340,686,6,7,5,39,0,0,0,0,0
201900007958,19,7,3,1006,3,6,3,2,4813873,245371,8,3,26,1,3,2,234,703,2,6,5,87,0,0,0,0,0
201900007959,19,5,5,569,2,7,6,4,4764230,524792,6,3,24,2,2,4,700,738,1,4,1,13,0,0,0,0,0
201900007960,19,7,21,2113,3,6,5,6,4951299,113900,7,2,48,1,4,4,685,771,2,4,1,21,0,0,0,0,0
201900007961,19,8,6,1857,5,6,1,2,4978826,75465,2,4,5,2,4,1,667,301,2,7,1,0,0,0,0,0,0
201900007962,19,6,21,787,4,9,5,6,4577929,-185661,7,1,20,3,1,3,674,899,6,4,4,32,0,0,0,0,0
201900007963,19,11,27,1940,5,5,8,1,4763527,35036,1,3,4,3,1,2,360,777,6,6,2,79,0,0,0,0,0
201900007964,19,2,11,1416,3,5,4,6,4718911,-310545,2,4,8,1,3,2,105,548,8,1,1,52,0,0,0,0,0
201900007965,19,4,19,1942,3,2,8,3,4893207,33924,5,2,36,3,4,4,531,18,8,5,3,77,0,0,0,0,0
201900007966,19,5,6,2258,5,8,5,6,4726540,-158442,1,1,47,3,1,4,286,235,3,5,5,87,0,0,0,0,0
201900007967,19,11,28,699,2,6,8,3,4505092,-297225,1,1,47,3,4,3,288,147,3,3,2,28,0,0,0,0,0
201900007968,19,9,24,858,4,2,2,7,4852073,38403,1,3,28,3,1,4,418,812,5,2,5,11,0,0,0,0,0
201900007969,19,3,1,2029,3,4,6,7,4929894,111863,5,3,47,2,1,2,856,807,6,1,5,8,0,0,0,0,0
201900007970,19,1,26,2292,1,8,3,2,4602493,126053,5,1,21,2,2,3,368,133,7,4,4,79,0,0,0,0,0
201900007971,19,7,9,2110,5,9,2,7,4784659,618253,9,1,42,2,4,4,454,704,1,5,5,94,0,0,0,0,0
201900007972,19,11,16,709,2,4,7,1,4586820,674619,9,4,38,1,2,2,146,738,3,2,1,74,0,0,0,0,0
201900007973,19,8,7,325,4,8,4,6,4571602,140117,7,3,16,1,3,3,742,283,5,7,1,34,0,0,0,0,0
201900007974,19,7,2,1578,4,2,3,7,4892860,-392083,9,4,16,2,3,3,396,687,2,1,4,35,0,0,0,0,0
201900007975,19,8,7,262,2,5,2,3,4597163,646826,5,2,37,3,1,1,914,838,5,2,3,42,0,0,0,0,0
201900007976,19,6,17,2159,3,5,8,3,4851776,454602,6,1,30,1,2,1,843,43,6,5,1,44,0,0,0,0,0
201900007977,19,11,1,1555,3,8,3,4,4986389,-103885,6,1,41,1,1,1,551,784,1,6,2,12,0,0,0,0,0
201900007978,19,3,9,2132,3,1,5,4,4950725,206040,4,4,38,1,2,1,33,930,4,2,4,75,0,0,0,0,0
201900007979,19,12,7,355,1,4,5,6,4805153,-320911,4,4,14,3,4,3,671,522,4,6,2,28,0,0,0,0,0
201900007980,19,8,25,1433,3,4,2,5,4597405,-45193,6,2,53,2,4,3,507,541,1,2,4,42,0,0,0,0,0
201900007981,19,10,19,102,1,9,6,2,4981806,-157067,6,2,52,2,3,4,706,927,8,1,2,16,0,0,0,0,0
201900007982,19,1,17,2310,4,5,5,3,4666227,516590,1,4,11,3,2,2,457,575,9,2,4,9,0,0,0,0,0
201900007983,19,4,28,473,3,8,1,3,4906658,219230,1,4,24,3,4,3,853,908,7,5,2,80,0,0,0,0,0
201900007984,19,4,3,391,3,6,1,5,4801283,99249,4,3,31,3,2,2,222,465,3,3,2,33,0,0,0,0,0
201900007985,19,4,25,1372,2,3,9,4,4884202,548847,1,3,31,3,1,1,855,937,1,5,4,36,0,0,0,0,0
201900007986,19,1,17,538,4,6,2,2,4467801,-92517,1,4,8,3,4,1,749,681,5,1,2,86,0,0,0,0,0
201900007987,19,5,19,838,1,6,8,4,4735641,-339207,9,1,22,3,4,4,684,113,1,1,3,64,0,0,0,0,0
201900007988,19,1,18,294,3,3,3,5,4412051,-299951,3,4,15,3,4,2,487,64,4,4,2,47,0,0,0,0,0
201900007989,19,11,5,2330,3,5,4,1,4760908,-131297,4,3,11,2,3,2,285,476,8,1,5,64,0,0,0,0,0
201900007990,19,3,14,1860,1,6,8,2,4704000,-333909,1,4,53,1,2,4,569,467,9,7,3,99,0,0,0,0,0
201900007991,19,11,28,896,2,1,3,4,4972568,592843,9,1,17,2,3,4,778,34,4,5,3,13,0,0,0,0,0
201900007992,19,7,23,1485,3,1,5,2,4690465,589824,3,4,19,1,4,2,737,141,3,7,1,81,0,0,0,0,0
201900007993,19,10,19,1541,1,6,6,2,4855335,-261040,8,1,25,3,4,2,511,738,8,5,2,4,0,0,0,0,0
201900007994,19,9,17,1877,3,5,8,2,4994283,516248,2,4,40,3,4,3,234,738,9,5,1,41,0,0,0,0,0
201900007995,19,4,26,693,4,4,5,1,4983185,579253,8,4,39,3,1,2,826,196,1,3,5,34,0,0,0,0,0
201900007996,19,4,27,1499,2,5,2,5,4668544,549591,3,4,6,2,1,2,487,850,7,5,4,21,0,0,0,0,0
201900007997,19,3,6,1691,4,9,5,3,4769186,629963,5,3,49,2,4,4,771,617,4,4,5,93,0,0,0,0,0
201900007998,19,3,8,1321,3,8,8,3,4520965,522840,9,1,2,1,4,3,235,751,9,6,4,63,0,0,0,0,0
201900007999,19,12,14,853,1,3,8,2,4576053,183921,3,1,52,2,3,4,389,695,5,5,3,62,0,0,0,0,0
201900008000,19,6,13,1140,1,1,9,1,4455471,128698,8,1,7,3,2,2,41,590,2,2,3,6,0,0,0,0,0
201900008001,19,3,10,1770,5,7,9,5,4614654,23683,3,4,43,1,1,1,393,661,5,5,1,59,0,0,0,0,0
201900008002,19,12,2,667,1,2,1,3,4512370,378484,4,3,4,1,2,4,628,519,1,4,4,95,0,0,0,0,0
201900008003,19,4,1,999,5,2,2,5,4517703,182230,1,4,47,1,2,3,129,137,5,1,3,32,0,0,0,0,0
201900008004,19,2,27,531,5,4,5,3,4654650,390864,2,2,40,1,1,3,866,63,3,2,4,2,0,0,0,0,0
201900008005,19,9,5,667,1,7,9,3,4931470,699756,1,3,37,2,2,4,812,46,9,2,5,70,0,0,0,0,0
201900008006,19,9,13,1798,3,1,1,4,4874254,-307318,1,4,29,2,3,3,366,243,5,6,4,89,0,0,0,0,0