Num_Acc,an,mois,jour,hrmn,lum,int,atm,col,lat,long,catr,circ,nbv,vosp,prof,plan,lartpc,larrout,surf,infra,situ,env1,unscathed,killed,hospital,light,chance
201900008007,19,11,18,503,5,5,1,3,4567381,-224547,6,1,30,3,1,3,245,114,8,1,4,89,0,0,0,0,0
201900008008,19,4,17,2202,3,1,2,3,4559460,472094,4,1,4,3,1,3,20,512,3,2,4,6,0,0,0,0,0
201900008009,19,2,14,765,2,6,9,4,4906040,192597,4,1,38,1,2,1,881,198,8,7,4,37,0,0,0,0,0
201900008010,19,12,16,2322,2,4,9,5,4835210,680985,1,2,53,2,2,1,0,865,6,3,4,26,0,0,0,0,0
201900008011,19,6,6,600,4,1,8,7,4628380,-228067,3,2,41,3,4,3,339,982,9,4,4,63,0,0,0,0,0
201900008012,19,4,28,1377,3,8,8,1,4890583,-355930,4,3,3,3,1,4,457,601,6,7,1,18,0,0,0,0,0
201900008013,19,6,18,557,1,3,7,3,4841365,483716,1,4,10,1,2,3,480,486,3,2,1,75,0,0,0,0,0
201900008014,19,5,20,1875,3,7,3,2,4757201,93372,4,1,39,3,1,3,238,552,8,5,3,29,0,0,0,0,0
201900008015,19,6,20,1513,2,5,5,7,4905208,148676,8,4,28,3,1,3,823,89,7,2,5,65,0,0,0,0,0
201900008016,19,1,26,477,1,2,4,2,4639629,-276243,1,1,12,1,4,1,809,371,3,6,1,64,0,0,0,0,0
201900008017,19,8,28,2012,4,1,7,2,4598756,567619,1,2,11,3,1,3,784,500,4,5,4,96,0,0,0,0,0
201900008018,19,1,15,505,4,4,4,5,4610449,146794,9,3,16,2,4,1,699,260,3,1,4,3,0,0,0,0,0
201900008019,19,6,21,810,4,1,4,3,4997302,27594,9,4,49,1,1,4,40,119,5,5,3,47,0,0,0,0,0
201900008020,19,7,28,781,3,4,8,3,4555708,530735,5,2,31,3,4,3,32,747,1,1,5,44,0,0,0,0,0
201900008021,19,6,26,452,2,1,6,1,4987062,204767,1,1,44,3,2,2,38,458,9,1,3,74,0,0,0,0,0
201900008022,19,2,14,548,5,5,7,1,4752376,191343,5,1,5,1,4,1,550,498,6,2,2,41,0,0,0,0,0
201900008023,19,11,24,1386,4,3,7,1,4919648,-340546,9,2,53,3,4,3,255,210,6,2,1,63,0,0,0,0,0
201900008024,19,6,7,343,1,6,9,1,4477505,401278,9,1,46,3,2,3,372,338,2,7,4,52,0,0,0,0,0
201900008025,19,12,3,374,2,6,5,7,4412121,-357491,4,4,16,1,1,2,621,215,9,3,1,53,0,0,0,0,0
201900008026,19,6,3,230,1,7,6,5,4491529,668761,3,2,46,3,4,4,675,836,1,1,3,95,0,0,0,0,0
201900008027,19,3,17,1508,5,4,6,4,4705806,-218463,6,2,32,3,3,2,346,950,9,6,2,30,0,0,0,0,0
201900008028,19,9,16,759,5,9,1,1,4940179,-319852,6,3,7,3,4,2,738,214,6,2,5,83,0,0,0,0,0
201900008029,19,5,17,718,5,6,1,3,4602924,280991,9,3,23,2,4,3,286,919,5,6,1,98,0,0,0,0,0
201900008030,19,2,5,644,5,4,1,3,4562471,484699,3,2,10,2,2,3,150,664,3,4,4,16,0,0,0,0,0
201900008031,19,8,11,863,5,7,5,6,4431972,-236731,8,1,48,1,3,3,749,54,7,3,2,38,0,0,0,0,0
201900008032,19,2,6,1854,4,6,5,3,4691797,-337497,4,2,2,2,4,4,724,419,9,4,4,24,0,0,0,0,0
201900008033,19,5,20,2137,5,5,2,4,4441948,-83654,7,2,22,1,2,4,747,685,9,6,1,33,0,0,0,0,0
201900008034,19,2,5,1660,3,1,7,7,4425845,-317610,9,4,30,1,1,1,358,973,5,2,5,62,0,0,0,0,0
201900008035,19,9,13,115,1,5,9,7,4506432,439750,6,1,1,1,2,4,745,287,9,5,1,16,0,0,0,0,0
201900008036,19,8,23,840,5,9,1,5,4889782,469713,2,3,21,3,1,4,282,4,3,1,4,20,0,0,0,0,0
201900008037,19,10,15,274,3,4,7,2,4522797,698423,1,3,27,1,4,1,287,316,2,2,4,44,0,0,0,0,0
201900008038,19,5,1,2289,5,4,7,1,4778180,-356468,2,2,35,3,4,3,543,934,8,1,1,76,0,0,0,0,0
201900008039,19,11,6,1434,5,1,2,4,4520603,543306,2,1,1,2,2,3,913,957,8,7,2,40,0,0,0,0,0
201900008040,19,9,20,943,3,1,4,4,4829805,234139,8,3,18,2,3,2,820,969,7,4,5,93,0,0,0,0,0
201900008041,19,1,21,764,4,7,9,3,4801524,-134165,9,1,8,2,1,3,653,713,4,1,1,0,0,0,0,0,0
201900008042,19,12,6,1690,5,2,6,3,4821860,-283587,4,2,2,2,1,4,462,131,9,6,5,19,0,0,0,0,0
201900008043,19,11,12,640,1,3,2,2,4854065,368104,6,2,7,3,3,3,654,167,6,6,2,62,0,0,0,0,0
201900008044,19,4,16,1206,4,4,5,6,4901520,268068,6,4,27,3,1,2,260,746,8,4,1,0,0,0,0,0,0
201900008045,19,8,17,1201,2,1,2,5,4498206,491484,5,1,28,2,1,3,72,631,5,7,4,4,0,0,0,0,0
201900008046,19,7,4,1868,1,1,7,1,4506763,-126023,5,4,47,3,2,1,673,675,7,2,5,78,0,0,0,0,0
201900008047,19,1,26,1420,4,5,6,7,4440160,-20661,3,4,48,1,2,2,28,998,9,4,3,33,0,0,0,0,0
201900008048,19,9,4,1974,3,8,4,4,4722015,641978,3,2,0,3,1,1,723,994,7,4,5,68,0,0,0,0,0
201900008049,19,3,18,1851,3,9,3,2,4716853,-111768,5,3,3,2,3,3,245,510,7,6,2,66,0,0,0,0,0
201900008050,19,3,27,1815,1,6,2,7,4883704,-124752,7,2,35,1,2,1,899,662,3,2,3,67,0,0,0,0,0
201900008051,19,8,23,1177,1,5,8,3,4677367,-308262,2,3,43,2,1,4,683,316,1,7,1,29,0,0,0,0,0
201900008052,19,3,19,776,4,9,8,3,4848827,54535,7,3,43,1,1,4,780,822,7,2,5,75,0,0,0,0,0
201900008053,19,1,3,1406,4,5,8,7,4938158,321234,3,4,48,2,4,4,176,168,2,5,1,12,0,0,0,0,0
201900008054,19,1,14,919,2,7,4,5,4872900,671657,4,4,44,1,3,4,841,495,6,3,3,10,0,0,0,0,0
201900008055,19,9,25,1479,3,3,5,6,4876442,197325,6,4,11,2,3,1,293,476,6,1,5,66,0,0,0,0,0
201900008056,19,4,13,363,4,1,2,1,4799454,674412,4,2,44,3,1,3,591,577,8,6,2,1,0,0,0,0,0
201900008057,19,10,7,441,5,4,7,7,4785965,561179,2,3,38,1,1,2,681,962,4,1,2,76,0,0,0,0,0
201900008058,19,9,19,1760,2,3,7,1,4917744,667471,4,3,23,1,2,3,847,729,2,2,4,84,0,0,0,0,0
201900008059,19,1,15,2054,3,2,1,3,4771590,-185847,8,2,43,2,4,1,773,286,5,1,1,68,0,0,0,0,0
201900008060,19,2,18,1708,1,6,4,3,4834187,679010,6,1,12,2,2,2,121,673,5,6,5,31,0,0,0,0,0
201900008061,19,3,11,1830,3,5,8,4,4431956,386795,6,1,35,2,1,4,419,65,6,2,5,67,0,0,0,0,0
201900008062,19,11,14,1609,3,6,9,6,4768353,-39833,6,3,1,2,2,1,280,292,3,2,5,18,0,0,0,0,0
201900008063,19,1,28,1250,3,2,3,4,4817479,-33228,9,1,13,2,3,2,493,400,6,3,2,52,0,0,0,0,0
201900008064,19,8,24,1951,5,7,4,5,4425417,-278398,1,3,27,3,3,4,501,96,7,7,1,26,0,0,0,0,0
201900008065,19,4,3,1812,2,7,2,6,4692049,652128,4,3,3,2,4,2,37,387,4,6,5,29,0,0,0,0,0
201900008066,19,7,26,2119,5,3,6,6,4554794,-166690,2,3,25,2,1,2,707,702,9,2,3,63,0,0,0,0,0
201900008067,19,2,10,204,1,8,4,4,4682917,659756,3,2,15,3,4,1,25,813,7,6,4,42,0,0,0,0,0
201900008068,19,9,23,360,4,9,9,5,4779034,456531,4,2,43,3,1,4,296,706,5,4,4,14,0,0,0,0,0
201900008069,19,9,27,1989,5,8,3,7,4427899,-336899,5,1,33,3,3,1,117,288,4,4,2,73,0,0,0,0,0
201900008070,19,10,3,1162,3,5,2,5,4964381,634128,7,1,46,3,2,3,257,285,3,2,3,2,0,0,0,0,0
201900008071,19,7,9,1527,5,5,9,7,4796963,-270198,1,4,9,1,4,3,190,574,8,5,3,76,0,0,0,0,0
201900008072,19,11,3,1967,2,8,1,4,4655038,334143,6,1,43,1,1,1,203,935,1,3,3,81,0,0,0,0,0
201900008073,19,6,3,1589,4,2,2,5,4660737,-151156,4,2,40,2,1,3,210,77,8,1,4,31,0,0,0,0,0
201900008074,19,1,28,346,2,1,7,7,4730592,-296552,1,2,43,3,2,1,246,708,5,7,5,21,0,0,0,0,0
201900008075,19,4,25,297,3,5,1,5,4588735,153654,5,3,16,1,1,2,315,518,5,2,2,95,0,0,0,0,0
201900008076,19,11,13,818,1,2,3,2,4729038,-90088,3,3,23,3,4,4,767,669,5,6,5,90,0,0,0,0,0
201900008077,19,7,20,1106,1,3,1,4,4788051,-520,9,3,10,1,1,2,366,401,2,1,2,73,0,0,0,0,0
201900008078,19,11,22,1095,1,6,2,1,4999916,446212,1,4,4,3,3,2,502,637,8,4,5,22,0,0,0,0,0
201900008079,19,7,21,559,4,7,7,2,4748734,519678,9,4,52,2,4,3,130,984,9,7,2,24,0,0,0,0,0
201900008080,19,10,5,2250,2,2,6,1,4591394,51307,7,1,40,3,1,3,822,853,5,6,5,58,0,0,0,0,0
201900008081,19,10,19,94,4,4,5,6,4504383,532680,6,2,10,3,3,1,303,611,7,1,1,85,0,0,0,0,0
201900008082,19,6,5,254,1,8,5,1,4477281,409487,9,4,42,2,2,4,748,474,3,2,4,83,0,0,0,0,0
201900008083,19,1,19,1232,2,5,5,6,4859168,471985,4,3,15,1,2,4,897,148,4,6,3,92,0,0,0,0,0
201900008084,19,9,16,1896,3,7,8,2,4929212,-289422,4,3,47,2,2,3,317,466,4,3,4,66,0,0,0,0,0
201900008085,19,6,28,1451,4,9,9,7,4631110,428689,9,4,38,1,3,3,673,922,7,6,3,93,0,0,0,0,0
201900008086,19,6,19,678,5,2,2,1,4808400,309833,8,1,43,3,3,4,550,434,4,4,1,30,0,0,0,0,0
201900008087,19,9,1,567,4,2,8,1,4669531,166462,4,1,0,2,4,1,128,11,6,5,4,36,0,0,0,0,0
201900008088,19,4,19,1718,1,1,1,5,4982194,-153940,7,3,50,2,1,1,476,92,8,2,4,19,0,0,0,0,0
201900008089,19,9,8,1410,2,2,5,6,4803919,-356217,3,2,7,3,2,3,383,834,4,2,4,66,0,0,0,0,0
201900008090,19,10,21,778,5,2,2,4,4732369,-49323,1,4,14,2,1,1,326,565,8,2,3,10,0,0,0,0,0
201900008091,19,1,7,1520,5,8,7,4,4876878,279254,5,1,36,1,4,4,273,772,9,2,3,7,0,0,0,0,0
201900008092,19,8,15,2268,1,9,3,6,4799292,303471,6,1,51,2,2,3,708,166,8,1,5,40,0,0,0,0,0
201900008093,19,4,27,2120,2,9,6,3,4492421,-289348,5,2,19,2,4,1,772,382,2,2,1,27,0,0,0,0,0
201900008094,19,1,9,1168,4,7,1,5,4640538,433354,3,3,22,2,1,3,827,292,2,3,4,6,0,0,0,0,0
201900008095,19,12,9,1425,4,7,5,5,4745462,-18674,2,1,24,3,3,4,827,856,5,3,2,18,0,0,0,0,0
201900008096,19,11,27,188,2,3,6,6,4487993,244062,1,2,4,2,2,1,704,113,2,4,4,24,0,0,0,0,0
201900008097,19,4,10,81,5,1,4,7,4810592,-326801,3,2,21,2,4,1,28,37,6,2,2,11,0,0,0,0,0
201900008098,19,6,7,1096,2,8,8,4,4966958,-147250,6,3,45,1,2,4,276,363,5,5,1,71,0,0,0,0,0
201900008099,19,2,22,1003,4,3,6,2,4518615,154965,3,4,25,3,3,4,77,868,3,2,2,46,0,0,0,0,0
201900008100,19,11,23,957,2,3,1,6,4444825,68633,8,1,23,2,4,1,642,937,5,3,4,70,0,0,0,0,0
201900008101,19,3,18,309,1,7,3,3,4489604,-254973,5,4,41,1,4,1,683,779,5,3,1,57,0,0,0,0,0
201900008102,19,6,17,529,2,3,5,5,4784075,165563,5,1,43,1,2,1,742,794,7,3,4,95,0,0,0,0,0
201900008103,19,1,24,1385,3,4,3,1,4541351,-67328,4,4,1,2,4,1,404,254,7,2,5,35,0,0,0,0,0
201900008104,19,6,4,1081,4,3,7,6,4922321,380367,8,4,24,1,3,2,583,644,3,2,2,40,0,0,0,0,0
201900008105,19,9,2,1658,5,9,9,4,4965163,-277274,1,3,9,1,2,3,665,168,6,6,5,21,0,0,0,0,0
201900008106,19,11,4,1476,4,2,7,6,4603167,135165,2,1,37,2,3,2,118,402,6,2,4,79,0,0,0,0,0
201900008107,19,2,8,338,4,3,2,7,4751584,68778,9,4,41,1,3,3,638,415,6,3,1,93,0,0,0,0,0
201900008108,19,12,14,2108,5,1,7,2,4608809,-233465,3,1,32,2,1,2,485,300,2,1,3,0,0,0,0,0,0
201900008109,19,11,2,289,4,9,7,3,4523020,393599,9,1,3,1,3,4,491,413,3,3,4,23,0,0,0,0,0
201900008110,19,7,1,1775,2,1,8,7,4437206,468996,2,3,17,1,4,1,454,295,7,5,5,33,0,0,0,0,0
201900008111,19,5,19,1874,3,9,6,1,4720803,400443,3,2,29,3,1,2,673,722,4,4,4,7,0,0,0,0,0
201900008112,19,7,15,762,5,4,5,2,4421969,-241673,1,2,2,3,2,4,890,65,2,1,3,2,0,0,0,0,0
201900008113,19,9,18,954,3,3,3,7,4819588,-372934,6,3,34,1,4,2,868,325,9,1,5,74,0,0,0,0,0
201900008114,19,2,23,1440,4,3,6,2,4865367,51650,5,1,17,1,2,3,193,20,3,2,2,31,0,0,0,0,0
201900008115,19,4,16,1462,4,6,7,3,4636058,74556,9,3,17,2,4,1,7,855,9,3,5,17,0,0,0,0,0
201900008116,19,10,2,2020,3,4,8,6,4694261,376237,2,2,32,1,3,2,102,748,5,7,2,99,0,0,0,0,0
201900008117,19,11,12,197,2,3,9,1,4720731,-328491,9,3,19,3,1,2,637,150,1,7,1,87,0,0,0,0,0
201900008118,19,7,28,291,3,4,1,2,4953763,-132556,3,1,7,1,1,1,613,378,6,3,3,78,0,0,0,0,0
201900008119,19,8,22,726,5,8,8,6,4844246,387073,2,4,42,1,4,3,273,334,3,6,1,97,0,0,0,0,0
201900008120,19,5,28,1765,5,6,9,6,4514889,551624,2,2,35,3,4,2,763,564,1,5,2,23,0,0,0,0,0
201900008121,19,3,21,1686,5,1,9,3,4476474,135440,4,2,9,1,4,2,482,78,8,5,3,89,0,0,0,0,0
201900008122,19,7,19,567,1,4,3,5,4775215,-18149,1,3,5,2,4,3,784,659,5,4,1,45,0,0,0,0,0
201900008123,19,11,19,798,1,5,4,7,4744923,-323805,6,1,45,1,3,1,542,403,8,1,1,76,0,0,0,0,0
201900008124,19,11,14,2314,4,5,4,6,4602903,-353169,3,4,18,2,2,3,109,142,9,3,1,49,0,0,0,0,0
201900008125,19,10,5,1778,2,3,2,5,4429667,-148782,6,2,32,1,3,2,858,435,2,2,2,6,0,0,0,0,0
201900008126,19,7,15,54,5,9,8,2,4547943,247289,7,3,35,1,1,4,770,209,7,4,1,90,0,0,0,0,0
201900008127,19,4,20,2308,1,3,9,4,4544094,680778,6,2,33,3,1,4,808,830,6,6,3,76,0,0,0,0,0
201900008128,19,10,23,311,5,4,9,5,4597354,-376019,9,3,25,1,4,4,0,130,9,7,1,38,0,0,0,0,0
201900008129,19,4,14,884,3,6,8,2,4716480,-334225,9,4,0,1,2,4,705,115,1,5,1,10,0,0,0,0,0
201900008130,19,11,17,575,2,2,4,3,4561793,441535,2,4,40,1,4,4,35,553,9,7,1,84,0,0,0,0,0
201900008131,19,3,1,1114,5,9,6,2,4709086,279536,4,2,20,2,3,1,701,493,5,2,3,81,0,0,0,0,0
201900008132,19,3,23,781,5,2,8,3,4913064,627419,5,4,51,2,3,1,547,336,1,7,3,59,0,0,0,0,0
201900008133,19,11,9,1208,5,7,7,6,4789327,243506,9,4,33,1,3,4,482,683,9,5,2,90,0,0,0,0,0
201900008134,19,2,6,1884,4,2,2,2,4947102,-365972,6,3,10,1,1,3,207,365,2,2,4,91,0,0,0,0,0
201900008135,19,5,11,90,4,5,8,3,4531547,172019,6,1,12,1,1,2,218,277,9,3,5,50,0,0,0,0,0
201900008136,19,1,10,1659,1,6,8,1,4553669,554790,3,1,15,2,2,1,124,522,4,4,5,27,0,0,0,0,0
201900008137,19,12,19,2279,2,3,2,2,4463760,-266282,7,2,34,1,3,3,915,100,6,5,3,39,0,0,0,0,0
201900008138,19,2,13,255,5,1,7,4,4541267,102648,9,2,9,3,2,3,283,294,2,5,2,44,0,0,0,0,0
201900008139,19,7,25,571,3,9,4,1,4452188,436192,7,3,50,3,1,3,494,706,7,5,2,33,0,0,0,0,0
201900008140,19,5,9,2239,5,8,6,3,4909483,-204779,3,4,10,1,3,4,176,661,5,5,2,87,0,0,0,0,0
201900008141,19,5,14,419,2,9,1,3,4986308,434416,8,2,29,3,4,4,171,264,6,3,4,49,0,0,0,0,0
201900008142,19,10,14,583,1,7,3,6,4700731,-26796,2,1,12,3,4,2,334,671,6,6,2,62,0,0,0,0,0
201900008143,19,2,24,1698,3,3,1,2,4965222,476253,8,1,33,1,2,4,205,8,4,6,3,66,0,0,0,0,0
201900008144,19,2,3,1276,5,1,9,6,4884508,427063,3,3,9,1,3,2,881,595,6,7,5,16,0,0,0,0,0
201900008145,19,7,15,1397,4,9,2,5,4739095,277219,6,2,49,2,3,4,647,714,3,2,1,42,0,0,0,0,0
201900008146,19,4,21,962,2,5,4,2,4408164,241825,5,3,24,1,3,4,503,164,2,3,5,7,0,0,0,0,0
201900008147,19,7,12,1601,2,7,2,2,4879984,585302,6,1,15,3,4,2,473,31,4,4,5,16,0,0,0,0,0
201900008148,19,8,10,2335,3,9,3,3,4848416,-32181,5,3,9,1,1,4,424,893,7,4,1,56,0,0,0,0,0
201900008149,19,5,10,1399,1,3,9,1,4432345,-347992,7,2,22,1,4,1,250,946,4,2,2,73,0,0,0,0,0
201900008150,19,1,8,2271,2,5,9,5,4495415,445755,8,2,9,1,3,2,872,967,6,4,4,42,0,0,0,0,0
201900008151,19,10,24,1116,1,2,6,5,4907931,-163076,6,2,39,2,3,2,222,789,8,3,2,98,0,0,0,0,0
201900008152,19,12,27,904,4,9,8,5,4921047,81378,7,4,22,1,1,4,392,836,8,5,1,40,0,0,0,0,0
201900008153,19,10,11,2057,3,1,5,2,4817271,147375,9,4,0,2,4,1,388,829,7,3,5,87,0,0,0,0,0
201900008154,19,6,15,735,1,1,8,5,4774497,276465,9,4,50,2,2,2,609,744,9,2,1,19,0,0,0,0,0
201900008155,19,12,2,1408,2,7,4,5,4601303,-54933,6,2,52,3,1,4,401,135,3,1,5,66,0,0,0,0,0
201900008156,19,5,26,94,3,1,6,6,4945428,-41122,5,3,4,1,1,4,34,643,7,3,4,19,0,0,0,0,0
201900008157,19,9,16,1128,2,2,6,5,4488686,10521,3,3,0,1,2,1,499,392,6,3,1,57,0,0,0,0,0
201900008158,19,1,15,1884,1,4,7,1,4917343,-227334,3,2,28,3,2,2,422,334,4,1,3,42,0,0,0,0,0
201900008159,19,3,12,37,2,1,6,1,4788507,513353,5,2,11,2,4,1,240,651,7,3,5,48,0,0,0,0,0
201900008160,19,5,16,2065,1,3,3,4,4657877,630838,1,2,46,1,2,4,411,903,8,1,3,36,0,0,0,0,0
201900008161,19,1,19,247,3,2,3,2,4718327,43572,3,2,43,1,2,1,875,613,4,5,3,31,0,0,0,0,0
201900008162,19,12,21,354,1,2,4,1,4915645,-118156,1,1,36,3,1,3,54,925,9,3,4,74,0,0,0,0,0
201900008163,19,2,12,171,4,4,4,2,4641425,82966,7,2,23,2,4,3,480,952,7,5,5,76,0,0,0,0,0
201900008164,19,6,26,690,3,1,2,1,4932067,475337,6,2,38,1,3,3,553,477,3,3,1,82,0,0,0,0,0
201900008165,19,11,7,813,3,1,6,1,4932227,-158667,1,3,35,3,1,3,70,645,5,3,3,44,0,0,0,0,0
201900008166,19,4,12,2029,4,7,2,4,4521077,119031,3,4,19,2,2,2,542,729,1,5,1,82,0,0,0,0,0
201900008167,19,1,25,1878,4,6,1,7,4967949,530934,8,1,3,1,1,3,525,74,2,3,5,56,0,0,0,0,0
201900008168,19,11,25,1503,2,7,6,6,4425863,428118,8,1,20,3,2,3,577,315,6,3,5,11,0,0,0,0,0
201900008169,19,1,8,2080,5,1,7,1,4683472,161338,2,3,27,3,1,3,524,828,4,7,5,3,0,0,0,0,0
201900008170,19,3,10,1916,5,6,6,2,4749047,-261425,4,3,15,2,3,3,663,125,8,3,2,19,0,0,0,0,0
201900008171,19,11,27,2017,1,9,6,4,4964631,569972,3,3,51,3,3,3,502,947,2,2,1,26,0,0,0,0,0
201900008172,19,3,1,1951,4,7,1,5,4434269,-355119,6,4,37,2,2,2,687,220,4,2,5,88,0,0,0,0,0
201900008173,19,11,5,1917,5,7,4,4,4882688,217992,4,3,16,2,1,3,109,407,8,5,3,88,0,0,0,0,0
201900008174,19,10,15,1218,1,6,2,7,4566220,339185,7,3,12,3,3,4,466,507,9,3,4,56,0,0,0,0,0
201900008175,19,10,18,1222,4,6,9,3,4818212,172555,6,4,28,2,1,2,432,588,9,2,1,26,0,0,0,0,0
201900008176,19,7,25,1840,4,7,5,4,4933789,170720,8,3,16,1,3,4,385,777,9,1,4,67,0,0,0,0,0
201900008177,19,8,15,1152,3,7,2,3,4575043,199440,3,3,21,2,4,3,59,251,3,1,3,37,0,0,0,0,0
201900008178,19,1,19,93,5,6,2,3,4697493,-191753,3,1,36,2,1,3,88,178,2,2,2,92,0,0,0,0,0
201900008179,19,1,1,229,3,9,7,5,4451803,-42372,3,3,28,1,3,1,242,957,7,4,2,94,0,0,0,0,0
201900008180,19,12,12,1118,5,9,1,7,4734300,-1809,5,1,8,1,3,4,640,334,1,1,5,82,0,0,0,0,0
201900008181,19,4,25,669,1,3,4,4,4482592,328434,6,4,52,1,4,1,608,79,8,2,3,22,0,0,0,0,0
201900008182,19,7,3,915,2,6,5,6,4607705,586009,9,3,51,3,2,2,680,450,1,6,5,56,0,0,0,0,0
201900008183,19,4,2,43,4,6,7,3,4577440,434522,7,4,25,2,1,2,524,402,3,6,4,31,0,0,0,0,0
201900008184,19,5,16,170,4,2,9,2,4569183,-361,4,3,8,2,4,4,471,568,1,2,1,76,0,0,0,0,0
201900008185,19,9,21,620,5,2,9,2,4674010,644390,1,4,5,2,4,2,219,805,1,5,3,87,0,0,0,0,0
201900008186,19,9,12,2151,2,8,4,1,4855705,428022,8,3,37,3,2,4,651,70,4,3,1,63,0,0,0,0,0
201900008187,19,6,13,342,4,6,1,7,4436125,406058,9,3,17,1,1,1,915,451,7,4,5,88,0,0,0,0,0
201900008188,19,1,26,839,3,7,6,1,4850229,461611,5,3,42,2,2,4,242,249,6,3,2,66,0,0,0,0,0
201900008189,19,9,28,2048,4,9,3,4,4433136,415049,1,2,47,2,2,3,854,269,6,7,4,34,0,0,0,0,0
201900008190,19,10,24,1786,2,1,5,2,4485824,529444,5,1,15,2,1,4,276,314,8,1,3,51,0,0,0,0,0
201900008191,19,10,17,1388,1,9,2,6,4694651,352723,7,1,31,2,4,2,375,80,4,1,1,29,0,0,0,0,0
201900008192,19,1,27,1830,4,4,2,1,4726487,650766,4,3,5,1,3,2,762,479,3,2,5,34,0,0,0,0,0
201900008193,19,9,16,1641,3,1,9,3,4953934,273894,6,3,52,2,2,1,910,906,9,7,4,94,0,0,0,0,0
201900008194,19,4,10,680,1,6,9,4,4521298,38186,8,1,18,3,2,3,904,577,5,3,3,98,0,0,0,0,0
201900008195,19,1,15,207,3,9,3,7,4475308,-262980,6,2,41,1,3,4,201,624,5,1,3,98,0,0,0,0,0
201900008196,19,8,18,71,3,1,7,1,4853990,194914,6,2,3,1,4,1,909,162,2,1,4,89,0,0,0,0,0
201900008197,19,9,14,1790,3,3,6,7,4792526,227958,8,1,41,1,3,2,413,643,2,6,4,62,0,0,0,0,0
201900008198,19,8,22,731,5,1,3,1,4887936,634697,4,3,18,2,2,3,678,522,9,4,5,4,0,0,0,0,0
201900008199,19,9,23,2036,2,1,6,5,4992565,-87913,1,1,9,2,4,2,734,499,6,6,4,96,0,0,0,0,0
201900008200,19,6,17,2287,4,3,8,1,4628835,-207719,5,2,48,1,4,1,576,867,4,6,2,57,0,0,0,0,0
201900008201,19,10,22,1636,1,4,5,5,4717126,489587,3,4,25,1,3,2,110,946,5,1,3,26,0,0,0,0,0
201900008202,19,3,5,651,5,2,1,6,4953893,629942,8,2,30,3,4,3,694,172,6,1,1,2,0,0,0,0,0
201900008203,19,1,23,1448,4,7,5,6,4986992,463342,2,2,24,1,3,1,184,500,3,6,5,3,0,0,0,0,0
201900008204,19,1,14,1002,4,7,7,6,4539190,-212951,1,1,37,3,1,1,520,357,5,3,4,16,0,0,0,0,0
201900008205,19,8,8,1321,1,1,3,1,4586446,-101612,4,1,24,3,2,2,832,76,8,5,1,65,0,0,0,0,0
201900008206,19,12,5,2098,5,4,6,5,4945520,498336,8,4,51,3,4,3,560,767,5,6,3,1,0,0,0,0,0
201900008207,19,11,9,1361,1,2,1,5,4503325,119979,9,4,0,1,4,1,826,217,9,2,3,16,0,0,0,0,0
201900008208,19,3,13,2158,3,6,3,1,4474794,60884,5,4,25,3,3,3,327,56,1,1,4,58,0,0,0,0,0
201900008209,19,4,27,639,2,7,5,5,4627348,199529,7,1,44,3,1,1,390,791,6,7,2,62,0,0,0,0,0
201900008210,19,12,7,2314,5,2,1,6,4526102,629355,9,3,12,2,3,3,449,882,6,5,2,7,0,0,0,0,0
201900008211,19,11,9,1251,4,5,5,5,4889271,-11087,8,1,15,2,2,3,826,245,7,1,2,50,0,0,0,0,0
201900008212,19,9,24,1345,4,9,1,4,4774780,347021,3,3,33,1,4,4,281,952,8,1,4,64,0,0,0,0,0
201900008213,19,7,7,2032,1,2,5,1,4704230,-213047,5,1,31,2,3,4,213,152,1,6,1,50,0,0,0,0,0
201900008214,19,8,17,245,5,5,4,1,4817537,612087,6,3,17,2,3,1,46,968,9,3,4,26,0,0,0,0,0
201900008215,19,1,20,1171,3,4,5,7,4477990,141548,9,3,12,3,3,1,409,955,1,5,4,66,0,0,0,0,0
201900008216,19,10,10,5,4,1,2,1,4658031,-389705,5,4,17,1,4,3,95,418,5,7,4,85,0,0,0,0,0
201900008217,19,4,16,1771,1,6,9,1,4700176,-248249,9,2,50,1,3,2,266,100,6,2,2,90,0,0,0,0,0
201900008218,19,3,17,1739,5,4,4,2,4887456,146246,2,2,29,2,2,3,546,458,4,1,2,89,0,0,0,0,0
201900008219,19,5,25,433,3,9,9,2,4911154,-252930,8,2,13,2,4,2,186,591,9,5,4,77,0,0,0,0,0
201900008220,19,2,7,1752,2,5,9,7,4853842,450706,4,4,24,1,1,2,387,67,4,1,1,96,0,0,0,0,0