Num_Acc,an,mois,jour,hrmn,lum,int,atm,col,lat,long,catr,circ,nbv,vosp,prof,plan,lartpc,larrout,surf,infra,situ,env1,unscathed,killed,hospital,light,chance
201900008221,19,4,19,583,5,5,8,3,4465285,655330,8,2,51,2,2,4,240,677,6,7,3,36,0,0,0,0,0
201900008222,19,4,21,2205,1,2,1,4,4480285,618455,5,1,2,1,1,1,56,64,6,4,4,59,0,0,0,0,0
201900008223,19,4,18,2003,1,7,9,3,4659974,-23668,3,1,8,1,4,3,616,707,8,2,2,30,0,0,0,0,0
201900008224,19,11,15,414,4,2,7,1,4502920,513799,7,1,12,1,4,2,474,423,2,3,3,69,0,0,0,0,0
201900008225,19,12,10,2272,1,4,3,1,4695713,238111,1,4,45,3,2,3,2,155,5,7,1,90,0,0,0,0,0
201900008226,19,4,23,884,3,1,7,5,4691334,247684,8,2,16,1,4,2,549,995,2,1,1,18,0,0,0,0,0
201900008227,19,8,17,2216,4,4,1,2,4604331,132899,6,2,27,3,2,1,213,409,1,4,4,8,0,0,0,0,0
201900008228,19,10,5,1878,2,4,6,7,4487248,327426,2,4,26,2,4,2,230,315,7,4,3,69,0,0,0,0,0
201900008229,19,3,25,1582,1,7,4,3,4928280,674013,3,2,52,1,1,1,768,285,6,7,4,8,0,0,0,0,0
201900008230,19,6,3,201,2,5,7,2,4480786,670662,2,1,8,2,1,4,740,916,9,6,3,48,0,0,0,0,0
201900008231,19,3,18,1716,4,3,1,4,4884932,140704,5,1,39,1,3,3,734,920,8,3,2,20,0,0,0,0,0
201900008232,19,11,1,2086,2,3,8,2,4770479,-294838,2,3,44,3,4,2,773,888,5,3,5,83,0,0,0,0,0
201900008233,19,5,19,2151,4,3,5,7,4839799,608593,5,1,37,1,2,4,456,947,7,2,1,70,0,0,0,0,0
201900008234,19,11,6,1872,2,4,6,3,4749935,-199271,3,3,18,3,4,1,297,734,5,3,2,89,0,0,0,0,0
201900008235,19,8,17,1433,3,4,5,5,4713737,547349,1,1,48,3,4,1,217,670,8,6,3,60,0,0,0,0,0
201900008236,19,7,23,1908,1,9,7,6,4961633,-318301,2,4,24,1,3,2,273,303,7,6,2,51,0,0,0,0,0
201900008237,19,3,9,543,1,3,8,3,4587374,249195,9,2,21,2,2,2,370,487,4,5,3,62,0,0,0,0,0
201900008238,19,11,7,1357,2,3,7,4,4659845,59609,1,3,16,2,2,2,343,280,9,1,1,48,0,0,0,0,0
201900008239,19,10,19,2004,1,3,8,1,4905049,-317090,5,1,7,1,2,1,479,686,3,5,5,57,0,0,0,0,0
201900008240,19,2,6,993,1,8,9,1,4855951,-226597,4,4,18,3,4,4,674,912,7,1,5,91,0,0,0,0,0
201900008241,19,10,22,875,4,8,6,1,4971332,-197743,4,4,41,2,2,3,260,484,7,1,1,1,0,0,0,0,0
201900008242,19,4,16,1536,2,7,7,7,4966107,667301,9,1,32,1,1,4,326,201,5,1,5,35,0,0,0,0,0
201900008243,19,12,22,1386,5,3,9,1,4686975,136082,7,2,21,3,1,2,874,78,6,2,4,25,0,0,0,0,0
201900008244,19,1,10,1606,2,1,8,3,4638533,-394377,3,2,31,3,1,1,169,484,7,4,3,48,0,0,0,0,0
201900008245,19,9,14,1200,2,4,7,4,4434524,507166,1,2,30,1,3,1,909,881,1,4,4,56,0,0,0,0,0
201900008246,19,5,18,1387,5,6,1,1,4449404,73463,1,3,48,2,2,3,684,178,5,6,3,54,0,0,0,0,0
201900008247,19,10,17,1308,2,6,9,1,4533044,571875,9,4,11,2,1,2,453,619,1,6,5,87,0,0,0,0,0
201900008248,19,7,19,121,3,3,7,6,4822307,-230236,3,2,37,3,1,1,419,404,2,2,1,99,0,0,0,0,0
201900008249,19,12,23,1370,2,3,1,1,4509928,-245100,2,2,14,3,1,3,228,635,6,4,1,90,0,0,0,0,0
201900008250,19,9,26,203,2,3,6,1,4995735,-252237,6,2,3,2,3,1,735,416,5,3,5,79,0,0,0,0,0
201900008251,19,12,24,2352,1,3,3,5,4574707,195384,8,3,6,2,1,3,834,626,6,6,2,95,0,0,0,0,0
201900008252,19,6,16,1277,3,6,3,2,4800542,414588,1,2,13,3,3,4,449,732,5,5,4,78,0,0,0,0,0
201900008253,19,4,6,464,3,7,8,3,4535278,446771,2,4,11,1,2,1,249,184,3,4,1,7,0,0,0,0,0
201900008254,19,1,24,1233,5,2,4,2,4416552,384878,4,4,33,3,1,2,535,591,4,4,4,67,0,0,0,0,0
201900008255,19,11,5,753,1,9,6,1,4750037,265921,5,4,42,2,2,4,374,637,1,3,1,71,0,0,0,0,0
201900008256,19,11,4,454,2,1,3,4,4935157,416497,6,1,15,3,4,2,544,16,9,1,5,18,0,0,0,0,0
201900008257,19,5,2,1887,5,9,5,2,4590286,570431,3,2,9,2,3,2,401,41,3,1,4,7,0,0,0,0,0
201900008258,19,9,28,1780,4,8,9,2,4675177,-160367,3,1,27,3,1,3,338,217,6,3,5,74,0,0,0,0,0
201900008259,19,11,28,534,2,6,7,4,4734779,577563,7,2,51,1,3,4,336,615,1,3,4,22,0,0,0,0,0
201900008260,19,2,22,2103,3,2,7,4,4697662,-263467,3,2,1,3,2,2,538,631,9,4,1,96,0,0,0,0,0
201900008261,19,7,12,1490,3,8,1,7,4530025,486651,9,3,4,1,4,4,660,120,1,7,5,4,0,0,0,0,0
201900008262,19,4,25,939,1,1,6,1,4758346,154462,6,1,50,2,4,2,558,317,3,5,1,23,0,0,0,0,0
201900008263,19,5,15,1339,4,9,8,7,4405392,203975,3,2,4,3,4,2,243,680,1,6,1,53,0,0,0,0,0
201900008264,19,11,25,2304,2,9,3,2,4810196,138435,8,1,30,2,4,1,570,187,9,7,2,21,0,0,0,0,0
201900008265,19,1,17,1747,2,7,6,4,4427424,369549,5,1,37,3,2,3,211,273,9,5,2,87,0,0,0,0,0
201900008266,19,7,6,509,1,9,1,6,4947928,157884,8,3,28,2,4,3,664,941,6,6,4,75,0,0,0,0,0
201900008267,19,7,18,775,5,5,3,7,4487303,-202818,9,3,42,1,4,2,124,687,5,1,5,35,0,0,0,0,0
201900008268,19,10,18,1636,5,9,1,6,4870307,115408,2,2,50,2,2,4,818,390,1,4,1,40,0,0,0,0,0
201900008269,19,12,20,195,2,3,8,3,4622408,-267911,3,1,30,2,3,4,828,392,1,3,3,9,0,0,0,0,0
201900008270,19,10,25,1599,5,7,2,5,4664639,547214,1,1,5,1,1,1,349,126,5,7,4,95,0,0,0,0,0
201900008271,19,7,10,1756,1,1,5,5,4422747,54691,7,3,53,3,4,2,850,78,8,7,3,33,0,0,0,0,0
201900008272,19,10,2,1136,3,4,5,1,4990554,-158620,7,1,0,2,3,1,365,501,7,2,3,39,0,0,0,0,0
201900008273,19,12,18,1329,2,9,4,6,4407256,486596,9,1,11,1,3,2,866,736,9,6,2,70,0,0,0,0,0
201900008274,19,11,3,1698,3,5,3,1,4759879,-223734,1,4,9,1,2,1,588,379,2,7,4,18,0,0,0,0,0
201900008275,19,8,3,1508,5,2,9,6,4562012,-126888,2,3,35,3,4,1,62,468,8,6,4,51,0,0,0,0,0
201900008276,19,2,13,1810,2,9,6,7,4586000,-150990,8,3,46,2,4,2,257,305,8,7,2,5,0,0,0,0,0
201900008277,19,3,22,2332,2,3,3,3,4476017,-44173,6,1,36,3,1,3,283,34,3,6,2,53,0,0,0,0,0
201900008278,19,3,7,853,5,4,1,2,4764525,627251,7,4,1,1,4,1,685,106,6,3,2,0,0,0,0,0,0
201900008279,19,12,1,1746,5,5,9,1,4513065,-62013,5,2,15,1,4,3,717,586,8,7,3,2,0,0,0,0,0
201900008280,19,7,26,1486,5,4,6,6,4494203,-340312,8,1,21,1,3,1,857,894,4,5,1,41,0,0,0,0,0
201900008281,19,10,10,1968,1,7,3,4,4729986,438330,3,1,13,1,3,1,393,193,9,4,1,46,0,0,0,0,0
201900008282,19,11,7,41,2,7,9,4,4514713,562383,1,4,25,3,4,2,797,186,6,1,4,13,0,0,0,0,0
201900008283,19,4,25,262,2,5,6,5,4447866,59395,7,4,41,2,3,4,462,615,8,2,3,18,0,0,0,0,0
201900008284,19,9,17,351,4,4,1,6,4626701,613833,9,4,17,3,2,3,831,314,9,7,5,15,0,0,0,0,0
201900008285,19,3,6,181,3,3,8,6,4458843,-278342,9,1,14,2,4,2,472,179,3,6,5,56,0,0,0,0,0
201900008286,19,5,14,1706,1,4,9,2,4716321,664716,3,4,47,3,3,4,612,459,7,4,5,23,0,0,0,0,0
201900008287,19,2,2,427,4,6,2,3,4929649,156731,6,2,25,3,1,2,910,604,9,2,5,39,0,0,0,0,0
201900008288,19,11,22,258,2,8,5,2,4640262,215013,4,3,48,3,4,4,332,572,2,3,2,30,0,0,0,0,0
201900008289,19,9,28,809,5,2,5,6,4716786,-101162,1,4,1,2,2,4,435,793,1,5,3,95,0,0,0,0,0
201900008290,19,5,17,1771,2,9,4,5,4838357,-385972,3,1,23,1,4,4,443,888,6,5,3,82,0,0,0,0,0
201900008291,19,8,9,1801,4,5,8,4,4799195,-45994,9,1,33,2,1,1,630,672,7,2,1,34,0,0,0,0,0
201900008292,19,8,11,2209,3,3,3,7,4636039,569277,1,4,1,2,3,3,252,607,5,2,1,38,0,0,0,0,0
201900008293,19,11,5,1029,4,2,6,1,4491659,513135,9,3,23,3,3,4,676,754,1,5,2,58,0,0,0,0,0
201900008294,19,2,20,851,4,8,7,1,4872637,653789,4,2,36,3,1,1,250,53,1,6,3,83,0,0,0,0,0
201900008295,19,7,23,1661,2,5,9,5,4790850,465806,5,1,35,2,3,4,681,810,5,4,2,11,0,0,0,0,0
201900008296,19,4,6,2022,4,4,3,4,4479043,-319338,3,3,22,3,4,4,322,707,3,2,2,43,0,0,0,0,0
201900008297,19,6,21,1762,4,2,1,2,4400938,665752,8,1,44,2,3,3,654,333,2,1,2,59,0,0,0,0,0
201900008298,19,11,11,1251,2,9,1,2,4410655,137447,2,3,18,2,3,3,282,618,5,5,3,51,0,0,0,0,0
201900008299,19,4,2,815,5,5,5,5,4648642,-78030,2,4,4,2,1,2,421,283,6,6,1,2,0,0,0,0,0
201900008300,19,10,6,1039,2,3,1,2,4589538,655256,2,3,51,2,1,4,433,578,5,1,5,36,0,0,0,0,0
201900008301,19,9,18,2085,1,4,3,1,4697404,673299,2,3,22,2,1,4,6,159,8,5,3,48,0,0,0,0,0
201900008302,19,11,16,1222,3,2,3,6,4812249,-135514,7,3,0,1,1,1,192,48,7,3,4,63,0,0,0,0,0
201900008303,19,4,11,1354,1,8,9,5,4459839,-23633,1,3,49,1,3,2,276,27,4,4,4,24,0,0,0,0,0
201900008304,19,5,3,1701,1,9,9,4,4417612,-102861,2,2,42,3,2,4,188,643,7,7,1,90,0,0,0,0,0
201900008305,19,8,16,436,3,5,3,3,4568558,317833,7,3,40,1,3,2,877,713,9,2,3,70,0,0,0,0,0
201900008306,19,2,24,1062,2,5,1,5,4798754,76269,9,1,39,3,1,1,72,112,4,2,4,38,0,0,0,0,0
201900008307,19,7,4,1427,4,6,1,5,4516104,584329,7,4,3,2,2,2,826,805,6,1,4,87,0,0,0,0,0
201900008308,19,1,27,1943,4,8,2,3,4949532,91103,2,3,19,3,1,1,414,467,9,7,4,42,0,0,0,0,0
201900008309,19,1,4,2186,2,1,1,3,4648489,668783,4,1,16,3,3,2,811,69,8,3,3,56,0,0,0,0,0
201900008310,19,1,28,2326,4,5,5,7,4551903,-67569,8,2,3,3,4,3,195,875,3,2,3,94,0,0,0,0,0
201900008311,19,3,19,386,4,9,9,5,4814927,607584,3,2,33,1,2,2,688,49,6,7,3,41,0,0,0,0,0
201900008312,19,10,10,1065,4,9,4,5,4793372,-364164,5,2,37,3,2,4,540,255,9,7,2,87,0,0,0,0,0
201900008313,19,1,12,2174,2,5,6,2,4887087,406974,6,3,17,2,2,2,374,818,2,3,2,62,0,0,0,0,0
201900008314,19,3,21,1097,1,8,5,5,4797864,-59436,6,3,52,2,1,4,199,525,3,2,1,74,0,0,0,0,0
201900008315,19,4,27,1841,1,2,4,6,4745306,-165395,9,1,37,2,1,1,686,893,8,7,5,99,0,0,0,0,0
201900008316,19,9,2,283,4,7,6,1,4774023,121487,7,4,28,1,4,3,304,282,9,1,4,63,0,0,0,0,0
201900008317,19,5,9,1487,3,7,9,7,4611861,-161012,5,2,35,2,1,3,705,693,4,2,4,97,0,0,0,0,0
201900008318,19,10,5,133,1,7,1,5,4685801,244230,9,2,24,2,1,1,104,903,2,4,2,54,0,0,0,0,0
201900008319,19,5,8,1805,1,2,8,4,4946269,-187378,4,4,1,2,2,4,264,506,7,7,4,48,0,0,0,0,0
201900008320,19,5,1,518,4,8,8,6,4544669,592097,5,4,9,2,3,2,593,373,5,7,3,87,0,0,0,0,0
201900008321,19,2,12,1106,5,5,8,7,4577953,586627,6,1,16,1,2,3,77,543,8,1,2,25,0,0,0,0,0
201900008322,19,5,26,1435,3,5,7,5,4940063,480071,3,4,0,1,2,4,775,139,8,7,2,41,0,0,0,0,0
201900008323,19,11,26,282,3,4,8,3,4619997,286650,2,1,53,3,4,1,250,476,4,7,2,89,0,0,0,0,0
201900008324,19,3,23,531,2,5,3,3,4571081,-35688,3,4,44,1,1,1,706,665,8,4,4,8,0,0,0,0,0
201900008325,19,11,1,1508,1,2,5,3,4543220,165249,5,4,33,2,2,3,507,128,8,4,3,72,0,0,0,0,0
201900008326,19,7,22,746,5,1,1,2,4518190,287605,2,3,24,3,3,3,640,211,5,4,4,43,0,0,0,0,0
201900008327,19,4,16,1632,1,6,1,4,4414354,634259,7,4,4,2,4,4,781,885,6,7,5,4,0,0,0,0,0
201900008328,19,11,21,1990,5,2,1,6,4572023,568885,3,1,34,3,3,3,676,852,8,1,1,5,0,0,0,0,0
201900008329,19,1,24,682,3,5,5,4,4939442,8293,6,3,42,3,1,3,157,896,7,5,4,50,0,0,0,0,0
201900008330,19,12,26,1145,2,4,1,3,4859298,346560,1,3,39,3,1,4,714,749,2,3,3,39,0,0,0,0,0
201900008331,19,3,12,1737,1,3,2,7,4640592,-218898,7,1,22,2,3,1,773,722,9,2,1,9,0,0,0,0,0
201900008332,19,7,12,1367,1,4,7,3,4612608,280752,8,1,27,3,2,3,428,903,1,6,5,0,0,0,0,0,0
201900008333,19,7,23,719,1,3,2,7,4995436,488332,9,2,2,2,2,4,843,472,1,4,3,74,0,0,0,0,0
201900008334,19,9,25,1050,1,2,4,7,4907555,127462,8,2,10,3,2,1,658,874,5,6,3,30,0,0,0,0,0
201900008335,19,1,12,1290,2,6,3,4,4696935,349683,9,4,53,1,2,4,533,712,8,4,1,1,0,0,0,0,0
201900008336,19,11,19,1363,1,4,7,3,4610109,304737,1,2,53,1,3,1,58,805,9,6,1,62,0,0,0,0,0
201900008337,19,6,18,1977,5,3,4,1,4865942,402774,4,1,49,1,1,3,515,274,9,4,2,62,0,0,0,0,0
201900008338,19,4,5,2078,4,3,6,4,4597820,-136160,8,3,38,1,3,2,199,137,7,4,5,56,0,0,0,0,0
201900008339,19,7,3,431,1,2,5,1,4489037,549950,6,1,28,3,4,4,888,532,2,4,5,29,0,0,0,0,0
201900008340,19,2,18,1770,4,1,8,7,4558972,573301,8,4,43,1,1,4,629,837,5,1,4,54,0,0,0,0,0
201900008341,19,11,21,1828,4,1,9,1,4818479,-254588,7,3,15,3,2,2,415,384,6,4,1,54,0,0,0,0,0
201900008342,19,7,22,474,1,1,8,6,4413242,-306208,7,1,18,3,2,1,888,297,7,7,4,57,0,0,0,0,0
201900008343,19,8,26,1919,4,3,1,4,4448055,561428,8,1,9,3,4,4,298,217,8,2,1,72,0,0,0,0,0
201900008344,19,5,23,861,5,2,5,4,4581405,38487,8,4,14,1,4,3,701,420,3,4,3,73,0,0,0,0,0
201900008345,19,12,25,1008,1,7,2,7,4675515,-39915,7,2,6,2,4,1,241,723,6,2,1,1,0,0,0,0,0
201900008346,19,8,10,2028,5,6,2,5,4453902,-306520,5,2,28,3,1,1,26,178,6,4,4,23,0,0,0,0,0
201900008347,19,2,20,1579,5,6,7,6,4618296,274012,2,2,20,3,2,2,449,531,2,1,5,20,0,0,0,0,0
201900008348,19,9,1,1733,1,7,7,3,4425014,-246669,8,3,46,1,4,1,304,890,4,7,5,44,0,0,0,0,0
201900008349,19,11,6,2091,5,1,9,1,4803397,-164836,2,4,14,1,4,1,591,959,4,2,2,14,0,0,0,0,0
201900008350,19,7,27,1104,1,1,7,1,4862985,650895,9,4,37,2,1,1,222,605,3,6,1,13,0,0,0,0,0
201900008351,19,6,18,653,4,6,5,5,4892646,551749,1,1,22,2,2,3,438,310,6,5,2,14,0,0,0,0,0
201900008352,19,2,9,681,2,8,6,4,4486932,91826,8,2,43,3,3,2,229,372,6,6,3,56,0,0,0,0,0
201900008353,19,3,23,1261,2,5,4,5,4887473,-262891,7,2,45,1,2,2,574,298,6,4,1,23,0,0,0,0,0
201900008354,19,11,23,1138,1,8,8,3,4797903,445702,6,4,30,2,1,2,407,110,2,5,2,27,0,0,0,0,0
201900008355,19,7,4,878,1,4,1,2,4686150,-386327,5,4,26,1,3,4,228,39,7,4,4,17,0,0,0,0,0
201900008356,19,7,16,1847,1,6,3,5,4959201,552643,9,2,36,3,3,1,390,992,6,1,4,66,0,0,0,0,0
201900008357,19,5,1,827,4,4,8,5,4855463,469171,5,1,34,2,2,4,64,800,1,3,5,48,0,0,0,0,0
201900008358,19,6,15,1761,4,3,4,7,4977019,172404,8,2,27,1,3,3,617,730,4,6,2,96,0,0,0,0,0
201900008359,19,9,15,1205,5,7,8,5,4636995,538369,3,1,19,3,3,2,439,137,9,4,3,11,0,0,0,0,0
201900008360,19,11,18,253,4,5,5,2,4695676,206826,1,1,31,1,3,3,223,727,4,3,5,94,0,0,0,0,0
201900008361,19,3,19,951,1,1,4,6,4987752,-295411,5,4,25,2,4,4,157,313,5,4,2,90,0,0,0,0,0
201900008362,19,2,7,1787,2,5,1,3,4899527,-62824,5,1,22,2,3,2,284,823,9,7,1,0,0,0,0,0,0
201900008363,19,7,6,1182,5,5,1,4,4945016,561365,5,3,30,2,4,1,733,876,3,6,1,78,0,0,0,0,0
201900008364,19,7,9,516,2,1,3,1,4415516,-100434,8,3,9,3,4,3,572,968,8,7,1,97,0,0,0,0,0
201900008365,19,3,22,640,3,5,6,6,4941182,219507,8,2,39,3,4,3,849,494,5,4,1,51,0,0,0,0,0
201900008366,19,7,14,1832,3,5,3,7,4570521,-121341,1,3,19,3,4,1,469,100,1,6,3,89,0,0,0,0,0
201900008367,19,8,18,2122,1,5,7,3,4716648,-363651,4,2,40,3,4,1,210,861,5,3,5,20,0,0,0,0,0
201900008368,19,11,17,1911,5,4,5,1,4803660,-48274,1,3,51,3,2,3,360,209,5,7,2,28,0,0,0,0,0
201900008369,19,11,27,360,4,5,9,3,4578516,624605,7,4,25,3,4,2,155,423,2,6,1,36,0,0,0,0,0
201900008370,19,4,27,5,3,9,4,2,4863211,-124986,3,1,43,3,4,2,58,109,1,2,3,62,0,0,0,0,0
201900008371,19,1,8,1611,3,6,7,1,4727131,-115065,8,2,47,2,2,1,411,907,6,6,3,1,0,0,0,0,0
201900008372,19,1,7,390,3,5,6,7,4634439,-252648,2,4,37,1,3,2,587,565,1,7,2,28,0,0,0,0,0
201900008373,19,10,9,6,1,5,6,6,4616585,178634,5,2,51,2,4,4,550,902,2,7,2,42,0,0,0,0,0
201900008374,19,11,17,685,2,6,7,7,4613067,-177660,1,4,5,3,1,4,158,46,9,6,5,77,0,0,0,0,0
201900008375,19,3,16,1653,3,6,9,4,4533776,51888,5,4,14,1,3,1,717,505,7,2,5,25,0,0,0,0,0
201900008376,19,12,3,540,1,2,4,2,4841068,-122294,5,4,38,2,3,2,554,332,4,7,1,52,0,0,0,0,0
201900008377,19,4,17,755,3,7,2,2,4971362,667433,7,1,6,2,1,2,493,739,8,3,3,39,0,0,0,0,0
201900008378,19,1,1,1482,4,2,3,2,4995327,-103607,8,4,8,1,1,4,574,512,6,1,1,32,0,0,0,0,0
201900008379,19,12,6,2306,1,5,3,7,4699611,120267,4,4,42,2,1,1,647,979,8,1,4,4,0,0,0,0,0
201900008380,19,8,10,815,4,3,5,2,4939611,-32158,2,2,53,3,2,1,748,149,3,7,3,87,0,0,0,0,0
201900008381,19,12,26,454,2,3,8,2,4483338,448865,9,2,23,2,1,2,775,271,7,5,2,64,0,0,0,0,0
201900008382,19,9,26,256,2,4,3,4,4531709,120587,3,1,2,2,4,2,700,546,5,2,3,68,0,0,0,0,0
201900008383,19,11,9,1855,2,2,6,4,4668954,672086,3,3,8,3,4,4,90,757,3,3,2,84,0,0,0,0,0
201900008384,19,3,6,1523,2,3,6,3,4744632,-261801,8,3,51,2,2,3,871,677,8,6,1,53,0,0,0,0,0
201900008385,19,4,25,910,4,1,2,4,4461101,-51811,8,4,29,2,3,4,309,15,4,5,5,46,0,0,0,0,0
201900008386,19,2,4,504,3,5,6,7,4906029,383114,1,4,14,2,2,1,345,450,6,2,1,82,0,0,0,0,0
201900008387,19,3,21,2273,3,3,4,1,4690190,105051,4,3,26,3,2,2,535,149,9,5,2,54,0,0,0,0,0
201900008388,19,11,12,2267,1,2,3,4,4749180,463116,1,2,50,3,4,2,697,538,5,4,1,30,0,0,0,0,0
201900008389,19,8,5,2128,2,6,3,5,4639884,447697,3,1,52,2,4,4,257,312,6,5,4,73,0,0,0,0,0
201900008390,19,12,19,664,1,5,8,2,4416899,201956,8,3,40,3,4,3,601,587,4,3,3,11,0,0,0,0,0
201900008391,19,1,17,129,4,1,1,5,4545190,627110,5,1,43,2,2,4,848,553,8,3,1,49,0,0,0,0,0
201900008392,19,3,16,2213,2,8,5,5,4487443,235879,6,3,24,1,4,3,678,202,4,3,3,63,0,0,0,0,0
201900008393,19,7,28,1147,5,4,4,2,4932599,360021,4,3,30,1,3,1,481,300,8,3,1,79,0,0,0,0,0
201900008394,19,11,7,697,1,5,7,1,4421176,-149705,4,4,45,2,4,1,185,40,8,7,4,24,0,0,0,0,0
201900008395,19,3,9,528,2,8,4,7,4749471,16028,6,4,14,3,4,1,234,52,9,6,1,69,0,0,0,0,0
201900008396,19,3,25,1188,2,5,7,2,4766757,53754,4,4,27,3,2,1,76,276,2,7,5,88,0,0,0,0,0
201900008397,19,4,8,613,3,1,1,2,4714571,487887,4,1,37,3,1,1,651,67,5,1,5,24,0,0,0,0,0
201900008398,19,10,12,2271,3,9,4,6,4876234,-51736,1,2,43,2,3,4,34,647,6,7,1,13,0,0,0,0,0
201900008399,19,4,19,1460,4,2,9,4,4768479,-336921,9,2,45,3,3,1,324,308,5,5,1,72,0,0,0,0,0
201900008400,19,6,8,145,4,8,4,3,4761528,-291233,1,3,27,2,3,3,177,656,1,3,5,77,0,0,0,0,0
201900008401,19,6,2,1567,4,3,5,4,4924571,-61683,3,4,53,3,4,3,63,671,4,7,4,10,0,0,0,0,0
201900008402,19,8,22,2023,3,2,3,7,4872251,-299490,5,2,50,1,1,2,667,313,5,3,5,34,0,0,0,0,0
201900008403,19,7,16,2046,5,5,3,5,4432896,-245022,3,2,42,2,4,1,529,343,7,7,4,71,0,0,0,0,0
201900008404,19,1,28,912,2,5,5,6,4837442,-909,4,1,30,3,3,1,280,305,8,2,4,45,0,0,0,0,0
201900008405,19,2,24,106,2,9,3,5,4617094,-344750,1,2,38,1,3,4,228,443,3,6,5,73,0,0,0,0,0
201900008406,19,5,7,79,4,5,8,7,4649234,-158974,9,4,20,1,4,3,42,643,7,1,3,91,0,0,0,0,0
201900008407,19,7,18,671,4,3,3,6,4676104,-112019,6,3,34,3,2,1,618,333,8,4,3,42,0,0,0,0,0
201900008408,19,12,1,1040,2,6,9,5,4878282,675166,9,2,15,2,1,3,61,779,4,5,1,92,0,0,0,0,0
201900008409,19,12,26,2294,3,1,9,6,4809047,375017,7,2,38,3,3,1,452,421,5,1,4,74,0,0,0,0,0
201900008410,19,12,19,1921,1,6,5,5,4748367,596127,9,1,13,1,2,2,869,704,1,2,5,32,0,0,0,0,0
201900008411,19,12,2,862,3,4,7,7,4623992,67209,5,3,40,2,4,1,517,550,9,3,4,90,0,0,0,0,0
201900008412,19,4,24,1413,4,7,9,1,4424385,-131781,8,4,35,3,1,2,207,600,4,3,3,80,0,0,0,0,0
201900008413,19,5,21,621,3,9,4,7,4853356,-376849,4,2,1,2,4,1,741,193,3,2,3,31,0,0,0,0,0
201900008414,19,4,16,1895,3,3,4,7,4549200,320800,4,1,23,1,3,2,526,199,1,7,5,55,0,0,0,0,0
201900008415,19,2,6,437,2,5,9,6,4976214,-242735,5,2,33,3,2,1,833,826,9,3,1,59,0,0,0,0,0
201900008416,19,7,7,2274,4,9,1,5,4804961,-380576,6,1,30,3,3,2,77,781,7,4,4,81,0,0,0,0,0
201900008417,19,5,25,1235,4,8,9,6,4809960,-184042,3,1,19,1,2,4,419,948,9,5,3,15,0,0,0,0,0
201900008418,19,9,27,1093,2,1,1,1,4703106,-227893,5,3,8,1,1,1,661,870,8,1,1,13,0,0,0,0,0
201900008419,19,9,8,2116,2,7,7,5,4812900,-38614,6,2,29,2,4,2,175,385,1,2,4,51,0,0,0,0,0
201900008420,19,6,3,1679,3,5,2,2,4594853,10521,8,3,15,3,1,4,400,879,7,3,5,72,0,0,0,0,0
201900008421,19,6,2,401,5,2,7,2,4890428,-99578,5,1,4,3,3,4,247,414,2,3,3,48,0,0,0,0,0
201900008422,19,9,22,168,1,2,5,4,4865178,385625,7,3,21,1,2,3,92,762,9,5,2,76,0,0,0,0,0
201900008423,19,4,28,2255,2,3,6,7,4516454,365896,8,2,17,2,3,2,359,215,2,7,2,28,0,0,0,0,0
201900008424,19,9,4,875,2,3,9,2,4669751,437682,5,2,24,1,2,4,559,961,9,4,5,54,0,0,0,0,0
201900008425,19,1,7,1152,3,3,3,7,4873622,686471,8,4,25,3,1,3,901,570,1,4,5,73,0,0,0,0,0
201900008426,19,10,2,278,5,3,3,1,4699096,44984,5,1,6,1,3,2,318,925,9,5,4,94,0,0,0,0,0
201900008427,19,11,19,467,3,9,1,5,4778724,189486,5,4,52,1,4,1,389,806,2,2,5,45,0,0,0,0,0
201900008428,19,9,16,1219,5,2,4,3,4665516,-384198,1,4,19,1,3,3,880,934,6,6,4,45,0,0,0,0,0
201900008429,19,1,18,1493,2,3,6,5,4405652,100894,3,4,10,2,1,1,297,663,7,2,1,86,0,0,0,0,0
201900008430,19,4,4,290,2,1,1,3,4715377,-69265,8,4,48,1,4,3,456,67,6,3,2,74,0,0,0,0,0
201900008431,19,1,27,1103,3,1,8,6,4578237,526924,4,1,21,1,2,3,188,917,1,1,5,0,0,0,0,0,0
201900008432,19,7,3,1470,3,2,6,1,4699716,-79732,5,4,52,2,1,4,708,398,1,1,5,92,0,0,0,0,0
201900008433,19,3,14,2079,2,1,1,6,4444773,661804,8,1,43,1,2,4,476,777,4,2,3,27,0,0,0,0,0