Num_Acc,an,mois,jour,hrmn,lum,int,atm,col,lat,long,catr,circ,nbv,vosp,prof,plan,lartpc,larrout,surf,infra,situ,env1,unscathed,killed,hospital,light,chance
201900008434,19,8,9,2336,5,6,1,3,4791664,-316435,5,2,13,2,4,3,319,97,8,7,4,31,0,0,0,0,0
201900008435,19,3,26,71,1,9,4,5,4472400,479049,7,2,20,2,2,4,389,464,4,3,1,35,0,0,0,0,0
201900008436,19,7,25,970,5,7,8,3,4768048,-372757,5,3,30,3,2,3,522,353,6,2,3,70,0,0,0,0,0
201900008437,19,7,14,2291,1,9,5,2,4751375,687165,9,4,10,1,3,4,461,455,9,3,3,55,0,0,0,0,0
201900008438,19,11,4,525,4,2,4,4,4984688,-135373,9,2,53,1,2,2,62,926,6,5,5,82,0,0,0,0,0
201900008439,19,2,15,2301,3,6,3,6,4656508,-192229,2,1,29,3,1,2,627,826,6,5,1,91,0,0,0,0,0
201900008440,19,8,24,351,4,9,7,4,4472122,62623,1,4,27,2,1,1,670,756,7,7,2,0,0,0,0,0,0
201900008441,19,7,27,1285,5,7,7,1,4824055,22456,3,2,21,3,3,2,728,762,6,1,4,35,0,0,0,0,0
201900008442,19,3,17,1449,4,9,7,6,4960067,-83993,2,2,44,2,4,1,140,607,6,3,5,27,0,0,0,0,0
201900008443,19,12,10,2093,4,9,9,1,4549435,-146555,2,2,14,2,1,1,542,909,1,7,1,84,0,0,0,0,0
201900008444,19,7,4,535,1,4,3,1,4828451,423778,5,2,33,1,3,2,888,407,4,1,2,48,0,0,0,0,0
201900008445,19,5,10,343,1,6,9,1,4987818,-150060,4,4,43,1,3,2,406,319,1,5,1,55,0,0,0,0,0
201900008446,19,2,11,822,4,2,8,3,4869494,536183,6,1,11,3,3,3,72,980,8,5,4,21,0,0,0,0,0
201900008447,19,1,21,2182,2,4,9,4,4599827,44135,1,3,22,3,2,4,775,374,4,2,1,65,0,0,0,0,0
201900008448,19,1,16,668,5,5,9,4,4696490,19787,5,1,38,3,1,3,361,546,3,3,4,59,0,0,0,0,0
201900008449,19,3,25,1813,5,7,4,1,4971997,-208889,9,3,42,3,2,1,557,811,8,5,1,66,0,0,0,0,0
201900008450,19,12,11,2104,5,4,8,3,4925021,-99244,5,4,13,2,4,3,117,594,1,7,3,43,0,0,0,0,0
201900008451,19,5,28,2187,2,5,8,7,4515172,-268962,9,2,18,1,4,1,142,141,9,3,2,41,0,0,0,0,0
201900008452,19,3,14,1034,5,3,5,6,4696919,-340457,4,4,45,3,3,4,480,901,5,6,1,22,0,0,0,0,0
201900008453,19,5,10,1214,2,9,7,6,4434693,416806,7,2,18,3,1,1,573,766,3,1,1,41,0,0,0,0,0
201900008454,19,2,10,1892,3,2,4,3,4938557,93609,1,4,48,3,4,3,10,179,1,5,5,25,0,0,0,0,0
201900008455,19,1,11,1836,1,1,4,6,4837064,5948,2,1,43,1,4,4,273,273,5,7,4,47,0,0,0,0,0
201900008456,19,9,4,1640,2,8,6,2,4927243,531953,6,1,24,3,3,3,864,102,1,4,5,80,0,0,0,0,0
201900008457,19,5,4,666,3,3,5,4,4838513,-43609,5,4,14,2,3,4,97,710,6,5,4,56,0,0,0,0,0
201900008458,19,5,25,1117,1,9,5,7,4557338,421489,8,2,50,3,3,4,650,44,6,3,5,36,0,0,0,0,0
201900008459,19,4,20,1286,3,9,2,6,4782605,-112561,4,3,11,2,3,3,164,26,9,6,4,94,0,0,0,0,0
201900008460,19,2,22,1074,1,1,9,6,4888391,692636,9,2,1,1,1,3,685,572,5,5,3,34,0,0,0,0,0
201900008461,19,11,7,2326,2,8,1,1,4874638,532153,1,3,22,3,3,3,711,792,7,6,3,74,0,0,0,0,0
201900008462,19,10,9,945,3,4,6,3,4970430,237047,8,2,20,3,3,3,404,137,5,4,4,78,0,0,0,0,0
201900008463,19,2,22,517,5,1,2,1,4523576,59912,3,3,7,1,2,1,654,579,7,7,5,47,0,0,0,0,0
201900008464,19,5,21,395,2,8,5,7,4824842,521000,3,1,37,1,2,4,97,216,6,1,5,76,0,0,0,0,0
201900008465,19,7,22,64,1,8,2,1,4661689,550021,9,2,52,1,4,4,351,653,8,2,3,69,0,0,0,0,0
201900008466,19,11,4,646,4,9,9,4,4634542,67055,9,1,12,2,4,4,136,948,3,1,2,57,0,0,0,0,0
201900008467,19,4,18,734,3,4,3,2,4630565,-79148,3,2,17,1,2,2,432,150,5,3,3,76,0,0,0,0,0
201900008468,19,11,16,1937,2,5,2,7,4971536,457569,8,4,39,2,3,2,64,231,4,4,3,71,0,0,0,0,0
201900008469,19,7,11,898,3,6,4,5,4722067,-231933,6,4,22,2,2,4,545,656,6,2,2,65,0,0,0,0,0
201900008470,19,10,3,346,4,9,5,7,4578318,499120,5,4,52,2,4,1,12,940,9,3,2,26,0,0,0,0,0
201900008471,19,4,2,1319,2,9,8,2,4990445,437163,5,3,23,1,1,4,610,223,8,7,2,66,0,0,0,0,0
201900008472,19,10,2,542,5,8,4,1,4567427,107980,8,3,31,1,2,1,891,643,9,7,1,22,0,0,0,0,0
201900008473,19,4,16,1341,3,7,3,2,4437489,32016,6,3,5,2,2,1,745,697,4,2,5,2,0,0,0,0,0
201900008474,19,7,2,586,5,3,5,5,4465426,-90610,7,2,2,1,3,4,617,11,6,4,3,18,0,0,0,0,0
201900008475,19,12,2,126,3,5,1,4,4400140,85427,2,3,16,3,2,2,651,678,2,7,2,34,0,0,0,0,0
201900008476,19,5,28,1604,3,3,3,6,4936419,-360675,3,1,15,2,1,2,730,697,5,4,4,62,0,0,0,0,0
201900008477,19,1,12,1613,4,8,6,6,4463002,58799,1,1,36,1,4,3,411,699,5,6,2,12,0,0,0,0,0
201900008478,19,7,13,1197,5,7,8,4,4468508,-265656,7,2,7,1,3,1,120,651,1,1,3,75,0,0,0,0,0
201900008479,19,12,27,468,1,7,2,1,4448165,-65635,2,1,6,3,2,1,737,134,5,5,3,26,0,0,0,0,0
201900008480,19,6,2,2272,1,3,3,5,4757415,344141,8,3,8,2,2,3,85,21,3,1,2,32,0,0,0,0,0
201900008481,19,2,3,1416,1,4,6,3,4430228,125572,3,1,39,2,1,1,216,826,4,3,5,4,0,0,0,0,0
201900008482,19,10,14,1865,2,7,3,5,4495474,39519,2,3,34,3,3,3,770,715,7,1,5,94,0,0,0,0,0
201900008483,19,3,19,1838,1,5,5,2,4456509,-53737,3,1,45,2,3,2,10,504,7,6,2,72,0,0,0,0,0
201900008484,19,1,6,1180,1,7,8,7,4941700,415080,3,4,53,3,1,1,629,950,9,5,5,76,0,0,0,0,0
201900008485,19,4,1,268,1,8,6,1,4416002,374536,4,2,52,1,1,2,895,232,8,6,3,74,0,0,0,0,0
201900008486,19,3,13,1908,2,9,2,3,4725995,-89927,1,3,25,3,1,3,899,494,4,5,5,82,0,0,0,0,0
201900008487,19,2,8,741,3,8,7,3,4888170,481018,4,2,22,1,4,3,339,433,3,2,1,62,0,0,0,0,0
201900008488,19,2,1,1740,3,6,8,5,4468985,305317,9,1,24,3,2,1,666,157,4,4,3,54,0,0,0,0,0
201900008489,19,1,4,782,4,4,4,3,4884822,388190,3,2,0,2,3,3,606,986,6,3,3,62,0,0,0,0,0
201900008490,19,6,5,1636,4,7,9,3,4637595,-248953,4,4,46,2,3,3,242,272,5,2,2,45,0,0,0,0,0
201900008491,19,7,8,844,3,3,7,1,4813081,-337029,7,3,24,1,4,1,879,380,7,6,3,76,0,0,0,0,0
201900008492,19,5,22,1019,2,1,7,6,4747919,-249358,5,4,30,1,2,2,209,891,6,6,4,18,0,0,0,0,0
201900008493,19,11,16,552,4,4,8,7,4910610,308931,3,1,27,3,1,1,408,503,4,7,3,53,0,0,0,0,0
201900008494,19,4,20,628,4,2,4,3,4512673,-291474,8,4,46,3,3,4,518,593,6,6,4,45,0,0,0,0,0
201900008495,19,6,8,259,4,3,6,6,4488094,10467,4,4,13,2,1,3,360,369,9,2,5,71,0,0,0,0,0
201900008496,19,4,20,2234,5,5,7,4,4822595,328525,9,2,38,2,2,2,717,523,9,4,3,54,0,0,0,0,0
201900008497,19,7,5,1023,3,5,9,3,4692698,343816,9,3,32,2,2,1,648,220,2,1,5,17,0,0,0,0,0
201900008498,19,1,9,1980,3,6,1,4,4462631,193285,1,3,51,1,2,3,636,896,1,6,3,99,0,0,0,0,0
201900008499,19,11,21,1701,2,6,2,2,4986808,371269,6,3,23,2,1,2,324,893,5,3,1,85,0,0,0,0,0
201900008500,19,9,13,363,4,9,9,4,4737348,124347,1,3,7,2,4,1,267,593,8,2,5,0,0,0,0,0,0
201900008501,19,6,3,20,2,5,4,6,4776690,-4824,5,2,45,2,1,1,100,933,4,6,2,29,0,0,0,0,0
201900008502,19,11,2,360,1,8,1,6,4776813,149050,4,3,11,3,2,2,742,15,4,2,2,47,0,0,0,0,0
201900008503,19,7,18,598,1,6,8,3,4740851,-104404,2,4,53,3,1,1,629,775,3,6,2,38,0,0,0,0,0
201900008504,19,7,15,1414,4,1,7,6,4775432,152868,7,4,2,3,1,1,141,231,6,3,1,43,0,0,0,0,0
201900008505,19,12,9,2067,1,2,7,3,4995541,362428,4,4,18,3,3,3,135,862,7,7,1,53,0,0,0,0,0
201900008506,19,5,8,1555,3,7,1,7,4781630,304095,5,3,43,1,4,1,831,494,1,7,4,14,0,0,0,0,0
201900008507,19,3,2,807,4,8,7,5,4864080,241260,8,2,22,3,3,1,780,971,5,3,4,80,0,0,0,0,0
201900008508,19,12,16,1544,5,6,5,3,4841169,122982,8,1,7,3,4,4,14,610,9,5,2,77,0,0,0,0,0
201900008509,19,2,6,1790,1,7,5,2,4480227,-78174,4,2,51,3,3,3,212,555,5,1,3,61,0,0,0,0,0
201900008510,19,3,15,2277,1,1,3,1,4919773,466452,8,1,2,3,2,2,293,7,3,4,2,41,0,0,0,0,0
201900008511,19,7,1,1666,1,4,7,5,4782976,-303289,1,2,22,1,4,4,805,772,9,2,5,86,0,0,0,0,0
201900008512,19,12,26,649,1,6,1,1,4761668,-106866,9,2,42,1,2,3,178,256,3,1,3,21,0,0,0,0,0
201900008513,19,5,25,678,4,6,3,7,4530272,5460,8,2,43,1,1,3,235,146,1,5,1,2,0,0,0,0,0
201900008514,19,5,7,863,4,4,4,4,4617650,475333,9,2,19,2,2,3,701,105,3,1,4,7,0,0,0,0,0
201900008515,19,5,26,1751,4,9,6,4,4656250,67935,2,3,35,2,3,2,107,375,9,6,4,4,0,0,0,0,0
201900008516,19,1,13,174,5,9,4,4,4478120,-40820,1,4,50,1,2,4,332,819,4,7,4,32,0,0,0,0,0
201900008517,19,12,14,1996,5,7,8,7,4840491,66231,3,3,3,1,3,2,140,456,9,4,3,0,0,0,0,0,0
201900008518,19,2,13,1167,4,4,6,6,4562246,-205982,6,4,25,2,2,3,847,965,6,2,1,78,0,0,0,0,0
201900008519,19,3,5,397,5,6,1,7,4869584,-146994,8,4,3,2,3,4,403,157,9,1,4,11,0,0,0,0,0
201900008520,19,2,18,1834,2,6,3,2,4901743,309974,4,2,6,1,1,2,401,513,7,7,1,7,0,0,0,0,0
201900008521,19,12,20,1459,1,4,4,4,4487152,-243291,7,2,35,3,1,3,836,476,9,1,2,50,0,0,0,0,0
201900008522,19,11,14,2050,3,4,1,1,4980706,411753,2,1,33,3,4,1,206,50,5,3,2,62,0,0,0,0,0
201900008523,19,6,1,1974,2,7,1,7,4467777,-70558,9,2,21,3,2,3,101,242,4,6,4,20,0,0,0,0,0
201900008524,19,1,17,2328,1,4,8,3,4926742,292594,7,3,19,2,3,3,822,534,5,2,3,60,0,0,0,0,0
201900008525,19,2,12,998,5,1,6,2,4682429,-72369,6,1,35,2,4,1,550,276,4,1,5,47,0,0,0,0,0
201900008526,19,11,9,323,1,2,4,2,4579363,-280153,2,3,20,3,1,2,36,940,7,5,1,75,0,0,0,0,0
201900008527,19,7,14,535,4,6,5,4,4813149,-263610,5,3,33,2,1,2,175,63,5,1,1,40,0,0,0,0,0
201900008528,19,10,12,815,3,2,5,2,4549107,70199,1,1,53,1,3,3,559,738,3,1,1,74,0,0,0,0,0
201900008529,19,8,2,637,4,7,6,7,4786486,-196846,8,1,20,3,4,2,251,436,8,6,3,38,0,0,0,0,0
201900008530,19,6,25,516,2,1,3,5,4537397,-316997,8,1,21,1,2,3,803,197,3,1,3,32,0,0,0,0,0
201900008531,19,7,20,925,5,9,6,7,4575866,281828,7,1,10,2,2,2,58,284,9,3,4,53,0,0,0,0,0
201900008532,19,9,23,2002,2,7,1,4,4686346,516175,4,2,19,1,4,3,716,179,4,6,5,54,0,0,0,0,0
201900008533,19,1,23,1119,5,6,6,7,4408775,525881,9,4,51,2,4,4,551,122,3,5,1,20,0,0,0,0,0
201900008534,19,7,1,524,2,4,5,1,4707781,-108216,6,4,1,1,3,1,685,474,1,6,4,31,0,0,0,0,0
201900008535,19,5,14,1793,3,3,5,6,4709330,104453,3,1,13,3,1,1,48,622,1,7,5,85,0,0,0,0,0
201900008536,19,12,4,1920,4,3,7,2,4714527,-181976,9,3,3,3,4,3,513,763,2,1,4,30,0,0,0,0,0
201900008537,19,8,22,1251,2,2,1,5,4696430,367318,4,3,46,1,1,1,283,739,4,1,2,64,0,0,0,0,0
201900008538,19,5,6,2064,4,7,8,2,4572415,49611,6,2,21,2,3,3,718,840,6,7,1,23,0,0,0,0,0
201900008539,19,11,27,1739,5,9,7,1,4688812,-372755,6,2,24,3,1,2,783,294,1,3,1,37,0,0,0,0,0
201900008540,19,2,22,500,3,4,6,6,4446523,-323870,3,3,43,2,3,1,450,199,1,5,4,44,0,0,0,0,0
201900008541,19,12,16,340,3,8,7,5,4913869,-149890,4,2,5,1,2,3,35,621,8,5,2,19,0,0,0,0,0
201900008542,19,7,16,257,1,9,8,3,4550538,146828,5,3,48,3,2,4,303,647,7,7,5,82,0,0,0,0,0
201900008543,19,7,13,170,4,9,4,1,4990652,53441,4,4,33,2,1,3,218,202,9,3,3,0,0,0,0,0,0
201900008544,19,4,25,898,1,1,2,5,4630209,339117,2,1,51,2,3,2,108,135,2,6,4,17,0,0,0,0,0
201900008545,19,1,9,1890,4,8,7,7,4600879,120727,7,1,32,2,3,3,206,244,2,3,5,95,0,0,0,0,0
201900008546,19,2,27,688,4,8,2,2,4860007,604673,9,3,51,2,2,3,496,606,8,7,2,60,0,0,0,0,0
201900008547,19,12,16,1554,5,2,3,5,4842280,-244616,2,2,14,3,4,4,25,620,3,3,2,43,0,0,0,0,0
201900008548,19,11,15,225,4,5,7,3,4797908,578520,3,4,12,1,1,4,225,511,8,5,1,92,0,0,0,0,0
201900008549,19,9,9,926,2,8,6,3,4794633,329170,5,2,35,1,3,2,802,667,4,7,2,97,0,0,0,0,0
201900008550,19,4,27,793,3,9,7,7,4655088,-257699,8,3,2,2,2,4,279,699,8,7,2,73,0,0,0,0,0
201900008551,19,10,11,2213,5,5,2,5,4407424,-309219,6,1,28,3,1,4,329,674,6,6,1,79,0,0,0,0,0
201900008552,19,11,23,1879,1,6,2,7,4413651,-75355,8,1,0,2,4,3,577,87,1,3,3,50,0,0,0,0,0
201900008553,19,2,27,2135,2,1,8,1,4597242,7863,2,2,23,3,1,1,122,202,7,6,3,47,0,0,0,0,0
201900008554,19,8,5,203,1,9,3,7,4778690,155119,5,1,51,2,2,3,455,486,4,3,3,9,0,0,0,0,0
201900008555,19,1,25,734,1,7,8,2,4645898,417952,7,1,19,1,2,3,556,528,7,7,2,32,0,0,0,0,0
201900008556,19,9,7,2279,4,2,4,3,4642270,-305896,7,1,12,1,1,3,835,28,2,2,4,27,0,0,0,0,0
201900008557,19,7,5,279,5,6,6,4,4835997,592660,3,2,31,1,1,3,656,889,8,7,1,51,0,0,0,0,0
201900008558,19,8,22,2220,2,2,2,4,4508699,147517,1,1,2,2,2,2,871,865,8,4,2,7,0,0,0,0,0
201900008559,19,12,1,279,4,8,6,2,4982986,9011,3,3,38,1,1,1,176,193,8,6,4,32,0,0,0,0,0
201900008560,19,2,13,1833,3,8,8,1,4865561,98151,5,1,31,2,3,3,156,124,6,7,1,85,0,0,0,0,0
201900008561,19,8,19,594,2,6,9,2,4611987,415508,6,1,51,1,1,3,190,41,4,3,3,14,0,0,0,0,0
201900008562,19,1,23,1783,5,6,6,7,4673462,451382,3,4,26,2,2,2,876,464,4,7,4,49,0,0,0,0,0
201900008563,19,11,2,481,4,8,2,4,4460085,-349088,2,4,21,2,4,2,408,443,4,7,2,58,0,0,0,0,0
201900008564,19,9,13,446,5,2,4,1,4523057,-344500,6,1,3,3,1,2,164,57,2,3,2,48,0,0,0,0,0
201900008565,19,8,14,289,1,8,7,2,4956285,-18554,8,1,46,2,4,3,307,130,3,3,4,97,0,0,0,0,0
201900008566,19,12,18,2035,2,7,1,2,4658750,457444,5,2,7,1,2,1,330,299,5,3,2,80,0,0,0,0,0
201900008567,19,12,16,1722,5,8,7,4,4960648,-101272,5,4,26,3,2,4,817,799,9,5,4,76,0,0,0,0,0
201900008568,19,5,3,567,4,6,9,3,4998342,-68660,1,1,37,2,3,2,104,960,3,5,1,15,0,0,0,0,0
201900008569,19,1,3,1267,4,3,2,3,4455376,363841,4,3,36,1,2,1,777,46,5,1,4,76,0,0,0,0,0
201900008570,19,2,6,2053,5,7,7,4,4691694,97710,3,4,27,1,3,2,393,420,9,5,2,67,0,0,0,0,0
201900008571,19,2,17,574,2,6,5,5,4782603,-358863,5,4,30,2,2,2,74,455,5,4,4,50,0,0,0,0,0
201900008572,19,7,13,688,1,7,6,4,4570478,343740,2,3,9,1,2,1,578,416,8,1,1,99,0,0,0,0,0
201900008573,19,5,24,1723,2,1,4,5,4466163,660071,2,4,24,3,4,2,392,729,3,7,2,3,0,0,0,0,0
201900008574,19,7,1,2256,3,5,1,3,4952137,-399103,9,2,6,2,2,2,624,194,8,5,2,62,0,0,0,0,0
201900008575,19,5,11,401,1,9,3,1,4442409,-388509,2,1,42,1,3,3,376,405,3,5,1,64,0,0,0,0,0
201900008576,19,4,10,618,1,1,9,3,4595670,139068,9,3,34,2,4,2,590,383,4,7,2,33,0,0,0,0,0
201900008577,19,7,21,1323,5,7,1,1,4755662,300205,9,2,6,3,3,1,16,99,3,1,2,25,0,0,0,0,0
201900008578,19,10,22,1727,1,4,5,5,4782069,23066,1,3,44,2,4,4,143,761,7,4,3,71,0,0,0,0,0
201900008579,19,9,6,1019,2,3,7,5,4542642,-77434,9,1,41,3,4,4,390,857,7,5,4,80,0,0,0,0,0
201900008580,19,4,8,84,1,1,1,2,4578061,-336773,6,2,28,3,1,2,717,890,3,7,4,3,0,0,0,0,0
201900008581,19,10,25,2246,4,3,1,5,4870961,305416,5,2,35,3,1,4,785,929,3,6,1,63,0,0,0,0,0
201900008582,19,7,11,1970,3,1,7,1,4885057,238258,9,1,44,1,2,3,412,730,1,1,4,6,0,0,0,0,0
201900008583,19,12,17,798,4,8,5,4,4798261,-289696,7,1,22,3,2,3,213,892,9,5,4,11,0,0,0,0,0
201900008584,19,4,13,2119,2,3,9,4,4813936,387005,3,2,49,2,3,4,236,517,3,2,3,31,0,0,0,0,0
201900008585,19,6,14,472,5,3,8,7,4635429,-360469,6,2,6,2,4,1,150,933,8,4,1,15,0,0,0,0,0
201900008586,19,12,7,1048,5,3,8,6,4832822,622881,1,2,14,3,3,3,328,260,7,4,3,17,0,0,0,0,0
201900008587,19,1,4,228,1,5,7,5,4710983,-305347,3,4,6,3,3,4,96,342,9,4,1,78,0,0,0,0,0
201900008588,19,5,24,275,3,1,2,5,4924243,-217164,6,4,11,2,1,3,185,311,5,4,1,6,0,0,0,0,0
201900008589,19,12,17,82,3,2,2,7,4856917,-103655,8,4,22,1,1,3,826,143,8,7,3,63,0,0,0,0,0
201900008590,19,12,9,1488,1,5,4,4,4493971,99094,4,4,22,2,2,2,395,840,3,5,4,35,0,0,0,0,0
201900008591,19,1,16,1251,2,2,8,3,4900525,-281575,3,1,37,1,2,1,41,777,1,3,5,81,0,0,0,0,0
201900008592,19,11,5,2141,2,5,7,4,4641073,-375065,2,2,47,3,3,2,102,160,8,2,2,72,0,0,0,0,0
201900008593,19,2,2,1786,1,6,4,6,4493237,459197,6,4,21,1,2,4,529,297,7,1,1,50,0,0,0,0,0
201900008594,19,10,4,1809,2,9,7,5,4835924,322252,8,2,43,2,3,3,258,94,2,7,3,40,0,0,0,0,0
201900008595,19,3,17,40,5,5,7,1,4431101,-66618,5,3,4,2,1,1,769,316,1,1,1,22,0,0,0,0,0
201900008596,19,5,12,461,5,4,1,1,4630984,-151276,7,4,38,1,4,2,223,274,9,3,3,3,0,0,0,0,0
201900008597,19,12,2,931,1,9,6,1,4690746,228068,2,4,40,1,2,2,265,148,3,1,3,11,0,0,0,0,0
201900008598,19,4,20,1411,5,1,8,7,4471205,67137,2,2,17,1,1,3,520,777,7,2,2,63,0,0,0,0,0
201900008599,19,3,4,1041,2,3,6,3,4900899,-345437,6,4,28,3,4,3,558,763,6,1,1,59,0,0,0,0,0
201900008600,19,5,20,1492,4,4,9,5,4847904,-89314,3,2,51,1,4,4,111,719,6,1,2,95,0,0,0,0,0
201900008601,19,8,15,774,4,4,9,7,4929162,153033,9,2,13,2,4,1,899,921,4,1,2,69,0,0,0,0,0
201900008602,19,8,11,777,3,6,4,4,4959601,559252,5,2,27,2,4,1,444,442,9,7,3,23,0,0,0,0,0
201900008603,19,5,19,1208,4,2,1,3,4685721,86661,2,2,32,2,2,3,795,617,5,3,2,77,0,0,0,0,0
201900008604,19,1,9,13,4,3,8,6,4447183,213626,2,2,8,1,1,2,137,719,3,6,1,88,0,0,0,0,0
201900008605,19,3,22,979,5,2,3,7,4932058,-88394,3,3,27,1,3,3,465,815,3,1,1,23,0,0,0,0,0
201900008606,19,9,11,2264,1,4,4,7,4671728,329110,7,3,50,3,1,2,741,718,2,1,1,89,0,0,0,0,0
201900008607,19,9,17,470,1,7,2,5,4897769,57322,6,2,31,3,3,3,886,125,3,2,2,4,0,0,0,0,0
201900008608,19,5,7,1817,2,1,9,7,4861052,-25285,6,1,53,3,2,3,41,592,7,1,3,32,0,0,0,0,0
201900008609,19,3,8,678,1,5,3,1,4734962,317347,7,4,40,2,3,2,714,786,4,3,4,63,0,0,0,0,0
201900008610,19,2,21,308,5,3,9,2,4782095,-337491,3,3,47,2,4,3,797,552,9,5,1,16,0,0,0,0,0
201900008611,19,1,16,1342,3,8,5,7,4673292,298999,7,1,4,2,3,2,28,750,7,4,2,99,0,0,0,0,0
201900008612,19,6,22,943,4,4,6,1,4548543,85999,4,1,9,3,3,1,777,545,7,2,1,2,0,0,0,0,0
201900008613,19,4,9,822,3,3,3,4,4969576,-314847,9,1,10,3,1,2,856,914,2,4,3,80,0,0,0,0,0
201900008614,19,5,26,1134,3,5,9,6,4844478,-2147,6,4,3,1,2,4,884,569,2,6,3,34,0,0,0,0,0
201900008615,19,8,2,631,2,4,9,3,4565937,467049,7,2,6,1,4,4,73,463,7,3,3,96,0,0,0,0,0
201900008616,19,8,28,674,4,5,7,1,4965247,544814,4,4,34,1,3,1,220,800,6,5,3,41,0,0,0,0,0
201900008617,19,7,26,239,4,1,5,6,4639761,-48749,3,4,8,2,3,2,557,637,7,6,4,92,0,0,0,0,0
201900008618,19,2,14,35,2,1,9,4,4624735,-371760,6,2,15,1,2,3,493,253,3,6,5,72,0,0,0,0,0
201900008619,19,4,27,1327,3,1,2,7,4730903,324148,6,2,46,2,1,3,263,708,1,4,2,16,0,0,0,0,0
201900008620,19,12,2,63,1,9,1,2,4691865,249028,9,3,17,3,4,2,760,447,5,2,1,36,0,0,0,0,0
201900008621,19,2,20,1734,1,7,6,7,4462040,-149804,7,3,48,1,4,2,480,634,4,6,5,89,0,0,0,0,0
201900008622,19,1,8,1226,4,9,6,2,4891644,-277404,2,2,30,2,2,2,615,395,5,2,4,41,0,0,0,0,0
201900008623,19,9,15,1898,2,2,8,1,4956234,607111,7,4,2,1,2,2,762,144,5,6,5,74,0,0,0,0,0
201900008624,19,8,16,1719,5,9,7,5,4675688,-132204,5,1,38,1,3,2,61,409,5,7,1,11,0,0,0,0,0
201900008625,19,3,9,2084,4,9,6,6,4914675,666138,2,2,0,1,4,3,269,322,4,4,3,27,0,0,0,0,0
201900008626,19,5,12,564,3,4,7,2,4981661,224702,7,1,46,3,2,1,436,885,5,4,3,20,0,0,0,0,0
201900008627,19,2,18,1120,3,1,4,2,4714344,-209325,5,2,53,3,1,3,858,730,2,1,3,19,0,0,0,0,0
201900008628,19,11,12,1746,2,1,7,4,4942494,-157584,4,2,30,3,4,3,753,945,4,4,3,42,0,0,0,0,0
201900008629,19,7,3,2257,5,8,4,1,4615888,-107269,3,3,5,3,4,1,332,907,6,5,3,89,0,0,0,0,0
201900008630,19,5,15,258,4,3,7,3,4719581,572484,2,3,44,3,2,3,837,711,9,7,3,80,0,0,0,0,0
201900008631,19,4,18,100,1,5,8,5,4541344,565938,9,3,41,1,4,1,378,166,1,6,2,97,0,0,0,0,0
201900008632,19,1,11,2214,3,9,9,7,4515248,-219491,6,2,42,3,2,2,143,636,2,1,5,73,0,0,0,0,0
201900008633,19,6,16,1971,3,7,7,1,4618218,587339,5,3,1,2,2,2,505,445,2,5,1,93,0,0,0,0,0
201900008634,19,12,19,288,3,5,2,4,4686237,-391552,4,3,29,1,2,2,189,345,1,2,5,22,0,0,0,0,0
201900008635,19,8,14,2146,1,6,8,1,4891518,578039,3,1,48,3,1,3,514,491,2,2,2,54,0,0,0,0,0
201900008636,19,9,22,280,2,8,3,4,4735767,272025,8,3,22,2,4,1,883,21,4,6,1,18,0,0,0,0,0
201900008637,19,2,23,1671,1,3,6,3,4420814,160394,4,4,40,1,1,3,528,636,8,3,4,24,0,0,0,0,0
201900008638,19,1,23,2061,3,5,6,7,4437858,639563,1,1,36,2,1,3,268,913,1,1,2,73,0,0,0,0,0
201900008639,19,7,22,1578,1,8,4,5,4753785,359955,4,1,11,3,4,3,580,542,2,7,1,59,0,0,0,0,0
201900008640,19,6,7,1372,2,8,3,6,4621952,180210,5,3,48,3,2,1,345,864,3,4,1,89,0,0,0,0,0
201900008641,19,7,6,729,5,7,3,5,4619450,-251574,2,2,37,3,2,3,372,932,4,6,2,55,0,0,0,0,0
201900008642,19,12,10,649,2,7,3,3,4567292,600746,8,1,34,1,3,2,716,603,5,5,2,20,0,0,0,0,0
201900008643,19,1,5,401,4,1,3,5,4979743,-183398,3,1,14,2,3,3,741,90,6,6,3,23,0,0,0,0,0
201900008644,19,5,21,913,4,7,9,2,4704590,3713,5,2,41,2,3,1,663,242,1,1,3,12,0,0,0,0,0
201900008645,19,8,28,145,2,3,9,3,4967910,-66245,1,1,7,1,2,3,601,341,3,6,5,63,0,0,0,0,0
201900008646,19,9,1,1939,1,3,2,7,4946283,-15550,2,1,18,2,3,4,891,873,6,4,4,54,0,0,0,0,0
201900008647,19,12,3,2171,2,6,3,7,4558651,257211,7,3,27,2,2,1,806,513,5,5,1,30,0,0,0,0,0
201900008648,19,4,9,2295,5,1,8,4,4985438,592203,5,3,20,3,3,3,35,678,1,2,3,90,0,0,0,0,0