Num_Acc,an,mois,jour,hrmn,lum,int,atm,col,lat,long,catr,circ,nbv,vosp,prof,plan,lartpc,larrout,surf,infra,situ,env1,unscathed,killed,hospital,light,chance
201900008649,19,5,24,1561,5,5,7,5,4847241,-104883,6,2,0,3,3,2,243,688,1,2,3,9,0,0,0,0,0
201900008650,19,6,20,1732,4,2,9,4,4692002,446928,6,4,5,1,1,1,725,520,6,6,3,62,0,0,0,0,0
201900008651,19,8,15,1725,4,6,5,1,4929677,-264964,8,1,45,2,4,2,814,655,5,5,4,17,0,0,0,0,0
201900008652,19,2,6,190,4,7,3,3,4522008,470641,7,2,26,3,4,1,851,16,8,1,3,60,0,0,0,0,0
201900008653,19,10,2,645,1,1,9,2,4723944,306974,2,2,4,3,2,3,270,883,6,3,2,84,0,0,0,0,0
201900008654,19,5,6,1317,1,3,6,1,4429225,-202952,2,1,16,2,1,2,588,178,3,4,4,98,0,0,0,0,0
201900008655,19,3,27,1173,3,6,3,2,4876407,68840,8,2,6,2,1,4,73,34,4,4,3,72,0,0,0,0,0
201900008656,19,5,28,639,1,5,9,1,4450209,36273,4,4,33,3,3,2,587,114,5,5,2,68,0,0,0,0,0
201900008657,19,11,23,1775,2,5,1,6,4804110,-163572,8,2,12,1,3,3,201,876,4,1,4,27,0,0,0,0,0
201900008658,19,8,15,1147,2,4,1,2,4616311,-298837,3,4,35,2,2,4,312,565,8,6,5,88,0,0,0,0,0
201900008659,19,12,21,1027,5,9,8,7,4830915,-347180,4,3,3,1,1,3,434,798,5,4,1,37,0,0,0,0,0
201900008660,19,4,21,2053,1,7,2,5,4692775,655605,3,1,24,2,1,3,722,127,8,4,5,65,0,0,0,0,0
201900008661,19,7,16,1641,2,8,6,6,4705019,96260,5,4,15,1,1,2,42,869,1,6,2,19,0,0,0,0,0
201900008662,19,8,13,2286,5,7,8,7,4680070,231365,4,3,52,1,4,1,71,734,4,6,5,63,0,0,0,0,0
201900008663,19,3,11,1181,3,4,8,3,4616420,-345167,9,4,43,2,3,1,33,488,8,1,2,13,0,0,0,0,0
201900008664,19,8,27,333,3,2,4,1,4794377,315555,3,1,1,2,1,1,547,950,5,3,2,89,0,0,0,0,0
201900008665,19,7,24,3,4,7,5,7,4692335,397107,5,2,18,1,1,3,226,952,5,7,4,4,0,0,0,0,0
201900008666,19,2,24,1071,5,9,5,3,4843936,432457,1,2,9,3,1,1,285,209,9,4,4,92,0,0,0,0,0
201900008667,19,11,18,1301,1,5,4,4,4414662,67793,7,3,51,1,1,3,79,111,2,6,5,97,0,0,0,0,0
201900008668,19,6,23,1993,5,2,1,6,4966624,-326479,5,3,26,2,4,2,833,495,8,4,5,35,0,0,0,0,0
201900008669,19,2,6,1766,5,1,3,4,4947165,383049,7,1,36,1,1,4,470,345,6,7,1,78,0,0,0,0,0
201900008670,19,3,1,1346,5,6,5,3,4693269,164077,3,2,52,3,4,2,781,908,6,3,4,94,0,0,0,0,0
201900008671,19,5,14,655,4,9,4,7,4951089,30,2,3,26,3,4,2,510,40,9,6,4,82,0,0,0,0,0
201900008672,19,3,25,2331,3,3,7,5,4790291,-45447,6,3,23,3,3,4,618,450,7,1,3,53,0,0,0,0,0
201900008673,19,1,27,130,4,9,9,6,4986935,546326,6,4,24,3,1,2,609,695,6,3,1,59,0,0,0,0,0
201900008674,19,8,12,2002,4,2,4,3,4979103,413186,6,3,42,3,4,2,19,944,4,4,2,12,0,0,0,0,0
201900008675,19,8,4,247,2,3,6,1,4861404,66726,4,1,42,1,1,3,23,733,1,5,4,52,0,0,0,0,0
201900008676,19,6,27,674,2,4,7,7,4865638,-399658,3,2,6,3,3,1,68,250,5,7,4,66,0,0,0,0,0
201900008677,19,12,2,842,1,2,1,7,4680442,438937,7,3,2,1,3,1,468,710,9,5,3,13,0,0,0,0,0
201900008678,19,9,16,915,4,7,4,4,4761633,68875,2,4,34,2,3,4,338,138,8,4,5,13,0,0,0,0,0
201900008679,19,8,18,1478,1,4,2,5,4421876,223848,8,2,38,3,1,4,100,822,8,1,2,55,0,0,0,0,0
201900008680,19,5,28,642,1,6,2,4,4426045,505520,5,3,13,2,3,1,277,97,4,2,3,39,0,0,0,0,0
201900008681,19,7,27,594,4,5,7,1,4415251,-294648,6,3,52,2,1,3,905,521,2,2,1,18,0,0,0,0,0
201900008682,19,3,15,1359,5,7,7,4,4632808,-372174,6,1,41,2,4,2,846,228,6,5,4,19,0,0,0,0,0
201900008683,19,12,18,1640,4,7,9,5,4537126,-92739,5,4,7,1,2,3,742,862,2,2,2,21,0,0,0,0,0
201900008684,19,9,19,169,1,8,3,1,4580213,417615,5,3,8,3,3,2,329,34,9,5,3,2,0,0,0,0,0
201900008685,19,9,3,326,2,7,1,3,4711787,172775,3,1,0,2,1,1,109,195,5,6,5,62,0,0,0,0,0
201900008686,19,2,13,648,2,4,3,4,4755004,657343,8,4,9,2,2,4,888,755,4,5,2,97,0,0,0,0,0
201900008687,19,9,16,431,5,9,8,4,4819835,589786,7,2,49,1,2,4,862,614,3,2,5,47,0,0,0,0,0
201900008688,19,5,11,1554,5,4,6,4,4803834,542176,6,2,45,2,4,2,402,360,9,2,2,87,0,0,0,0,0
201900008689,19,4,25,1082,3,2,8,2,4460324,-89030,2,1,38,3,3,3,773,927,9,2,4,52,0,0,0,0,0
201900008690,19,1,25,1102,3,9,4,1,4717402,447157,3,2,0,2,2,3,121,555,5,4,2,50,0,0,0,0,0
201900008691,19,11,12,1935,5,4,9,1,4789923,396228,2,1,16,1,2,3,557,335,2,7,2,48,0,0,0,0,0
201900008692,19,4,9,936,5,6,5,2,4796755,320591,4,2,9,3,4,4,444,634,3,2,4,97,0,0,0,0,0
201900008693,19,5,27,350,3,7,2,5,4848905,568859,5,4,25,3,1,4,432,407,7,6,3,45,0,0,0,0,0
201900008694,19,7,15,827,2,4,6,7,4555411,529256,6,1,29,3,2,4,875,870,1,2,1,56,0,0,0,0,0
201900008695,19,3,26,1226,1,8,1,1,4971568,-225763,2,1,40,2,4,3,695,328,8,7,3,53,0,0,0,0,0
201900008696,19,3,4,1506,4,2,6,4,4635595,286430,3,4,27,3,1,1,483,255,2,4,2,76,0,0,0,0,0
201900008697,19,12,8,153,1,4,2,4,4529537,592057,2,2,0,2,3,1,15,375,7,6,1,35,0,0,0,0,0
201900008698,19,1,24,1125,3,5,5,3,4721774,-53785,1,2,47,1,4,4,139,793,5,6,4,64,0,0,0,0,0
201900008699,19,12,5,1615,3,2,4,2,4816129,504161,2,3,21,3,1,2,121,117,1,6,5,87,0,0,0,0,0
201900008700,19,7,27,991,5,2,9,1,4625858,259337,8,2,49,1,3,1,758,417,2,6,4,64,0,0,0,0,0
201900008701,19,4,8,1074,2,4,2,7,4460036,-156408,3,2,28,1,1,4,545,476,4,1,2,43,0,0,0,0,0
201900008702,19,10,2,1402,4,5,6,3,4502814,688762,4,2,53,1,3,2,180,218,1,6,2,40,0,0,0,0,0
201900008703,19,3,17,1957,1,4,6,2,4412253,-336932,5,4,19,1,1,2,775,802,5,1,2,30,0,0,0,0,0
201900008704,19,12,4,1988,3,5,1,3,4743454,423156,4,4,38,1,2,3,910,855,8,4,3,7,0,0,0,0,0
201900008705,19,10,28,1061,5,7,8,6,4661815,29736,5,2,34,2,4,4,799,107,2,1,3,11,0,0,0,0,0
201900008706,19,11,16,1335,1,6,7,1,4895164,102062,9,4,43,3,3,1,170,892,5,6,4,33,0,0,0,0,0
201900008707,19,3,28,1347,5,2,1,2,4514640,-272070,4,1,9,2,1,3,821,518,8,6,3,99,0,0,0,0,0
201900008708,19,4,21,1541,1,8,2,1,4433501,688284,7,2,19,2,1,2,846,271,5,5,5,59,0,0,0,0,0
201900008709,19,11,3,2227,2,8,3,5,4505853,196489,8,3,37,2,2,3,338,430,7,6,1,0,0,0,0,0,0
201900008710,19,1,11,1623,2,9,6,2,4709402,519695,1,4,51,3,2,3,10,225,1,5,5,87,0,0,0,0,0
201900008711,19,4,17,1663,1,6,1,1,4680836,625962,2,1,45,3,2,3,426,189,6,3,4,55,0,0,0,0,0
201900008712,19,6,8,1863,4,5,2,4,4759419,-69302,2,2,1,3,3,3,811,763,3,2,3,7,0,0,0,0,0
201900008713,19,2,6,1462,4,2,8,1,4938210,115285,6,4,25,3,3,4,397,677,5,3,3,73,0,0,0,0,0
201900008714,19,1,23,735,1,6,6,2,4643378,272793,3,1,30,2,2,3,600,128,3,7,5,92,0,0,0,0,0
201900008715,19,6,23,1481,3,4,3,7,4884579,30165,3,4,0,1,4,3,344,12,4,2,5,67,0,0,0,0,0
201900008716,19,10,10,2337,1,4,9,1,4743538,-225665,6,1,5,2,2,2,761,206,1,4,4,98,0,0,0,0,0
201900008717,19,6,21,804,4,5,2,2,4817915,343517,6,4,34,3,1,4,863,907,3,3,5,25,0,0,0,0,0
201900008718,19,6,1,1438,2,2,4,3,4706391,565324,5,4,36,1,4,4,68,442,2,7,2,25,0,0,0,0,0
201900008719,19,3,26,376,2,5,9,1,4545950,218807,6,4,44,2,3,4,721,600,6,6,2,40,0,0,0,0,0
201900008720,19,1,5,70,1,3,6,5,4413342,-313489,7,1,53,1,2,4,423,314,1,7,4,68,0,0,0,0,0
201900008721,19,12,6,1808,4,1,8,6,4709852,-88683,2,2,32,2,1,1,131,116,3,4,5,5,0,0,0,0,0
201900008722,19,9,20,418,5,5,4,4,4992140,628638,9,2,49,1,1,3,609,789,9,4,1,53,0,0,0,0,0
201900008723,19,2,10,1417,5,1,4,2,4827242,265146,2,4,27,2,1,1,216,560,7,2,3,54,0,0,0,0,0
201900008724,19,9,21,1057,3,6,7,3,4542461,246887,7,2,32,3,2,2,53,606,9,4,3,83,0,0,0,0,0
201900008725,19,12,15,314,4,1,5,1,4824039,109343,9,2,16,2,3,2,14,663,2,1,5,71,0,0,0,0,0
201900008726,19,2,3,789,1,4,7,1,4452933,463476,6,1,17,2,3,4,847,617,4,7,4,82,0,0,0,0,0
201900008727,19,1,6,951,5,1,1,3,4716118,269268,5,4,11,1,3,4,64,330,1,5,1,41,0,0,0,0,0
201900008728,19,9,21,2340,1,8,3,2,4570527,467762,5,4,19,2,4,3,333,396,4,3,4,36,0,0,0,0,0
201900008729,19,1,25,2050,1,7,6,1,4483417,382831,6,3,6,3,4,1,119,227,6,7,5,2,0,0,0,0,0
201900008730,19,7,14,1728,4,1,8,4,4479502,-292959,2,2,22,2,2,4,473,155,3,1,5,16,0,0,0,0,0
201900008731,19,10,7,1312,4,4,9,3,4778932,-100790,8,3,17,2,3,4,703,298,8,7,5,52,0,0,0,0,0
201900008732,19,6,18,670,1,6,1,3,4598429,109616,2,3,33,2,2,1,783,94,3,2,1,77,0,0,0,0,0
201900008733,19,6,1,1341,3,8,1,2,4491239,-358446,4,3,24,2,2,2,815,585,1,6,2,19,0,0,0,0,0
201900008734,19,4,26,1165,5,7,1,1,4909564,632321,9,1,49,1,1,1,300,494,3,4,1,25,0,0,0,0,0
201900008735,19,12,4,1319,1,8,5,3,4654372,639133,6,1,25,3,4,2,447,601,4,1,5,76,0,0,0,0,0
201900008736,19,8,4,1451,4,2,6,1,4577922,459210,6,1,14,3,3,4,668,139,7,3,3,36,0,0,0,0,0
201900008737,19,3,25,1597,5,4,8,3,4534919,231069,8,3,33,2,4,1,245,75,2,5,3,26,0,0,0,0,0
201900008738,19,12,25,1993,4,5,9,4,4872774,203309,8,1,29,3,1,4,102,346,5,6,3,59,0,0,0,0,0
201900008739,19,11,4,850,1,4,4,7,4849466,-362803,9,1,34,2,4,2,166,993,7,6,3,96,0,0,0,0,0
201900008740,19,3,10,2257,5,3,6,3,4506875,27407,5,1,34,2,3,2,750,868,5,6,4,55,0,0,0,0,0
201900008741,19,3,28,1549,3,1,4,6,4732984,407348,8,4,49,1,3,1,135,11,7,7,2,41,0,0,0,0,0
201900008742,19,12,15,1183,4,9,2,2,4465371,-286218,2,4,53,2,3,4,375,603,7,4,1,95,0,0,0,0,0
201900008743,19,8,28,863,3,3,9,2,4513459,-96690,8,4,25,3,4,3,532,513,2,3,2,14,0,0,0,0,0
201900008744,19,11,3,60,2,5,5,6,4541366,84074,7,2,14,2,1,1,408,629,2,7,4,25,0,0,0,0,0
201900008745,19,8,10,1455,1,8,1,3,4870370,661551,4,1,50,1,2,1,720,401,1,5,5,41,0,0,0,0,0
201900008746,19,6,9,2031,1,8,9,7,4531333,116958,3,1,28,2,4,3,892,253,6,4,4,34,0,0,0,0,0
201900008747,19,8,7,1074,5,4,3,3,4632247,28082,5,2,36,2,4,2,759,18,3,4,2,85,0,0,0,0,0
201900008748,19,6,6,1008,3,4,2,7,4707495,262676,6,4,22,1,2,1,37,330,5,3,4,31,0,0,0,0,0
201900008749,19,5,1,738,2,3,1,1,4969300,-91780,9,1,6,1,4,4,860,908,1,6,4,87,0,0,0,0,0
201900008750,19,12,15,180,3,7,2,3,4584167,414410,2,4,11,3,3,1,69,961,9,2,3,26,0,0,0,0,0
201900008751,19,3,24,222,5,4,3,7,4875617,-318813,6,4,48,2,2,2,318,854,6,3,3,62,0,0,0,0,0
201900008752,19,11,12,328,5,8,3,1,4934283,193618,8,3,38,1,4,2,421,447,9,4,5,19,0,0,0,0,0
201900008753,19,2,27,611,3,8,8,7,4939749,291513,2,1,47,3,1,2,751,399,8,4,3,1,0,0,0,0,0
201900008754,19,10,16,2004,4,2,4,7,4453864,-319386,5,4,22,3,1,3,867,442,7,5,1,50,0,0,0,0,0
201900008755,19,3,2,728,2,2,5,1,4610530,492161,8,4,37,3,4,1,728,611,1,2,4,43,0,0,0,0,0
201900008756,19,9,28,2150,2,6,8,3,4773087,446180,1,4,39,3,1,3,386,382,5,5,4,48,0,0,0,0,0
201900008757,19,1,10,487,3,6,3,6,4861513,286710,6,3,9,2,1,1,854,223,5,5,5,42,0,0,0,0,0
201900008758,19,8,27,1262,5,6,6,1,4516772,-351112,3,1,15,1,3,3,563,176,9,1,2,97,0,0,0,0,0
201900008759,19,4,2,1658,2,4,2,4,4948688,-129224,8,2,23,3,4,1,451,163,6,1,3,87,0,0,0,0,0
201900008760,19,3,1,2034,3,6,4,2,4898405,-71392,7,1,27,1,4,4,560,367,7,1,5,85,0,0,0,0,0
201900008761,19,6,21,1239,5,3,1,4,4590531,365800,6,1,22,3,3,2,474,724,8,5,4,84,0,0,0,0,0
201900008762,19,9,13,1241,2,9,8,1,4450962,428760,5,1,37,3,2,2,776,547,1,5,2,6,0,0,0,0,0
201900008763,19,12,5,699,4,7,8,5,4904949,299167,6,3,30,2,3,1,375,991,9,1,5,63,0,0,0,0,0
201900008764,19,6,28,2182,3,9,7,2,4494623,693100,7,4,2,3,2,1,597,290,1,1,3,87,0,0,0,0,0
201900008765,19,10,13,1679,1,9,4,4,4821771,-288057,4,4,9,3,2,3,621,821,1,2,1,30,0,0,0,0,0
201900008766,19,2,2,1342,2,5,2,4,4829722,98842,1,4,22,2,2,4,333,790,4,2,5,27,0,0,0,0,0
201900008767,19,5,24,647,1,6,2,1,4774890,113477,3,1,45,3,2,4,635,766,4,2,4,91,0,0,0,0,0
201900008768,19,12,8,118,1,3,6,7,4482381,152724,8,1,31,1,1,4,515,269,5,7,2,47,0,0,0,0,0
201900008769,19,9,1,1247,4,6,6,1,4873216,207951,8,3,4,1,4,2,230,455,1,4,2,22,0,0,0,0,0
201900008770,19,12,18,194,3,5,7,5,4807176,465413,8,4,23,2,2,1,415,86,2,4,5,9,0,0,0,0,0
201900008771,19,1,2,945,1,4,8,2,4525022,558140,3,2,28,3,3,3,333,32,7,3,4,45,0,0,0,0,0
201900008772,19,7,7,2088,4,3,5,5,4499839,11362,8,3,50,1,4,3,579,996,8,1,4,69,0,0,0,0,0
201900008773,19,3,18,1891,1,3,6,6,4601174,201785,9,3,3,1,4,1,192,126,2,2,5,77,0,0,0,0,0
201900008774,19,5,15,518,3,1,1,6,4417047,-179616,1,2,10,2,1,3,36,219,5,5,3,42,0,0,0,0,0
201900008775,19,1,27,453,4,8,5,3,4932828,-359773,5,4,48,2,3,2,333,1,7,3,1,24,0,0,0,0,0
201900008776,19,12,26,269,1,4,4,4,4685163,-60781,2,1,53,2,2,1,551,518,5,2,1,1,0,0,0,0,0
201900008777,19,1,8,2197,4,7,2,2,4466347,495345,4,2,24,1,4,1,416,258,9,2,1,65,0,0,0,0,0
201900008778,19,12,8,193,2,6,3,4,4875093,459713,9,2,39,2,4,4,115,621,4,1,3,58,0,0,0,0,0
201900008779,19,1,2,199,5,2,9,2,4661802,-263520,6,1,35,3,4,2,728,73,9,3,5,31,0,0,0,0,0
201900008780,19,8,18,775,4,6,3,2,4454080,86160,4,3,31,3,1,1,774,758,4,2,4,24,0,0,0,0,0
201900008781,19,7,19,649,3,4,1,2,4708012,339073,8,1,48,1,1,1,213,367,3,3,3,65,0,0,0,0,0
201900008782,19,2,27,1757,3,3,8,7,4697442,310738,3,1,3,3,4,2,780,417,2,3,3,49,0,0,0,0,0
201900008783,19,1,23,529,3,6,7,7,4872906,-396240,3,1,44,3,4,3,356,279,5,6,3,56,0,0,0,0,0
201900008784,19,4,7,1532,1,3,4,7,4708079,-130141,3,4,50,1,2,1,833,43,2,6,2,34,0,0,0,0,0
201900008785,19,6,9,84,5,6,4,7,4648023,352207,5,2,30,2,4,3,134,774,4,4,1,82,0,0,0,0,0
201900008786,19,2,3,519,4,6,4,7,4635086,-259939,5,2,48,3,4,3,159,611,6,4,5,31,0,0,0,0,0
201900008787,19,8,25,901,4,1,7,7,4785622,541196,1,3,32,1,1,4,577,42,4,2,3,71,0,0,0,0,0
201900008788,19,7,8,2208,4,5,1,3,4575541,-335447,8,2,29,2,4,2,581,678,5,3,3,95,0,0,0,0,0
201900008789,19,11,19,2341,1,5,3,5,4617291,351670,6,1,14,3,2,4,576,114,3,2,1,7,0,0,0,0,0
201900008790,19,3,13,1437,2,2,9,5,4585593,-260121,3,2,41,1,1,1,298,148,5,4,3,37,0,0,0,0,0
201900008791,19,11,8,1935,5,5,8,6,4903591,-292218,7,2,4,1,3,3,648,952,8,2,5,86,0,0,0,0,0
201900008792,19,9,6,1310,1,1,4,6,4577961,363477,4,1,21,1,3,3,494,501,9,7,3,1,0,0,0,0,0
201900008793,19,6,12,607,1,5,7,3,4665640,606702,9,1,43,3,2,4,411,259,4,2,5,36,0,0,0,0,0
201900008794,19,9,11,2345,4,4,4,3,4513906,-213607,2,2,30,1,1,2,434,639,5,7,3,47,0,0,0,0,0
201900008795,19,2,20,1923,2,4,7,1,4772954,172171,9,3,17,1,2,3,10,270,1,5,4,7,0,0,0,0,0
201900008796,19,9,19,1844,2,3,2,2,4592377,-275827,9,1,25,3,1,1,174,671,7,3,1,94,0,0,0,0,0
201900008797,19,6,7,1668,3,4,8,4,4480476,-156011,8,1,43,1,3,3,575,824,5,3,1,41,0,0,0,0,0
201900008798,19,9,7,703,2,3,4,6,4647088,657284,3,4,7,2,1,2,289,488,6,4,3,46,0,0,0,0,0
201900008799,19,4,13,1794,1,6,8,2,4558787,410596,7,4,21,1,1,3,293,169,5,2,4,71,0,0,0,0,0
201900008800,19,3,10,2011,1,4,3,5,4930221,-157415,2,1,23,3,1,3,782,957,5,5,4,91,0,0,0,0,0
201900008801,19,8,18,1145,2,7,3,1,4534482,179930,8,1,51,2,3,2,89,356,7,5,2,18,0,0,0,0,0
201900008802,19,7,19,182,5,2,4,7,4521281,578592,6,4,42,2,2,1,367,243,7,3,2,79,0,0,0,0,0
201900008803,19,6,26,107,4,3,6,4,4907010,-347796,5,4,5,3,4,2,382,380,6,3,3,78,0,0,0,0,0
201900008804,19,11,23,1406,4,1,3,6,4776028,186316,3,4,44,1,4,1,592,540,3,3,2,40,0,0,0,0,0
201900008805,19,11,1,1818,2,2,5,6,4629702,259108,8,3,30,3,3,3,50,966,9,3,2,47,0,0,0,0,0
201900008806,19,11,28,1708,5,4,2,1,4769539,-186745,5,3,37,3,1,2,848,276,6,1,3,33,0,0,0,0,0
201900008807,19,3,27,1622,1,4,6,6,4858633,458116,7,3,12,2,2,3,670,536,2,7,5,33,0,0,0,0,0
201900008808,19,2,28,1702,2,8,5,3,4548046,-229332,3,4,29,2,2,1,744,668,5,1,5,33,0,0,0,0,0
201900008809,19,12,10,933,4,8,3,3,4849826,419612,1,4,48,3,3,2,487,208,1,7,2,63,0,0,0,0,0
201900008810,19,8,4,909,4,8,8,5,4474342,610766,5,4,40,1,3,1,768,304,1,7,5,15,0,0,0,0,0
201900008811,19,6,4,670,4,6,6,6,4624572,-132543,7,2,15,2,3,1,363,211,7,1,5,38,0,0,0,0,0
201900008812,19,10,12,1673,3,8,2,2,4493687,-256472,8,3,40,2,3,4,586,172,7,7,4,91,0,0,0,0,0
201900008813,19,3,22,100,1,9,8,3,4564588,130465,3,1,41,1,1,4,630,781,2,6,5,84,0,0,0,0,0
201900008814,19,4,17,147,3,9,1,3,4739128,390838,3,4,21,2,1,2,183,671,5,4,1,41,0,0,0,0,0
201900008815,19,6,14,1727,4,9,5,3,4730633,205121,9,4,23,2,4,1,411,872,7,6,3,70,0,0,0,0,0
201900008816,19,8,22,1810,5,2,3,7,4849616,-396928,5,1,19,3,1,3,368,780,5,2,4,51,0,0,0,0,0
201900008817,19,12,23,2340,4,8,1,4,4492694,5491,5,4,21,1,3,3,562,67,4,4,5,62,0,0,0,0,0
201900008818,19,12,21,427,4,2,7,5,4995838,354633,5,1,16,2,1,1,446,872,5,2,5,36,0,0,0,0,0
201900008819,19,1,19,1838,3,3,3,4,4992783,529651,4,3,33,1,2,1,206,387,1,3,4,63,0,0,0,0,0
201900008820,19,2,24,536,3,1,9,6,4536769,619146,4,1,13,1,2,2,888,209,3,7,4,7,0,0,0,0,0
201900008821,19,1,4,1803,4,4,2,2,4910716,-337120,4,2,17,1,3,3,461,812,2,1,5,61,0,0,0,0,0
201900008822,19,12,23,1692,5,2,6,3,4548141,163867,4,4,18,2,3,3,47,892,9,7,2,61,0,0,0,0,0
201900008823,19,1,20,49,2,3,8,2,4428373,-195701,4,3,43,1,2,3,253,379,8,3,4,97,0,0,0,0,0
201900008824,19,12,24,2251,3,5,3,5,4694027,570226,3,4,14,1,3,1,803,609,2,5,3,88,0,0,0,0,0
201900008825,19,12,13,740,1,2,6,4,4673827,34984,9,1,29,3,1,3,496,95,7,1,2,26,0,0,0,0,0
201900008826,19,4,5,1193,2,6,8,4,4490565,-251827,3,1,12,3,3,2,773,360,3,2,4,47,0,0,0,0,0
201900008827,19,5,3,702,2,5,8,3,4749426,-105386,1,1,44,1,4,1,202,474,8,7,2,47,0,0,0,0,0
201900008828,19,1,6,216,1,1,5,6,4595091,-51536,2,2,10,1,4,2,580,767,8,2,3,50,0,0,0,0,0
201900008829,19,4,10,1628,4,2,1,2,4666281,395219,8,3,20,1,3,1,690,576,7,2,2,52,0,0,0,0,0
201900008830,19,6,10,506,1,9,1,7,4981383,-292748,4,1,15,3,2,4,409,251,4,5,1,96,0,0,0,0,0
201900008831,19,10,19,356,5,3,3,2,4879768,331322,4,4,1,1,2,2,104,64,2,7,2,25,0,0,0,0,0
201900008832,19,7,19,1650,4,9,3,5,4962517,-274688,5,4,16,2,1,1,696,105,1,1,3,86,0,0,0,0,0
201900008833,19,1,6,1802,5,5,4,5,4840463,697448,9,4,31,2,3,3,130,675,2,4,3,11,0,0,0,0,0
201900008834,19,11,9,1521,3,4,5,3,4488565,-58101,6,3,24,2,3,1,36,467,1,2,4,31,0,0,0,0,0
201900008835,19,4,25,1239,3,8,8,1,4502785,-248396,4,3,42,2,3,1,332,324,1,2,4,95,0,0,0,0,0
201900008836,19,4,9,1620,1,7,3,4,4871654,686220,7,1,38,2,1,3,913,476,4,1,1,1,0,0,0,0,0
201900008837,19,6,18,3,3,3,1,7,4669774,132029,6,3,6,2,1,1,836,111,3,7,3,70,0,0,0,0,0
201900008838,19,9,28,1687,4,3,5,7,4891064,118629,8,2,34,3,1,1,499,657,7,4,2,15,0,0,0,0,0
201900008839,19,8,14,1395,3,3,8,5,4724150,-383003,3,3,18,2,3,4,197,616,7,1,3,99,0,0,0,0,0
201900008840,19,3,8,1367,4,9,4,1,4721202,312428,1,1,45,2,3,2,609,178,7,3,3,8,0,0,0,0,0
201900008841,19,1,8,1884,1,6,3,7,4890388,615549,1,1,39,2,1,4,39,661,2,4,4,77,0,0,0,0,0
201900008842,19,11,18,1534,2,4,5,4,4928003,313610,6,3,12,1,1,2,783,630,9,5,1,66,0,0,0,0,0
201900008843,19,7,13,846,2,2,7,6,4855898,535746,6,3,32,2,4,4,686,985,6,5,4,88,0,0,0,0,0
201900008844,19,9,10,212,1,4,5,5,4943395,-27097,5,2,44,3,4,3,595,869,1,1,4,10,0,0,0,0,0
201900008845,19,7,26,1723,3,4,6,7,4793466,530468,8,2,22,3,3,4,252,399,4,3,4,21,0,0,0,0,0
201900008846,19,2,3,633,1,3,5,2,4989673,338434,9,2,31,3,4,2,750,917,2,4,4,37,0,0,0,0,0
201900008847,19,3,14,1416,3,9,5,5,4485100,651571,2,4,4,1,2,4,58,73,2,6,2,59,0,0,0,0,0
201900008848,19,6,2,1776,3,6,3,6,4598478,341902,3,4,50,2,1,1,780,483,3,6,1,12,0,0,0,0,0
201900008849,19,7,1,1155,4,4,2,1,4666730,22441,2,2,0,1,3,4,600,87,4,4,4,27,0,0,0,0,0
201900008850,19,5,26,649,5,3,8,2,4944722,356526,7,3,22,1,1,4,208,976,1,2,2,12,0,0,0,0,0
201900008851,19,9,13,1585,4,7,8,6,4457787,-132941,6,4,34,3,3,4,469,438,5,6,4,16,0,0,0,0,0
201900008852,19,3,2,1412,2,2,2,6,4749068,549512,1,4,21,2,4,4,164,492,4,2,2,19,0,0,0,0,0
201900008853,19,12,3,979,2,2,5,6,4444606,659976,5,1,13,3,3,3,33,111,3,6,3,5,0,0,0,0,0
201900008854,19,9,25,939,5,3,6,2,4487787,-292242,1,3,27,3,3,3,316,574,4,6,2,54,0,0,0,0,0
201900008855,19,2,15,1679,2,9,6,2,4494283,163637,2,4,46,1,3,4,825,833,1,4,3,48,0,0,0,0,0
201900008856,19,7,26,819,4,7,9,3,4482939,-333865,4,2,38,3,1,4,789,294,4,4,5,54,0,0,0,0,0
201900008857,19,11,16,2121,1,2,7,6,4605130,84618,8,3,6,3,4,4,400,444,1,1,4,18,0,0,0,0,0
201900008858,19,2,19,51,1,9,2,3,4557659,-200047,8,4,19,2,4,1,547,579,1,1,2,79,0,0,0,0,0
201900008859,19,1,20,1664,4,2,2,1,4463242,59465,3,2,49,1,1,3,85,927,1,3,1,58,0,0,0,0,0
201900008860,19,6,2,2305,3,2,8,3,4985059,659045,6,3,37,3,4,2,106,897,2,7,5,69,0,0,0,0,0
201900008861,19,6,2,2330,2,7,8,7,4627724,502091,3,4,37,2,4,2,167,724,5,4,1,45,0,0,0,0,0
201900008862,19,9,15,237,3,6,7,4,4612120,-340810,9,2,4,1,1,2,166,316,6,2,4,13,0,0,0,0,0