Num_Acc,an,mois,jour,hrmn,lum,int,atm,col,lat,long,catr,circ,nbv,vosp,prof,plan,lartpc,larrout,surf,infra,situ,env1,unscathed,killed,hospital,light,chance
201900008863,19,7,25,1802,2,7,6,5,4592058,242711,9,3,53,3,3,4,808,951,1,4,5,41,0,0,0,0,0
201900008864,19,3,21,2067,1,9,9,5,4911123,171476,8,4,17,1,1,1,41,681,1,5,2,77,0,0,0,0,0
201900008865,19,8,11,1333,4,6,7,7,4468781,343614,7,4,35,3,1,1,475,364,4,2,3,14,0,0,0,0,0
201900008866,19,10,11,269,1,3,8,6,4484375,31383,7,4,53,2,4,4,325,749,2,4,5,69,0,0,0,0,0
201900008867,19,9,10,999,2,5,6,4,4784587,348892,4,1,46,2,4,4,657,491,8,2,3,74,0,0,0,0,0
201900008868,19,6,10,1843,1,2,6,1,4929966,-13525,5,4,2,2,4,2,762,612,9,1,2,90,0,0,0,0,0
201900008869,19,2,28,1713,1,9,9,1,4652337,401212,2,1,20,2,3,1,676,384,7,3,5,28,0,0,0,0,0
201900008870,19,11,7,771,3,2,8,1,4674635,545963,9,3,5,1,4,3,756,22,6,6,1,42,0,0,0,0,0
201900008871,19,5,3,126,1,1,9,2,4584788,21047,7,1,4,2,1,2,428,359,6,7,3,61,0,0,0,0,0
201900008872,19,9,25,986,5,2,5,2,4425169,20317,4,4,0,3,1,2,573,609,2,4,4,43,0,0,0,0,0
201900008873,19,6,10,49,1,6,6,1,4902291,537719,4,1,5,2,1,1,416,154,3,6,4,25,0,0,0,0,0
201900008874,19,11,22,860,4,4,4,5,4505472,98635,3,4,33,1,1,4,168,535,8,3,1,29,0,0,0,0,0
201900008875,19,6,24,2302,2,5,4,2,4708501,-312322,8,2,39,3,3,4,908,368,6,7,2,0,0,0,0,0,0
201900008876,19,6,14,74,5,8,8,2,4890624,-160675,6,2,3,2,2,2,147,363,8,6,4,37,0,0,0,0,0
201900008877,19,4,22,1538,4,1,1,5,4741965,-289982,5,3,32,2,3,3,869,517,6,4,3,45,0,0,0,0,0
201900008878,19,9,23,546,3,1,1,4,4818717,442367,6,2,45,1,1,2,881,734,5,3,3,60,0,0,0,0,0
201900008879,19,8,23,611,2,8,2,7,4580649,351231,8,1,34,3,3,4,180,623,1,3,2,52,0,0,0,0,0
201900008880,19,10,21,1425,1,5,3,5,4996725,-272870,5,2,34,2,2,4,81,47,4,6,4,84,0,0,0,0,0
201900008881,19,1,18,560,1,3,1,7,4600140,-201262,7,2,38,2,1,2,851,406,2,4,5,51,0,0,0,0,0
201900008882,19,9,26,1859,3,5,7,2,4539990,612637,8,3,38,3,2,1,8,463,1,1,1,35,0,0,0,0,0
201900008883,19,6,11,1037,1,8,1,1,4473438,-167855,9,4,22,3,2,1,380,258,5,1,2,46,0,0,0,0,0
201900008884,19,5,1,940,1,7,3,4,4928622,477368,5,1,3,3,1,4,133,693,8,3,1,95,0,0,0,0,0
201900008885,19,6,6,848,4,4,7,3,4712013,-230821,9,2,29,1,1,1,659,395,8,3,3,10,0,0,0,0,0
201900008886,19,5,27,294,3,1,7,1,4668124,-349870,8,4,44,2,3,2,683,717,6,2,2,58,0,0,0,0,0
201900008887,19,7,4,2242,2,6,4,3,4810202,265522,2,2,7,3,3,1,880,284,6,2,5,54,0,0,0,0,0
201900008888,19,5,13,1912,3,8,5,2,4845559,-211788,3,4,33,1,4,2,63,679,4,3,3,76,0,0,0,0,0
201900008889,19,3,8,590,4,5,3,7,4880467,367642,1,2,53,2,4,4,725,183,8,6,1,55,0,0,0,0,0
201900008890,19,8,14,2321,2,4,5,6,4612147,13997,6,2,49,3,2,4,305,631,8,5,3,67,0,0,0,0,0
201900008891,19,6,11,903,3,5,6,7,4822969,-23540,9,1,15,2,4,3,395,635,5,4,5,2,0,0,0,0,0
201900008892,19,2,2,1169,5,4,7,6,4546164,692803,7,4,25,3,3,2,352,981,3,2,4,1,0,0,0,0,0
201900008893,19,12,6,1002,1,8,7,2,4952149,443947,2,1,38,2,2,1,709,629,8,5,4,71,0,0,0,0,0
201900008894,19,12,5,2018,4,2,7,1,4891386,-359468,4,4,47,1,4,4,503,755,7,6,5,12,0,0,0,0,0
201900008895,19,7,22,492,5,4,5,2,4466271,281720,3,4,21,1,1,3,903,704,9,3,3,95,0,0,0,0,0
201900008896,19,7,10,2302,4,2,7,4,4585977,657058,6,3,31,3,2,3,517,135,9,5,5,4,0,0,0,0,0
201900008897,19,8,23,1458,5,1,8,5,4967312,-256350,8,2,47,1,1,2,38,559,5,6,2,45,0,0,0,0,0
201900008898,19,6,2,84,3,8,9,3,4520250,-165914,9,4,34,1,4,1,889,802,7,5,3,28,0,0,0,0,0
201900008899,19,9,16,54,5,3,4,1,4820406,71845,7,4,45,2,2,3,99,245,2,1,1,67,0,0,0,0,0
201900008900,19,12,20,1505,1,9,2,7,4873310,153913,2,4,48,3,2,4,356,761,4,2,4,12,0,0,0,0,0
201900008901,19,8,21,1663,4,2,4,4,4564521,85402,4,3,15,3,3,3,383,61,8,6,1,11,0,0,0,0,0
201900008902,19,6,14,1902,1,4,5,2,4804840,-337812,7,4,25,2,3,1,698,830,6,7,3,6,0,0,0,0,0
201900008903,19,11,15,2130,3,6,4,3,4926151,45944,8,1,12,1,4,3,182,60,7,5,5,54,0,0,0,0,0
201900008904,19,2,6,1118,3,4,5,2,4766957,377318,4,2,6,2,3,1,322,192,6,7,2,75,0,0,0,0,0
201900008905,19,8,25,643,4,3,9,1,4754963,413482,1,1,43,1,3,1,840,373,9,5,5,12,0,0,0,0,0
201900008906,19,6,17,49,3,7,1,2,4700823,-253420,6,4,15,3,4,2,79,115,2,1,5,35,0,0,0,0,0
201900008907,19,10,10,312,2,9,1,5,4600322,272518,3,4,30,3,3,2,470,112,7,1,3,99,0,0,0,0,0
201900008908,19,4,18,1256,1,4,2,2,4495904,194743,5,2,29,1,1,4,674,469,8,1,2,17,0,0,0,0,0
201900008909,19,3,24,1547,1,3,7,1,4711627,362314,4,1,29,3,3,3,781,815,3,6,4,16,0,0,0,0,0
201900008910,19,3,1,1357,2,7,5,5,4457144,-232911,2,1,5,2,2,2,282,442,8,5,5,48,0,0,0,0,0
201900008911,19,8,6,661,1,7,6,4,4431976,-366954,1,3,0,1,1,4,840,144,7,4,4,19,0,0,0,0,0
201900008912,19,6,7,2339,1,8,6,7,4501335,214999,2,1,11,3,3,2,741,744,5,4,5,61,0,0,0,0,0
201900008913,19,2,11,967,1,8,4,3,4805409,-80730,8,1,16,3,2,2,359,374,2,5,5,54,0,0,0,0,0
201900008914,19,6,18,973,4,2,2,7,4853291,431973,2,1,8,2,1,4,153,575,1,3,1,27,0,0,0,0,0
201900008915,19,5,16,26,4,4,1,1,4958938,565209,4,4,45,3,4,4,15,753,1,4,1,70,0,0,0,0,0
201900008916,19,12,4,2012,2,2,2,3,4514455,560178,9,1,40,2,2,4,654,746,7,2,2,1,0,0,0,0,0
201900008917,19,8,5,514,5,2,2,7,4538413,60636,6,2,43,2,4,2,813,920,7,1,4,86,0,0,0,0,0
201900008918,19,9,14,260,2,1,8,4,4797699,83968,5,3,39,3,1,2,693,196,5,6,3,61,0,0,0,0,0
201900008919,19,5,8,1144,5,7,5,5,4492246,-137148,7,4,10,1,4,1,365,936,6,4,2,96,0,0,0,0,0
201900008920,19,11,18,2122,5,2,9,2,4807488,516832,6,3,37,2,4,3,879,433,6,7,4,61,0,0,0,0,0
201900008921,19,6,13,1186,4,7,5,5,4662804,527529,9,1,43,2,4,2,283,603,9,4,1,57,0,0,0,0,0
201900008922,19,7,9,760,2,3,8,3,4605562,217544,1,3,31,3,4,4,725,74,5,7,3,76,0,0,0,0,0
201900008923,19,3,13,353,3,3,1,2,4481057,-352708,5,1,43,1,3,3,66,614,9,6,4,94,0,0,0,0,0
201900008924,19,8,19,662,4,1,5,5,4982829,393709,3,4,51,3,4,2,32,830,3,5,4,3,0,0,0,0,0
201900008925,19,10,3,2279,5,3,7,6,4484245,422150,8,2,21,3,2,3,482,475,9,7,5,92,0,0,0,0,0
201900008926,19,8,6,920,4,6,9,7,4785407,59328,5,1,6,3,4,2,663,925,7,6,5,84,0,0,0,0,0
201900008927,19,8,22,520,4,4,2,6,4943451,-397364,8,1,14,2,3,1,681,197,3,3,3,56,0,0,0,0,0
201900008928,19,11,12,1679,3,4,4,7,4432045,-236072,2,1,46,2,2,4,729,273,3,3,4,33,0,0,0,0,0
201900008929,19,4,26,665,2,3,6,1,4885604,-223468,8,3,12,3,2,1,692,305,7,6,5,9,0,0,0,0,0
201900008930,19,3,20,2074,5,3,1,4,4776661,256490,2,2,45,1,2,4,282,892,9,5,4,52,0,0,0,0,0
201900008931,19,4,1,976,4,5,9,2,4823215,688795,2,3,45,1,2,4,97,150,8,2,1,46,0,0,0,0,0
201900008932,19,2,11,1405,1,7,5,4,4902169,-234780,8,1,39,3,4,1,343,702,9,6,1,71,0,0,0,0,0
201900008933,19,3,20,1551,3,6,4,6,4481146,53173,7,1,15,2,3,4,820,475,7,7,4,37,0,0,0,0,0
201900008934,19,9,24,1902,4,2,9,3,4595432,349267,2,3,15,2,3,2,215,493,4,2,2,14,0,0,0,0,0
201900008935,19,10,20,2147,4,7,3,3,4484890,181394,4,4,52,2,3,2,621,913,8,4,2,86,0,0,0,0,0
201900008936,19,9,20,841,2,9,5,3,4509465,390154,5,1,2,1,2,4,557,654,7,6,2,94,0,0,0,0,0
201900008937,19,1,1,913,2,5,1,5,4638804,383416,9,4,23,2,4,4,535,229,2,4,5,27,0,0,0,0,0
201900008938,19,6,24,2293,2,5,5,7,4883841,4664,8,2,17,2,3,3,404,502,3,6,2,5,0,0,0,0,0
201900008939,19,12,17,140,4,8,2,7,4499045,-378266,8,1,2,3,3,1,370,472,4,6,3,77,0,0,0,0,0
201900008940,19,5,24,1852,1,9,4,1,4653223,511563,6,2,19,1,1,2,870,331,7,2,2,19,0,0,0,0,0
201900008941,19,3,8,1594,2,2,3,4,4704167,144304,1,3,19,1,4,3,323,21,8,6,3,10,0,0,0,0,0
201900008942,19,8,16,948,2,1,3,7,4530765,520024,6,4,1,1,4,1,10,878,2,7,5,69,0,0,0,0,0
201900008943,19,12,11,950,4,4,4,2,4467875,532559,4,3,51,3,3,4,412,779,4,3,4,56,0,0,0,0,0
201900008944,19,3,11,2226,1,9,4,2,4412125,684632,3,2,0,2,4,4,701,15,6,7,5,76,0,0,0,0,0
201900008945,19,1,28,741,3,5,5,5,4914084,-178444,3,2,36,1,2,3,643,386,2,4,5,65,0,0,0,0,0
201900008946,19,5,17,406,1,8,2,3,4532378,405065,9,4,6,1,1,3,363,155,9,4,5,15,0,0,0,0,0
201900008947,19,7,9,1124,3,5,6,6,4783147,657683,7,3,8,3,1,1,718,799,9,3,1,46,0,0,0,0,0
201900008948,19,5,1,1360,2,8,7,7,4497434,-72340,4,2,20,3,4,1,868,461,7,7,2,99,0,0,0,0,0
201900008949,19,10,8,2265,5,5,4,1,4766516,-231473,2,3,19,3,2,2,390,675,6,3,2,44,0,0,0,0,0
201900008950,19,4,21,1634,2,7,3,4,4500117,-229164,9,1,0,3,2,2,25,141,1,5,5,31,0,0,0,0,0
201900008951,19,4,13,2115,4,5,8,1,4780349,324751,3,1,43,3,2,2,903,297,4,6,4,43,0,0,0,0,0
201900008952,19,7,11,602,5,6,4,4,4935155,653058,7,1,11,2,1,3,254,677,2,2,1,7,0,0,0,0,0
201900008953,19,5,28,1927,3,5,1,3,4864552,438078,3,2,4,3,4,4,783,308,7,5,4,19,0,0,0,0,0
201900008954,19,5,16,1985,5,2,9,7,4850798,243705,3,4,21,1,3,2,408,536,4,3,4,68,0,0,0,0,0
201900008955,19,4,24,1506,4,8,3,5,4646564,-306402,4,2,25,1,2,4,750,20,7,5,2,75,0,0,0,0,0
201900008956,19,5,3,889,2,7,4,1,4581594,-217701,3,2,7,2,1,1,48,347,2,5,3,5,0,0,0,0,0
201900008957,19,2,26,441,5,6,1,4,4607702,124856,7,3,53,3,3,3,200,472,2,3,2,16,0,0,0,0,0
201900008958,19,10,21,1569,2,2,5,4,4579711,382327,3,4,1,3,1,3,231,386,3,5,5,58,0,0,0,0,0
201900008959,19,3,12,173,2,5,6,2,4628192,102733,2,2,6,2,3,1,405,441,4,5,4,33,0,0,0,0,0
201900008960,19,11,1,2227,4,9,9,6,4539290,-182171,5,4,39,3,3,4,203,214,4,6,3,73,0,0,0,0,0
201900008961,19,10,11,504,2,7,3,6,4769186,446627,1,4,20,3,4,2,614,501,5,3,3,20,0,0,0,0,0
201900008962,19,2,28,2295,1,3,3,2,4571233,416781,3,1,53,3,4,1,806,768,3,6,2,49,0,0,0,0,0
201900008963,19,4,7,1347,4,8,3,6,4456333,491041,2,3,16,2,3,2,795,149,5,2,2,77,0,0,0,0,0
201900008964,19,4,15,1207,3,9,4,6,4626593,-268954,6,4,9,3,2,2,888,407,7,3,5,56,0,0,0,0,0
201900008965,19,6,21,1931,1,2,7,6,4697965,-9121,5,2,46,3,1,4,683,715,1,6,5,82,0,0,0,0,0
201900008966,19,1,1,2168,1,4,7,2,4570287,500080,5,3,50,1,3,1,182,800,7,7,1,57,0,0,0,0,0
201900008967,19,4,16,571,5,3,1,4,4607713,295317,8,1,15,3,1,3,422,873,3,7,5,29,0,0,0,0,0
201900008968,19,4,16,1370,3,7,9,7,4724222,-27308,1,4,45,3,3,2,56,437,9,7,3,30,0,0,0,0,0
201900008969,19,4,19,1783,2,9,9,1,4632364,417097,5,1,38,3,4,3,865,834,5,3,3,20,0,0,0,0,0
201900008970,19,5,23,1735,4,5,1,7,4450868,105643,6,1,52,2,1,3,575,905,1,5,4,34,0,0,0,0,0
201900008971,19,4,27,2071,4,6,6,5,4643940,-317241,8,1,25,1,3,3,826,837,4,6,1,17,0,0,0,0,0
201900008972,19,10,18,401,5,1,2,5,4407553,159764,5,1,19,1,3,1,905,644,9,6,1,1,0,0,0,0,0
201900008973,19,4,12,887,3,9,5,3,4889915,144304,2,4,46,2,2,3,458,895,4,1,3,34,0,0,0,0,0
201900008974,19,11,15,2036,1,8,4,4,4854689,-93618,1,4,34,2,2,3,149,116,2,4,3,31,0,0,0,0,0
201900008975,19,7,2,979,4,2,7,4,4449642,174942,9,3,3,3,4,1,104,448,7,6,1,63,0,0,0,0,0
201900008976,19,11,27,787,5,1,7,6,4420346,-91857,9,1,42,1,3,3,93,115,6,7,5,21,0,0,0,0,0
201900008977,19,10,6,2238,3,2,9,3,4584433,240029,6,1,45,3,2,1,278,779,8,4,3,26,0,0,0,0,0
201900008978,19,5,24,795,2,7,8,4,4740615,548454,3,1,50,3,2,3,781,165,8,3,1,10,0,0,0,0,0
201900008979,19,7,28,1855,2,2,7,7,4798606,657386,4,3,43,1,4,1,289,778,8,2,5,29,0,0,0,0,0
201900008980,19,11,25,156,3,2,3,3,4565755,-140965,3,3,10,3,4,4,224,866,3,3,1,94,0,0,0,0,0
201900008981,19,7,2,2174,2,3,6,7,4533708,-295836,9,1,25,3,2,3,515,529,7,7,1,50,0,0,0,0,0
201900008982,19,5,22,144,5,7,9,1,4625315,659163,5,4,3,1,1,1,379,654,6,7,5,33,0,0,0,0,0
201900008983,19,9,2,2006,1,7,5,7,4628685,536631,1,1,14,3,2,3,544,825,6,4,1,56,0,0,0,0,0
201900008984,19,1,14,948,3,3,9,6,4703202,452146,6,4,44,2,4,2,453,293,9,7,3,42,0,0,0,0,0
201900008985,19,5,23,745,5,4,3,5,4991371,-360469,8,1,7,3,3,2,198,573,3,3,4,2,0,0,0,0,0
201900008986,19,8,28,1380,3,3,2,4,4549079,-1158,5,2,35,3,2,2,904,910,2,6,1,73,0,0,0,0,0
201900008987,19,12,15,2137,4,8,5,1,4509593,250536,9,2,20,3,4,1,218,638,7,5,1,19,0,0,0,0,0
201900008988,19,6,1,1012,5,9,6,2,4622561,358661,5,2,19,2,1,1,478,243,4,2,3,28,0,0,0,0,0
201900008989,19,1,14,50,2,2,8,3,4837438,193814,3,4,50,3,1,2,61,551,2,3,1,15,0,0,0,0,0
201900008990,19,1,15,1217,1,6,6,5,4404600,15264,7,3,35,2,1,3,52,773,1,1,4,46,0,0,0,0,0
201900008991,19,1,19,370,3,5,1,7,4856616,236238,4,1,45,1,3,3,15,949,7,6,2,93,0,0,0,0,0
201900008992,19,6,15,2350,4,2,5,1,4863042,195722,1,4,7,1,3,2,495,56,5,1,3,95,0,0,0,0,0
201900008993,19,11,16,940,1,7,5,7,4927182,554394,3,1,10,2,2,2,249,163,1,5,2,19,0,0,0,0,0
201900008994,19,2,24,873,1,9,1,4,4456546,-70166,3,4,29,2,3,3,567,995,5,1,2,67,0,0,0,0,0
201900008995,19,10,13,1021,5,6,7,2,4562476,-197787,9,3,32,2,3,2,209,968,4,1,5,90,0,0,0,0,0
201900008996,19,12,19,2357,2,4,7,1,4541456,-258265,5,4,52,2,2,2,180,659,6,1,3,48,0,0,0,0,0
201900008997,19,7,1,13,4,3,7,2,4577885,-342535,4,3,37,3,2,2,645,288,9,4,1,53,0,0,0,0,0
201900008998,19,12,22,1710,3,8,2,5,4993103,-242105,5,1,1,2,2,2,835,313,1,2,2,39,0,0,0,0,0
201900008999,19,2,18,1907,4,9,3,3,4984881,164620,7,4,49,1,3,3,485,130,7,7,3,52,0,0,0,0,0
201900009000,19,9,7,2057,1,3,7,1,4420786,-308612,4,2,31,1,2,2,368,486,6,5,5,33,0,0,0,0,0
201900009001,19,12,9,2218,3,9,6,1,4723423,-132471,5,4,40,3,4,2,565,608,1,3,5,17,0,0,0,0,0
201900009002,19,10,28,1632,5,2,6,6,4899505,48187,5,4,35,2,2,2,609,495,8,7,5,98,0,0,0,0,0
201900009003,19,1,28,263,1,5,1,6,4661049,270676,3,1,14,2,3,2,899,990,4,6,3,57,0,0,0,0,0
201900009004,19,11,2,1419,5,8,3,3,4660814,101350,2,3,1,1,3,1,436,79,5,7,5,79,0,0,0,0,0
201900009005,19,7,13,421,4,2,8,4,4619413,-311070,7,2,36,3,4,3,50,549,7,5,5,93,0,0,0,0,0
201900009006,19,4,17,746,3,4,4,1,4718971,128837,7,1,1,2,1,1,898,649,4,7,1,91,0,0,0,0,0
201900009007,19,9,6,921,4,2,6,7,4723573,366892,3,2,51,2,1,2,359,9,7,5,3,79,0,0,0,0,0
201900009008,19,11,1,1700,2,9,4,7,4882119,111874,8,2,42,2,4,2,12,599,6,5,3,36,0,0,0,0,0
201900009009,19,12,8,1400,2,2,7,4,4647412,635242,4,1,9,2,2,1,733,54,8,1,2,93,0,0,0,0,0
201900009010,19,6,16,1535,1,2,8,4,4476658,126026,8,4,28,3,1,2,843,554,7,1,5,58,0,0,0,0,0
201900009011,19,5,16,1852,5,3,1,7,4904902,266368,1,3,36,1,4,1,567,43,9,6,1,65,0,0,0,0,0
201900009012,19,2,8,49,2,4,6,5,4434840,500713,3,2,20,3,4,3,210,132,1,5,1,91,0,0,0,0,0
201900009013,19,1,9,576,2,4,4,2,4513501,152659,9,1,20,3,2,4,257,725,5,7,4,6,0,0,0,0,0
201900009014,19,5,28,686,2,2,1,6,4450619,690092,5,3,49,3,3,4,723,602,4,4,2,33,0,0,0,0,0
201900009015,19,2,27,1138,5,8,8,6,4675751,394956,8,1,33,3,4,4,324,690,8,4,1,30,0,0,0,0,0
201900009016,19,2,6,1984,1,5,2,2,4676936,-379459,9,1,29,3,1,4,18,529,3,1,2,96,0,0,0,0,0
201900009017,19,12,8,767,3,5,7,7,4689908,434497,6,3,4,2,2,2,719,933,3,7,1,13,0,0,0,0,0
201900009018,19,8,18,180,1,9,5,5,4761706,692081,4,2,1,1,4,1,835,650,4,3,1,79,0,0,0,0,0
201900009019,19,9,4,78,2,8,4,3,4852425,241592,9,3,28,1,3,4,453,824,8,2,5,68,0,0,0,0,0
201900009020,19,5,15,2223,1,2,7,5,4882669,-206928,7,4,31,2,4,3,286,509,5,3,2,28,0,0,0,0,0
201900009021,19,1,21,742,4,4,4,3,4590985,442037,9,1,25,2,3,3,322,991,5,6,2,71,0,0,0,0,0
201900009022,19,6,23,1844,2,5,1,1,4661406,-210759,7,1,27,3,2,3,742,849,8,4,1,30,0,0,0,0,0
201900009023,19,5,20,1767,1,2,7,3,4494816,264137,7,4,48,1,4,4,556,229,8,4,3,71,0,0,0,0,0
201900009024,19,7,18,549,2,2,1,6,4840783,-58563,8,3,28,2,2,4,278,245,3,3,4,78,0,0,0,0,0
201900009025,19,6,27,781,2,4,2,5,4780977,47214,4,3,8,1,2,4,612,299,6,3,2,41,0,0,0,0,0
201900009026,19,12,4,1824,1,2,9,1,4963573,-177118,2,4,52,2,1,4,647,781,1,4,5,40,0,0,0,0,0
201900009027,19,4,13,83,3,4,5,3,4979588,160231,3,1,31,1,3,4,244,138,4,5,5,92,0,0,0,0,0
201900009028,19,7,22,1670,1,3,5,7,4820177,653666,6,1,30,3,4,3,308,481,2,2,1,99,0,0,0,0,0
201900009029,19,7,17,523,3,3,9,5,4975812,-69719,6,2,21,2,2,1,302,288,8,2,4,44,0,0,0,0,0
201900009030,19,2,6,2121,1,8,2,3,4838149,-209521,1,3,8,2,3,1,523,20,2,6,5,37,0,0,0,0,0
201900009031,19,8,25,1165,5,7,4,5,4623651,278257,6,3,8,2,1,4,251,452,6,4,1,82,0,0,0,0,0
201900009032,19,3,6,893,3,7,4,4,4963903,436526,9,1,41,3,2,4,236,398,8,6,4,13,0,0,0,0,0
201900009033,19,8,3,680,2,1,7,6,4831781,678081,5,1,13,2,2,1,71,609,9,1,1,45,0,0,0,0,0
201900009034,19,5,7,382,3,1,2,2,4608610,-293993,9,1,22,3,1,4,852,565,9,5,4,38,0,0,0,0,0
201900009035,19,5,14,982,1,8,1,7,4419990,-226540,9,2,37,1,3,1,621,834,4,2,1,38,0,0,0,0,0
201900009036,19,11,5,2093,5,7,5,7,4641713,-142216,3,1,7,3,4,1,661,704,3,5,4,66,0,0,0,0,0
201900009037,19,2,25,2053,4,8,7,6,4788292,582897,3,4,47,3,2,2,49,75,1,7,4,12,0,0,0,0,0
201900009038,19,7,28,1141,5,7,8,2,4634538,68806,4,4,26,2,1,3,85,456,2,7,1,91,0,0,0,0,0
201900009039,19,12,10,1243,4,9,7,5,4938054,429541,8,1,22,3,2,3,64,837,1,3,4,68,0,0,0,0,0
201900009040,19,1,23,207,1,7,6,1,4592100,553044,8,1,44,1,2,3,649,228,2,3,3,10,0,0,0,0,0
201900009041,19,3,17,1976,5,4,4,2,4836333,524894,7,2,40,1,2,1,860,926,6,3,5,21,0,0,0,0,0
201900009042,19,7,13,2198,1,6,7,6,4850315,229423,8,2,36,1,1,2,289,7,3,6,2,91,0,0,0,0,0
201900009043,19,5,27,1772,5,3,8,3,4695735,363717,2,1,36,1,4,4,435,435,8,6,5,55,0,0,0,0,0
201900009044,19,4,12,1230,1,1,8,5,4811670,240711,7,4,33,1,2,3,233,702,8,6,3,51,0,0,0,0,0
201900009045,19,4,2,265,2,5,1,4,4615778,380083,1,1,25,2,3,4,206,643,8,7,1,80,0,0,0,0,0
201900009046,19,5,4,1941,2,4,4,7,4411783,277088,3,1,36,3,1,1,874,953,5,5,4,93,0,0,0,0,0
201900009047,19,4,28,1454,5,8,2,2,4622104,636773,3,1,42,1,3,2,695,606,2,1,2,79,0,0,0,0,0
201900009048,19,7,17,2247,2,2,3,7,4786898,169269,9,2,41,2,2,3,434,371,7,2,2,6,0,0,0,0,0
201900009049,19,12,21,1693,1,4,4,7,4792132,-31492,2,2,46,1,4,3,61,593,5,1,4,98,0,0,0,0,0
201900009050,19,12,16,230,3,8,3,3,4691891,-40967,4,4,29,3,1,4,614,634,1,3,4,13,0,0,0,0,0
201900009051,19,12,9,432,3,8,5,4,4532990,-106601,8,3,14,3,3,4,404,101,3,6,5,98,0,0,0,0,0
201900009052,19,2,12,1296,2,8,1,7,4918248,356009,7,4,6,3,2,3,12,615,2,1,3,46,0,0,0,0,0
201900009053,19,7,25,1193,3,1,4,3,4838450,-348581,1,3,31,2,3,1,646,857,4,5,2,2,0,0,0,0,0
201900009054,19,8,3,2139,4,4,8,5,4647270,-309842,2,1,44,1,2,2,373,971,6,1,2,21,0,0,0,0,0
201900009055,19,10,26,1026,4,6,6,4,4934104,-264950,6,3,33,1,1,3,298,500,7,1,1,91,0,0,0,0,0
201900009056,19,5,9,446,3,9,8,4,4925112,682441,2,1,0,2,2,2,343,116,2,7,5,72,0,0,0,0,0
201900009057,19,10,6,267,1,4,7,7,4808882,376750,4,1,44,3,4,4,237,311,7,1,4,43,0,0,0,0,0
201900009058,19,9,24,968,4,5,5,4,4552992,357635,1,4,14,2,1,2,774,639,9,1,3,52,0,0,0,0,0
201900009059,19,9,1,359,3,9,9,2,4808324,220967,9,2,9,1,3,4,343,912,7,7,1,78,0,0,0,0,0
201900009060,19,11,22,144,1,5,6,4,4551647,504002,8,1,53,2,1,3,198,159,6,1,3,1,0,0,0,0,0
201900009061,19,1,2,109,3,8,7,5,4715028,26033,2,3,42,1,2,1,406,313,5,5,3,33,0,0,0,0,0
201900009062,19,9,9,1304,4,7,1,2,4887154,234146,8,2,18,3,2,4,600,159,5,3,3,79,0,0,0,0,0
201900009063,19,7,24,1677,4,2,9,4,4955604,238497,5,1,16,3,3,2,883,386,5,4,3,6,0,0,0,0,0
201900009064,19,7,22,537,2,5,3,4,4678919,-221715,2,2,27,3,2,1,812,636,2,1,2,76,0,0,0,0,0
201900009065,19,3,20,314,5,1,3,1,4840997,377027,5,1,52,3,1,3,644,524,2,5,5,44,0,0,0,0,0
201900009066,19,8,14,830,3,7,9,5,4415617,-233215,3,1,14,1,1,4,46,748,1,2,3,26,0,0,0,0,0
201900009067,19,12,6,855,4,9,8,2,4874025,-14504,4,1,16,2,2,2,863,787,7,2,3,99,0,0,0,0,0
201900009068,19,2,17,800,3,4,7,7,4456080,229094,7,3,17,1,4,2,530,745,4,7,5,15,0,0,0,0,0
201900009069,19,9,28,1096,1,9,7,2,4722882,679456,8,2,11,2,3,4,268,538,6,1,4,69,0,0,0,0,0
201900009070,19,6,17,959,2,5,8,1,4652480,-5506,1,3,18,2,4,4,211,301,3,3,5,48,0,0,0,0,0
201900009071,19,9,8,292,3,7,4,2,4700965,439986,2,2,12,2,4,3,78,25,8,1,1,10,0,0,0,0,0
201900009072,19,7,25,1924,3,3,5,2,4815591,535535,9,1,0,2,2,2,263,27,5,2,5,66,0,0,0,0,0
201900009073,19,1,2,145,3,6,8,1,4981752,595645,9,3,12,3,2,2,296,499,4,5,4,96,0,0,0,0,0
201900009074,19,4,19,1275,4,8,7,2,4697226,-399168,5,3,37,1,4,2,230,194,6,6,2,68,0,0,0,0,0
201900009075,19,5,15,1716,3,1,3,6,4907184,342010,8,4,1,3,4,4,556,160,6,4,4,93,0,0,0,0,0
201900009076,19,11,2,1900,4,5,8,7,4538654,68516,7,3,9,2,1,2,266,441,3,7,2,50,0,0,0,0,0