Num_Acc,an,mois,jour,hrmn,lum,int,atm,col,lat,long,catr,circ,nbv,vosp,prof,plan,lartpc,larrout,surf,infra,situ,env1,unscathed,killed,hospital,light,chance
201900009077,19,10,23,2020,2,1,8,1,4483562,682662,1,4,37,2,1,1,458,2,5,7,4,17,0,0,0,0,0
201900009078,19,2,2,1448,5,1,1,1,4846762,42676,8,3,39,3,2,1,376,820,6,1,4,35,0,0,0,0,0
201900009079,19,10,28,713,4,8,3,7,4928842,449545,5,4,49,3,3,3,243,43,1,6,3,54,0,0,0,0,0
201900009080,19,12,11,1788,3,9,6,1,4743972,-285944,9,3,13,1,1,4,774,183,8,5,2,48,0,0,0,0,0
201900009081,19,4,12,2044,2,2,5,2,4642182,165794,4,2,37,3,4,3,697,156,1,5,2,7,0,0,0,0,0
201900009082,19,8,24,1242,5,7,4,7,4652152,327033,5,2,33,3,4,2,84,481,5,1,1,59,0,0,0,0,0
201900009083,19,7,3,544,1,8,1,3,4917096,635736,6,1,20,3,1,4,806,151,3,2,2,22,0,0,0,0,0
201900009084,19,5,5,1644,5,8,5,4,4600632,-64710,7,1,40,3,1,4,29,111,9,2,3,4,0,0,0,0,0
201900009085,19,8,12,423,3,6,4,6,4409536,-236240,3,2,3,2,2,3,831,510,9,5,4,20,0,0,0,0,0
201900009086,19,8,22,2154,4,8,7,1,4568761,659379,6,1,28,3,3,4,7,63,1,7,3,73,0,0,0,0,0
201900009087,19,3,18,454,3,8,9,4,4754647,-135835,7,3,6,1,2,1,634,338,6,5,2,33,0,0,0,0,0
201900009088,19,7,20,1079,3,5,7,1,4870518,-151232,9,1,32,1,1,4,406,419,3,5,1,34,0,0,0,0,0
201900009089,19,5,9,1888,2,6,2,6,4562731,47732,1,4,37,1,3,4,707,559,5,1,2,9,0,0,0,0,0
201900009090,19,7,24,2177,4,3,6,6,4855582,137294,8,3,10,2,1,2,23,275,7,6,3,67,0,0,0,0,0
201900009091,19,8,23,922,5,2,2,7,4868910,619170,3,3,40,2,3,4,411,916,7,4,5,31,0,0,0,0,0
201900009092,19,8,19,2057,1,1,3,4,4566003,647041,8,4,31,2,1,4,134,844,9,2,2,77,0,0,0,0,0
201900009093,19,11,3,597,2,6,5,2,4424525,440054,5,1,44,1,2,3,56,320,4,1,3,32,0,0,0,0,0
201900009094,19,11,19,1191,5,7,3,1,4501185,-102468,5,2,26,3,3,4,749,616,1,7,2,39,0,0,0,0,0
201900009095,19,3,26,1027,4,7,4,3,4823049,-349495,4,3,44,1,1,1,206,341,2,3,5,12,0,0,0,0,0
201900009096,19,12,8,591,5,9,1,3,4792381,-138020,1,3,5,1,2,4,44,719,5,2,5,19,0,0,0,0,0
201900009097,19,9,5,360,2,5,3,6,4859885,512785,3,3,0,2,2,2,127,335,1,7,5,11,0,0,0,0,0
201900009098,19,7,18,1749,3,6,9,6,4547584,86021,3,1,12,2,2,4,885,910,8,2,3,35,0,0,0,0,0
201900009099,19,12,22,2054,3,9,8,2,4416146,201721,1,4,11,2,3,3,307,488,3,4,3,5,0,0,0,0,0
201900009100,19,9,6,670,4,3,1,1,4937967,-253646,1,2,24,1,4,2,406,462,2,1,2,17,0,0,0,0,0
201900009101,19,7,18,1440,3,1,8,2,4621760,-228995,9,3,47,2,4,1,644,22,3,7,4,52,0,0,0,0,0
201900009102,19,4,7,1749,4,2,8,3,4467698,-196107,7,4,28,3,3,2,186,431,2,4,5,96,0,0,0,0,0
201900009103,19,1,17,2255,2,5,2,4,4925778,281931,7,1,43,2,4,4,283,526,2,1,2,59,0,0,0,0,0
201900009104,19,1,15,337,1,7,8,6,4997791,42024,1,3,32,2,4,2,322,172,3,6,4,85,0,0,0,0,0
201900009105,19,5,10,2284,2,2,7,5,4695156,-199419,1,1,46,2,3,1,692,467,7,3,3,97,0,0,0,0,0
201900009106,19,12,12,805,4,7,8,7,4754954,-213869,4,4,52,1,2,2,359,622,4,3,2,81,0,0,0,0,0
201900009107,19,5,4,2184,2,9,3,5,4804947,-145259,8,3,6,1,1,3,29,233,2,4,4,89,0,0,0,0,0
201900009108,19,4,10,752,4,6,5,1,4788836,324808,2,4,23,2,4,1,35,142,4,7,5,55,0,0,0,0,0
201900009109,19,4,7,1634,2,8,8,7,4732195,-197803,4,3,39,3,2,3,57,740,3,1,1,36,0,0,0,0,0
201900009110,19,10,19,1749,2,2,3,1,4563602,-61151,2,2,16,1,1,2,110,312,4,6,1,76,0,0,0,0,0
201900009111,19,8,27,2144,5,6,4,3,4904693,568926,7,3,0,2,2,4,84,731,7,6,2,29,0,0,0,0,0
201900009112,19,1,3,568,1,5,8,7,4518351,-288823,5,4,48,1,3,3,472,674,1,7,3,57,0,0,0,0,0
201900009113,19,11,3,56,5,3,1,5,4750752,-364859,6,3,3,3,1,2,664,405,4,1,5,75,0,0,0,0,0
201900009114,19,11,25,911,4,9,4,7,4790834,539443,5,2,27,2,1,1,352,936,9,5,4,31,0,0,0,0,0
201900009115,19,10,28,1260,1,4,6,3,4491976,632619,5,1,32,3,4,2,443,410,5,4,2,95,0,0,0,0,0
201900009116,19,8,26,51,3,9,2,5,4845065,569179,7,3,42,3,2,4,828,109,5,1,3,82,0,0,0,0,0
201900009117,19,3,6,298,3,8,2,2,4444937,120202,4,4,36,2,3,1,202,234,2,3,2,28,0,0,0,0,0
201900009118,19,2,27,1537,5,5,8,7,4614621,287158,9,4,5,1,3,4,589,707,4,1,3,74,0,0,0,0,0
201900009119,19,1,22,1085,2,9,8,5,4842605,-391700,4,4,9,2,3,2,428,718,5,2,4,76,0,0,0,0,0
201900009120,19,8,23,1015,5,5,7,3,4979416,61814,8,4,26,1,3,4,562,442,1,1,1,86,0,0,0,0,0
201900009121,19,2,7,1908,2,6,1,5,4698348,-215632,4,2,35,3,1,2,177,303,3,3,5,91,0,0,0,0,0
201900009122,19,5,9,1456,3,3,4,7,4470610,255361,4,2,48,1,4,3,6,15,2,1,1,2,0,0,0,0,0
201900009123,19,4,22,802,3,9,6,7,4774488,50983,2,1,46,2,1,2,740,829,4,4,5,78,0,0,0,0,0
201900009124,19,6,1,1324,3,5,7,5,4787306,-116006,7,1,18,3,3,2,857,615,1,5,2,87,0,0,0,0,0
201900009125,19,3,12,2329,5,7,3,6,4882062,-399757,3,1,12,2,2,4,146,356,2,7,4,24,0,0,0,0,0
201900009126,19,4,5,1047,5,6,5,1,4731899,-219688,6,3,42,1,4,1,602,88,8,3,2,53,0,0,0,0,0
201900009127,19,7,15,1268,5,3,6,1,4922875,41260,9,1,12,1,4,3,527,697,1,5,1,57,0,0,0,0,0
201900009128,19,4,26,2034,5,6,9,3,4849428,95658,7,2,43,3,3,3,184,720,4,1,1,12,0,0,0,0,0
201900009129,19,12,3,2084,2,2,9,7,4414832,-206156,5,1,14,3,4,3,514,393,1,3,1,60,0,0,0,0,0
201900009130,19,5,10,1632,2,3,4,2,4781012,-286499,6,4,53,2,2,4,638,388,6,5,5,65,0,0,0,0,0
201900009131,19,1,14,947,5,1,2,2,4698873,438634,8,4,4,3,3,1,647,54,9,5,4,85,0,0,0,0,0
201900009132,19,9,26,485,4,5,5,1,4655936,289674,5,2,51,1,2,3,280,845,9,6,1,77,0,0,0,0,0
201900009133,19,4,23,997,2,8,1,1,4500947,486281,2,4,50,2,4,3,727,11,2,7,3,43,0,0,0,0,0
201900009134,19,5,23,2040,3,8,1,4,4985393,555309,4,1,17,1,2,4,254,674,1,5,5,74,0,0,0,0,0
201900009135,19,12,6,347,1,3,6,2,4547252,252000,3,4,17,2,4,3,552,693,4,7,5,26,0,0,0,0,0
201900009136,19,7,23,1194,4,6,8,6,4709622,-109007,9,1,21,2,3,2,38,540,4,7,4,83,0,0,0,0,0
201900009137,19,1,18,1194,3,1,1,5,4905872,615564,9,1,47,1,3,2,195,890,2,5,1,39,0,0,0,0,0
201900009138,19,8,16,591,5,5,5,2,4924227,-276593,6,3,19,3,1,1,245,924,4,5,4,12,0,0,0,0,0
201900009139,19,12,14,1031,1,3,5,1,4504321,318602,2,3,28,1,4,4,62,120,2,4,5,59,0,0,0,0,0
201900009140,19,11,23,234,1,6,5,2,4763568,-340588,8,1,43,1,2,1,99,357,4,4,4,89,0,0,0,0,0
201900009141,19,2,22,20,5,7,1,4,4962490,-364757,7,4,40,3,4,3,283,89,3,6,4,32,0,0,0,0,0
201900009142,19,8,19,1812,3,9,3,6,4845314,568246,2,1,29,1,3,4,815,484,7,5,5,30,0,0,0,0,0
201900009143,19,9,12,1167,1,9,9,2,4457749,281679,2,4,0,2,3,1,338,656,6,2,5,0,0,0,0,0,0
201900009144,19,3,21,978,1,3,9,3,4945787,424471,8,1,27,1,2,3,286,494,5,5,5,60,0,0,0,0,0
201900009145,19,10,2,1881,5,1,8,4,4959406,499607,3,2,9,3,2,3,202,836,7,7,1,57,0,0,0,0,0
201900009146,19,8,27,694,3,5,3,7,4464035,533183,6,3,53,1,1,4,378,337,9,3,4,6,0,0,0,0,0
201900009147,19,3,14,1336,1,5,9,1,4926563,377844,2,3,38,3,3,2,516,201,3,5,1,27,0,0,0,0,0
201900009148,19,5,25,1718,2,8,8,4,4663491,517320,9,3,20,3,4,2,392,499,6,7,1,60,0,0,0,0,0
201900009149,19,11,1,203,3,1,2,5,4825801,541315,7,3,28,3,3,2,387,304,6,7,1,27,0,0,0,0,0
201900009150,19,7,24,2350,3,2,5,7,4705041,150978,6,1,27,3,1,3,265,906,4,5,2,96,0,0,0,0,0
201900009151,19,1,8,1595,5,4,3,2,4645720,270731,3,1,35,2,1,1,768,369,3,1,1,14,0,0,0,0,0
201900009152,19,6,9,2303,3,7,3,5,4779059,-6311,4,1,2,1,4,3,431,78,9,6,5,39,0,0,0,0,0
201900009153,19,1,17,1801,3,1,7,4,4739208,285310,2,3,22,1,3,3,16,857,4,3,5,61,0,0,0,0,0
201900009154,19,8,6,1753,3,3,6,2,4794609,-237495,8,2,29,1,3,2,116,662,9,3,1,62,0,0,0,0,0
201900009155,19,9,22,1050,5,6,4,5,4501836,-260820,6,2,51,1,1,3,263,829,7,5,1,66,0,0,0,0,0
201900009156,19,1,19,841,3,9,9,2,4952158,-6446,1,1,27,2,3,1,280,730,3,1,4,99,0,0,0,0,0
201900009157,19,5,6,545,4,9,7,4,4764949,59367,1,3,7,1,4,4,176,34,9,5,2,13,0,0,0,0,0
201900009158,19,10,8,339,2,2,3,2,4969267,45065,4,2,34,2,1,2,752,456,4,1,3,48,0,0,0,0,0
201900009159,19,6,1,1582,1,8,5,2,4457015,-241930,7,4,53,3,3,2,769,364,3,5,1,96,0,0,0,0,0
201900009160,19,4,19,1002,5,2,6,3,4588854,12067,7,1,22,1,3,3,338,624,8,4,5,26,0,0,0,0,0
201900009161,19,2,13,2208,5,7,1,2,4892492,197370,6,2,27,3,2,4,779,548,8,6,5,71,0,0,0,0,0
201900009162,19,12,20,1903,2,7,3,3,4578710,324681,5,2,2,3,4,2,415,437,1,2,1,63,0,0,0,0,0
201900009163,19,11,28,1002,3,4,3,2,4604274,-203058,5,3,28,2,4,1,358,704,4,7,4,53,0,0,0,0,0
201900009164,19,7,1,1645,5,3,6,5,4631663,265706,3,2,45,3,1,4,42,817,5,4,4,72,0,0,0,0,0
201900009165,19,11,10,298,5,9,4,1,4430322,506648,4,4,37,2,1,1,838,115,2,6,3,3,0,0,0,0,0
201900009166,19,6,27,1459,2,6,8,2,4943379,211730,7,1,49,1,3,1,765,636,3,2,2,35,0,0,0,0,0
201900009167,19,10,13,2128,5,2,8,3,4418735,233856,9,4,1,1,2,1,812,684,5,2,3,69,0,0,0,0,0
201900009168,19,11,2,403,2,9,4,1,4964295,545597,4,1,41,3,3,2,498,530,6,5,5,21,0,0,0,0,0
201900009169,19,5,9,754,2,6,5,6,4776705,578079,6,2,11,2,3,3,61,675,8,4,5,64,0,0,0,0,0
201900009170,19,10,2,506,5,9,7,2,4555569,200136,4,3,36,3,3,3,563,223,6,5,1,92,0,0,0,0,0
201900009171,19,10,27,2040,5,8,5,3,4811934,450335,8,4,48,3,2,3,296,685,1,3,1,33,0,0,0,0,0
201900009172,19,5,10,1917,3,7,4,7,4512111,95787,5,4,1,2,2,2,494,163,4,2,2,11,0,0,0,0,0
201900009173,19,12,16,1218,4,7,7,2,4663946,-204076,2,3,11,2,3,4,702,592,4,5,3,74,0,0,0,0,0
201900009174,19,8,1,2324,5,3,7,3,4835205,227492,4,1,43,2,2,3,210,824,2,1,1,97,0,0,0,0,0
201900009175,19,1,13,1495,3,3,3,6,4464907,34803,5,1,45,3,3,4,700,270,9,4,1,15,0,0,0,0,0
201900009176,19,5,3,87,3,9,1,5,4831862,301563,9,1,45,3,3,3,233,947,6,3,3,54,0,0,0,0,0
201900009177,19,5,25,1511,5,1,9,6,4779435,-266815,7,4,37,1,3,4,135,7,2,7,1,86,0,0,0,0,0
201900009178,19,3,12,2231,1,4,9,5,4577795,79976,8,4,34,3,4,2,3,418,6,4,4,36,0,0,0,0,0
201900009179,19,5,24,1035,1,7,8,1,4850014,517733,9,3,36,1,1,2,145,805,1,1,5,60,0,0,0,0,0
201900009180,19,11,4,1728,2,5,8,7,4842514,-128337,5,3,36,2,2,3,192,812,3,7,5,75,0,0,0,0,0
201900009181,19,4,15,1395,3,7,2,5,4820044,-100446,4,1,17,3,4,1,104,908,4,1,5,91,0,0,0,0,0
201900009182,19,11,16,2289,1,4,8,6,4796662,-182804,7,4,20,1,2,3,739,683,3,3,2,20,0,0,0,0,0
201900009183,19,8,7,1949,2,3,5,6,4606195,498088,5,4,35,1,3,4,110,698,4,3,5,71,0,0,0,0,0
201900009184,19,4,10,1350,1,1,8,1,4634610,671722,8,4,12,3,2,3,251,894,9,7,1,46,0,0,0,0,0
201900009185,19,1,21,2332,3,8,2,4,4810120,235629,1,4,36,2,2,3,192,279,1,2,5,61,0,0,0,0,0
201900009186,19,2,28,449,4,1,6,3,4715319,578046,6,3,1,1,1,4,282,922,9,4,5,66,0,0,0,0,0
201900009187,19,10,23,835,3,2,3,4,4408916,-224091,9,1,36,1,1,2,337,533,1,2,1,20,0,0,0,0,0
201900009188,19,12,2,544,1,5,1,7,4949492,397810,3,1,14,3,3,2,513,961,1,6,1,46,0,0,0,0,0
201900009189,19,10,4,54,3,5,5,1,4430216,-303576,7,1,34,2,1,4,414,948,6,2,4,9,0,0,0,0,0
201900009190,19,6,7,643,1,7,6,4,4867745,244957,7,3,21,3,2,1,286,185,2,6,3,20,0,0,0,0,0
201900009191,19,7,8,1329,2,3,5,5,4598829,55604,4,4,42,1,2,2,751,249,4,3,3,53,0,0,0,0,0
201900009192,19,11,8,1018,2,2,5,1,4400071,633309,1,2,0,2,3,2,65,168,1,4,3,72,0,0,0,0,0
201900009193,19,8,3,1258,5,1,3,3,4520450,-301224,5,4,31,2,1,2,814,797,6,6,1,91,0,0,0,0,0
201900009194,19,7,4,1913,4,2,3,4,4904360,-126535,7,1,33,2,2,2,625,902,8,7,4,22,0,0,0,0,0
201900009195,19,8,20,2292,2,4,5,4,4769286,512956,7,2,7,1,3,2,578,502,4,5,3,65,0,0,0,0,0
201900009196,19,4,27,1657,5,7,7,7,4967226,203187,8,1,44,3,1,4,895,489,1,6,1,15,0,0,0,0,0
201900009197,19,7,20,750,3,9,6,5,4619362,-223719,9,2,20,1,4,2,207,262,2,4,1,69,0,0,0,0,0
201900009198,19,5,14,480,2,4,8,1,4831979,50808,1,2,10,2,4,4,813,216,8,4,3,84,0,0,0,0,0
201900009199,19,8,7,186,4,4,4,3,4500408,60810,3,1,28,2,3,1,523,670,4,2,4,32,0,0,0,0,0
201900009200,19,9,14,218,5,6,3,1,4437654,-334474,5,4,8,3,1,4,78,652,8,4,2,58,0,0,0,0,0
201900009201,19,2,13,439,3,4,5,6,4818712,395439,9,4,23,3,4,2,253,156,9,1,3,60,0,0,0,0,0
201900009202,19,5,28,370,3,6,4,6,4442905,398715,5,4,3,1,3,4,608,677,4,5,4,62,0,0,0,0,0
201900009203,19,12,11,367,4,6,6,4,4520307,364599,4,1,26,2,2,1,102,307,4,1,4,55,0,0,0,0,0
201900009204,19,4,24,2187,5,5,9,6,4858256,-13912,1,4,53,1,4,2,258,625,6,3,3,52,0,0,0,0,0
201900009205,19,4,26,2338,3,9,6,7,4650134,81898,4,1,27,2,4,4,501,665,3,2,3,55,0,0,0,0,0
201900009206,19,7,23,481,4,4,5,5,4791576,72121,2,2,30,2,1,2,139,350,4,3,1,38,0,0,0,0,0
201900009207,19,8,25,560,2,6,6,1,4682038,-394923,9,1,49,2,4,4,483,742,5,4,1,84,0,0,0,0,0
201900009208,19,11,4,1058,3,3,7,7,4605976,124210,3,1,6,2,2,4,750,823,7,6,5,16,0,0,0,0,0
201900009209,19,9,13,279,5,4,2,6,4989440,203074,6,4,41,2,3,1,302,472,1,2,5,76,0,0,0,0,0
201900009210,19,2,16,2207,4,5,2,7,4414559,299154,3,4,38,2,3,4,686,645,9,6,1,89,0,0,0,0,0
201900009211,19,5,2,2343,2,6,4,2,4489615,-14413,3,1,32,3,4,4,853,168,5,2,5,52,0,0,0,0,0
201900009212,19,6,21,719,5,6,9,2,4738850,150998,2,2,27,1,1,2,456,619,7,2,2,32,0,0,0,0,0
201900009213,19,11,6,628,5,6,6,2,4484910,330650,8,2,14,3,2,3,883,771,9,1,5,10,0,0,0,0,0
201900009214,19,7,19,2329,4,6,4,3,4993585,542018,7,2,44,3,4,3,220,153,4,5,1,86,0,0,0,0,0
201900009215,19,5,1,2333,5,2,3,6,4700529,517391,4,3,39,1,1,1,238,354,2,6,1,79,0,0,0,0,0
201900009216,19,8,13,437,4,9,6,5,4600531,-311258,6,3,23,3,1,4,505,903,6,2,3,60,0,0,0,0,0
201900009217,19,6,6,2097,2,6,1,3,4415308,-78718,7,3,44,2,3,4,146,423,6,3,5,52,0,0,0,0,0
201900009218,19,4,2,2184,4,9,8,5,4812428,62002,4,2,32,1,1,4,249,318,1,3,3,42,0,0,0,0,0
201900009219,19,2,16,2331,5,1,9,3,4589457,336150,3,3,33,1,3,4,503,451,8,6,2,19,0,0,0,0,0
201900009220,19,5,1,1208,1,5,6,7,4898762,687001,7,1,6,1,2,1,57,227,3,7,2,76,0,0,0,0,0
201900009221,19,8,21,2327,1,6,8,2,4480420,699052,2,3,22,3,4,3,97,66,6,5,3,50,0,0,0,0,0
201900009222,19,2,8,933,3,4,7,7,4468804,-226971,1,3,6,1,4,2,906,757,3,2,3,19,0,0,0,0,0
201900009223,19,1,12,1196,5,3,3,7,4540426,-397807,2,2,0,1,3,2,782,17,4,4,3,12,0,0,0,0,0
201900009224,19,6,16,1023,5,1,8,6,4432197,-150696,8,2,24,1,2,1,68,83,3,5,4,37,0,0,0,0,0
201900009225,19,5,2,1977,5,7,4,6,4505219,-47534,3,1,25,2,2,2,800,81,4,5,4,19,0,0,0,0,0
201900009226,19,2,22,1707,1,5,3,2,4780683,-252195,1,2,35,3,2,1,691,710,1,4,3,94,0,0,0,0,0
201900009227,19,8,15,1401,2,2,4,4,4629963,-341405,9,2,29,1,3,2,245,159,5,4,5,96,0,0,0,0,0
201900009228,19,10,16,247,1,4,1,1,4679112,147186,9,3,34,1,4,2,545,205,2,7,5,13,0,0,0,0,0
201900009229,19,3,8,1771,3,6,3,3,4609020,236259,7,1,12,1,1,3,406,491,5,6,3,64,0,0,0,0,0
201900009230,19,5,3,1900,2,3,2,3,4466781,-298368,6,1,9,3,3,4,842,615,9,7,4,15,0,0,0,0,0
201900009231,19,12,12,707,5,4,1,5,4868880,-75379,4,1,46,1,3,1,636,644,4,7,2,42,0,0,0,0,0
201900009232,19,3,13,747,3,8,1,3,4997549,-180120,6,2,29,2,3,2,138,487,2,1,1,46,0,0,0,0,0
201900009233,19,4,25,907,5,5,1,5,4673631,272336,1,2,30,2,1,1,461,246,8,4,4,96,0,0,0,0,0
201900009234,19,1,23,1649,2,7,5,7,4669576,-267650,1,2,39,3,2,1,817,578,8,5,2,20,0,0,0,0,0
201900009235,19,11,10,736,3,8,7,4,4810565,-52079,5,4,49,1,4,4,183,224,5,7,3,17,0,0,0,0,0
201900009236,19,12,7,1715,3,4,4,3,4809794,-9624,1,3,25,1,4,4,196,865,5,7,4,92,0,0,0,0,0
201900009237,19,12,17,2206,2,4,3,1,4576604,304785,5,4,52,3,4,3,722,317,1,5,1,81,0,0,0,0,0
201900009238,19,7,7,315,2,8,6,4,4960967,240673,5,2,7,1,3,2,197,512,7,1,5,62,0,0,0,0,0
201900009239,19,11,24,1839,4,4,5,1,4983848,609795,9,4,49,3,2,3,307,449,9,7,5,20,0,0,0,0,0
201900009240,19,8,16,2150,3,8,2,3,4720377,419826,4,3,3,1,1,1,673,579,5,7,4,86,0,0,0,0,0
201900009241,19,6,27,785,3,8,7,5,4901867,-201102,8,2,6,3,4,2,894,235,1,1,4,78,0,0,0,0,0
201900009242,19,6,17,514,3,8,4,1,4620806,-264386,4,3,4,1,4,1,377,303,9,7,4,46,0,0,0,0,0
201900009243,19,4,26,362,1,6,2,3,4440459,229819,4,1,10,3,1,1,333,904,6,5,2,72,0,0,0,0,0
201900009244,19,5,8,1497,1,1,1,4,4746934,489428,9,1,51,3,4,1,835,90,6,2,4,54,0,0,0,0,0
201900009245,19,7,13,202,1,9,5,5,4670693,495792,4,2,28,2,2,3,490,919,3,2,5,17,0,0,0,0,0
201900009246,19,3,4,693,3,6,9,5,4864644,227654,8,2,35,3,4,4,882,734,6,3,3,40,0,0,0,0,0
201900009247,19,11,7,2060,4,5,4,7,4665501,147614,7,2,7,2,2,2,362,140,3,5,1,19,0,0,0,0,0
201900009248,19,2,12,1256,3,7,6,4,4701859,-159866,1,2,17,3,1,4,405,523,5,4,5,67,0,0,0,0,0
201900009249,19,9,15,1328,5,8,7,7,4880285,580824,3,3,27,3,1,3,301,606,2,2,4,94,0,0,0,0,0
201900009250,19,5,24,1385,2,5,9,4,4719213,219340,4,4,51,2,3,4,695,749,7,3,2,36,0,0,0,0,0
201900009251,19,12,16,2173,2,1,9,1,4963996,-323657,2,3,5,2,2,3,323,770,7,4,3,43,0,0,0,0,0
201900009252,19,9,16,1485,3,5,5,3,4809139,404656,6,4,11,3,3,1,513,337,6,2,4,24,0,0,0,0,0
201900009253,19,10,9,1885,5,5,5,3,4619198,8442,9,2,13,2,2,3,288,372,8,5,3,9,0,0,0,0,0
201900009254,19,12,21,907,1,3,4,7,4784675,555446,6,3,7,2,1,3,583,623,8,7,3,66,0,0,0,0,0
201900009255,19,6,20,119,2,3,8,1,4717764,384099,5,3,47,3,1,4,260,137,4,2,3,14,0,0,0,0,0
201900009256,19,8,18,2296,3,6,5,5,4700607,-356546,1,1,37,1,1,3,108,885,6,7,5,82,0,0,0,0,0
201900009257,19,10,23,34,3,1,6,4,4772190,488893,1,4,41,3,2,3,121,355,8,1,1,98,0,0,0,0,0
201900009258,19,2,9,2056,4,6,2,1,4417900,306214,2,4,21,2,1,3,800,790,3,1,4,8,0,0,0,0,0
201900009259,19,12,13,660,5,9,2,5,4962373,514455,8,3,9,1,3,4,589,220,7,2,2,85,0,0,0,0,0
201900009260,19,9,11,1404,2,5,6,4,4974501,650538,9,2,23,3,3,1,664,404,2,7,5,65,0,0,0,0,0
201900009261,19,4,14,2152,4,2,2,6,4499493,180205,7,1,30,2,1,1,185,17,2,7,4,86,0,0,0,0,0
201900009262,19,5,28,570,4,7,2,6,4694537,-211638,7,4,40,2,3,3,409,800,3,6,2,14,0,0,0,0,0
201900009263,19,7,19,171,5,4,6,6,4750667,595660,2,3,46,1,3,4,474,853,2,6,4,22,0,0,0,0,0
201900009264,19,10,13,866,3,9,4,7,4970989,-346405,8,1,2,3,1,4,44,814,3,3,3,20,0,0,0,0,0
201900009265,19,7,13,1259,5,8,7,2,4884612,568672,9,3,26,1,3,3,598,123,3,7,1,65,0,0,0,0,0
201900009266,19,3,13,2155,1,9,6,7,4993845,-59879,8,2,13,2,4,4,499,139,7,1,5,63,0,0,0,0,0
201900009267,19,3,26,930,1,1,1,4,4503614,492379,2,2,18,2,3,3,333,557,2,6,4,15,0,0,0,0,0
201900009268,19,3,3,422,5,1,9,4,4999650,659559,9,3,32,2,3,1,87,799,5,1,5,23,0,0,0,0,0
201900009269,19,2,23,1842,4,2,9,3,4518481,309532,2,4,10,1,1,2,85,481,3,5,2,44,0,0,0,0,0
201900009270,19,10,13,963,5,3,1,2,4803213,286836,5,3,5,2,1,2,728,219,2,3,3,39,0,0,0,0,0
201900009271,19,1,27,1058,1,9,7,7,4706478,637054,8,4,45,2,3,1,804,775,2,1,1,72,0,0,0,0,0
201900009272,19,5,21,1088,5,4,3,6,4691342,105593,2,4,6,2,3,4,108,618,9,4,2,5,0,0,0,0,0
201900009273,19,5,9,1463,1,8,5,4,4446653,619399,3,3,5,3,4,2,444,537,2,1,2,21,0,0,0,0,0
201900009274,19,3,1,1147,2,9,9,3,4418381,-361335,3,2,14,2,4,1,770,920,3,4,1,66,0,0,0,0,0
201900009275,19,12,5,1150,3,1,5,6,4897183,-81976,4,1,38,1,3,1,707,41,8,7,5,20,0,0,0,0,0
201900009276,19,8,13,1795,5,1,4,7,4948874,238056,4,1,11,1,3,1,883,640,2,5,5,24,0,0,0,0,0
201900009277,19,12,18,1801,1,1,1,1,4442461,529082,4,1,8,3,3,3,734,813,7,2,2,85,0,0,0,0,0
201900009278,19,9,9,2265,3,4,5,2,4932895,647490,6,1,50,1,4,2,668,991,9,2,1,76,0,0,0,0,0
201900009279,19,1,18,313,4,7,6,7,4427598,476883,8,3,21,3,2,1,910,853,7,2,4,87,0,0,0,0,0
201900009280,19,5,20,2054,1,8,8,4,4646184,535658,9,2,15,3,2,1,906,592,6,1,3,55,0,0,0,0,0
201900009281,19,7,2,1283,1,5,6,7,4900294,232353,4,3,31,1,4,3,722,672,4,7,2,27,0,0,0,0,0
201900009282,19,7,14,1536,5,1,6,4,4825150,288945,7,2,15,3,2,4,758,657,6,1,1,90,0,0,0,0,0
201900009283,19,12,9,1672,1,8,5,6,4843164,187258,8,4,21,1,4,1,224,58,2,1,1,66,0,0,0,0,0
201900009284,19,9,7,2104,3,6,5,7,4456867,455863,5,3,14,3,1,3,354,426,5,1,5,36,0,0,0,0,0
201900009285,19,12,14,335,2,3,9,7,4599650,213572,7,2,28,3,1,2,854,44,4,7,1,40,0,0,0,0,0
201900009286,19,1,9,904,2,1,3,1,4605330,-78271,8,1,27,3,1,2,711,267,7,3,4,76,0,0,0,0,0
201900009287,19,1,4,57,4,7,7,7,4948093,363119,2,2,47,1,3,4,459,869,7,5,2,18,0,0,0,0,0
201900009288,19,6,17,1264,1,1,9,1,4959673,14544,4,2,47,3,1,1,529,546,5,1,4,26,0,0,0,0,0
201900009289,19,2,4,841,4,2,5,6,4409802,-61300,3,4,31,2,2,3,591,292,2,2,3,99,0,0,0,0,0
201900009290,19,2,22,788,3,2,2,7,4598677,620538,4,2,44,1,1,2,573,134,7,6,1,71,0,0,0,0,0