Num_Acc,an,mois,jour,hrmn,lum,int,atm,col,lat,long,catr,circ,nbv,vosp,prof,plan,lartpc,larrout,surf,infra,situ,env1,unscathed,killed,hospital,light,chance
201900009291,19,7,12,1133,3,9,6,6,4743139,-1666,3,2,33,3,4,2,735,799,3,7,4,76,0,0,0,0,0
201900009292,19,1,23,1020,1,6,4,4,4657777,10716,5,3,41,3,3,1,211,239,6,6,4,20,0,0,0,0,0
201900009293,19,4,10,165,4,3,6,7,4740690,590868,3,3,24,2,1,1,234,125,2,2,1,9,0,0,0,0,0
201900009294,19,9,26,2034,3,3,8,1,4919747,694134,7,4,0,3,1,3,406,134,3,2,3,90,0,0,0,0,0
201900009295,19,12,27,1760,3,3,7,1,4500548,303765,9,3,25,3,2,4,253,268,2,6,2,74,0,0,0,0,0
201900009296,19,3,14,711,2,6,8,5,4465856,486293,8,1,2,2,4,4,578,331,8,1,1,76,0,0,0,0,0
201900009297,19,12,20,1644,2,9,2,3,4980645,557898,8,3,29,2,2,2,360,985,1,1,3,77,0,0,0,0,0
201900009298,19,2,21,2236,3,2,5,6,4865139,288042,8,2,46,1,3,2,104,970,8,2,4,32,0,0,0,0,0
201900009299,19,3,24,272,4,4,2,2,4886901,-42116,5,3,36,1,1,2,891,571,8,3,3,10,0,0,0,0,0
201900009300,19,4,19,2283,2,8,7,3,4733438,580035,5,4,26,1,2,4,270,511,6,7,1,27,0,0,0,0,0
201900009301,19,5,15,2109,5,7,7,5,4404878,-49375,5,2,29,2,4,2,848,319,5,3,2,46,0,0,0,0,0
201900009302,19,6,20,242,1,7,3,4,4531768,-42379,4,1,30,2,3,2,160,685,5,1,4,62,0,0,0,0,0
201900009303,19,12,12,1503,1,3,3,5,4979837,-171271,1,4,51,3,2,3,344,40,8,7,4,90,0,0,0,0,0
201900009304,19,5,1,8,2,1,4,5,4820682,691741,9,4,43,1,3,1,64,669,7,4,4,87,0,0,0,0,0
201900009305,19,9,9,1782,1,3,7,2,4514681,295654,3,4,26,1,4,2,372,880,9,6,1,61,0,0,0,0,0
201900009306,19,4,19,617,2,9,2,5,4442098,403695,6,1,6,3,4,3,349,443,8,7,1,32,0,0,0,0,0
201900009307,19,8,28,791,3,3,7,7,4612555,565727,3,4,0,1,3,3,14,594,2,3,1,7,0,0,0,0,0
201900009308,19,8,8,859,3,3,9,1,4628325,-148448,1,3,30,3,3,3,147,87,2,5,1,29,0,0,0,0,0
201900009309,19,6,19,493,5,3,5,2,4510863,485568,9,4,17,3,1,4,838,300,6,2,2,48,0,0,0,0,0
201900009310,19,11,4,1381,1,2,2,4,4561283,492207,9,1,23,2,1,1,186,562,9,3,1,10,0,0,0,0,0
201900009311,19,2,19,1344,1,4,1,1,4706029,485659,5,4,46,1,1,1,163,171,4,4,3,32,0,0,0,0,0
201900009312,19,6,15,1488,5,4,4,2,4728356,-21978,4,4,24,2,2,4,440,191,3,6,5,91,0,0,0,0,0
201900009313,19,1,27,1709,4,8,2,4,4645793,683999,4,4,48,2,2,3,189,448,3,2,3,78,0,0,0,0,0
201900009314,19,2,1,14,3,2,4,6,4534832,2476,5,2,8,3,4,4,646,676,7,2,3,21,0,0,0,0,0
201900009315,19,4,16,292,1,3,5,6,4936118,463291,1,4,37,3,3,4,54,288,2,4,5,40,0,0,0,0,0
201900009316,19,4,8,862,2,6,1,3,4977840,619803,9,2,48,3,4,2,498,399,7,2,3,55,0,0,0,0,0
201900009317,19,4,20,1892,2,1,3,7,4641493,274866,1,2,19,3,3,2,321,761,1,1,1,50,0,0,0,0,0
201900009318,19,5,22,808,1,1,3,2,4468877,614042,5,1,18,1,2,4,601,558,9,2,4,7,0,0,0,0,0
201900009319,19,2,26,2071,4,6,3,3,4727046,-38886,5,4,12,3,2,3,25,178,9,1,5,67,0,0,0,0,0
201900009320,19,6,24,649,4,4,4,6,4552025,64595,9,3,32,2,3,3,672,539,1,5,4,62,0,0,0,0,0
201900009321,19,6,7,153,4,9,2,7,4414917,380967,2,3,22,1,2,3,5,89,3,1,4,33,0,0,0,0,0
201900009322,19,3,2,1334,4,5,4,1,4708905,1161,9,4,43,3,1,4,683,265,8,1,5,59,0,0,0,0,0
201900009323,19,4,28,203,2,9,7,5,4484425,-86283,7,4,33,2,1,2,744,48,6,2,4,46,0,0,0,0,0
201900009324,19,12,9,803,2,2,8,4,4962776,654804,7,4,12,1,2,1,50,840,5,3,2,97,0,0,0,0,0
201900009325,19,2,3,127,3,9,8,2,4790756,153201,2,4,9,1,1,1,513,725,5,4,4,33,0,0,0,0,0
201900009326,19,7,20,2351,1,1,3,5,4718860,188476,6,1,51,1,3,4,114,323,2,3,4,33,0,0,0,0,0
201900009327,19,1,24,2111,4,4,5,2,4421252,305945,1,1,42,1,2,4,703,863,9,5,3,94,0,0,0,0,0
201900009328,19,4,20,36,3,9,1,2,4412319,379242,4,4,23,1,4,2,777,95,5,6,1,91,0,0,0,0,0
201900009329,19,8,20,373,3,6,9,7,4709067,602986,4,4,6,2,2,1,214,199,2,7,2,85,0,0,0,0,0
201900009330,19,2,10,1097,3,3,9,2,4413032,-42537,1,1,26,1,1,1,416,632,5,5,1,14,0,0,0,0,0
201900009331,19,12,1,766,4,8,8,5,4793590,343608,5,1,23,2,2,3,281,772,2,1,2,96,0,0,0,0,0
201900009332,19,2,16,1280,5,2,3,7,4945945,-216105,7,3,32,3,4,4,522,877,2,2,4,1,0,0,0,0,0
201900009333,19,10,11,1088,2,4,3,4,4971976,466364,2,2,4,1,4,2,746,210,2,7,3,93,0,0,0,0,0
201900009334,19,9,6,558,3,3,5,3,4853747,151663,2,3,7,2,3,4,594,449,8,6,5,57,0,0,0,0,0
201900009335,19,9,4,1212,2,3,4,3,4420890,393932,5,4,44,2,3,1,506,772,8,6,5,67,0,0,0,0,0
201900009336,19,12,2,1641,3,3,7,4,4620382,472505,7,2,8,3,3,1,408,518,7,7,5,3,0,0,0,0,0
201900009337,19,9,10,1557,3,3,2,2,4894176,536779,7,4,21,1,2,2,833,78,1,5,5,64,0,0,0,0,0
201900009338,19,12,28,2309,5,1,5,1,4506789,121700,9,4,11,2,1,3,247,830,1,2,4,23,0,0,0,0,0
201900009339,19,4,5,980,4,6,3,4,4673895,-244566,6,1,2,1,2,1,658,538,6,5,3,93,0,0,0,0,0
201900009340,19,12,8,826,1,3,6,7,4781159,8079,7,3,10,2,1,2,89,835,7,1,1,58,0,0,0,0,0
201900009341,19,2,1,93,3,4,7,3,4819271,541617,1,4,4,2,1,3,809,8,6,1,4,2,0,0,0,0,0
201900009342,19,5,15,2035,5,8,8,4,4773885,147088,3,1,21,1,4,3,636,750,7,2,4,43,0,0,0,0,0
201900009343,19,5,1,1803,3,4,1,1,4867983,-227801,8,3,13,2,4,1,352,190,6,5,2,67,0,0,0,0,0
201900009344,19,8,2,923,5,7,2,3,4782824,-7805,9,4,27,2,2,2,907,93,8,2,4,13,0,0,0,0,0
201900009345,19,9,24,1300,2,2,1,5,4912270,-230899,2,3,16,2,3,2,195,784,5,2,3,96,0,0,0,0,0
201900009346,19,1,27,1062,3,9,2,3,4585879,617445,3,2,12,2,2,2,813,467,8,2,4,32,0,0,0,0,0
201900009347,19,6,27,1124,3,5,3,6,4819243,8250,4,2,10,3,1,3,610,578,2,2,5,11,0,0,0,0,0
201900009348,19,2,10,1066,1,5,6,1,4567634,288188,5,1,2,1,3,4,76,300,4,1,4,40,0,0,0,0,0
201900009349,19,11,27,2287,4,1,4,5,4991404,73044,9,2,51,1,1,4,22,733,2,3,3,50,0,0,0,0,0
201900009350,19,7,1,28,5,2,1,2,4791848,-152851,2,1,45,3,1,4,373,250,3,1,4,78,0,0,0,0,0
201900009351,19,8,9,1427,1,1,3,2,4674912,290550,9,2,5,2,3,2,105,551,1,7,3,69,0,0,0,0,0
201900009352,19,9,5,778,1,2,8,4,4634649,-10882,3,1,45,1,1,3,841,239,4,6,2,27,0,0,0,0,0
201900009353,19,11,28,538,2,2,3,3,4682546,246575,4,4,19,1,3,4,791,771,7,3,3,55,0,0,0,0,0
201900009354,19,11,16,1534,5,5,5,6,4674986,-205075,6,4,13,1,1,2,166,128,5,1,4,48,0,0,0,0,0
201900009355,19,10,28,2029,1,7,5,7,4427211,216036,8,4,30,3,4,3,51,323,9,6,1,46,0,0,0,0,0
201900009356,19,12,26,1348,4,5,2,4,4639512,-193130,1,2,27,3,3,2,467,926,2,6,3,27,0,0,0,0,0
201900009357,19,6,7,1215,1,6,1,5,4406222,71168,1,1,13,3,3,3,187,563,7,2,2,66,0,0,0,0,0
201900009358,19,6,15,64,4,1,1,4,4982799,78280,7,3,42,2,2,4,76,995,3,3,5,92,0,0,0,0,0
201900009359,19,8,9,187,2,4,3,7,4750052,201197,2,3,8,2,1,4,336,594,2,1,1,26,0,0,0,0,0
201900009360,19,6,27,84,4,1,3,7,4955611,652560,9,3,48,2,3,2,862,437,5,4,1,12,0,0,0,0,0
201900009361,19,4,25,1342,3,1,6,4,4705473,378242,9,2,38,2,4,2,200,278,8,7,1,46,0,0,0,0,0
201900009362,19,10,16,1283,2,9,1,3,4577187,125311,7,2,11,1,2,3,800,243,5,3,4,83,0,0,0,0,0
201900009363,19,2,6,1956,2,2,3,7,4649392,21352,3,1,17,1,4,4,306,292,8,6,1,70,0,0,0,0,0
201900009364,19,10,10,1681,5,8,7,1,4834134,576190,8,3,36,1,1,1,536,360,3,2,2,13,0,0,0,0,0
201900009365,19,6,8,681,5,2,2,2,4916083,-336160,6,2,10,3,4,1,51,676,3,6,3,20,0,0,0,0,0
201900009366,19,10,22,2021,1,6,8,7,4679228,503366,8,4,45,3,4,2,85,52,8,4,3,82,0,0,0,0,0
201900009367,19,1,6,1229,4,3,6,7,4603669,-52078,3,4,12,1,3,3,141,366,8,6,2,10,0,0,0,0,0
201900009368,19,9,1,240,1,8,6,3,4592498,-152817,7,3,10,3,4,3,509,976,3,1,1,97,0,0,0,0,0
201900009369,19,4,10,1119,3,7,2,6,4743190,669141,4,2,43,1,1,4,529,514,9,2,1,4,0,0,0,0,0
201900009370,19,1,8,406,5,4,6,5,4731357,-271899,4,4,21,2,3,1,285,406,8,1,2,57,0,0,0,0,0
201900009371,19,1,11,2079,3,3,8,6,4448981,248979,3,2,28,2,4,3,235,859,1,7,3,43,0,0,0,0,0
201900009372,19,7,24,1436,1,7,6,2,4611110,373718,1,3,36,3,1,2,469,20,2,7,4,2,0,0,0,0,0
201900009373,19,7,23,1289,5,7,1,1,4964991,-368688,9,3,12,3,4,3,581,830,1,3,1,11,0,0,0,0,0
201900009374,19,4,21,1055,2,7,1,2,4439070,660544,3,1,17,2,4,2,682,609,9,5,2,0,0,0,0,0,0
201900009375,19,12,7,1809,1,2,4,6,4942940,-304837,8,4,25,2,3,3,676,777,9,7,4,80,0,0,0,0,0
201900009376,19,10,15,1784,4,2,2,6,4708471,-55288,7,4,25,2,3,2,520,253,6,7,3,98,0,0,0,0,0
201900009377,19,12,20,329,1,5,8,2,4636128,-349329,5,1,38,1,1,2,389,451,4,7,4,29,0,0,0,0,0
201900009378,19,11,24,989,4,7,6,4,4420363,540916,8,2,39,3,4,1,281,97,1,5,2,45,0,0,0,0,0
201900009379,19,10,18,1195,5,5,7,4,4819380,416335,4,3,21,2,2,3,389,303,6,2,3,16,0,0,0,0,0
201900009380,19,5,7,595,5,4,2,2,4466345,-89999,4,4,48,2,4,4,825,252,9,4,4,41,0,0,0,0,0
201900009381,19,4,3,2146,3,4,7,1,4814737,-59226,3,3,35,3,4,3,512,663,7,6,4,84,0,0,0,0,0
201900009382,19,9,11,1636,5,2,3,1,4601453,-115813,5,1,18,1,2,3,341,904,1,6,1,26,0,0,0,0,0
201900009383,19,5,12,61,2,1,6,5,4928696,-158007,6,1,52,3,4,1,483,205,1,7,4,67,0,0,0,0,0
201900009384,19,10,5,1572,4,1,6,1,4495811,-253672,5,3,11,3,1,1,125,235,1,1,1,33,0,0,0,0,0
201900009385,19,3,3,1642,2,7,7,6,4970905,676448,7,3,48,1,2,4,563,747,8,5,5,65,0,0,0,0,0
201900009386,19,6,21,2067,4,6,9,5,4711115,313194,4,2,9,2,2,3,269,457,2,7,2,56,0,0,0,0,0
201900009387,19,1,23,2047,1,2,5,2,4632244,-89091,2,2,34,3,4,4,398,76,5,3,1,50,0,0,0,0,0
201900009388,19,6,9,64,1,3,4,7,4497814,-54625,7,2,14,2,4,1,246,911,1,5,3,2,0,0,0,0,0
201900009389,19,6,10,1201,2,1,9,3,4689672,-201983,2,3,46,2,4,4,442,835,4,1,1,88,0,0,0,0,0
201900009390,19,2,3,816,2,4,6,2,4425101,-272267,1,1,31,1,1,1,469,340,2,3,1,95,0,0,0,0,0
201900009391,19,4,28,437,4,6,5,5,4744386,-317180,3,4,2,1,1,4,523,276,9,4,5,6,0,0,0,0,0
201900009392,19,4,7,292,5,8,3,7,4955259,-310726,8,3,15,3,2,2,383,298,7,5,5,75,0,0,0,0,0
201900009393,19,5,18,1105,3,7,6,2,4935630,660536,7,3,44,3,3,4,177,326,4,6,1,85,0,0,0,0,0
201900009394,19,4,4,427,3,7,4,3,4489867,301469,2,2,47,2,2,4,616,518,1,5,2,15,0,0,0,0,0
201900009395,19,1,8,2177,1,4,2,6,4827022,271882,1,1,9,2,2,1,307,893,5,7,3,37,0,0,0,0,0
201900009396,19,1,24,1536,3,3,7,2,4826200,652606,1,1,30,1,1,4,894,440,3,2,4,87,0,0,0,0,0
201900009397,19,5,23,1255,1,4,2,3,4478013,-220043,2,1,14,1,1,4,238,468,5,6,3,94,0,0,0,0,0
201900009398,19,12,12,916,2,4,2,2,4796263,295762,8,2,36,1,2,2,913,39,2,1,2,1,0,0,0,0,0
201900009399,19,11,17,1557,5,9,4,2,4903953,652509,5,1,20,3,1,4,19,966,3,7,4,67,0,0,0,0,0
201900009400,19,1,8,1872,1,3,3,3,4962166,376056,6,2,48,3,1,1,563,923,2,6,4,71,0,0,0,0,0
201900009401,19,7,23,408,2,9,6,1,4944429,-44813,1,4,9,1,4,3,692,754,1,6,4,39,0,0,0,0,0
201900009402,19,5,25,2257,1,4,6,4,4809850,-328552,3,3,52,3,3,2,89,393,7,4,3,79,0,0,0,0,0
201900009403,19,5,20,1429,5,3,1,5,4501193,-103397,9,4,9,1,1,2,97,792,4,1,2,41,0,0,0,0,0
201900009404,19,12,13,2094,1,5,3,3,4880838,168109,3,1,51,2,1,3,455,550,5,3,1,60,0,0,0,0,0
201900009405,19,9,7,1165,3,9,1,7,4837401,544515,7,3,24,2,4,3,610,183,1,2,3,55,0,0,0,0,0
201900009406,19,7,15,1231,2,3,7,4,4512971,563694,7,4,33,2,2,2,643,648,9,2,5,52,0,0,0,0,0
201900009407,19,4,16,664,3,2,7,6,4786992,-104985,8,4,8,1,2,1,83,354,2,1,2,15,0,0,0,0,0
201900009408,19,12,10,1613,2,9,6,6,4519715,421991,2,4,53,2,1,2,708,914,1,5,1,1,0,0,0,0,0
201900009409,19,8,6,1264,1,9,1,4,4682814,305690,9,2,21,1,3,3,199,390,7,6,5,63,0,0,0,0,0
201900009410,19,2,25,1016,3,7,4,2,4653993,341152,9,1,13,1,2,4,536,176,8,1,2,73,0,0,0,0,0
201900009411,19,12,25,1473,4,4,6,2,4650181,260745,4,4,35,2,4,1,538,937,1,3,3,42,0,0,0,0,0
201900009412,19,2,9,331,1,4,7,2,4806602,-113213,9,2,44,2,1,1,869,294,1,4,4,98,0,0,0,0,0
201900009413,19,1,26,1034,5,9,9,3,4531497,-257121,3,4,35,2,2,3,147,271,7,7,3,77,0,0,0,0,0
201900009414,19,5,7,1039,5,2,8,3,4752858,-93478,6,3,47,1,2,3,283,805,9,4,1,8,0,0,0,0,0
201900009415,19,12,9,237,2,4,5,4,4799679,-180393,4,3,48,3,1,2,193,407,9,7,2,52,0,0,0,0,0
201900009416,19,10,23,2343,3,1,7,1,4806315,-347037,5,4,18,1,2,3,907,930,6,7,2,25,0,0,0,0,0
201900009417,19,4,4,2208,3,3,7,2,4974396,205861,9,1,46,2,4,3,582,169,5,1,5,48,0,0,0,0,0
201900009418,19,2,22,566,1,6,9,4,4973537,167780,2,1,39,1,4,1,530,225,6,2,2,66,0,0,0,0,0
201900009419,19,12,4,343,5,3,7,6,4423235,496802,2,1,10,3,4,2,899,420,2,7,3,47,0,0,0,0,0
201900009420,19,4,11,1441,5,7,1,2,4977357,95844,9,1,21,2,4,1,235,589,6,5,2,25,0,0,0,0,0
201900009421,19,8,11,403,1,3,7,6,4793805,328649,9,4,43,2,1,4,524,283,5,7,1,40,0,0,0,0,0
201900009422,19,1,5,1824,5,1,2,2,4891565,81163,5,2,39,1,4,3,518,698,3,5,1,53,0,0,0,0,0
201900009423,19,8,17,509,2,1,6,3,4401774,399800,1,3,37,3,1,4,370,535,2,6,3,17,0,0,0,0,0
201900009424,19,12,22,950,4,5,8,7,4580665,442530,6,4,29,2,2,4,496,877,7,4,2,10,0,0,0,0,0
201900009425,19,11,12,659,1,8,1,7,4775083,547342,8,1,44,3,4,3,5,369,3,1,2,80,0,0,0,0,0
201900009426,19,10,28,1635,4,9,7,7,4790657,-90523,8,4,29,2,4,2,776,952,3,3,3,58,0,0,0,0,0
201900009427,19,3,15,1466,1,5,5,4,4610147,-32324,2,1,7,2,2,2,156,370,7,4,4,82,0,0,0,0,0
201900009428,19,8,28,2153,5,2,7,6,4570815,514466,6,2,7,2,4,2,788,585,8,7,5,34,0,0,0,0,0
201900009429,19,5,27,1321,2,6,5,4,4806484,276217,5,4,20,1,1,1,312,282,3,7,4,97,0,0,0,0,0
201900009430,19,3,1,1009,2,6,1,6,4828615,-191815,7,2,36,1,4,4,438,974,7,5,1,21,0,0,0,0,0
201900009431,19,7,12,699,4,8,8,6,4712435,-312924,9,2,31,3,4,3,552,268,7,7,1,41,0,0,0,0,0
201900009432,19,6,6,957,3,4,8,1,4759081,390276,2,3,2,2,4,2,633,281,1,2,3,15,0,0,0,0,0
201900009433,19,6,2,178,4,1,9,3,4495295,48425,6,4,20,1,3,2,604,330,3,5,5,96,0,0,0,0,0
201900009434,19,1,3,770,4,3,4,5,4477491,199758,3,1,25,1,2,3,692,136,9,5,4,85,0,0,0,0,0
201900009435,19,6,21,1391,3,7,4,3,4893740,199681,2,3,13,1,4,3,288,533,5,1,5,85,0,0,0,0,0
201900009436,19,8,26,60,1,8,9,1,4943896,-327082,5,4,28,2,1,1,238,119,9,3,1,1,0,0,0,0,0
201900009437,19,2,20,1434,4,4,6,2,4510059,632624,5,2,11,2,1,4,727,865,4,7,1,74,0,0,0,0,0
201900009438,19,10,20,2133,2,1,4,2,4544066,305588,9,2,21,3,2,1,181,650,1,3,5,42,0,0,0,0,0
201900009439,19,4,7,1947,4,2,2,4,4936985,-13774,1,4,9,3,1,3,711,190,4,2,4,38,0,0,0,0,0
201900009440,19,8,7,1133,4,7,8,3,4628281,305748,6,2,26,2,4,2,124,936,1,3,1,62,0,0,0,0,0
201900009441,19,10,16,249,5,9,3,5,4438286,-342893,9,1,5,3,1,3,201,611,4,7,3,40,0,0,0,0,0
201900009442,19,8,9,89,1,8,4,3,4808284,349164,5,1,53,2,2,3,859,944,9,5,2,11,0,0,0,0,0
201900009443,19,9,24,333,1,3,3,3,4959544,489823,4,1,35,3,2,4,27,114,8,1,1,55,0,0,0,0,0
201900009444,19,10,20,555,3,4,8,6,4792528,-235502,2,1,9,3,2,3,816,854,9,5,3,94,0,0,0,0,0
201900009445,19,5,18,1756,5,7,3,6,4796123,-292950,7,2,46,2,4,4,455,734,6,6,3,13,0,0,0,0,0
201900009446,19,10,27,1605,4,2,1,2,4899827,208464,1,1,51,3,1,3,682,780,1,1,4,61,0,0,0,0,0
201900009447,19,6,28,335,3,2,3,2,4814595,-113848,7,4,45,2,4,2,825,795,8,3,3,57,0,0,0,0,0
201900009448,19,7,2,1543,3,6,3,7,4577876,699643,5,4,14,3,1,3,560,943,6,4,4,29,0,0,0,0,0
201900009449,19,6,20,162,3,7,7,3,4465478,208842,7,2,38,3,1,2,632,25,8,1,2,9,0,0,0,0,0
201900009450,19,6,25,1430,3,4,7,4,4445933,-209357,5,4,47,3,2,1,758,379,5,1,2,7,0,0,0,0,0
201900009451,19,11,21,462,2,3,3,1,4626245,336222,8,4,45,3,4,4,652,836,4,5,1,55,0,0,0,0,0
201900009452,19,1,24,2239,1,5,1,2,4500162,191471,7,4,47,3,1,1,354,59,7,3,3,45,0,0,0,0,0
201900009453,19,3,3,2278,1,1,1,2,4512803,78375,3,2,40,1,3,3,166,792,6,4,1,56,0,0,0,0,0
201900009454,19,5,22,305,3,4,4,3,4626584,-294599,7,3,5,3,1,3,259,235,6,3,1,98,0,0,0,0,0
201900009455,19,7,23,1484,1,2,3,6,4781805,263931,6,4,16,2,2,3,280,410,6,5,5,75,0,0,0,0,0
201900009456,19,3,1,15,2,5,2,4,4739381,327599,6,4,27,3,4,4,528,784,2,5,4,68,0,0,0,0,0
201900009457,19,12,9,2076,1,4,3,6,4822232,21355,2,4,20,3,2,3,314,436,2,1,3,22,0,0,0,0,0
201900009458,19,9,26,888,3,5,7,5,4690671,-265387,7,2,23,3,2,1,776,166,5,2,5,38,0,0,0,0,0
201900009459,19,6,22,1050,1,3,4,1,4503838,571030,5,4,39,1,2,3,278,797,8,3,4,77,0,0,0,0,0
201900009460,19,3,3,1133,2,4,8,2,4508866,497507,6,2,30,3,2,4,354,915,1,7,1,20,0,0,0,0,0
201900009461,19,10,10,857,5,8,7,2,4806517,-387859,1,3,18,2,4,4,275,572,1,7,5,91,0,0,0,0,0
201900009462,19,2,23,79,5,1,4,2,4770711,218835,6,4,42,2,4,2,742,887,4,1,3,53,0,0,0,0,0
201900009463,19,2,8,508,2,7,8,1,4961560,528468,1,3,42,3,1,1,295,332,4,5,5,1,0,0,0,0,0
201900009464,19,7,21,1669,4,2,5,2,4467066,-222849,2,2,42,3,1,4,319,261,7,2,4,18,0,0,0,0,0
201900009465,19,8,5,991,2,7,5,4,4904689,187701,4,2,30,2,1,1,234,801,2,5,4,95,0,0,0,0,0
201900009466,19,5,14,674,3,7,1,4,4974921,568360,2,1,35,1,2,4,530,799,2,3,4,94,0,0,0,0,0
201900009467,19,1,9,1188,5,2,8,6,4925095,642835,9,3,37,3,3,3,91,232,7,3,5,14,0,0,0,0,0
201900009468,19,5,7,2310,5,9,7,4,4865316,682952,6,2,35,1,4,2,613,624,7,7,5,31,0,0,0,0,0
201900009469,19,7,28,2265,4,8,6,1,4654596,204605,1,3,12,3,2,3,721,448,8,7,1,11,0,0,0,0,0
201900009470,19,4,1,1274,2,1,5,3,4978492,-289617,4,2,7,2,3,2,76,606,5,4,3,84,0,0,0,0,0
201900009471,19,8,2,1391,3,6,3,7,4465695,-383026,7,2,3,3,2,1,55,40,5,3,1,92,0,0,0,0,0
201900009472,19,12,26,1666,1,9,6,3,4912702,83755,8,2,29,2,3,3,494,788,6,7,5,49,0,0,0,0,0
201900009473,19,9,8,60,5,8,7,4,4567625,121091,3,2,3,3,3,3,35,692,8,4,4,33,0,0,0,0,0
201900009474,19,3,11,1868,2,9,2,6,4752486,-163732,1,4,42,2,4,4,102,135,1,4,3,62,0,0,0,0,0
201900009475,19,5,5,499,1,8,8,3,4507201,280279,9,4,42,1,1,2,142,778,8,7,1,44,0,0,0,0,0
201900009476,19,6,3,760,4,4,1,7,4923556,88546,6,4,1,2,2,2,378,782,2,4,4,16,0,0,0,0,0
201900009477,19,9,16,333,5,6,9,4,4658340,287018,3,1,44,1,4,4,512,275,1,4,4,96,0,0,0,0,0
201900009478,19,10,4,2273,5,7,3,2,4755338,181234,9,4,5,3,3,2,421,229,9,7,4,96,0,0,0,0,0
201900009479,19,8,11,1737,2,8,5,3,4504358,655161,9,2,33,3,1,2,716,394,7,6,5,48,0,0,0,0,0
201900009480,19,6,1,506,4,8,2,5,4964344,-113016,8,1,8,3,4,3,703,739,8,5,1,93,0,0,0,0,0
201900009481,19,11,14,981,3,3,2,5,4513846,-56870,5,2,45,1,4,4,365,218,4,3,2,24,0,0,0,0,0
201900009482,19,11,5,1857,2,7,5,7,4719398,532516,9,2,39,3,1,3,820,232,9,1,3,45,0,0,0,0,0
201900009483,19,12,3,1799,2,8,7,2,4710374,450601,5,1,52,1,3,3,798,65,1,2,4,27,0,0,0,0,0
201900009484,19,7,5,1027,5,6,4,3,4574282,104789,5,1,50,3,1,3,364,287,9,4,1,27,0,0,0,0,0
201900009485,19,11,24,2329,1,6,8,3,4465743,657484,6,2,52,2,2,3,505,797,7,1,5,16,0,0,0,0,0
201900009486,19,8,3,113,1,1,3,4,4706219,445728,1,1,32,2,2,2,297,281,9,2,3,90,0,0,0,0,0
201900009487,19,3,1,1879,3,3,4,3,4486492,548329,5,3,35,1,1,4,448,65,7,2,2,39,0,0,0,0,0
201900009488,19,6,25,263,1,8,5,5,4401520,-10828,7,2,16,2,4,1,703,941,8,7,2,74,0,0,0,0,0
201900009489,19,9,14,1159,1,3,5,4,4459660,448963,1,2,14,1,3,1,772,898,9,4,2,82,0,0,0,0,0
201900009490,19,12,9,581,1,1,8,4,4553270,601270,4,2,6,3,3,1,897,185,5,1,4,56,0,0,0,0,0
201900009491,19,7,26,1119,3,3,5,4,4847275,-249165,1,3,46,1,2,3,629,302,8,7,1,90,0,0,0,0,0
201900009492,19,1,22,1902,5,3,5,4,4847628,698862,5,2,20,2,3,3,648,387,6,4,4,40,0,0,0,0,0
201900009493,19,3,16,2342,4,2,1,5,4629023,-240753,3,3,22,1,4,2,697,341,9,6,3,51,0,0,0,0,0
201900009494,19,11,18,25,2,1,2,5,4979941,180791,8,4,9,2,1,2,209,514,7,7,5,51,0,0,0,0,0
201900009495,19,10,2,1128,5,8,5,5,4950039,-18373,8,4,53,1,1,1,614,936,4,2,1,93,0,0,0,0,0
201900009496,19,12,7,1245,2,7,1,7,4853816,-186684,1,4,10,2,4,3,591,133,3,6,5,43,0,0,0,0,0
201900009497,19,3,5,1337,3,3,2,4,4711497,220506,1,1,20,3,2,4,49,468,1,2,1,80,0,0,0,0,0
201900009498,19,2,21,1030,4,9,2,6,4454334,487314,5,3,25,3,3,2,501,468,5,5,3,17,0,0,0,0,0
201900009499,19,10,15,2344,3,2,4,6,4595611,467667,8,2,29,1,3,1,780,900,2,7,3,93,0,0,0,0,0
201900009500,19,2,9,1727,1,6,3,1,4476055,660167,5,3,38,2,4,3,268,287,1,2,3,55,0,0,0,0,0
201900009501,19,2,14,37,2,7,3,5,4728975,-48155,8,4,8,3,2,3,436,6,9,5,2,41,0,0,0,0,0
201900009502,19,5,11,700,5,3,3,4,4406603,69368,2,4,48,2,1,3,261,692,9,3,4,60,0,0,0,0,0
201900009503,19,8,8,2073,2,8,4,4,4923845,482300,1,4,30,3,2,2,701,599,6,7,3,52,0,0,0,0,0
201900009504,19,9,6,1899,3,3,5,1,4425707,-284187,9,2,10,3,3,3,594,554,8,1,5,81,0,0,0,0,0
201900009505,19,7,9,461,4,7,8,7,4886244,173495,2,3,41,3,4,4,617,393,8,3,2,72,0,0,0,0,0