Num_Acc,an,mois,jour,hrmn,lum,int,atm,col,lat,long,catr,circ,nbv,vosp,prof,plan,lartpc,larrout,surf,infra,situ,env1,unscathed,killed,hospital,light,chance
201900009506,19,1,16,666,2,9,8,6,4493351,249549,6,4,12,2,2,3,138,572,9,1,3,25,0,0,0,0,0
201900009507,19,10,22,1982,5,4,4,1,4850338,-93347,2,1,25,3,3,4,199,744,1,4,2,11,0,0,0,0,0
201900009508,19,3,8,2278,4,6,8,7,4885432,415132,5,3,27,1,2,4,728,186,3,4,4,85,0,0,0,0,0
201900009509,19,7,23,1019,2,9,5,3,4465035,41211,3,2,22,3,1,1,80,316,8,4,1,27,0,0,0,0,0
201900009510,19,2,6,1345,4,2,3,6,4708759,-380620,2,4,0,1,3,1,548,119,7,2,3,66,0,0,0,0,0
201900009511,19,4,24,1476,1,7,4,2,4563206,292025,9,4,46,2,2,4,785,129,8,4,5,82,0,0,0,0,0
201900009512,19,7,28,1819,4,5,6,7,4764564,-217376,7,3,6,1,1,4,143,313,6,6,3,54,0,0,0,0,0
201900009513,19,4,26,728,1,3,5,4,4780120,-23009,4,1,48,1,1,3,123,984,5,1,1,54,0,0,0,0,0
201900009514,19,1,20,911,4,9,8,3,4498535,226381,6,3,3,3,1,1,690,808,9,7,4,58,0,0,0,0,0
201900009515,19,4,16,917,4,3,8,6,4969186,662250,4,2,13,3,1,2,624,817,6,5,3,35,0,0,0,0,0
201900009516,19,8,14,798,4,2,4,2,4555223,-115798,4,1,30,2,4,3,578,191,4,5,3,18,0,0,0,0,0
201900009517,19,1,27,1766,2,6,2,1,4976506,148603,4,4,12,3,2,4,49,385,2,6,3,30,0,0,0,0,0
201900009518,19,11,11,552,5,9,2,2,4541148,517472,1,2,34,3,3,2,757,185,5,5,1,55,0,0,0,0,0
201900009519,19,8,1,2285,4,5,5,2,4759145,239159,5,3,16,3,2,3,858,677,4,6,4,33,0,0,0,0,0
201900009520,19,1,28,2066,2,6,4,3,4746253,201818,3,4,48,1,2,2,39,532,6,5,4,44,0,0,0,0,0
201900009521,19,2,13,1412,3,9,2,1,4805470,236118,7,3,7,3,2,2,802,355,6,5,4,21,0,0,0,0,0
201900009522,19,3,15,1962,3,3,7,1,4986354,69248,4,1,18,1,1,2,140,340,8,5,5,59,0,0,0,0,0
201900009523,19,11,26,2135,5,6,9,2,4582157,468958,7,2,12,1,4,2,148,830,9,5,2,19,0,0,0,0,0
201900009524,19,1,15,206,5,7,6,5,4836474,-48948,8,2,21,3,3,2,787,275,4,2,1,25,0,0,0,0,0
201900009525,19,7,19,2071,5,4,1,5,4458486,186388,1,1,51,2,4,2,839,133,4,7,2,41,0,0,0,0,0
201900009526,19,8,25,1356,2,3,3,2,4560280,539501,7,1,47,3,2,1,205,145,5,5,1,42,0,0,0,0,0
201900009527,19,6,18,1452,3,2,3,1,4786080,-73685,6,3,26,1,3,3,514,851,3,6,2,98,0,0,0,0,0
201900009528,19,11,5,1185,2,2,9,1,4648594,179574,2,2,16,2,2,3,788,86,9,3,5,86,0,0,0,0,0
201900009529,19,3,7,306,2,3,9,7,4499564,337090,8,4,16,2,2,2,573,525,8,4,2,0,0,0,0,0,0
201900009530,19,7,18,544,2,9,1,2,4431599,341211,3,2,23,1,1,1,901,418,9,3,2,74,0,0,0,0,0
201900009531,19,3,16,1430,1,3,8,2,4622739,208136,4,1,4,3,3,1,274,617,8,6,5,16,0,0,0,0,0
201900009532,19,3,24,1514,3,7,1,3,4858696,680434,1,3,31,1,1,3,265,211,3,6,4,60,0,0,0,0,0
201900009533,19,8,5,603,2,4,3,7,4781228,189390,8,4,38,2,2,3,108,836,3,7,3,73,0,0,0,0,0
201900009534,19,12,13,1080,2,8,6,1,4877770,413579,7,4,35,3,3,3,284,545,2,5,5,77,0,0,0,0,0
201900009535,19,3,27,768,3,3,7,2,4492740,12145,4,4,4,3,3,3,28,412,3,1,5,82,0,0,0,0,0
201900009536,19,9,10,832,3,9,2,2,4420052,487848,2,3,44,2,1,3,22,200,8,6,4,19,0,0,0,0,0
201900009537,19,7,7,636,1,6,9,2,4473552,406922,2,4,46,2,3,4,22,321,1,7,4,6,0,0,0,0,0
201900009538,19,4,6,1349,4,7,5,1,4487417,308239,6,4,40,3,4,1,548,29,4,4,3,42,0,0,0,0,0
201900009539,19,4,20,225,3,4,9,2,4757504,347484,1,1,22,1,1,3,812,462,2,4,1,23,0,0,0,0,0
201900009540,19,8,3,1295,4,8,9,5,4432720,29817,6,4,37,2,3,4,590,723,6,4,3,2,0,0,0,0,0
201900009541,19,9,1,1882,3,2,8,1,4485169,464966,5,1,46,2,1,2,753,51,7,5,5,69,0,0,0,0,0
201900009542,19,9,24,489,3,9,6,5,4620020,584855,1,2,3,2,1,3,188,755,8,4,5,28,0,0,0,0,0
201900009543,19,4,17,1940,3,5,2,5,4631616,482805,1,4,9,2,3,2,873,75,5,5,3,53,0,0,0,0,0
201900009544,19,10,20,62,4,2,5,2,4847619,141633,3,4,11,3,2,3,482,145,8,5,4,87,0,0,0,0,0
201900009545,19,1,7,1454,2,1,1,4,4436975,69210,4,3,8,3,2,3,799,924,3,4,2,59,0,0,0,0,0
201900009546,19,7,19,1572,5,4,3,1,4980585,-225033,4,4,10,1,2,1,385,827,7,1,2,64,0,0,0,0,0
201900009547,19,3,21,823,3,4,8,4,4985468,144541,9,3,28,1,3,2,886,176,7,4,2,85,0,0,0,0,0
201900009548,19,11,7,2243,4,4,5,2,4419946,560680,8,4,24,1,2,1,669,358,9,4,3,38,0,0,0,0,0
201900009549,19,1,26,1360,5,6,9,1,4532758,670166,4,3,0,3,1,3,740,697,7,2,2,97,0,0,0,0,0
201900009550,19,4,26,2111,5,5,7,2,4921357,429859,8,3,11,3,4,4,108,774,8,5,1,17,0,0,0,0,0
201900009551,19,2,13,1239,5,6,6,7,4685113,105989,9,3,31,3,2,3,603,824,5,7,1,31,0,0,0,0,0
201900009552,19,9,27,488,1,6,5,4,4809789,534905,2,1,13,2,4,2,315,697,6,6,5,41,0,0,0,0,0
201900009553,19,7,28,1655,4,1,5,3,4536625,438940,1,2,37,1,3,3,529,755,1,4,5,18,0,0,0,0,0
201900009554,19,4,4,1694,5,8,6,2,4978426,-180915,1,4,14,2,1,4,265,591,5,1,4,25,0,0,0,0,0
201900009555,19,1,3,987,1,1,5,1,4466349,-399841,3,1,6,1,4,1,207,451,7,3,2,62,0,0,0,0,0
201900009556,19,5,13,974,4,6,5,7,4674999,-243426,9,3,29,2,2,1,130,965,8,3,1,93,0,0,0,0,0
201900009557,19,4,8,2058,3,7,5,1,4747204,60697,7,4,45,2,2,4,136,678,1,4,1,69,0,0,0,0,0
201900009558,19,3,28,1578,3,5,2,3,4675262,91228,3,1,0,2,1,1,545,74,1,2,4,85,0,0,0,0,0
201900009559,19,1,15,460,3,1,3,7,4980045,-151319,4,1,24,3,4,3,74,580,7,2,3,45,0,0,0,0,0
201900009560,19,12,23,765,1,6,2,3,4415813,-21407,6,2,17,3,3,4,5,742,9,4,4,21,0,0,0,0,0
201900009561,19,9,25,1853,1,6,6,5,4878610,699959,5,4,27,3,2,2,128,15,8,5,2,66,0,0,0,0,0
201900009562,19,5,4,1933,4,6,6,2,4992172,343827,1,3,41,1,2,4,804,844,5,3,3,14,0,0,0,0,0
201900009563,19,8,17,1140,5,6,4,3,4886325,-2993,3,2,28,1,3,2,341,236,2,3,4,51,0,0,0,0,0
201900009564,19,12,2,707,5,6,5,2,4710512,-48724,6,3,14,1,3,2,615,107,4,7,4,5,0,0,0,0,0
201900009565,19,3,14,1706,3,6,3,7,4939955,-163023,3,1,52,1,2,2,128,831,7,5,1,93,0,0,0,0,0
201900009566,19,6,28,308,1,9,5,2,4760129,188472,5,2,15,3,4,1,634,889,2,2,1,42,0,0,0,0,0
201900009567,19,6,13,284,5,2,2,5,4487840,629714,9,1,49,1,3,4,502,736,3,4,1,81,0,0,0,0,0
201900009568,19,11,11,780,2,2,3,5,4845506,593815,7,3,30,3,3,1,626,388,4,3,1,39,0,0,0,0,0
201900009569,19,10,14,1181,1,9,4,3,4921167,48,4,3,46,2,1,4,90,704,8,3,3,51,0,0,0,0,0
201900009570,19,12,11,580,5,5,7,5,4906407,-123257,1,1,2,1,1,4,52,503,9,1,5,20,0,0,0,0,0
201900009571,19,2,6,1936,3,8,8,1,4973986,416409,7,4,8,1,1,4,889,33,2,7,3,77,0,0,0,0,0
201900009572,19,12,25,2264,4,3,9,3,4801342,626653,1,3,26,3,2,3,310,47,9,5,1,13,0,0,0,0,0
201900009573,19,6,14,1146,3,4,6,2,4659687,-302930,7,1,1,3,2,1,678,186,3,4,3,69,0,0,0,0,0
201900009574,19,5,1,2238,4,8,8,4,4850971,-301263,2,1,53,2,4,4,221,324,5,6,5,97,0,0,0,0,0
201900009575,19,2,16,170,1,8,4,4,4984991,617387,2,2,34,2,4,2,605,88,9,3,5,60,0,0,0,0,0
201900009576,19,3,14,1867,4,7,7,1,4612755,168953,4,4,7,3,4,2,594,849,2,7,3,59,0,0,0,0,0
201900009577,19,8,18,263,5,5,3,1,4589173,-384969,5,1,17,2,4,2,502,513,5,5,1,74,0,0,0,0,0
201900009578,19,1,11,1107,1,7,3,7,4599422,13739,5,3,36,3,2,2,829,556,4,4,4,48,0,0,0,0,0
201900009579,19,4,5,1258,4,3,4,6,4418501,179341,6,2,6,2,4,1,737,724,7,1,5,48,0,0,0,0,0
201900009580,19,5,15,1409,4,8,5,3,4953104,90896,7,4,0,2,2,3,884,252,1,1,1,88,0,0,0,0,0
201900009581,19,6,20,222,4,3,1,3,4466490,-313236,3,2,3,1,4,2,420,637,6,2,1,5,0,0,0,0,0
201900009582,19,5,7,1658,3,9,5,7,4818747,534566,9,1,29,1,4,1,2,180,1,5,1,4,0,0,0,0,0
201900009583,19,8,11,1008,2,6,1,5,4926817,575961,1,2,22,3,4,3,719,509,2,6,3,72,0,0,0,0,0
201900009584,19,1,13,506,1,6,7,4,4570887,204191,9,1,8,2,3,4,254,870,7,7,1,42,0,0,0,0,0
201900009585,19,9,17,1498,4,7,4,5,4743789,29520,3,2,48,3,2,2,817,405,6,4,3,2,0,0,0,0,0
201900009586,19,11,1,33,1,7,5,5,4922472,87623,2,4,15,2,3,3,592,371,9,2,1,78,0,0,0,0,0
201900009587,19,12,1,610,2,1,8,7,4496457,-37148,7,3,3,1,4,4,345,810,4,7,3,54,0,0,0,0,0
201900009588,19,1,11,1515,5,8,3,7,4606316,362124,2,4,29,2,1,4,513,427,5,2,3,76,0,0,0,0,0
201900009589,19,1,14,2264,2,8,5,4,4906484,463919,5,3,11,3,2,2,849,58,5,7,2,69,0,0,0,0,0
201900009590,19,5,14,314,2,4,2,6,4866796,661436,1,4,36,1,2,2,618,391,2,2,2,65,0,0,0,0,0
201900009591,19,8,15,866,1,3,6,4,4674407,-190742,4,2,2,1,1,3,168,497,4,4,2,3,0,0,0,0,0
201900009592,19,3,4,1803,4,6,9,6,4999247,583922,6,3,47,3,1,2,256,101,4,6,5,42,0,0,0,0,0
201900009593,19,6,9,519,4,4,9,3,4787647,-287422,8,3,32,1,1,3,795,935,6,3,1,85,0,0,0,0,0
201900009594,19,11,21,1000,2,9,4,6,4483532,-358956,6,2,48,1,2,3,12,687,5,5,5,60,0,0,0,0,0
201900009595,19,4,11,1431,3,7,3,2,4864885,477867,4,1,9,1,1,4,789,427,6,1,2,94,0,0,0,0,0
201900009596,19,1,9,2064,3,9,9,1,4810573,226780,2,1,47,1,4,2,788,684,4,3,1,9,0,0,0,0,0
201900009597,19,9,1,353,5,2,2,5,4877930,-341257,3,1,26,2,2,2,511,237,9,4,2,38,0,0,0,0,0
201900009598,19,10,7,84,3,8,4,7,4806784,642162,3,4,17,3,4,3,862,460,3,1,1,11,0,0,0,0,0
201900009599,19,10,26,175,2,2,4,4,4893254,639688,4,2,42,2,3,4,444,46,8,6,2,76,0,0,0,0,0
201900009600,19,7,8,1343,4,3,7,5,4695876,3042,3,1,47,2,1,3,599,287,8,7,1,94,0,0,0,0,0
201900009601,19,3,18,1118,1,4,7,4,4648752,-88268,9,3,48,2,1,3,87,756,5,5,2,38,0,0,0,0,0
201900009602,19,3,23,1931,5,2,3,2,4551966,-255683,3,4,41,3,4,1,161,847,5,5,1,81,0,0,0,0,0
201900009603,19,2,18,1473,4,3,8,6,4449568,503832,9,3,45,1,3,4,511,145,4,4,4,89,0,0,0,0,0
201900009604,19,8,10,1860,3,8,4,5,4640492,-34619,4,2,1,3,2,2,24,825,5,2,5,3,0,0,0,0,0
201900009605,19,1,5,243,4,1,2,5,4906827,600414,9,2,32,1,2,4,765,631,2,7,3,57,0,0,0,0,0
201900009606,19,4,27,1606,4,8,3,7,4427962,39931,4,2,48,2,2,4,335,305,2,4,4,58,0,0,0,0,0
201900009607,19,7,28,2145,1,9,3,2,4555109,-193653,3,1,20,2,2,3,511,229,1,1,2,17,0,0,0,0,0
201900009608,19,4,8,1952,5,5,5,5,4569343,474879,5,4,11,1,1,3,170,142,8,2,1,86,0,0,0,0,0
201900009609,19,7,21,1040,2,2,2,1,4437603,108557,8,1,33,3,1,4,742,958,7,4,5,95,0,0,0,0,0
201900009610,19,8,24,782,3,4,1,6,4804642,143183,9,2,33,1,1,1,669,753,8,2,2,89,0,0,0,0,0
201900009611,19,1,22,216,1,6,1,5,4981725,392984,1,1,36,1,1,3,587,153,5,3,4,59,0,0,0,0,0
201900009612,19,9,12,885,4,2,4,1,4932393,195427,3,1,43,2,4,2,700,980,1,7,2,34,0,0,0,0,0
201900009613,19,3,2,1603,2,4,3,5,4530084,-221357,5,2,22,1,3,4,886,277,8,7,3,58,0,0,0,0,0
201900009614,19,11,25,1945,3,7,6,4,4774773,-91077,6,2,9,2,1,2,611,229,3,2,3,50,0,0,0,0,0
201900009615,19,4,8,1834,1,5,8,5,4746720,-289271,7,2,38,2,3,3,613,67,5,6,2,61,0,0,0,0,0
201900009616,19,11,7,1003,1,1,3,6,4789246,96230,4,4,2,1,1,2,880,889,7,6,2,40,0,0,0,0,0
201900009617,19,7,23,761,4,3,4,7,4443833,-356704,2,1,22,1,3,1,412,114,8,2,4,39,0,0,0,0,0
201900009618,19,8,18,1726,4,8,8,7,4958331,32358,9,3,38,3,4,2,368,271,5,6,4,2,0,0,0,0,0
201900009619,19,11,26,550,4,1,4,2,4818247,-232227,1,1,34,2,3,1,55,658,1,1,1,72,0,0,0,0,0
201900009620,19,3,11,646,3,6,4,6,4590160,605334,1,2,18,2,1,4,482,2,4,3,1,56,0,0,0,0,0
201900009621,19,4,5,336,1,9,5,6,4661053,407661,5,1,8,2,1,1,826,433,1,7,1,26,0,0,0,0,0
201900009622,19,11,7,1863,2,1,7,6,4491954,-325986,8,3,2,1,1,4,114,769,3,2,4,79,0,0,0,0,0
201900009623,19,11,5,1926,3,2,8,7,4750938,376308,1,1,4,1,3,4,213,483,5,5,4,37,0,0,0,0,0
201900009624,19,8,2,1110,1,2,7,3,4442358,471422,8,4,5,1,3,3,717,354,2,1,5,48,0,0,0,0,0
201900009625,19,7,4,2138,4,6,9,7,4902715,277114,2,3,16,1,3,3,171,95,5,7,4,57,0,0,0,0,0
201900009626,19,11,28,446,1,2,3,7,4422914,4127,9,2,11,1,2,3,657,618,5,4,5,57,0,0,0,0,0
201900009627,19,7,21,486,4,3,2,2,4712208,330938,4,3,8,1,2,1,194,534,6,3,1,93,0,0,0,0,0
201900009628,19,7,6,2036,5,3,2,4,4744179,-326823,5,3,29,2,2,3,171,473,7,2,4,69,0,0,0,0,0
201900009629,19,10,25,93,2,4,3,1,4885091,-232945,9,1,31,3,2,2,51,611,7,6,3,76,0,0,0,0,0
201900009630,19,11,3,404,3,3,8,3,4651343,-80072,3,4,49,2,4,4,900,668,2,3,1,18,0,0,0,0,0
201900009631,19,8,5,90,2,5,8,1,4816696,230925,5,3,14,1,4,1,415,102,1,4,1,53,0,0,0,0,0
201900009632,19,3,19,1299,1,6,9,2,4516128,-232456,3,2,18,1,3,2,326,242,2,1,5,99,0,0,0,0,0
201900009633,19,5,27,1638,2,1,4,1,4814781,389800,8,2,30,1,2,4,437,516,2,3,4,56,0,0,0,0,0
201900009634,19,12,1,2298,3,1,5,6,4858497,342828,1,3,45,2,4,2,871,433,8,7,3,36,0,0,0,0,0
201900009635,19,8,20,103,5,1,2,7,4418793,-124064,3,4,2,2,1,4,293,60,4,1,1,63,0,0,0,0,0
201900009636,19,11,16,1071,1,9,1,2,4711253,94984,4,1,8,1,1,1,382,371,8,1,3,95,0,0,0,0,0
201900009637,19,1,13,82,2,1,2,3,4875844,604893,5,3,35,1,3,2,692,717,1,7,1,45,0,0,0,0,0
201900009638,19,5,5,393,2,4,9,6,4549032,244790,3,1,51,1,3,3,577,755,7,2,4,71,0,0,0,0,0
201900009639,19,12,16,1731,5,2,2,3,4442512,381638,5,4,49,3,1,1,541,603,7,7,1,5,0,0,0,0,0
201900009640,19,5,16,1390,3,7,6,1,4610517,100798,3,1,1,2,4,2,30,633,6,4,3,59,0,0,0,0,0
201900009641,19,1,22,1756,3,7,1,1,4655428,482305,2,4,27,2,3,1,839,426,1,1,1,28,0,0,0,0,0
201900009642,19,4,6,1643,4,9,7,6,4837571,-209458,7,3,46,1,4,4,640,458,3,3,3,97,0,0,0,0,0
201900009643,19,8,28,1074,1,5,8,1,4478314,-65469,8,1,16,1,4,4,506,57,4,3,3,64,0,0,0,0,0
201900009644,19,9,24,230,5,9,5,1,4910287,-218608,1,2,21,3,2,2,121,708,8,1,4,7,0,0,0,0,0
201900009645,19,4,21,128,5,1,5,6,4905466,566438,5,3,33,3,4,2,356,447,2,7,5,49,0,0,0,0,0
201900009646,19,5,5,1728,3,6,2,7,4774955,346157,9,2,36,2,3,2,263,556,6,5,1,30,0,0,0,0,0
201900009647,19,10,21,818,4,8,3,7,4857044,598701,2,3,32,2,2,1,48,325,9,6,3,85,0,0,0,0,0
201900009648,19,12,20,1384,5,8,6,4,4532585,525415,9,1,25,3,1,3,169,18,1,6,2,94,0,0,0,0,0
201900009649,19,9,9,1061,3,5,6,4,4786620,138083,2,1,33,1,2,2,225,173,4,3,5,64,0,0,0,0,0
201900009650,19,4,8,1015,2,9,4,3,4429049,603805,9,3,10,1,4,3,239,702,8,7,4,11,0,0,0,0,0
201900009651,19,7,22,1859,3,8,7,3,4542796,248136,4,1,20,3,2,4,782,767,3,7,1,68,0,0,0,0,0
201900009652,19,12,2,2349,4,1,5,1,4571469,94232,4,2,25,3,2,2,4,364,2,2,1,62,0,0,0,0,0
201900009653,19,10,10,671,3,5,6,4,4692406,-64452,1,2,29,1,4,2,445,178,1,5,1,72,0,0,0,0,0
201900009654,19,9,9,284,5,8,8,4,4502755,-107096,2,1,23,2,1,4,66,700,3,6,3,31,0,0,0,0,0
201900009655,19,3,12,1515,4,2,2,5,4771917,283760,4,4,16,1,4,2,811,84,3,4,1,79,0,0,0,0,0
201900009656,19,4,11,1892,4,9,5,2,4451290,-355925,9,2,6,2,1,2,536,960,3,3,5,77,0,0,0,0,0
201900009657,19,9,14,1254,5,4,6,5,4990584,-264210,3,3,25,3,3,4,165,379,5,7,1,77,0,0,0,0,0
201900009658,19,5,13,1199,5,7,2,3,4712894,352226,6,2,27,1,4,2,824,155,8,7,1,35,0,0,0,0,0
201900009659,19,6,25,338,1,3,3,7,4908052,517445,9,3,33,1,1,1,680,726,7,4,5,39,0,0,0,0,0
201900009660,19,2,18,1101,1,4,7,5,4492965,257849,5,4,20,1,1,1,677,845,5,6,3,13,0,0,0,0,0
201900009661,19,11,20,1692,4,6,7,6,4595699,236787,8,1,13,1,2,2,722,294,3,1,5,17,0,0,0,0,0
201900009662,19,3,2,350,4,4,1,1,4772883,-386673,1,3,40,1,1,2,473,327,3,5,2,14,0,0,0,0,0
201900009663,19,12,5,262,4,9,9,4,4421273,561179,8,1,32,3,2,1,591,969,7,2,3,55,0,0,0,0,0
201900009664,19,12,17,1182,5,5,6,2,4973368,105458,6,1,1,1,1,3,454,675,1,1,4,32,0,0,0,0,0
201900009665,19,12,22,1314,4,2,6,2,4645348,61502,9,3,10,3,2,1,375,597,9,3,3,88,0,0,0,0,0
201900009666,19,12,9,1216,5,6,6,4,4702331,425603,2,1,21,3,1,1,264,990,2,6,4,90,0,0,0,0,0
201900009667,19,1,16,2314,1,8,1,3,4543590,547143,5,1,22,1,1,2,174,725,7,2,2,40,0,0,0,0,0
201900009668,19,5,22,290,5,6,5,2,4475479,315190,6,2,11,2,3,4,548,135,2,1,1,53,0,0,0,0,0
201900009669,19,10,17,317,2,7,5,4,4559837,610158,8,3,27,1,3,4,5,371,1,7,4,91,0,0,0,0,0
201900009670,19,11,8,1722,1,4,9,7,4686006,309155,6,4,32,3,3,2,678,958,1,2,2,27,0,0,0,0,0
201900009671,19,1,7,2293,1,8,6,1,4451485,299431,9,2,4,1,3,4,197,798,5,1,1,85,0,0,0,0,0
201900009672,19,9,28,652,4,1,7,1,4502836,-27550,8,2,21,3,4,3,839,876,9,2,3,40,0,0,0,0,0
201900009673,19,10,19,829,3,3,2,5,4798056,468421,7,2,36,2,4,2,364,356,8,7,4,92,0,0,0,0,0
201900009674,19,6,5,1105,5,8,4,2,4655113,646369,8,3,24,3,3,4,118,109,4,2,4,30,0,0,0,0,0
201900009675,19,3,3,146,4,1,1,2,4836275,94079,8,4,17,3,3,1,488,725,4,6,3,84,0,0,0,0,0
201900009676,19,7,7,84,3,3,7,2,4830707,83002,3,4,49,3,3,2,363,483,3,1,4,70,0,0,0,0,0
201900009677,19,5,27,2079,3,5,8,3,4696127,199036,1,4,21,1,3,4,854,689,9,3,3,69,0,0,0,0,0
201900009678,19,1,12,1660,1,4,1,7,4822959,222037,2,1,25,1,3,1,116,402,8,3,4,30,0,0,0,0,0
201900009679,19,10,7,59,1,6,8,1,4753537,615815,7,2,53,3,4,2,348,217,7,4,2,39,0,0,0,0,0
201900009680,19,4,20,582,4,8,4,5,4839502,-53476,4,1,27,1,4,2,464,222,5,6,2,38,0,0,0,0,0
201900009681,19,10,8,2058,1,7,4,7,4499825,381790,1,1,13,3,4,3,461,622,7,4,2,92,0,0,0,0,0
201900009682,19,8,12,124,3,4,1,2,4889321,-250004,8,4,2,2,1,4,516,586,6,2,2,66,0,0,0,0,0
201900009683,19,5,3,596,5,7,7,6,4940964,-115573,9,3,30,1,2,3,560,315,6,6,2,54,0,0,0,0,0
201900009684,19,6,27,1133,5,4,6,2,4875901,483934,6,3,48,2,3,3,820,434,4,1,2,58,0,0,0,0,0
201900009685,19,9,12,1575,3,9,7,3,4954716,266131,1,3,27,3,3,3,813,41,9,2,2,29,0,0,0,0,0
201900009686,19,8,23,518,4,3,6,5,4454097,648081,6,2,19,2,4,2,299,380,4,5,2,44,0,0,0,0,0
201900009687,19,5,10,1435,3,3,6,1,4975546,623046,2,1,14,1,2,4,33,402,7,3,1,98,0,0,0,0,0
201900009688,19,10,8,412,5,7,7,1,4475368,-53655,5,2,22,2,3,3,356,199,8,4,3,51,0,0,0,0,0
201900009689,19,12,13,2349,2,9,1,4,4942047,-294405,7,2,6,2,2,1,823,371,9,6,1,44,0,0,0,0,0
201900009690,19,12,13,282,3,8,6,1,4955475,-46890,2,2,32,1,2,4,458,952,3,4,3,56,0,0,0,0,0
201900009691,19,7,13,1452,3,5,8,5,4690434,678551,6,2,1,1,2,2,828,11,1,4,2,70,0,0,0,0,0
201900009692,19,3,25,857,5,3,1,7,4685873,-389011,1,2,17,1,3,1,228,975,5,4,3,51,0,0,0,0,0
201900009693,19,6,1,330,4,4,8,2,4931952,88315,2,1,0,3,3,4,702,65,6,6,5,61,0,0,0,0,0
201900009694,19,7,14,2324,2,9,3,3,4981536,222302,6,1,29,2,3,4,147,721,2,1,4,10,0,0,0,0,0
201900009695,19,6,23,226,2,1,9,5,4713831,-296131,4,4,16,1,1,1,673,631,6,6,4,96,0,0,0,0,0
201900009696,19,11,8,41,5,2,5,2,4764124,481772,2,1,24,2,3,4,165,762,1,3,5,83,0,0,0,0,0
201900009697,19,11,5,977,1,3,9,5,4875212,590718,4,1,2,1,1,3,373,412,2,3,1,9,0,0,0,0,0
201900009698,19,7,15,1661,4,5,9,7,4510865,94227,3,4,15,3,3,4,246,817,1,6,3,96,0,0,0,0,0
201900009699,19,7,5,705,3,2,9,4,4820656,557862,4,4,25,3,3,2,416,442,6,2,5,49,0,0,0,0,0
201900009700,19,5,15,2140,1,2,8,6,4894756,578166,2,2,28,1,4,4,352,621,6,4,2,75,0,0,0,0,0
201900009701,19,6,12,1641,3,3,9,1,4702712,267341,3,4,31,2,2,1,510,375,2,6,2,7,0,0,0,0,0
201900009702,19,4,16,2323,4,4,5,5,4543666,447253,8,3,4,2,1,4,645,938,6,5,4,7,0,0,0,0,0
201900009703,19,2,23,1125,3,5,3,2,4857410,178038,4,3,1,2,2,3,76,441,7,2,3,60,0,0,0,0,0
201900009704,19,6,26,2187,2,3,6,4,4844960,126530,4,4,2,2,2,4,74,218,8,4,5,43,0,0,0,0,0
201900009705,19,10,15,1103,4,2,2,2,4926735,-104276,3,1,32,1,4,3,2,6,5,6,2,61,0,0,0,0,0
201900009706,19,2,7,727,1,2,4,6,4949801,310296,9,1,5,1,1,1,639,744,7,7,5,14,0,0,0,0,0
201900009707,19,6,17,2094,2,6,9,6,4565668,680025,8,4,22,2,3,4,907,91,4,5,5,45,0,0,0,0,0
201900009708,19,10,9,1827,3,8,8,7,4884350,-188981,3,2,37,3,2,2,595,427,1,1,1,92,0,0,0,0,0
201900009709,19,12,17,2077,4,4,8,5,4754389,495945,3,4,33,1,3,2,321,739,3,3,2,3,0,0,0,0,0
201900009710,19,12,16,1511,3,5,7,2,4785810,444996,8,3,38,1,1,2,437,8,2,4,1,32,0,0,0,0,0
201900009711,19,9,19,719,2,1,7,7,4576437,-398393,4,4,32,2,1,2,104,631,3,2,2,64,0,0,0,0,0
201900009712,19,7,18,2246,5,5,4,5,4968909,-32753,8,4,50,3,3,1,477,806,5,7,5,24,0,0,0,0,0
201900009713,19,8,6,1763,1,6,1,2,4908874,315460,5,4,38,3,2,3,341,520,9,4,1,51,0,0,0,0,0
201900009714,19,11,20,1839,4,9,9,2,4853230,337074,3,1,3,3,2,1,344,710,7,6,3,10,0,0,0,0,0
201900009715,19,9,15,876,1,9,6,1,4667534,-38476,2,1,44,3,1,1,779,60,3,1,4,82,0,0,0,0,0
201900009716,19,2,16,1757,3,2,4,2,4675237,269159,8,3,2,3,1,2,224,867,8,4,5,35,0,0,0,0,0
201900009717,19,6,27,1867,5,2,8,1,4648346,101369,5,2,41,1,3,2,526,518,5,5,1,87,0,0,0,0,0
201900009718,19,11,13,160,2,5,5,4,4591719,348056,8,3,35,1,4,3,131,984,2,3,2,20,0,0,0,0,0
201900009719,19,9,3,697,3,8,3,2,4482516,670624,2,4,49,3,1,3,704,569,5,6,2,78,0,0,0,0,0