Num_Acc,an,mois,jour,hrmn,lum,int,atm,col,lat,long,catr,circ,nbv,vosp,prof,plan,lartpc,larrout,surf,infra,situ,env1,unscathed,killed,hospital,light,chance
201900009720,19,2,4,427,5,9,5,7,4752769,168389,1,4,10,2,3,1,752,605,2,2,3,55,0,0,0,0,0
201900009721,19,5,4,1420,5,7,6,2,4609850,465112,8,3,40,3,2,4,79,134,7,7,2,16,0,0,0,0,0
201900009722,19,8,24,2159,3,6,8,1,4731290,-204918,8,4,38,1,1,4,718,263,1,3,2,29,0,0,0,0,0
201900009723,19,2,21,1249,1,5,5,2,4978740,193844,9,3,23,1,1,3,587,373,1,3,3,7,0,0,0,0,0
201900009724,19,1,23,1986,3,7,5,1,4968464,607482,4,1,21,3,4,1,588,603,3,5,3,48,0,0,0,0,0
201900009725,19,1,16,36,1,5,5,5,4912428,340103,2,1,50,3,3,3,65,893,8,2,5,50,0,0,0,0,0
201900009726,19,11,10,1832,3,7,2,4,4930407,528527,5,3,9,1,4,4,438,137,3,2,1,5,0,0,0,0,0
201900009727,19,5,12,242,1,8,5,2,4563778,202737,9,3,47,3,1,2,250,530,4,5,3,36,0,0,0,0,0
201900009728,19,8,27,1508,1,1,6,5,4518009,172301,2,1,25,3,2,1,497,191,2,1,3,57,0,0,0,0,0
201900009729,19,9,18,1655,5,2,4,3,4923186,-20106,9,3,30,2,1,1,805,324,1,5,1,91,0,0,0,0,0
201900009730,19,11,19,211,3,3,7,7,4702365,436157,5,4,47,3,1,3,249,33,1,3,5,77,0,0,0,0,0
201900009731,19,3,22,1567,2,1,1,3,4935827,509157,4,3,33,3,4,2,168,302,4,3,2,63,0,0,0,0,0
201900009732,19,12,11,1357,4,4,4,7,4696621,164492,6,3,1,2,3,4,858,466,8,1,3,84,0,0,0,0,0
201900009733,19,7,20,2335,2,4,8,5,4943502,-257409,9,2,52,2,3,2,273,274,6,3,2,9,0,0,0,0,0
201900009734,19,12,26,851,4,7,5,4,4801635,617788,4,1,5,2,4,1,458,698,4,3,5,20,0,0,0,0,0
201900009735,19,10,10,1105,4,7,6,2,4722481,350338,1,2,15,1,3,1,765,589,9,6,3,74,0,0,0,0,0
201900009736,19,4,2,1907,5,8,1,3,4902595,-284292,7,1,7,2,4,4,783,618,3,2,4,77,0,0,0,0,0
201900009737,19,3,21,1661,5,3,2,7,4726873,631374,9,4,3,1,4,4,223,113,6,5,3,39,0,0,0,0,0
201900009738,19,8,6,1116,1,5,4,5,4993249,370459,8,1,1,2,1,2,452,238,2,3,4,75,0,0,0,0,0
201900009739,19,8,2,1073,1,2,4,4,4486544,383016,8,1,19,2,1,4,497,204,5,5,5,4,0,0,0,0,0
201900009740,19,4,17,2067,4,6,5,7,4654914,-220187,7,4,11,1,2,3,707,645,1,6,5,93,0,0,0,0,0
201900009741,19,7,11,1853,3,7,7,1,4442980,281345,8,3,21,3,1,2,79,249,9,3,3,45,0,0,0,0,0
201900009742,19,2,15,979,3,4,1,4,4410312,136334,7,2,52,1,4,1,444,715,4,7,4,63,0,0,0,0,0
201900009743,19,10,15,236,3,6,5,2,4828859,613239,6,3,15,3,1,2,861,943,6,5,3,9,0,0,0,0,0
201900009744,19,2,18,731,1,1,6,6,4842300,110086,6,3,43,2,1,1,255,963,8,3,4,54,0,0,0,0,0
201900009745,19,1,19,240,5,9,3,3,4731731,409446,1,1,31,3,3,1,553,758,7,4,2,59,0,0,0,0,0
201900009746,19,2,1,979,3,1,1,4,4427814,374534,8,2,7,3,2,2,367,371,5,1,1,51,0,0,0,0,0
201900009747,19,3,20,241,1,1,2,6,4710975,-183900,5,4,31,1,3,1,53,160,1,4,3,56,0,0,0,0,0
201900009748,19,3,12,2172,4,4,8,5,4548877,491728,5,2,28,2,4,1,631,643,9,7,1,3,0,0,0,0,0
201900009749,19,10,28,1316,2,6,2,4,4887833,326275,2,4,39,3,4,4,490,457,9,2,2,72,0,0,0,0,0
201900009750,19,1,28,564,2,9,7,2,4875797,286287,3,2,5,3,4,1,331,489,2,1,1,50,0,0,0,0,0
201900009751,19,7,17,1810,2,6,7,6,4606769,-363951,8,1,37,2,4,1,609,782,8,6,3,95,0,0,0,0,0
201900009752,19,9,27,65,3,6,9,7,4954743,13467,1,2,25,3,3,4,451,830,6,7,4,56,0,0,0,0,0
201900009753,19,7,28,2286,4,3,1,7,4958377,164322,3,3,51,2,2,4,908,191,9,6,5,8,0,0,0,0,0
201900009754,19,1,19,711,4,5,6,6,4575651,692811,8,1,5,1,4,3,44,640,6,7,5,7,0,0,0,0,0
201900009755,19,10,23,1460,5,5,1,6,4497976,288209,2,3,25,1,1,3,113,343,6,2,1,84,0,0,0,0,0
201900009756,19,2,13,1394,5,7,2,7,4690957,660609,9,1,21,1,3,2,327,454,4,5,5,32,0,0,0,0,0
201900009757,19,4,22,2311,5,8,3,3,4692998,11253,9,1,11,3,3,1,10,776,5,4,4,20,0,0,0,0,0
201900009758,19,8,3,1255,1,2,6,6,4508834,318417,2,4,48,3,1,2,27,231,3,3,3,1,0,0,0,0,0
201900009759,19,5,25,1868,4,3,4,7,4749281,-371703,8,3,32,3,2,3,853,8,3,4,4,12,0,0,0,0,0
201900009760,19,7,3,1194,3,5,3,2,4431185,-388677,8,2,29,2,4,3,373,790,7,3,1,50,0,0,0,0,0
201900009761,19,1,14,67,3,1,7,4,4483437,634187,4,3,43,3,4,1,543,284,2,4,4,81,0,0,0,0,0
201900009762,19,10,23,233,3,5,3,1,4438293,-346706,3,1,43,3,1,1,246,707,4,1,3,13,0,0,0,0,0
201900009763,19,8,18,947,3,3,8,5,4412484,-46969,8,4,20,1,4,4,164,283,2,2,5,11,0,0,0,0,0
201900009764,19,12,1,972,2,4,2,6,4760601,31559,9,4,31,3,4,1,810,840,7,4,5,0,0,0,0,0,0
201900009765,19,8,21,932,5,1,3,6,4592229,95519,9,3,37,2,3,3,54,587,4,5,1,32,0,0,0,0,0
201900009766,19,1,1,165,2,8,5,3,4662245,-251047,8,2,49,3,2,3,149,574,7,7,1,34,0,0,0,0,0
201900009767,19,6,5,1481,2,9,5,7,4762839,670019,5,3,16,3,3,4,57,89,1,6,5,81,0,0,0,0,0
201900009768,19,2,7,1646,1,5,1,2,4772225,474115,7,3,47,2,4,3,20,12,8,5,2,16,0,0,0,0,0
201900009769,19,5,6,2238,2,3,6,5,4977844,279170,5,1,29,3,2,3,91,801,3,4,2,8,0,0,0,0,0
201900009770,19,11,23,640,2,4,9,5,4854889,-73165,3,2,51,3,3,4,612,210,2,4,3,80,0,0,0,0,0
201900009771,19,6,17,1153,4,2,9,6,4750028,328142,3,2,49,3,3,3,553,69,9,4,5,22,0,0,0,0,0
201900009772,19,5,18,416,3,8,5,6,4819135,248757,6,1,45,2,4,3,632,210,3,4,1,75,0,0,0,0,0
201900009773,19,12,25,311,1,1,4,1,4872246,-59378,6,4,23,3,4,3,744,429,7,3,2,81,0,0,0,0,0
201900009774,19,1,19,536,4,1,1,6,4589445,221055,6,1,8,1,3,2,559,360,7,5,5,58,0,0,0,0,0
201900009775,19,8,7,1901,3,2,4,5,4536521,593880,8,4,8,1,3,2,532,276,9,7,5,1,0,0,0,0,0
201900009776,19,10,3,1137,2,1,4,4,4796334,-187833,4,3,1,3,2,2,22,946,4,3,5,38,0,0,0,0,0
201900009777,19,9,21,1261,3,5,4,3,4408426,81264,9,4,49,2,4,3,655,20,1,3,4,55,0,0,0,0,0
201900009778,19,12,26,2308,5,2,1,5,4462623,-326960,5,4,41,1,3,1,644,450,9,6,2,33,0,0,0,0,0
201900009779,19,3,17,678,1,6,4,4,4637608,613718,4,3,18,2,4,3,28,883,6,5,4,87,0,0,0,0,0
201900009780,19,6,15,1876,4,4,1,2,4638644,361795,3,2,24,2,4,4,437,268,9,1,1,79,0,0,0,0,0
201900009781,19,10,15,2221,5,4,7,4,4952223,-344843,7,1,46,3,2,3,568,325,4,1,5,62,0,0,0,0,0
201900009782,19,2,9,880,5,3,8,6,4576206,-94725,3,1,25,2,3,3,833,589,2,6,5,7,0,0,0,0,0
201900009783,19,12,8,2108,1,8,2,5,4631114,525200,6,1,44,1,4,3,887,737,8,7,4,84,0,0,0,0,0
201900009784,19,7,28,433,2,9,4,5,4970243,-40474,8,3,26,2,4,4,590,862,3,6,3,83,0,0,0,0,0
201900009785,19,3,6,1930,3,5,6,4,4913599,54162,7,2,44,3,1,4,387,737,4,1,5,51,0,0,0,0,0
201900009786,19,9,12,1282,2,3,9,2,4931474,399342,7,1,29,2,3,2,285,765,6,5,2,72,0,0,0,0,0
201900009787,19,4,21,1758,1,9,5,3,4792632,-353177,8,3,21,2,2,4,550,758,6,4,2,34,0,0,0,0,0
201900009788,19,1,25,2233,5,8,1,3,4679088,656188,4,4,12,1,3,3,532,296,6,1,5,79,0,0,0,0,0
201900009789,19,10,11,422,4,4,8,4,4604278,-77383,7,2,46,1,2,3,389,669,4,5,1,18,0,0,0,0,0
201900009790,19,10,16,2261,4,3,4,2,4911469,-213463,6,1,30,3,4,1,775,543,7,1,1,26,0,0,0,0,0
201900009791,19,10,8,109,5,8,5,6,4644561,-337747,7,3,41,2,4,4,4,632,3,6,1,32,0,0,0,0,0
201900009792,19,11,27,1564,5,9,7,5,4983616,131195,3,2,24,1,1,4,134,718,5,6,5,70,0,0,0,0,0
201900009793,19,9,28,2080,2,4,2,5,4429918,104025,8,3,22,3,2,2,304,483,7,1,2,71,0,0,0,0,0
201900009794,19,8,7,1543,2,2,5,2,4597488,-115157,6,4,23,3,2,3,630,87,5,4,5,77,0,0,0,0,0
201900009795,19,9,27,971,4,4,2,7,4631029,-392977,6,1,47,2,4,1,222,591,1,4,1,35,0,0,0,0,0
201900009796,19,6,27,891,2,1,2,1,4485990,-105963,9,4,36,1,2,3,278,75,3,3,5,31,0,0,0,0,0
201900009797,19,2,19,1487,3,8,6,2,4772794,67175,3,1,38,3,2,2,519,575,8,3,1,56,0,0,0,0,0
201900009798,19,8,17,1904,4,4,4,4,4802587,469618,4,1,4,3,4,2,373,455,9,7,1,40,0,0,0,0,0
201900009799,19,3,27,975,4,2,6,7,4696315,270634,4,3,0,2,3,1,490,475,7,2,4,5,0,0,0,0,0
201900009800,19,10,1,2280,3,7,9,5,4492207,220339,4,3,31,2,2,1,729,604,1,2,2,43,0,0,0,0,0
201900009801,19,10,28,2002,4,3,6,2,4993789,241961,4,2,45,2,1,3,418,301,3,6,1,11,0,0,0,0,0
201900009802,19,11,25,192,2,9,9,1,4976028,-226357,3,1,6,2,3,3,23,348,9,5,2,86,0,0,0,0,0
201900009803,19,4,4,551,5,1,1,5,4794036,220383,1,4,27,3,2,4,382,958,1,5,3,93,0,0,0,0,0
201900009804,19,4,6,1679,2,5,6,3,4558420,186772,7,2,3,1,1,3,175,213,6,2,5,17,0,0,0,0,0
201900009805,19,10,27,2061,2,4,3,2,4971579,-343159,3,2,49,3,2,3,257,238,2,4,4,86,0,0,0,0,0
201900009806,19,3,24,198,2,2,8,1,4658512,201835,7,4,20,2,3,4,451,595,6,6,3,91,0,0,0,0,0
201900009807,19,6,2,1167,1,3,9,3,4951984,-29311,2,3,45,1,4,3,266,258,7,7,4,7,0,0,0,0,0
201900009808,19,11,4,641,5,8,5,7,4908976,-176814,6,2,43,2,1,4,92,161,2,7,4,50,0,0,0,0,0
201900009809,19,3,6,1465,2,2,2,6,4414558,-131718,8,1,49,2,3,1,657,445,5,2,1,44,0,0,0,0,0
201900009810,19,11,7,1603,4,4,3,6,4600965,410156,6,4,5,1,1,1,691,191,1,2,2,97,0,0,0,0,0
201900009811,19,1,22,2023,3,6,9,6,4492472,287222,8,4,44,1,1,2,513,336,5,5,4,44,0,0,0,0,0
201900009812,19,7,1,900,4,6,5,2,4618505,465717,1,1,53,1,2,1,697,721,2,4,1,51,0,0,0,0,0
201900009813,19,5,15,1012,5,3,9,5,4595253,-90565,8,1,14,3,2,4,394,223,9,1,3,4,0,0,0,0,0
201900009814,19,1,9,1979,3,4,8,6,4459510,427199,3,2,35,1,4,1,104,335,6,7,5,6,0,0,0,0,0
201900009815,19,6,1,1659,1,2,1,6,4960128,545896,1,4,52,3,1,4,39,270,9,2,1,87,0,0,0,0,0
201900009816,19,4,18,938,4,2,6,3,4955200,594869,9,2,11,2,2,2,255,55,4,3,5,25,0,0,0,0,0
201900009817,19,3,7,1027,3,4,5,6,4645566,345309,8,3,40,2,2,3,325,97,4,4,4,42,0,0,0,0,0
201900009818,19,1,6,1652,4,1,2,6,4440469,-371322,9,4,22,1,3,1,712,672,6,2,4,33,0,0,0,0,0
201900009819,19,6,10,233,3,7,2,4,4962257,-343706,9,1,34,2,1,2,663,933,4,2,1,2,0,0,0,0,0
201900009820,19,7,19,405,4,2,3,6,4525931,372585,7,3,18,1,3,1,655,772,5,2,5,43,0,0,0,0,0
201900009821,19,2,7,692,3,8,6,7,4458122,120611,4,2,9,3,3,4,75,698,5,2,3,63,0,0,0,0,0
201900009822,19,3,8,1526,4,5,4,7,4575533,-362510,4,1,44,1,3,2,143,961,8,6,3,52,0,0,0,0,0
201900009823,19,3,13,1805,5,9,7,4,4674861,252716,9,3,46,1,1,2,394,642,4,2,5,94,0,0,0,0,0
201900009824,19,11,28,1920,2,9,1,2,4613808,-70241,6,4,33,3,2,3,770,592,9,1,5,82,0,0,0,0,0
201900009825,19,1,5,1063,4,2,8,1,4866965,434731,6,2,2,1,1,1,475,224,8,4,3,92,0,0,0,0,0
201900009826,19,5,10,292,4,7,4,5,4844207,-111796,1,1,17,2,3,1,406,775,4,4,3,93,0,0,0,0,0
201900009827,19,3,28,2037,5,3,5,4,4558030,108146,6,3,7,2,2,3,239,134,6,1,2,31,0,0,0,0,0
201900009828,19,11,2,2301,1,6,4,2,4915905,107895,8,1,4,2,3,2,910,740,7,1,3,94,0,0,0,0,0
201900009829,19,9,2,1876,5,3,2,7,4563988,-181708,6,4,44,2,2,2,587,541,7,5,5,4,0,0,0,0,0
201900009830,19,6,18,1286,3,9,5,7,4827884,584464,6,1,26,2,3,1,378,290,8,7,4,60,0,0,0,0,0
201900009831,19,8,3,257,5,8,5,6,4476935,-391831,1,2,48,3,1,4,5,583,9,2,5,59,0,0,0,0,0
201900009832,19,11,5,1082,1,6,7,7,4804823,-96646,7,2,39,2,2,1,572,395,1,2,3,70,0,0,0,0,0
201900009833,19,1,26,977,4,6,7,5,4567980,-91025,5,3,40,1,1,1,889,930,9,3,4,88,0,0,0,0,0
201900009834,19,4,7,1721,4,5,8,6,4496881,-84112,6,4,10,3,1,1,880,275,8,6,2,64,0,0,0,0,0
201900009835,19,1,26,2283,2,9,1,6,4991612,344830,7,2,6,1,2,4,780,31,6,7,5,77,0,0,0,0,0
201900009836,19,7,13,688,2,2,2,7,4989332,602278,6,3,32,2,3,4,212,389,8,2,2,49,0,0,0,0,0
201900009837,19,3,7,1484,3,3,4,4,4934394,169804,9,1,23,3,4,4,852,780,8,3,1,67,0,0,0,0,0
201900009838,19,4,23,1230,1,1,3,3,4446495,-300597,6,1,18,3,1,1,106,5,2,7,1,32,0,0,0,0,0
201900009839,19,2,4,529,1,4,5,2,4618097,26533,9,1,14,2,1,1,780,871,3,2,1,37,0,0,0,0,0
201900009840,19,5,22,1559,5,8,4,5,4897525,165925,6,2,25,3,3,1,850,462,6,1,2,12,0,0,0,0,0
201900009841,19,5,15,1796,1,6,2,7,4506388,-379570,8,1,40,3,2,1,674,191,9,1,1,15,0,0,0,0,0
201900009842,19,8,9,2073,5,5,2,7,4420642,-38634,4,1,46,3,3,2,388,446,2,5,5,36,0,0,0,0,0
201900009843,19,1,8,1378,2,9,8,5,4486831,-168103,3,4,17,1,2,1,669,95,3,3,3,41,0,0,0,0,0
201900009844,19,8,27,294,1,7,7,6,4418676,127672,3,4,4,2,2,1,864,987,9,5,5,69,0,0,0,0,0
201900009845,19,3,17,1164,5,4,7,2,4791739,265073,8,1,52,3,4,4,400,691,1,6,2,64,0,0,0,0,0
201900009846,19,3,11,1145,5,6,4,7,4508052,317590,5,4,10,1,4,3,684,896,7,5,2,16,0,0,0,0,0
201900009847,19,5,14,1402,3,7,2,7,4756868,-380972,3,3,51,1,3,2,462,192,9,5,1,57,0,0,0,0,0
201900009848,19,6,24,1309,3,6,4,1,4914393,428378,7,2,23,3,3,2,164,72,6,5,4,74,0,0,0,0,0
201900009849,19,11,5,959,2,7,2,2,4535456,568181,6,3,45,3,1,3,603,796,1,4,5,79,0,0,0,0,0
201900009850,19,3,18,508,4,1,1,4,4514862,112615,2,1,0,2,1,2,481,637,6,4,4,10,0,0,0,0,0
201900009851,19,12,26,617,4,8,6,6,4413352,164333,8,1,8,2,1,2,227,896,4,1,3,49,0,0,0,0,0
201900009852,19,5,5,1347,5,8,2,5,4993512,558985,4,4,14,2,1,2,819,622,4,2,4,91,0,0,0,0,0
201900009853,19,2,7,2108,5,4,7,3,4703011,-195538,1,2,8,1,4,1,402,63,7,2,2,73,0,0,0,0,0
201900009854,19,2,22,1347,5,8,1,6,4925322,-128208,2,4,48,1,3,2,564,427,5,6,2,33,0,0,0,0,0
201900009855,19,1,11,1566,4,9,6,6,4681029,502001,6,4,14,3,2,1,877,322,2,6,2,95,0,0,0,0,0
201900009856,19,1,23,486,5,1,4,5,4699433,576458,8,3,3,1,3,4,700,168,1,1,1,86,0,0,0,0,0
201900009857,19,7,11,1195,5,6,2,5,4500290,328004,5,1,37,3,2,2,221,652,5,2,1,49,0,0,0,0,0
201900009858,19,9,18,607,5,6,9,3,4440790,147013,9,4,16,2,2,2,351,542,7,1,2,54,0,0,0,0,0
201900009859,19,3,28,148,3,2,3,3,4952861,-186558,7,3,44,3,4,2,749,160,3,7,2,70,0,0,0,0,0
201900009860,19,11,13,991,1,7,5,5,4798587,676232,1,3,40,3,4,1,458,121,8,6,1,24,0,0,0,0,0
201900009861,19,2,22,499,5,5,9,1,4445427,8837,5,3,37,3,2,4,664,564,4,7,1,87,0,0,0,0,0
201900009862,19,7,3,2312,3,6,4,3,4812896,163536,7,1,49,2,2,1,286,593,3,3,2,90,0,0,0,0,0
201900009863,19,10,2,736,2,5,6,1,4442453,204754,8,1,40,2,3,2,42,464,2,1,1,80,0,0,0,0,0
201900009864,19,6,2,970,4,5,7,1,4610972,650300,1,4,25,3,4,1,870,391,8,6,5,95,0,0,0,0,0
201900009865,19,6,22,930,5,5,9,7,4567250,88995,8,3,39,1,2,2,291,861,2,6,4,27,0,0,0,0,0
201900009866,19,9,14,927,4,9,8,6,4910790,242566,1,3,21,3,2,3,415,146,9,4,3,68,0,0,0,0,0
201900009867,19,4,17,346,5,1,8,7,4757804,443894,5,2,6,1,3,4,168,673,3,2,1,31,0,0,0,0,0
201900009868,19,2,21,681,1,5,2,2,4496458,148379,3,2,5,1,3,2,499,444,9,7,1,0,0,0,0,0,0
201900009869,19,1,19,206,2,1,7,7,4502008,157035,2,3,31,3,4,1,534,558,6,2,3,12,0,0,0,0,0
201900009870,19,3,15,2133,2,8,2,4,4613091,69844,5,4,3,2,3,1,75,160,7,1,4,53,0,0,0,0,0
201900009871,19,5,18,1758,5,4,6,2,4962556,677052,2,3,14,2,4,1,192,897,1,5,4,46,0,0,0,0,0
201900009872,19,5,16,471,3,1,8,1,4940850,642122,2,3,39,2,4,1,18,759,1,1,3,55,0,0,0,0,0
201900009873,19,4,8,1854,4,2,7,5,4956504,482919,2,1,37,1,2,2,180,771,5,4,1,1,0,0,0,0,0
201900009874,19,9,7,889,5,9,3,4,4478089,120444,7,4,41,3,3,4,2,58,2,3,3,26,0,0,0,0,0
201900009875,19,2,6,2210,1,4,9,5,4543242,-183382,2,4,36,2,3,3,33,259,7,7,4,24,0,0,0,0,0
201900009876,19,6,20,619,3,8,6,1,4490059,-58885,3,4,3,3,2,2,625,885,9,5,1,36,0,0,0,0,0
201900009877,19,7,8,987,3,2,6,3,4746751,-150100,6,4,30,3,3,1,813,758,7,5,3,8,0,0,0,0,0
201900009878,19,8,2,1431,4,1,9,4,4490743,-96471,2,3,28,3,3,1,156,208,4,6,2,48,0,0,0,0,0
201900009879,19,4,28,23,4,8,3,2,4924498,-271551,6,4,35,2,3,3,654,939,3,2,5,89,0,0,0,0,0
201900009880,19,2,14,1948,3,1,3,4,4951626,-171092,7,1,0,1,4,2,477,190,6,1,5,4,0,0,0,0,0
201900009881,19,3,17,589,2,5,8,6,4939716,220013,5,2,30,1,3,4,790,403,5,7,3,75,0,0,0,0,0
201900009882,19,4,5,1075,2,7,3,2,4569958,-310937,1,4,9,3,4,3,377,682,3,5,2,84,0,0,0,0,0
201900009883,19,7,11,480,1,1,1,5,4937321,-396085,6,3,6,3,1,3,195,140,1,6,4,89,0,0,0,0,0
201900009884,19,10,27,1369,1,1,9,7,4895757,-190885,6,4,2,3,2,1,288,330,2,4,2,29,0,0,0,0,0
201900009885,19,11,19,380,1,6,1,5,4902841,245930,8,3,31,1,1,3,896,63,3,5,5,86,0,0,0,0,0
201900009886,19,10,24,631,5,6,2,4,4857622,-191587,6,1,2,3,2,4,697,501,9,1,5,18,0,0,0,0,0
201900009887,19,7,19,1062,4,9,7,6,4956124,666309,8,2,36,2,1,1,74,591,8,2,2,42,0,0,0,0,0
201900009888,19,6,16,1366,1,2,3,4,4739426,-302277,8,1,6,3,2,3,423,848,7,2,4,55,0,0,0,0,0
201900009889,19,6,7,1262,3,4,4,2,4558689,-148861,4,4,21,1,4,3,507,972,4,2,4,54,0,0,0,0,0
201900009890,19,1,13,396,3,5,5,1,4701062,561311,5,2,30,2,3,4,881,954,8,3,5,97,0,0,0,0,0
201900009891,19,7,4,842,4,5,6,7,4837678,-143325,3,3,51,3,2,3,44,264,2,6,4,97,0,0,0,0,0
201900009892,19,7,3,2290,2,9,8,6,4574958,-399169,6,4,43,1,2,1,603,130,2,5,5,45,0,0,0,0,0
201900009893,19,2,1,2124,4,2,5,5,4618157,-117038,1,4,51,3,1,1,592,336,9,5,1,56,0,0,0,0,0
201900009894,19,10,23,2280,2,2,8,3,4790912,-97366,9,2,41,3,1,2,18,58,6,2,3,92,0,0,0,0,0
201900009895,19,3,22,298,4,2,1,1,4438731,694549,1,2,7,1,1,4,390,182,5,6,5,74,0,0,0,0,0
201900009896,19,8,3,1893,5,9,9,5,4657200,188002,2,1,4,1,1,4,253,48,4,7,2,89,0,0,0,0,0
201900009897,19,9,27,36,4,8,7,6,4632720,-335928,2,1,39,1,1,2,524,727,3,7,3,0,0,0,0,0,0
201900009898,19,10,12,1065,1,2,2,3,4998912,-13150,7,1,29,2,2,3,617,478,8,7,3,22,0,0,0,0,0
201900009899,19,12,25,1818,2,1,8,5,4619555,-376062,4,2,33,2,4,3,870,286,7,5,5,6,0,0,0,0,0
201900009900,19,12,27,602,2,4,5,3,4722688,599867,3,4,18,3,2,4,751,771,5,7,2,15,0,0,0,0,0
201900009901,19,11,4,2293,5,4,3,1,4942938,267947,3,4,43,3,1,2,435,780,9,3,1,98,0,0,0,0,0
201900009902,19,4,17,903,1,3,1,7,4819476,548374,2,2,17,3,2,2,203,139,8,7,4,50,0,0,0,0,0
201900009903,19,9,7,1371,4,9,9,6,4927168,-235989,4,2,18,2,3,1,382,13,1,7,4,78,0,0,0,0,0
201900009904,19,8,17,389,4,5,6,4,4863809,500515,4,1,34,3,2,4,897,464,4,7,5,87,0,0,0,0,0
201900009905,19,12,18,1116,2,5,1,5,4566116,497452,3,3,10,2,4,1,54,17,8,3,3,11,0,0,0,0,0
201900009906,19,3,24,1483,3,1,3,3,4530773,100911,9,4,49,1,3,3,396,470,2,1,2,41,0,0,0,0,0
201900009907,19,12,16,1853,5,8,5,1,4481809,-280134,7,2,22,2,2,4,507,477,2,1,5,2,0,0,0,0,0
201900009908,19,2,26,1835,5,3,9,6,4962557,-301709,7,4,37,1,2,4,619,133,2,7,2,44,0,0,0,0,0
201900009909,19,11,23,1959,1,3,5,1,4602716,251050,5,1,32,2,1,1,114,715,2,7,4,77,0,0,0,0,0
201900009910,19,9,2,272,4,5,7,6,4804519,-23121,5,3,10,2,2,2,402,272,9,6,1,91,0,0,0,0,0
201900009911,19,2,3,2144,3,1,1,1,4875128,612142,1,3,31,2,4,2,121,360,6,4,5,42,0,0,0,0,0
201900009912,19,9,4,1552,1,4,5,1,4849542,601904,2,4,32,1,3,3,617,124,7,3,5,45,0,0,0,0,0
201900009913,19,8,9,518,5,6,2,2,4406152,30061,4,3,22,3,3,1,515,738,4,6,2,93,0,0,0,0,0
201900009914,19,8,10,277,2,5,3,4,4825578,202236,4,4,25,3,3,3,698,21,8,2,3,83,0,0,0,0,0
201900009915,19,4,8,2333,1,4,9,1,4908609,602955,9,4,46,2,4,3,278,211,4,7,2,37,0,0,0,0,0
201900009916,19,12,17,1312,4,5,6,6,4775176,723,9,3,23,3,2,2,530,58,9,5,5,5,0,0,0,0,0
201900009917,19,4,25,745,4,1,8,7,4527003,512420,5,1,39,3,4,2,270,781,7,3,3,18,0,0,0,0,0
201900009918,19,2,9,1315,5,2,3,2,4563175,313985,3,4,37,1,4,1,368,220,1,1,2,79,0,0,0,0,0
201900009919,19,6,28,1868,4,7,7,3,4837705,-297024,5,1,49,1,2,1,590,581,9,1,4,69,0,0,0,0,0
201900009920,19,6,18,859,5,4,9,7,4861734,394476,4,1,20,1,3,2,378,802,7,1,1,26,0,0,0,0,0
201900009921,19,8,16,1816,4,4,7,3,4430214,-138111,4,3,52,1,3,1,871,764,7,6,4,22,0,0,0,0,0
201900009922,19,10,13,1930,4,5,7,6,4831853,637878,1,4,32,2,4,2,719,783,5,2,4,32,0,0,0,0,0
201900009923,19,9,7,858,2,3,3,4,4802318,-16930,8,1,14,3,1,3,604,904,3,6,2,75,0,0,0,0,0
201900009924,19,10,12,476,3,2,7,7,4632555,23717,3,4,39,1,4,2,298,892,9,2,3,68,0,0,0,0,0
201900009925,19,12,22,1160,4,7,7,7,4754686,104367,9,4,46,1,4,3,317,996,2,6,2,7,0,0,0,0,0
201900009926,19,5,15,798,2,1,2,1,4455370,527955,1,3,43,3,1,2,51,621,1,2,2,70,0,0,0,0,0
201900009927,19,1,18,118,4,2,4,2,4959246,583192,4,3,1,1,4,4,218,823,5,1,5,84,0,0,0,0,0
201900009928,19,11,5,494,3,1,3,7,4834594,219961,7,3,9,1,4,3,121,957,1,5,1,86,0,0,0,0,0
201900009929,19,2,24,1395,3,2,2,3,4590092,502989,5,4,47,2,4,4,504,55,8,3,5,63,0,0,0,0,0
201900009930,19,3,13,303,2,5,2,5,4783001,70006,6,2,21,1,2,4,294,308,6,2,4,61,0,0,0,0,0
201900009931,19,5,27,1374,1,8,9,4,4610660,-288220,5,2,24,3,2,4,283,275,8,4,5,79,0,0,0,0,0
201900009932,19,3,19,1803,1,9,3,1,4757079,377941,8,1,19,3,3,2,697,197,6,5,4,45,0,0,0,0,0
201900009933,19,5,11,2219,5,2,9,2,4647013,-234641,4,4,41,1,1,1,846,490,4,6,4,94,0,0,0,0,0
201900009934,19,6,20,1189,3,3,7,2,4428860,403494,5,1,34,2,3,2,857,928,7,5,1,95,0,0,0,0,0