Num_Acc,an,mois,jour,hrmn,lum,int,atm,col,lat,long,catr,circ,nbv,vosp,prof,plan,lartpc,larrout,surf,infra,situ,env1,unscathed,killed,hospital,light,chance
201900009935,19,5,7,2082,5,9,2,2,4980506,518797,5,3,52,1,4,4,554,383,5,5,2,86,0,0,0,0,0
201900009936,19,9,3,2113,2,8,6,5,4907592,341790,8,4,5,2,3,1,668,347,6,5,1,39,0,0,0,0,0
201900009937,19,5,10,2228,5,3,9,7,4780551,-164242,2,4,18,1,4,3,836,953,3,5,2,45,0,0,0,0,0
201900009938,19,4,22,1723,1,8,7,4,4783195,-56927,8,4,36,2,4,3,302,380,4,4,2,47,0,0,0,0,0
201900009939,19,7,4,1642,2,3,1,4,4711139,671774,5,3,4,3,3,4,499,697,6,1,5,70,0,0,0,0,0
201900009940,19,11,21,346,5,3,6,5,4633765,570050,9,4,37,1,4,4,454,444,4,1,2,64,0,0,0,0,0
201900009941,19,11,26,206,4,6,9,2,4673896,-199182,2,2,40,1,3,2,812,614,1,6,4,22,0,0,0,0,0
201900009942,19,12,27,2172,2,2,5,3,4615328,-319037,6,1,6,1,1,3,530,730,8,2,5,89,0,0,0,0,0
201900009943,19,5,21,1696,2,3,1,7,4540462,257740,9,3,23,1,4,2,641,679,1,2,3,28,0,0,0,0,0
201900009944,19,1,6,246,5,5,1,5,4639317,-62069,7,3,41,3,2,4,830,942,9,5,5,57,0,0,0,0,0
201900009945,19,4,12,641,5,7,9,2,4951509,29779,8,3,38,1,1,3,72,79,9,5,5,71,0,0,0,0,0
201900009946,19,9,22,1329,1,5,7,6,4664851,-136752,7,4,52,2,2,1,615,213,4,3,5,89,0,0,0,0,0
201900009947,19,12,12,1284,5,5,9,2,4536428,24675,1,2,6,2,2,1,473,224,7,3,2,65,0,0,0,0,0
201900009948,19,8,13,419,5,3,2,5,4405333,367610,4,2,0,1,2,2,289,5,6,7,2,71,0,0,0,0,0
201900009949,19,6,4,1464,5,7,3,1,4649458,-43721,1,3,23,3,4,2,155,632,9,1,5,48,0,0,0,0,0
201900009950,19,3,20,2341,5,8,4,5,4948004,553187,8,2,18,2,1,3,648,936,5,6,5,22,0,0,0,0,0
201900009951,19,7,6,1304,3,1,1,1,4746773,-125735,5,3,7,3,4,1,879,93,3,5,2,49,0,0,0,0,0
201900009952,19,3,14,2117,1,3,4,2,4890242,697501,1,4,13,3,3,2,868,459,1,2,4,89,0,0,0,0,0
201900009953,19,5,21,1217,2,4,4,7,4584672,579559,7,1,16,2,3,2,658,180,2,5,1,25,0,0,0,0,0
201900009954,19,3,20,1125,3,8,8,4,4963254,-369177,5,2,36,2,2,2,525,329,1,6,3,64,0,0,0,0,0
201900009955,19,7,9,49,5,3,1,6,4447525,613053,3,2,35,1,1,1,520,481,4,7,3,11,0,0,0,0,0
201900009956,19,12,13,651,4,3,7,5,4891120,440801,9,1,7,2,4,3,27,357,4,3,4,79,0,0,0,0,0
201900009957,19,7,27,1248,5,5,3,7,4602977,252872,8,3,32,2,4,4,842,240,8,6,3,89,0,0,0,0,0
201900009958,19,5,20,1345,3,2,3,5,4496819,160371,1,2,28,3,1,1,131,727,4,7,4,75,0,0,0,0,0
201900009959,19,12,20,667,3,1,9,4,4613608,144263,6,2,53,1,1,3,131,688,9,4,3,98,0,0,0,0,0
201900009960,19,4,7,948,2,3,3,7,4788943,-12681,4,2,4,3,3,1,435,315,1,3,3,44,0,0,0,0,0
201900009961,19,10,25,1944,3,5,7,3,4699458,158700,3,3,34,3,2,3,249,122,8,4,1,23,0,0,0,0,0
201900009962,19,2,23,765,4,2,9,7,4774947,327319,3,2,48,3,1,2,790,778,3,1,1,88,0,0,0,0,0
201900009963,19,1,3,413,4,1,9,4,4787126,130189,2,3,5,3,2,4,758,910,6,5,2,62,0,0,0,0,0
201900009964,19,7,13,188,5,9,1,5,4927281,-199364,8,1,6,2,4,1,860,829,5,3,2,62,0,0,0,0,0
201900009965,19,3,1,1774,5,1,8,1,4457523,662443,2,2,24,2,2,3,712,970,3,5,5,56,0,0,0,0,0
201900009966,19,2,15,2111,1,3,4,3,4660455,672216,6,3,3,1,3,1,141,54,7,2,4,19,0,0,0,0,0
201900009967,19,2,18,1767,4,8,6,7,4716900,566562,4,3,39,2,3,1,730,421,8,6,4,50,0,0,0,0,0
201900009968,19,12,25,1213,2,5,9,6,4677631,-57292,9,1,9,3,1,2,12,687,6,1,2,43,0,0,0,0,0
201900009969,19,10,16,312,3,1,8,1,4565305,-74097,4,1,11,2,3,1,735,514,5,7,4,60,0,0,0,0,0
201900009970,19,11,16,16,4,3,2,7,4916543,98656,9,2,8,1,3,1,450,886,2,2,3,90,0,0,0,0,0
201900009971,19,12,17,2307,5,9,4,3,4632664,600346,6,1,27,3,2,1,541,58,6,7,5,99,0,0,0,0,0
201900009972,19,2,16,2304,2,8,9,4,4549370,629661,3,1,11,1,1,2,418,576,4,2,4,93,0,0,0,0,0
201900009973,19,12,24,546,4,3,5,3,4893936,-254872,6,3,22,2,2,3,700,314,6,1,3,2,0,0,0,0,0
201900009974,19,1,3,16,5,8,2,6,4613585,172256,2,4,7,1,3,2,505,327,9,1,2,12,0,0,0,0,0
201900009975,19,8,11,2293,1,5,2,3,4589851,292250,1,1,43,2,1,1,718,291,3,5,3,88,0,0,0,0,0
201900009976,19,3,9,51,1,6,9,5,4604592,-195104,5,4,36,1,4,2,456,884,8,1,1,88,0,0,0,0,0
201900009977,19,5,7,428,3,6,3,1,4958496,-57279,4,4,7,2,3,3,478,620,1,6,2,46,0,0,0,0,0
201900009978,19,5,23,1314,3,4,5,6,4634064,-279221,4,3,52,3,4,3,822,834,9,3,5,52,0,0,0,0,0
201900009979,19,1,21,1922,3,3,2,4,4896470,-40427,4,2,12,1,4,2,804,353,7,7,5,25,0,0,0,0,0
201900009980,19,9,13,113,4,8,5,1,4484864,-203666,9,3,5,3,1,3,215,731,5,4,1,68,0,0,0,0,0
201900009981,19,5,2,2129,1,5,1,1,4434963,-92286,7,2,22,1,1,1,17,903,5,7,1,41,0,0,0,0,0
201900009982,19,10,11,1514,2,1,6,1,4489346,449336,2,2,4,2,2,2,296,738,1,6,4,83,0,0,0,0,0
201900009983,19,4,18,2200,2,8,9,2,4736272,507915,4,2,8,1,4,2,387,499,8,5,1,0,0,0,0,0,0
201900009984,19,10,25,778,5,7,6,7,4553561,669772,5,2,32,3,2,3,630,179,2,1,1,27,0,0,0,0,0
201900009985,19,5,4,1089,5,5,7,7,4760879,-30639,3,4,31,1,1,4,456,333,6,2,2,54,0,0,0,0,0
201900009986,19,4,17,1254,4,3,3,5,4692948,402190,2,1,42,2,4,4,445,538,9,3,1,58,0,0,0,0,0
201900009987,19,5,28,864,3,8,3,2,4940987,290847,8,4,51,1,1,1,253,790,8,7,2,87,0,0,0,0,0
201900009988,19,8,5,389,5,2,5,1,4956303,228620,4,2,35,2,2,2,855,316,2,7,5,37,0,0,0,0,0
201900009989,19,10,1,773,5,6,8,5,4699110,-79002,8,2,15,2,4,1,635,938,7,3,5,2,0,0,0,0,0
201900009990,19,9,22,495,1,9,4,2,4962773,503126,7,4,24,2,1,3,141,169,8,2,4,47,0,0,0,0,0
201900009991,19,1,25,799,1,9,8,6,4899408,267994,2,3,50,3,2,4,220,814,2,5,2,70,0,0,0,0,0
201900009992,19,12,16,650,3,7,3,4,4688703,578576,7,4,20,3,2,2,619,527,7,7,2,92,0,0,0,0,0
201900009993,19,4,25,1330,2,3,8,2,4981755,417787,4,3,38,3,1,3,455,529,3,3,3,60,0,0,0,0,0
201900009994,19,12,7,1871,2,9,8,4,4422097,162135,2,4,4,1,4,2,306,566,8,7,3,28,0,0,0,0,0
201900009995,19,3,3,800,1,6,1,2,4550454,253134,6,4,43,3,2,4,321,129,9,5,3,6,0,0,0,0,0
201900009996,19,9,12,527,4,3,9,6,4531894,555613,4,3,10,2,4,1,411,398,8,3,1,66,0,0,0,0,0
201900009997,19,2,11,1449,3,6,5,6,4597276,-160109,6,4,16,2,1,2,636,338,6,5,1,18,0,0,0,0,0
201900009998,19,4,5,422,3,3,8,2,4638428,44698,8,3,9,1,1,1,887,375,8,3,3,20,0,0,0,0,0
201900009999,19,4,4,2060,3,1,2,7,4887650,2729,9,3,27,1,2,3,783,879,1,7,4,73,0,0,0,0,0
201900010000,19,10,27,278,1,2,5,1,4578903,586547,4,4,40,3,3,4,423,832,1,6,3,77,0,0,0,0,0
201900010001,19,2,4,562,3,6,9,3,4472280,197676,9,1,18,2,4,1,739,795,5,4,3,58,0,0,0,0,0
201900010002,19,5,10,167,1,4,6,7,4925952,56860,8,3,18,2,3,3,805,80,7,3,3,73,0,0,0,0,0
201900010003,19,4,6,2005,3,4,2,1,4513789,-50352,3,2,50,2,1,2,819,342,7,6,1,52,0,0,0,0,0
201900010004,19,11,1,491,3,9,4,4,4674348,86832,8,1,20,3,4,4,718,471,4,4,4,70,0,0,0,0,0
201900010005,19,12,14,2022,4,7,8,7,4517049,583191,1,1,22,2,2,2,485,212,1,5,1,38,0,0,0,0,0
201900010006,19,11,22,1670,3,8,4,1,4708273,423997,7,4,52,3,2,3,257,10,4,3,2,76,0,0,0,0,0
201900010007,19,4,18,1863,2,6,7,6,4632134,318040,3,4,28,2,2,3,218,79,9,3,4,53,0,0,0,0,0
201900010008,19,9,18,1008,4,4,8,7,4936199,608315,7,1,9,1,4,1,128,776,1,3,3,69,0,0,0,0,0
201900010009,19,1,21,1373,2,7,7,1,4576528,-160223,5,4,27,2,3,2,748,80,8,3,4,98,0,0,0,0,0
201900010010,19,4,2,1180,4,2,4,4,4753304,205130,1,2,8,1,4,2,844,600,5,1,2,81,0,0,0,0,0
201900010011,19,6,18,400,2,9,1,7,4901062,439099,9,1,21,3,3,1,777,979,1,1,1,63,0,0,0,0,0
201900010012,19,7,3,476,3,5,4,3,4787339,-28388,5,1,21,1,2,2,116,499,7,3,3,66,0,0,0,0,0
201900010013,19,1,16,1491,4,7,9,2,4497721,45366,9,3,21,2,4,1,282,694,8,6,2,66,0,0,0,0,0
201900010014,19,4,16,473,4,9,4,6,4506795,-269539,2,2,52,1,2,4,448,185,7,5,5,36,0,0,0,0,0
201900010015,19,11,12,1356,2,9,1,4,4425872,-311706,3,4,5,1,2,2,133,733,9,4,1,10,0,0,0,0,0
201900010016,19,5,22,618,3,5,7,6,4902496,224710,7,2,0,2,2,3,11,324,2,3,5,6,0,0,0,0,0
201900010017,19,3,28,731,3,7,1,7,4868568,511900,3,3,9,1,3,3,74,942,9,7,3,99,0,0,0,0,0
201900010018,19,11,7,108,3,3,8,2,4413313,497087,4,1,9,3,1,3,693,697,5,5,5,37,0,0,0,0,0
201900010019,19,4,23,879,3,9,4,4,4563782,331201,3,3,14,1,4,2,274,481,3,2,2,68,0,0,0,0,0
201900010020,19,4,7,624,4,3,5,4,4658631,-239038,9,4,28,2,2,4,744,141,7,7,1,72,0,0,0,0,0
201900010021,19,4,16,1813,5,4,1,5,4635475,117158,9,4,46,3,1,2,753,180,1,3,2,13,0,0,0,0,0
201900010022,19,12,8,370,2,5,1,6,4537167,-137839,3,2,45,1,2,4,294,998,1,3,1,39,0,0,0,0,0
201900010023,19,3,20,659,2,8,1,4,4945227,682753,6,4,7,3,4,3,525,795,3,1,2,26,0,0,0,0,0
201900010024,19,5,12,459,3,8,4,5,4588833,127007,7,3,1,3,4,4,806,290,1,4,2,94,0,0,0,0,0
201900010025,19,5,24,1101,4,5,4,5,4481367,-315261,6,1,7,1,2,2,477,788,6,5,4,53,0,0,0,0,0
201900010026,19,4,25,452,4,9,7,3,4960564,624615,6,4,29,3,4,1,704,325,7,2,4,68,0,0,0,0,0
201900010027,19,11,15,1775,5,2,8,6,4530876,-329672,9,4,45,3,1,1,306,96,2,3,3,50,0,0,0,0,0
201900010028,19,4,16,524,1,4,4,4,4440545,-252076,4,4,32,3,1,2,376,834,2,2,5,95,0,0,0,0,0
201900010029,19,6,25,1409,2,5,5,6,4828237,372494,6,1,33,1,4,2,363,116,4,3,2,69,0,0,0,0,0
201900010030,19,2,4,1972,5,6,9,7,4646522,180849,1,3,25,2,3,3,243,850,5,4,2,53,0,0,0,0,0
201900010031,19,6,25,1678,1,1,9,1,4755817,-395310,5,2,10,2,1,4,814,868,2,4,2,94,0,0,0,0,0
201900010032,19,4,21,2129,2,9,6,3,4402820,190427,6,4,3,3,1,1,759,929,2,7,1,58,0,0,0,0,0
201900010033,19,12,10,1461,2,4,8,1,4402676,9290,7,4,42,1,2,4,30,943,5,1,5,70,0,0,0,0,0
201900010034,19,7,4,1254,1,6,9,2,4933379,147295,1,3,32,1,1,2,810,830,4,1,3,64,0,0,0,0,0
201900010035,19,3,23,1035,2,5,6,2,4575630,32340,4,3,5,1,4,3,330,750,6,7,3,37,0,0,0,0,0
201900010036,19,11,19,230,5,5,7,6,4759425,691493,7,2,21,2,1,3,446,920,5,5,3,94,0,0,0,0,0
201900010037,19,9,17,1901,1,5,5,1,4600827,-81346,3,4,24,2,1,3,436,48,1,7,1,49,0,0,0,0,0
201900010038,19,12,25,300,4,3,3,2,4950678,-325366,2,4,40,1,2,1,108,663,2,3,3,57,0,0,0,0,0
201900010039,19,2,21,1322,1,2,1,1,4521717,-349561,7,2,15,3,3,2,365,847,9,5,3,53,0,0,0,0,0
201900010040,19,7,27,316,5,3,6,6,4450124,360384,7,2,18,1,3,4,903,194,1,3,2,53,0,0,0,0,0
201900010041,19,4,20,758,4,8,9,2,4688667,680867,8,4,21,2,3,4,47,747,4,1,5,32,0,0,0,0,0
201900010042,19,3,12,331,1,8,3,4,4664736,105153,5,2,29,2,4,2,649,371,9,4,3,99,0,0,0,0,0
201900010043,19,3,17,1536,4,3,2,3,4611219,212343,2,4,10,2,3,4,876,175,3,4,1,56,0,0,0,0,0
201900010044,19,7,20,266,5,1,2,5,4822264,683603,5,1,17,3,2,2,698,140,7,4,2,61,0,0,0,0,0
201900010045,19,9,13,1554,5,7,5,2,4548324,-71626,5,2,18,1,2,1,36,724,6,1,2,96,0,0,0,0,0
201900010046,19,3,14,1960,4,4,6,4,4634044,625913,5,4,16,1,2,3,497,752,2,4,4,56,0,0,0,0,0
201900010047,19,1,6,659,3,2,9,7,4740778,363715,6,4,29,2,3,1,865,683,6,1,4,54,0,0,0,0,0
201900010048,19,2,24,1055,4,4,5,3,4576916,-12281,9,2,5,1,2,4,301,338,3,5,3,32,0,0,0,0,0
201900010049,19,1,27,24,1,8,2,3,4589962,365590,4,3,23,2,3,4,93,965,1,3,4,19,0,0,0,0,0
201900010050,19,10,23,1166,5,4,2,1,4879926,651300,3,1,10,2,4,1,663,551,4,2,5,49,0,0,0,0,0
201900010051,19,5,15,518,1,1,8,7,4522191,454350,8,3,23,1,2,3,747,354,6,7,2,84,0,0,0,0,0
201900010052,19,10,9,2005,4,5,9,1,4776131,-34378,5,1,51,1,1,4,64,349,3,5,2,77,0,0,0,0,0
201900010053,19,4,12,574,1,2,1,7,4959722,31938,7,1,23,2,1,3,403,448,4,7,5,58,0,0,0,0,0
201900010054,19,8,18,26,3,5,5,1,4616543,-171378,7,1,0,1,3,3,158,210,2,3,1,87,0,0,0,0,0
201900010055,19,7,22,1711,1,4,6,1,4475993,-24790,4,1,21,1,4,2,491,554,2,3,5,42,0,0,0,0,0
201900010056,19,6,17,1687,2,1,2,4,4706598,178090,7,2,6,2,2,1,772,488,7,5,2,66,0,0,0,0,0
201900010057,19,8,25,931,4,2,4,6,4833555,41920,4,2,20,2,3,3,640,554,5,2,3,68,0,0,0,0,0
201900010058,19,9,14,1663,2,3,2,4,4498506,6820,1,4,33,2,2,2,345,853,1,1,1,5,0,0,0,0,0
201900010059,19,5,1,499,3,8,9,7,4792357,-187200,5,2,28,1,4,1,567,45,1,3,1,59,0,0,0,0,0
201900010060,19,5,11,161,2,6,5,3,4501483,139575,4,2,13,3,2,2,352,608,9,5,3,31,0,0,0,0,0
201900010061,19,9,23,319,4,9,6,1,4546134,591983,1,4,25,3,3,4,862,212,2,3,2,26,0,0,0,0,0
201900010062,19,11,16,714,2,6,6,4,4853836,364684,7,1,17,3,1,3,522,632,1,7,3,50,0,0,0,0,0
201900010063,19,12,1,325,4,2,9,5,4519680,331063,9,4,28,1,4,2,738,953,3,5,2,6,0,0,0,0,0
201900010064,19,3,10,1767,2,1,1,6,4616831,-191177,8,2,50,1,4,1,574,703,6,6,4,82,0,0,0,0,0
201900010065,19,1,26,2053,4,8,3,1,4666426,111997,7,1,18,1,1,2,305,763,7,4,5,64,0,0,0,0,0
201900010066,19,12,7,1871,1,4,9,7,4673587,84966,7,4,11,2,1,1,667,50,2,2,5,56,0,0,0,0,0
201900010067,19,9,12,1324,4,8,5,5,4507552,426612,6,2,2,2,2,4,477,281,3,4,2,73,0,0,0,0,0
201900010068,19,2,27,1409,2,6,4,2,4872981,120658,9,3,46,2,1,3,762,129,2,4,5,6,0,0,0,0,0
201900010069,19,11,1,1339,2,5,4,3,4453804,-383985,4,3,18,1,2,2,71,395,3,5,3,71,0,0,0,0,0
201900010070,19,1,2,1626,1,7,1,1,4840758,538041,3,3,20,1,1,4,76,632,2,3,2,12,0,0,0,0,0
201900010071,19,5,3,57,1,1,8,7,4743335,210109,7,1,12,3,4,2,837,467,7,3,4,68,0,0,0,0,0
201900010072,19,3,1,1969,4,8,4,3,4755197,-293407,9,1,45,3,4,1,159,180,5,3,3,44,0,0,0,0,0
201900010073,19,6,26,1638,5,5,1,6,4652918,472832,3,1,3,1,3,4,36,362,4,2,1,64,0,0,0,0,0
201900010074,19,8,28,2236,1,7,6,5,4785295,-85360,9,1,16,2,3,1,482,472,2,4,3,3,0,0,0,0,0
201900010075,19,11,5,1848,1,8,1,1,4980538,-22605,9,1,38,1,3,2,676,391,1,7,1,39,0,0,0,0,0
201900010076,19,9,21,981,3,6,5,6,4549022,61293,3,2,31,1,1,3,482,818,1,1,5,14,0,0,0,0,0
201900010077,19,1,24,69,5,1,3,5,4849366,266890,7,4,46,1,4,1,777,486,3,5,3,57,0,0,0,0,0
201900010078,19,10,23,2032,2,2,5,5,4619058,573574,9,1,16,2,1,3,674,872,1,6,4,44,0,0,0,0,0
201900010079,19,9,27,1474,2,3,5,6,4973007,-263448,6,4,29,1,2,4,603,16,1,5,1,84,0,0,0,0,0
201900010080,19,2,11,2018,5,5,3,1,4998494,623897,3,1,17,1,4,1,495,132,5,3,2,93,0,0,0,0,0
201900010081,19,12,23,680,2,5,4,3,4685502,-176398,5,3,9,2,4,3,375,77,6,6,5,78,0,0,0,0,0
201900010082,19,3,8,2130,5,2,6,2,4610090,-233736,8,4,30,2,3,3,470,781,8,6,1,85,0,0,0,0,0
201900010083,19,9,6,633,5,5,7,7,4830761,107171,1,2,33,1,3,1,890,794,2,1,1,32,0,0,0,0,0
201900010084,19,9,14,1566,1,5,8,1,4982866,-150377,7,4,51,2,1,1,746,551,2,5,2,56,0,0,0,0,0
201900010085,19,11,5,1000,5,1,5,4,4988035,428043,6,1,42,1,3,3,291,11,8,4,1,30,0,0,0,0,0
201900010086,19,11,12,2182,4,5,1,5,4460793,525068,6,3,10,3,1,3,807,978,1,5,4,4,0,0,0,0,0
201900010087,19,2,27,1480,3,6,4,5,4827483,689941,5,2,50,3,2,4,385,68,6,4,2,39,0,0,0,0,0
201900010088,19,8,22,599,2,3,7,6,4788932,206497,2,2,41,3,2,1,833,790,4,4,3,53,0,0,0,0,0
201900010089,19,11,8,2238,5,7,4,7,4643325,49708,8,1,52,1,1,4,804,104,6,3,3,23,0,0,0,0,0
201900010090,19,6,18,1166,4,2,1,4,4746672,-290707,6,1,27,3,1,1,40,621,8,7,3,45,0,0,0,0,0
201900010091,19,11,21,1424,3,1,2,4,4508397,302588,2,3,9,2,1,4,711,976,5,3,2,86,0,0,0,0,0
201900010092,19,7,25,653,5,8,6,6,4539522,-341499,8,1,7,1,4,1,357,31,3,2,1,72,0,0,0,0,0
201900010093,19,3,10,916,3,1,2,5,4939196,95423,2,4,9,3,2,4,319,421,1,6,5,59,0,0,0,0,0
201900010094,19,10,4,1821,1,8,5,2,4952509,200798,4,4,41,1,2,2,55,432,7,2,5,21,0,0,0,0,0
201900010095,19,12,26,1460,1,7,8,2,4537159,370437,9,1,17,1,2,2,813,504,7,5,3,99,0,0,0,0,0
201900010096,19,1,9,942,1,3,7,7,4795546,273352,6,2,7,1,2,2,153,59,8,2,3,98,0,0,0,0,0
201900010097,19,5,15,239,1,5,5,4,4898642,-204251,3,1,52,3,4,4,244,416,6,5,3,40,0,0,0,0,0
201900010098,19,9,10,5,4,4,4,2,4427633,159557,7,2,8,2,3,2,168,854,8,1,4,15,0,0,0,0,0
201900010099,19,11,2,2352,4,5,9,2,4441646,641166,9,1,10,1,4,4,297,863,3,7,3,54,0,0,0,0,0
201900010100,19,4,20,2293,4,2,4,1,4675455,135808,6,2,12,1,3,3,449,695,7,4,4,42,0,0,0,0,0
201900010101,19,3,26,1973,1,2,4,2,4427195,139818,8,3,36,3,4,4,33,366,8,7,5,57,0,0,0,0,0
201900010102,19,7,28,524,1,6,6,7,4665390,90027,9,2,8,3,4,2,852,825,7,1,2,13,0,0,0,0,0
201900010103,19,6,19,2255,4,6,2,1,4405958,28182,2,3,18,2,3,2,129,356,8,6,4,55,0,0,0,0,0
201900010104,19,5,27,1296,4,3,3,3,4616356,652598,9,2,19,2,2,3,850,41,6,1,3,66,0,0,0,0,0
201900010105,19,4,5,2156,2,4,9,6,4936338,287127,9,3,26,3,4,1,429,909,9,5,4,56,0,0,0,0,0
201900010106,19,1,8,2300,4,7,5,6,4863423,-31008,6,3,42,2,4,2,720,922,7,4,1,92,0,0,0,0,0
201900010107,19,5,1,33,4,6,8,7,4851939,-85295,2,3,29,3,2,3,604,953,7,3,2,25,0,0,0,0,0
201900010108,19,7,15,696,2,4,2,5,4407112,-381333,9,2,45,1,1,2,801,432,5,2,3,15,0,0,0,0,0
201900010109,19,2,12,1497,4,3,2,4,4962483,226883,1,3,43,3,2,3,79,996,9,4,3,33,0,0,0,0,0
201900010110,19,6,22,490,1,1,9,5,4596691,230053,4,2,21,3,2,3,249,787,8,5,2,65,0,0,0,0,0
201900010111,19,6,24,1082,3,2,1,3,4850180,308484,3,2,17,3,4,4,699,961,9,2,2,65,0,0,0,0,0
201900010112,19,3,10,1058,2,9,6,2,4516309,299012,7,4,6,3,3,2,436,227,4,7,4,88,0,0,0,0,0
201900010113,19,9,8,2149,2,1,5,4,4943287,46253,6,3,49,3,1,3,298,272,4,4,3,65,0,0,0,0,0
201900010114,19,9,2,42,4,8,4,7,4476433,12843,4,4,43,3,1,3,570,845,4,4,5,23,0,0,0,0,0
201900010115,19,8,18,1482,3,4,2,4,4640683,-312952,6,3,25,3,1,4,647,775,5,6,4,34,0,0,0,0,0
201900010116,19,11,12,1702,5,3,4,2,4434682,391673,6,4,9,1,2,4,87,200,3,1,4,10,0,0,0,0,0
201900010117,19,6,5,1348,1,9,7,6,4856633,-291721,9,2,27,1,4,2,186,813,2,3,5,41,0,0,0,0,0
201900010118,19,7,13,1410,3,6,1,6,4559250,-33557,7,3,3,3,2,3,210,407,3,3,4,40,0,0,0,0,0
201900010119,19,5,18,515,2,6,5,3,4846001,-62250,8,1,37,1,4,2,20,522,6,3,5,19,0,0,0,0,0
201900010120,19,1,14,1133,5,5,4,2,4458995,234928,9,3,8,1,2,1,770,977,5,1,1,34,0,0,0,0,0
201900010121,19,8,9,2185,1,4,4,1,4720490,-201279,9,1,9,1,4,2,536,992,6,6,2,5,0,0,0,0,0
201900010122,19,2,6,1191,4,9,9,4,4655919,8776,1,1,34,2,4,2,13,943,3,6,4,92,0,0,0,0,0
201900010123,19,1,3,919,2,5,2,3,4674376,110692,9,3,24,3,4,1,660,186,9,5,5,15,0,0,0,0,0
201900010124,19,11,5,2131,2,4,5,1,4615869,12165,1,3,0,1,2,4,149,425,4,5,4,16,0,0,0,0,0
201900010125,19,1,12,2270,3,7,4,3,4746010,-181722,6,4,32,3,4,3,493,359,3,5,5,68,0,0,0,0,0
201900010126,19,12,4,1730,2,5,3,1,4769077,655528,2,3,23,2,3,3,399,161,5,4,4,52,0,0,0,0,0
201900010127,19,7,27,1466,1,4,3,3,4752668,442897,1,1,32,3,1,4,853,964,4,2,2,89,0,0,0,0,0
201900010128,19,6,20,1032,1,5,1,6,4693196,-308641,2,4,37,3,1,1,747,769,5,3,4,41,0,0,0,0,0
201900010129,19,4,2,1597,3,6,6,4,4954457,-6899,4,4,46,3,1,3,760,976,6,5,5,71,0,0,0,0,0
201900010130,19,8,15,1188,1,2,6,7,4848244,-125038,3,2,51,3,4,3,565,5,4,7,1,67,0,0,0,0,0
201900010131,19,10,28,1629,2,4,7,7,4696991,692822,3,3,37,3,1,2,631,845,4,7,3,29,0,0,0,0,0
201900010132,19,2,28,1110,2,5,8,7,4547772,-335309,2,3,11,3,4,4,324,846,2,7,1,66,0,0,0,0,0
201900010133,19,6,13,591,2,5,6,3,4533247,77587,1,2,21,1,1,2,266,607,1,4,1,28,0,0,0,0,0
201900010134,19,10,14,2318,5,6,4,5,4621165,531958,9,3,2,1,3,4,219,881,3,7,1,61,0,0,0,0,0
201900010135,19,8,28,1597,5,1,3,3,4963777,130647,2,4,53,2,4,1,438,374,2,5,2,36,0,0,0,0,0
201900010136,19,7,10,756,2,2,9,7,4993714,-150265,8,4,38,2,4,1,246,651,8,1,2,63,0,0,0,0,0
201900010137,19,3,18,1569,4,5,7,5,4945048,-237813,4,4,32,1,4,1,791,513,4,3,3,18,0,0,0,0,0
201900010138,19,6,27,1104,4,8,3,2,4689315,-280993,5,3,10,2,1,4,246,530,9,7,1,23,0,0,0,0,0
201900010139,19,8,5,1875,4,1,1,6,4501451,280153,7,1,48,1,1,3,709,267,6,6,4,10,0,0,0,0,0
201900010140,19,3,15,1860,5,4,5,3,4939140,-156402,7,4,38,1,3,4,176,828,1,2,3,15,0,0,0,0,0
201900010141,19,1,17,448,3,8,3,2,4479669,452767,6,2,45,3,1,2,329,297,2,5,3,58,0,0,0,0,0
201900010142,19,5,24,1608,2,2,8,5,4414823,216408,5,4,8,3,4,4,146,64,9,6,5,66,0,0,0,0,0
201900010143,19,1,10,640,4,4,8,5,4892048,84850,6,2,3,3,2,3,639,195,1,5,5,35,0,0,0,0,0
201900010144,19,7,3,2304,4,9,2,5,4760733,620923,9,1,27,2,1,1,745,526,6,5,3,11,0,0,0,0,0
201900010145,19,3,15,1689,1,1,7,2,4667432,548562,5,2,29,3,1,4,508,938,7,2,2,35,0,0,0,0,0
201900010146,19,4,8,25,2,1,2,6,4974108,610466,6,3,8,1,1,3,492,743,2,2,3,55,0,0,0,0,0
201900010147,19,3,18,2210,5,3,3,5,4536093,642229,1,2,27,2,4,2,39,126,6,1,3,92,0,0,0,0,0
201900010148,19,12,10,54,2,1,3,4,4707207,-38833,7,1,25,3,4,1,62,834,4,5,4,55,0,0,0,0,0