Num_Acc,an,mois,jour,hrmn,lum,int,atm,col,lat,long,catr,circ,nbv,vosp,prof,plan,lartpc,larrout,surf,infra,situ,env1,unscathed,killed,hospital,light,chance
201900010149,19,4,5,1593,3,2,4,5,4986207,-385809,7,3,7,2,1,2,750,52,8,6,3,32,0,0,0,0,0
201900010150,19,8,1,610,1,1,2,1,4750969,445979,2,1,42,3,2,2,749,512,4,6,5,68,0,0,0,0,0
201900010151,19,11,25,1617,4,4,6,3,4569092,478244,7,3,3,2,4,1,842,114,6,1,1,89,0,0,0,0,0
201900010152,19,4,17,1659,3,6,6,7,4763962,-249037,7,4,3,3,1,2,605,309,8,5,1,79,0,0,0,0,0
201900010153,19,7,23,105,3,8,8,2,4527075,440386,8,1,27,3,2,1,510,117,5,1,1,22,0,0,0,0,0
201900010154,19,4,27,444,1,3,9,7,4485618,341299,7,3,40,3,1,2,483,566,4,3,3,45,0,0,0,0,0
201900010155,19,4,25,1507,3,7,7,1,4717993,401212,7,4,38,3,1,3,189,806,2,5,2,99,0,0,0,0,0
201900010156,19,7,23,692,1,1,9,3,4991484,510548,1,3,35,3,3,1,672,206,1,6,5,40,0,0,0,0,0
201900010157,19,11,5,1344,1,2,9,7,4980936,-159667,7,1,29,1,1,4,306,27,7,4,5,42,0,0,0,0,0
201900010158,19,2,15,1701,3,3,7,5,4521606,429925,1,2,35,1,2,2,593,930,3,7,2,8,0,0,0,0,0
201900010159,19,10,23,319,3,4,3,6,4418292,-219148,1,4,49,3,1,4,647,714,5,5,2,99,0,0,0,0,0
201900010160,19,7,13,2335,5,3,3,1,4800423,222430,4,2,0,2,3,2,353,929,1,6,1,30,0,0,0,0,0
201900010161,19,4,1,2196,3,8,8,6,4932228,624764,1,4,35,1,2,1,514,376,9,5,3,62,0,0,0,0,0
201900010162,19,6,21,2169,4,3,2,6,4512877,270330,1,4,43,3,1,1,856,675,4,2,2,25,0,0,0,0,0
201900010163,19,9,13,1329,2,5,4,5,4884580,344044,1,4,13,1,1,1,127,379,2,5,1,49,0,0,0,0,0
201900010164,19,12,6,245,4,7,3,1,4687485,351896,6,4,35,1,2,2,717,438,7,4,4,52,0,0,0,0,0
201900010165,19,8,22,809,5,2,4,6,4728844,-93983,9,2,44,1,4,1,652,360,9,7,1,91,0,0,0,0,0
201900010166,19,11,26,1185,2,1,5,7,4405660,38795,4,3,36,2,2,1,106,196,9,2,4,51,0,0,0,0,0
201900010167,19,3,3,2020,5,7,4,5,4774275,275281,5,2,25,3,2,4,672,471,1,3,4,52,0,0,0,0,0
201900010168,19,2,20,820,4,8,5,7,4422146,392188,7,2,1,2,1,1,197,11,8,7,2,98,0,0,0,0,0
201900010169,19,6,17,798,3,9,9,1,4946240,534348,9,1,27,1,1,2,241,689,1,2,2,52,0,0,0,0,0
201900010170,19,11,12,440,2,2,6,5,4669057,138765,6,3,25,3,3,4,845,264,2,7,2,37,0,0,0,0,0
201900010171,19,1,4,889,1,3,1,3,4577585,-278047,5,2,45,2,2,2,331,667,5,1,2,77,0,0,0,0,0
201900010172,19,6,15,268,2,8,6,6,4420162,-212984,1,2,1,2,1,3,482,260,8,5,4,26,0,0,0,0,0
201900010173,19,2,4,648,3,1,3,7,4628731,517376,3,2,3,2,4,4,798,375,2,5,5,27,0,0,0,0,0
201900010174,19,10,18,1455,2,6,7,7,4586882,167234,5,1,14,3,2,2,300,260,9,4,3,69,0,0,0,0,0
201900010175,19,6,7,1190,2,6,6,2,4634035,587151,6,4,48,2,4,2,405,100,9,4,4,46,0,0,0,0,0
201900010176,19,8,1,2347,1,1,9,3,4555314,479518,1,4,38,1,4,2,66,892,4,2,2,31,0,0,0,0,0
201900010177,19,6,26,884,1,8,6,3,4464351,-159902,4,1,7,2,4,3,624,988,2,4,1,91,0,0,0,0,0
201900010178,19,2,26,914,5,8,2,6,4745756,346514,8,1,43,1,1,4,228,38,8,2,5,41,0,0,0,0,0
201900010179,19,10,20,1151,3,6,6,5,4732405,147657,3,4,51,3,3,4,891,481,4,5,1,41,0,0,0,0,0
201900010180,19,6,12,759,4,1,8,1,4968649,470440,4,3,20,3,4,4,350,991,4,2,5,93,0,0,0,0,0
201900010181,19,12,1,501,2,2,8,2,4878242,661613,9,4,33,1,4,1,897,658,4,5,4,15,0,0,0,0,0
201900010182,19,11,18,1731,2,8,4,4,4995171,-395562,7,1,2,1,3,3,144,506,4,4,5,10,0,0,0,0,0
201900010183,19,11,21,938,1,8,6,3,4608554,109349,5,3,53,2,2,2,146,876,4,5,4,78,0,0,0,0,0
201900010184,19,4,26,2215,4,7,2,3,4416332,-45404,3,2,6,3,1,2,555,955,3,3,2,61,0,0,0,0,0
201900010185,19,1,27,876,2,1,4,4,4934572,-279918,4,4,0,2,1,1,186,297,6,4,2,40,0,0,0,0,0
201900010186,19,12,4,725,1,6,9,7,4634445,-22966,3,2,26,2,3,1,539,876,2,6,2,24,0,0,0,0,0
201900010187,19,3,15,1924,3,4,6,3,4499763,-67021,5,4,10,2,2,1,518,201,2,1,1,63,0,0,0,0,0
201900010188,19,10,11,754,5,5,6,2,4439198,155607,2,3,1,2,4,1,747,639,1,6,4,48,0,0,0,0,0
201900010189,19,4,21,1038,4,3,6,7,4957899,350001,5,2,26,3,4,2,507,800,3,5,2,38,0,0,0,0,0
201900010190,19,11,16,2229,4,2,1,1,4803739,-19338,3,3,51,1,1,3,854,627,5,6,3,22,0,0,0,0,0
201900010191,19,12,9,789,4,2,5,2,4940782,-251343,7,1,8,2,2,4,712,107,3,6,2,20,0,0,0,0,0
201900010192,19,9,4,68,4,4,4,4,4929331,-23584,7,2,49,3,2,1,130,772,5,1,5,29,0,0,0,0,0
201900010193,19,2,15,678,1,5,5,6,4644152,178017,2,4,50,3,3,3,845,405,5,2,2,31,0,0,0,0,0
201900010194,19,8,9,1399,3,7,9,6,4817442,8749,8,4,4,1,4,4,809,837,8,1,1,0,0,0,0,0,0
201900010195,19,9,18,1122,2,2,6,5,4599453,-318530,7,4,19,3,2,1,369,227,2,6,3,7,0,0,0,0,0
201900010196,19,4,3,1846,1,9,2,3,4914542,455421,6,1,2,2,2,3,514,36,9,4,4,42,0,0,0,0,0
201900010197,19,11,26,712,1,8,5,6,4622672,200659,9,3,3,1,2,3,590,681,2,5,2,73,0,0,0,0,0
201900010198,19,12,7,805,3,5,6,2,4582258,-28441,5,2,49,3,3,3,18,469,3,7,5,70,0,0,0,0,0
201900010199,19,4,23,1520,3,7,7,1,4895940,28593,1,4,20,1,4,1,67,879,1,3,3,60,0,0,0,0,0
201900010200,19,5,9,1902,2,1,7,3,4573497,-283205,5,1,12,2,3,1,250,398,7,5,1,24,0,0,0,0,0
201900010201,19,10,9,65,5,2,7,2,4759778,-182613,1,4,13,2,2,2,125,40,4,6,1,39,0,0,0,0,0
201900010202,19,3,17,22,4,9,9,6,4611113,-114314,3,4,6,2,4,3,658,753,3,6,5,62,0,0,0,0,0
201900010203,19,12,8,353,2,7,6,3,4937573,406554,6,1,31,1,2,2,837,218,8,7,2,99,0,0,0,0,0
201900010204,19,8,10,1872,3,5,7,1,4897154,-155065,6,1,25,2,2,3,839,378,8,2,2,30,0,0,0,0,0
201900010205,19,3,23,1406,3,3,2,1,4744856,63156,9,4,0,1,3,3,396,926,4,4,2,22,0,0,0,0,0
201900010206,19,9,19,1123,3,5,2,6,4988903,-221691,8,2,43,1,1,4,903,833,7,1,1,35,0,0,0,0,0
201900010207,19,9,3,191,3,2,7,6,4997229,-257498,9,2,27,3,1,1,514,997,1,2,3,36,0,0,0,0,0
201900010208,19,3,16,2212,3,8,7,2,4800205,66946,1,1,13,3,2,3,558,984,1,1,2,60,0,0,0,0,0
201900010209,19,12,14,599,5,1,9,6,4811603,421275,4,3,29,3,1,4,421,982,8,5,2,65,0,0,0,0,0
201900010210,19,8,3,2246,4,5,1,2,4818403,389758,3,2,25,3,1,1,670,545,5,7,3,68,0,0,0,0,0
201900010211,19,10,27,2326,4,5,1,1,4814733,559618,8,4,35,1,4,4,545,323,3,2,5,60,0,0,0,0,0
201900010212,19,4,18,785,2,6,8,7,4843226,-380632,3,2,47,1,3,1,455,774,1,1,4,81,0,0,0,0,0
201900010213,19,5,20,134,2,8,4,4,4471721,-322261,2,4,9,3,3,4,359,97,4,3,1,22,0,0,0,0,0
201900010214,19,6,22,2322,5,5,4,2,4998279,78520,1,4,27,3,2,3,650,674,7,3,2,82,0,0,0,0,0
201900010215,19,3,11,1948,2,7,9,6,4616418,287999,6,1,41,3,4,1,668,114,3,6,4,95,0,0,0,0,0
201900010216,19,8,27,2179,5,1,3,4,4599794,-196194,5,1,39,2,3,2,523,231,9,5,4,18,0,0,0,0,0
201900010217,19,5,19,1822,5,4,4,4,4892709,-350597,5,1,7,2,3,2,234,731,6,3,4,74,0,0,0,0,0
201900010218,19,5,8,1246,2,3,2,1,4487320,644837,8,4,29,3,2,4,397,928,3,1,2,47,0,0,0,0,0
201900010219,19,10,24,1441,2,8,2,2,4878365,593803,3,2,33,3,2,4,471,15,4,4,1,35,0,0,0,0,0
201900010220,19,5,24,1688,1,9,4,2,4471237,675478,2,1,24,3,4,1,233,557,3,1,5,90,0,0,0,0,0
201900010221,19,6,24,2135,1,5,5,4,4423030,598244,6,4,39,3,1,3,648,756,6,6,3,17,0,0,0,0,0
201900010222,19,2,18,1358,5,5,9,6,4613458,439022,9,4,45,3,2,2,68,782,4,5,1,23,0,0,0,0,0
201900010223,19,4,8,2057,1,8,2,3,4989346,-338143,1,4,6,1,4,2,226,229,1,7,2,32,0,0,0,0,0
201900010224,19,3,14,1365,2,1,1,7,4419077,238843,2,3,36,2,2,2,437,242,6,2,5,50,0,0,0,0,0
201900010225,19,8,1,1125,5,9,9,1,4451903,453246,3,1,32,1,1,2,888,815,1,7,1,29,0,0,0,0,0
201900010226,19,2,6,1347,3,3,1,7,4870397,9119,5,1,39,1,3,2,493,377,3,4,4,0,0,0,0,0,0
201900010227,19,4,19,167,2,6,6,6,4690318,-226992,6,2,49,1,4,4,347,539,3,7,1,52,0,0,0,0,0
201900010228,19,9,23,742,3,3,9,1,4873283,-336899,6,2,15,3,2,2,382,695,6,7,2,60,0,0,0,0,0
201900010229,19,5,14,636,3,2,4,3,4760660,61120,9,3,23,2,1,2,539,793,4,3,2,96,0,0,0,0,0
201900010230,19,2,21,1931,5,8,5,5,4483399,-181825,9,3,11,1,1,4,152,706,7,1,3,35,0,0,0,0,0
201900010231,19,10,23,186,4,5,7,1,4942511,58852,4,2,24,2,4,1,376,992,4,7,3,55,0,0,0,0,0
201900010232,19,8,5,167,3,7,6,6,4516907,489521,9,4,26,2,1,4,243,342,4,4,3,61,0,0,0,0,0
201900010233,19,3,22,1422,1,8,7,6,4552067,144467,1,4,13,3,3,2,860,530,3,4,3,6,0,0,0,0,0
201900010234,19,8,4,1205,2,9,2,3,4870475,-310684,3,4,12,2,3,1,281,141,5,3,2,58,0,0,0,0,0
201900010235,19,11,11,838,2,8,6,6,4440721,113289,3,3,33,1,1,2,856,511,9,7,5,53,0,0,0,0,0
201900010236,19,6,22,2314,4,2,1,1,4888847,550113,3,2,13,3,4,4,337,778,2,2,3,64,0,0,0,0,0
201900010237,19,2,21,1315,2,7,7,1,4859077,-311039,8,3,34,1,3,2,538,205,8,2,1,35,0,0,0,0,0
201900010238,19,8,13,546,4,9,7,5,4962555,-52046,5,1,3,3,3,2,838,147,2,5,4,92,0,0,0,0,0
201900010239,19,8,9,1352,5,9,1,4,4851485,634748,6,1,9,2,1,3,570,965,3,6,3,49,0,0,0,0,0
201900010240,19,3,10,1091,4,5,4,5,4802420,-156274,2,3,21,3,1,2,35,536,6,7,4,72,0,0,0,0,0
201900010241,19,8,14,859,2,9,7,2,4522095,361716,2,4,21,1,1,4,2,603,6,5,1,53,0,0,0,0,0
201900010242,19,6,6,759,3,8,7,7,4666776,130673,9,4,34,3,2,2,425,527,3,6,5,44,0,0,0,0,0
201900010243,19,3,2,137,4,5,8,4,4473700,41327,8,4,21,1,3,3,181,989,5,4,2,64,0,0,0,0,0
201900010244,19,12,24,1866,4,4,4,7,4563705,503561,1,2,21,2,2,1,201,285,2,4,1,79,0,0,0,0,0
201900010245,19,12,23,913,2,1,8,5,4560529,-378657,4,1,42,3,2,3,280,98,8,3,5,92,0,0,0,0,0
201900010246,19,12,13,1018,1,8,8,2,4992557,172778,1,2,18,2,3,4,237,869,5,7,3,50,0,0,0,0,0
201900010247,19,12,8,282,1,9,7,5,4935169,254923,9,4,6,3,2,2,289,862,5,5,1,17,0,0,0,0,0
201900010248,19,12,10,1523,4,2,6,3,4652282,-233512,7,1,15,1,1,1,292,515,8,6,3,98,0,0,0,0,0
201900010249,19,8,12,605,2,7,9,6,4568253,601017,2,1,17,3,1,1,707,110,6,2,2,62,0,0,0,0,0
201900010250,19,1,3,566,2,6,3,6,4627540,531104,4,1,29,1,4,2,698,390,8,4,1,56,0,0,0,0,0
201900010251,19,12,24,463,3,7,5,7,4668772,-161974,4,4,5,1,2,2,249,845,3,4,2,64,0,0,0,0,0
201900010252,19,7,16,646,1,7,7,2,4859359,-395136,8,4,7,3,1,1,772,304,7,5,4,78,0,0,0,0,0
201900010253,19,5,28,1587,3,3,8,7,4481882,516566,4,2,28,1,4,3,655,647,6,1,5,89,0,0,0,0,0
201900010254,19,3,13,1618,5,1,8,5,4427183,145505,5,4,16,3,4,4,544,344,1,4,3,34,0,0,0,0,0
201900010255,19,2,27,1865,4,1,7,1,4904453,354638,6,4,48,3,2,1,449,163,4,7,1,2,0,0,0,0,0
201900010256,19,9,19,2028,2,7,1,4,4859777,430783,2,2,19,3,4,2,914,812,2,3,3,58,0,0,0,0,0
201900010257,19,8,19,1907,3,7,7,4,4868072,642830,4,2,49,3,3,4,577,509,2,6,5,78,0,0,0,0,0
201900010258,19,10,23,334,1,2,9,1,4457950,274511,6,1,9,1,2,1,352,243,2,2,5,15,0,0,0,0,0
201900010259,19,11,27,1132,3,1,7,7,4754072,670284,7,1,4,2,1,3,7,146,3,7,2,94,0,0,0,0,0
201900010260,19,1,11,1562,1,9,3,1,4518194,417089,8,1,36,3,3,2,222,543,5,4,1,82,0,0,0,0,0
201900010261,19,9,22,2187,3,5,6,5,4906788,-2893,3,4,41,1,4,4,478,558,5,3,1,46,0,0,0,0,0
201900010262,19,1,16,1079,5,5,5,4,4936584,526359,6,4,3,2,2,3,242,803,1,6,4,38,0,0,0,0,0
201900010263,19,12,9,2011,4,3,9,5,4825770,-373776,2,4,47,2,4,1,680,749,4,1,4,7,0,0,0,0,0
201900010264,19,6,17,1097,1,5,3,1,4820086,492818,2,3,34,3,2,3,125,764,6,1,3,61,0,0,0,0,0
201900010265,19,8,23,2182,5,2,6,5,4479509,465374,4,4,30,2,1,1,892,362,5,4,5,15,0,0,0,0,0
201900010266,19,1,17,1197,2,1,3,4,4791036,-359059,9,3,3,1,2,3,556,884,9,5,3,33,0,0,0,0,0
201900010267,19,9,23,680,4,8,7,1,4743394,-257497,6,1,9,3,4,3,281,982,7,7,4,16,0,0,0,0,0
201900010268,19,6,26,536,5,6,9,7,4837516,-377201,1,3,33,3,4,2,569,563,3,5,3,87,0,0,0,0,0
201900010269,19,2,15,1945,1,8,8,7,4489400,582455,4,4,33,2,2,4,494,642,9,3,3,17,0,0,0,0,0
201900010270,19,11,12,1633,5,5,3,4,4812650,-45401,3,2,19,2,4,4,329,958,1,1,2,86,0,0,0,0,0
201900010271,19,1,6,859,2,6,8,7,4755975,-41546,6,3,26,1,4,2,434,740,4,7,5,26,0,0,0,0,0
201900010272,19,5,9,356,4,5,6,5,4743755,670427,8,1,41,2,4,1,708,184,7,5,4,31,0,0,0,0,0
201900010273,19,8,1,395,4,7,2,2,4434602,-127392,9,2,19,2,2,1,351,285,6,1,5,84,0,0,0,0,0
201900010274,19,1,14,2063,5,7,3,6,4662132,-327589,9,1,12,2,2,2,206,126,2,2,3,11,0,0,0,0,0
201900010275,19,10,13,1231,2,2,2,2,4401575,-127035,8,1,4,2,3,3,10,944,9,5,5,86,0,0,0,0,0
201900010276,19,3,25,1398,5,6,1,5,4801685,531182,2,2,48,3,4,2,380,52,5,3,5,66,0,0,0,0,0
201900010277,19,6,17,1609,2,3,4,4,4511124,141505,2,4,53,1,1,4,805,271,9,2,4,24,0,0,0,0,0
201900010278,19,1,15,398,1,4,7,4,4913582,483075,8,2,12,3,1,2,739,460,4,7,2,42,0,0,0,0,0
201900010279,19,2,13,2269,3,6,4,4,4423971,80464,1,4,47,3,2,2,739,737,4,1,4,34,0,0,0,0,0
201900010280,19,1,18,1975,3,3,4,3,4910551,698833,5,3,35,2,4,3,56,775,9,3,3,32,0,0,0,0,0
201900010281,19,12,28,1916,1,1,8,1,4933481,-7560,4,1,14,3,1,4,432,333,8,1,1,86,0,0,0,0,0
201900010282,19,10,10,1598,3,8,3,1,4417906,542337,5,4,8,3,2,4,237,493,5,1,2,10,0,0,0,0,0
201900010283,19,9,19,420,5,6,2,4,4630063,-386931,1,3,11,3,4,2,669,798,3,5,1,1,0,0,0,0,0
201900010284,19,10,12,931,1,8,1,4,4893688,14650,2,2,43,1,3,2,913,180,5,4,1,41,0,0,0,0,0
201900010285,19,10,10,1980,3,9,9,1,4752462,-366463,6,1,28,2,1,4,465,604,1,7,1,7,0,0,0,0,0
201900010286,19,4,8,1000,3,1,6,3,4868901,542032,7,1,12,1,3,2,722,712,6,3,1,42,0,0,0,0,0
201900010287,19,11,11,907,1,3,4,3,4890182,84894,6,1,0,1,2,1,767,819,4,6,1,79,0,0,0,0,0
201900010288,19,6,4,151,5,8,4,4,4766125,39676,2,3,8,1,1,1,810,530,3,1,5,36,0,0,0,0,0
201900010289,19,8,26,582,3,3,2,2,4652080,-354896,4,1,42,2,1,3,697,230,6,2,2,97,0,0,0,0,0
201900010290,19,3,16,554,2,7,4,3,4693850,422989,8,2,3,1,1,1,616,193,4,2,4,40,0,0,0,0,0
201900010291,19,4,22,1955,4,8,6,5,4949796,-353323,7,3,51,1,1,3,799,531,6,4,2,90,0,0,0,0,0
201900010292,19,9,23,1450,2,2,8,5,4816235,529558,4,2,6,2,1,3,265,765,8,4,2,28,0,0,0,0,0
201900010293,19,4,2,267,2,4,5,1,4436424,-318348,2,4,8,3,4,2,787,885,1,5,2,91,0,0,0,0,0
201900010294,19,3,22,1527,5,8,9,1,4497284,335704,1,4,2,3,2,2,502,860,3,6,1,37,0,0,0,0,0
201900010295,19,8,22,2115,3,2,5,1,4790921,339031,2,4,36,2,4,2,646,50,8,3,4,64,0,0,0,0,0
201900010296,19,5,2,1289,2,5,5,7,4582946,-296469,9,4,9,3,4,4,445,590,2,1,4,48,0,0,0,0,0
201900010297,19,10,23,1212,3,2,7,7,4980042,-234355,5,3,29,3,4,1,188,5,7,7,3,51,0,0,0,0,0
201900010298,19,10,10,1448,2,4,8,3,4708674,-351983,6,4,22,3,3,3,146,16,1,6,4,37,0,0,0,0,0
201900010299,19,3,5,2123,3,6,8,5,4662797,620059,3,3,11,3,2,3,14,103,1,1,2,43,0,0,0,0,0
201900010300,19,11,24,404,2,4,7,7,4989059,271323,5,3,16,2,2,2,766,361,3,1,5,90,0,0,0,0,0
201900010301,19,4,13,978,1,9,5,2,4945202,305319,6,3,35,3,4,1,197,617,4,5,3,49,0,0,0,0,0
201900010302,19,9,10,747,5,1,7,2,4723749,191965,3,3,42,3,2,2,708,529,2,4,5,72,0,0,0,0,0
201900010303,19,11,21,2281,5,9,6,3,4538734,-245133,3,3,32,2,1,3,252,740,1,4,4,85,0,0,0,0,0
201900010304,19,5,12,1347,1,5,6,5,4652162,446717,4,4,52,1,4,4,350,296,6,6,1,36,0,0,0,0,0
201900010305,19,11,27,945,1,9,4,4,4407725,394044,5,1,48,1,3,3,604,236,2,2,1,40,0,0,0,0,0
201900010306,19,10,21,1103,4,7,1,7,4983832,616348,5,2,42,2,2,3,29,910,6,5,3,34,0,0,0,0,0
201900010307,19,12,26,1693,4,6,1,7,4473938,672832,1,2,3,3,3,1,75,43,9,4,2,78,0,0,0,0,0
201900010308,19,5,16,267,5,9,8,5,4929745,-383564,8,1,49,3,2,2,88,662,6,6,3,48,0,0,0,0,0
201900010309,19,4,20,1599,2,4,7,4,4955504,-271258,3,3,24,1,2,1,359,752,1,7,5,37,0,0,0,0,0
201900010310,19,7,11,545,1,1,1,2,4564717,337552,9,1,16,2,3,4,634,147,4,5,2,19,0,0,0,0,0
201900010311,19,7,9,830,1,4,1,3,4605716,-278703,8,1,23,2,2,3,261,698,5,2,5,61,0,0,0,0,0
201900010312,19,10,16,679,5,5,3,7,4618137,-216962,3,1,24,2,3,3,192,946,4,3,5,9,0,0,0,0,0
201900010313,19,4,3,1006,5,1,1,6,4940434,687269,3,3,22,1,1,4,896,517,9,1,4,70,0,0,0,0,0
201900010314,19,5,10,887,1,9,8,2,4944847,-17209,5,1,31,3,3,2,696,222,2,2,2,31,0,0,0,0,0
201900010315,19,9,3,531,2,7,8,7,4469726,139041,5,3,20,3,3,3,686,707,5,3,2,57,0,0,0,0,0
201900010316,19,4,20,1797,5,2,4,3,4672266,394009,3,3,22,1,4,2,426,487,9,2,1,33,0,0,0,0,0
201900010317,19,7,10,280,4,1,9,3,4472933,356603,2,3,24,1,1,2,140,156,3,2,5,41,0,0,0,0,0
201900010318,19,6,2,519,2,4,8,3,4900202,117224,2,4,22,1,2,4,479,5,2,3,5,16,0,0,0,0,0
201900010319,19,11,21,1147,5,5,6,6,4920616,4625,3,2,38,1,1,2,776,163,5,7,2,69,0,0,0,0,0
201900010320,19,4,13,440,2,1,7,2,4526087,520798,6,1,38,1,3,1,579,837,3,5,5,63,0,0,0,0,0
201900010321,19,12,17,2009,5,7,1,5,4996239,681299,7,1,13,1,3,1,177,211,4,2,3,49,0,0,0,0,0
201900010322,19,9,1,573,4,1,1,6,4617072,254160,9,1,50,1,2,2,75,53,5,7,2,52,0,0,0,0,0
201900010323,19,2,18,478,4,2,8,3,4758407,356721,2,2,14,2,3,4,145,892,2,3,2,50,0,0,0,0,0
201900010324,19,11,17,988,2,8,7,7,4833917,-280572,9,4,12,2,1,2,544,882,8,4,3,12,0,0,0,0,0
201900010325,19,9,18,135,5,5,1,2,4803669,697158,9,3,9,3,3,3,346,955,1,1,2,54,0,0,0,0,0
201900010326,19,1,8,2249,1,8,7,4,4917866,10064,5,4,52,2,1,3,256,830,1,4,3,94,0,0,0,0,0
201900010327,19,10,15,1992,4,9,9,6,4748852,-323483,1,2,53,1,3,3,381,450,7,4,4,5,0,0,0,0,0
201900010328,19,2,26,1063,1,3,4,2,4752293,315096,2,3,45,1,3,2,686,665,7,6,2,64,0,0,0,0,0
201900010329,19,12,27,1107,2,6,2,7,4408371,-239855,7,3,0,3,1,1,509,519,5,3,1,2,0,0,0,0,0
201900010330,19,10,28,2259,4,6,2,5,4801340,328551,6,3,2,3,1,3,206,250,9,1,4,50,0,0,0,0,0
201900010331,19,6,4,2345,1,1,1,3,4454855,115360,6,2,25,2,4,2,203,123,3,6,3,31,0,0,0,0,0
201900010332,19,5,1,1502,2,7,9,7,4983677,153340,4,3,25,3,2,3,899,378,6,6,1,21,0,0,0,0,0
201900010333,19,2,21,1013,2,2,8,7,4628198,-26436,9,3,53,1,2,4,105,493,3,1,1,8,0,0,0,0,0
201900010334,19,11,18,229,5,3,9,1,4605793,231432,1,3,45,3,3,3,84,892,5,7,1,56,0,0,0,0,0
201900010335,19,2,17,1362,4,2,8,5,4625805,98317,8,1,8,1,4,2,630,616,1,2,5,60,0,0,0,0,0
201900010336,19,1,9,2079,3,7,6,7,4823383,228342,7,3,40,2,3,1,228,600,7,4,4,94,0,0,0,0,0
201900010337,19,5,4,1072,3,9,9,5,4997672,151573,4,4,35,1,3,3,364,608,2,7,3,87,0,0,0,0,0
201900010338,19,9,21,62,1,3,5,1,4960651,-235785,3,1,24,3,2,3,727,831,1,6,2,96,0,0,0,0,0
201900010339,19,6,6,693,4,9,7,4,4597829,292194,5,3,36,3,2,2,729,375,3,1,2,38,0,0,0,0,0
201900010340,19,5,1,833,4,2,4,6,4966391,441604,6,2,51,1,3,1,351,52,3,3,1,42,0,0,0,0,0
201900010341,19,4,19,2036,4,3,4,1,4521804,226929,8,1,29,2,3,4,41,566,1,4,1,67,0,0,0,0,0
201900010342,19,11,17,1532,4,3,5,7,4628510,-137827,4,3,45,2,1,3,622,488,7,3,2,50,0,0,0,0,0
201900010343,19,2,9,1438,3,1,8,4,4970104,-2085,6,3,44,1,1,1,258,498,5,6,1,62,0,0,0,0,0
201900010344,19,5,20,348,1,5,9,2,4863151,63992,8,3,1,1,2,4,183,365,7,1,3,65,0,0,0,0,0
201900010345,19,11,28,346,2,5,4,1,4541596,260628,4,3,41,1,1,1,110,495,6,3,1,91,0,0,0,0,0
201900010346,19,9,13,1325,3,3,2,1,4411328,615483,7,4,28,1,2,1,171,325,1,7,2,89,0,0,0,0,0
201900010347,19,11,3,1489,3,4,3,5,4559756,38894,7,3,31,3,4,3,399,781,5,6,5,4,0,0,0,0,0
201900010348,19,3,11,1882,1,4,4,6,4406452,351638,7,1,4,3,1,3,873,871,4,2,4,53,0,0,0,0,0
201900010349,19,6,28,2114,5,2,8,6,4980052,-210475,4,3,46,2,3,4,822,430,8,3,4,32,0,0,0,0,0
201900010350,19,8,5,1854,3,9,3,2,4501969,41392,7,2,27,3,4,1,6,136,5,4,5,77,0,0,0,0,0
201900010351,19,1,6,555,3,2,2,1,4894574,370058,1,1,34,2,2,1,406,284,9,4,2,35,0,0,0,0,0
201900010352,19,11,22,282,3,6,4,3,4913982,491050,8,2,28,1,4,4,135,268,6,5,3,2,0,0,0,0,0
201900010353,19,3,21,39,1,7,8,6,4720551,-26208,8,3,51,3,4,1,282,674,6,5,1,68,0,0,0,0,0
201900010354,19,2,22,1300,2,4,8,3,4817740,176253,7,1,50,1,2,2,119,797,8,1,3,78,0,0,0,0,0
201900010355,19,1,26,1704,4,7,6,4,4470369,-68712,4,4,28,1,4,1,254,594,5,5,4,19,0,0,0,0,0
201900010356,19,1,25,1992,5,7,5,3,4773200,-261314,1,3,15,2,1,3,223,6,6,7,5,62,0,0,0,0,0
201900010357,19,7,22,275,4,8,5,4,4513756,-161991,9,4,45,1,3,1,290,894,8,1,3,87,0,0,0,0,0
201900010358,19,11,14,1014,3,2,5,6,4688450,-244436,3,2,43,3,3,1,507,161,3,2,3,17,0,0,0,0,0
201900010359,19,5,5,707,5,4,9,2,4889288,-290377,4,2,36,1,1,1,106,136,7,4,2,1,0,0,0,0,0
201900010360,19,4,27,882,2,1,5,7,4808972,270132,6,1,10,2,1,3,519,797,8,3,2,95,0,0,0,0,0
201900010361,19,6,15,1948,3,7,9,7,4787569,371817,8,1,23,3,3,2,264,821,7,6,2,87,0,0,0,0,0
201900010362,19,11,22,879,3,5,7,5,4801362,-331465,8,2,34,3,3,1,468,852,3,3,4,55,0,0,0,0,0