Num_Acc,an,mois,jour,hrmn,lum,int,atm,col,lat,long,catr,circ,nbv,vosp,prof,plan,lartpc,larrout,surf,infra,situ,env1,unscathed,killed,hospital,light,chance
201900010363,19,4,10,553,3,5,9,4,4475337,36619,3,2,29,1,3,1,735,407,5,1,4,11,0,0,0,0,0
201900010364,19,12,19,98,1,4,3,5,4848850,356992,8,4,49,2,2,2,671,111,8,6,2,17,0,0,0,0,0
201900010365,19,5,9,2254,4,5,1,6,4899608,-322352,5,1,51,1,4,1,618,667,7,4,1,54,0,0,0,0,0
201900010366,19,7,5,757,4,1,2,5,4451950,273552,8,4,9,2,2,1,268,967,2,5,2,99,0,0,0,0,0
201900010367,19,12,20,620,2,2,8,7,4766566,111398,8,2,19,2,1,2,245,458,1,7,1,39,0,0,0,0,0
201900010368,19,1,17,1673,2,9,9,1,4853801,413706,3,4,6,1,2,4,876,790,5,7,5,49,0,0,0,0,0
201900010369,19,11,8,80,5,4,6,7,4649272,632303,3,2,33,1,1,2,905,760,4,1,1,61,0,0,0,0,0
201900010370,19,9,6,2036,3,6,6,3,4594759,-232118,9,4,4,3,4,3,577,73,6,4,1,77,0,0,0,0,0
201900010371,19,8,15,348,3,2,4,7,4868192,78981,6,4,28,2,1,3,703,254,1,5,2,38,0,0,0,0,0
201900010372,19,1,24,823,5,1,4,4,4929956,229432,6,3,6,1,1,3,90,934,9,3,2,54,0,0,0,0,0
201900010373,19,9,23,180,3,2,6,4,4748859,368619,9,4,30,1,3,1,313,623,6,7,1,44,0,0,0,0,0
201900010374,19,4,5,294,1,7,6,5,4570767,608297,5,3,29,1,3,4,424,385,5,3,5,85,0,0,0,0,0
201900010375,19,8,2,462,3,7,3,6,4401857,526646,3,3,2,2,2,2,139,51,1,7,2,94,0,0,0,0,0
201900010376,19,9,5,161,1,1,4,7,4502835,105447,7,1,28,1,1,2,377,789,2,7,1,3,0,0,0,0,0
201900010377,19,3,17,475,2,1,4,5,4786265,126793,3,2,2,1,1,4,911,650,8,2,3,82,0,0,0,0,0
201900010378,19,11,7,1562,1,5,4,3,4922643,59787,2,2,45,1,4,3,385,515,7,5,5,2,0,0,0,0,0
201900010379,19,8,14,775,2,9,4,5,4868988,431853,6,3,52,3,2,3,472,634,4,6,5,18,0,0,0,0,0
201900010380,19,6,14,1273,5,7,8,7,4459375,637249,3,3,40,3,2,3,797,173,9,1,5,50,0,0,0,0,0
201900010381,19,8,4,2083,3,8,5,2,4624186,-310211,7,4,49,1,1,2,233,218,5,4,5,29,0,0,0,0,0
201900010382,19,3,4,31,3,9,2,4,4665624,-319895,6,1,29,2,1,2,894,243,8,7,4,41,0,0,0,0,0
201900010383,19,1,11,351,1,7,7,2,4986665,-264109,2,4,11,3,3,1,590,850,6,2,4,15,0,0,0,0,0
201900010384,19,9,11,1999,4,1,4,7,4547785,408215,1,3,27,3,4,4,360,249,9,7,4,24,0,0,0,0,0
201900010385,19,7,23,2172,2,3,8,4,4853043,-294432,3,4,16,3,1,3,778,80,5,7,3,58,0,0,0,0,0
201900010386,19,11,7,1123,4,4,1,2,4643936,-244005,9,1,3,2,2,1,372,612,9,7,3,2,0,0,0,0,0
201900010387,19,6,27,481,2,4,3,5,4580673,-334857,6,1,7,2,2,1,150,746,7,4,3,37,0,0,0,0,0
201900010388,19,8,10,18,3,3,4,4,4664112,-38786,9,1,43,1,4,1,867,631,1,6,2,4,0,0,0,0,0
201900010389,19,4,27,1515,3,5,3,2,4782884,680684,5,4,20,2,1,3,615,285,6,4,3,42,0,0,0,0,0
201900010390,19,3,16,1727,5,8,9,5,4486641,350494,3,3,42,2,1,2,255,217,6,3,1,78,0,0,0,0,0
201900010391,19,8,13,2351,4,3,5,2,4868727,573761,9,4,28,1,4,3,370,676,8,2,4,54,0,0,0,0,0
201900010392,19,10,8,563,1,4,7,1,4825598,265390,9,4,10,3,1,2,80,639,9,4,3,28,0,0,0,0,0
201900010393,19,11,23,2210,5,2,2,6,4629810,-167020,9,2,46,3,3,3,436,986,4,7,2,42,0,0,0,0,0
201900010394,19,7,11,1073,3,9,5,3,4403170,294736,5,1,15,2,3,3,259,486,7,7,3,69,0,0,0,0,0
201900010395,19,11,26,1147,5,6,2,4,4625621,-56289,2,1,9,2,2,2,588,758,1,3,2,4,0,0,0,0,0
201900010396,19,4,8,561,4,8,7,1,4976561,419243,8,2,1,1,3,4,74,338,1,4,4,34,0,0,0,0,0
201900010397,19,10,21,243,4,8,6,6,4600088,-57988,7,3,27,3,4,3,349,950,3,4,2,6,0,0,0,0,0
201900010398,19,8,17,1059,5,8,5,2,4821149,-159577,4,3,48,2,3,1,135,793,5,3,5,61,0,0,0,0,0
201900010399,19,1,25,1961,3,1,9,2,4812421,281212,4,3,0,3,4,4,472,522,8,4,1,47,0,0,0,0,0
201900010400,19,5,8,266,3,7,9,6,4913867,447353,1,3,4,2,2,4,545,348,9,2,2,7,0,0,0,0,0
201900010401,19,1,17,2263,2,7,4,2,4641894,-169807,4,2,40,1,3,2,350,99,6,6,2,10,0,0,0,0,0
201900010402,19,3,21,408,1,9,4,2,4965484,450793,1,1,28,3,1,1,98,520,9,1,5,95,0,0,0,0,0
201900010403,19,4,15,83,5,9,6,6,4429208,-47539,7,1,47,2,4,2,683,113,3,4,5,75,0,0,0,0,0
201900010404,19,1,2,235,3,8,9,1,4988585,-205911,7,4,36,1,3,2,411,885,3,3,3,64,0,0,0,0,0
201900010405,19,2,14,1463,1,9,3,7,4638074,442214,2,1,43,2,2,3,77,736,1,4,1,46,0,0,0,0,0
201900010406,19,9,9,83,4,7,2,2,4705322,261189,7,1,43,3,1,2,5,661,3,7,4,61,0,0,0,0,0
201900010407,19,8,11,1497,5,8,9,3,4678774,-338585,2,3,36,3,2,3,683,802,6,3,1,91,0,0,0,0,0
201900010408,19,2,12,821,3,2,8,7,4748585,-164660,3,2,16,1,3,2,584,636,8,1,2,68,0,0,0,0,0
201900010409,19,11,17,1966,3,6,9,3,4489668,-277666,8,2,13,3,4,3,337,538,4,7,5,53,0,0,0,0,0
201900010410,19,8,16,599,1,6,6,4,4439803,245217,2,2,4,1,2,1,451,745,4,4,3,5,0,0,0,0,0
201900010411,19,11,26,2321,4,8,3,4,4661979,136845,2,4,15,3,1,2,596,605,4,2,3,77,0,0,0,0,0
201900010412,19,9,9,695,1,4,4,2,4616438,-198033,4,4,26,2,3,4,762,435,3,2,1,41,0,0,0,0,0
201900010413,19,7,17,1140,5,3,3,4,4524053,8815,4,3,52,3,2,4,779,38,5,5,3,27,0,0,0,0,0
201900010414,19,9,22,1018,4,2,2,7,4715678,152597,5,3,37,3,2,3,87,563,2,5,2,86,0,0,0,0,0
201900010415,19,3,19,1330,4,3,6,4,4758068,295271,8,4,40,2,2,3,48,742,6,5,2,37,0,0,0,0,0
201900010416,19,3,9,1586,1,9,2,4,4885970,-149680,7,3,12,2,3,3,847,168,4,3,4,45,0,0,0,0,0
201900010417,19,8,23,571,3,7,8,3,4968253,652010,4,3,13,2,1,4,420,739,7,1,4,96,0,0,0,0,0
201900010418,19,2,7,1979,3,3,4,2,4603440,448617,3,3,11,3,2,4,329,488,6,7,1,85,0,0,0,0,0
201900010419,19,5,13,2184,3,3,4,7,4941683,452518,4,1,47,3,4,4,670,933,9,4,1,9,0,0,0,0,0
201900010420,19,12,20,177,4,9,4,7,4524876,-118959,9,4,3,2,3,3,492,420,9,1,4,11,0,0,0,0,0
201900010421,19,4,13,1615,2,5,3,3,4610653,402829,1,4,6,1,3,4,617,564,7,1,1,80,0,0,0,0,0
201900010422,19,2,10,1279,2,2,5,1,4719059,1489,2,2,26,2,3,1,98,290,1,7,2,65,0,0,0,0,0
201900010423,19,2,22,238,1,3,7,2,4973034,-116747,1,2,41,2,1,1,291,958,7,4,1,19,0,0,0,0,0
201900010424,19,9,13,1031,2,9,3,7,4558308,-344129,6,3,5,3,3,3,815,762,4,1,4,21,0,0,0,0,0
201900010425,19,10,28,1565,2,5,1,5,4996720,-192050,4,1,0,1,1,3,490,79,7,5,3,52,0,0,0,0,0
201900010426,19,4,16,420,3,3,6,7,4925781,120339,2,3,44,1,1,4,457,277,4,6,5,36,0,0,0,0,0
201900010427,19,8,2,161,1,5,2,1,4576017,-246863,7,2,22,1,2,1,855,407,7,7,5,18,0,0,0,0,0
201900010428,19,4,7,2217,5,3,2,1,4839071,-114890,5,3,29,1,4,3,595,310,7,5,5,67,0,0,0,0,0
201900010429,19,2,17,1778,5,5,3,1,4610701,-351716,6,2,21,2,1,2,353,637,5,3,1,48,0,0,0,0,0
201900010430,19,1,26,1323,3,5,4,1,4543033,-122447,7,3,18,3,2,1,251,388,8,7,2,10,0,0,0,0,0
201900010431,19,4,25,2080,3,1,4,3,4547684,-250774,8,1,17,1,4,3,492,859,6,1,2,28,0,0,0,0,0
201900010432,19,5,24,93,5,9,8,1,4750960,-351537,3,3,38,1,4,3,330,275,8,1,5,77,0,0,0,0,0
201900010433,19,4,23,775,2,1,1,3,4877729,-186619,7,3,51,2,3,4,567,125,6,7,3,73,0,0,0,0,0
201900010434,19,7,20,1880,1,5,1,1,4419167,219402,7,4,16,2,4,4,587,28,2,5,5,79,0,0,0,0,0
201900010435,19,7,13,151,4,5,6,7,4677394,282156,9,2,46,1,4,2,631,731,6,7,4,74,0,0,0,0,0
201900010436,19,6,21,2054,5,6,2,7,4896852,162228,6,4,28,2,4,1,620,211,8,7,2,41,0,0,0,0,0
201900010437,19,12,9,101,1,6,7,7,4408732,642578,1,4,11,3,4,4,169,666,8,6,5,89,0,0,0,0,0
201900010438,19,4,9,1103,3,1,1,7,4700120,305804,2,4,42,1,3,2,492,269,4,5,4,74,0,0,0,0,0
201900010439,19,1,23,570,3,4,8,2,4934397,-160696,6,1,12,1,1,1,86,404,3,2,4,80,0,0,0,0,0
201900010440,19,9,20,974,2,3,8,4,4593605,424745,3,2,38,2,2,1,615,353,9,6,4,58,0,0,0,0,0
201900010441,19,11,8,2103,4,7,2,1,4883776,117488,6,2,49,1,2,3,392,845,2,2,4,35,0,0,0,0,0
201900010442,19,9,25,1083,4,3,8,5,4525396,347531,5,1,18,3,3,2,81,833,4,3,2,33,0,0,0,0,0
201900010443,19,11,19,1393,3,3,5,3,4934765,-215819,6,3,11,2,1,3,666,263,2,3,3,93,0,0,0,0,0
201900010444,19,5,23,1811,2,8,1,2,4685095,608866,5,4,52,3,1,1,448,630,3,3,5,35,0,0,0,0,0
201900010445,19,2,27,1641,3,6,2,1,4992414,48381,6,2,20,3,3,4,49,955,8,4,4,71,0,0,0,0,0
201900010446,19,12,14,1246,4,4,1,6,4972639,-250162,6,3,29,1,2,2,578,711,7,1,4,85,0,0,0,0,0
201900010447,19,12,9,2266,1,2,1,1,4857263,644308,2,3,16,2,3,1,599,533,5,2,3,56,0,0,0,0,0
201900010448,19,6,7,1360,2,1,2,4,4625545,-215880,2,1,28,2,2,1,821,874,6,1,5,84,0,0,0,0,0
201900010449,19,6,16,1423,3,5,7,3,4422448,106138,2,1,5,3,3,1,825,385,5,2,2,67,0,0,0,0,0
201900010450,19,4,3,380,2,9,6,4,4911608,-346011,7,2,10,2,3,2,288,275,4,5,5,75,0,0,0,0,0
201900010451,19,7,21,1512,5,5,5,1,4439212,382514,7,3,19,2,1,2,839,921,2,1,2,78,0,0,0,0,0
201900010452,19,5,24,1981,5,9,7,1,4620492,167700,2,4,49,1,4,4,233,114,5,6,4,61,0,0,0,0,0
201900010453,19,4,5,1473,3,6,6,4,4974122,50420,8,1,52,2,4,3,63,897,7,4,2,76,0,0,0,0,0
201900010454,19,6,27,750,3,3,1,3,4744181,690519,3,1,52,3,3,2,504,999,3,6,5,60,0,0,0,0,0
201900010455,19,5,23,613,2,5,9,2,4750302,-274281,4,4,21,2,4,1,137,845,1,4,3,16,0,0,0,0,0
201900010456,19,3,26,796,2,1,6,3,4887904,468722,2,4,53,1,4,2,281,130,3,1,2,90,0,0,0,0,0
201900010457,19,4,11,1695,1,8,6,6,4771861,53005,1,4,5,3,4,4,543,410,5,2,3,39,0,0,0,0,0
201900010458,19,6,15,288,1,4,5,4,4834510,419960,5,1,5,1,3,1,171,138,7,5,1,17,0,0,0,0,0
201900010459,19,12,17,397,5,8,6,4,4587618,-276563,5,4,9,1,4,1,207,376,6,1,3,0,0,0,0,0,0
201900010460,19,10,9,550,3,5,7,4,4616720,-184923,6,3,42,2,2,2,168,999,4,1,3,0,0,0,0,0,0
201900010461,19,5,25,1520,3,8,1,3,4708668,586946,9,2,23,2,1,1,37,198,9,6,3,16,0,0,0,0,0
201900010462,19,8,21,1701,3,2,9,4,4660017,-359751,3,2,42,2,1,3,665,991,7,7,4,79,0,0,0,0,0
201900010463,19,6,2,1680,4,5,6,7,4561103,515841,1,3,8,2,2,2,371,296,9,2,5,59,0,0,0,0,0
201900010464,19,8,27,1509,4,8,1,7,4984332,115437,5,4,6,2,4,2,688,616,6,5,3,80,0,0,0,0,0
201900010465,19,5,28,360,3,2,3,5,4516961,-52044,3,3,38,1,1,3,702,613,8,5,5,73,0,0,0,0,0
201900010466,19,6,22,218,1,7,9,4,4833904,698535,4,1,29,3,3,1,192,373,3,2,3,9,0,0,0,0,0
201900010467,19,2,25,1440,3,6,2,6,4527077,-242776,4,1,52,2,4,2,844,236,5,6,5,90,0,0,0,0,0
201900010468,19,11,9,48,1,9,3,3,4618787,-229279,5,3,9,1,4,1,886,685,6,4,4,20,0,0,0,0,0
201900010469,19,4,14,1148,3,8,6,4,4512767,483037,8,4,38,2,2,4,786,66,2,2,4,94,0,0,0,0,0
201900010470,19,10,8,1944,4,3,4,1,4970579,593933,3,2,48,2,4,3,620,618,8,2,2,61,0,0,0,0,0
201900010471,19,6,10,1363,3,4,1,6,4496884,-78791,1,3,4,3,2,1,423,888,5,1,3,4,0,0,0,0,0
201900010472,19,12,20,1697,2,3,2,4,4907093,373728,6,1,51,1,4,4,807,802,1,4,4,49,0,0,0,0,0
201900010473,19,2,16,800,4,6,2,7,4743942,528247,1,4,7,2,2,4,641,257,7,6,1,95,0,0,0,0,0
201900010474,19,9,6,651,1,7,9,4,4823181,-55801,1,2,27,3,3,3,283,378,4,1,1,4,0,0,0,0,0
201900010475,19,11,22,1314,3,2,8,4,4582461,171655,7,2,25,1,3,2,146,919,3,4,5,65,0,0,0,0,0
201900010476,19,4,6,2071,5,9,8,4,4605006,-397312,3,3,6,1,1,4,556,857,2,2,2,58,0,0,0,0,0
201900010477,19,9,26,179,1,9,8,1,4639887,208152,3,1,37,1,3,4,715,894,4,3,4,39,0,0,0,0,0
201900010478,19,1,25,1495,1,6,6,1,4632629,68955,9,1,0,3,1,4,105,729,6,3,2,48,0,0,0,0,0
201900010479,19,4,24,819,1,5,4,1,4830006,-172557,1,4,21,1,2,3,623,379,8,1,2,19,0,0,0,0,0
201900010480,19,12,24,1698,3,3,1,7,4495268,544642,6,1,37,3,2,3,2,321,7,6,5,23,0,0,0,0,0
201900010481,19,2,22,222,5,1,1,4,4893602,462894,1,2,44,1,2,2,656,415,3,7,3,44,0,0,0,0,0
201900010482,19,12,11,1835,2,1,9,6,4617074,230348,1,3,40,3,3,4,596,445,4,2,4,51,0,0,0,0,0
201900010483,19,11,3,405,1,6,8,5,4708282,-40809,3,2,9,2,4,1,687,979,9,5,2,42,0,0,0,0,0
201900010484,19,10,25,1959,3,5,5,6,4569271,391673,5,1,42,3,4,1,632,904,5,2,4,2,0,0,0,0,0
201900010485,19,12,7,1955,4,1,5,4,4872594,-143560,3,1,26,3,4,1,894,601,4,4,1,27,0,0,0,0,0
201900010486,19,2,12,467,1,7,7,4,4488608,10301,5,3,26,2,2,3,283,976,1,3,5,69,0,0,0,0,0
201900010487,19,10,14,1738,4,4,8,1,4553383,148483,1,1,18,2,2,2,912,264,3,2,4,69,0,0,0,0,0
201900010488,19,7,12,1722,4,8,1,3,4995965,-352232,4,3,4,3,2,4,496,910,6,7,1,57,0,0,0,0,0
201900010489,19,2,4,2168,3,1,5,7,4415350,32013,8,2,5,3,4,3,243,548,2,1,1,12,0,0,0,0,0
201900010490,19,11,25,283,1,5,3,6,4645028,412420,8,3,8,2,4,4,756,166,1,6,5,61,0,0,0,0,0
201900010491,19,5,11,1982,2,7,8,1,4473865,-81475,9,3,6,2,2,4,0,7,5,1,3,45,0,0,0,0,0
201900010492,19,8,6,1192,2,9,8,1,4999215,412607,1,3,31,3,1,1,907,92,9,3,5,2,0,0,0,0,0
201900010493,19,9,10,1894,2,8,4,5,4512671,268947,4,2,11,2,2,1,285,978,2,5,5,67,0,0,0,0,0
201900010494,19,9,7,1305,3,6,7,1,4687232,473997,5,1,14,3,1,3,406,726,8,7,5,53,0,0,0,0,0
201900010495,19,12,20,2297,5,7,1,2,4972519,-378107,6,1,35,2,4,2,623,371,4,6,4,38,0,0,0,0,0
201900010496,19,8,23,121,4,1,5,7,4529534,462414,5,3,4,1,3,2,439,394,8,1,4,95,0,0,0,0,0
201900010497,19,2,15,829,3,2,2,2,4497263,501475,6,1,42,2,2,4,251,680,2,6,2,50,0,0,0,0,0
201900010498,19,10,22,1343,3,2,8,6,4794015,-151615,8,1,11,1,2,3,611,580,6,6,1,34,0,0,0,0,0
201900010499,19,4,7,1287,5,4,6,4,4603975,-215336,8,2,40,3,2,1,611,791,1,5,2,69,0,0,0,0,0
201900010500,19,5,22,1740,5,8,8,1,4600133,352205,5,1,32,3,2,4,92,208,6,4,1,60,0,0,0,0,0
201900010501,19,5,5,1543,4,7,1,4,4626105,-325262,1,3,39,2,3,3,771,213,4,6,1,4,0,0,0,0,0
201900010502,19,10,16,608,5,6,6,3,4719580,673196,7,2,2,1,2,4,434,591,1,5,1,0,0,0,0,0,0
201900010503,19,2,14,249,5,7,7,4,4690601,613846,1,1,9,2,3,4,225,843,1,1,2,6,0,0,0,0,0
201900010504,19,5,14,803,4,4,7,1,4549266,-207892,8,4,1,1,2,1,307,469,8,6,1,92,0,0,0,0,0
201900010505,19,10,25,1261,4,3,6,7,4809199,-329452,1,2,24,1,4,1,322,921,5,1,1,27,0,0,0,0,0
201900010506,19,9,17,383,2,7,3,6,4439415,-254793,6,2,16,2,4,4,666,631,7,6,3,32,0,0,0,0,0
201900010507,19,11,8,1353,5,4,8,1,4758620,248625,9,2,48,1,4,3,368,881,7,4,2,14,0,0,0,0,0
201900010508,19,7,26,864,4,3,8,1,4575410,-324024,7,4,33,3,1,4,82,931,2,5,3,23,0,0,0,0,0
201900010509,19,3,3,1495,1,8,2,5,4768556,-91761,8,2,14,3,2,1,686,299,9,4,2,89,0,0,0,0,0
201900010510,19,11,8,1839,5,7,8,2,4816526,213814,6,1,32,2,3,4,873,557,6,6,3,50,0,0,0,0,0
201900010511,19,11,13,1315,2,4,4,1,4994327,19159,5,1,34,2,1,1,101,533,2,5,5,77,0,0,0,0,0
201900010512,19,2,27,977,4,1,3,1,4581095,-122342,9,3,24,1,4,3,456,394,6,3,5,5,0,0,0,0,0
201900010513,19,12,6,888,5,8,4,7,4874400,303418,4,2,52,3,2,1,692,474,2,1,2,68,0,0,0,0,0
201900010514,19,4,7,15,2,2,7,2,4824413,531015,4,2,1,3,4,1,494,792,5,1,5,99,0,0,0,0,0
201900010515,19,6,15,1518,1,3,6,7,4546452,-388317,1,3,14,2,4,1,788,750,1,4,4,62,0,0,0,0,0
201900010516,19,1,12,1597,5,6,5,5,4543594,-302547,4,1,43,1,1,1,407,619,9,1,3,45,0,0,0,0,0
201900010517,19,4,3,254,3,6,6,2,4946970,593004,1,4,32,2,4,1,651,990,9,5,1,12,0,0,0,0,0
201900010518,19,8,28,1936,4,1,9,7,4430938,358257,4,2,0,1,4,3,464,732,7,2,1,34,0,0,0,0,0
201900010519,19,4,26,544,3,2,8,4,4521894,-165540,9,3,8,3,2,3,747,133,5,4,5,86,0,0,0,0,0
201900010520,19,10,20,2304,5,6,3,1,4946094,567987,6,4,13,2,1,2,887,607,5,4,2,47,0,0,0,0,0
201900010521,19,10,15,1122,1,3,3,7,4407641,56746,5,3,28,1,1,3,16,988,8,4,3,82,0,0,0,0,0
201900010522,19,5,25,399,1,3,2,7,4523522,-9000,7,2,18,1,4,4,360,463,9,7,1,20,0,0,0,0,0
201900010523,19,3,22,969,3,8,4,7,4828086,131726,4,3,51,3,2,2,339,562,4,2,2,33,0,0,0,0,0
201900010524,19,12,11,748,3,7,5,4,4762747,-190968,9,2,48,1,1,3,528,927,8,3,5,25,0,0,0,0,0
201900010525,19,7,25,2007,2,9,1,1,4798699,635524,5,1,42,3,1,3,253,122,8,7,3,30,0,0,0,0,0
201900010526,19,10,22,100,1,7,6,7,4497478,-290808,2,1,11,2,4,4,259,743,9,2,2,56,0,0,0,0,0
201900010527,19,9,25,1757,2,5,7,3,4784386,638755,3,3,51,1,4,3,428,269,3,3,5,3,0,0,0,0,0
201900010528,19,8,14,638,5,4,7,3,4747238,188708,3,2,45,3,4,3,24,377,2,5,2,7,0,0,0,0,0
201900010529,19,4,22,1235,1,3,6,2,4563563,-198851,7,4,51,3,4,2,138,736,1,1,1,76,0,0,0,0,0
201900010530,19,12,11,934,1,6,6,7,4440937,514333,8,4,51,3,1,2,148,400,2,1,1,72,0,0,0,0,0
201900010531,19,7,13,6,2,4,3,3,4555352,659735,6,1,2,1,4,1,874,848,2,5,4,37,0,0,0,0,0
201900010532,19,2,24,1261,4,3,5,3,4712821,40856,3,3,34,2,1,2,430,14,9,6,1,95,0,0,0,0,0
201900010533,19,10,14,1969,2,2,4,6,4865823,-301089,2,1,38,2,2,3,712,733,1,5,4,10,0,0,0,0,0
201900010534,19,8,28,482,4,7,3,2,4592799,-71050,5,1,16,3,4,3,676,502,9,3,5,92,0,0,0,0,0
201900010535,19,6,5,2208,4,6,2,2,4520394,-390528,7,3,20,1,3,3,728,295,3,1,4,15,0,0,0,0,0
201900010536,19,9,26,631,2,4,3,6,4719536,-209328,3,4,23,2,3,1,482,605,3,7,4,49,0,0,0,0,0
201900010537,19,11,6,1894,2,1,5,7,4791691,-76410,9,3,13,2,4,1,15,388,3,1,5,4,0,0,0,0,0
201900010538,19,3,1,2020,2,5,3,6,4681140,212393,2,2,28,3,3,4,19,316,8,1,5,16,0,0,0,0,0
201900010539,19,9,20,43,2,8,6,5,4872680,184333,5,3,11,2,2,4,51,151,2,2,1,69,0,0,0,0,0
201900010540,19,11,24,1445,3,6,7,7,4996756,48123,9,3,27,2,2,1,245,674,1,1,1,53,0,0,0,0,0
201900010541,19,10,3,648,5,9,8,4,4958747,-186814,7,2,24,2,4,3,540,223,2,3,4,49,0,0,0,0,0
201900010542,19,3,28,1738,5,5,9,3,4430735,24964,8,2,37,2,4,1,733,963,7,7,4,79,0,0,0,0,0
201900010543,19,3,25,2141,4,6,8,5,4488488,-1202,5,1,50,3,4,2,523,52,7,5,2,0,0,0,0,0,0
201900010544,19,12,11,270,2,6,5,7,4744550,-242361,3,4,14,3,1,3,591,461,3,3,5,35,0,0,0,0,0
201900010545,19,1,22,2251,4,4,5,3,4740969,-245954,1,2,38,1,1,3,316,477,9,7,2,68,0,0,0,0,0
201900010546,19,5,28,2191,5,9,8,2,4947677,303842,6,4,1,3,1,2,366,722,7,1,2,30,0,0,0,0,0
201900010547,19,10,4,301,5,7,3,3,4617656,-238375,1,1,27,2,3,3,780,83,3,3,2,58,0,0,0,0,0
201900010548,19,8,23,1141,5,4,5,3,4905602,394427,6,2,49,3,2,2,184,640,2,2,4,46,0,0,0,0,0
201900010549,19,9,10,145,4,8,7,4,4445091,-29179,1,1,45,1,1,2,28,664,3,2,5,52,0,0,0,0,0
201900010550,19,1,21,979,2,3,6,3,4674022,490395,1,3,48,1,4,3,300,386,3,3,2,79,0,0,0,0,0
201900010551,19,5,1,1214,5,4,7,4,4766044,669520,1,4,50,1,2,3,749,432,1,2,1,28,0,0,0,0,0
201900010552,19,5,16,1383,1,2,8,6,4725029,-27735,6,4,13,1,3,2,43,758,2,2,5,97,0,0,0,0,0
201900010553,19,1,14,736,1,8,6,7,4837535,624203,6,2,27,1,3,4,573,940,2,3,5,6,0,0,0,0,0
201900010554,19,1,4,491,4,5,6,6,4910797,13798,1,4,1,3,2,1,431,946,5,6,3,27,0,0,0,0,0
201900010555,19,7,27,2195,2,4,5,6,4558314,-188733,3,4,33,2,1,3,71,238,6,2,2,58,0,0,0,0,0
201900010556,19,4,24,1346,5,2,9,3,4509669,127115,3,1,0,3,2,3,177,57,9,5,3,89,0,0,0,0,0
201900010557,19,9,18,947,2,6,8,6,4943065,-285088,5,4,10,2,1,4,441,722,6,4,1,73,0,0,0,0,0
201900010558,19,7,19,633,2,9,7,3,4414654,637265,6,1,49,2,2,2,521,372,6,2,3,75,0,0,0,0,0
201900010559,19,2,10,1483,5,5,1,4,4777529,490760,8,4,6,1,3,2,613,913,4,4,1,63,0,0,0,0,0
201900010560,19,3,24,836,3,8,9,5,4561802,-4386,6,4,37,1,1,3,291,215,8,2,3,44,0,0,0,0,0
201900010561,19,7,18,1409,2,1,6,2,4946874,-257394,7,4,37,3,1,3,765,28,4,4,2,99,0,0,0,0,0
201900010562,19,5,6,1266,3,9,3,5,4889237,-109455,5,2,36,2,1,1,729,605,3,6,2,62,0,0,0,0,0
201900010563,19,10,19,1795,2,3,7,3,4797787,639846,7,3,0,2,3,1,616,337,9,4,5,95,0,0,0,0,0
201900010564,19,2,10,1656,3,6,1,2,4598911,-273995,9,4,1,2,4,4,298,454,3,7,5,81,0,0,0,0,0
201900010565,19,11,12,2238,4,6,1,1,4967665,628796,7,2,12,3,1,1,125,675,1,3,1,56,0,0,0,0,0
201900010566,19,9,21,500,3,6,8,3,4980947,481833,1,2,41,2,2,4,662,897,6,4,2,23,0,0,0,0,0
201900010567,19,9,2,1447,1,3,3,1,4778998,-345609,9,4,49,2,1,2,101,511,8,5,5,9,0,0,0,0,0
201900010568,19,7,25,1359,1,4,5,2,4413871,-110990,6,2,38,3,3,1,277,562,4,2,3,39,0,0,0,0,0
201900010569,19,6,21,1734,4,2,5,4,4673268,128492,9,1,24,1,4,2,912,633,5,1,1,28,0,0,0,0,0
201900010570,19,11,25,1952,1,5,4,5,4848545,-289941,7,3,35,3,4,1,290,983,4,2,2,23,0,0,0,0,0
201900010571,19,10,28,1419,4,5,6,1,4552637,340383,6,4,2,1,3,1,468,996,4,1,3,87,0,0,0,0,0
201900010572,19,1,22,735,1,9,1,4,4742999,163181,4,4,41,3,2,1,157,944,4,4,1,52,0,0,0,0,0
201900010573,19,6,11,1908,1,8,1,5,4926559,-303134,5,3,3,1,3,2,907,720,4,6,1,28,0,0,0,0,0
201900010574,19,5,2,374,5,7,3,1,4604863,-46510,8,1,38,2,3,3,260,939,4,5,4,24,0,0,0,0,0
201900010575,19,1,1,1739,2,5,6,2,4611210,-4335,1,4,27,1,3,2,814,794,1,4,4,38,0,0,0,0,0
201900010576,19,3,9,2282,5,7,9,5,4474390,-4729,6,3,6,2,3,1,636,780,7,5,3,71,0,0,0,0,0