Num_Acc,an,mois,jour,hrmn,lum,int,atm,col,lat,long,catr,circ,nbv,vosp,prof,plan,lartpc,larrout,surf,infra,situ,env1,unscathed,killed,hospital,light,chance
201900010577,19,4,13,821,5,2,8,4,4625278,648807,3,1,51,2,3,4,103,341,1,6,4,61,0,0,0,0,0
201900010578,19,11,7,1186,5,6,8,4,4627080,-301169,3,2,49,1,2,2,616,808,9,3,5,93,0,0,0,0,0
201900010579,19,7,17,2300,4,8,5,2,4534696,-49808,1,3,26,2,4,4,871,592,5,7,3,38,0,0,0,0,0
201900010580,19,3,9,2140,5,1,3,4,4732555,131727,7,1,16,2,4,3,54,443,2,6,5,40,0,0,0,0,0
201900010581,19,7,25,2130,3,2,1,6,4705738,56842,9,3,11,1,1,3,97,172,7,1,3,82,0,0,0,0,0
201900010582,19,3,24,1119,4,5,2,5,4908008,326356,7,3,13,1,3,3,590,684,3,3,1,71,0,0,0,0,0
201900010583,19,11,6,1730,5,8,4,6,4896535,397159,8,3,25,1,4,3,646,348,2,2,1,64,0,0,0,0,0
201900010584,19,10,19,839,1,9,1,7,4769659,-258580,4,1,17,3,1,2,764,55,5,3,4,39,0,0,0,0,0
201900010585,19,4,7,668,5,5,6,1,4749921,406790,9,1,23,1,4,4,349,662,2,2,1,40,0,0,0,0,0
201900010586,19,5,23,1124,4,2,9,5,4832417,-394087,8,4,48,1,3,4,78,883,7,7,3,98,0,0,0,0,0
201900010587,19,11,24,2217,1,7,6,3,4645792,323311,6,4,10,2,1,4,905,282,1,2,2,60,0,0,0,0,0
201900010588,19,8,11,1753,5,9,5,4,4547571,226801,1,2,17,3,1,3,729,597,6,3,5,86,0,0,0,0,0
201900010589,19,8,25,294,2,3,6,3,4510206,302467,9,2,22,3,1,3,783,757,7,4,2,73,0,0,0,0,0
201900010590,19,5,8,1021,3,1,6,3,4817753,503362,1,1,32,2,2,3,824,51,3,4,4,82,0,0,0,0,0
201900010591,19,2,3,1706,4,5,2,1,4600850,-159837,7,3,24,3,2,1,799,221,2,4,4,7,0,0,0,0,0
201900010592,19,5,19,1554,3,1,7,5,4803866,-85881,5,2,52,2,3,3,864,682,2,4,3,59,0,0,0,0,0
201900010593,19,6,27,1477,1,6,5,5,4783670,319593,6,3,51,1,2,4,67,204,3,5,3,90,0,0,0,0,0
201900010594,19,9,26,1251,5,2,9,1,4709696,-83944,4,3,18,2,2,4,505,892,5,1,4,87,0,0,0,0,0
201900010595,19,12,11,1461,5,8,7,7,4978035,640995,7,4,18,2,2,4,307,495,8,3,1,82,0,0,0,0,0
201900010596,19,5,26,1581,5,3,6,7,4770506,-75452,9,1,13,3,3,1,278,602,5,3,3,18,0,0,0,0,0
201900010597,19,1,18,1765,2,6,3,2,4760115,-363821,1,3,48,3,2,1,615,96,5,5,3,3,0,0,0,0,0
201900010598,19,9,24,79,1,4,9,5,4430664,-77760,8,4,2,3,1,1,825,549,2,6,1,26,0,0,0,0,0
201900010599,19,4,1,12,5,4,8,1,4591818,476546,4,1,33,1,4,1,724,54,7,3,3,9,0,0,0,0,0
201900010600,19,3,16,1165,4,3,2,5,4819865,6056,6,2,21,1,4,3,605,456,2,2,1,40,0,0,0,0,0
201900010601,19,4,6,1511,3,8,5,4,4954627,-114690,8,3,52,3,1,4,457,826,5,2,1,46,0,0,0,0,0
201900010602,19,3,6,2096,2,5,9,7,4973833,325970,3,2,16,2,1,1,117,715,6,3,1,21,0,0,0,0,0
201900010603,19,8,14,472,2,3,5,2,4823153,-221991,7,2,27,3,3,3,614,875,2,4,3,12,0,0,0,0,0
201900010604,19,4,13,1962,4,5,6,5,4670166,-229755,1,2,52,3,4,2,144,956,6,7,3,76,0,0,0,0,0
201900010605,19,8,1,2276,2,4,6,1,4661019,304034,8,3,29,2,3,2,35,233,9,4,1,35,0,0,0,0,0
201900010606,19,11,12,483,3,8,2,6,4565683,438227,7,2,35,3,4,2,805,575,1,3,5,6,0,0,0,0,0
201900010607,19,12,22,300,2,1,5,6,4914632,32112,7,4,53,1,1,1,610,630,5,5,3,20,0,0,0,0,0
201900010608,19,5,5,1524,3,4,6,7,4622526,509834,7,1,12,3,2,2,434,440,8,7,1,39,0,0,0,0,0
201900010609,19,9,16,968,3,7,6,3,4645664,371696,6,3,51,2,4,3,660,46,2,7,3,95,0,0,0,0,0
201900010610,19,9,7,1783,4,8,5,2,4797101,396905,7,2,40,1,4,3,151,750,9,6,1,72,0,0,0,0,0
201900010611,19,9,20,1081,1,3,6,1,4717629,-378909,3,1,42,3,2,1,876,728,8,3,1,22,0,0,0,0,0
201900010612,19,5,11,1192,2,7,7,3,4447801,241080,3,1,21,2,1,4,636,455,8,2,1,47,0,0,0,0,0
201900010613,19,8,12,1594,5,6,8,6,4575662,671009,4,1,46,2,4,3,49,21,9,5,5,70,0,0,0,0,0
201900010614,19,12,8,1651,3,2,6,3,4695063,-309424,7,4,31,2,1,1,806,365,7,7,4,90,0,0,0,0,0
201900010615,19,9,8,1953,4,5,8,4,4570516,89948,6,3,33,2,1,3,651,224,7,5,1,83,0,0,0,0,0
201900010616,19,6,28,1202,2,4,1,6,4783765,324428,9,1,2,2,3,1,301,508,5,6,5,47,0,0,0,0,0
201900010617,19,3,2,181,5,6,7,2,4883628,-375145,7,2,36,2,1,1,832,37,8,6,1,18,0,0,0,0,0
201900010618,19,4,28,1643,4,1,5,4,4550006,-75728,6,1,10,2,1,3,820,998,4,3,4,57,0,0,0,0,0
201900010619,19,6,2,199,2,1,7,2,4818067,563123,9,4,39,3,1,3,276,813,7,4,3,70,0,0,0,0,0
201900010620,19,1,1,888,4,7,8,5,4647451,-340226,3,3,29,2,1,1,202,701,9,4,3,17,0,0,0,0,0
201900010621,19,7,16,1585,1,3,2,4,4685191,-398498,4,1,6,1,4,4,201,813,5,4,2,41,0,0,0,0,0
201900010622,19,1,18,1735,4,7,6,3,4925729,668113,2,2,53,2,2,1,411,343,2,5,5,90,0,0,0,0,0
201900010623,19,3,20,577,2,9,9,2,4536068,-72801,2,2,44,3,4,1,165,543,5,7,2,70,0,0,0,0,0
201900010624,19,4,24,71,4,4,8,2,4747152,-149554,9,2,11,2,2,4,689,908,2,6,2,34,0,0,0,0,0
201900010625,19,3,13,2008,3,6,2,4,4910832,-70742,9,1,2,1,2,2,609,328,5,4,1,6,0,0,0,0,0
201900010626,19,8,12,1339,3,4,6,4,4990185,48486,1,3,2,3,4,4,321,448,5,4,5,47,0,0,0,0,0
201900010627,19,5,15,907,2,7,2,3,4790967,-109029,3,3,20,3,3,3,634,512,4,7,2,60,0,0,0,0,0
201900010628,19,8,25,2023,2,3,5,3,4862786,-126674,9,1,4,1,4,1,190,944,6,3,5,93,0,0,0,0,0
201900010629,19,6,28,851,2,5,4,2,4755392,674469,4,3,4,3,2,4,334,133,4,1,3,16,0,0,0,0,0
201900010630,19,10,7,975,4,7,3,5,4943790,448998,7,3,29,1,1,1,307,748,3,3,1,32,0,0,0,0,0
201900010631,19,2,26,2316,1,4,2,4,4901281,112177,5,3,14,2,2,1,404,932,7,6,2,86,0,0,0,0,0
201900010632,19,4,12,893,3,2,1,6,4468737,249380,4,2,37,2,4,4,395,618,9,3,3,68,0,0,0,0,0
201900010633,19,12,11,1162,4,2,4,6,4929036,609154,1,1,26,1,4,4,651,187,6,7,2,47,0,0,0,0,0
201900010634,19,7,14,1685,5,4,1,3,4610471,-80625,8,1,35,3,1,2,254,977,8,5,5,35,0,0,0,0,0
201900010635,19,3,21,333,4,1,3,2,4497017,218574,4,1,52,1,2,4,867,545,6,2,3,26,0,0,0,0,0
201900010636,19,10,26,2236,1,3,7,5,4659077,125746,5,3,7,2,4,3,83,938,2,6,2,42,0,0,0,0,0
201900010637,19,6,26,1987,3,2,1,5,4516351,302002,1,4,38,1,2,2,712,581,4,7,2,26,0,0,0,0,0
201900010638,19,7,19,2191,5,6,5,5,4638569,-247973,6,1,16,1,2,3,604,714,9,7,2,38,0,0,0,0,0
201900010639,19,5,15,960,3,7,5,3,4622307,-305389,4,4,40,2,1,3,814,869,1,2,1,37,0,0,0,0,0
201900010640,19,10,5,400,1,1,9,7,4921185,673827,7,2,44,3,4,2,231,635,4,3,3,43,0,0,0,0,0
201900010641,19,3,27,247,2,5,8,3,4509966,553740,1,2,23,2,3,4,454,111,7,1,4,28,0,0,0,0,0
201900010642,19,9,12,822,4,1,8,1,4808281,-307887,2,1,42,1,1,1,111,325,5,5,2,92,0,0,0,0,0
201900010643,19,11,1,834,5,9,4,6,4510692,-276801,4,4,49,3,3,1,31,367,9,7,2,54,0,0,0,0,0
201900010644,19,9,17,411,4,8,3,3,4618747,488886,7,3,21,3,4,4,531,652,7,6,3,58,0,0,0,0,0
201900010645,19,4,9,1425,4,1,1,6,4772811,448246,6,3,0,1,1,1,177,703,5,6,2,4,0,0,0,0,0
201900010646,19,12,10,297,4,6,7,6,4852963,255367,9,1,53,1,3,3,816,298,2,3,3,51,0,0,0,0,0
201900010647,19,3,12,1840,4,8,2,7,4502252,362661,4,1,6,1,4,4,150,554,9,4,3,39,0,0,0,0,0
201900010648,19,10,5,249,2,9,8,4,4653499,540143,7,1,7,3,3,3,668,29,9,1,5,4,0,0,0,0,0
201900010649,19,10,9,835,4,6,7,4,4722639,-308924,9,2,17,1,3,2,828,472,1,3,2,21,0,0,0,0,0
201900010650,19,2,26,1035,2,1,8,5,4878614,-206430,6,1,10,3,4,3,446,999,3,7,1,18,0,0,0,0,0
201900010651,19,3,24,2284,2,3,3,1,4875334,615175,3,3,34,2,2,3,427,365,7,1,1,55,0,0,0,0,0
201900010652,19,4,17,840,1,1,3,4,4718809,247974,8,1,49,2,2,4,753,764,5,1,5,14,0,0,0,0,0
201900010653,19,5,21,1965,1,3,7,4,4771994,616990,4,2,25,2,3,2,595,672,2,5,3,94,0,0,0,0,0
201900010654,19,10,25,1099,5,6,6,1,4909111,362834,3,4,53,1,4,1,906,364,9,1,1,76,0,0,0,0,0
201900010655,19,9,13,1849,5,3,3,7,4736243,-208027,8,4,22,1,4,4,498,870,5,5,4,9,0,0,0,0,0
201900010656,19,5,16,1795,1,6,6,4,4763275,-265756,1,1,4,2,4,4,595,163,1,2,1,9,0,0,0,0,0
201900010657,19,3,23,632,5,7,6,6,4539010,672984,5,4,40,2,3,1,629,905,8,5,1,97,0,0,0,0,0
201900010658,19,4,17,1283,1,3,2,5,4701320,423423,4,3,13,3,4,3,186,973,9,3,4,93,0,0,0,0,0
201900010659,19,6,20,1632,4,4,5,7,4901510,257870,5,4,32,3,4,3,85,849,7,2,4,95,0,0,0,0,0
201900010660,19,8,1,1113,5,5,4,1,4493900,-104054,9,4,27,3,1,4,781,710,5,3,2,41,0,0,0,0,0
201900010661,19,4,27,1303,1,5,7,6,4420888,-71858,6,2,44,3,3,3,348,758,2,6,5,45,0,0,0,0,0
201900010662,19,7,9,1032,1,2,9,7,4542043,138097,1,1,46,1,3,4,642,915,4,6,3,35,0,0,0,0,0
201900010663,19,6,25,959,1,5,3,7,4553397,-76991,5,3,21,3,1,4,15,799,9,7,1,39,0,0,0,0,0
201900010664,19,12,12,59,3,6,1,7,4517334,263425,4,3,1,2,2,3,903,958,7,4,5,97,0,0,0,0,0
201900010665,19,10,4,1946,1,9,5,2,4644637,363760,8,4,48,2,1,2,142,902,5,4,3,31,0,0,0,0,0
201900010666,19,7,15,1414,5,4,5,6,4866074,424396,7,2,10,3,4,1,731,967,1,1,5,98,0,0,0,0,0
201900010667,19,8,10,2318,3,7,7,5,4748073,579912,7,1,26,2,1,4,672,26,5,7,5,87,0,0,0,0,0
201900010668,19,8,9,1901,1,4,4,1,4860995,-351073,2,2,45,1,4,3,276,96,4,7,1,54,0,0,0,0,0
201900010669,19,11,26,1862,3,9,6,4,4929319,224760,4,2,43,2,4,1,65,567,5,5,5,80,0,0,0,0,0
201900010670,19,4,10,1414,1,3,8,5,4802280,271478,4,1,21,1,4,3,723,650,9,2,4,86,0,0,0,0,0
201900010671,19,1,5,2187,5,9,9,2,4763865,-396356,6,3,5,1,4,2,877,617,8,1,2,21,0,0,0,0,0
201900010672,19,7,10,1193,5,9,5,3,4724603,470160,1,2,48,2,1,3,621,143,6,1,3,70,0,0,0,0,0
201900010673,19,6,14,1132,2,8,9,1,4931664,164421,2,2,45,3,2,4,765,782,7,4,1,78,0,0,0,0,0
201900010674,19,4,12,155,4,9,3,4,4880395,6288,4,3,2,3,1,2,589,118,5,2,3,60,0,0,0,0,0
201900010675,19,7,5,275,2,8,1,7,4767637,-52830,8,2,25,1,1,1,729,186,1,7,2,12,0,0,0,0,0
201900010676,19,9,18,669,4,4,6,3,4881708,-95931,8,4,20,1,3,3,898,384,9,5,1,54,0,0,0,0,0
201900010677,19,9,13,1028,4,4,9,6,4817760,45938,4,4,25,1,3,1,873,913,5,3,5,99,0,0,0,0,0
201900010678,19,1,16,1155,4,7,6,6,4548740,-287773,7,1,34,2,2,2,465,718,1,4,2,10,0,0,0,0,0
201900010679,19,1,11,1653,4,3,1,2,4837496,209831,7,2,10,3,3,2,333,527,3,5,2,37,0,0,0,0,0
201900010680,19,7,15,470,5,6,4,7,4859564,-64015,2,1,17,3,3,3,727,90,4,5,5,25,0,0,0,0,0
201900010681,19,4,9,1303,2,1,9,1,4587219,575266,9,1,18,2,2,2,376,41,3,6,4,17,0,0,0,0,0
201900010682,19,7,20,2350,2,6,4,1,4963008,494084,1,3,41,1,2,2,329,685,2,2,4,13,0,0,0,0,0
201900010683,19,5,12,660,5,3,5,4,4566487,211458,6,4,46,3,2,3,791,765,2,3,1,11,0,0,0,0,0
201900010684,19,9,8,934,5,2,1,7,4717853,-114941,5,2,51,1,2,2,119,924,1,1,2,87,0,0,0,0,0
201900010685,19,7,11,910,3,9,7,5,4896365,337008,5,1,19,3,2,4,842,454,3,6,2,17,0,0,0,0,0
201900010686,19,11,19,956,1,5,6,6,4680888,-225103,6,4,4,2,1,3,125,185,2,5,3,56,0,0,0,0,0
201900010687,19,8,27,1357,5,3,8,4,4638519,483306,5,2,2,3,3,3,456,294,4,2,3,76,0,0,0,0,0
201900010688,19,11,14,1179,5,6,6,4,4493288,-252490,4,3,3,1,1,3,856,145,9,7,1,91,0,0,0,0,0
201900010689,19,11,21,558,3,5,5,4,4915510,554520,5,4,7,3,2,4,639,479,5,4,4,59,0,0,0,0,0
201900010690,19,2,11,1704,3,8,1,4,4425250,-201932,8,4,45,1,1,2,113,335,9,7,5,26,0,0,0,0,0
201900010691,19,10,17,839,4,8,7,7,4760314,-267215,3,2,22,2,3,1,348,181,9,6,3,81,0,0,0,0,0
201900010692,19,11,2,403,1,1,6,5,4579879,-288024,2,2,10,1,1,3,24,366,8,3,5,74,0,0,0,0,0
201900010693,19,4,1,990,3,5,3,6,4662760,-140649,3,3,28,2,1,1,900,926,3,6,2,53,0,0,0,0,0
201900010694,19,1,14,718,4,3,2,4,4828056,316702,6,3,40,3,1,1,698,261,9,5,5,69,0,0,0,0,0
201900010695,19,4,1,366,2,4,2,5,4546511,-6208,6,4,9,1,1,3,820,683,8,5,2,12,0,0,0,0,0
201900010696,19,5,1,1780,1,9,2,3,4666928,482785,8,1,5,3,3,3,601,307,1,3,2,6,0,0,0,0,0
201900010697,19,10,4,312,2,6,4,3,4988623,-107972,5,1,2,3,1,2,137,176,9,3,4,60,0,0,0,0,0
201900010698,19,12,13,1790,1,8,9,3,4982330,423690,2,3,7,1,4,3,620,404,7,4,2,50,0,0,0,0,0
201900010699,19,7,26,539,2,4,1,2,4569595,154970,4,3,52,1,4,2,77,514,4,3,1,54,0,0,0,0,0
201900010700,19,6,10,2345,5,1,3,6,4819723,628887,9,3,31,2,4,2,557,516,4,2,4,34,0,0,0,0,0
201900010701,19,6,10,2158,4,6,1,7,4611789,566243,9,2,22,2,3,3,591,703,2,3,1,56,0,0,0,0,0
201900010702,19,9,26,2341,4,7,6,2,4854606,-200979,1,4,14,2,4,3,376,150,1,2,2,63,0,0,0,0,0
201900010703,19,11,9,554,2,3,3,4,4732278,-144197,4,1,40,1,2,2,288,295,6,3,4,66,0,0,0,0,0
201900010704,19,4,13,409,2,4,4,7,4633026,67132,4,1,47,2,1,3,550,268,2,3,4,98,0,0,0,0,0
201900010705,19,3,25,931,5,5,1,7,4973221,160882,3,4,47,3,4,4,424,930,9,6,3,17,0,0,0,0,0
201900010706,19,2,22,170,3,6,5,4,4525324,193365,9,2,31,2,3,3,246,61,9,7,3,66,0,0,0,0,0
201900010707,19,9,24,1443,3,4,5,4,4626597,3400,8,4,8,1,3,3,626,901,2,3,4,47,0,0,0,0,0
201900010708,19,2,5,2175,3,5,5,3,4468069,246001,6,1,0,1,2,3,768,679,2,1,4,68,0,0,0,0,0
201900010709,19,10,13,1476,5,2,9,3,4845655,-333284,2,1,23,2,1,1,205,739,6,3,2,97,0,0,0,0,0
201900010710,19,7,18,1273,3,5,2,5,4609751,143108,1,1,2,1,1,1,40,985,9,3,4,36,0,0,0,0,0
201900010711,19,10,21,519,2,1,1,7,4997059,684551,6,1,13,1,4,3,453,45,8,6,2,43,0,0,0,0,0
201900010712,19,9,26,1964,3,5,6,2,4492977,612397,5,2,29,1,1,3,717,621,7,3,2,59,0,0,0,0,0
201900010713,19,2,12,712,4,9,8,7,4989309,513569,2,1,2,1,2,3,39,477,7,5,3,10,0,0,0,0,0
201900010714,19,9,8,1573,1,1,5,5,4981910,594688,7,1,13,3,3,3,390,945,7,4,2,45,0,0,0,0,0
201900010715,19,6,9,82,3,1,3,2,4928958,-86832,4,4,19,2,3,1,668,853,8,5,5,12,0,0,0,0,0
201900010716,19,7,17,1589,3,3,2,5,4924659,254119,1,3,37,2,4,3,908,429,8,3,1,24,0,0,0,0,0
201900010717,19,5,13,716,3,7,1,2,4932461,-342432,1,3,52,3,4,1,111,630,7,5,2,58,0,0,0,0,0
201900010718,19,6,9,1288,1,8,1,2,4632961,155122,9,3,13,2,4,1,229,963,3,7,4,16,0,0,0,0,0
201900010719,19,11,19,1010,5,1,8,3,4407260,290491,3,4,49,2,2,4,357,470,6,6,4,29,0,0,0,0,0
201900010720,19,3,4,182,4,3,6,1,4842093,-90256,9,2,46,1,1,4,207,891,9,4,2,13,0,0,0,0,0
201900010721,19,10,19,2336,1,2,6,5,4949396,-308922,6,4,16,2,1,1,766,22,9,3,2,55,0,0,0,0,0
201900010722,19,4,17,1941,4,1,6,6,4730303,87463,4,4,38,3,2,2,837,555,8,6,3,81,0,0,0,0,0
201900010723,19,12,16,1378,5,2,5,2,4454543,640925,2,4,50,1,4,1,751,602,7,2,5,90,0,0,0,0,0
201900010724,19,9,25,1053,4,2,9,7,4722777,-380307,9,4,27,2,1,2,667,165,4,6,4,80,0,0,0,0,0
201900010725,19,12,3,757,1,5,8,1,4515354,611407,9,1,18,2,3,3,133,428,2,6,4,9,0,0,0,0,0
201900010726,19,6,24,864,3,8,2,2,4945303,-15741,6,4,20,1,4,2,697,402,8,3,1,96,0,0,0,0,0
201900010727,19,11,6,1219,2,6,5,4,4554032,673611,4,1,11,1,1,2,611,771,8,7,1,23,0,0,0,0,0
201900010728,19,10,15,2029,4,1,7,4,4880468,-143954,2,4,50,3,1,2,909,45,7,6,3,21,0,0,0,0,0
201900010729,19,2,8,495,2,9,8,1,4901962,-182165,2,4,16,2,1,3,871,499,4,1,3,64,0,0,0,0,0
201900010730,19,12,25,2133,1,4,6,3,4848599,-208119,5,1,40,2,3,2,211,277,5,7,5,4,0,0,0,0,0
201900010731,19,12,27,2280,2,8,5,1,4923200,158218,8,2,1,2,2,3,643,805,1,5,1,90,0,0,0,0,0
201900010732,19,12,23,1275,3,2,9,6,4578626,529772,9,1,32,1,3,4,465,744,6,2,2,84,0,0,0,0,0
201900010733,19,5,27,164,2,6,3,1,4516019,-126698,6,1,24,2,1,3,796,949,5,7,5,50,0,0,0,0,0
201900010734,19,9,20,2161,3,7,3,2,4852700,642369,3,4,2,3,4,4,813,138,7,3,1,23,0,0,0,0,0
201900010735,19,1,23,1265,1,7,2,4,4694448,556517,3,4,21,3,3,1,737,700,1,3,4,17,0,0,0,0,0
201900010736,19,5,9,1633,5,5,8,4,4979863,624512,3,3,37,1,3,2,374,12,5,5,5,79,0,0,0,0,0
201900010737,19,6,15,843,3,3,2,1,4535483,71192,6,1,40,3,3,2,434,806,2,4,5,81,0,0,0,0,0
201900010738,19,1,6,963,3,9,8,1,4481593,493250,9,2,50,2,3,2,561,553,8,4,1,56,0,0,0,0,0
201900010739,19,4,19,760,3,3,4,3,4870384,24541,6,1,12,2,4,2,211,77,6,3,3,97,0,0,0,0,0
201900010740,19,8,28,1712,4,5,7,6,4731052,-274592,7,1,27,2,2,3,512,540,7,2,4,80,0,0,0,0,0
201900010741,19,11,21,661,2,6,6,5,4790038,124254,7,1,37,1,4,3,569,26,3,3,3,58,0,0,0,0,0
201900010742,19,11,17,769,2,2,3,6,4526622,649958,8,3,36,1,1,3,189,646,3,3,4,20,0,0,0,0,0
201900010743,19,9,2,1096,1,9,5,4,4786477,410315,5,3,16,2,2,2,526,251,1,5,4,81,0,0,0,0,0
201900010744,19,4,21,2098,5,1,3,7,4820410,508328,2,2,50,3,1,3,123,360,2,1,4,51,0,0,0,0,0
201900010745,19,5,26,868,4,6,2,4,4981425,-25779,6,1,26,1,3,1,293,588,9,1,2,67,0,0,0,0,0
201900010746,19,12,8,122,2,2,4,5,4635986,-108761,2,4,18,3,3,4,594,203,4,7,4,11,0,0,0,0,0
201900010747,19,2,23,471,5,7,4,7,4979755,252936,4,3,17,2,2,2,156,756,7,3,1,26,0,0,0,0,0
201900010748,19,12,21,1259,5,1,7,6,4447516,491646,9,4,50,2,1,2,261,733,4,2,5,68,0,0,0,0,0
201900010749,19,4,27,2111,3,7,1,6,4443305,-178073,8,1,34,1,2,3,289,924,2,7,1,66,0,0,0,0,0
201900010750,19,8,2,929,1,2,7,1,4828486,-234914,2,1,23,1,4,1,579,945,9,3,3,30,0,0,0,0,0
201900010751,19,5,1,1554,4,4,3,6,4758545,-374357,8,1,12,3,3,4,671,7,3,4,4,25,0,0,0,0,0
201900010752,19,4,10,1472,2,1,9,4,4797183,76419,4,2,49,2,3,4,898,466,3,7,3,64,0,0,0,0,0
201900010753,19,11,27,1624,3,3,9,7,4630347,-44650,4,2,38,3,4,3,245,803,3,7,4,16,0,0,0,0,0
201900010754,19,8,7,2314,5,9,4,5,4544323,184112,2,2,28,2,2,4,658,346,9,6,5,91,0,0,0,0,0
201900010755,19,5,8,72,2,7,4,1,4952671,-197046,8,3,11,1,1,2,536,123,3,7,1,33,0,0,0,0,0
201900010756,19,6,22,337,5,2,2,6,4985162,592739,9,4,14,3,4,4,451,701,9,5,2,25,0,0,0,0,0
201900010757,19,9,17,1592,2,8,7,7,4451721,-53773,9,1,4,2,1,3,538,463,9,5,4,38,0,0,0,0,0
201900010758,19,2,5,1547,3,7,1,1,4960766,105857,5,3,3,2,2,2,468,901,4,4,5,11,0,0,0,0,0
201900010759,19,11,24,2121,3,3,1,7,4801090,-398519,1,3,26,1,3,4,866,589,1,6,4,98,0,0,0,0,0
201900010760,19,1,10,1758,4,1,4,2,4997507,667925,7,3,13,1,1,1,308,729,6,5,2,50,0,0,0,0,0
201900010761,19,3,2,883,5,4,6,2,4989149,407784,5,1,31,2,1,3,593,825,8,4,1,87,0,0,0,0,0
201900010762,19,2,11,431,4,6,6,1,4975424,-188546,5,3,9,1,1,4,310,288,6,1,4,24,0,0,0,0,0
201900010763,19,6,16,764,3,5,7,2,4485095,-93275,6,4,25,2,2,1,194,463,6,1,2,57,0,0,0,0,0
201900010764,19,4,4,1075,2,8,5,5,4748342,-399817,2,1,50,3,1,2,833,463,4,2,3,20,0,0,0,0,0
201900010765,19,10,16,2231,2,9,2,7,4910794,-365956,8,2,51,2,2,3,755,908,2,1,5,47,0,0,0,0,0
201900010766,19,1,14,2163,5,5,9,7,4649734,375219,5,1,45,3,2,1,811,505,4,1,1,32,0,0,0,0,0
201900010767,19,7,25,1680,2,4,4,4,4808591,-310621,1,3,12,2,1,2,298,216,7,2,4,75,0,0,0,0,0
201900010768,19,12,12,693,3,9,4,7,4826867,42647,4,4,43,1,3,2,417,405,5,3,5,71,0,0,0,0,0
201900010769,19,4,8,22,4,5,7,2,4995049,604187,6,3,28,2,3,4,694,650,8,6,3,49,0,0,0,0,0
201900010770,19,1,5,976,2,2,3,3,4488580,-75696,3,1,23,3,1,4,115,247,3,2,4,84,0,0,0,0,0
201900010771,19,8,7,639,3,4,1,5,4683693,589777,3,1,2,3,3,4,429,842,7,1,1,54,0,0,0,0,0
201900010772,19,8,11,1898,3,8,3,6,4659810,202337,7,3,17,1,3,4,517,597,7,2,2,82,0,0,0,0,0
201900010773,19,1,12,344,3,7,5,4,4761347,-36680,6,3,10,2,1,2,625,719,1,3,1,19,0,0,0,0,0
201900010774,19,2,28,1821,2,2,6,4,4698687,634414,7,2,29,3,4,2,162,701,3,4,3,40,0,0,0,0,0
201900010775,19,9,21,1293,5,9,1,4,4791507,358794,1,3,24,2,1,1,899,425,7,3,3,11,0,0,0,0,0
201900010776,19,10,24,2028,2,8,1,3,4731683,-195677,8,2,19,1,2,4,177,709,6,5,1,20,0,0,0,0,0
201900010777,19,3,2,1310,4,5,3,1,4561636,541881,4,1,23,3,3,2,246,802,5,7,3,37,0,0,0,0,0
201900010778,19,11,26,1676,4,1,6,2,4980898,557675,7,4,20,1,1,3,309,161,6,1,3,4,0,0,0,0,0
201900010779,19,2,10,366,2,4,7,7,4467098,531941,1,2,28,1,1,1,546,828,3,5,4,74,0,0,0,0,0
201900010780,19,11,16,1212,5,5,5,7,4447841,181864,6,2,45,2,1,3,455,926,6,6,1,63,0,0,0,0,0
201900010781,19,8,1,1435,5,8,8,2,4623502,543441,2,3,52,1,1,2,225,97,2,7,1,33,0,0,0,0,0
201900010782,19,4,26,261,1,7,5,6,4732660,-15300,5,2,50,1,3,4,364,177,3,7,3,68,0,0,0,0,0
201900010783,19,10,18,1196,3,1,7,1,4952873,564646,6,2,49,1,3,3,724,773,7,6,4,77,0,0,0,0,0
201900010784,19,9,2,661,3,2,4,5,4926284,102175,3,3,46,1,2,4,30,93,4,5,4,30,0,0,0,0,0
201900010785,19,10,26,575,2,3,4,2,4518564,-274169,5,1,6,3,1,2,211,135,8,7,4,56,0,0,0,0,0
201900010786,19,2,19,2163,3,7,8,7,4594135,642722,1,4,53,2,1,2,722,613,8,5,3,12,0,0,0,0,0
201900010787,19,10,23,2246,5,2,5,5,4737188,300924,3,1,23,1,3,1,293,861,8,7,3,51,0,0,0,0,0
201900010788,19,3,22,846,3,3,5,7,4783177,337122,8,1,27,3,2,2,7,46,6,7,4,50,0,0,0,0,0
201900010789,19,3,9,2355,2,5,4,2,4670578,636426,9,1,33,1,3,3,776,49,3,6,3,84,0,0,0,0,0
201900010790,19,11,25,821,2,7,9,7,4749588,631921,8,4,32,1,1,2,685,605,1,7,3,25,0,0,0,0,0