Num_Acc,an,mois,jour,hrmn,lum,int,atm,col,lat,long,catr,circ,nbv,vosp,prof,plan,lartpc,larrout,surf,infra,situ,env1,unscathed,killed,hospital,light,chance
201900010791,19,5,5,1886,1,8,7,7,4845235,-35574,2,4,26,2,2,1,381,231,9,3,1,71,0,0,0,0,0
201900010792,19,4,14,1708,5,7,9,7,4849182,411393,1,2,41,1,3,2,243,557,3,5,5,47,0,0,0,0,0
201900010793,19,8,6,2011,3,2,5,6,4780167,-94058,3,3,0,1,4,4,544,376,6,3,5,86,0,0,0,0,0
201900010794,19,9,15,1471,3,8,4,4,4864476,243954,3,2,33,2,3,3,295,183,3,2,1,57,0,0,0,0,0
201900010795,19,12,19,1546,5,8,5,5,4488152,242065,4,1,8,1,2,4,765,492,2,3,2,45,0,0,0,0,0
201900010796,19,5,5,1156,2,4,5,3,4823049,183141,9,2,16,3,2,2,691,409,8,4,2,20,0,0,0,0,0
201900010797,19,8,27,1860,2,7,3,2,4594613,-44391,6,1,48,2,1,2,291,196,3,3,4,47,0,0,0,0,0
201900010798,19,6,14,233,5,6,3,2,4874173,352594,2,2,18,2,4,3,280,841,1,2,1,89,0,0,0,0,0
201900010799,19,6,24,1564,2,8,8,3,4975369,638279,8,4,0,3,1,4,863,190,9,4,3,47,0,0,0,0,0
201900010800,19,7,20,527,5,9,8,6,4488513,695558,5,3,0,2,1,1,791,153,6,1,3,2,0,0,0,0,0
201900010801,19,8,6,1,3,2,7,4,4807605,289747,4,4,0,1,1,2,728,102,4,5,5,41,0,0,0,0,0
201900010802,19,9,8,1805,2,3,1,5,4809324,-58218,3,4,20,3,4,2,110,761,2,2,5,96,0,0,0,0,0
201900010803,19,11,25,1351,1,7,2,6,4876617,-213551,1,2,5,1,4,3,324,342,7,7,3,84,0,0,0,0,0
201900010804,19,5,20,1250,5,2,3,7,4698122,7770,7,4,53,1,1,2,523,652,6,4,3,64,0,0,0,0,0
201900010805,19,9,25,1691,4,9,1,4,4603979,-50558,4,1,47,2,2,3,747,774,7,3,5,67,0,0,0,0,0
201900010806,19,5,8,1833,5,4,5,7,4839691,695755,7,2,30,3,2,2,102,179,9,6,4,30,0,0,0,0,0
201900010807,19,3,19,307,5,4,6,3,4607374,56769,7,1,34,2,4,4,310,617,1,1,4,39,0,0,0,0,0
201900010808,19,12,8,136,4,9,1,2,4665241,531283,6,2,52,3,3,4,78,333,5,7,1,98,0,0,0,0,0
201900010809,19,12,21,754,4,7,3,3,4509342,-160616,9,4,52,3,1,1,797,272,7,7,1,36,0,0,0,0,0
201900010810,19,2,8,537,3,5,2,3,4540309,621542,8,2,14,1,3,2,607,875,1,7,2,71,0,0,0,0,0
201900010811,19,8,27,536,1,9,2,5,4880576,-95070,2,1,12,1,4,3,733,503,3,2,1,66,0,0,0,0,0
201900010812,19,5,22,678,1,2,1,5,4522836,62284,8,1,35,2,4,2,590,703,3,2,4,17,0,0,0,0,0
201900010813,19,11,5,912,3,8,8,2,4571631,544153,3,3,25,2,3,3,199,62,4,1,3,0,0,0,0,0,0
201900010814,19,4,17,1350,4,2,2,1,4403903,304133,4,3,29,3,4,2,177,574,3,4,2,75,0,0,0,0,0
201900010815,19,5,19,844,1,9,1,2,4642753,507601,5,4,15,1,1,3,227,220,7,2,3,2,0,0,0,0,0
201900010816,19,6,14,1716,3,8,2,3,4689600,61260,5,1,25,2,1,1,125,533,3,4,1,48,0,0,0,0,0
201900010817,19,8,28,1010,4,3,2,2,4764154,-313644,1,4,0,1,2,3,538,194,7,5,1,8,0,0,0,0,0
201900010818,19,9,23,1891,4,7,5,6,4493136,37533,3,2,45,2,3,2,729,285,6,5,2,70,0,0,0,0,0
201900010819,19,11,8,82,2,3,2,4,4524426,-92630,5,1,6,2,2,1,646,933,2,4,4,53,0,0,0,0,0
201900010820,19,2,18,1764,2,6,2,3,4452956,318539,4,2,11,1,2,4,45,716,6,1,2,34,0,0,0,0,0
201900010821,19,3,2,2187,5,3,1,5,4694717,61693,8,2,37,1,1,4,772,795,4,1,2,9,0,0,0,0,0
201900010822,19,5,13,1223,1,4,7,7,4436051,608556,1,4,3,2,4,1,716,352,3,6,2,72,0,0,0,0,0
201900010823,19,6,27,753,1,4,5,2,4503190,-228246,4,3,44,1,4,4,516,88,3,5,4,17,0,0,0,0,0
201900010824,19,3,24,1907,2,5,6,6,4665386,188972,2,4,32,2,4,3,833,493,7,3,1,63,0,0,0,0,0
201900010825,19,12,25,106,5,8,9,6,4855649,279281,4,2,19,3,1,3,792,179,9,7,4,97,0,0,0,0,0
201900010826,19,2,13,2282,2,5,3,1,4745827,307827,1,1,24,3,4,1,846,392,2,3,5,78,0,0,0,0,0
201900010827,19,4,18,1175,3,9,8,2,4784172,378562,5,2,43,2,1,1,299,25,6,4,2,69,0,0,0,0,0
201900010828,19,9,23,1988,5,3,3,4,4795689,76463,6,1,33,3,2,4,29,530,1,5,3,11,0,0,0,0,0
201900010829,19,2,26,2269,1,9,2,4,4855705,-320522,7,1,15,3,4,3,454,113,8,5,2,64,0,0,0,0,0
201900010830,19,7,5,38,3,5,9,7,4676825,-16642,7,1,40,1,3,3,348,594,7,2,3,56,0,0,0,0,0
201900010831,19,1,2,1918,3,5,7,5,4607575,-162005,3,2,50,2,3,2,485,992,5,5,5,17,0,0,0,0,0
201900010832,19,10,5,505,2,9,9,3,4965708,117961,7,1,39,2,1,1,428,631,4,3,4,20,0,0,0,0,0
201900010833,19,6,6,85,5,3,5,5,4407357,-207689,5,2,18,2,1,2,5,488,6,6,3,75,0,0,0,0,0
201900010834,19,6,18,1507,4,3,9,6,4759828,-88077,9,2,47,1,2,1,681,853,5,2,3,90,0,0,0,0,0
201900010835,19,8,2,1128,2,2,7,7,4592265,73036,3,2,51,2,3,4,396,756,7,4,2,46,0,0,0,0,0
201900010836,19,5,10,2258,2,5,1,6,4996431,-237162,5,2,45,2,2,2,845,521,8,6,4,31,0,0,0,0,0
201900010837,19,4,21,668,5,8,6,3,4866094,553860,2,3,1,3,1,3,870,416,6,3,3,13,0,0,0,0,0
201900010838,19,4,20,664,1,5,7,3,4817980,-12725,3,3,31,3,3,4,540,96,8,3,1,40,0,0,0,0,0
201900010839,19,3,14,910,2,2,6,1,4728767,596835,8,3,3,2,2,2,761,289,5,5,2,87,0,0,0,0,0
201900010840,19,12,28,1932,5,5,2,3,4819371,459202,8,3,42,3,2,1,698,741,4,7,5,65,0,0,0,0,0
201900010841,19,6,28,2269,3,6,2,6,4814974,-279294,8,3,15,1,1,1,365,80,3,2,3,51,0,0,0,0,0
201900010842,19,5,25,1610,2,6,7,4,4970942,-191133,3,1,48,3,3,1,90,537,4,7,5,76,0,0,0,0,0
201900010843,19,9,17,1988,1,1,1,5,4981588,253439,2,4,50,3,2,3,445,249,6,2,2,66,0,0,0,0,0
201900010844,19,6,10,12,5,8,6,4,4598637,319786,3,2,44,3,2,1,792,379,1,7,4,31,0,0,0,0,0
201900010845,19,4,10,1286,3,8,7,5,4580869,257181,7,4,17,2,3,2,725,642,7,7,4,40,0,0,0,0,0
201900010846,19,4,16,1753,4,1,4,5,4528739,-20503,3,1,20,2,4,2,691,154,7,4,2,21,0,0,0,0,0
201900010847,19,1,12,1257,4,3,8,6,4829390,369490,2,4,51,2,4,3,831,697,8,4,1,51,0,0,0,0,0
201900010848,19,7,24,135,1,2,3,3,4488757,-20068,3,2,15,2,1,1,301,432,8,5,4,43,0,0,0,0,0
201900010849,19,6,27,261,2,9,2,2,4719336,509126,3,1,26,1,3,3,869,124,8,7,3,22,0,0,0,0,0
201900010850,19,4,12,566,1,7,7,7,4881089,261616,8,3,36,3,1,2,47,276,3,1,4,87,0,0,0,0,0
201900010851,19,5,20,104,4,3,6,3,4497858,323482,7,3,45,3,4,3,144,87,6,4,2,47,0,0,0,0,0
201900010852,19,8,3,121,2,5,1,4,4838235,-363359,7,2,41,1,1,4,254,911,3,1,4,92,0,0,0,0,0
201900010853,19,2,22,1276,3,1,7,1,4536264,-137974,5,3,41,3,2,4,584,17,6,2,1,83,0,0,0,0,0
201900010854,19,7,13,897,1,1,8,1,4914925,538253,3,3,16,1,2,2,114,746,4,7,1,83,0,0,0,0,0
201900010855,19,10,4,1275,1,6,2,7,4797956,187535,2,3,11,3,2,3,352,290,4,2,4,56,0,0,0,0,0
201900010856,19,5,20,859,3,9,9,1,4785906,-1794,2,1,38,1,2,2,629,855,9,1,5,29,0,0,0,0,0
201900010857,19,7,13,513,2,1,4,3,4906902,145232,5,3,32,1,2,2,604,422,5,1,5,16,0,0,0,0,0
201900010858,19,8,12,356,5,6,9,4,4892835,454199,7,2,26,1,4,4,426,464,7,6,1,98,0,0,0,0,0
201900010859,19,2,20,583,3,4,2,5,4465499,320533,2,4,20,1,2,1,240,678,7,5,1,43,0,0,0,0,0
201900010860,19,6,7,556,4,9,7,5,4574198,684837,6,3,6,1,2,1,776,724,7,3,2,58,0,0,0,0,0
201900010861,19,5,17,1762,1,9,5,4,4710877,331942,5,3,29,2,2,1,11,944,8,2,4,37,0,0,0,0,0
201900010862,19,3,16,2242,3,5,3,6,4752381,252370,6,4,0,2,4,4,176,491,4,4,2,29,0,0,0,0,0
201900010863,19,9,17,1983,1,7,3,5,4981259,191634,4,4,47,1,3,4,29,887,6,6,4,58,0,0,0,0,0
201900010864,19,1,22,104,5,9,2,6,4597205,277749,9,4,19,2,1,3,306,191,7,1,1,27,0,0,0,0,0
201900010865,19,4,13,517,4,5,5,3,4422557,404907,1,1,28,1,3,4,22,163,1,5,3,86,0,0,0,0,0
201900010866,19,3,7,719,3,4,9,6,4847989,-355060,9,1,47,3,1,2,100,15,9,3,4,35,0,0,0,0,0
201900010867,19,3,22,2168,4,1,7,5,4498050,78895,4,3,36,2,1,1,63,275,8,1,2,83,0,0,0,0,0
201900010868,19,11,21,423,2,8,9,5,4767204,455723,8,1,23,3,4,2,198,900,4,4,2,89,0,0,0,0,0
201900010869,19,10,4,872,3,4,1,2,4900652,369815,7,4,16,3,1,1,860,986,6,6,2,27,0,0,0,0,0
201900010870,19,10,26,2250,2,7,1,3,4496413,437491,9,4,51,1,4,4,53,916,5,5,3,61,0,0,0,0,0
201900010871,19,2,15,1345,4,3,3,2,4615382,33735,8,3,48,2,3,4,686,786,8,1,4,36,0,0,0,0,0
201900010872,19,12,28,17,1,5,7,3,4771795,588543,5,3,43,1,2,3,68,521,1,2,2,20,0,0,0,0,0
201900010873,19,9,16,1646,4,6,1,1,4639204,131580,3,1,42,3,2,4,839,758,7,3,4,94,0,0,0,0,0
201900010874,19,3,13,1985,2,4,1,6,4759193,404599,9,1,8,3,3,4,199,312,1,6,5,49,0,0,0,0,0
201900010875,19,7,17,2108,2,5,2,1,4539676,-12887,6,2,33,3,4,1,478,476,6,1,5,50,0,0,0,0,0
201900010876,19,10,21,49,2,6,1,4,4823202,106371,7,1,34,3,3,3,887,770,5,1,5,58,0,0,0,0,0
201900010877,19,1,7,1294,3,3,1,5,4411758,-107875,8,1,46,1,4,2,307,82,4,5,4,20,0,0,0,0,0
201900010878,19,12,15,93,2,1,5,4,4830001,153226,6,1,53,1,4,2,899,194,4,4,1,64,0,0,0,0,0
201900010879,19,2,13,2304,4,5,3,6,4753119,-300466,3,1,42,2,1,2,634,992,9,4,3,71,0,0,0,0,0
201900010880,19,3,26,1570,3,1,5,6,4610106,581818,8,1,0,2,1,2,582,276,6,3,4,23,0,0,0,0,0
201900010881,19,7,10,656,2,6,8,6,4507750,299104,2,3,50,2,3,3,802,756,4,1,4,20,0,0,0,0,0
201900010882,19,5,25,1335,3,4,3,6,4815958,-75465,1,3,9,2,2,2,536,614,6,2,2,84,0,0,0,0,0
201900010883,19,7,17,829,3,4,5,5,4704096,414495,9,4,27,1,1,3,696,604,1,3,3,10,0,0,0,0,0
201900010884,19,9,25,803,1,3,2,7,4815336,-208163,8,2,36,1,3,2,78,510,9,5,4,91,0,0,0,0,0
201900010885,19,5,28,1667,2,6,9,7,4899845,433031,4,1,28,2,4,1,556,584,8,6,4,81,0,0,0,0,0
201900010886,19,9,5,1424,5,1,1,5,4929474,-337927,3,1,42,3,3,1,754,414,9,4,2,80,0,0,0,0,0
201900010887,19,4,23,266,5,9,3,4,4609606,293918,1,4,21,1,2,2,141,468,7,2,5,19,0,0,0,0,0
201900010888,19,12,20,1145,4,5,9,4,4479661,376503,9,4,46,1,1,4,484,157,1,3,5,1,0,0,0,0,0
201900010889,19,11,9,1512,2,7,9,6,4823677,-93619,6,3,22,2,3,1,383,670,9,1,3,92,0,0,0,0,0
201900010890,19,2,12,671,2,6,8,2,4568950,375081,4,1,29,2,1,3,315,917,8,4,3,43,0,0,0,0,0
201900010891,19,7,11,429,5,4,5,6,4999139,-342545,8,2,16,1,1,3,438,887,4,6,4,67,0,0,0,0,0
201900010892,19,10,6,347,1,5,6,4,4784179,-136946,8,2,10,3,3,3,372,784,6,2,3,60,0,0,0,0,0
201900010893,19,12,5,1904,4,8,5,1,4968854,471007,4,1,51,2,2,3,196,238,7,1,4,94,0,0,0,0,0
201900010894,19,12,13,1965,5,5,9,6,4536416,150004,4,1,20,3,4,4,271,399,8,5,1,71,0,0,0,0,0
201900010895,19,6,19,858,5,6,1,1,4985440,372284,6,3,19,1,2,1,429,511,9,5,5,13,0,0,0,0,0
201900010896,19,8,8,577,2,8,3,2,4880833,247628,6,1,8,2,2,4,813,853,3,4,5,12,0,0,0,0,0
201900010897,19,4,12,1439,2,4,3,1,4883293,544163,9,4,28,1,2,2,845,558,5,3,1,35,0,0,0,0,0
201900010898,19,4,10,889,5,6,3,2,4481332,-277485,8,4,1,3,3,2,300,638,7,2,4,93,0,0,0,0,0
201900010899,19,12,4,1960,4,7,7,4,4631498,560111,1,4,21,2,3,2,585,286,3,6,3,89,0,0,0,0,0
201900010900,19,8,18,166,5,5,9,2,4738089,81964,5,3,25,1,4,3,555,227,7,3,5,19,0,0,0,0,0
201900010901,19,4,20,693,2,7,3,4,4804472,-188750,7,3,36,3,4,4,573,354,7,6,4,79,0,0,0,0,0
201900010902,19,1,13,2287,3,6,8,2,4867550,-25928,5,1,24,1,2,2,46,577,5,2,2,51,0,0,0,0,0
201900010903,19,7,19,796,3,1,6,1,4775254,534963,8,3,5,3,2,2,176,617,3,4,5,94,0,0,0,0,0
201900010904,19,2,28,2194,1,7,5,7,4998255,-351911,7,2,4,1,3,3,337,784,3,3,4,32,0,0,0,0,0
201900010905,19,8,20,2242,5,1,7,4,4898793,85282,4,4,8,2,4,1,521,92,6,6,1,85,0,0,0,0,0
201900010906,19,7,2,2095,2,1,9,4,4644526,134192,2,4,13,1,2,3,869,371,3,7,1,67,0,0,0,0,0
201900010907,19,3,22,2060,4,4,8,3,4504197,30394,7,4,4,1,4,1,837,341,3,6,2,43,0,0,0,0,0
201900010908,19,9,12,1926,3,7,6,7,4765718,442470,7,4,48,3,4,3,693,573,1,6,4,85,0,0,0,0,0
201900010909,19,12,3,273,2,8,3,7,4490155,230821,4,3,33,1,1,3,585,386,7,5,4,75,0,0,0,0,0
201900010910,19,7,28,2152,2,1,1,2,4737253,183692,9,1,10,3,2,1,582,748,5,1,1,79,0,0,0,0,0
201900010911,19,10,19,692,4,9,3,4,4650280,55021,8,1,18,3,1,3,372,693,5,6,3,98,0,0,0,0,0
201900010912,19,7,4,1289,2,5,5,6,4705051,608441,7,2,0,2,3,4,702,131,3,5,2,20,0,0,0,0,0
201900010913,19,11,23,2066,2,6,4,7,4976424,65064,9,1,5,2,3,4,438,649,9,2,3,61,0,0,0,0,0
201900010914,19,7,5,2223,5,7,7,7,4827873,208022,4,4,41,2,3,2,108,653,5,5,5,90,0,0,0,0,0
201900010915,19,4,26,1814,2,9,8,6,4756819,215721,3,4,3,1,4,2,199,234,6,3,3,33,0,0,0,0,0
201900010916,19,10,23,1153,2,6,6,5,4723181,-137306,4,4,40,2,1,2,855,37,6,7,1,87,0,0,0,0,0
201900010917,19,9,8,2230,4,5,2,6,4404928,-150643,4,4,18,2,2,3,31,460,9,5,3,73,0,0,0,0,0
201900010918,19,7,22,1724,1,9,8,6,4981568,-261309,1,3,19,1,2,1,744,564,1,5,2,91,0,0,0,0,0
201900010919,19,10,12,616,2,9,5,4,4476655,495617,5,3,31,2,3,1,637,262,8,5,1,47,0,0,0,0,0
201900010920,19,10,21,1492,4,1,3,6,4760393,390029,2,1,44,2,2,1,451,801,8,5,5,29,0,0,0,0,0
201900010921,19,12,6,124,4,1,4,7,4801381,526377,8,3,39,3,1,4,6,396,2,3,1,81,0,0,0,0,0
201900010922,19,8,27,876,1,2,8,1,4813009,-123913,7,2,36,2,3,4,352,567,9,2,2,70,0,0,0,0,0
201900010923,19,6,19,1807,2,1,2,2,4617581,377506,9,1,10,3,1,4,194,171,8,1,3,74,0,0,0,0,0
201900010924,19,7,17,1612,1,6,4,3,4636360,-134431,1,1,30,3,4,2,505,135,9,1,3,6,0,0,0,0,0
201900010925,19,3,10,666,3,8,2,5,4540681,356461,6,2,18,1,2,3,96,983,7,5,5,37,0,0,0,0,0
201900010926,19,4,20,337,2,3,7,5,4873582,553786,9,4,0,3,3,1,24,97,5,4,5,90,0,0,0,0,0
201900010927,19,5,12,2255,4,6,3,3,4450072,42911,9,1,28,3,4,1,61,40,6,4,3,2,0,0,0,0,0
201900010928,19,3,3,1786,2,9,9,2,4968553,266928,5,4,27,2,2,1,295,507,8,5,1,77,0,0,0,0,0
201900010929,19,3,21,744,1,5,2,7,4560602,349083,4,1,45,3,3,4,179,638,6,2,5,52,0,0,0,0,0
201900010930,19,7,26,1332,1,5,4,4,4590506,637687,3,4,1,3,2,4,734,206,5,3,2,30,0,0,0,0,0
201900010931,19,4,18,1432,3,4,5,3,4532954,211549,6,1,8,3,2,1,81,550,3,2,5,18,0,0,0,0,0
201900010932,19,4,22,1860,2,9,3,7,4834437,-224449,9,3,10,1,3,4,364,267,7,2,3,21,0,0,0,0,0
201900010933,19,5,12,2345,1,6,6,6,4936082,426494,4,4,2,1,1,2,604,147,6,3,4,11,0,0,0,0,0
201900010934,19,6,27,1071,1,3,5,7,4408654,-76959,9,2,43,1,4,4,459,140,9,1,5,5,0,0,0,0,0
201900010935,19,11,21,55,5,2,2,4,4888959,-358574,2,3,28,2,2,2,126,452,1,1,4,16,0,0,0,0,0
201900010936,19,3,11,2026,2,9,1,5,4446667,461601,2,1,15,1,4,2,843,489,1,6,2,86,0,0,0,0,0
201900010937,19,6,20,1181,4,1,8,5,4642684,544128,6,1,28,3,3,1,305,576,9,1,2,9,0,0,0,0,0
201900010938,19,7,6,749,5,7,7,2,4811802,401455,9,1,27,2,1,4,303,30,5,2,3,29,0,0,0,0,0
201900010939,19,12,17,1647,1,1,4,3,4873736,-114608,6,2,11,3,1,3,57,242,5,2,4,51,0,0,0,0,0
201900010940,19,6,19,667,1,1,5,7,4511165,225657,1,4,13,2,1,4,193,479,2,7,4,77,0,0,0,0,0
201900010941,19,7,12,136,5,7,5,2,4782023,-159829,8,1,41,1,3,2,776,847,4,1,1,91,0,0,0,0,0
201900010942,19,2,21,524,2,2,7,6,4613680,-58570,7,2,9,2,4,1,263,363,4,7,3,15,0,0,0,0,0
201900010943,19,6,16,546,5,6,6,7,4837030,-271481,7,2,44,3,3,3,740,155,4,1,3,67,0,0,0,0,0
201900010944,19,10,17,56,2,4,9,6,4948692,50203,3,1,46,1,3,3,244,938,3,6,2,62,0,0,0,0,0
201900010945,19,2,27,1593,3,5,2,2,4597862,564045,5,4,6,1,4,4,565,609,1,7,2,80,0,0,0,0,0
201900010946,19,10,26,2303,1,5,9,7,4629465,-226347,3,3,27,1,1,1,498,929,7,6,1,88,0,0,0,0,0
201900010947,19,12,27,2323,1,9,3,7,4611447,-120911,4,3,14,1,1,2,161,865,7,6,4,34,0,0,0,0,0
201900010948,19,5,6,2077,2,9,2,4,4557175,19988,6,2,22,1,4,2,418,836,8,1,4,90,0,0,0,0,0
201900010949,19,6,2,796,4,3,3,6,4917802,-53863,4,2,4,2,2,3,652,523,2,6,5,32,0,0,0,0,0
201900010950,19,4,7,1273,1,4,6,7,4968171,143507,9,1,34,3,1,4,221,508,7,3,2,2,0,0,0,0,0
201900010951,19,12,11,1039,3,3,9,4,4933393,471819,5,3,37,3,3,4,214,369,9,6,2,56,0,0,0,0,0
201900010952,19,5,15,569,3,8,2,2,4458618,-49056,1,4,34,2,4,1,227,999,8,5,5,65,0,0,0,0,0
201900010953,19,10,14,1922,2,9,7,1,4448451,-343011,1,4,5,2,1,4,377,529,4,3,1,10,0,0,0,0,0
201900010954,19,1,5,775,5,7,7,5,4404179,-129516,3,1,51,1,1,1,36,6,4,1,3,68,0,0,0,0,0
201900010955,19,1,17,1421,2,6,3,6,4910508,-74836,6,2,31,3,2,2,403,745,7,2,3,4,0,0,0,0,0
201900010956,19,11,22,1609,2,2,5,2,4803649,137793,2,2,16,1,4,2,770,531,8,5,4,10,0,0,0,0,0
201900010957,19,7,5,500,5,7,7,6,4587499,-265855,9,2,6,2,3,4,66,335,6,2,4,92,0,0,0,0,0
201900010958,19,8,4,207,5,4,2,1,4901032,619519,6,4,10,3,2,1,50,238,6,2,2,12,0,0,0,0,0
201900010959,19,2,27,1343,4,9,1,7,4446701,374654,9,2,27,1,3,2,731,195,4,6,3,49,0,0,0,0,0
201900010960,19,3,10,776,3,4,2,4,4851004,68153,1,1,22,2,1,3,111,74,3,1,2,66,0,0,0,0,0
201900010961,19,7,5,269,2,9,2,5,4934856,-309182,7,4,48,3,4,2,216,402,4,6,5,70,0,0,0,0,0
201900010962,19,6,6,106,2,3,5,5,4565294,346042,7,2,23,1,4,4,717,192,2,7,2,22,0,0,0,0,0
201900010963,19,9,1,2094,5,3,7,3,4647811,248557,9,1,38,1,4,2,304,765,6,3,1,30,0,0,0,0,0
201900010964,19,6,2,1379,4,6,6,7,4546380,-116790,5,1,29,1,2,2,745,982,8,6,2,15,0,0,0,0,0
201900010965,19,9,16,1902,3,1,8,4,4948713,-386340,7,3,11,3,4,1,553,301,9,6,3,60,0,0,0,0,0
201900010966,19,7,19,2035,3,7,6,4,4903546,-6971,4,3,20,3,3,4,363,876,9,5,3,2,0,0,0,0,0
201900010967,19,10,5,1470,2,7,4,4,4897736,-167404,9,2,26,2,4,1,43,341,7,7,2,67,0,0,0,0,0
201900010968,19,7,20,1537,3,2,8,6,4966241,-147219,9,1,10,1,1,2,509,909,3,3,1,31,0,0,0,0,0
201900010969,19,9,24,2100,1,6,4,7,4855269,-193275,4,4,5,3,2,2,799,713,8,2,3,23,0,0,0,0,0
201900010970,19,4,20,176,1,9,5,7,4436048,395626,3,2,22,2,4,1,96,773,9,2,2,93,0,0,0,0,0
201900010971,19,9,6,661,2,4,9,2,4853546,-125372,3,4,18,2,2,3,721,839,5,2,4,81,0,0,0,0,0
201900010972,19,12,25,155,3,9,2,7,4796383,319368,5,3,34,2,2,3,42,927,6,4,2,56,0,0,0,0,0
201900010973,19,8,4,97,4,1,2,2,4536177,47779,2,4,14,1,1,2,754,741,7,5,3,29,0,0,0,0,0
201900010974,19,3,3,306,4,4,5,2,4638839,-283505,4,2,41,2,1,1,767,923,4,3,2,92,0,0,0,0,0
201900010975,19,9,17,432,2,8,8,2,4803565,365096,7,3,53,2,4,2,180,198,7,6,5,96,0,0,0,0,0
201900010976,19,11,15,2222,4,7,2,3,4698321,191582,3,4,39,3,4,4,891,967,1,3,4,89,0,0,0,0,0
201900010977,19,6,9,183,3,1,7,3,4954960,367429,8,3,8,2,4,1,438,294,4,1,5,88,0,0,0,0,0
201900010978,19,4,11,1558,3,6,1,2,4719009,143222,1,2,14,1,2,4,519,212,2,5,4,17,0,0,0,0,0
201900010979,19,9,4,369,4,4,8,3,4664345,-285042,6,3,46,1,1,2,393,40,3,1,1,19,0,0,0,0,0
201900010980,19,4,21,2125,3,6,8,2,4522711,-8875,4,1,41,3,2,2,146,640,5,4,3,25,0,0,0,0,0
201900010981,19,10,9,2302,5,1,9,6,4951047,298797,4,1,13,3,3,3,419,846,4,6,4,23,0,0,0,0,0
201900010982,19,3,20,570,3,7,8,6,4458310,-345116,2,4,6,1,3,3,359,60,2,5,1,54,0,0,0,0,0
201900010983,19,12,22,801,5,7,7,1,4661800,379003,8,2,9,2,1,1,438,364,8,6,4,18,0,0,0,0,0
201900010984,19,11,5,2281,1,3,7,5,4556831,-137488,7,1,42,2,1,1,667,323,2,6,2,29,0,0,0,0,0
201900010985,19,9,21,1350,3,3,4,3,4703752,-106705,7,3,1,1,1,2,788,962,2,7,5,7,0,0,0,0,0
201900010986,19,7,8,1920,4,5,7,6,4813283,478918,9,4,7,3,3,1,204,74,8,6,3,96,0,0,0,0,0
201900010987,19,10,21,1205,5,6,2,6,4626462,143107,6,4,31,3,2,4,312,731,4,4,1,65,0,0,0,0,0
201900010988,19,6,23,518,1,7,7,6,4821941,81973,6,4,38,3,3,4,882,293,1,4,5,66,0,0,0,0,0
201900010989,19,6,2,1544,4,9,1,6,4804250,647573,9,3,20,3,4,4,302,655,6,1,3,75,0,0,0,0,0
201900010990,19,6,22,1942,3,5,8,1,4557557,7219,1,1,17,3,2,4,356,74,5,3,2,59,0,0,0,0,0
201900010991,19,10,20,815,1,9,6,3,4864305,-326890,2,4,47,2,2,3,419,671,6,6,5,39,0,0,0,0,0
201900010992,19,1,12,866,2,6,9,2,4563566,422724,6,1,7,1,3,4,153,992,1,3,1,58,0,0,0,0,0
201900010993,19,5,20,570,3,2,4,1,4764476,-323842,7,2,31,2,1,3,762,489,5,7,3,43,0,0,0,0,0
201900010994,19,12,8,2321,2,6,5,5,4568547,150935,9,2,51,2,4,2,38,955,7,4,4,13,0,0,0,0,0
201900010995,19,2,6,2322,4,6,3,5,4766567,-252104,7,1,44,1,1,4,516,643,1,5,2,51,0,0,0,0,0
201900010996,19,10,10,1803,2,8,1,4,4584398,280612,5,4,20,2,2,4,9,816,5,5,3,15,0,0,0,0,0
201900010997,19,4,11,633,1,1,8,7,4704795,518885,1,3,50,3,4,3,4,973,8,3,3,55,0,0,0,0,0
201900010998,19,12,22,147,2,2,8,2,4898399,467334,4,3,12,2,2,3,40,763,9,4,4,70,0,0,0,0,0
201900010999,19,2,2,1797,1,5,1,5,4809662,313332,5,1,44,3,4,2,704,876,7,5,4,58,0,0,0,0,0
201900011000,19,7,7,2130,4,6,4,7,4619597,178976,9,3,47,2,4,2,530,100,2,1,5,92,0,0,0,0,0
201900011001,19,11,7,385,2,7,2,3,4629975,309923,7,4,24,1,1,3,894,900,2,5,1,30,0,0,0,0,0
201900011002,19,8,26,898,1,4,8,1,4816798,629325,4,4,3,3,1,2,683,799,5,7,1,98,0,0,0,0,0
201900011003,19,8,12,1237,4,7,2,2,4574920,41897,3,2,21,2,4,2,148,275,6,5,2,24,0,0,0,0,0
201900011004,19,9,14,1835,2,6,3,2,4485775,49772,3,3,39,3,1,3,273,874,6,4,5,98,0,0,0,0,0