Num_Acc,an,mois,jour,hrmn,lum,int,atm,col,lat,long,catr,circ,nbv,vosp,prof,plan,lartpc,larrout,surf,infra,situ,env1,unscathed,killed,hospital,light,chance
201900011005,19,12,6,380,2,2,2,7,4674121,296194,6,1,10,2,2,1,692,723,9,5,5,16,0,0,0,0,0
201900011006,19,5,12,1207,1,3,8,5,4413838,147451,1,2,45,3,4,3,242,227,2,5,3,43,0,0,0,0,0
201900011007,19,7,11,2331,3,1,2,1,4999558,397137,5,1,39,3,3,2,536,159,5,3,4,64,0,0,0,0,0
201900011008,19,8,28,300,2,9,9,1,4788362,336419,4,2,40,2,3,2,624,480,9,3,1,58,0,0,0,0,0
201900011009,19,7,1,335,2,8,3,7,4772315,-267385,2,1,38,2,4,2,356,429,3,2,2,48,0,0,0,0,0
201900011010,19,8,24,2231,4,5,6,4,4954249,79174,3,1,51,3,1,2,466,527,4,2,5,82,0,0,0,0,0
201900011011,19,12,5,1486,1,2,8,6,4847556,-295500,3,2,8,2,4,2,563,970,7,7,4,57,0,0,0,0,0
201900011012,19,9,8,336,2,9,9,7,4859877,134552,1,2,40,2,4,1,484,676,4,4,4,53,0,0,0,0,0
201900011013,19,2,5,1339,1,5,9,6,4653884,-129253,5,2,12,2,3,1,208,881,5,4,2,10,0,0,0,0,0
201900011014,19,9,23,830,3,1,3,2,4458149,-365790,9,2,36,2,2,2,186,430,2,4,3,34,0,0,0,0,0
201900011015,19,3,8,971,1,8,8,1,4792748,583562,4,3,22,1,2,1,632,796,5,5,2,34,0,0,0,0,0
201900011016,19,11,14,530,4,5,9,4,4957287,-300953,7,4,26,3,3,2,34,725,1,5,3,65,0,0,0,0,0
201900011017,19,8,27,502,1,5,2,1,4788959,279518,5,1,7,2,4,3,5,275,5,2,1,83,0,0,0,0,0
201900011018,19,9,7,1632,2,9,8,7,4824685,639013,3,2,8,1,1,2,458,552,2,7,5,26,0,0,0,0,0
201900011019,19,2,20,2207,3,9,4,3,4898816,455256,8,3,31,2,3,4,542,304,3,2,3,49,0,0,0,0,0
201900011020,19,2,7,444,2,5,9,4,4660359,574008,6,4,19,2,4,1,711,18,2,1,5,9,0,0,0,0,0
201900011021,19,3,10,620,4,2,2,5,4856758,-89937,9,3,49,1,1,2,642,148,2,2,4,39,0,0,0,0,0
201900011022,19,9,19,1378,1,1,2,5,4900088,297309,2,4,43,2,3,4,224,243,6,1,4,6,0,0,0,0,0
201900011023,19,1,17,584,1,5,2,2,4796792,178462,5,2,36,3,2,1,638,194,8,3,2,41,0,0,0,0,0
201900011024,19,4,20,92,2,9,7,1,4855226,-201662,4,2,7,1,3,1,326,33,8,7,3,95,0,0,0,0,0
201900011025,19,5,11,1498,3,3,6,5,4977019,239466,7,3,23,2,2,1,572,585,2,5,2,38,0,0,0,0,0
201900011026,19,8,27,629,2,1,1,1,4699979,-218283,8,3,23,1,3,1,581,28,7,3,1,58,0,0,0,0,0
201900011027,19,9,8,208,3,6,7,1,4477028,630677,5,1,2,3,4,1,883,868,8,1,5,92,0,0,0,0,0
201900011028,19,3,22,1107,1,7,6,1,4917147,333873,3,1,2,3,3,3,628,845,2,4,1,4,0,0,0,0,0
201900011029,19,3,25,625,5,6,4,1,4410549,-252917,7,2,24,1,3,2,542,799,9,5,3,81,0,0,0,0,0
201900011030,19,10,23,2197,1,3,5,7,4595077,497022,4,2,4,1,2,3,280,956,8,6,1,33,0,0,0,0,0
201900011031,19,10,10,606,2,7,9,7,4768785,612013,7,3,6,2,2,1,669,627,6,7,3,1,0,0,0,0,0
201900011032,19,7,8,366,2,1,5,1,4641304,132975,7,3,20,2,1,4,595,409,1,2,3,13,0,0,0,0,0
201900011033,19,2,3,1176,4,7,7,4,4841770,-294516,4,2,43,2,1,1,484,606,8,3,1,84,0,0,0,0,0
201900011034,19,6,4,1135,2,2,7,2,4808045,408537,1,1,52,3,4,3,419,438,3,5,1,0,0,0,0,0,0
201900011035,19,7,16,1662,2,6,1,7,4568899,-250565,1,4,24,3,1,4,378,961,6,4,1,73,0,0,0,0,0
201900011036,19,10,12,1159,3,2,7,6,4669274,44924,4,2,45,1,4,2,18,306,7,7,3,20,0,0,0,0,0
201900011037,19,10,1,734,1,7,1,3,4771993,599725,4,4,46,2,4,2,407,606,2,2,4,98,0,0,0,0,0
201900011038,19,6,3,2274,1,3,9,2,4511839,462426,2,4,26,3,2,1,601,624,2,2,3,73,0,0,0,0,0
201900011039,19,8,20,1831,5,7,8,6,4450715,-34675,1,2,33,1,1,4,48,30,9,1,2,65,0,0,0,0,0
201900011040,19,6,6,2011,1,6,7,4,4679407,-117567,5,2,20,2,1,1,740,217,2,2,4,36,0,0,0,0,0
201900011041,19,7,10,552,4,9,3,4,4867070,-162760,9,3,53,1,1,1,480,453,5,6,2,56,0,0,0,0,0
201900011042,19,5,23,351,3,5,6,3,4739345,188846,3,2,17,2,2,3,417,783,1,4,3,48,0,0,0,0,0
201900011043,19,5,8,234,4,1,4,6,4894364,520622,2,3,52,2,3,4,511,984,2,2,1,97,0,0,0,0,0
201900011044,19,12,1,1893,3,7,2,5,4777070,-161273,9,3,43,3,2,2,186,110,2,5,1,17,0,0,0,0,0
201900011045,19,11,24,1699,3,1,1,2,4834159,11804,6,2,4,3,3,4,246,310,3,7,4,88,0,0,0,0,0
201900011046,19,2,16,2108,2,1,4,7,4450237,495571,2,1,51,2,3,1,63,112,5,2,3,50,0,0,0,0,0
201900011047,19,3,27,1419,4,6,7,1,4531339,215494,1,1,0,1,1,2,826,994,2,7,4,71,0,0,0,0,0
201900011048,19,2,10,1004,5,5,3,5,4658597,553984,6,1,32,2,1,2,155,356,7,1,5,40,0,0,0,0,0
201900011049,19,8,22,354,5,5,3,1,4856344,641569,9,3,51,3,2,4,590,998,2,7,3,37,0,0,0,0,0
201900011050,19,8,5,691,4,8,8,3,4633391,546739,5,2,39,3,1,2,624,836,8,1,5,79,0,0,0,0,0
201900011051,19,3,4,2174,4,7,3,6,4704753,72904,7,1,6,2,3,3,571,403,8,6,5,58,0,0,0,0,0
201900011052,19,10,21,1821,3,7,4,1,4730037,-36166,5,3,3,1,1,3,145,142,9,2,5,44,0,0,0,0,0
201900011053,19,3,1,560,3,8,1,2,4494883,414383,7,3,50,2,4,2,863,871,3,7,5,32,0,0,0,0,0
201900011054,19,4,22,800,1,7,2,4,4885527,504246,6,4,4,2,2,1,97,411,3,6,1,28,0,0,0,0,0
201900011055,19,8,13,1316,1,8,4,6,4493326,364231,4,1,29,1,1,3,908,619,9,5,5,98,0,0,0,0,0
201900011056,19,1,6,820,3,6,6,2,4880277,588473,2,2,47,3,4,4,862,342,6,5,3,91,0,0,0,0,0
201900011057,19,1,21,2350,5,5,8,7,4633520,-243639,8,1,38,3,2,2,177,571,7,4,2,62,0,0,0,0,0
201900011058,19,8,28,650,3,5,6,7,4497079,385217,5,2,43,2,4,1,784,465,1,7,5,50,0,0,0,0,0
201900011059,19,9,18,1587,2,9,2,3,4540170,211403,2,3,48,3,3,1,68,147,6,7,4,82,0,0,0,0,0
201900011060,19,10,13,558,2,3,9,4,4549777,-73357,6,3,0,2,1,2,59,565,6,1,5,6,0,0,0,0,0
201900011061,19,1,22,1833,1,1,6,1,4715866,633943,7,4,49,2,3,3,450,236,4,5,4,87,0,0,0,0,0
201900011062,19,4,21,1710,3,9,7,3,4816766,432741,5,2,11,1,4,4,130,752,8,5,2,88,0,0,0,0,0
201900011063,19,11,2,2201,5,9,5,4,4659987,-211810,4,1,5,1,3,4,512,617,6,3,1,20,0,0,0,0,0
201900011064,19,3,10,1412,3,2,8,1,4934842,-86773,3,4,31,1,3,3,245,207,1,7,5,52,0,0,0,0,0
201900011065,19,3,27,2073,2,1,4,2,4774208,664571,2,3,40,2,4,1,460,636,6,2,2,58,0,0,0,0,0
201900011066,19,12,1,1316,5,5,6,1,4935826,389624,8,3,3,3,1,2,884,138,6,1,5,41,0,0,0,0,0
201900011067,19,9,8,1875,1,5,4,2,4598805,372137,4,2,1,3,1,4,24,733,2,1,2,63,0,0,0,0,0
201900011068,19,4,13,1081,3,3,5,5,4821395,299929,5,1,49,2,4,2,910,162,6,4,1,83,0,0,0,0,0
201900011069,19,8,21,980,3,2,5,4,4920588,523751,9,2,0,1,3,3,283,79,5,4,1,38,0,0,0,0,0
201900011070,19,3,28,1036,4,9,9,4,4595300,289377,4,4,49,3,2,2,154,60,2,4,4,94,0,0,0,0,0
201900011071,19,9,9,717,5,5,8,6,4768606,487964,6,1,44,3,4,2,618,232,8,4,2,64,0,0,0,0,0
201900011072,19,7,13,2083,1,1,5,7,4531723,447920,2,3,16,2,3,2,106,834,9,7,2,26,0,0,0,0,0
201900011073,19,12,11,475,5,3,8,1,4611145,565206,9,2,20,1,2,1,109,365,8,1,5,97,0,0,0,0,0
201900011074,19,12,10,21,3,7,7,2,4791434,-163756,4,3,34,3,1,2,817,921,6,6,1,37,0,0,0,0,0
201900011075,19,4,26,2065,4,4,3,4,4419194,51662,9,1,8,3,2,4,515,781,5,7,5,1,0,0,0,0,0
201900011076,19,9,6,33,5,6,4,1,4743338,-146623,5,4,36,3,3,2,197,976,9,5,1,54,0,0,0,0,0
201900011077,19,1,7,1701,2,9,9,7,4644196,646410,3,2,5,2,3,4,582,658,2,6,5,76,0,0,0,0,0
201900011078,19,7,5,2009,4,8,9,4,4619239,-2751,1,3,33,1,3,1,413,530,4,2,2,82,0,0,0,0,0
201900011079,19,9,12,2260,4,4,8,2,4513655,357621,9,2,11,1,4,2,799,574,9,6,2,62,0,0,0,0,0
201900011080,19,9,23,637,4,4,4,1,4583072,-348524,3,4,30,2,3,4,340,752,9,1,3,33,0,0,0,0,0
201900011081,19,10,15,1633,1,6,6,1,4756492,-164299,5,1,29,3,3,3,85,295,7,2,4,92,0,0,0,0,0
201900011082,19,1,1,289,5,7,3,7,4529281,-291174,9,2,12,3,3,3,695,792,1,7,3,21,0,0,0,0,0
201900011083,19,8,1,233,1,5,6,4,4848321,363066,3,3,40,1,4,2,393,208,5,7,5,74,0,0,0,0,0
201900011084,19,4,24,1366,3,1,4,5,4577739,668300,8,3,49,1,4,4,736,570,3,5,5,69,0,0,0,0,0
201900011085,19,4,10,677,2,2,6,1,4653195,-242441,3,4,46,2,3,1,163,744,4,3,5,67,0,0,0,0,0
201900011086,19,7,18,522,4,8,7,4,4619386,-351101,2,1,44,2,2,2,330,213,6,5,5,22,0,0,0,0,0
201900011087,19,7,8,666,3,8,7,1,4412399,179935,8,1,17,3,4,3,543,964,8,4,3,85,0,0,0,0,0
201900011088,19,10,12,620,2,5,5,3,4443252,-119411,3,2,17,2,3,2,152,936,5,6,1,95,0,0,0,0,0
201900011089,19,3,23,2042,2,5,1,7,4525226,663590,6,1,20,1,1,4,715,52,7,7,3,16,0,0,0,0,0
201900011090,19,11,8,536,1,2,1,5,4475045,614994,1,2,20,3,3,3,385,997,3,5,5,63,0,0,0,0,0
201900011091,19,9,11,2239,4,9,8,3,4947815,431947,1,3,12,2,4,1,198,116,6,4,3,60,0,0,0,0,0
201900011092,19,3,27,990,2,8,1,2,4503161,-298731,3,3,47,3,3,2,327,584,9,4,2,68,0,0,0,0,0
201900011093,19,5,26,851,4,6,3,7,4441535,99934,3,3,50,2,3,2,411,626,2,7,3,60,0,0,0,0,0
201900011094,19,4,10,825,4,7,3,1,4963222,-17866,7,3,16,2,1,1,252,356,5,3,3,75,0,0,0,0,0
201900011095,19,3,1,1906,1,4,5,2,4643039,-200352,8,4,14,2,2,4,344,514,7,5,2,94,0,0,0,0,0
201900011096,19,8,27,1650,1,8,9,4,4971332,-277561,9,2,40,1,2,4,157,365,1,3,1,97,0,0,0,0,0
201900011097,19,9,17,1157,4,8,6,3,4986900,459942,1,1,32,1,4,4,466,685,6,2,2,86,0,0,0,0,0
201900011098,19,11,25,211,3,1,1,2,4485045,-186867,8,4,35,2,3,1,436,233,5,3,4,92,0,0,0,0,0
201900011099,19,1,27,2172,5,8,8,5,4894253,129752,3,3,40,2,1,3,124,794,9,6,1,28,0,0,0,0,0
201900011100,19,6,12,1380,1,5,4,2,4962727,-22717,2,4,31,3,1,1,283,274,4,4,2,45,0,0,0,0,0
201900011101,19,6,19,1387,1,6,8,4,4706338,-7899,3,1,40,2,1,4,812,479,4,2,5,10,0,0,0,0,0
201900011102,19,12,11,1304,4,7,5,4,4876015,-39828,1,1,8,3,1,4,546,635,8,3,5,81,0,0,0,0,0
201900011103,19,8,2,622,5,2,9,1,4762433,459529,8,1,3,2,4,1,197,339,8,2,4,72,0,0,0,0,0
201900011104,19,4,4,461,2,9,7,1,4408109,78693,5,3,4,1,4,3,482,456,3,3,4,41,0,0,0,0,0
201900011105,19,12,13,1815,5,7,4,4,4932918,-390491,9,3,25,1,4,4,508,584,3,6,4,86,0,0,0,0,0
201900011106,19,8,7,1699,4,9,3,6,4552170,-258590,3,4,19,1,2,3,40,236,4,2,5,46,0,0,0,0,0
201900011107,19,10,19,2116,4,3,2,7,4637844,-229337,7,2,18,1,1,1,290,531,3,5,5,74,0,0,0,0,0
201900011108,19,2,12,2010,2,4,2,4,4708034,-316508,5,4,18,3,3,3,719,639,3,1,4,90,0,0,0,0,0
201900011109,19,8,5,2336,5,4,7,5,4951898,175203,9,1,51,3,4,2,573,138,9,6,5,79,0,0,0,0,0
201900011110,19,8,10,1297,4,9,5,5,4467218,600480,9,1,31,1,1,1,296,513,2,4,4,48,0,0,0,0,0
201900011111,19,12,2,2134,1,5,9,3,4574608,625146,6,1,43,1,2,2,743,756,7,1,3,48,0,0,0,0,0
201900011112,19,6,27,1366,5,4,4,3,4872063,295943,7,1,37,2,4,1,784,444,1,2,1,37,0,0,0,0,0
201900011113,19,2,7,1388,1,4,4,6,4612070,-384647,7,2,13,3,4,1,912,318,3,3,4,10,0,0,0,0,0
201900011114,19,4,8,542,3,3,8,2,4632330,139482,5,1,52,2,1,1,897,345,9,5,2,50,0,0,0,0,0
201900011115,19,6,14,581,1,2,5,6,4457221,125191,2,3,34,1,3,2,318,701,1,7,2,65,0,0,0,0,0
201900011116,19,12,20,715,3,7,2,7,4756259,628790,1,4,2,3,3,4,469,4,8,5,4,2,0,0,0,0,0
201900011117,19,11,1,456,5,2,8,2,4605478,-315864,3,2,42,2,2,1,228,51,6,2,5,68,0,0,0,0,0
201900011118,19,3,16,1473,1,2,9,6,4460836,172813,7,4,17,1,1,2,324,897,5,2,5,65,0,0,0,0,0
201900011119,19,2,8,1710,4,4,1,3,4729610,330906,4,1,52,1,1,3,416,792,5,3,2,42,0,0,0,0,0
201900011120,19,10,4,1221,5,5,3,7,4718778,122033,8,3,51,3,1,1,425,58,2,3,1,36,0,0,0,0,0
201900011121,19,8,9,2320,4,3,5,3,4840959,-333046,4,3,15,3,3,2,632,976,9,6,2,80,0,0,0,0,0
201900011122,19,2,13,458,4,5,2,4,4844597,687261,5,3,41,3,2,4,697,324,4,1,1,16,0,0,0,0,0
201900011123,19,11,12,1871,3,3,1,6,4784810,321807,5,3,16,3,1,2,277,269,1,2,1,4,0,0,0,0,0
201900011124,19,10,1,1253,3,1,8,5,4981796,473732,2,4,4,3,3,1,859,811,4,1,3,32,0,0,0,0,0
201900011125,19,1,2,1665,3,4,3,5,4582181,284613,7,2,10,3,4,3,756,352,6,3,1,26,0,0,0,0,0
201900011126,19,7,4,135,1,6,9,1,4407477,412839,2,1,36,3,2,4,186,11,5,7,5,93,0,0,0,0,0
201900011127,19,9,27,1812,1,2,5,1,4608848,558049,9,1,28,3,2,1,529,712,1,2,5,48,0,0,0,0,0
201900011128,19,6,8,1333,1,9,6,6,4761195,668374,3,1,29,3,1,3,762,708,9,7,2,95,0,0,0,0,0
201900011129,19,12,6,631,1,2,4,5,4801889,489108,9,2,47,2,1,4,313,449,6,2,4,57,0,0,0,0,0
201900011130,19,6,9,492,1,9,5,1,4445929,651008,9,3,3,2,3,4,691,271,8,5,5,99,0,0,0,0,0
201900011131,19,4,15,1824,2,2,6,2,4439938,542195,8,1,27,3,2,1,810,508,8,4,1,3,0,0,0,0,0
201900011132,19,5,25,1803,5,9,4,7,4660708,628573,5,1,46,3,4,4,668,678,3,6,2,53,0,0,0,0,0
201900011133,19,1,16,1291,4,3,9,2,4439527,246460,2,4,15,2,2,2,322,57,5,3,3,74,0,0,0,0,0
201900011134,19,2,26,1984,1,7,1,5,4474419,457273,6,2,28,1,1,3,435,646,9,5,5,16,0,0,0,0,0
201900011135,19,10,23,1554,1,9,9,2,4523950,186972,8,1,8,2,1,1,399,681,9,7,2,26,0,0,0,0,0
201900011136,19,5,4,964,1,1,5,5,4481246,-248327,9,3,41,1,2,4,646,605,1,1,1,29,0,0,0,0,0
201900011137,19,10,1,1653,3,9,9,3,4481942,628059,9,3,53,1,4,2,243,866,3,6,1,28,0,0,0,0,0
201900011138,19,8,10,757,5,1,4,6,4731535,439170,2,3,11,3,1,1,388,726,2,1,1,27,0,0,0,0,0
201900011139,19,10,14,366,1,6,6,5,4452842,-31398,6,2,28,2,3,1,673,830,2,6,3,68,0,0,0,0,0
201900011140,19,8,1,686,1,9,3,4,4478761,-163870,7,4,41,2,1,4,667,213,8,1,3,25,0,0,0,0,0
201900011141,19,8,21,2135,5,3,6,2,4823795,-248792,4,1,0,3,2,2,741,998,2,3,1,26,0,0,0,0,0
201900011142,19,5,21,811,4,2,6,1,4595577,191610,9,2,35,2,3,4,632,856,4,5,1,10,0,0,0,0,0
201900011143,19,8,14,1873,4,5,2,2,4930012,-120627,8,1,46,2,1,1,247,235,6,4,1,14,0,0,0,0,0
201900011144,19,4,7,771,5,9,6,5,4896959,-173061,5,2,35,3,2,3,105,839,9,2,1,47,0,0,0,0,0
201900011145,19,1,17,155,4,4,7,1,4915634,508116,1,2,39,3,2,2,901,546,7,2,1,3,0,0,0,0,0
201900011146,19,6,2,1138,4,1,1,1,4957185,241552,7,1,42,2,2,1,102,638,9,6,5,44,0,0,0,0,0
201900011147,19,6,13,451,1,2,2,5,4694553,81773,9,3,45,3,4,1,326,679,5,1,3,55,0,0,0,0,0
201900011148,19,4,9,303,2,9,9,4,4930343,342,8,3,33,2,3,2,476,865,1,4,3,67,0,0,0,0,0
201900011149,19,6,13,1394,1,2,6,5,4946461,647042,7,4,0,3,1,4,707,168,3,5,4,75,0,0,0,0,0
201900011150,19,4,20,2308,3,4,4,5,4525165,356329,8,3,16,1,2,2,354,579,9,4,4,75,0,0,0,0,0
201900011151,19,1,13,787,4,7,7,4,4921031,127394,4,4,25,3,1,1,685,647,7,4,5,64,0,0,0,0,0
201900011152,19,11,7,2245,5,8,7,3,4749784,-397040,8,1,46,3,2,1,249,431,2,2,2,6,0,0,0,0,0
201900011153,19,9,7,1782,3,2,1,4,4878947,-300250,6,2,50,1,3,2,662,290,7,7,2,92,0,0,0,0,0
201900011154,19,8,18,1105,4,1,9,3,4989070,-40223,2,3,29,2,3,4,349,868,4,2,3,18,0,0,0,0,0
201900011155,19,10,20,411,3,4,9,5,4802845,266705,1,3,44,1,2,1,599,35,1,1,3,51,0,0,0,0,0
201900011156,19,5,22,397,1,2,6,4,4638073,85591,2,3,44,3,3,4,79,977,1,5,1,6,0,0,0,0,0
201900011157,19,4,6,174,4,3,4,5,4866304,531399,2,1,5,1,2,4,798,587,4,4,3,59,0,0,0,0,0
201900011158,19,9,22,1847,2,5,9,6,4889006,84409,2,4,5,1,3,2,811,109,2,6,1,36,0,0,0,0,0
201900011159,19,8,25,1347,2,5,2,5,4555918,-128362,8,3,35,2,1,1,88,173,1,3,2,61,0,0,0,0,0
201900011160,19,5,6,57,4,2,9,4,4859926,155174,2,2,24,2,1,3,680,953,7,4,5,71,0,0,0,0,0
201900011161,19,8,12,333,1,2,6,3,4522059,453790,2,4,33,3,2,2,718,437,2,5,3,16,0,0,0,0,0
201900011162,19,1,9,1229,1,2,9,6,4704438,240162,2,2,25,3,4,4,829,803,3,7,5,34,0,0,0,0,0
201900011163,19,4,8,1478,5,9,7,6,4791496,-45726,2,4,43,2,1,1,230,872,6,3,3,68,0,0,0,0,0
201900011164,19,3,1,716,4,9,7,6,4923528,-299572,3,3,38,2,4,2,511,684,7,1,2,49,0,0,0,0,0
201900011165,19,2,3,361,4,6,6,5,4892137,594104,3,3,3,2,4,3,238,122,1,7,1,58,0,0,0,0,0
201900011166,19,11,18,1609,2,5,1,2,4802713,642819,2,2,46,2,1,3,519,905,8,5,5,5,0,0,0,0,0
201900011167,19,7,13,935,3,9,5,4,4976065,-38682,6,3,0,2,3,1,72,684,2,2,4,0,0,0,0,0,0
201900011168,19,9,6,647,3,4,9,6,4499131,-258556,1,3,20,1,4,2,281,592,7,4,4,0,0,0,0,0,0
201900011169,19,11,19,70,5,9,1,1,4694349,169220,4,2,7,1,1,3,26,496,4,7,4,12,0,0,0,0,0
201900011170,19,2,26,1974,2,2,4,2,4998620,268572,9,1,11,2,1,2,584,492,6,5,1,3,0,0,0,0,0
201900011171,19,1,8,29,3,8,8,1,4451171,666745,6,4,11,2,4,1,647,274,5,4,5,42,0,0,0,0,0
201900011172,19,3,12,413,4,5,5,2,4539306,-95765,8,2,34,2,2,3,274,143,1,5,2,32,0,0,0,0,0
201900011173,19,10,14,1478,4,8,6,6,4551287,-243822,9,3,39,3,3,1,525,866,9,1,5,0,0,0,0,0,0
201900011174,19,7,7,1100,5,6,7,5,4648932,-398006,3,3,18,3,1,1,41,620,8,5,3,45,0,0,0,0,0
201900011175,19,6,24,1423,1,6,7,5,4849140,312444,5,4,36,3,3,1,580,766,8,2,4,95,0,0,0,0,0
201900011176,19,1,3,1791,3,6,4,1,4861231,393810,1,2,7,1,3,2,527,500,2,4,2,5,0,0,0,0,0
201900011177,19,6,17,2233,2,9,4,1,4421116,170303,5,3,0,2,2,1,142,554,7,5,2,89,0,0,0,0,0
201900011178,19,9,24,1088,4,7,9,2,4497196,353902,7,1,40,2,4,1,545,833,3,6,4,16,0,0,0,0,0
201900011179,19,3,27,1811,5,6,3,2,4868419,87754,4,4,49,3,3,3,630,611,6,4,3,56,0,0,0,0,0
201900011180,19,8,10,1089,1,8,8,4,4713389,234388,5,1,44,2,2,4,311,145,4,3,4,46,0,0,0,0,0
201900011181,19,6,3,246,4,2,6,1,4763871,39329,3,2,27,1,3,3,302,877,3,5,2,93,0,0,0,0,0
201900011182,19,7,9,1894,2,8,3,4,4697012,648895,2,3,38,3,1,2,556,360,8,3,5,10,0,0,0,0,0
201900011183,19,6,7,760,5,4,2,1,4554979,-389311,8,3,8,1,1,4,321,385,8,6,2,51,0,0,0,0,0
201900011184,19,3,11,772,3,5,8,6,4971893,486515,8,3,48,3,3,4,305,732,5,4,3,67,0,0,0,0,0
201900011185,19,4,23,1011,5,3,1,4,4807449,-359958,2,1,43,1,1,2,859,963,8,4,5,34,0,0,0,0,0
201900011186,19,12,11,2125,2,6,6,6,4660070,-374644,3,1,20,2,4,2,882,373,9,6,5,95,0,0,0,0,0
201900011187,19,2,7,119,4,2,1,1,4770994,613969,9,1,46,3,3,1,879,775,1,5,1,66,0,0,0,0,0
201900011188,19,4,6,1859,5,4,2,5,4769505,345888,7,2,15,3,1,3,115,322,8,4,5,43,0,0,0,0,0
201900011189,19,9,20,1565,2,1,6,2,4534229,-386607,8,3,11,2,2,2,296,587,6,7,1,5,0,0,0,0,0
201900011190,19,12,19,2340,4,8,9,7,4735055,-168245,7,1,20,2,1,1,675,802,2,2,1,92,0,0,0,0,0
201900011191,19,8,7,204,1,2,7,1,4479029,313853,9,2,51,1,4,2,157,929,8,4,5,76,0,0,0,0,0
201900011192,19,7,27,1935,2,3,8,3,4552566,-1769,5,4,47,3,1,3,525,814,6,6,5,65,0,0,0,0,0
201900011193,19,4,8,1199,3,4,3,7,4563313,417314,2,1,44,1,4,3,555,130,8,1,3,26,0,0,0,0,0
201900011194,19,6,4,1776,4,6,5,6,4405731,-322790,1,3,0,1,4,1,451,898,6,1,2,52,0,0,0,0,0
201900011195,19,4,25,2311,4,2,6,7,4969163,541210,3,2,47,3,4,1,229,145,4,1,1,57,0,0,0,0,0
201900011196,19,8,26,1217,1,4,4,2,4920416,-185566,5,2,27,2,3,4,234,23,5,4,1,58,0,0,0,0,0
201900011197,19,3,19,85,2,1,4,4,4564569,204229,3,4,27,1,3,4,514,67,7,7,2,36,0,0,0,0,0
201900011198,19,7,15,2073,2,2,9,1,4874293,-370990,2,2,42,3,1,1,607,160,8,3,2,81,0,0,0,0,0
201900011199,19,7,12,2314,4,7,2,4,4821463,-23530,4,3,51,3,1,4,720,298,3,1,2,7,0,0,0,0,0
201900011200,19,11,14,2066,3,2,2,4,4592091,636054,3,3,47,2,3,3,298,604,5,1,4,83,0,0,0,0,0
201900011201,19,8,7,1035,5,5,8,3,4464380,615208,3,4,28,2,3,2,126,361,8,6,4,85,0,0,0,0,0
201900011202,19,7,23,2128,1,4,4,4,4460856,447655,6,1,38,2,4,2,747,872,1,7,4,66,0,0,0,0,0
201900011203,19,12,3,2091,3,5,9,2,4805603,335584,2,4,10,3,1,3,274,761,9,1,2,71,0,0,0,0,0
201900011204,19,1,1,166,3,2,5,6,4956054,194798,2,3,20,2,2,3,306,711,7,1,3,83,0,0,0,0,0
201900011205,19,2,1,1160,2,6,5,4,4889108,104861,1,4,3,1,1,4,669,393,1,4,1,42,0,0,0,0,0
201900011206,19,12,7,2058,5,1,6,2,4967596,53489,1,2,34,3,2,1,106,314,9,7,5,91,0,0,0,0,0
201900011207,19,3,10,2115,1,7,1,7,4407072,429135,9,4,15,1,4,3,891,145,8,6,5,43,0,0,0,0,0
201900011208,19,9,20,664,2,7,1,5,4558600,106970,5,1,12,1,4,1,527,610,7,4,1,57,0,0,0,0,0
201900011209,19,10,13,401,1,3,7,2,4766228,591872,7,3,36,1,3,4,330,472,2,4,5,55,0,0,0,0,0
201900011210,19,5,13,2164,3,5,6,7,4998963,319915,6,3,1,2,4,3,258,693,1,4,1,45,0,0,0,0,0
201900011211,19,4,18,1120,4,3,3,1,4523274,460663,8,4,29,1,4,2,811,669,8,2,5,17,0,0,0,0,0
201900011212,19,6,27,1045,1,9,5,6,4684580,270524,7,2,29,2,1,3,796,254,7,4,3,35,0,0,0,0,0
201900011213,19,2,16,1114,4,7,2,1,4742972,93004,7,2,52,1,1,4,43,704,1,5,4,0,0,0,0,0,0
201900011214,19,7,26,2294,4,1,2,3,4527456,242026,4,4,47,3,3,2,839,23,4,5,5,4,0,0,0,0,0
201900011215,19,3,16,1145,4,4,2,5,4527009,-30325,7,4,23,3,3,2,795,224,9,6,5,64,0,0,0,0,0
201900011216,19,4,14,1845,5,1,1,5,4493776,524511,9,4,18,3,1,1,270,602,9,2,1,42,0,0,0,0,0
201900011217,19,4,25,1475,2,6,3,7,4401483,113751,2,2,5,1,1,3,871,809,1,6,2,11,0,0,0,0,0
201900011218,19,12,3,1832,1,7,5,3,4627618,174450,8,4,53,1,4,3,571,402,5,7,1,28,0,0,0,0,0