Num_Acc,an,mois,jour,hrmn,lum,int,atm,col,lat,long,catr,circ,nbv,vosp,prof,plan,lartpc,larrout,surf,infra,situ,env1,unscathed,killed,hospital,light,chance
201900011219,19,8,1,1111,4,9,8,6,4424661,366978,8,1,1,1,2,1,81,787,3,4,4,91,0,0,0,0,0
201900011220,19,5,24,2200,5,2,4,4,4572233,411433,4,4,26,2,2,3,40,730,8,7,1,39,0,0,0,0,0
201900011221,19,2,24,222,1,6,2,4,4603434,-222334,2,1,32,3,4,4,297,161,2,3,4,24,0,0,0,0,0
201900011222,19,3,5,897,4,1,8,7,4531115,600321,2,3,3,3,1,4,207,15,9,5,3,8,0,0,0,0,0
201900011223,19,4,7,595,3,8,2,1,4588699,-225066,8,3,7,2,3,3,552,458,6,2,2,33,0,0,0,0,0
201900011224,19,11,12,2256,1,3,2,5,4663210,31101,8,4,45,3,4,2,689,874,6,1,4,45,0,0,0,0,0
201900011225,19,7,14,1038,4,2,5,2,4685897,-62159,7,2,39,1,4,4,611,628,5,3,3,27,0,0,0,0,0
201900011226,19,12,11,726,1,4,2,4,4452596,-356964,1,3,31,2,2,2,187,384,5,5,3,33,0,0,0,0,0
201900011227,19,11,12,2085,5,4,5,4,4816107,-268876,4,2,18,2,4,4,105,590,1,3,1,72,0,0,0,0,0
201900011228,19,7,16,387,5,4,6,5,4833470,-381450,5,3,8,2,4,1,764,558,4,1,1,41,0,0,0,0,0
201900011229,19,7,2,987,1,2,1,7,4678150,625604,1,2,37,1,3,4,870,351,9,4,5,47,0,0,0,0,0
201900011230,19,3,12,675,1,4,6,7,4671884,8667,6,2,23,1,2,1,821,939,9,4,3,39,0,0,0,0,0
201900011231,19,4,4,2313,1,9,8,7,4748335,563063,5,2,12,3,1,1,495,473,8,2,2,3,0,0,0,0,0
201900011232,19,5,21,1697,5,2,3,6,4719689,93786,4,2,41,3,1,4,577,514,7,1,4,78,0,0,0,0,0
201900011233,19,8,10,1670,5,4,3,6,4826031,-268851,5,4,16,1,1,4,594,319,3,2,2,75,0,0,0,0,0
201900011234,19,11,15,36,1,3,7,7,4772833,241277,9,3,28,2,1,3,181,957,5,4,4,68,0,0,0,0,0
201900011235,19,1,21,1752,4,5,2,5,4933235,56537,5,4,46,1,1,3,648,115,2,4,1,45,0,0,0,0,0
201900011236,19,9,9,2086,2,9,8,6,4484240,-374851,8,2,2,1,1,1,337,535,5,3,5,19,0,0,0,0,0
201900011237,19,10,6,438,1,5,7,3,4467911,-343090,6,4,8,1,4,2,134,452,8,5,1,73,0,0,0,0,0
201900011238,19,4,11,1635,4,3,3,4,4647352,-109212,7,3,27,3,2,1,319,300,4,7,5,8,0,0,0,0,0
201900011239,19,11,26,1276,2,9,2,3,4528958,-29260,7,4,8,1,1,1,521,967,8,2,5,36,0,0,0,0,0
201900011240,19,4,22,1731,1,8,9,4,4869723,682013,6,2,34,1,2,2,135,922,2,4,2,54,0,0,0,0,0
201900011241,19,2,19,6,2,7,9,5,4785538,622456,5,1,5,2,4,1,287,171,1,7,2,95,0,0,0,0,0
201900011242,19,3,26,1819,4,8,7,5,4817323,92757,2,1,13,2,3,4,98,962,1,5,3,77,0,0,0,0,0
201900011243,19,11,19,1638,3,3,1,3,4822995,-171379,9,1,23,1,3,4,115,880,3,2,4,19,0,0,0,0,0
201900011244,19,11,3,1915,5,9,9,1,4958195,-33456,7,1,11,2,3,2,267,996,5,7,2,59,0,0,0,0,0
201900011245,19,4,13,1982,4,6,2,6,4757090,597861,6,3,0,2,2,2,290,950,9,2,2,23,0,0,0,0,0
201900011246,19,2,11,140,2,8,9,4,4501434,562091,7,4,1,3,1,2,193,150,7,1,1,71,0,0,0,0,0
201900011247,19,4,18,334,2,7,1,2,4770173,86232,5,2,50,2,2,1,105,915,7,2,4,78,0,0,0,0,0
201900011248,19,6,15,16,2,9,3,6,4641502,97375,2,1,16,3,3,1,51,889,7,6,4,90,0,0,0,0,0
201900011249,19,5,4,2023,4,6,9,7,4942880,-206225,2,1,20,2,4,1,597,804,7,1,4,89,0,0,0,0,0
201900011250,19,11,24,1078,4,7,2,2,4464459,614996,6,3,49,2,1,3,373,138,5,6,4,1,0,0,0,0,0
201900011251,19,9,22,671,5,9,4,6,4488799,205314,3,2,48,1,4,1,228,943,2,2,3,32,0,0,0,0,0
201900011252,19,7,26,1172,1,6,8,5,4662178,595367,4,2,53,2,3,4,424,52,3,1,5,21,0,0,0,0,0
201900011253,19,8,9,1136,1,3,6,6,4475298,606141,1,4,36,1,2,2,120,706,1,6,3,99,0,0,0,0,0
201900011254,19,9,23,624,5,7,9,6,4900107,-262839,1,2,11,2,4,3,503,374,6,4,2,35,0,0,0,0,0
201900011255,19,5,13,1109,1,4,7,7,4498483,133227,8,2,33,3,1,4,502,803,8,3,4,86,0,0,0,0,0
201900011256,19,7,6,1773,2,7,9,7,4871896,525956,9,3,53,1,1,4,477,788,2,6,1,14,0,0,0,0,0
201900011257,19,1,12,1392,5,7,6,1,4735272,458403,9,1,42,2,4,4,450,817,7,3,1,52,0,0,0,0,0
201900011258,19,10,5,770,5,9,2,6,4699689,-15256,5,1,46,3,4,4,275,430,2,7,4,97,0,0,0,0,0
201900011259,19,10,24,2270,4,5,5,3,4914355,559536,2,3,19,3,3,3,99,339,3,6,5,15,0,0,0,0,0
201900011260,19,12,20,122,4,2,4,3,4881273,-19047,2,2,45,2,3,1,182,151,5,3,2,26,0,0,0,0,0
201900011261,19,7,20,1391,5,1,4,4,4475063,-279381,7,4,21,3,2,1,282,307,5,1,3,40,0,0,0,0,0
201900011262,19,8,2,2192,3,7,1,5,4698443,-186068,3,4,22,2,3,4,322,276,6,1,1,2,0,0,0,0,0
201900011263,19,11,2,1597,4,7,2,7,4554143,666638,9,4,28,3,1,1,598,629,4,6,2,3,0,0,0,0,0
201900011264,19,4,25,1837,1,5,2,1,4877571,385415,8,2,30,2,2,2,461,532,7,5,4,53,0,0,0,0,0
201900011265,19,12,21,544,5,2,1,5,4502049,-153120,7,4,7,3,3,2,242,809,1,5,3,76,0,0,0,0,0
201900011266,19,8,14,611,1,9,4,4,4654403,313306,9,2,35,2,4,1,297,514,7,6,2,62,0,0,0,0,0
201900011267,19,6,15,1623,5,9,8,4,4784344,-60601,1,3,14,1,4,3,325,445,4,6,1,1,0,0,0,0,0
201900011268,19,11,23,2201,3,5,2,2,4765793,477850,8,2,14,3,2,1,913,424,4,4,5,91,0,0,0,0,0
201900011269,19,4,24,276,1,4,8,7,4945796,56113,7,3,18,1,2,1,382,305,2,5,3,89,0,0,0,0,0
201900011270,19,6,11,613,4,1,9,2,4803108,441276,1,3,30,1,3,1,880,55,2,6,4,24,0,0,0,0,0
201900011271,19,2,26,1805,5,7,9,4,4679717,153138,9,2,21,1,4,4,726,986,7,6,4,43,0,0,0,0,0
201900011272,19,4,9,490,2,4,4,6,4963039,612162,8,2,49,1,4,2,911,356,6,7,5,20,0,0,0,0,0
201900011273,19,7,22,94,5,6,1,5,4806999,599278,4,4,7,2,1,3,333,396,7,6,4,18,0,0,0,0,0
201900011274,19,10,1,2295,5,5,5,1,4783897,-176988,1,3,37,2,4,2,504,246,5,5,4,63,0,0,0,0,0
201900011275,19,2,14,1998,3,8,7,5,4647354,518826,5,4,40,2,2,2,225,594,5,6,2,51,0,0,0,0,0
201900011276,19,9,5,1152,3,1,9,1,4955410,105291,4,2,53,3,2,2,822,337,3,3,4,20,0,0,0,0,0
201900011277,19,10,5,1921,4,5,4,7,4922399,387113,2,4,48,2,4,1,857,863,2,4,4,58,0,0,0,0,0
201900011278,19,5,14,2296,5,9,8,6,4968368,-86815,1,3,28,1,4,4,287,812,1,7,5,74,0,0,0,0,0
201900011279,19,7,9,1028,5,7,5,4,4927138,-303452,7,4,36,3,4,3,505,879,5,6,3,46,0,0,0,0,0
201900011280,19,2,5,372,2,5,2,5,4944979,287979,7,3,0,3,3,2,351,748,5,5,5,6,0,0,0,0,0
201900011281,19,2,1,2162,1,1,1,1,4926083,669266,8,1,11,1,3,1,868,679,6,6,2,42,0,0,0,0,0
201900011282,19,11,17,771,5,7,9,6,4607513,-297067,4,4,21,3,3,4,222,792,2,3,5,81,0,0,0,0,0
201900011283,19,12,27,2043,1,4,4,6,4534167,619894,8,1,28,3,2,4,43,623,9,2,2,71,0,0,0,0,0
201900011284,19,8,15,1711,3,5,2,1,4898286,64429,3,1,11,2,3,1,706,260,2,3,4,68,0,0,0,0,0
201900011285,19,6,9,241,2,6,4,4,4790404,-298931,4,2,43,1,1,4,330,878,4,4,4,74,0,0,0,0,0
201900011286,19,12,3,1818,2,4,3,3,4674372,67187,6,4,28,1,2,1,414,201,1,7,2,49,0,0,0,0,0
201900011287,19,6,17,81,5,1,2,7,4480787,-271737,4,4,6,2,2,1,366,259,7,6,4,38,0,0,0,0,0
201900011288,19,8,26,1434,1,2,1,5,4481096,651143,6,2,34,2,1,2,735,673,4,5,5,89,0,0,0,0,0
201900011289,19,7,28,2212,2,1,7,1,4892847,114506,6,2,37,3,2,3,543,491,5,1,5,40,0,0,0,0,0
201900011290,19,12,28,683,5,8,2,5,4746663,-277979,1,3,53,1,1,1,271,728,8,3,4,9,0,0,0,0,0
201900011291,19,8,23,2308,1,8,8,3,4712048,393232,8,4,8,1,1,1,268,103,4,1,1,32,0,0,0,0,0
201900011292,19,9,20,718,4,1,4,2,4690925,375696,3,1,47,1,1,1,231,665,1,2,5,26,0,0,0,0,0
201900011293,19,7,9,1312,2,9,6,1,4473316,306960,8,4,14,3,3,3,608,764,2,6,3,5,0,0,0,0,0
201900011294,19,1,27,353,4,4,1,7,4913241,334449,5,4,23,3,2,2,905,493,3,5,3,90,0,0,0,0,0
201900011295,19,12,15,1208,4,8,1,7,4620174,529720,9,4,16,2,2,1,417,664,8,5,2,24,0,0,0,0,0
201900011296,19,6,10,719,5,6,9,2,4469506,-7450,5,3,15,3,3,4,699,749,3,4,1,42,0,0,0,0,0
201900011297,19,3,23,1165,4,7,3,7,4601239,-257846,5,1,8,3,2,1,44,441,6,1,1,1,0,0,0,0,0
201900011298,19,1,20,1754,4,3,1,4,4965324,548303,9,2,33,3,3,3,525,638,6,5,4,98,0,0,0,0,0
201900011299,19,1,15,1783,2,6,8,4,4945276,-10724,6,2,4,3,4,4,893,110,7,6,4,73,0,0,0,0,0
201900011300,19,2,4,916,2,6,5,3,4867895,-43767,8,4,1,2,2,4,289,124,7,6,2,89,0,0,0,0,0
201900011301,19,10,6,1446,2,1,8,7,4793088,56199,8,2,23,1,3,4,738,72,4,5,3,50,0,0,0,0,0
201900011302,19,3,15,1243,5,1,8,5,4598370,-148464,8,2,47,1,2,1,235,851,8,6,5,43,0,0,0,0,0
201900011303,19,8,13,2308,4,5,6,3,4652935,-397627,8,4,11,2,4,1,670,258,5,4,1,10,0,0,0,0,0
201900011304,19,2,25,2189,5,4,1,1,4753233,-371880,9,2,39,3,4,2,114,616,5,4,3,82,0,0,0,0,0
201900011305,19,8,3,587,2,3,9,1,4450184,74648,8,4,28,3,3,1,543,369,9,6,5,9,0,0,0,0,0
201900011306,19,7,14,2201,5,7,8,3,4414685,591094,3,4,10,2,1,2,670,422,8,5,1,6,0,0,0,0,0
201900011307,19,3,23,2345,2,5,1,3,4477456,673390,2,1,9,2,4,3,303,576,2,5,4,5,0,0,0,0,0
201900011308,19,5,27,1221,2,3,1,1,4814450,-321700,6,2,26,3,4,4,896,267,8,2,3,43,0,0,0,0,0
201900011309,19,6,12,1696,3,8,1,5,4633677,-208193,3,2,48,2,3,4,338,935,4,7,1,75,0,0,0,0,0
201900011310,19,2,21,1719,1,3,6,7,4923493,612274,9,1,36,3,3,3,175,130,5,3,3,58,0,0,0,0,0
201900011311,19,7,6,960,1,6,4,4,4880281,164609,4,2,27,2,1,3,41,238,4,1,3,62,0,0,0,0,0
201900011312,19,2,17,897,1,1,4,2,4535082,-120729,1,2,16,3,4,4,58,44,7,4,1,11,0,0,0,0,0
201900011313,19,11,3,1333,2,9,9,2,4520337,-67617,8,4,1,2,4,3,191,356,4,5,1,50,0,0,0,0,0
201900011314,19,12,15,673,3,5,7,2,4580555,388433,5,3,14,3,3,3,364,682,2,3,4,98,0,0,0,0,0
201900011315,19,2,9,284,4,1,9,6,4458779,565704,4,2,28,1,2,1,768,59,4,6,1,75,0,0,0,0,0
201900011316,19,9,9,2192,1,7,1,7,4555402,-214568,2,4,16,3,3,4,855,653,3,3,3,86,0,0,0,0,0
201900011317,19,11,5,58,4,7,4,4,4856742,-95993,8,1,47,2,4,1,321,420,7,6,3,28,0,0,0,0,0
201900011318,19,3,5,1438,1,7,9,1,4789883,566088,4,4,1,2,3,2,116,581,5,6,1,72,0,0,0,0,0
201900011319,19,10,4,2042,3,7,5,1,4774881,-169230,4,2,35,2,3,3,842,573,5,6,1,23,0,0,0,0,0
201900011320,19,1,11,19,1,9,6,7,4598015,30352,3,4,52,3,4,2,342,308,5,1,4,79,0,0,0,0,0
201900011321,19,6,11,607,5,1,5,1,4951674,225573,8,2,52,3,3,1,145,955,8,5,4,28,0,0,0,0,0
201900011322,19,5,28,157,1,4,8,1,4466955,15067,2,2,30,1,4,3,135,410,6,2,5,66,0,0,0,0,0
201900011323,19,7,23,1688,4,8,2,1,4444749,-205480,3,1,7,2,1,1,558,972,5,5,1,20,0,0,0,0,0
201900011324,19,11,14,2119,4,1,6,2,4449468,106498,6,1,48,1,2,2,510,465,6,2,4,92,0,0,0,0,0
201900011325,19,3,27,703,5,5,8,1,4695620,612071,8,2,30,2,3,4,464,246,6,7,5,3,0,0,0,0,0
201900011326,19,10,28,1607,4,3,7,3,4856590,656869,5,4,10,1,3,4,37,170,3,4,4,25,0,0,0,0,0
201900011327,19,6,16,509,1,5,2,6,4876537,266242,9,1,2,3,3,3,538,757,3,6,4,65,0,0,0,0,0
201900011328,19,10,28,44,4,4,1,1,4957948,226971,9,3,14,1,4,2,534,549,4,5,1,89,0,0,0,0,0
201900011329,19,12,2,1104,3,1,2,1,4589995,270949,6,4,24,2,3,2,106,411,1,1,1,26,0,0,0,0,0
201900011330,19,9,8,1076,3,6,4,4,4532180,436819,1,2,41,1,1,4,581,677,8,1,1,50,0,0,0,0,0
201900011331,19,5,6,1030,5,1,8,3,4786746,-291306,3,4,25,2,4,3,99,614,2,6,3,50,0,0,0,0,0
201900011332,19,8,28,193,1,6,4,2,4633224,267682,5,3,47,2,2,4,137,511,6,1,3,61,0,0,0,0,0
201900011333,19,12,1,1915,4,5,3,2,4970110,423962,8,4,22,1,3,2,314,394,5,2,4,17,0,0,0,0,0
201900011334,19,10,28,205,5,4,5,1,4612208,485682,4,4,24,2,2,3,520,638,1,4,1,24,0,0,0,0,0
201900011335,19,12,8,112,5,9,5,3,4670007,53015,6,1,43,1,4,3,22,500,7,3,5,20,0,0,0,0,0
201900011336,19,1,11,1097,1,7,8,2,4622345,-111589,9,4,3,2,3,4,595,206,8,4,3,99,0,0,0,0,0
201900011337,19,1,17,1302,3,8,5,7,4600839,489185,4,4,3,2,1,1,908,114,7,2,3,70,0,0,0,0,0
201900011338,19,2,23,1070,1,7,9,1,4748899,-67868,4,1,20,3,4,3,693,848,5,4,3,89,0,0,0,0,0
201900011339,19,8,26,61,4,6,4,2,4590918,-82187,6,4,20,3,3,3,87,226,7,4,4,92,0,0,0,0,0
201900011340,19,12,8,793,3,7,7,3,4824530,-86600,1,3,29,2,4,3,314,941,9,4,5,75,0,0,0,0,0
201900011341,19,1,8,298,2,3,4,5,4834572,-332401,9,2,0,1,2,2,75,799,9,2,2,59,0,0,0,0,0
201900011342,19,1,7,1998,5,8,1,2,4824339,-9288,8,1,36,2,2,4,574,690,9,3,4,50,0,0,0,0,0
201900011343,19,5,28,927,4,9,5,4,4927973,-185628,5,2,17,1,1,2,115,469,9,3,4,97,0,0,0,0,0
201900011344,19,6,9,1895,3,4,1,7,4470801,-191010,5,2,30,3,4,4,906,245,5,7,4,95,0,0,0,0,0
201900011345,19,5,28,454,3,6,5,2,4779420,-320687,9,4,1,1,4,1,803,613,4,6,2,69,0,0,0,0,0
201900011346,19,10,4,1614,3,2,8,4,4450753,65047,8,4,4,2,2,4,837,752,3,2,2,27,0,0,0,0,0
201900011347,19,12,25,987,3,4,1,6,4659615,626634,2,2,35,2,2,1,809,101,4,6,1,69,0,0,0,0,0
201900011348,19,10,19,1564,3,7,2,5,4887496,-332239,3,1,5,2,1,1,731,997,8,5,5,53,0,0,0,0,0
201900011349,19,9,6,385,1,8,6,6,4591646,-59488,5,1,50,3,2,3,761,855,4,1,5,56,0,0,0,0,0
201900011350,19,3,19,1644,5,8,6,4,4700988,137391,3,1,10,2,1,4,448,614,1,2,1,0,0,0,0,0,0
201900011351,19,2,18,435,3,6,3,3,4832212,403609,7,2,17,2,1,1,219,656,8,4,4,16,0,0,0,0,0
201900011352,19,11,14,1797,2,5,3,7,4844788,-226800,4,2,2,1,3,1,554,251,6,6,3,40,0,0,0,0,0
201900011353,19,2,23,2017,5,3,2,3,4838306,98732,6,2,14,2,1,4,467,478,1,4,5,56,0,0,0,0,0
201900011354,19,9,27,1175,2,2,9,2,4951817,445968,9,2,48,1,1,3,686,954,8,5,5,47,0,0,0,0,0
201900011355,19,12,11,1128,2,8,4,4,4873551,-269467,2,4,37,1,1,4,426,309,9,1,2,54,0,0,0,0,0
201900011356,19,7,4,2056,2,7,9,3,4437488,33767,1,2,18,1,4,1,116,650,9,1,4,0,0,0,0,0,0
201900011357,19,12,26,1119,4,3,3,7,4439356,-130302,5,3,42,2,3,3,353,903,1,3,4,60,0,0,0,0,0
201900011358,19,1,14,2187,2,6,5,4,4840549,465841,1,2,45,1,4,3,478,572,7,4,5,35,0,0,0,0,0
201900011359,19,11,26,881,1,6,2,1,4497202,156165,6,1,13,2,4,3,8,114,7,4,5,3,0,0,0,0,0
201900011360,19,2,16,493,2,5,3,1,4485707,365574,3,1,46,2,2,4,147,917,7,5,5,81,0,0,0,0,0
201900011361,19,4,2,1382,3,7,3,1,4604681,124337,4,1,16,2,2,1,601,403,4,3,3,7,0,0,0,0,0
201900011362,19,3,2,917,2,3,2,2,4884515,225987,1,1,31,3,3,2,163,557,4,5,4,20,0,0,0,0,0
201900011363,19,7,20,1025,3,3,9,2,4975439,573417,5,2,12,1,3,2,204,473,8,2,3,64,0,0,0,0,0
201900011364,19,5,11,1164,5,8,5,4,4804324,377154,4,1,35,2,2,2,15,416,5,5,1,77,0,0,0,0,0
201900011365,19,4,8,623,5,2,8,3,4683430,632267,6,3,51,3,2,2,3,41,4,3,3,61,0,0,0,0,0
201900011366,19,12,25,123,3,5,4,3,4755502,-9023,3,2,9,2,4,1,477,850,6,7,4,85,0,0,0,0,0
201900011367,19,4,2,2337,4,5,9,5,4715815,-225714,3,2,19,3,1,4,721,501,5,3,5,60,0,0,0,0,0
201900011368,19,1,7,858,2,3,7,1,4999724,397962,9,4,8,1,2,4,724,996,2,2,4,57,0,0,0,0,0
201900011369,19,6,9,525,2,8,1,7,4636014,45133,5,2,37,1,3,3,305,849,3,1,4,77,0,0,0,0,0
201900011370,19,5,10,362,4,3,5,2,4664267,-77546,5,3,50,2,1,3,138,518,1,7,3,2,0,0,0,0,0
201900011371,19,10,28,1360,2,2,5,6,4665975,418388,9,4,27,1,1,1,752,924,9,6,3,50,0,0,0,0,0
201900011372,19,4,14,897,2,1,6,1,4798504,113026,7,4,51,2,4,3,688,125,2,5,5,90,0,0,0,0,0
201900011373,19,12,21,2094,2,1,7,2,4895582,-15412,5,4,48,3,2,3,730,496,5,4,3,68,0,0,0,0,0
201900011374,19,11,23,1518,5,9,8,5,4949577,-376227,6,1,7,1,3,2,774,463,8,5,2,53,0,0,0,0,0
201900011375,19,2,27,1649,1,8,9,1,4690541,-72176,4,3,49,3,2,4,12,236,7,4,4,51,0,0,0,0,0
201900011376,19,6,7,1778,2,1,1,6,4974038,567367,3,2,46,3,3,3,685,149,5,1,3,53,0,0,0,0,0
201900011377,19,5,22,340,4,3,9,1,4772681,575553,9,1,1,3,3,4,118,635,8,6,5,3,0,0,0,0,0
201900011378,19,4,28,1360,5,7,5,4,4677962,-244451,4,2,19,2,3,4,305,724,9,7,4,46,0,0,0,0,0
201900011379,19,5,5,2339,4,8,8,1,4508363,379477,8,1,33,3,1,3,139,167,3,5,4,28,0,0,0,0,0
201900011380,19,9,1,1677,4,5,1,4,4974644,616728,6,3,28,1,2,1,144,656,9,5,5,33,0,0,0,0,0
201900011381,19,7,2,565,4,6,2,1,4431112,-169200,4,2,15,3,1,4,828,968,5,6,3,47,0,0,0,0,0
201900011382,19,10,11,1684,4,5,1,5,4924512,-240124,2,4,40,2,4,1,340,736,5,2,5,75,0,0,0,0,0
201900011383,19,5,23,1896,1,1,7,1,4429346,220631,8,3,29,3,1,2,437,844,2,5,3,28,0,0,0,0,0
201900011384,19,10,3,1336,1,1,6,6,4737378,-355733,9,2,0,1,1,4,457,113,9,3,4,85,0,0,0,0,0
201900011385,19,2,19,500,5,8,8,5,4719689,-189095,4,3,1,2,1,4,655,90,7,2,5,31,0,0,0,0,0
201900011386,19,7,27,316,4,9,4,6,4875352,-79506,1,1,17,2,2,1,161,585,1,4,5,20,0,0,0,0,0
201900011387,19,7,28,1450,5,9,7,6,4693739,417479,7,1,37,1,4,2,270,195,4,7,5,58,0,0,0,0,0
201900011388,19,4,27,640,5,7,4,6,4978618,170234,6,3,47,1,4,1,383,312,3,6,3,23,0,0,0,0,0
201900011389,19,11,17,973,5,3,1,1,4867229,638423,3,4,24,3,1,1,554,255,6,5,5,88,0,0,0,0,0
201900011390,19,7,2,2123,2,5,7,1,4962707,-363163,9,3,36,2,1,2,775,709,8,2,1,22,0,0,0,0,0
201900011391,19,12,11,1248,2,5,3,5,4779615,574529,5,1,31,3,4,1,583,463,9,7,4,22,0,0,0,0,0
201900011392,19,11,8,1036,3,5,3,6,4855010,143498,9,4,38,2,3,1,363,41,7,7,3,80,0,0,0,0,0
201900011393,19,12,16,631,3,1,2,1,4677507,683504,8,2,52,1,2,4,875,267,3,3,5,83,0,0,0,0,0
201900011394,19,10,26,468,3,2,9,6,4523908,278672,8,3,19,2,2,2,798,506,2,2,1,76,0,0,0,0,0
201900011395,19,1,12,209,3,2,8,5,4966291,144088,9,2,25,2,2,3,332,445,9,6,2,14,0,0,0,0,0
201900011396,19,12,8,2330,4,3,7,6,4477573,-36797,9,4,24,1,1,4,398,92,5,7,1,34,0,0,0,0,0
201900011397,19,9,25,1724,5,9,7,4,4565662,435255,2,4,5,3,3,1,454,649,1,7,5,44,0,0,0,0,0
201900011398,19,10,1,1241,5,9,2,4,4657598,-38159,7,2,28,1,4,1,686,697,4,1,1,50,0,0,0,0,0
201900011399,19,8,19,850,3,2,4,7,4877634,-200419,6,1,21,1,2,4,289,688,3,7,5,81,0,0,0,0,0
201900011400,19,11,21,527,2,1,4,5,4856962,351550,9,4,42,1,3,3,452,519,4,2,4,39,0,0,0,0,0
201900011401,19,1,12,780,2,5,1,2,4869623,-286293,4,2,4,3,4,1,107,585,3,4,1,78,0,0,0,0,0
201900011402,19,12,19,316,4,6,8,7,4611581,-257826,1,3,20,1,1,4,855,460,3,6,2,17,0,0,0,0,0
201900011403,19,1,15,1297,2,5,1,7,4426573,-60314,8,4,43,2,2,4,606,51,8,6,2,51,0,0,0,0,0
201900011404,19,10,13,1865,5,3,3,2,4437443,600315,4,4,42,2,1,2,675,853,6,1,1,85,0,0,0,0,0
201900011405,19,12,9,1442,1,7,9,5,4777776,481013,3,4,53,3,2,4,394,102,4,6,1,65,0,0,0,0,0
201900011406,19,6,16,2103,2,5,9,1,4484738,255412,8,3,53,1,3,2,226,279,3,4,1,55,0,0,0,0,0
201900011407,19,9,14,642,5,1,7,3,4936448,-85145,6,3,48,1,1,3,268,651,6,2,5,27,0,0,0,0,0
201900011408,19,6,16,534,1,7,1,2,4970688,56437,2,2,8,1,4,2,416,274,4,3,1,65,0,0,0,0,0
201900011409,19,11,19,564,3,8,6,1,4714459,420182,2,3,51,3,1,3,611,786,4,6,2,84,0,0,0,0,0
201900011410,19,10,7,2329,4,1,8,6,4873188,-187702,8,4,24,3,4,1,195,293,9,3,1,6,0,0,0,0,0
201900011411,19,10,5,1044,1,7,7,1,4658436,228594,9,1,25,1,4,2,776,328,5,1,1,41,0,0,0,0,0
201900011412,19,8,15,931,5,3,4,3,4891823,-203005,8,1,20,1,4,2,444,776,4,4,2,16,0,0,0,0,0
201900011413,19,2,15,567,3,3,5,3,4705980,258616,3,2,28,2,3,4,680,864,8,5,2,72,0,0,0,0,0
201900011414,19,7,6,197,3,8,7,7,4498659,-307514,1,4,4,1,3,1,667,66,1,6,2,91,0,0,0,0,0
201900011415,19,10,11,984,4,6,3,2,4668254,-286274,7,3,14,1,1,1,673,82,5,6,4,65,0,0,0,0,0
201900011416,19,9,22,1076,2,5,7,5,4712793,630766,4,4,44,1,1,4,217,298,4,3,2,40,0,0,0,0,0
201900011417,19,3,27,1544,4,6,9,7,4802211,336232,3,3,26,3,3,2,648,53,5,5,1,8,0,0,0,0,0
201900011418,19,6,18,1978,5,1,3,1,4541310,123460,7,2,34,2,4,4,722,810,3,3,3,53,0,0,0,0,0
201900011419,19,4,13,2041,3,2,6,1,4868269,500339,9,3,49,1,3,4,896,983,8,4,3,98,0,0,0,0,0
201900011420,19,5,23,2094,4,3,6,4,4538338,-44548,1,3,26,1,4,2,735,766,1,2,3,71,0,0,0,0,0
201900011421,19,9,10,873,3,3,5,5,4896341,-69933,5,1,46,1,2,3,189,819,7,1,2,85,0,0,0,0,0
201900011422,19,1,12,1727,1,4,4,6,4864708,-350427,6,3,47,2,2,3,17,152,8,2,3,54,0,0,0,0,0
201900011423,19,10,13,899,3,8,2,5,4898862,481085,2,3,20,2,2,3,260,614,5,2,5,8,0,0,0,0,0
201900011424,19,7,24,1283,2,4,2,7,4633571,31517,3,3,41,3,4,4,677,569,3,6,4,90,0,0,0,0,0
201900011425,19,4,3,2274,5,5,5,4,4615471,292936,8,4,3,2,4,1,18,605,5,6,5,91,0,0,0,0,0
201900011426,19,9,19,869,1,1,7,7,4909068,328777,8,4,53,1,3,1,229,364,7,1,4,61,0,0,0,0,0
201900011427,19,10,12,1328,1,2,7,2,4894555,-141202,3,1,32,3,2,3,897,312,5,4,1,12,0,0,0,0,0
201900011428,19,2,17,1089,1,6,8,7,4469696,503370,5,3,25,2,2,1,866,480,3,4,1,82,0,0,0,0,0
201900011429,19,3,16,1613,3,8,7,7,4420504,462017,5,4,12,3,4,2,351,534,4,1,5,93,0,0,0,0,0
201900011430,19,7,9,849,3,8,2,5,4508006,256467,6,2,29,3,3,2,335,502,9,6,2,38,0,0,0,0,0
201900011431,19,5,18,1157,5,5,4,1,4617886,33106,1,3,15,3,4,3,238,369,9,7,1,54,0,0,0,0,0
201900011432,19,9,15,1604,2,1,3,2,4861902,-332310,1,1,7,2,1,3,389,842,6,5,4,79,0,0,0,0,0