Num_Acc,an,mois,jour,hrmn,lum,int,atm,col,lat,long,catr,circ,nbv,vosp,prof,plan,lartpc,larrout,surf,infra,situ,env1,unscathed,killed,hospital,light,chance
201900011433,19,8,15,2042,3,7,1,5,4869042,28487,7,2,46,2,1,2,665,397,4,2,2,11,0,0,0,0,0
201900011434,19,6,24,1119,5,4,2,7,4848223,-202529,5,3,6,1,3,3,601,388,3,2,3,6,0,0,0,0,0
201900011435,19,2,16,668,5,9,3,7,4464982,178011,1,1,39,3,3,1,797,713,5,2,5,53,0,0,0,0,0
201900011436,19,3,23,979,1,4,9,5,4693466,-63570,6,2,14,2,4,4,67,998,9,4,5,40,0,0,0,0,0
201900011437,19,9,22,1327,4,1,1,3,4959447,145554,7,3,13,1,4,2,523,454,1,2,2,56,0,0,0,0,0
201900011438,19,11,9,1713,1,8,5,5,4777763,364373,8,3,2,1,2,1,686,741,8,3,4,8,0,0,0,0,0
201900011439,19,2,10,1302,1,5,4,4,4767460,-83196,2,3,40,3,3,1,330,116,1,4,3,93,0,0,0,0,0
201900011440,19,5,20,236,4,1,9,2,4501399,-354623,3,1,22,3,1,1,641,272,8,4,2,78,0,0,0,0,0
201900011441,19,9,17,1270,2,2,1,7,4715669,18089,1,1,3,2,2,2,110,169,1,6,2,21,0,0,0,0,0
201900011442,19,3,13,843,1,8,6,2,4482689,-383334,6,4,23,3,2,4,736,177,7,4,3,62,0,0,0,0,0
201900011443,19,1,11,1773,3,2,3,6,4422752,626474,3,3,45,2,3,3,154,171,7,7,4,1,0,0,0,0,0
201900011444,19,11,1,1199,2,8,1,5,4697068,-395913,4,2,20,3,1,1,382,871,3,5,5,48,0,0,0,0,0
201900011445,19,6,26,102,2,6,8,5,4861602,-317325,3,1,4,2,3,3,897,204,9,3,1,80,0,0,0,0,0
201900011446,19,9,24,404,2,2,1,2,4903359,355498,7,3,33,2,3,1,879,138,9,4,4,44,0,0,0,0,0
201900011447,19,4,8,1258,5,4,2,4,4573667,445338,4,3,35,2,4,2,212,890,1,2,2,72,0,0,0,0,0
201900011448,19,11,20,532,1,7,1,3,4693896,646052,6,4,14,2,1,1,550,713,9,5,4,16,0,0,0,0,0
201900011449,19,2,15,935,2,8,2,6,4953935,-184982,7,3,32,3,1,1,214,714,2,6,4,69,0,0,0,0,0
201900011450,19,11,23,128,3,5,3,4,4405447,6164,6,1,52,2,1,3,659,394,9,2,4,32,0,0,0,0,0
201900011451,19,6,22,1719,2,2,1,2,4621312,-23520,9,4,50,1,4,3,263,141,3,5,5,90,0,0,0,0,0
201900011452,19,12,9,2328,2,3,8,6,4667247,13205,2,3,30,1,4,2,238,621,9,1,2,56,0,0,0,0,0
201900011453,19,7,24,1512,3,8,1,5,4482986,422476,1,1,16,2,3,4,127,450,2,2,4,7,0,0,0,0,0
201900011454,19,11,11,2063,1,5,6,6,4546930,434299,6,2,18,2,2,3,40,468,1,6,2,74,0,0,0,0,0
201900011455,19,11,17,450,1,9,7,3,4743505,-256248,3,4,4,3,2,3,738,254,7,5,1,4,0,0,0,0,0
201900011456,19,10,11,374,1,3,3,2,4538621,88661,7,2,46,3,3,1,830,822,9,4,3,23,0,0,0,0,0
201900011457,19,11,20,1308,1,1,9,4,4786084,-398361,6,3,25,2,3,3,659,445,7,1,1,10,0,0,0,0,0
201900011458,19,1,18,1978,5,8,9,2,4776364,233720,3,2,45,2,1,1,254,760,5,7,2,95,0,0,0,0,0
201900011459,19,9,21,2044,2,3,2,5,4602344,623173,7,2,25,3,4,4,285,791,5,7,1,72,0,0,0,0,0
201900011460,19,7,18,338,4,5,4,1,4604675,332774,1,1,31,3,4,3,606,488,2,2,5,38,0,0,0,0,0
201900011461,19,3,22,565,2,6,9,2,4468805,427607,2,2,8,1,2,1,768,468,9,2,3,47,0,0,0,0,0
201900011462,19,12,1,2122,1,1,1,5,4848506,510328,8,2,16,2,2,1,720,880,9,6,4,55,0,0,0,0,0
201900011463,19,11,20,696,1,2,6,7,4722136,-224317,5,4,24,2,4,1,725,961,7,6,3,81,0,0,0,0,0
201900011464,19,8,23,855,5,6,9,3,4859768,-187104,7,3,42,2,3,2,201,393,1,3,2,64,0,0,0,0,0
201900011465,19,11,28,2357,3,4,2,3,4417495,-758,1,3,26,1,3,1,68,957,2,7,1,56,0,0,0,0,0
201900011466,19,3,18,922,1,5,7,7,4766757,166131,9,4,30,2,2,2,812,375,9,5,1,77,0,0,0,0,0
201900011467,19,9,4,244,5,4,8,4,4696564,672976,2,2,11,3,3,4,193,731,6,4,4,89,0,0,0,0,0
201900011468,19,2,13,954,4,8,9,6,4612926,347478,3,1,16,3,2,4,365,9,9,1,5,98,0,0,0,0,0
201900011469,19,1,27,1194,4,2,2,4,4830400,606217,2,3,3,1,4,3,203,218,4,7,2,49,0,0,0,0,0
201900011470,19,4,23,376,5,2,6,2,4804352,-231632,4,2,26,2,1,4,28,331,3,1,5,97,0,0,0,0,0
201900011471,19,6,28,618,3,7,7,3,4648534,-132993,2,4,46,1,1,3,651,416,6,2,1,6,0,0,0,0,0
201900011472,19,9,28,1538,4,8,9,5,4430596,338584,4,1,15,1,3,3,868,968,1,4,5,25,0,0,0,0,0
201900011473,19,8,1,1987,1,4,6,5,4631676,-180314,2,1,2,1,1,4,767,430,2,2,1,18,0,0,0,0,0
201900011474,19,5,18,1306,1,3,3,6,4802277,216419,8,2,2,1,1,3,856,90,1,3,4,74,0,0,0,0,0
201900011475,19,9,22,1149,2,8,6,5,4490724,-100870,1,4,0,3,2,2,58,969,6,1,5,54,0,0,0,0,0
201900011476,19,12,24,2159,5,7,4,3,4559868,472555,2,3,37,2,1,2,378,101,7,3,3,85,0,0,0,0,0
201900011477,19,2,2,1260,2,8,3,2,4553642,-367903,1,2,41,3,3,3,564,903,9,7,1,72,0,0,0,0,0
201900011478,19,12,20,328,3,5,5,7,4550680,239037,4,1,7,1,3,1,812,860,6,5,3,27,0,0,0,0,0
201900011479,19,2,19,330,4,5,2,1,4543662,-298591,2,3,34,2,3,3,642,627,5,2,4,19,0,0,0,0,0
201900011480,19,3,12,1034,4,5,1,7,4760263,163625,1,3,35,3,2,4,604,650,5,2,3,96,0,0,0,0,0
201900011481,19,12,19,550,4,5,1,5,4989966,-263889,4,1,6,3,1,4,606,895,2,3,1,56,0,0,0,0,0
201900011482,19,2,9,1955,5,1,3,1,4877413,-385570,2,1,25,3,2,1,746,245,5,2,1,39,0,0,0,0,0
201900011483,19,10,22,1611,4,8,9,3,4473894,320170,5,3,49,1,4,4,860,607,2,4,1,69,0,0,0,0,0
201900011484,19,1,1,2290,3,1,8,6,4728941,659530,5,2,23,1,2,4,350,466,5,4,5,80,0,0,0,0,0
201900011485,19,4,27,1887,2,4,4,7,4726198,137521,9,4,46,3,1,2,175,137,4,4,3,82,0,0,0,0,0
201900011486,19,8,11,2295,5,3,1,5,4973009,564873,5,3,19,1,2,3,436,863,8,2,5,87,0,0,0,0,0
201900011487,19,5,4,982,3,9,8,1,4756017,-352443,3,4,14,3,2,4,574,119,9,1,1,67,0,0,0,0,0
201900011488,19,4,22,543,3,5,9,5,4704554,637933,9,4,25,3,3,4,318,454,8,7,4,30,0,0,0,0,0
201900011489,19,8,1,833,4,3,6,4,4795527,215867,2,4,8,1,3,1,633,838,7,3,3,16,0,0,0,0,0
201900011490,19,10,28,2185,4,9,1,1,4844895,361489,4,1,18,2,2,3,620,929,1,4,4,93,0,0,0,0,0
201900011491,19,5,24,952,3,5,1,6,4911054,-223234,5,2,21,3,2,2,345,225,9,3,4,24,0,0,0,0,0
201900011492,19,5,9,370,5,3,3,6,4629930,129592,6,3,27,2,2,2,190,763,9,1,2,33,0,0,0,0,0
201900011493,19,2,4,699,5,2,9,3,4488338,-55451,9,2,28,1,2,1,377,796,6,3,4,68,0,0,0,0,0
201900011494,19,11,8,593,4,4,7,3,4690840,-286598,4,3,49,3,2,4,7,812,5,1,2,39,0,0,0,0,0
201900011495,19,7,14,2111,1,2,5,3,4660533,106348,4,3,31,3,4,4,183,341,4,6,1,97,0,0,0,0,0
201900011496,19,10,18,1622,1,7,8,4,4790524,-326163,5,2,45,1,4,3,784,382,7,1,4,51,0,0,0,0,0
201900011497,19,1,11,641,1,3,5,5,4405129,423799,9,4,6,3,4,2,842,919,4,7,5,49,0,0,0,0,0
201900011498,19,2,6,344,2,9,2,7,4561436,17033,3,1,26,2,1,2,800,142,3,6,3,8,0,0,0,0,0
201900011499,19,8,19,1655,5,6,8,1,4940025,-385272,3,4,12,2,4,4,644,395,1,6,5,69,0,0,0,0,0
201900011500,19,6,14,1688,5,4,8,4,4532122,-83500,2,3,4,3,2,1,878,62,1,6,4,12,0,0,0,0,0
201900011501,19,2,21,455,3,3,7,5,4890912,374556,6,4,29,1,1,2,213,930,2,6,3,68,0,0,0,0,0
201900011502,19,8,26,283,5,7,5,7,4551058,548312,7,4,5,1,1,2,657,892,2,2,1,66,0,0,0,0,0
201900011503,19,4,23,2052,3,5,7,6,4454500,282620,5,2,0,2,3,2,247,987,7,3,4,70,0,0,0,0,0
201900011504,19,12,19,921,1,8,2,3,4431964,469933,9,3,25,1,1,2,577,223,2,4,1,62,0,0,0,0,0
201900011505,19,2,8,1139,2,8,1,7,4521010,278353,6,3,32,2,2,2,722,364,9,6,1,98,0,0,0,0,0
201900011506,19,8,15,1154,3,5,7,7,4780444,553570,5,1,21,3,2,3,405,553,3,4,4,12,0,0,0,0,0
201900011507,19,11,27,77,3,9,5,1,4679629,-23777,5,3,38,2,2,3,738,556,3,6,5,99,0,0,0,0,0
201900011508,19,6,21,1331,5,1,2,2,4662301,299988,8,3,48,1,2,4,539,606,3,5,5,26,0,0,0,0,0
201900011509,19,5,11,939,2,1,2,4,4967606,550415,2,3,13,2,4,2,219,566,2,6,4,1,0,0,0,0,0
201900011510,19,12,25,1941,5,7,2,2,4607923,685153,5,3,48,2,4,4,170,339,4,7,5,17,0,0,0,0,0
201900011511,19,8,8,1335,4,4,5,7,4728532,-39070,4,4,27,3,4,4,251,950,1,6,4,22,0,0,0,0,0
201900011512,19,10,14,1158,1,4,4,3,4400652,231770,8,1,13,3,1,1,689,238,9,7,1,35,0,0,0,0,0
201900011513,19,1,21,2231,5,9,9,5,4964991,-206090,2,4,8,1,2,2,318,432,9,6,1,80,0,0,0,0,0
201900011514,19,9,2,810,4,8,5,7,4917150,-181675,4,3,52,3,1,4,461,791,4,3,1,38,0,0,0,0,0
201900011515,19,6,18,1776,2,3,1,6,4831877,-266296,7,2,7,3,4,3,605,375,1,3,5,12,0,0,0,0,0
201900011516,19,12,16,178,1,1,8,1,4787024,-350447,6,1,32,3,3,3,362,961,1,4,1,15,0,0,0,0,0
201900011517,19,10,27,1063,1,3,6,4,4961964,-279577,2,3,25,2,4,4,854,752,3,7,4,68,0,0,0,0,0
201900011518,19,2,23,1420,2,4,4,2,4567999,477889,3,1,41,2,2,4,755,249,9,4,4,93,0,0,0,0,0
201900011519,19,3,13,197,3,1,9,3,4479231,-199165,3,1,23,3,3,3,251,552,6,5,4,1,0,0,0,0,0
201900011520,19,1,12,1972,2,3,1,5,4670527,-288816,6,4,8,2,4,4,42,685,1,5,1,94,0,0,0,0,0
201900011521,19,8,2,156,2,9,8,5,4639667,-187979,7,1,49,2,2,2,414,338,7,5,4,72,0,0,0,0,0
201900011522,19,8,7,147,4,1,3,3,4578644,-163138,7,1,50,3,3,3,349,121,2,6,1,95,0,0,0,0,0
201900011523,19,4,7,2224,2,6,2,3,4946855,468127,3,3,24,1,2,3,137,301,1,5,5,72,0,0,0,0,0
201900011524,19,11,24,1671,3,4,7,5,4926607,-142520,3,3,5,1,4,4,689,122,2,1,2,83,0,0,0,0,0
201900011525,19,2,4,1032,1,3,3,3,4628298,220169,8,2,47,2,2,4,324,536,1,6,3,90,0,0,0,0,0
201900011526,19,6,19,364,5,9,7,5,4725391,374048,7,2,24,1,3,2,616,409,7,4,2,85,0,0,0,0,0
201900011527,19,12,4,193,1,2,9,2,4474732,-183381,9,1,3,2,3,2,656,894,7,5,4,47,0,0,0,0,0
201900011528,19,12,20,1268,1,9,3,3,4667840,139747,4,4,3,1,4,4,201,562,7,7,3,70,0,0,0,0,0
201900011529,19,3,24,2243,3,2,1,1,4823817,144800,9,2,47,1,4,2,830,143,7,2,3,29,0,0,0,0,0
201900011530,19,12,17,1937,3,4,2,4,4459439,154607,2,1,50,3,3,1,74,510,7,4,2,44,0,0,0,0,0
201900011531,19,1,4,221,2,9,9,1,4722246,302109,1,1,41,2,4,4,905,350,4,3,2,74,0,0,0,0,0
201900011532,19,11,18,1110,4,6,8,2,4425954,-109474,6,1,49,3,4,1,482,903,2,1,4,77,0,0,0,0,0
201900011533,19,9,28,2251,3,6,4,4,4773993,463367,6,2,28,1,4,3,253,959,7,1,2,89,0,0,0,0,0
201900011534,19,6,25,1174,3,4,6,1,4930751,-300778,8,4,16,1,3,2,213,207,1,3,4,6,0,0,0,0,0
201900011535,19,7,5,1478,4,3,1,6,4994287,299537,8,2,21,2,2,2,177,581,5,2,3,40,0,0,0,0,0
201900011536,19,2,18,379,4,3,6,5,4864455,334310,8,2,44,1,3,4,857,818,4,5,5,84,0,0,0,0,0
201900011537,19,3,6,1389,3,3,9,3,4693250,-398218,6,4,48,2,3,1,656,236,5,4,4,17,0,0,0,0,0
201900011538,19,12,6,1654,5,6,8,3,4891199,-187518,7,4,24,3,4,2,459,381,7,1,1,97,0,0,0,0,0
201900011539,19,2,14,1026,3,5,6,1,4759029,252408,9,1,29,2,2,1,401,651,5,6,3,39,0,0,0,0,0
201900011540,19,2,1,1260,5,9,7,7,4666031,-367229,6,2,2,1,3,1,218,925,6,7,3,13,0,0,0,0,0
201900011541,19,1,10,959,5,9,6,4,4666447,178522,5,2,45,1,2,1,190,139,6,4,2,21,0,0,0,0,0
201900011542,19,7,20,779,4,5,8,7,4828931,-12715,7,3,11,2,3,2,400,52,3,3,1,24,0,0,0,0,0
201900011543,19,4,8,1218,5,7,3,4,4956710,648818,8,2,46,3,1,1,876,268,8,5,1,10,0,0,0,0,0
201900011544,19,12,5,2186,4,4,2,1,4957920,368546,6,1,35,2,1,2,722,720,8,7,5,25,0,0,0,0,0
201900011545,19,2,5,693,2,6,9,7,4945425,-317175,4,4,15,1,4,4,851,823,6,4,2,91,0,0,0,0,0
201900011546,19,2,5,1777,1,4,9,7,4781350,432214,9,2,20,2,1,1,508,559,9,7,5,64,0,0,0,0,0
201900011547,19,8,23,207,5,2,6,4,4733986,699329,7,3,49,2,4,1,409,843,7,6,2,2,0,0,0,0,0
201900011548,19,11,22,1820,5,2,2,3,4445114,-330574,2,3,31,3,1,2,797,448,4,1,4,84,0,0,0,0,0
201900011549,19,12,4,1491,5,6,9,3,4775425,198806,7,4,10,1,1,1,293,583,1,2,3,99,0,0,0,0,0
201900011550,19,12,11,252,1,6,6,1,4541877,-165314,9,1,32,3,1,1,266,133,7,2,2,36,0,0,0,0,0
201900011551,19,6,18,2045,2,1,7,6,4499718,132928,9,2,21,1,2,1,533,506,3,5,4,9,0,0,0,0,0
201900011552,19,2,1,1178,4,3,1,1,4634938,631275,8,4,25,3,3,4,18,338,3,2,4,73,0,0,0,0,0
201900011553,19,3,18,1731,1,6,4,3,4611144,466283,3,1,23,2,2,4,486,826,9,7,1,67,0,0,0,0,0
201900011554,19,10,15,2112,5,5,5,4,4595815,326362,6,4,31,3,1,1,397,276,5,6,4,68,0,0,0,0,0
201900011555,19,1,14,1093,3,1,1,6,4590606,-308516,5,3,44,1,3,2,784,977,6,5,4,75,0,0,0,0,0
201900011556,19,10,20,1946,4,6,2,5,4641247,-235146,4,2,2,1,2,4,162,437,7,5,3,24,0,0,0,0,0
201900011557,19,11,15,782,5,8,6,7,4532847,659412,7,1,17,3,4,3,286,605,3,4,4,84,0,0,0,0,0
201900011558,19,1,4,1723,3,8,6,7,4615398,479315,9,1,32,1,2,4,597,879,7,5,2,97,0,0,0,0,0
201900011559,19,9,10,722,4,5,3,5,4452965,-120095,7,1,31,3,1,1,40,94,8,7,1,65,0,0,0,0,0
201900011560,19,9,13,688,3,5,3,6,4746648,245528,2,3,20,2,3,4,122,928,6,4,3,44,0,0,0,0,0
201900011561,19,4,2,1788,1,8,2,4,4986601,-159965,5,1,13,1,2,4,343,651,5,7,5,11,0,0,0,0,0
201900011562,19,1,28,1087,2,9,2,5,4787736,410542,3,3,33,1,2,2,899,949,3,3,2,38,0,0,0,0,0
201900011563,19,11,26,68,4,1,3,4,4567828,682288,7,2,14,2,1,4,619,829,8,6,4,86,0,0,0,0,0
201900011564,19,5,14,1623,2,3,2,2,4515635,601058,9,1,42,1,1,4,381,615,4,4,2,34,0,0,0,0,0
201900011565,19,1,8,1490,1,1,1,2,4647315,537679,5,4,12,3,1,3,95,990,3,5,4,28,0,0,0,0,0
201900011566,19,11,16,1676,3,9,2,5,4856782,97991,8,2,43,2,1,4,247,931,2,6,5,31,0,0,0,0,0
201900011567,19,12,17,1639,1,4,1,5,4657323,572037,5,2,34,2,2,1,74,261,3,7,2,92,0,0,0,0,0
201900011568,19,12,19,1996,2,1,4,4,4548474,552332,5,2,19,3,3,2,383,959,1,5,2,25,0,0,0,0,0
201900011569,19,9,6,2008,3,5,5,4,4660291,562237,9,1,11,1,1,2,444,753,5,1,4,75,0,0,0,0,0
201900011570,19,12,27,115,2,7,8,2,4814272,404520,8,2,30,2,4,3,325,453,1,7,3,90,0,0,0,0,0
201900011571,19,10,13,1205,3,8,2,1,4936266,196748,3,4,28,3,4,4,895,212,5,7,4,60,0,0,0,0,0
201900011572,19,10,3,357,3,3,9,4,4676419,116121,5,3,7,3,3,2,608,517,3,3,5,46,0,0,0,0,0
201900011573,19,7,21,930,4,3,7,6,4459238,-389898,4,4,14,2,2,4,307,263,6,5,2,55,0,0,0,0,0
201900011574,19,2,8,684,3,1,6,6,4926972,379097,8,3,15,2,3,1,8,694,4,2,1,85,0,0,0,0,0
201900011575,19,3,23,34,2,3,4,4,4572743,61202,4,2,17,2,4,1,736,988,3,3,4,85,0,0,0,0,0
201900011576,19,7,3,922,1,1,1,4,4410827,27550,4,4,6,3,3,2,393,86,8,2,1,49,0,0,0,0,0
201900011577,19,6,23,718,4,8,9,6,4788273,-312144,2,2,46,3,3,1,390,420,9,4,3,65,0,0,0,0,0
201900011578,19,4,15,2233,5,5,8,1,4844157,417971,9,4,34,1,1,3,277,874,2,3,1,65,0,0,0,0,0
201900011579,19,8,21,407,4,4,3,6,4850585,58434,8,1,34,1,3,4,328,838,6,3,2,0,0,0,0,0,0
201900011580,19,12,25,691,3,1,3,4,4647913,-62746,4,3,18,1,3,4,490,230,9,2,2,63,0,0,0,0,0
201900011581,19,10,6,1796,2,7,4,2,4983242,333224,6,3,36,3,1,1,715,365,9,2,2,52,0,0,0,0,0
201900011582,19,5,10,465,3,6,3,4,4601880,447966,2,4,4,3,3,4,703,428,3,3,2,8,0,0,0,0,0
201900011583,19,10,21,142,1,2,7,6,4761195,312456,3,3,52,3,3,3,647,979,5,6,2,96,0,0,0,0,0
201900011584,19,4,21,2261,4,6,6,1,4446898,623886,2,2,3,2,2,3,283,549,9,6,5,20,0,0,0,0,0
201900011585,19,5,11,592,4,2,3,6,4760096,290481,1,1,51,1,3,2,11,283,9,7,2,75,0,0,0,0,0
201900011586,19,3,8,1854,5,2,2,3,4465071,542731,5,1,43,1,4,2,290,392,3,7,1,49,0,0,0,0,0
201900011587,19,6,25,2244,1,8,7,2,4969579,-369116,4,1,26,1,1,2,216,835,9,5,3,15,0,0,0,0,0
201900011588,19,2,25,1714,2,8,3,4,4800518,135490,6,1,37,3,1,1,344,367,1,4,4,75,0,0,0,0,0
201900011589,19,10,8,85,2,3,4,2,4966157,91438,3,3,36,3,2,1,460,428,1,1,3,7,0,0,0,0,0
201900011590,19,5,2,358,1,6,4,6,4918785,44393,2,4,12,2,1,2,295,29,3,6,1,59,0,0,0,0,0
201900011591,19,9,2,1655,4,7,5,1,4607029,-334197,4,3,47,3,1,1,896,628,2,5,5,66,0,0,0,0,0
201900011592,19,11,27,1287,1,3,5,1,4814201,-123586,5,3,21,2,4,4,451,560,7,4,2,68,0,0,0,0,0
201900011593,19,11,13,289,1,4,1,2,4409223,-36019,5,4,41,3,2,1,395,651,8,5,2,3,0,0,0,0,0
201900011594,19,11,21,933,5,8,4,7,4458813,582820,3,3,26,3,1,2,339,975,1,2,2,61,0,0,0,0,0
201900011595,19,4,25,844,3,3,6,1,4859460,-51601,9,2,52,3,1,2,128,830,6,2,4,15,0,0,0,0,0
201900011596,19,12,7,445,1,2,9,1,4868846,526592,3,1,22,3,3,3,888,941,4,3,1,14,0,0,0,0,0
201900011597,19,5,26,2190,2,2,4,1,4761942,268418,6,3,4,1,3,2,785,662,4,7,3,0,0,0,0,0,0
201900011598,19,10,10,1197,3,8,7,7,4492325,406179,5,3,41,3,3,4,736,752,8,5,3,51,0,0,0,0,0
201900011599,19,2,21,1007,3,5,7,7,4953701,-68332,6,4,30,1,1,1,630,703,5,1,2,65,0,0,0,0,0
201900011600,19,6,15,2225,5,2,6,4,4690546,44887,3,3,35,3,4,4,192,538,1,6,3,40,0,0,0,0,0
201900011601,19,5,6,1126,2,3,2,6,4990593,212031,5,1,41,2,1,2,634,629,8,6,3,6,0,0,0,0,0
201900011602,19,10,5,2102,3,8,2,2,4746197,549702,6,3,50,1,1,4,752,545,3,3,2,74,0,0,0,0,0
201900011603,19,11,12,366,4,3,5,4,4801802,305573,3,4,40,1,1,1,251,239,9,5,3,42,0,0,0,0,0
201900011604,19,12,2,959,3,3,8,6,4452081,347906,3,2,35,2,2,1,445,765,3,3,2,12,0,0,0,0,0
201900011605,19,7,18,1006,3,9,9,6,4830215,-243977,7,2,41,1,2,4,858,953,9,6,4,16,0,0,0,0,0
201900011606,19,4,11,2289,3,5,4,1,4741717,-280984,8,2,34,2,4,1,319,688,3,1,4,34,0,0,0,0,0
201900011607,19,11,16,1871,5,9,2,5,4514829,-317401,7,4,44,3,4,3,687,75,6,6,1,12,0,0,0,0,0
201900011608,19,11,3,1992,4,1,9,2,4534979,-354415,8,4,24,3,3,4,21,14,4,2,4,37,0,0,0,0,0
201900011609,19,8,6,1244,2,9,8,5,4743255,219311,7,2,7,2,4,4,295,995,4,4,4,66,0,0,0,0,0
201900011610,19,10,5,885,5,5,7,6,4463666,654245,4,3,50,1,2,3,397,443,2,3,5,29,0,0,0,0,0
201900011611,19,4,15,1566,1,3,4,1,4860343,-362379,6,4,11,2,4,2,571,8,4,5,5,45,0,0,0,0,0
201900011612,19,8,26,44,5,3,5,7,4991065,149774,3,1,37,1,3,4,716,299,8,4,4,25,0,0,0,0,0
201900011613,19,7,23,2039,4,7,9,4,4757632,-74900,9,4,26,2,2,1,866,808,2,5,3,51,0,0,0,0,0
201900011614,19,12,10,158,1,2,2,1,4470356,215372,9,3,51,1,1,2,497,327,7,5,4,32,0,0,0,0,0
201900011615,19,11,7,1837,1,5,7,4,4685811,-47002,8,3,25,2,1,4,187,212,1,2,4,59,0,0,0,0,0
201900011616,19,10,20,1556,3,9,9,2,4909874,-75213,9,4,38,1,2,3,822,724,7,1,1,43,0,0,0,0,0
201900011617,19,4,13,1236,4,4,7,4,4891486,174952,5,3,48,1,2,1,187,107,4,2,1,65,0,0,0,0,0
201900011618,19,9,2,1232,4,3,4,7,4713878,-162797,9,2,44,3,2,3,366,908,2,7,1,90,0,0,0,0,0
201900011619,19,2,8,936,5,5,8,2,4825019,-243107,9,4,11,2,3,1,901,66,9,2,5,84,0,0,0,0,0
201900011620,19,12,11,1540,4,4,3,5,4963542,-137033,8,4,27,1,4,2,785,179,3,7,3,19,0,0,0,0,0
201900011621,19,5,25,717,2,6,7,6,4502415,654363,3,2,18,2,2,3,475,488,1,6,5,58,0,0,0,0,0
201900011622,19,5,1,1452,1,4,8,4,4780585,486554,9,4,14,3,3,4,669,109,3,1,3,12,0,0,0,0,0
201900011623,19,12,23,2124,2,5,6,1,4800356,692215,3,3,39,1,2,2,47,790,4,5,2,85,0,0,0,0,0
201900011624,19,11,9,1140,5,1,8,6,4989265,352824,3,1,0,3,2,3,676,559,7,3,3,28,0,0,0,0,0
201900011625,19,10,17,808,5,9,4,7,4556349,-13231,3,2,48,3,3,2,754,448,8,4,5,41,0,0,0,0,0
201900011626,19,4,11,1276,2,2,3,1,4599338,651633,9,3,46,1,3,1,502,123,1,5,1,7,0,0,0,0,0
201900011627,19,3,5,1821,1,9,1,2,4584740,-102900,6,2,2,1,4,3,547,5,5,5,3,48,0,0,0,0,0
201900011628,19,8,15,364,2,3,8,5,4917729,-362182,6,4,34,2,3,4,102,751,2,4,5,9,0,0,0,0,0
201900011629,19,10,2,375,5,5,5,6,4636286,-61101,9,4,40,2,3,3,107,535,3,2,4,34,0,0,0,0,0
201900011630,19,5,6,1491,2,8,5,1,4682717,647540,5,2,27,2,4,3,580,704,4,5,2,68,0,0,0,0,0
201900011631,19,2,13,246,4,3,7,1,4632464,351388,2,1,42,3,3,3,32,517,9,5,1,20,0,0,0,0,0
201900011632,19,1,25,1028,5,9,8,3,4445915,14592,7,3,30,3,4,1,435,674,6,7,4,40,0,0,0,0,0
201900011633,19,2,13,59,1,4,2,1,4573868,290772,1,4,18,1,1,2,321,125,4,6,2,41,0,0,0,0,0
201900011634,19,1,19,1284,5,4,2,3,4611326,695908,5,2,31,3,1,1,615,288,5,5,4,44,0,0,0,0,0
201900011635,19,10,16,833,3,3,9,4,4580929,534280,6,3,23,2,1,2,440,725,4,4,4,60,0,0,0,0,0
201900011636,19,2,24,239,1,6,6,2,4887597,-314717,2,2,15,3,3,1,855,252,4,7,2,11,0,0,0,0,0
201900011637,19,9,14,1316,2,1,4,4,4616133,693481,8,2,40,1,1,3,778,252,2,7,5,29,0,0,0,0,0
201900011638,19,11,2,255,2,8,8,5,4785850,-199606,8,2,37,3,4,3,484,87,6,6,3,70,0,0,0,0,0
201900011639,19,2,11,486,5,1,7,5,4930516,-41538,4,1,1,3,2,2,239,270,2,4,5,67,0,0,0,0,0
201900011640,19,10,10,2197,4,3,3,7,4701473,530325,7,3,7,3,4,2,795,247,1,6,1,94,0,0,0,0,0
201900011641,19,3,18,1844,2,4,5,2,4607988,-254842,2,3,20,2,4,2,789,201,4,6,2,80,0,0,0,0,0
201900011642,19,7,16,515,2,6,7,3,4834101,191563,2,1,31,3,2,2,173,25,5,2,4,74,0,0,0,0,0
201900011643,19,11,3,349,2,4,5,7,4477437,76089,6,3,39,1,3,4,127,686,3,4,3,38,0,0,0,0,0
201900011644,19,4,20,706,3,1,1,4,4555076,440120,1,1,15,2,2,2,896,58,2,3,5,5,0,0,0,0,0
201900011645,19,5,12,962,5,7,5,6,4947771,-238921,9,2,46,1,4,3,486,785,4,6,5,54,0,0,0,0,0
201900011646,19,5,27,178,4,6,7,1,4751252,12256,1,4,38,1,1,2,679,189,3,1,1,67,0,0,0,0,0