Num_Acc,an,mois,jour,hrmn,lum,int,atm,col,lat,long,catr,circ,nbv,vosp,prof,plan,lartpc,larrout,surf,infra,situ,env1,unscathed,killed,hospital,light,chance
201900011647,19,7,28,877,4,2,3,2,4960230,273538,8,2,45,3,2,3,574,988,7,4,1,58,0,0,0,0,0
201900011648,19,2,4,2298,1,8,9,5,4812960,-123180,1,4,44,1,3,2,660,709,4,6,2,98,0,0,0,0,0
201900011649,19,9,2,1352,4,9,3,3,4856603,76532,2,2,18,2,1,1,747,387,8,1,3,89,0,0,0,0,0
201900011650,19,5,24,591,2,1,4,4,4529297,-242330,9,4,15,2,3,4,170,356,5,4,3,6,0,0,0,0,0
201900011651,19,3,4,71,4,7,6,3,4538100,-37266,4,2,43,3,4,2,592,237,8,7,5,7,0,0,0,0,0
201900011652,19,1,3,1921,5,9,8,7,4768945,-107654,9,3,33,1,1,2,514,101,6,2,4,91,0,0,0,0,0
201900011653,19,1,17,39,1,1,4,4,4549191,248965,9,2,24,1,2,4,796,504,2,6,2,38,0,0,0,0,0
201900011654,19,9,15,505,1,4,7,4,4765543,595570,6,4,42,1,4,3,532,882,3,6,5,86,0,0,0,0,0
201900011655,19,3,22,1648,1,5,6,5,4755915,248056,1,2,26,3,3,2,382,799,4,4,5,42,0,0,0,0,0
201900011656,19,9,5,2305,2,6,3,6,4955127,-146102,7,4,32,1,4,3,78,468,9,1,2,15,0,0,0,0,0
201900011657,19,9,1,1347,2,2,1,4,4487030,463567,3,3,37,1,2,1,36,990,1,3,4,3,0,0,0,0,0
201900011658,19,10,18,657,2,6,6,4,4940027,698653,8,3,30,2,4,3,433,22,5,4,5,28,0,0,0,0,0
201900011659,19,11,15,722,4,5,8,2,4700379,-179026,7,2,11,3,2,2,208,676,7,7,4,0,0,0,0,0,0
201900011660,19,4,16,592,1,6,6,3,4760654,561655,6,1,48,3,1,2,725,977,8,1,4,93,0,0,0,0,0
201900011661,19,9,18,1286,4,8,8,7,4849194,-213349,2,4,27,2,1,4,670,530,2,4,5,78,0,0,0,0,0
201900011662,19,6,12,1017,3,5,5,7,4837279,-386847,9,1,0,3,4,3,1,174,7,5,5,14,0,0,0,0,0
201900011663,19,5,4,1258,4,3,7,4,4544988,264447,6,4,3,1,3,4,583,468,8,3,5,34,0,0,0,0,0
201900011664,19,9,10,1631,2,7,9,6,4727855,625161,3,3,0,2,4,3,198,497,6,3,2,17,0,0,0,0,0
201900011665,19,3,10,1764,1,7,2,2,4602128,533420,3,3,53,1,3,4,820,201,9,3,3,70,0,0,0,0,0
201900011666,19,3,24,174,2,4,2,2,4659169,-198841,8,3,19,3,1,2,231,355,7,7,1,65,0,0,0,0,0
201900011667,19,9,20,988,3,3,3,4,4533469,467759,5,4,39,1,3,1,408,760,6,7,5,81,0,0,0,0,0
201900011668,19,12,4,852,3,9,3,3,4660153,-230495,7,2,33,3,4,3,361,126,7,5,3,19,0,0,0,0,0
201900011669,19,10,25,1589,5,9,5,5,4691541,214959,9,4,26,2,3,1,344,477,2,2,4,40,0,0,0,0,0
201900011670,19,5,20,947,1,1,1,6,4864098,-144284,5,3,46,3,2,4,57,568,6,2,2,80,0,0,0,0,0
201900011671,19,6,18,1141,4,6,4,6,4869306,287355,6,4,8,2,2,4,415,875,5,2,4,41,0,0,0,0,0
201900011672,19,2,6,857,4,8,6,5,4540782,7492,2,2,35,1,2,1,754,887,8,3,1,47,0,0,0,0,0
201900011673,19,7,14,180,5,6,3,3,4875239,263379,1,4,1,2,3,1,624,478,9,1,1,30,0,0,0,0,0
201900011674,19,6,9,616,1,6,3,5,4453872,-394848,4,1,31,3,3,4,719,776,2,6,3,43,0,0,0,0,0
201900011675,19,10,10,1256,4,1,6,2,4869593,340382,1,2,28,1,1,2,532,75,1,6,1,8,0,0,0,0,0
201900011676,19,6,27,1973,1,9,1,5,4760260,278244,3,1,25,1,2,2,134,418,5,7,5,62,0,0,0,0,0
201900011677,19,3,13,1802,2,3,2,5,4921531,-34184,5,4,47,1,3,2,156,695,2,6,1,67,0,0,0,0,0
201900011678,19,1,11,1134,3,9,9,1,4787405,453164,8,2,46,2,3,2,551,279,5,5,1,57,0,0,0,0,0
201900011679,19,11,16,1639,5,8,2,5,4558475,-184951,9,2,26,1,3,4,413,905,1,1,1,34,0,0,0,0,0
201900011680,19,12,23,333,4,8,2,3,4506763,-220499,3,1,20,3,3,1,439,999,3,5,2,79,0,0,0,0,0
201900011681,19,5,17,1103,2,9,3,3,4660936,125473,4,4,39,2,2,2,44,497,1,4,5,19,0,0,0,0,0
201900011682,19,6,28,152,1,9,3,1,4422230,313710,1,4,13,2,1,3,583,322,9,1,2,42,0,0,0,0,0
201900011683,19,11,19,948,2,8,1,2,4770351,-379478,3,2,43,3,3,3,699,692,1,2,4,73,0,0,0,0,0
201900011684,19,4,4,1402,2,5,4,5,4475572,26101,9,4,36,1,4,2,861,612,6,1,3,31,0,0,0,0,0
201900011685,19,11,3,2355,4,1,4,3,4862200,219004,4,3,32,1,4,3,220,604,7,1,2,68,0,0,0,0,0
201900011686,19,5,8,2135,1,5,2,7,4597345,407178,9,1,12,2,1,3,713,838,2,2,5,51,0,0,0,0,0
201900011687,19,12,15,1835,2,1,6,1,4551680,-144687,9,4,11,1,3,1,400,417,4,1,2,85,0,0,0,0,0
201900011688,19,9,19,1961,4,9,8,6,4650666,170023,9,1,53,1,2,3,520,552,2,4,3,30,0,0,0,0,0
201900011689,19,10,16,488,5,9,9,3,4895943,58101,6,3,21,2,1,1,241,778,3,5,1,60,0,0,0,0,0
201900011690,19,3,24,2123,4,8,9,2,4505973,482608,4,2,34,3,1,3,621,917,7,3,1,0,0,0,0,0,0
201900011691,19,7,26,2337,5,3,5,5,4772268,335882,2,1,0,1,2,4,314,645,8,1,2,44,0,0,0,0,0
201900011692,19,8,25,122,5,9,8,1,4486787,-206317,4,1,31,3,2,4,623,444,5,6,2,39,0,0,0,0,0
201900011693,19,10,5,986,1,4,7,4,4808225,-286379,6,2,7,3,4,4,666,867,6,2,2,60,0,0,0,0,0
201900011694,19,6,11,1242,2,8,7,5,4574971,-77142,1,2,3,1,3,1,645,507,5,6,4,88,0,0,0,0,0
201900011695,19,6,16,1558,3,1,5,6,4563087,243225,9,3,11,3,2,3,818,304,5,2,5,99,0,0,0,0,0
201900011696,19,2,11,697,2,6,1,5,4673336,286617,5,1,24,3,2,1,719,642,1,6,3,53,0,0,0,0,0
201900011697,19,9,6,62,5,1,9,5,4663899,27998,4,1,5,1,4,2,219,627,4,7,1,27,0,0,0,0,0
201900011698,19,1,5,2350,4,1,5,6,4685440,695883,4,2,38,1,1,2,200,914,3,2,1,52,0,0,0,0,0
201900011699,19,1,18,884,1,5,8,7,4432594,214533,4,4,34,1,3,2,428,569,2,2,2,23,0,0,0,0,0
201900011700,19,9,23,1116,4,1,2,5,4907716,191892,1,2,9,2,3,1,211,802,5,6,4,44,0,0,0,0,0
201900011701,19,5,18,2056,4,3,9,5,4837842,323938,9,4,20,1,4,3,651,42,5,3,3,42,0,0,0,0,0
201900011702,19,2,12,392,2,7,9,7,4879574,442524,4,4,21,2,3,3,736,841,2,5,1,73,0,0,0,0,0
201900011703,19,1,1,106,2,4,2,4,4495403,170061,3,2,0,1,2,4,113,346,2,1,3,1,0,0,0,0,0
201900011704,19,9,10,2264,3,2,7,3,4966797,-174200,8,2,16,3,4,1,375,200,7,5,1,25,0,0,0,0,0
201900011705,19,10,15,1885,2,7,6,6,4715590,555351,5,2,45,1,4,3,298,326,3,4,3,6,0,0,0,0,0
201900011706,19,9,26,1057,4,4,2,3,4540419,-311397,9,4,52,1,1,1,643,322,4,6,3,90,0,0,0,0,0
201900011707,19,2,26,1223,5,8,8,3,4717010,-330979,3,1,26,3,1,2,680,931,6,5,3,35,0,0,0,0,0
201900011708,19,11,23,1387,2,3,6,4,4567200,180545,9,1,2,2,1,4,525,688,3,2,1,49,0,0,0,0,0
201900011709,19,12,26,2354,1,2,7,7,4735912,-79639,9,2,31,2,3,2,350,724,3,3,1,52,0,0,0,0,0
201900011710,19,3,4,2202,4,9,7,3,4794343,-141843,7,4,12,2,3,4,748,493,6,5,5,70,0,0,0,0,0
201900011711,19,12,10,2121,5,5,7,4,4686399,79311,3,1,49,1,4,2,501,455,2,5,5,34,0,0,0,0,0
201900011712,19,2,13,1564,4,4,5,1,4810007,319742,2,1,13,1,4,1,786,549,1,5,1,81,0,0,0,0,0
201900011713,19,9,25,109,4,1,2,1,4879921,686567,3,2,47,3,3,1,820,124,7,4,5,76,0,0,0,0,0
201900011714,19,6,9,1192,5,9,7,1,4532747,115510,2,3,44,2,3,2,2,996,9,1,4,38,0,0,0,0,0
201900011715,19,7,19,1694,1,3,1,7,4666391,196422,7,1,43,2,4,4,883,739,3,7,5,2,0,0,0,0,0
201900011716,19,6,23,485,2,3,4,7,4699645,698073,4,4,19,2,4,3,684,810,5,4,4,13,0,0,0,0,0
201900011717,19,6,14,1321,5,9,1,2,4532702,-289046,6,4,5,3,1,1,714,364,4,5,3,52,0,0,0,0,0
201900011718,19,12,16,192,3,8,7,4,4797568,668160,5,1,22,1,1,1,488,899,3,2,4,1,0,0,0,0,0
201900011719,19,8,28,143,5,3,8,6,4772714,552546,8,2,53,3,3,2,118,61,7,4,2,51,0,0,0,0,0
201900011720,19,3,5,569,1,6,9,2,4451536,-20185,3,2,18,1,1,4,134,144,7,7,5,71,0,0,0,0,0
201900011721,19,6,7,749,1,4,4,1,4468801,-234919,7,1,37,3,4,1,226,659,7,3,4,71,0,0,0,0,0
201900011722,19,11,21,2303,4,8,3,5,4909684,-340570,1,2,5,3,3,3,297,260,4,5,4,58,0,0,0,0,0
201900011723,19,6,9,2336,3,2,3,7,4491245,463007,9,1,47,3,1,2,852,859,6,6,1,22,0,0,0,0,0
201900011724,19,1,23,1826,4,3,5,1,4437593,118353,1,4,34,2,2,3,69,535,5,3,3,6,0,0,0,0,0
201900011725,19,11,6,329,5,9,5,5,4814894,-330580,2,1,10,1,1,4,601,904,9,3,5,47,0,0,0,0,0
201900011726,19,8,15,1002,4,2,2,3,4479855,-385106,8,3,42,2,3,4,574,754,1,4,1,84,0,0,0,0,0
201900011727,19,7,18,1588,5,7,8,2,4951500,626158,8,4,18,1,1,2,74,403,2,7,3,54,0,0,0,0,0
201900011728,19,10,9,174,4,5,8,3,4638853,44205,3,2,31,3,1,4,642,463,2,1,3,98,0,0,0,0,0
201900011729,19,3,13,2103,1,5,4,4,4505892,-397702,4,2,11,2,1,1,7,882,5,6,5,79,0,0,0,0,0
201900011730,19,9,7,1530,1,7,1,5,4435323,270510,8,1,32,2,4,1,408,430,2,1,1,63,0,0,0,0,0
201900011731,19,6,19,1213,5,1,2,6,4595571,-198175,6,1,49,1,2,1,815,970,1,3,1,92,0,0,0,0,0
201900011732,19,8,26,1360,1,2,6,2,4896392,321769,8,1,51,3,1,4,195,925,9,4,5,48,0,0,0,0,0
201900011733,19,11,20,1796,5,2,4,4,4550145,364470,1,1,9,3,2,1,637,831,6,3,4,27,0,0,0,0,0
201900011734,19,9,6,818,4,2,8,5,4507798,12321,1,3,0,3,1,1,1,205,9,2,5,38,0,0,0,0,0
201900011735,19,9,17,902,2,9,5,2,4487311,261860,5,2,16,2,3,3,468,516,4,3,5,1,0,0,0,0,0
201900011736,19,10,5,1719,5,9,4,2,4843507,546550,9,4,17,1,2,1,336,326,7,3,3,16,0,0,0,0,0
201900011737,19,5,27,2322,2,7,6,3,4448965,-155090,1,3,34,1,1,2,373,699,2,5,1,44,0,0,0,0,0
201900011738,19,10,3,789,1,7,9,2,4952243,540175,1,3,27,3,3,1,135,77,2,6,2,16,0,0,0,0,0
201900011739,19,1,28,1030,4,9,2,4,4561008,61519,5,1,34,1,1,3,359,84,2,7,4,42,0,0,0,0,0
201900011740,19,3,1,1227,4,7,9,6,4992302,-352562,2,1,7,2,3,4,298,618,3,3,1,85,0,0,0,0,0
201900011741,19,2,23,1856,1,7,5,3,4662946,-315791,2,1,25,1,2,1,596,584,1,3,5,34,0,0,0,0,0
201900011742,19,3,22,9,1,9,3,1,4675381,-49663,7,3,35,1,4,1,567,795,1,4,1,8,0,0,0,0,0
201900011743,19,12,1,425,4,2,3,2,4939395,137368,4,2,32,2,3,4,262,734,4,5,4,53,0,0,0,0,0
201900011744,19,11,14,2010,2,8,7,4,4924093,545480,3,2,30,1,4,1,813,414,1,5,3,8,0,0,0,0,0
201900011745,19,11,8,1180,4,8,4,6,4429635,53034,5,4,45,1,2,1,473,569,6,7,1,16,0,0,0,0,0
201900011746,19,6,18,1611,4,4,4,5,4839507,143597,4,1,46,1,2,1,156,96,2,5,1,1,0,0,0,0,0
201900011747,19,1,15,1875,1,5,9,6,4716957,184840,9,4,21,2,2,4,93,106,1,3,4,11,0,0,0,0,0
201900011748,19,3,15,1784,3,6,5,2,4426563,525538,8,2,14,1,1,4,648,346,8,1,1,95,0,0,0,0,0
201900011749,19,11,11,1267,1,1,7,6,4627907,602057,3,1,39,3,2,3,175,611,9,6,1,98,0,0,0,0,0
201900011750,19,7,25,1056,4,2,4,4,4411187,-93962,9,2,9,3,4,4,559,489,1,1,3,52,0,0,0,0,0
201900011751,19,4,25,1804,5,5,4,2,4494119,-296986,2,3,28,3,3,2,416,757,1,4,5,32,0,0,0,0,0
201900011752,19,4,5,1828,1,9,8,5,4521254,220779,2,3,13,2,2,1,685,614,8,2,3,34,0,0,0,0,0
201900011753,19,6,1,2347,3,2,1,1,4775710,265082,5,4,12,3,2,2,761,195,5,2,1,30,0,0,0,0,0
201900011754,19,1,16,1640,4,8,3,7,4586743,365981,3,2,15,2,1,2,767,23,6,5,5,54,0,0,0,0,0
201900011755,19,10,4,887,3,8,6,1,4894995,267435,5,4,33,2,1,3,643,328,3,5,3,86,0,0,0,0,0
201900011756,19,7,8,1420,4,1,6,3,4755418,580484,2,4,45,3,4,4,762,273,9,6,3,13,0,0,0,0,0
201900011757,19,4,13,741,2,1,1,6,4482634,300062,7,1,3,3,2,2,729,60,5,2,2,21,0,0,0,0,0
201900011758,19,1,16,511,1,5,6,6,4543082,-219422,2,4,29,1,3,1,601,930,4,3,1,43,0,0,0,0,0
201900011759,19,12,3,1565,3,9,3,6,4813188,-27208,3,3,34,3,3,1,570,148,9,7,4,37,0,0,0,0,0
201900011760,19,10,18,144,1,6,1,4,4438134,349277,4,2,51,1,2,4,487,744,3,1,5,93,0,0,0,0,0
201900011761,19,7,27,2301,2,6,6,6,4682341,170373,4,4,46,3,1,1,109,232,1,1,4,28,0,0,0,0,0
201900011762,19,1,14,1142,2,9,3,1,4681935,-140647,8,4,19,2,3,3,705,727,9,4,3,87,0,0,0,0,0
201900011763,19,6,7,2003,5,4,9,1,4983725,-208039,7,3,1,1,4,4,305,55,4,3,2,0,0,0,0,0,0
201900011764,19,11,28,479,1,3,1,5,4882898,252344,8,3,37,3,2,3,393,199,9,1,5,63,0,0,0,0,0
201900011765,19,9,27,625,4,6,3,6,4942902,189922,5,3,32,2,2,3,75,349,4,7,3,15,0,0,0,0,0
201900011766,19,12,28,713,1,5,2,1,4468872,525572,7,2,33,1,2,1,250,308,7,4,2,61,0,0,0,0,0
201900011767,19,4,22,1478,2,9,6,1,4924950,416391,6,4,31,1,2,1,362,176,5,7,4,16,0,0,0,0,0
201900011768,19,7,13,110,3,3,6,3,4431868,334732,4,2,8,1,2,4,228,532,2,5,5,41,0,0,0,0,0
201900011769,19,5,6,1787,2,3,7,5,4508219,-355134,8,1,8,2,1,2,692,549,1,1,3,50,0,0,0,0,0
201900011770,19,3,6,1135,2,2,5,1,4789935,-308281,6,1,19,1,4,1,327,383,1,1,3,26,0,0,0,0,0
201900011771,19,2,7,1111,2,9,7,4,4934396,133472,7,2,24,3,4,1,693,622,7,2,1,26,0,0,0,0,0
201900011772,19,3,17,1075,1,2,6,3,4748775,471685,1,1,22,1,2,4,363,168,8,6,4,66,0,0,0,0,0
201900011773,19,11,26,429,2,9,4,7,4882459,35447,5,3,9,3,4,3,847,816,9,1,5,46,0,0,0,0,0
201900011774,19,1,24,92,4,8,6,6,4879597,185271,8,1,41,1,2,4,749,8,9,5,3,40,0,0,0,0,0
201900011775,19,4,17,1323,1,2,3,6,4559424,335156,2,2,7,1,3,2,143,180,5,2,4,82,0,0,0,0,0
201900011776,19,10,25,755,4,8,5,3,4568674,-107071,2,1,38,2,1,3,811,812,4,1,1,61,0,0,0,0,0
201900011777,19,1,5,1667,3,9,9,3,4884731,50058,9,3,10,3,4,4,535,516,6,1,5,96,0,0,0,0,0
201900011778,19,9,25,1559,5,6,3,6,4802605,676301,2,4,11,3,4,1,900,576,4,1,1,89,0,0,0,0,0
201900011779,19,1,7,900,3,2,5,1,4634013,-293355,7,4,1,3,4,4,635,448,4,1,1,49,0,0,0,0,0
201900011780,19,6,15,604,5,7,4,6,4837693,-6232,6,3,23,1,4,3,617,915,9,3,5,22,0,0,0,0,0
201900011781,19,3,4,427,1,2,5,7,4899028,501668,5,3,44,3,2,1,288,575,4,3,5,99,0,0,0,0,0
201900011782,19,9,2,1698,4,6,7,3,4830289,255406,8,1,36,3,2,4,487,541,5,1,1,88,0,0,0,0,0
201900011783,19,2,24,2124,3,2,2,6,4459313,493171,4,1,48,1,2,3,221,465,1,1,3,68,0,0,0,0,0
201900011784,19,5,19,1341,3,6,1,1,4934681,-320001,1,1,52,3,2,3,838,451,5,7,4,19,0,0,0,0,0
201900011785,19,6,11,2316,5,1,1,2,4714718,557130,5,3,24,2,4,4,748,768,6,3,4,41,0,0,0,0,0
201900011786,19,3,14,1736,5,4,7,4,4832637,551229,4,2,3,1,4,4,542,308,7,1,4,42,0,0,0,0,0
201900011787,19,6,12,1303,1,9,9,2,4451709,-263024,6,3,10,2,1,2,213,713,3,7,4,9,0,0,0,0,0
201900011788,19,12,5,2030,1,4,3,5,4437035,120152,7,3,33,1,3,2,394,567,5,5,5,35,0,0,0,0,0
201900011789,19,7,16,2323,3,4,1,5,4927489,-94385,3,2,8,2,3,3,211,608,9,1,2,50,0,0,0,0,0
201900011790,19,3,15,1050,1,6,1,4,4551410,-200219,6,1,23,1,1,3,782,510,6,6,1,39,0,0,0,0,0
201900011791,19,3,17,1821,1,5,6,4,4564217,146845,3,4,0,2,2,2,263,600,7,5,1,10,0,0,0,0,0
201900011792,19,5,25,607,3,8,8,3,4725602,24728,3,2,17,3,3,3,380,718,3,5,5,15,0,0,0,0,0
201900011793,19,9,1,947,1,5,2,3,4780168,-362101,9,1,49,1,2,3,715,944,9,1,1,29,0,0,0,0,0
201900011794,19,10,10,531,4,5,5,2,4803627,132817,6,4,40,2,4,3,512,362,4,2,4,20,0,0,0,0,0
201900011795,19,1,26,1587,1,5,1,2,4901720,152684,3,1,10,3,3,4,547,859,9,4,3,48,0,0,0,0,0
201900011796,19,9,12,520,1,8,8,2,4544760,599693,3,3,47,3,4,3,95,683,7,5,3,14,0,0,0,0,0
201900011797,19,11,9,1002,3,5,8,6,4976972,543772,7,2,42,3,3,3,830,181,3,7,3,30,0,0,0,0,0
201900011798,19,12,13,2162,3,5,7,1,4801986,-299698,6,4,37,3,2,2,249,905,5,5,4,98,0,0,0,0,0
201900011799,19,8,13,468,3,1,3,2,4644715,-374189,9,4,53,3,4,2,239,687,1,5,1,35,0,0,0,0,0
201900011800,19,2,6,2181,1,6,2,3,4984463,76396,2,4,38,3,1,3,402,329,8,1,3,76,0,0,0,0,0
201900011801,19,8,13,1187,4,4,7,4,4833950,335741,4,3,13,2,1,1,427,156,2,1,5,68,0,0,0,0,0
201900011802,19,8,6,678,1,7,8,2,4828006,21379,2,4,9,2,3,2,385,650,8,2,3,85,0,0,0,0,0
201900011803,19,12,6,992,3,4,6,6,4674701,512368,6,3,43,2,2,4,354,612,2,4,4,58,0,0,0,0,0
201900011804,19,1,13,1454,5,4,6,3,4761130,487804,6,4,34,3,2,2,168,57,6,3,3,86,0,0,0,0,0
201900011805,19,3,22,1521,5,6,8,6,4456020,69236,7,3,19,3,2,1,666,81,8,7,1,21,0,0,0,0,0
201900011806,19,1,23,1644,2,1,5,1,4592470,-51325,1,4,49,3,2,1,874,785,5,1,1,47,0,0,0,0,0
201900011807,19,4,7,1725,1,6,3,4,4579141,-71684,9,3,51,1,3,3,696,725,2,2,5,47,0,0,0,0,0
201900011808,19,2,4,1125,3,5,4,3,4668727,252714,1,2,30,1,2,2,75,741,5,7,5,25,0,0,0,0,0
201900011809,19,11,16,1466,5,6,4,7,4405128,-297697,3,3,51,3,2,2,586,432,5,2,4,81,0,0,0,0,0
201900011810,19,11,17,225,1,8,4,6,4671285,463034,6,1,37,3,2,4,714,83,9,7,5,86,0,0,0,0,0
201900011811,19,10,14,2179,2,1,6,5,4973208,596204,4,4,12,2,1,3,350,635,9,6,4,1,0,0,0,0,0
201900011812,19,9,7,446,4,2,5,7,4861856,657103,9,2,22,1,4,2,407,867,5,6,2,0,0,0,0,0,0
201900011813,19,6,1,72,3,9,8,2,4573065,48564,7,2,7,3,4,2,703,86,7,1,3,78,0,0,0,0,0
201900011814,19,12,3,1030,5,6,9,6,4724849,-320101,2,4,25,2,1,2,135,702,5,6,1,83,0,0,0,0,0
201900011815,19,12,25,1947,5,2,4,1,4749215,-387970,3,1,29,1,4,3,25,799,6,2,5,88,0,0,0,0,0
201900011816,19,8,3,1911,4,2,7,1,4734864,-391954,3,1,46,2,4,1,459,314,1,7,5,51,0,0,0,0,0
201900011817,19,6,20,2293,4,3,1,2,4425233,68779,9,3,33,1,4,2,664,935,6,4,5,65,0,0,0,0,0
201900011818,19,10,9,2330,5,5,3,6,4839618,417350,5,4,10,1,4,1,766,19,6,6,4,35,0,0,0,0,0
201900011819,19,8,17,1997,5,4,1,6,4473873,456139,1,4,17,3,4,1,51,45,3,6,1,17,0,0,0,0,0
201900011820,19,1,15,1840,5,5,7,7,4872120,224051,9,4,33,2,3,1,432,425,4,2,5,6,0,0,0,0,0
201900011821,19,9,24,856,4,1,7,2,4668055,27599,2,2,10,1,2,3,302,609,8,2,1,55,0,0,0,0,0
201900011822,19,8,26,1774,4,3,3,2,4755741,507185,8,3,41,1,2,1,502,781,2,4,4,82,0,0,0,0,0
201900011823,19,5,11,940,4,6,6,1,4468426,138514,7,3,41,2,4,4,228,681,5,4,5,40,0,0,0,0,0
201900011824,19,1,12,1781,2,5,1,5,4809299,-343050,9,2,50,1,3,4,807,460,7,1,3,73,0,0,0,0,0
201900011825,19,5,15,1021,3,4,1,5,4955569,117224,8,1,23,1,2,3,751,671,8,5,3,5,0,0,0,0,0
201900011826,19,3,12,1886,4,2,7,7,4628772,-6769,1,4,8,1,2,3,901,175,5,5,3,8,0,0,0,0,0
201900011827,19,1,6,838,2,7,5,2,4486608,-136897,8,4,17,3,2,1,8,482,2,5,2,19,0,0,0,0,0
201900011828,19,6,11,926,3,4,7,2,4470174,-272793,8,3,10,3,1,4,649,697,9,4,1,38,0,0,0,0,0
201900011829,19,8,8,2334,5,9,4,3,4553817,523129,3,1,24,2,4,2,4,696,5,4,2,44,0,0,0,0,0
201900011830,19,12,13,1831,5,1,6,7,4528163,-63442,9,2,2,3,3,4,783,679,6,2,5,83,0,0,0,0,0
201900011831,19,6,3,1284,2,6,9,3,4800866,-304200,3,3,26,3,2,4,797,116,1,6,1,4,0,0,0,0,0
201900011832,19,10,6,739,5,3,7,1,4939777,-83189,9,2,5,1,2,1,437,130,7,4,5,18,0,0,0,0,0
201900011833,19,9,18,1356,4,1,4,5,4502985,542962,7,3,42,3,2,4,402,883,5,6,2,71,0,0,0,0,0
201900011834,19,7,3,919,4,5,9,3,4652813,54659,1,1,23,2,1,2,159,944,2,4,2,78,0,0,0,0,0
201900011835,19,4,23,2273,5,2,7,4,4494450,-352862,3,2,28,2,1,4,484,85,9,1,2,0,0,0,0,0,0
201900011836,19,6,21,1375,5,8,2,1,4727098,-397547,6,4,47,1,1,2,288,629,4,4,2,49,0,0,0,0,0
201900011837,19,5,17,1422,3,5,9,3,4439007,631237,9,3,33,1,3,2,841,354,4,7,3,40,0,0,0,0,0
201900011838,19,2,28,1651,3,2,4,7,4800890,266980,6,2,17,2,1,3,725,175,1,4,5,80,0,0,0,0,0
201900011839,19,2,7,478,4,4,4,5,4802185,-322944,9,3,25,1,4,4,501,733,3,4,4,23,0,0,0,0,0
201900011840,19,8,14,2215,3,2,3,2,4935887,609936,3,1,33,2,1,4,776,362,6,7,4,91,0,0,0,0,0
201900011841,19,8,26,751,3,5,1,6,4416980,500949,6,2,15,1,4,4,474,190,5,2,3,64,0,0,0,0,0
201900011842,19,5,3,1358,1,8,9,7,4636446,279536,2,3,52,1,3,2,704,441,6,5,3,81,0,0,0,0,0
201900011843,19,5,8,1397,3,3,9,7,4942413,166362,1,3,53,2,3,1,482,396,2,6,5,2,0,0,0,0,0
201900011844,19,7,16,1356,4,8,2,7,4756630,-58394,2,2,30,2,2,2,150,656,5,1,1,21,0,0,0,0,0
201900011845,19,6,9,2245,2,9,1,7,4632526,-58375,8,2,11,3,1,4,457,343,4,4,1,4,0,0,0,0,0
201900011846,19,10,20,90,4,3,2,1,4882566,20987,5,4,20,1,4,4,802,713,7,3,2,21,0,0,0,0,0
201900011847,19,11,2,869,4,9,2,1,4620866,35783,6,1,7,1,2,3,306,978,3,4,5,75,0,0,0,0,0
201900011848,19,8,21,1161,1,7,3,1,4674733,-208531,1,1,43,1,1,2,66,626,2,7,4,20,0,0,0,0,0
201900011849,19,10,14,1921,3,5,5,6,4656372,403294,6,3,27,3,2,2,138,924,4,6,3,34,0,0,0,0,0
201900011850,19,1,20,1225,1,3,8,7,4720149,184538,8,3,49,2,4,1,392,20,3,5,5,7,0,0,0,0,0
201900011851,19,9,19,1933,5,6,2,4,4486447,633926,1,3,52,3,1,1,41,272,1,3,5,29,0,0,0,0,0
201900011852,19,11,11,319,2,5,3,5,4934579,-161755,1,4,38,3,2,4,266,243,6,7,1,5,0,0,0,0,0
201900011853,19,10,10,1491,4,8,3,1,4800935,245291,1,1,41,3,3,4,444,19,4,5,3,12,0,0,0,0,0
201900011854,19,11,19,1998,1,3,5,1,4507127,-140533,3,2,25,3,2,1,804,548,4,4,4,61,0,0,0,0,0
201900011855,19,2,17,2305,3,2,9,1,4717445,-97208,3,2,10,1,1,1,29,844,6,1,3,1,0,0,0,0,0
201900011856,19,4,7,1544,5,7,9,7,4672725,-256327,3,1,45,1,1,1,9,300,8,4,3,19,0,0,0,0,0
201900011857,19,3,19,2187,1,1,8,1,4456659,554429,7,3,20,2,1,2,106,115,3,4,1,90,0,0,0,0,0
201900011858,19,2,25,1391,4,6,9,3,4773999,313429,7,4,39,1,2,3,135,396,9,5,5,36,0,0,0,0,0
201900011859,19,9,2,702,4,5,5,7,4975622,423013,9,1,7,2,3,4,518,274,5,4,5,26,0,0,0,0,0
201900011860,19,12,16,551,1,7,1,6,4605962,182593,5,3,15,3,4,2,534,259,1,6,5,80,0,0,0,0,0