Num_Acc,an,mois,jour,hrmn,lum,int,atm,col,lat,long,catr,circ,nbv,vosp,prof,plan,lartpc,larrout,surf,infra,situ,env1,unscathed,killed,hospital,light,chance
201900011861,19,11,1,1256,5,4,2,1,4799130,-15034,9,4,45,2,4,2,659,742,1,6,3,0,0,0,0,0,0
201900011862,19,5,23,318,1,2,7,2,4495098,-103536,9,1,34,2,3,2,848,452,8,6,4,19,0,0,0,0,0
201900011863,19,7,21,2063,5,3,4,5,4986404,435807,7,4,34,3,1,2,335,326,7,5,5,73,0,0,0,0,0
201900011864,19,1,20,1338,2,7,7,5,4888999,374315,1,2,53,2,1,4,539,953,1,6,5,43,0,0,0,0,0
201900011865,19,6,27,159,3,7,9,2,4765437,665604,4,2,45,1,4,4,476,739,8,6,1,32,0,0,0,0,0
201900011866,19,10,20,2318,3,8,4,5,4867863,-144472,9,4,21,3,4,4,92,867,7,1,4,82,0,0,0,0,0
201900011867,19,6,12,1197,1,1,8,4,4615514,-372776,3,2,50,2,4,1,120,310,6,1,5,82,0,0,0,0,0
201900011868,19,10,8,2001,3,6,7,6,4594976,-162826,3,1,32,1,1,3,44,438,3,4,1,79,0,0,0,0,0
201900011869,19,7,22,1078,4,9,9,6,4609757,-54038,9,1,51,1,1,3,140,303,9,7,2,32,0,0,0,0,0
201900011870,19,11,3,2344,3,3,6,2,4574367,-23149,8,4,31,2,3,4,689,56,3,5,2,42,0,0,0,0,0
201900011871,19,5,27,842,2,2,2,4,4589033,-281021,5,2,10,3,1,3,177,35,7,5,2,48,0,0,0,0,0
201900011872,19,7,9,696,3,3,5,4,4601244,-307399,1,4,30,3,4,4,393,361,6,1,4,79,0,0,0,0,0
201900011873,19,2,23,1237,2,7,5,1,4511703,185084,4,1,36,3,4,3,236,298,9,6,5,31,0,0,0,0,0
201900011874,19,4,19,2245,1,8,4,6,4617257,295212,3,2,41,1,1,1,510,450,7,1,3,21,0,0,0,0,0
201900011875,19,10,17,1142,1,3,5,6,4671723,103086,7,1,4,2,4,3,327,121,5,7,3,27,0,0,0,0,0
201900011876,19,4,22,99,3,3,9,5,4948138,-263925,5,4,18,2,1,4,557,44,1,2,1,2,0,0,0,0,0
201900011877,19,2,6,748,1,2,5,2,4967157,500069,5,2,8,2,1,3,206,958,2,3,5,75,0,0,0,0,0
201900011878,19,3,3,319,2,6,3,2,4880764,46192,5,1,52,3,3,2,914,81,8,2,1,70,0,0,0,0,0
201900011879,19,9,11,487,3,8,6,4,4984189,144972,7,4,22,3,4,3,307,213,6,3,5,32,0,0,0,0,0
201900011880,19,11,23,1821,3,1,9,5,4598551,155264,4,3,40,1,1,4,218,543,1,4,2,57,0,0,0,0,0
201900011881,19,8,21,1671,5,7,5,5,4826027,-292904,7,4,52,1,2,1,884,495,8,5,1,21,0,0,0,0,0
201900011882,19,10,20,179,1,7,5,7,4594856,587121,4,4,26,2,2,1,24,727,6,3,5,86,0,0,0,0,0
201900011883,19,8,23,1437,4,9,1,4,4884142,49980,1,2,49,2,3,4,34,965,3,4,1,16,0,0,0,0,0
201900011884,19,2,7,1144,4,6,5,7,4613322,58377,6,4,28,2,1,4,393,558,4,7,2,7,0,0,0,0,0
201900011885,19,5,10,1645,1,8,8,5,4456431,214366,1,3,42,3,4,3,260,968,6,5,2,43,0,0,0,0,0
201900011886,19,8,12,1990,2,9,1,4,4633402,635947,8,4,11,3,1,1,210,712,6,7,1,25,0,0,0,0,0
201900011887,19,12,27,1370,1,9,3,5,4953016,-255736,5,3,13,2,1,3,253,805,3,3,3,21,0,0,0,0,0
201900011888,19,8,9,1213,2,6,9,1,4544536,609745,2,4,1,3,4,2,428,952,9,5,1,4,0,0,0,0,0
201900011889,19,8,9,321,5,5,9,3,4874414,697778,3,2,52,3,3,4,832,741,9,1,4,43,0,0,0,0,0
201900011890,19,9,14,145,3,2,8,2,4886415,590053,4,3,49,1,3,3,80,960,2,7,1,14,0,0,0,0,0
201900011891,19,7,17,1802,2,6,1,5,4650438,373750,3,4,5,1,1,4,138,296,5,4,4,76,0,0,0,0,0
201900011892,19,9,19,1038,3,6,4,7,4998952,583497,5,3,2,3,2,2,298,43,1,6,1,55,0,0,0,0,0
201900011893,19,7,14,2146,3,3,4,5,4409172,-242066,9,2,18,1,4,4,376,344,7,5,2,82,0,0,0,0,0
201900011894,19,12,10,1290,3,6,7,6,4988837,577078,1,2,32,2,1,2,95,774,8,2,2,57,0,0,0,0,0
201900011895,19,11,28,1145,1,8,7,3,4974399,345715,8,1,27,3,2,4,667,737,1,4,3,91,0,0,0,0,0
201900011896,19,8,14,1186,5,8,2,5,4972214,-8181,8,4,16,1,1,2,444,979,4,1,1,8,0,0,0,0,0
201900011897,19,1,2,479,1,8,8,2,4656041,168015,7,1,52,2,2,3,888,961,7,6,3,19,0,0,0,0,0
201900011898,19,6,6,1187,1,7,3,3,4958308,-257247,5,2,46,1,1,4,497,969,9,3,3,50,0,0,0,0,0
201900011899,19,5,4,143,5,9,4,7,4581210,-23275,9,4,27,3,1,4,141,581,3,6,5,5,0,0,0,0,0
201900011900,19,6,25,46,2,2,4,3,4975506,389759,4,4,24,3,3,3,337,70,8,3,1,45,0,0,0,0,0
201900011901,19,11,18,180,4,6,1,1,4993037,-267785,4,1,12,2,4,3,862,66,6,7,5,64,0,0,0,0,0
201900011902,19,9,21,1296,3,6,2,7,4772091,-123622,5,3,21,2,4,2,128,797,8,2,2,34,0,0,0,0,0
201900011903,19,9,25,907,3,8,8,7,4897001,-104824,5,2,10,2,2,4,783,299,3,3,4,20,0,0,0,0,0
201900011904,19,8,7,535,4,8,6,5,4991262,151986,3,4,11,3,1,3,257,239,2,4,5,12,0,0,0,0,0
201900011905,19,10,11,98,1,8,7,3,4647353,-79960,4,2,10,2,2,4,223,315,2,2,1,57,0,0,0,0,0
201900011906,19,3,11,842,5,1,2,2,4843775,407427,3,1,29,1,2,1,593,250,5,4,2,2,0,0,0,0,0
201900011907,19,6,25,902,5,7,7,7,4940791,269376,9,1,23,2,1,4,447,305,4,6,5,5,0,0,0,0,0
201900011908,19,3,13,888,1,1,5,3,4737902,47018,3,2,47,2,3,3,382,750,7,4,1,57,0,0,0,0,0
201900011909,19,9,17,761,4,4,7,3,4877917,172851,8,3,20,3,2,1,453,544,1,4,4,43,0,0,0,0,0
201900011910,19,2,3,455,2,4,5,5,4885244,-17724,7,2,3,2,2,2,16,512,5,3,3,26,0,0,0,0,0
201900011911,19,12,11,892,4,7,7,1,4539642,-54018,8,3,30,3,4,1,675,488,4,3,5,37,0,0,0,0,0
201900011912,19,4,13,2097,3,9,1,6,4603953,498269,2,1,1,2,2,3,146,705,4,2,3,12,0,0,0,0,0
201900011913,19,10,27,1793,4,1,1,7,4870484,318222,9,2,44,1,1,3,89,916,4,1,5,82,0,0,0,0,0
201900011914,19,1,20,725,3,8,7,7,4402006,472076,3,2,29,3,4,3,368,823,2,5,3,69,0,0,0,0,0
201900011915,19,12,13,1956,2,8,2,6,4405075,-328305,7,2,32,3,3,4,599,478,8,6,3,10,0,0,0,0,0
201900011916,19,1,7,1458,5,7,8,2,4565479,365012,3,2,30,1,1,2,434,579,1,3,1,9,0,0,0,0,0
201900011917,19,2,13,1834,5,4,7,7,4727332,273916,8,4,31,1,3,2,105,177,2,3,2,10,0,0,0,0,0
201900011918,19,5,18,1495,3,2,4,2,4423453,-174926,2,1,51,2,4,1,309,590,3,5,4,84,0,0,0,0,0
201900011919,19,4,10,1139,5,2,6,5,4613143,83590,9,2,33,1,2,3,520,88,3,1,3,57,0,0,0,0,0
201900011920,19,2,28,2274,5,1,5,5,4639773,-277763,1,4,52,3,4,1,73,293,5,1,1,64,0,0,0,0,0
201900011921,19,6,2,1370,2,7,2,3,4560855,-95567,2,2,5,3,1,1,670,634,5,1,1,79,0,0,0,0,0
201900011922,19,9,23,1225,5,6,3,3,4699404,287105,5,3,7,1,3,2,657,39,2,1,1,10,0,0,0,0,0
201900011923,19,5,4,149,5,6,6,6,4762424,-85173,4,3,7,3,2,1,880,77,3,2,4,8,0,0,0,0,0
201900011924,19,10,16,1000,4,8,1,7,4661772,-241896,1,4,44,1,3,2,750,703,4,6,2,96,0,0,0,0,0
201900011925,19,3,7,440,3,2,2,1,4768993,-176062,7,4,53,2,2,2,799,874,3,4,3,54,0,0,0,0,0
201900011926,19,8,27,1029,2,4,6,5,4868647,31040,8,3,7,1,2,1,390,224,3,7,2,71,0,0,0,0,0
201900011927,19,8,26,1838,3,7,4,2,4801325,689033,4,2,43,2,2,3,229,93,1,5,3,19,0,0,0,0,0
201900011928,19,11,3,1353,4,6,1,2,4720976,73716,9,1,42,2,1,2,676,376,1,1,2,0,0,0,0,0,0
201900011929,19,1,10,756,2,1,8,3,4761051,291268,7,4,30,2,2,2,60,701,5,1,5,33,0,0,0,0,0
201900011930,19,3,19,440,2,8,6,5,4843092,-177915,4,1,9,3,2,3,758,613,7,3,4,84,0,0,0,0,0
201900011931,19,3,11,313,5,2,2,5,4930130,-20514,8,1,24,2,1,4,781,457,2,2,3,46,0,0,0,0,0
201900011932,19,7,14,640,2,5,1,3,4822985,680306,9,2,43,2,4,3,676,379,5,7,3,16,0,0,0,0,0
201900011933,19,7,23,1357,1,9,6,3,4995221,-334949,5,4,33,3,4,4,424,142,5,3,4,36,0,0,0,0,0
201900011934,19,12,14,1727,2,5,9,4,4952722,100012,8,3,22,1,4,3,218,493,5,5,2,65,0,0,0,0,0
201900011935,19,5,3,1788,2,5,8,2,4513428,327984,3,3,46,3,4,2,660,889,7,1,4,65,0,0,0,0,0
201900011936,19,9,23,328,4,2,4,2,4572689,-299222,1,3,45,2,2,2,264,424,8,2,2,5,0,0,0,0,0
201900011937,19,10,18,1301,3,5,2,3,4629574,169680,3,4,42,2,3,1,680,905,3,7,4,22,0,0,0,0,0
201900011938,19,5,5,610,5,8,4,6,4703276,-125394,1,3,23,3,4,2,338,937,8,1,3,57,0,0,0,0,0
201900011939,19,4,21,186,5,9,8,5,4983297,331378,6,2,16,1,4,4,210,460,1,1,1,3,0,0,0,0,0
201900011940,19,11,14,223,4,7,6,5,4554007,570610,9,3,3,2,2,1,452,382,4,5,1,98,0,0,0,0,0
201900011941,19,2,15,141,2,8,4,4,4814097,30542,6,2,16,2,4,1,699,461,8,6,5,20,0,0,0,0,0
201900011942,19,8,16,339,5,6,1,2,4793126,-366396,6,3,21,1,3,2,687,594,5,3,3,3,0,0,0,0,0
201900011943,19,1,5,842,4,9,5,3,4653947,201708,1,3,23,1,4,4,723,587,8,4,5,0,0,0,0,0,0
201900011944,19,5,20,2281,2,6,7,4,4681612,-277032,2,2,12,3,3,3,134,641,7,6,2,78,0,0,0,0,0
201900011945,19,9,11,2213,5,6,8,3,4714935,-347331,6,4,14,1,1,2,367,462,2,4,4,73,0,0,0,0,0
201900011946,19,7,26,2021,2,7,6,6,4806902,415875,3,2,46,3,2,2,382,541,4,2,5,87,0,0,0,0,0
201900011947,19,6,17,798,4,5,9,7,4602881,289804,7,1,46,2,1,4,200,982,2,3,1,74,0,0,0,0,0
201900011948,19,5,8,457,4,3,5,5,4536248,-236888,9,2,23,2,2,3,295,217,3,5,4,59,0,0,0,0,0
201900011949,19,10,15,447,3,2,7,7,4572038,-100207,6,4,20,1,3,1,373,421,1,3,5,14,0,0,0,0,0
201900011950,19,7,11,475,2,7,4,5,4801827,-253496,3,1,1,1,4,4,44,25,9,4,5,56,0,0,0,0,0
201900011951,19,3,1,1118,1,9,7,3,4412429,-159991,5,2,53,3,1,1,646,211,2,2,3,16,0,0,0,0,0
201900011952,19,2,16,707,5,2,9,2,4510510,-294003,8,1,8,1,1,2,621,679,3,5,4,46,0,0,0,0,0
201900011953,19,1,27,2009,3,5,7,4,4662330,135896,9,1,6,2,1,3,85,806,4,3,1,2,0,0,0,0,0
201900011954,19,3,9,2025,2,5,9,4,4654989,382915,4,4,24,2,3,4,702,300,4,3,5,90,0,0,0,0,0
201900011955,19,4,15,822,1,1,2,4,4878892,595826,6,3,30,1,3,1,686,804,9,4,3,95,0,0,0,0,0
201900011956,19,1,11,1355,4,1,4,7,4636670,-170084,5,2,32,2,4,1,753,876,8,5,3,42,0,0,0,0,0
201900011957,19,6,28,1281,2,5,4,4,4558868,-368376,4,1,23,1,2,4,849,709,7,7,5,11,0,0,0,0,0
201900011958,19,12,24,928,4,3,4,7,4757068,-332197,2,3,33,3,4,4,305,761,2,2,4,71,0,0,0,0,0
201900011959,19,7,11,196,5,5,2,2,4722357,-271532,8,3,27,3,1,2,266,427,8,2,1,59,0,0,0,0,0
201900011960,19,11,12,26,4,4,5,6,4917566,377827,3,3,2,1,4,4,191,886,3,4,2,3,0,0,0,0,0
201900011961,19,11,4,972,1,5,4,6,4849849,653396,1,1,25,2,3,1,606,702,8,2,3,94,0,0,0,0,0
201900011962,19,8,18,1297,4,8,7,6,4856579,-334593,4,1,39,3,4,1,734,955,3,6,2,36,0,0,0,0,0
201900011963,19,10,21,1371,2,9,4,6,4956623,442397,2,4,45,2,2,4,772,594,2,7,1,51,0,0,0,0,0
201900011964,19,12,8,554,1,9,3,4,4578424,-314991,7,4,13,2,3,1,265,389,2,5,5,36,0,0,0,0,0
201900011965,19,6,16,820,5,2,7,7,4585458,649714,5,1,36,1,1,2,772,578,5,6,1,59,0,0,0,0,0
201900011966,19,6,15,428,1,9,6,6,4790559,494218,4,1,26,3,2,1,546,142,4,4,3,85,0,0,0,0,0
201900011967,19,5,19,795,2,4,7,4,4610686,178182,4,1,2,3,4,3,427,277,3,7,5,41,0,0,0,0,0
201900011968,19,5,12,1256,5,6,3,1,4460812,494739,3,4,36,1,4,4,870,986,6,7,4,39,0,0,0,0,0
201900011969,19,4,27,1713,5,6,9,7,4939246,-91358,7,3,53,2,4,3,551,133,9,7,3,60,0,0,0,0,0
201900011970,19,8,23,2278,1,3,1,4,4519631,434677,2,2,5,2,4,2,43,330,4,3,2,29,0,0,0,0,0
201900011971,19,10,3,550,3,6,9,1,4603684,-152927,9,3,37,2,1,3,262,591,2,1,5,94,0,0,0,0,0
201900011972,19,10,26,2113,2,3,2,2,4653525,619402,7,1,30,3,2,4,710,422,8,5,5,94,0,0,0,0,0
201900011973,19,12,10,1462,1,3,5,5,4651106,107183,1,1,24,2,2,2,193,959,1,3,1,84,0,0,0,0,0
201900011974,19,6,14,521,2,5,9,2,4665053,561845,5,2,28,1,2,4,120,283,9,7,2,16,0,0,0,0,0
201900011975,19,8,23,505,5,4,3,1,4949191,448902,8,4,47,2,1,4,754,240,4,1,2,27,0,0,0,0,0
201900011976,19,11,1,1473,3,8,8,4,4969508,316154,4,3,50,3,3,4,845,145,6,1,3,47,0,0,0,0,0
201900011977,19,11,23,1515,5,4,4,5,4514432,-93580,4,3,34,3,1,1,297,948,4,7,4,84,0,0,0,0,0
201900011978,19,8,5,1790,2,6,3,2,4432879,-393750,2,2,25,2,3,1,566,320,8,5,5,69,0,0,0,0,0
201900011979,19,1,18,2213,1,7,7,1,4970324,547051,8,2,38,1,4,4,285,619,9,3,3,21,0,0,0,0,0
201900011980,19,1,27,1672,3,5,3,7,4806035,492636,2,3,40,3,3,3,775,704,1,4,1,66,0,0,0,0,0
201900011981,19,3,2,1261,3,8,3,6,4892953,-337985,3,1,20,1,3,1,311,183,6,3,5,90,0,0,0,0,0
201900011982,19,8,14,1080,1,8,7,6,4811620,-229827,1,3,52,1,3,1,170,558,7,4,2,95,0,0,0,0,0
201900011983,19,3,24,246,4,3,9,6,4971367,-213447,1,1,0,1,4,4,314,357,7,7,5,59,0,0,0,0,0
201900011984,19,1,14,993,3,8,5,3,4531873,464829,9,4,0,3,1,1,242,766,6,3,2,21,0,0,0,0,0
201900011985,19,10,15,1308,3,7,7,2,4620548,-31748,1,4,12,1,4,4,761,449,3,4,5,48,0,0,0,0,0
201900011986,19,5,16,1220,3,5,8,4,4949299,41033,8,1,45,2,3,3,608,777,3,7,1,93,0,0,0,0,0
201900011987,19,6,2,58,5,4,9,4,4592486,134987,9,4,6,3,2,1,21,122,7,4,4,65,0,0,0,0,0
201900011988,19,7,14,1015,2,1,5,1,4919729,339465,5,4,43,1,3,2,517,5,6,6,3,45,0,0,0,0,0
201900011989,19,4,28,1430,2,9,4,5,4630198,-63752,1,1,17,1,1,4,140,9,7,2,2,16,0,0,0,0,0
201900011990,19,10,27,1961,4,9,1,2,4528440,-211274,8,3,14,1,1,2,177,330,5,5,3,53,0,0,0,0,0
201900011991,19,11,6,349,3,6,3,6,4579503,606906,9,3,52,2,4,1,718,45,8,5,4,12,0,0,0,0,0
201900011992,19,10,14,1349,5,5,5,3,4458031,-113511,9,3,7,1,3,3,47,259,9,2,5,15,0,0,0,0,0
201900011993,19,10,6,1177,3,8,4,7,4908537,-385426,8,1,1,3,4,4,220,552,5,5,2,17,0,0,0,0,0
201900011994,19,2,22,1652,2,1,8,7,4686125,488482,1,3,44,3,1,3,890,375,1,1,3,70,0,0,0,0,0
201900011995,19,5,25,1374,1,5,1,4,4529821,465915,6,2,17,3,3,4,878,676,8,6,5,76,0,0,0,0,0
201900011996,19,2,20,1329,5,9,9,4,4666340,-194914,2,4,20,3,3,3,5,180,4,6,2,18,0,0,0,0,0
201900011997,19,6,28,1807,5,3,9,5,4662040,647725,5,3,50,2,2,1,314,225,3,3,5,98,0,0,0,0,0
201900011998,19,9,7,1074,4,8,8,6,4664305,9059,1,1,16,2,1,4,430,495,9,1,4,74,0,0,0,0,0
201900011999,19,11,9,845,3,3,8,3,4878076,-63474,4,2,7,3,2,1,336,264,8,1,5,39,0,0,0,0,0
201900012000,19,11,15,948,4,2,4,6,4956722,-69511,8,1,33,1,3,2,435,552,9,3,2,27,0,0,0,0,0
201900012001,19,6,27,737,1,6,7,4,4835848,-80135,7,3,5,1,2,2,395,644,6,4,2,72,0,0,0,0,0
201900012002,19,1,19,1928,5,9,7,6,4780107,-64876,1,1,0,3,2,1,576,836,6,3,3,57,0,0,0,0,0
201900012003,19,7,1,2050,1,9,7,6,4671866,48123,1,3,46,1,3,2,407,978,6,7,1,75,0,0,0,0,0
201900012004,19,8,14,1672,4,7,4,1,4676788,-37052,7,2,42,2,3,3,362,689,5,3,4,11,0,0,0,0,0
201900012005,19,11,6,114,1,4,1,3,4955772,-357870,5,1,37,1,4,2,502,515,4,2,3,93,0,0,0,0,0
201900012006,19,9,6,2351,2,6,7,5,4583007,-355265,5,4,49,3,3,4,423,778,9,6,1,28,0,0,0,0,0
201900012007,19,9,4,1297,5,1,8,7,4913728,159252,2,2,10,1,1,4,218,499,4,6,5,55,0,0,0,0,0
201900012008,19,11,2,745,4,7,8,7,4825625,353217,4,2,53,2,4,3,143,928,7,2,2,68,0,0,0,0,0
201900012009,19,6,12,1218,5,3,9,7,4786325,267632,9,4,52,2,1,3,612,483,1,5,4,39,0,0,0,0,0
201900012010,19,1,7,2121,5,3,6,6,4829035,-191751,4,3,39,3,2,2,535,475,4,2,1,63,0,0,0,0,0
201900012011,19,8,20,2155,2,6,5,4,4955137,-139366,3,4,38,2,4,2,444,92,1,7,2,64,0,0,0,0,0
201900012012,19,6,19,1679,1,4,9,7,4593359,213043,6,1,11,1,4,1,72,26,5,4,5,71,0,0,0,0,0
201900012013,19,4,22,555,2,9,5,2,4919392,389288,3,1,27,2,3,1,198,404,7,5,3,10,0,0,0,0,0
201900012014,19,11,12,1597,1,4,6,3,4930665,-213324,9,1,5,1,4,3,251,642,9,6,2,74,0,0,0,0,0
201900012015,19,5,18,925,4,1,5,3,4703581,-178598,7,3,41,1,1,4,487,78,5,3,5,10,0,0,0,0,0
201900012016,19,6,10,1629,3,2,5,6,4910921,545821,2,2,30,2,4,4,198,8,8,6,4,83,0,0,0,0,0
201900012017,19,9,2,915,4,9,9,2,4838473,669325,2,1,51,2,4,3,134,553,3,3,1,55,0,0,0,0,0
201900012018,19,12,10,1552,3,8,8,6,4998989,-234886,6,1,20,1,3,4,914,107,3,5,4,49,0,0,0,0,0
201900012019,19,11,11,1631,5,3,9,7,4878258,89985,4,1,47,1,2,3,601,664,4,2,2,29,0,0,0,0,0
201900012020,19,1,25,105,5,8,2,6,4724434,-3926,7,3,5,3,2,2,466,246,8,3,2,9,0,0,0,0,0
201900012021,19,10,9,1193,4,9,2,2,4897452,-195664,3,3,34,3,2,4,203,790,9,1,3,38,0,0,0,0,0
201900012022,19,9,5,978,4,2,4,1,4754348,344586,4,4,14,2,1,4,762,899,2,1,4,90,0,0,0,0,0
201900012023,19,12,24,1933,1,1,7,1,4555265,668816,2,2,17,2,4,4,506,781,5,1,3,96,0,0,0,0,0
201900012024,19,1,24,1141,3,7,4,3,4764312,223115,8,4,40,1,4,2,260,288,7,7,3,37,0,0,0,0,0
201900012025,19,5,5,52,5,7,2,4,4870732,414975,4,2,32,3,3,1,892,431,4,3,1,71,0,0,0,0,0
201900012026,19,7,22,1872,4,2,2,7,4457936,301614,2,4,13,3,3,1,185,345,5,3,2,45,0,0,0,0,0
201900012027,19,1,25,88,4,8,7,2,4486495,108450,8,2,29,2,2,3,701,202,8,3,4,68,0,0,0,0,0
201900012028,19,5,9,1414,2,6,9,7,4415604,-332282,2,2,14,3,2,3,121,817,7,4,2,83,0,0,0,0,0
201900012029,19,5,5,688,5,7,7,4,4730172,380453,5,3,51,2,2,3,382,592,5,7,3,78,0,0,0,0,0
201900012030,19,6,24,1716,5,4,4,6,4477494,549782,7,2,10,2,4,4,347,335,1,1,2,69,0,0,0,0,0
201900012031,19,3,17,1147,5,4,3,7,4704478,552798,5,3,13,1,4,2,557,566,3,4,5,20,0,0,0,0,0
201900012032,19,7,10,15,1,8,3,6,4934141,336511,4,4,45,2,2,2,580,203,2,5,1,11,0,0,0,0,0
201900012033,19,8,20,287,3,8,6,4,4776713,385787,2,1,32,3,3,4,221,170,1,5,5,21,0,0,0,0,0
201900012034,19,6,8,2143,2,5,4,6,4742323,678635,3,2,5,2,4,3,823,108,5,4,5,11,0,0,0,0,0
201900012035,19,1,19,1137,1,4,7,3,4419544,-160305,2,3,41,2,3,4,270,695,2,4,2,10,0,0,0,0,0
201900012036,19,11,11,401,4,9,2,2,4887875,118400,9,4,41,2,3,1,214,646,3,7,2,64,0,0,0,0,0
201900012037,19,8,9,1901,2,6,1,4,4768795,341939,9,1,3,2,3,4,861,794,1,6,5,14,0,0,0,0,0
201900012038,19,12,3,1750,2,9,2,6,4773888,101911,5,4,3,1,4,3,785,511,4,2,2,52,0,0,0,0,0
201900012039,19,11,22,1465,2,2,2,1,4425465,370298,6,4,48,1,2,1,788,333,3,1,2,42,0,0,0,0,0
201900012040,19,8,10,428,5,2,4,7,4400623,-163325,3,3,53,3,2,2,842,33,1,7,3,47,0,0,0,0,0
201900012041,19,1,1,1745,4,2,4,2,4946353,245438,3,1,51,3,3,2,796,166,4,6,3,13,0,0,0,0,0
201900012042,19,2,12,1602,1,1,8,3,4873103,573707,9,1,14,2,4,2,114,162,8,7,5,2,0,0,0,0,0
201900012043,19,5,27,2115,3,3,4,1,4976138,-115946,4,1,50,1,1,2,120,508,7,5,4,94,0,0,0,0,0
201900012044,19,5,25,1608,4,3,9,6,4530007,-276926,9,1,11,1,4,4,796,661,6,7,5,48,0,0,0,0,0
201900012045,19,12,20,1822,5,1,6,7,4993119,-86198,9,1,3,2,1,4,866,482,4,2,5,66,0,0,0,0,0
201900012046,19,3,22,1277,3,2,2,1,4491020,95660,3,2,14,2,1,4,561,283,7,6,1,78,0,0,0,0,0
201900012047,19,3,12,211,5,3,8,1,4492039,157955,7,1,48,2,1,4,144,585,4,6,2,5,0,0,0,0,0
201900012048,19,10,9,1508,1,3,4,7,4431556,565915,4,3,9,3,2,1,662,230,3,4,4,67,0,0,0,0,0
201900012049,19,1,15,994,3,7,2,4,4866617,231988,3,3,52,2,1,2,611,301,2,1,5,65,0,0,0,0,0
201900012050,19,4,25,772,2,7,6,1,4537433,33660,4,3,26,2,2,4,68,885,8,7,1,54,0,0,0,0,0
201900012051,19,2,26,1241,1,7,9,6,4707657,-240068,6,1,41,1,1,1,607,472,6,2,4,48,0,0,0,0,0
201900012052,19,1,14,1843,5,7,3,6,4516605,-144602,9,3,1,3,4,2,420,521,1,5,1,88,0,0,0,0,0
201900012053,19,8,26,1988,3,2,7,6,4851350,683915,5,3,29,3,4,1,628,78,7,7,1,74,0,0,0,0,0
201900012054,19,7,13,2308,1,8,9,3,4564475,186461,7,1,33,3,2,3,480,932,5,4,3,80,0,0,0,0,0
201900012055,19,7,11,1064,4,1,1,6,4674860,291811,6,1,32,3,4,2,843,709,6,1,2,33,0,0,0,0,0
201900012056,19,7,17,2080,2,1,5,5,4550602,541655,7,4,35,3,4,4,379,514,1,3,2,30,0,0,0,0,0
201900012057,19,10,11,1953,1,2,4,7,4611844,201342,1,3,21,3,3,3,277,782,3,3,1,33,0,0,0,0,0
201900012058,19,7,11,28,2,4,7,1,4930429,-82009,4,2,31,3,3,1,433,894,4,5,3,12,0,0,0,0,0
201900012059,19,7,3,1437,5,6,9,2,4595881,-241615,3,3,16,2,2,1,678,354,6,3,2,22,0,0,0,0,0
201900012060,19,9,12,1013,2,9,1,3,4987047,-161965,8,2,39,1,3,2,74,399,6,1,4,74,0,0,0,0,0
201900012061,19,9,14,2274,1,7,1,1,4537329,-319151,2,4,49,3,4,4,720,821,7,5,2,54,0,0,0,0,0
201900012062,19,6,1,1634,4,5,1,6,4535269,-293890,6,4,44,2,1,3,593,140,2,2,2,37,0,0,0,0,0
201900012063,19,3,24,273,1,8,4,1,4955120,-7952,5,2,3,1,2,3,347,878,4,5,3,26,0,0,0,0,0
201900012064,19,8,10,747,1,9,8,4,4722076,530713,9,2,29,2,1,3,840,204,9,1,2,34,0,0,0,0,0
201900012065,19,3,21,1594,4,1,3,6,4705958,-23520,3,1,13,1,4,3,720,205,2,2,2,46,0,0,0,0,0
201900012066,19,3,22,1820,2,1,2,3,4921905,-295192,1,2,5,1,3,2,762,800,5,5,3,25,0,0,0,0,0
201900012067,19,3,15,791,5,8,2,7,4846629,-248276,8,4,38,2,1,1,403,392,6,5,5,56,0,0,0,0,0
201900012068,19,5,16,634,1,5,3,3,4413221,522302,5,4,42,2,4,2,17,473,8,7,5,19,0,0,0,0,0
201900012069,19,5,12,1749,4,8,9,3,4838191,402161,4,4,7,2,4,3,614,947,4,1,3,19,0,0,0,0,0
201900012070,19,4,7,1855,3,7,6,5,4665613,-55717,6,2,4,2,2,1,677,855,3,5,5,79,0,0,0,0,0
201900012071,19,8,17,382,3,4,8,5,4910232,499531,1,1,2,1,3,1,75,42,2,3,2,61,0,0,0,0,0
201900012072,19,9,13,1660,4,8,3,5,4946486,562670,4,1,8,3,4,3,737,146,1,4,1,78,0,0,0,0,0
201900012073,19,5,4,2164,1,3,1,2,4682023,300751,8,4,17,1,4,1,823,59,4,6,1,74,0,0,0,0,0
201900012074,19,9,6,2034,5,9,8,3,4844169,416145,1,3,24,3,1,3,688,809,1,2,1,16,0,0,0,0,0