Num_Acc,an,mois,jour,hrmn,lum,int,atm,col,lat,long,catr,circ,nbv,vosp,prof,plan,lartpc,larrout,surf,infra,situ,env1,unscathed,killed,hospital,light,chance
201900012075,19,1,16,2230,2,7,6,2,4884960,222474,3,2,49,3,4,1,362,101,8,3,5,1,0,0,0,0,0
201900012076,19,4,19,743,3,5,6,1,4638353,236075,5,3,47,1,1,4,225,910,3,5,5,13,0,0,0,0,0
201900012077,19,6,24,949,2,2,8,2,4808480,419505,6,1,53,3,2,4,770,885,2,3,5,82,0,0,0,0,0
201900012078,19,9,26,329,4,7,3,5,4458118,-331816,5,1,16,1,3,4,788,46,6,2,1,53,0,0,0,0,0
201900012079,19,11,13,2009,4,1,3,5,4447078,442339,8,1,19,2,2,2,896,911,5,5,4,33,0,0,0,0,0
201900012080,19,12,4,1421,4,3,7,1,4697971,428165,7,3,53,2,1,1,497,14,3,6,4,71,0,0,0,0,0
201900012081,19,9,22,19,2,1,1,6,4646054,43563,8,1,49,2,2,2,220,330,8,6,3,49,0,0,0,0,0
201900012082,19,9,18,1898,4,3,9,2,4507969,451234,1,4,14,1,2,1,308,43,4,5,2,11,0,0,0,0,0
201900012083,19,11,22,1770,2,9,7,2,4870116,569833,4,3,33,1,4,2,803,384,9,3,3,74,0,0,0,0,0
201900012084,19,9,7,1074,3,2,2,5,4441378,245363,4,4,14,3,2,3,674,596,4,3,5,99,0,0,0,0,0
201900012085,19,6,17,42,5,5,8,4,4670172,-305884,9,1,1,2,2,3,4,715,5,2,3,41,0,0,0,0,0
201900012086,19,1,28,866,5,1,4,5,4802453,-106641,5,3,38,3,2,3,334,264,2,1,2,65,0,0,0,0,0
201900012087,19,8,8,879,1,7,4,5,4600942,610034,6,4,23,3,1,2,834,921,6,5,1,21,0,0,0,0,0
201900012088,19,6,22,1056,5,1,3,7,4831789,259483,7,3,47,2,3,1,509,453,1,1,2,40,0,0,0,0,0
201900012089,19,9,21,2150,4,4,5,7,4795327,-297865,7,4,35,2,4,4,642,966,6,7,1,87,0,0,0,0,0
201900012090,19,1,1,952,2,6,2,3,4769721,343257,5,1,7,1,3,2,436,307,3,3,3,83,0,0,0,0,0
201900012091,19,10,7,576,2,4,9,6,4816043,487133,2,3,22,3,3,2,529,280,2,4,3,43,0,0,0,0,0
201900012092,19,9,5,1838,5,8,1,7,4621510,75776,6,2,37,3,3,1,140,661,5,7,4,43,0,0,0,0,0
201900012093,19,5,18,168,1,6,4,7,4780821,611067,6,4,37,1,4,3,311,309,8,4,2,27,0,0,0,0,0
201900012094,19,12,20,41,2,6,9,4,4768501,247724,7,2,28,2,4,2,306,819,9,1,2,47,0,0,0,0,0
201900012095,19,8,9,2019,2,1,9,5,4790779,463089,3,4,24,1,1,3,888,363,4,4,5,80,0,0,0,0,0
201900012096,19,9,15,556,3,1,3,3,4672107,99684,5,4,30,1,4,1,268,674,9,2,5,97,0,0,0,0,0
201900012097,19,4,21,1986,1,9,7,3,4499632,611883,9,2,13,2,2,2,289,955,2,6,1,76,0,0,0,0,0
201900012098,19,2,27,1883,5,4,7,5,4429242,352487,3,2,35,1,2,2,383,710,5,6,3,66,0,0,0,0,0
201900012099,19,6,19,1047,5,9,8,7,4998188,-323005,8,3,50,1,4,2,129,473,4,7,4,81,0,0,0,0,0
201900012100,19,11,27,1273,5,7,9,2,4994918,-277326,4,4,31,1,4,4,80,597,9,6,1,39,0,0,0,0,0
201900012101,19,5,2,78,4,8,2,5,4604601,195810,8,4,48,1,2,4,531,881,2,6,4,73,0,0,0,0,0
201900012102,19,12,5,1968,3,9,7,5,4521895,-29239,2,4,41,2,3,1,291,664,2,2,3,28,0,0,0,0,0
201900012103,19,9,10,2058,5,1,2,5,4669229,-249847,6,4,35,2,3,1,252,244,8,7,4,25,0,0,0,0,0
201900012104,19,8,16,714,2,3,1,4,4521579,490374,7,4,44,2,2,3,453,447,6,1,3,22,0,0,0,0,0
201900012105,19,5,2,700,1,4,5,1,4887020,113759,8,2,50,1,2,3,159,700,3,3,5,7,0,0,0,0,0
201900012106,19,4,14,1003,2,3,1,2,4822373,153944,1,4,53,2,4,1,468,995,1,1,1,56,0,0,0,0,0
201900012107,19,4,7,493,4,6,2,3,4772138,-57187,7,4,43,2,1,1,349,340,6,7,3,38,0,0,0,0,0
201900012108,19,7,15,154,1,1,4,2,4602278,587946,9,2,21,1,4,1,499,788,3,6,2,7,0,0,0,0,0
201900012109,19,5,17,1797,1,3,2,7,4729256,227198,4,1,29,1,3,2,704,663,4,1,4,14,0,0,0,0,0
201900012110,19,10,6,1245,2,3,2,6,4750879,573811,6,3,21,2,2,3,483,977,3,1,4,53,0,0,0,0,0
201900012111,19,7,3,2337,4,2,8,7,4943861,221246,3,1,13,3,2,1,394,807,3,3,2,78,0,0,0,0,0
201900012112,19,1,21,2032,4,3,6,3,4717493,-125808,3,2,30,1,4,2,450,759,5,4,5,49,0,0,0,0,0
201900012113,19,4,23,327,4,5,1,4,4469941,-174845,6,1,30,1,4,3,699,722,3,2,2,99,0,0,0,0,0
201900012114,19,7,24,1863,1,1,3,3,4785207,347323,8,1,12,3,2,3,897,291,2,4,2,82,0,0,0,0,0
201900012115,19,1,4,1137,1,5,2,5,4776491,288664,6,1,25,3,1,2,279,302,5,2,1,1,0,0,0,0,0
201900012116,19,8,17,1748,5,8,8,5,4817279,-104824,6,4,7,1,1,1,817,71,4,5,1,22,0,0,0,0,0
201900012117,19,6,19,2282,3,5,8,2,4620127,-146380,6,1,46,2,2,3,194,12,8,6,5,15,0,0,0,0,0
201900012118,19,11,16,913,4,6,3,4,4687351,355758,3,2,26,1,1,2,762,67,5,3,4,75,0,0,0,0,0
201900012119,19,4,5,2196,2,5,9,2,4641041,-146163,3,2,51,3,4,4,433,459,5,3,1,43,0,0,0,0,0
201900012120,19,9,2,2144,3,2,6,6,4908264,183953,3,2,47,2,1,4,102,229,3,6,3,72,0,0,0,0,0
201900012121,19,8,11,1701,1,8,7,1,4837156,191890,3,3,11,3,3,3,727,611,8,6,5,60,0,0,0,0,0
201900012122,19,1,18,1064,3,3,1,7,4493597,100335,6,4,36,2,2,3,480,11,6,1,5,35,0,0,0,0,0
201900012123,19,10,21,212,2,4,1,7,4938206,311064,6,1,11,1,2,4,332,449,2,1,4,95,0,0,0,0,0
201900012124,19,7,13,569,3,1,2,5,4663710,259043,6,1,30,3,2,2,519,701,1,3,1,68,0,0,0,0,0
201900012125,19,6,2,2255,5,7,5,2,4881319,148939,1,2,42,3,1,2,299,660,3,3,1,7,0,0,0,0,0
201900012126,19,3,10,1926,3,4,8,7,4556666,464482,4,1,24,3,4,3,515,242,7,2,3,66,0,0,0,0,0
201900012127,19,7,5,850,3,6,4,3,4638057,312865,9,4,42,2,1,1,260,638,1,4,2,61,0,0,0,0,0
201900012128,19,10,17,1594,5,7,7,2,4669480,-18821,2,4,25,3,4,2,507,252,8,7,2,8,0,0,0,0,0
201900012129,19,7,25,2220,5,2,3,3,4694360,24877,6,3,13,3,2,4,259,433,6,4,1,46,0,0,0,0,0
201900012130,19,12,18,1457,4,2,8,3,4537524,136290,7,1,8,2,2,1,588,97,8,1,3,2,0,0,0,0,0
201900012131,19,11,9,330,2,3,8,4,4960779,-53930,6,4,6,1,2,1,651,561,5,5,5,10,0,0,0,0,0
201900012132,19,7,4,1768,4,6,8,6,4582498,-229356,4,2,23,2,4,1,462,302,3,2,1,97,0,0,0,0,0
201900012133,19,3,26,1422,5,1,8,7,4806444,223747,8,1,42,2,1,3,531,722,2,5,2,37,0,0,0,0,0
201900012134,19,10,21,1560,1,3,6,6,4993870,386507,4,1,20,2,3,3,542,79,8,4,1,70,0,0,0,0,0
201900012135,19,3,26,591,2,2,4,4,4509348,36041,9,1,12,3,4,3,448,466,4,7,1,15,0,0,0,0,0
201900012136,19,4,21,2272,5,6,6,5,4790107,14649,6,3,52,1,3,3,298,364,4,5,5,61,0,0,0,0,0
201900012137,19,4,7,1945,3,1,1,2,4840851,208179,4,3,7,3,1,2,566,819,4,5,1,83,0,0,0,0,0
201900012138,19,2,28,1386,1,6,7,1,4515908,661000,6,4,44,3,2,1,87,249,6,4,2,26,0,0,0,0,0
201900012139,19,4,11,1929,5,8,3,1,4700024,-366876,4,2,34,2,4,4,708,186,7,4,5,88,0,0,0,0,0
201900012140,19,8,12,2183,3,4,9,6,4641852,502511,4,1,22,1,2,2,350,391,4,2,2,78,0,0,0,0,0
201900012141,19,2,12,768,4,3,3,1,4960049,-35000,3,4,48,3,1,1,819,342,3,5,3,98,0,0,0,0,0
201900012142,19,3,1,410,4,7,5,6,4468608,-393901,9,3,26,2,3,1,885,677,6,5,3,63,0,0,0,0,0
201900012143,19,7,13,1157,4,4,3,5,4474492,-373289,3,3,39,3,1,3,831,807,3,3,3,31,0,0,0,0,0
201900012144,19,10,3,1818,4,2,1,3,4682247,294447,9,3,28,3,2,4,285,53,7,2,4,88,0,0,0,0,0
201900012145,19,3,15,1875,3,8,1,6,4710505,-25033,3,3,4,1,4,1,560,760,3,7,1,67,0,0,0,0,0
201900012146,19,6,11,984,1,4,9,4,4881618,-170640,6,3,17,3,2,1,238,107,1,6,2,46,0,0,0,0,0
201900012147,19,2,23,1849,1,3,3,2,4764175,33231,4,2,35,3,2,3,530,224,9,7,3,74,0,0,0,0,0
201900012148,19,3,7,175,2,7,5,3,4615436,322938,7,4,20,3,4,4,358,262,2,7,2,54,0,0,0,0,0
201900012149,19,10,23,1680,1,6,1,6,4523553,89912,5,3,24,3,1,3,314,894,9,3,5,27,0,0,0,0,0
201900012150,19,10,14,1670,3,3,3,3,4753543,-265231,7,3,20,2,1,2,603,369,7,2,1,97,0,0,0,0,0
201900012151,19,5,10,272,4,9,1,5,4693861,79623,4,4,35,3,4,3,901,76,7,2,2,11,0,0,0,0,0
201900012152,19,2,4,955,3,1,6,3,4952282,412500,7,4,45,1,3,4,856,525,2,6,1,70,0,0,0,0,0
201900012153,19,1,21,1405,4,1,4,4,4595874,522512,9,2,0,1,3,1,736,869,9,4,4,28,0,0,0,0,0
201900012154,19,4,11,848,5,4,4,2,4450351,404331,4,4,6,1,2,4,829,286,5,5,1,78,0,0,0,0,0
201900012155,19,5,12,1509,5,7,5,7,4964377,89975,5,1,27,1,4,2,407,744,6,3,5,13,0,0,0,0,0
201900012156,19,10,4,1036,3,1,2,7,4841521,-18569,8,3,35,2,4,2,857,576,4,1,3,18,0,0,0,0,0
201900012157,19,11,8,863,2,3,8,5,4468053,344848,5,1,14,1,2,4,8,368,2,5,3,92,0,0,0,0,0
201900012158,19,1,2,378,3,6,8,2,4839212,304728,5,4,14,2,3,3,265,5,7,5,5,91,0,0,0,0,0
201900012159,19,8,19,134,1,6,9,5,4582500,-91787,3,2,24,2,1,3,275,730,3,2,1,3,0,0,0,0,0
201900012160,19,4,7,1249,1,9,3,2,4615569,-53706,5,3,31,3,1,2,286,295,4,6,3,22,0,0,0,0,0
201900012161,19,5,20,306,5,2,2,5,4724391,-313457,5,1,38,2,1,3,231,579,5,3,4,27,0,0,0,0,0
201900012162,19,1,5,667,1,9,7,3,4607158,597663,4,1,1,2,3,4,736,459,6,1,5,46,0,0,0,0,0
201900012163,19,3,11,194,4,1,7,5,4815726,467155,3,1,49,3,3,3,307,980,9,4,2,68,0,0,0,0,0
201900012164,19,10,16,1172,3,2,9,5,4953780,-360335,2,4,33,1,4,4,869,74,5,4,1,40,0,0,0,0,0
201900012165,19,6,20,1391,3,9,1,5,4423083,-340051,4,1,45,2,1,1,536,361,9,6,5,1,0,0,0,0,0
201900012166,19,2,16,2090,4,8,9,2,4835920,507512,7,4,32,2,3,2,489,776,5,5,3,33,0,0,0,0,0
201900012167,19,5,19,214,5,6,5,3,4498058,684620,7,1,46,2,3,1,256,910,1,7,2,69,0,0,0,0,0
201900012168,19,7,15,1876,4,5,2,7,4435356,267837,2,1,50,2,1,4,15,993,4,1,2,29,0,0,0,0,0
201900012169,19,3,9,616,5,3,1,1,4431516,64793,4,1,20,3,3,1,530,660,9,2,3,13,0,0,0,0,0
201900012170,19,6,22,877,4,3,3,1,4756534,437284,2,3,0,3,4,2,620,369,4,3,5,9,0,0,0,0,0
201900012171,19,7,9,62,3,6,7,7,4603949,-180852,9,1,21,2,1,2,5,966,9,1,3,44,0,0,0,0,0
201900012172,19,5,5,1822,4,2,9,3,4743993,242211,2,3,23,2,4,3,511,594,3,2,5,42,0,0,0,0,0
201900012173,19,7,5,604,5,7,4,5,4859864,177595,6,1,31,1,1,3,735,396,6,7,5,67,0,0,0,0,0
201900012174,19,4,16,2274,4,3,1,4,4921582,-288870,8,3,16,3,1,2,398,418,9,7,5,40,0,0,0,0,0
201900012175,19,4,6,801,1,6,1,6,4922890,-28291,5,3,7,2,2,4,172,343,6,5,1,59,0,0,0,0,0
201900012176,19,4,15,1313,2,7,4,5,4448949,121787,5,3,31,1,4,4,156,39,9,3,1,58,0,0,0,0,0
201900012177,19,7,6,2280,3,4,5,6,4625986,581550,6,2,49,1,2,2,875,549,9,5,2,51,0,0,0,0,0
201900012178,19,1,11,430,4,1,2,7,4991452,124909,1,4,20,3,1,4,280,529,9,4,1,72,0,0,0,0,0
201900012179,19,1,26,942,1,5,1,4,4797631,221529,5,2,10,1,4,4,543,114,3,4,4,42,0,0,0,0,0
201900012180,19,5,21,2263,1,5,3,7,4933286,611681,9,4,30,3,4,1,889,214,8,2,5,71,0,0,0,0,0
201900012181,19,4,8,32,4,9,7,3,4948652,-366250,4,4,48,3,2,1,390,743,6,6,5,17,0,0,0,0,0
201900012182,19,3,23,348,2,2,7,3,4846836,-381212,4,1,27,1,1,1,706,96,4,2,3,55,0,0,0,0,0
201900012183,19,1,16,720,5,7,6,3,4767610,109955,2,4,4,1,1,3,56,857,3,7,1,61,0,0,0,0,0
201900012184,19,4,13,1431,1,2,1,3,4785887,-275696,4,2,50,2,2,3,24,157,3,5,5,33,0,0,0,0,0
201900012185,19,3,13,562,5,2,1,1,4465600,47073,9,3,3,2,4,3,494,948,5,6,1,97,0,0,0,0,0
201900012186,19,10,24,1064,1,3,1,5,4540181,200437,3,2,5,2,1,3,227,240,4,1,1,77,0,0,0,0,0
201900012187,19,10,15,1978,5,8,4,7,4883472,-77143,9,1,36,1,4,3,1,239,7,2,2,41,0,0,0,0,0
201900012188,19,1,26,1932,3,3,7,7,4632573,518512,3,4,19,1,3,2,792,693,7,1,5,40,0,0,0,0,0
201900012189,19,9,28,1803,2,4,9,3,4589939,564466,1,3,29,2,4,4,289,114,2,3,5,55,0,0,0,0,0
201900012190,19,4,16,2157,2,7,1,4,4726681,-83242,4,3,5,3,2,3,610,740,1,2,4,39,0,0,0,0,0
201900012191,19,3,3,829,1,4,7,2,4940444,486805,1,1,43,1,2,2,217,966,3,4,5,52,0,0,0,0,0
201900012192,19,7,4,1518,2,8,3,5,4651954,319955,3,1,25,2,3,2,329,586,4,1,4,3,0,0,0,0,0
201900012193,19,6,24,1354,3,3,1,2,4832142,-18829,3,4,41,1,2,2,271,650,2,7,3,19,0,0,0,0,0
201900012194,19,11,28,1489,3,9,1,1,4427938,394324,1,3,3,1,1,1,260,391,6,4,2,88,0,0,0,0,0
201900012195,19,3,11,2008,2,3,7,5,4481250,569517,2,2,16,1,4,2,60,425,5,6,4,66,0,0,0,0,0
201900012196,19,10,14,1162,1,6,8,4,4518372,686127,3,1,1,1,4,4,577,821,4,1,3,97,0,0,0,0,0
201900012197,19,6,24,1232,2,3,7,6,4680125,-83822,1,2,51,2,2,3,345,804,2,7,3,18,0,0,0,0,0
201900012198,19,8,6,168,5,5,8,7,4633857,672787,5,3,8,1,1,2,432,472,8,6,1,31,0,0,0,0,0
201900012199,19,7,16,1787,5,9,6,6,4642957,417323,7,1,53,3,2,2,892,811,8,2,5,68,0,0,0,0,0
201900012200,19,4,26,1796,4,8,2,2,4775426,64526,4,4,30,2,2,4,798,849,1,3,4,96,0,0,0,0,0
201900012201,19,11,11,35,1,4,3,7,4575076,316911,5,3,31,3,4,3,273,602,7,1,4,69,0,0,0,0,0
201900012202,19,4,13,1368,2,7,2,5,4529654,-112104,3,3,6,1,1,2,751,920,5,3,1,55,0,0,0,0,0
201900012203,19,6,5,1247,4,7,3,3,4605236,-397246,3,4,17,1,1,2,675,301,6,3,5,62,0,0,0,0,0
201900012204,19,12,16,2331,4,3,5,1,4444234,616233,2,4,2,2,1,2,715,75,3,7,4,29,0,0,0,0,0
201900012205,19,3,9,134,4,4,7,2,4867762,652766,2,4,7,1,3,3,246,285,2,7,3,32,0,0,0,0,0
201900012206,19,4,25,501,5,3,8,2,4806290,-341503,6,2,1,1,4,4,532,689,2,4,1,67,0,0,0,0,0
201900012207,19,1,10,2040,2,7,4,6,4673835,-121355,9,3,9,1,3,3,107,235,4,2,2,94,0,0,0,0,0
201900012208,19,4,13,1291,2,8,2,7,4496752,357408,1,4,16,3,4,2,824,972,7,1,3,27,0,0,0,0,0
201900012209,19,5,16,22,2,8,1,6,4528098,647642,6,2,19,3,4,3,64,94,9,2,3,26,0,0,0,0,0
201900012210,19,10,7,1223,4,3,9,6,4798649,584257,4,4,25,1,3,2,482,116,1,5,2,7,0,0,0,0,0
201900012211,19,5,9,1899,4,7,1,1,4832179,357730,1,3,5,3,1,1,658,984,9,3,5,97,0,0,0,0,0
201900012212,19,5,4,69,2,4,4,1,4635054,551949,7,2,42,1,1,2,54,899,1,7,4,28,0,0,0,0,0
201900012213,19,11,15,1187,5,9,4,7,4916171,-257777,2,1,10,3,1,4,480,763,2,5,5,47,0,0,0,0,0
201900012214,19,10,22,1970,2,5,7,3,4766033,-87350,8,2,21,2,2,4,721,258,2,6,5,50,0,0,0,0,0
201900012215,19,5,18,815,4,3,8,5,4576586,-395902,2,1,21,1,1,1,676,511,2,7,4,59,0,0,0,0,0
201900012216,19,8,7,539,1,4,3,1,4474846,13991,9,4,43,1,3,1,853,278,5,2,3,77,0,0,0,0,0
201900012217,19,11,25,1890,4,5,5,1,4539356,-253528,8,1,37,1,2,2,207,277,3,7,4,56,0,0,0,0,0
201900012218,19,2,14,1837,4,4,8,4,4870616,-327017,9,3,2,2,2,3,717,386,2,4,5,93,0,0,0,0,0
201900012219,19,4,25,2105,5,6,2,7,4425635,185598,2,2,4,3,4,1,180,687,6,6,5,51,0,0,0,0,0
201900012220,19,2,19,616,3,4,8,5,4862249,206398,8,4,4,1,3,2,898,263,5,3,1,52,0,0,0,0,0
201900012221,19,2,17,620,1,4,1,3,4710947,328108,2,3,22,1,3,2,787,459,1,6,2,69,0,0,0,0,0
201900012222,19,9,2,1358,2,8,8,6,4410979,-186076,9,2,22,3,3,3,600,143,9,6,4,30,0,0,0,0,0
201900012223,19,12,14,152,4,2,1,1,4836645,109287,8,2,21,3,2,2,636,872,3,2,3,89,0,0,0,0,0
201900012224,19,6,22,1391,2,6,7,1,4443239,103404,2,4,46,3,3,4,34,660,2,4,2,39,0,0,0,0,0
201900012225,19,6,7,1758,3,6,2,6,4613600,-282441,6,2,45,3,2,1,99,513,8,7,5,43,0,0,0,0,0
201900012226,19,12,28,641,5,8,4,7,4561527,-382035,6,4,46,2,1,2,306,385,6,6,2,15,0,0,0,0,0
201900012227,19,6,17,394,2,4,5,3,4755094,16210,5,3,44,3,1,2,530,406,4,3,2,50,0,0,0,0,0
201900012228,19,1,28,41,2,3,7,4,4855816,-381536,9,4,41,3,3,3,118,72,6,6,3,5,0,0,0,0,0
201900012229,19,12,14,1823,5,2,6,1,4781346,-5984,1,2,28,2,3,3,573,194,8,5,3,90,0,0,0,0,0
201900012230,19,4,8,1326,3,8,1,5,4418695,-135781,2,1,36,2,1,4,914,490,6,6,2,46,0,0,0,0,0
201900012231,19,8,16,1763,2,3,8,7,4814413,223566,1,3,49,2,2,2,539,528,2,4,4,48,0,0,0,0,0
201900012232,19,1,22,14,2,3,9,4,4879795,-232315,5,1,4,3,4,1,590,802,5,5,3,63,0,0,0,0,0
201900012233,19,12,9,1918,5,2,2,2,4818017,-21555,5,3,13,1,3,2,76,602,9,6,4,82,0,0,0,0,0
201900012234,19,2,16,1184,5,6,9,2,4955343,-153348,8,1,4,2,3,3,522,660,3,6,1,65,0,0,0,0,0
201900012235,19,1,10,2164,2,2,5,6,4493225,220641,1,4,35,2,2,3,45,321,2,7,3,65,0,0,0,0,0
201900012236,19,12,8,1456,2,7,3,5,4864002,-211464,2,3,6,3,4,4,117,412,8,2,4,12,0,0,0,0,0
201900012237,19,8,18,435,5,6,2,6,4499240,-189338,3,4,17,1,4,3,723,422,8,5,5,4,0,0,0,0,0
201900012238,19,7,1,1555,5,3,7,4,4437445,377552,3,4,36,1,3,4,474,964,8,2,2,60,0,0,0,0,0
201900012239,19,3,1,1831,3,8,6,1,4696856,625111,2,4,26,3,2,3,357,7,3,1,1,87,0,0,0,0,0
201900012240,19,7,4,1906,3,8,3,4,4587079,105859,6,2,9,2,3,3,699,126,2,1,4,7,0,0,0,0,0
201900012241,19,10,16,1785,1,3,2,3,4840024,-311702,1,3,44,3,4,4,881,615,3,2,3,69,0,0,0,0,0
201900012242,19,4,19,532,5,2,8,4,4729424,-308953,6,1,18,3,1,1,571,557,8,6,4,0,0,0,0,0,0
201900012243,19,7,12,1306,1,8,6,5,4735958,-109284,7,3,25,3,2,4,265,518,2,1,2,21,0,0,0,0,0
201900012244,19,1,1,2096,1,3,7,3,4918067,245769,9,2,43,2,3,2,693,578,9,5,5,48,0,0,0,0,0
201900012245,19,10,22,1914,5,8,9,5,4740820,322395,6,1,30,3,1,4,686,761,2,5,3,89,0,0,0,0,0
201900012246,19,9,20,1750,3,7,9,5,4871657,400628,1,1,1,3,4,4,97,613,4,5,2,99,0,0,0,0,0
201900012247,19,5,1,1924,4,3,8,7,4956083,427128,2,3,22,3,3,1,252,557,4,6,2,88,0,0,0,0,0
201900012248,19,10,23,912,2,4,9,1,4666688,-124325,2,1,25,2,2,4,333,790,8,3,1,22,0,0,0,0,0
201900012249,19,8,12,1266,3,7,7,6,4405681,297857,5,3,5,3,3,3,782,663,6,2,2,28,0,0,0,0,0
201900012250,19,4,4,897,4,3,2,5,4756657,-157507,6,2,14,3,4,2,436,624,4,3,1,65,0,0,0,0,0
201900012251,19,3,4,852,5,9,9,5,4958260,-274117,1,1,21,3,4,3,484,78,7,1,5,81,0,0,0,0,0
201900012252,19,10,12,1996,2,4,7,4,4906133,-194280,2,2,47,1,1,4,41,226,9,1,1,66,0,0,0,0,0
201900012253,19,2,25,2270,5,8,6,1,4991707,199281,7,1,32,3,1,3,399,957,8,5,3,23,0,0,0,0,0
201900012254,19,12,18,1151,4,5,2,6,4815714,583810,4,4,12,2,4,1,79,608,7,7,1,3,0,0,0,0,0
201900012255,19,7,8,1398,1,4,7,4,4904590,333677,5,1,46,1,3,4,321,13,5,2,2,9,0,0,0,0,0
201900012256,19,7,18,1509,5,1,8,2,4543395,-128504,6,4,46,3,3,2,857,768,3,6,2,22,0,0,0,0,0
201900012257,19,8,14,457,5,4,3,7,4828167,496192,8,1,6,2,3,1,322,868,6,5,1,83,0,0,0,0,0
201900012258,19,2,10,142,2,3,1,6,4976231,506215,5,3,30,2,1,4,771,169,9,7,3,42,0,0,0,0,0
201900012259,19,2,2,1321,3,4,3,2,4945544,-90919,7,3,13,2,4,3,657,380,5,5,5,81,0,0,0,0,0
201900012260,19,1,18,1167,3,5,3,4,4586632,599265,5,4,27,1,3,4,862,657,1,1,3,73,0,0,0,0,0
201900012261,19,7,14,1914,4,9,3,3,4837818,694692,5,4,49,1,4,2,529,948,8,1,4,3,0,0,0,0,0
201900012262,19,11,28,586,4,2,6,3,4464137,-323098,1,3,35,3,1,4,622,749,1,7,5,36,0,0,0,0,0
201900012263,19,10,15,543,1,9,5,5,4780573,499587,3,1,33,2,4,2,539,616,7,2,4,0,0,0,0,0,0
201900012264,19,11,3,1632,5,7,5,6,4627270,-373974,4,3,39,2,4,4,769,853,4,2,4,98,0,0,0,0,0
201900012265,19,10,21,505,4,4,7,1,4494084,112270,5,3,37,2,3,3,492,36,8,6,2,64,0,0,0,0,0
201900012266,19,1,10,210,2,5,7,1,4726604,249405,7,4,0,3,2,4,495,651,1,7,2,64,0,0,0,0,0
201900012267,19,6,15,138,5,5,2,5,4975414,117462,4,3,33,1,4,3,774,308,4,4,2,93,0,0,0,0,0
201900012268,19,8,1,1970,5,7,8,7,4860089,-214175,3,3,9,1,1,3,751,849,1,3,4,85,0,0,0,0,0
201900012269,19,8,25,2084,3,5,3,1,4544816,-168171,8,1,35,2,2,3,36,846,8,1,4,33,0,0,0,0,0
201900012270,19,10,14,1780,5,2,5,6,4668859,160469,1,1,19,3,1,3,402,581,3,6,1,17,0,0,0,0,0
201900012271,19,7,11,1247,3,7,6,3,4884799,149770,6,4,2,1,4,4,572,117,1,6,4,41,0,0,0,0,0
201900012272,19,6,27,1887,3,1,2,2,4588907,293315,6,1,8,2,3,2,331,437,3,2,3,3,0,0,0,0,0
201900012273,19,12,18,541,1,7,7,4,4975092,-129758,4,4,25,1,1,4,636,317,9,4,2,38,0,0,0,0,0
201900012274,19,4,8,9,1,5,1,1,4729149,-338170,9,1,51,3,2,4,801,421,3,3,1,8,0,0,0,0,0
201900012275,19,2,18,689,3,3,9,1,4548823,576650,3,1,26,2,1,4,881,579,3,4,5,46,0,0,0,0,0
201900012276,19,10,20,54,4,3,4,7,4662184,638490,5,3,39,3,4,4,467,915,9,3,3,33,0,0,0,0,0
201900012277,19,10,22,1055,4,7,3,2,4450005,-161827,8,2,42,1,3,1,193,192,3,7,4,2,0,0,0,0,0
201900012278,19,7,19,722,3,5,2,2,4963122,-52697,3,2,51,2,1,4,243,228,2,3,3,46,0,0,0,0,0
201900012279,19,10,1,159,2,6,7,7,4567399,412086,3,2,12,3,1,1,390,311,7,6,1,22,0,0,0,0,0
201900012280,19,10,9,376,4,9,7,2,4789888,62752,6,3,23,2,3,3,297,756,3,2,4,84,0,0,0,0,0
201900012281,19,10,11,265,1,6,8,2,4885214,119678,1,3,2,2,4,3,2,409,2,5,5,43,0,0,0,0,0
201900012282,19,5,16,2212,1,8,1,2,4631314,344488,2,4,27,2,2,4,297,878,9,4,2,57,0,0,0,0,0
201900012283,19,7,14,485,4,8,8,7,4708391,459290,8,3,31,1,1,3,772,996,3,3,2,96,0,0,0,0,0
201900012284,19,8,1,535,2,7,3,2,4483188,637459,4,4,29,3,4,2,533,914,3,1,2,54,0,0,0,0,0
201900012285,19,1,27,2325,4,2,3,2,4880185,-40830,3,3,22,1,3,3,518,335,7,5,1,59,0,0,0,0,0
201900012286,19,7,8,204,4,6,6,1,4838912,516880,6,3,2,1,1,1,781,504,5,7,1,46,0,0,0,0,0
201900012287,19,2,10,1494,2,3,5,3,4493430,-112259,7,1,31,3,4,1,179,590,9,1,4,78,0,0,0,0,0
201900012288,19,9,17,1404,3,2,4,4,4880161,103697,5,2,31,1,3,2,24,73,8,5,2,83,0,0,0,0,0