Num_Acc,an,mois,jour,hrmn,lum,int,atm,col,lat,long,catr,circ,nbv,vosp,prof,plan,lartpc,larrout,surf,infra,situ,env1,unscathed,killed,hospital,light,chance
201900012289,19,6,20,971,4,3,4,1,4549523,-25518,3,1,52,1,4,2,549,323,2,3,2,48,0,0,0,0,0
201900012290,19,10,19,1493,4,2,9,4,4874711,520049,8,1,39,1,4,2,216,380,3,3,1,13,0,0,0,0,0
201900012291,19,4,8,455,4,1,8,7,4654520,243983,1,3,28,2,1,1,65,532,9,4,4,20,0,0,0,0,0
201900012292,19,12,14,1399,1,4,3,2,4760130,225843,9,3,7,2,3,2,542,177,4,2,2,80,0,0,0,0,0
201900012293,19,8,23,1076,4,3,3,3,4726646,324594,1,4,42,1,2,4,675,687,5,5,5,53,0,0,0,0,0
201900012294,19,10,27,2156,2,5,5,7,4418255,-320681,6,2,2,2,2,1,604,338,1,7,5,37,0,0,0,0,0
201900012295,19,2,28,1560,5,8,8,4,4615603,638265,5,4,37,3,3,1,383,282,4,2,2,46,0,0,0,0,0
201900012296,19,5,20,1411,4,8,2,5,4796266,-163406,1,3,34,3,3,3,748,796,4,3,1,47,0,0,0,0,0
201900012297,19,4,20,697,5,6,8,2,4718095,-163233,3,2,41,3,2,3,328,424,9,1,1,54,0,0,0,0,0
201900012298,19,11,15,80,5,8,1,7,4560096,-133486,1,4,28,2,1,3,211,786,6,2,5,9,0,0,0,0,0
201900012299,19,8,25,1717,4,3,7,1,4745427,106064,5,4,38,2,2,4,770,277,8,7,3,56,0,0,0,0,0
201900012300,19,6,9,1109,1,5,7,7,4570743,17979,7,4,28,1,4,4,421,78,9,2,2,3,0,0,0,0,0
201900012301,19,8,25,261,5,7,7,3,4987450,635743,9,4,16,3,2,1,776,443,9,3,1,31,0,0,0,0,0
201900012302,19,7,4,2288,2,3,8,3,4715478,357271,7,1,22,1,2,3,402,578,7,5,5,55,0,0,0,0,0
201900012303,19,8,15,2222,3,6,4,2,4871572,69084,9,4,13,3,2,1,360,176,6,6,5,34,0,0,0,0,0
201900012304,19,8,10,560,3,7,1,2,4843007,27217,6,2,29,1,2,4,573,585,2,5,3,35,0,0,0,0,0
201900012305,19,7,7,1756,1,2,9,6,4491647,-318524,7,2,2,3,1,4,518,583,6,7,2,27,0,0,0,0,0
201900012306,19,11,5,468,5,6,1,6,4433187,418839,8,2,19,2,2,1,540,504,8,6,1,72,0,0,0,0,0
201900012307,19,10,17,5,2,1,9,4,4415686,189135,6,4,4,2,4,2,56,393,4,3,1,83,0,0,0,0,0
201900012308,19,5,21,1027,5,6,8,7,4956710,-7735,4,4,45,1,2,2,472,90,3,6,2,81,0,0,0,0,0
201900012309,19,10,11,188,1,3,8,5,4519347,170182,1,1,0,1,3,4,546,81,4,1,2,13,0,0,0,0,0
201900012310,19,6,11,752,3,9,4,4,4810383,317671,7,2,22,1,3,4,150,242,2,3,1,33,0,0,0,0,0
201900012311,19,6,25,2329,1,1,9,2,4713061,433928,3,2,5,2,4,3,214,769,6,3,1,38,0,0,0,0,0
201900012312,19,5,20,791,3,9,6,4,4727950,453462,4,3,22,3,1,1,464,24,7,2,5,54,0,0,0,0,0
201900012313,19,9,10,1795,1,2,7,3,4410552,-279271,1,2,26,1,3,1,883,829,3,5,3,63,0,0,0,0,0
201900012314,19,12,13,858,3,2,1,6,4838910,-347001,7,4,41,1,1,1,468,506,8,3,5,46,0,0,0,0,0
201900012315,19,1,24,751,5,1,2,2,4745588,162928,7,1,0,1,3,3,782,893,9,2,5,31,0,0,0,0,0
201900012316,19,12,8,700,2,1,5,2,4764037,74289,6,1,47,3,3,4,391,10,1,2,1,59,0,0,0,0,0
201900012317,19,1,4,416,4,9,6,4,4728574,-69209,9,4,38,2,3,2,450,158,8,7,2,90,0,0,0,0,0
201900012318,19,4,14,957,3,2,9,2,4624531,409830,4,2,17,3,2,4,196,43,7,4,3,71,0,0,0,0,0
201900012319,19,7,22,1712,4,1,3,5,4436461,-45391,1,4,6,1,1,2,651,251,4,7,3,10,0,0,0,0,0
201900012320,19,9,3,770,5,2,5,6,4832021,349249,8,3,5,3,1,1,708,868,4,1,1,36,0,0,0,0,0
201900012321,19,5,19,1132,5,3,9,5,4765278,31791,8,2,50,3,2,3,14,710,2,3,1,46,0,0,0,0,0
201900012322,19,1,28,1416,1,8,9,7,4548135,625745,2,4,13,3,4,2,336,53,1,6,4,43,0,0,0,0,0
201900012323,19,9,26,260,3,6,7,1,4602058,557311,7,4,24,2,4,1,351,93,2,4,3,80,0,0,0,0,0
201900012324,19,10,7,529,2,2,9,6,4590500,92269,7,4,17,1,1,1,486,887,8,1,2,57,0,0,0,0,0
201900012325,19,4,13,504,2,3,9,3,4494623,367570,6,1,33,2,2,4,619,327,2,7,2,23,0,0,0,0,0
201900012326,19,10,25,1798,1,8,3,2,4553451,402852,3,3,45,2,3,3,504,3,2,7,5,57,0,0,0,0,0
201900012327,19,9,11,2250,5,3,2,4,4579822,440673,7,2,10,1,3,2,811,244,8,1,2,44,0,0,0,0,0
201900012328,19,11,19,1386,3,2,4,5,4476168,612002,7,1,50,3,2,3,133,870,2,1,4,83,0,0,0,0,0
201900012329,19,4,3,1851,4,9,8,3,4659523,93992,7,1,9,3,2,2,876,256,5,5,4,2,0,0,0,0,0
201900012330,19,5,19,677,5,9,1,1,4866376,358983,7,1,2,3,2,2,392,134,9,6,2,74,0,0,0,0,0
201900012331,19,1,2,1592,1,2,9,3,4762511,659841,5,1,40,2,2,3,777,907,9,6,4,61,0,0,0,0,0
201900012332,19,11,4,1839,4,8,8,5,4830694,69627,4,4,14,2,2,3,92,781,9,7,4,79,0,0,0,0,0
201900012333,19,4,10,998,3,9,2,2,4617484,-200011,5,4,40,1,3,3,737,226,3,2,1,99,0,0,0,0,0
201900012334,19,8,25,2250,1,7,7,3,4554593,-43735,4,4,8,1,3,1,450,259,7,7,3,93,0,0,0,0,0
201900012335,19,9,26,789,1,7,9,2,4878303,674749,7,1,50,3,1,3,465,214,8,3,4,62,0,0,0,0,0
201900012336,19,1,2,1826,5,2,4,2,4754068,657417,5,1,2,2,1,1,766,827,2,7,3,51,0,0,0,0,0
201900012337,19,5,27,1724,3,3,4,7,4925270,553192,9,2,3,2,4,1,519,336,3,3,3,48,0,0,0,0,0
201900012338,19,2,1,719,1,6,2,2,4508935,-50156,1,1,43,3,1,2,307,265,2,2,1,6,0,0,0,0,0
201900012339,19,2,4,597,2,6,1,7,4474657,494939,3,3,45,2,4,4,165,739,5,6,2,88,0,0,0,0,0
201900012340,19,9,8,782,4,6,5,4,4514969,-120820,2,2,47,1,4,3,368,763,6,4,4,0,0,0,0,0,0
201900012341,19,12,14,2070,1,7,9,1,4426310,244776,7,2,32,3,1,1,482,843,3,6,4,38,0,0,0,0,0
201900012342,19,6,5,1784,1,2,7,7,4837868,-348816,3,3,39,2,1,4,180,862,5,4,1,36,0,0,0,0,0
201900012343,19,8,15,54,5,5,7,6,4501201,-147956,2,4,33,1,3,2,65,245,8,4,4,11,0,0,0,0,0
201900012344,19,1,1,1016,5,1,7,5,4701215,86772,4,1,36,1,1,3,602,599,1,7,1,29,0,0,0,0,0
201900012345,19,8,28,1116,3,1,2,7,4558779,482489,5,1,40,3,3,4,796,834,4,4,1,21,0,0,0,0,0
201900012346,19,5,11,768,3,2,6,7,4907513,669752,9,2,51,2,3,4,45,395,4,6,3,97,0,0,0,0,0
201900012347,19,10,28,1101,1,4,4,5,4516087,-183785,5,2,32,1,1,3,162,326,3,7,4,4,0,0,0,0,0
201900012348,19,8,2,518,1,9,6,3,4955699,330535,5,1,41,2,1,4,0,961,3,3,1,18,0,0,0,0,0
201900012349,19,9,3,436,1,9,7,1,4688214,-188831,4,4,9,2,3,4,846,91,3,7,3,69,0,0,0,0,0
201900012350,19,1,17,942,4,7,1,6,4624729,-117598,8,2,41,3,3,1,773,681,2,7,4,99,0,0,0,0,0
201900012351,19,7,25,1996,3,5,1,4,4996249,692750,9,2,39,1,4,1,282,217,7,3,5,58,0,0,0,0,0
201900012352,19,4,18,1500,3,3,4,4,4638577,288000,6,3,27,1,2,3,33,665,1,3,3,53,0,0,0,0,0
201900012353,19,2,17,2291,5,3,7,1,4616698,92470,2,1,23,3,1,3,245,61,6,1,2,56,0,0,0,0,0
201900012354,19,9,16,677,1,6,8,3,4400677,316611,3,1,17,2,2,4,296,43,5,5,1,40,0,0,0,0,0
201900012355,19,10,2,1464,1,1,4,6,4892257,371386,9,1,40,2,2,1,908,191,8,1,5,36,0,0,0,0,0
201900012356,19,6,3,1705,2,8,2,4,4899958,-167111,3,4,23,3,2,3,66,503,8,7,1,62,0,0,0,0,0
201900012357,19,8,15,762,4,1,3,5,4914193,434326,1,1,22,1,1,1,228,915,7,3,4,54,0,0,0,0,0
201900012358,19,8,13,362,4,5,6,6,4487696,91337,8,1,8,2,3,2,202,250,9,1,4,23,0,0,0,0,0
201900012359,19,9,24,1330,5,9,1,4,4422331,142021,8,2,12,1,1,2,781,139,8,7,3,39,0,0,0,0,0
201900012360,19,11,5,1474,4,4,6,4,4710531,146422,1,1,7,2,1,2,79,93,6,4,2,94,0,0,0,0,0
201900012361,19,8,22,1120,1,8,8,1,4772123,467441,6,4,2,2,2,1,121,899,3,4,2,38,0,0,0,0,0
201900012362,19,1,23,2188,4,4,2,7,4515780,-143106,2,2,51,3,3,4,541,76,1,5,3,77,0,0,0,0,0
201900012363,19,2,8,1247,4,7,4,1,4711371,-363666,1,4,21,3,1,3,775,714,6,2,4,29,0,0,0,0,0
201900012364,19,6,11,1526,5,3,3,3,4674973,542339,8,2,15,1,2,4,576,592,3,1,4,34,0,0,0,0,0
201900012365,19,2,22,508,3,7,4,3,4575604,-239461,4,2,14,3,3,4,290,759,9,3,3,20,0,0,0,0,0
201900012366,19,2,10,2143,2,6,6,6,4739225,90840,9,1,1,3,3,3,425,650,8,3,2,94,0,0,0,0,0
201900012367,19,10,14,1029,4,9,6,6,4473198,55990,1,3,19,3,4,2,789,261,8,7,1,64,0,0,0,0,0
201900012368,19,1,6,1196,5,4,7,5,4798173,603903,5,2,47,1,2,4,160,478,2,5,2,41,0,0,0,0,0
201900012369,19,10,11,1504,2,9,9,2,4492642,-291274,9,2,44,2,4,2,322,468,2,7,1,73,0,0,0,0,0
201900012370,19,9,22,2112,5,1,2,4,4765436,648691,8,2,22,1,2,1,511,306,2,4,3,53,0,0,0,0,0
201900012371,19,11,3,502,5,4,7,4,4615513,411412,1,3,52,2,3,2,34,879,3,5,4,71,0,0,0,0,0
201900012372,19,11,17,575,2,4,7,3,4658490,343455,1,2,51,1,4,2,813,561,2,4,2,57,0,0,0,0,0
201900012373,19,7,14,1796,1,7,4,3,4462511,191395,2,1,9,3,1,4,487,737,5,3,1,96,0,0,0,0,0
201900012374,19,1,2,942,4,8,1,7,4418578,194362,3,1,0,3,1,3,47,402,3,4,5,49,0,0,0,0,0
201900012375,19,4,23,1985,4,6,7,6,4509683,300319,9,3,46,1,4,3,846,598,8,1,2,11,0,0,0,0,0
201900012376,19,11,4,267,3,4,4,2,4459252,-161429,2,3,14,2,3,3,611,662,8,7,3,7,0,0,0,0,0
201900012377,19,9,1,423,4,6,1,5,4878380,4191,7,2,46,2,2,4,320,164,8,6,1,11,0,0,0,0,0
201900012378,19,8,28,1720,3,9,9,7,4874574,49261,8,1,46,3,4,1,332,585,8,6,2,35,0,0,0,0,0
201900012379,19,2,9,410,1,5,5,5,4945140,340746,4,2,33,3,4,3,397,178,9,3,1,8,0,0,0,0,0
201900012380,19,4,17,778,3,7,9,1,4846103,-46998,4,4,32,2,3,3,229,41,5,6,4,85,0,0,0,0,0
201900012381,19,2,2,1079,1,2,9,1,4678935,-317709,3,2,31,1,1,1,378,868,3,3,5,75,0,0,0,0,0
201900012382,19,2,25,1335,1,7,2,7,4651928,654658,3,4,16,2,2,2,351,813,9,7,3,89,0,0,0,0,0
201900012383,19,5,16,807,5,5,3,3,4557877,-378799,2,2,40,2,3,3,911,198,3,5,2,6,0,0,0,0,0
201900012384,19,1,9,961,1,6,1,4,4967748,35279,2,2,19,3,2,2,603,676,9,5,5,64,0,0,0,0,0
201900012385,19,2,24,1189,4,2,6,1,4445175,303151,8,2,3,3,3,3,688,974,6,4,2,56,0,0,0,0,0
201900012386,19,12,6,1205,5,5,5,4,4449673,260448,5,3,41,3,4,2,414,503,8,1,1,38,0,0,0,0,0
201900012387,19,4,28,445,5,2,3,5,4969124,222403,2,2,20,2,1,4,482,834,4,3,1,52,0,0,0,0,0
201900012388,19,5,20,766,1,9,7,5,4613200,-43535,3,4,2,3,2,4,538,9,6,3,2,12,0,0,0,0,0
201900012389,19,10,14,1652,2,9,8,3,4942034,466316,4,2,47,1,2,4,434,92,8,4,5,57,0,0,0,0,0
201900012390,19,1,19,968,2,9,9,7,4871811,186287,6,4,41,2,3,4,588,631,1,4,3,64,0,0,0,0,0
201900012391,19,2,18,1511,5,1,3,6,4721498,-366059,5,4,31,2,2,3,670,983,8,1,4,72,0,0,0,0,0
201900012392,19,4,24,787,3,5,6,5,4549071,113561,5,1,6,1,2,4,814,61,9,4,4,76,0,0,0,0,0
201900012393,19,9,8,1501,4,8,4,3,4584672,642243,6,2,36,2,4,3,252,191,4,4,4,20,0,0,0,0,0
201900012394,19,7,13,434,1,8,5,1,4612675,-65343,7,4,4,1,4,3,2,489,1,2,4,85,0,0,0,0,0
201900012395,19,3,10,1722,2,9,2,2,4668215,173306,1,2,15,3,1,3,136,664,3,3,3,32,0,0,0,0,0
201900012396,19,11,1,264,3,5,9,4,4575325,-245048,2,4,16,1,2,2,580,598,1,2,3,31,0,0,0,0,0
201900012397,19,6,9,591,1,1,1,2,4793555,230426,9,2,42,1,4,4,913,865,4,7,1,34,0,0,0,0,0
201900012398,19,2,27,427,2,6,4,2,4623176,-141430,7,2,33,3,4,4,228,393,6,2,4,6,0,0,0,0,0
201900012399,19,11,25,618,1,5,9,3,4750769,334180,3,1,21,2,3,3,242,794,8,1,4,90,0,0,0,0,0
201900012400,19,8,26,1736,5,4,4,5,4898108,416335,3,2,44,2,2,1,414,759,5,7,3,85,0,0,0,0,0
201900012401,19,5,18,220,3,3,7,7,4811839,-44029,5,2,22,3,1,1,461,809,5,5,2,53,0,0,0,0,0
201900012402,19,11,2,1461,1,2,8,3,4499253,-41697,3,1,14,3,3,4,893,576,5,3,4,38,0,0,0,0,0
201900012403,19,7,21,979,2,5,2,2,4727189,479831,8,3,12,1,2,2,903,24,5,5,5,34,0,0,0,0,0
201900012404,19,12,16,529,4,3,1,4,4621974,-124150,8,3,44,2,2,2,85,708,5,4,1,33,0,0,0,0,0
201900012405,19,4,18,74,2,8,4,7,4532034,652393,7,4,53,2,2,2,581,635,5,2,2,15,0,0,0,0,0
201900012406,19,6,3,2099,2,6,6,3,4462770,25248,9,4,1,2,2,2,688,714,2,3,1,1,0,0,0,0,0
201900012407,19,8,12,1854,1,9,5,1,4807354,278523,7,3,2,1,4,4,330,770,2,5,1,80,0,0,0,0,0
201900012408,19,4,4,171,4,8,7,7,4437508,32258,4,4,1,3,4,1,141,290,3,7,5,62,0,0,0,0,0
201900012409,19,11,26,1396,5,7,6,2,4839029,-20384,1,4,9,1,3,3,27,447,6,1,4,0,0,0,0,0,0
201900012410,19,3,25,2137,3,4,6,7,4847323,596622,5,3,50,2,2,3,581,589,6,5,3,46,0,0,0,0,0
201900012411,19,12,12,856,4,5,7,2,4643787,232247,4,3,42,1,4,2,25,807,3,4,1,43,0,0,0,0,0
201900012412,19,8,27,1091,5,3,3,4,4618495,-361211,1,2,51,1,3,2,25,709,6,2,1,51,0,0,0,0,0
201900012413,19,7,27,1778,5,8,9,7,4587174,-396855,7,4,39,3,2,2,453,913,5,3,1,60,0,0,0,0,0
201900012414,19,9,8,1297,3,7,4,2,4864561,455906,8,1,50,3,1,4,66,578,6,6,3,34,0,0,0,0,0
201900012415,19,5,22,439,3,4,6,7,4726210,586573,8,3,1,1,4,3,41,809,3,1,4,15,0,0,0,0,0
201900012416,19,9,14,2009,1,7,2,7,4531911,-25402,5,3,2,1,3,4,242,30,8,2,1,38,0,0,0,0,0
201900012417,19,3,15,1071,4,9,7,2,4421263,-225313,4,2,2,1,1,3,300,500,7,4,4,98,0,0,0,0,0
201900012418,19,9,19,1717,4,3,1,2,4605336,537444,7,3,4,3,3,4,332,404,5,1,5,29,0,0,0,0,0
201900012419,19,10,18,334,4,2,8,5,4560791,409666,2,4,1,3,4,2,712,244,1,5,3,38,0,0,0,0,0
201900012420,19,1,10,1750,1,1,9,4,4871152,-55633,1,2,14,2,2,4,448,36,3,2,3,28,0,0,0,0,0
201900012421,19,6,1,2188,2,2,9,6,4656082,384287,5,2,48,3,2,4,14,920,1,7,3,76,0,0,0,0,0
201900012422,19,11,20,2231,1,6,6,3,4797499,190417,6,1,1,2,2,3,319,140,5,7,3,96,0,0,0,0,0
201900012423,19,12,16,929,5,1,2,6,4963563,-139126,3,3,8,1,3,4,92,878,3,4,5,14,0,0,0,0,0
201900012424,19,11,12,945,2,3,8,1,4996819,58184,1,1,40,3,4,3,475,241,9,1,3,1,0,0,0,0,0
201900012425,19,7,5,1780,3,7,7,3,4614277,643489,2,4,16,2,2,3,751,896,7,4,3,82,0,0,0,0,0
201900012426,19,7,21,1330,3,1,3,4,4968334,587745,8,2,45,2,2,1,31,738,1,5,3,53,0,0,0,0,0
201900012427,19,3,12,1244,4,6,7,2,4588344,-397486,7,1,2,3,2,4,161,811,6,4,2,26,0,0,0,0,0
201900012428,19,2,6,2196,1,3,7,6,4783647,543634,9,1,6,1,3,2,394,845,4,5,3,76,0,0,0,0,0
201900012429,19,6,17,78,5,1,4,2,4860993,-256499,9,1,27,3,4,4,743,417,1,7,5,56,0,0,0,0,0
201900012430,19,11,12,1893,4,5,8,6,4616597,-261010,5,3,19,1,1,2,240,207,2,7,3,78,0,0,0,0,0
201900012431,19,8,2,408,3,8,6,2,4728212,-279513,7,3,52,2,2,3,785,702,8,3,2,61,0,0,0,0,0
201900012432,19,10,1,2014,2,6,2,7,4606401,607586,2,4,16,2,4,2,836,955,3,3,1,86,0,0,0,0,0
201900012433,19,4,23,1527,4,1,2,7,4505964,639811,7,1,4,2,3,4,844,98,5,1,5,82,0,0,0,0,0
201900012434,19,11,9,136,3,2,4,1,4693057,122206,7,4,29,2,2,2,317,108,5,1,3,86,0,0,0,0,0
201900012435,19,8,22,1340,2,4,1,4,4718220,158688,8,3,32,1,3,4,142,113,7,5,2,13,0,0,0,0,0
201900012436,19,1,6,917,3,6,3,5,4610191,-163799,2,1,25,2,3,3,206,882,9,6,5,66,0,0,0,0,0
201900012437,19,4,18,26,4,1,4,5,4626896,-166938,7,4,0,1,1,3,661,575,3,3,2,18,0,0,0,0,0
201900012438,19,9,13,2237,4,8,3,3,4846225,239887,1,4,12,1,2,2,322,37,7,6,4,88,0,0,0,0,0
201900012439,19,5,21,1432,5,9,6,5,4713429,10531,1,4,38,1,4,4,79,592,7,2,2,19,0,0,0,0,0
201900012440,19,3,21,1311,1,7,1,3,4787904,276705,7,3,23,3,1,3,237,773,9,1,5,68,0,0,0,0,0
201900012441,19,2,13,327,5,8,7,1,4651997,655881,6,2,25,3,4,3,682,511,7,6,5,71,0,0,0,0,0
201900012442,19,8,14,203,2,7,3,6,4671282,-246583,3,2,34,2,2,4,451,696,2,4,2,30,0,0,0,0,0
201900012443,19,5,23,1852,5,9,1,5,4856842,-56087,8,2,18,2,2,1,611,705,8,2,2,21,0,0,0,0,0
201900012444,19,4,28,591,3,5,5,7,4747226,389483,8,4,49,1,1,1,149,490,4,2,1,52,0,0,0,0,0
201900012445,19,2,11,551,5,1,2,7,4821527,324364,4,3,4,1,1,4,533,915,1,5,1,98,0,0,0,0,0
201900012446,19,7,1,2249,5,4,1,7,4653048,-251769,8,4,32,3,1,1,360,503,8,5,2,38,0,0,0,0,0
201900012447,19,6,6,1819,1,3,2,1,4583480,242700,2,1,52,1,3,3,206,87,1,2,3,60,0,0,0,0,0
201900012448,19,5,3,320,5,6,6,1,4838847,-197869,4,2,0,3,2,3,147,496,9,1,1,76,0,0,0,0,0
201900012449,19,6,21,1988,5,6,9,7,4995562,321265,2,2,31,1,3,4,456,968,2,4,4,11,0,0,0,0,0
201900012450,19,4,14,951,2,4,9,1,4893761,652829,6,2,1,2,4,4,909,781,4,7,3,29,0,0,0,0,0
201900012451,19,7,24,865,5,9,4,3,4661329,-186580,5,1,49,1,1,3,647,30,4,2,5,16,0,0,0,0,0
201900012452,19,1,7,810,3,7,1,7,4877766,457692,7,4,3,2,3,3,397,773,9,6,1,62,0,0,0,0,0
201900012453,19,12,3,1797,1,4,9,7,4870875,-212321,6,4,14,2,4,4,668,259,1,6,5,35,0,0,0,0,0
201900012454,19,12,17,573,5,4,4,1,4439554,164148,9,3,11,2,2,2,5,334,5,5,2,21,0,0,0,0,0
201900012455,19,9,13,996,4,5,7,7,4815337,293026,9,4,11,3,3,2,915,432,8,2,5,71,0,0,0,0,0
201900012456,19,1,22,1323,2,4,6,3,4725528,420598,7,1,33,1,3,1,25,135,9,2,4,1,0,0,0,0,0
201900012457,19,2,14,1556,2,1,7,2,4450756,-219081,5,2,22,1,3,1,407,528,2,6,3,72,0,0,0,0,0
201900012458,19,7,24,188,2,2,5,4,4966111,662903,3,1,12,1,3,1,0,21,2,3,1,73,0,0,0,0,0
201900012459,19,10,4,998,4,1,2,7,4655495,99963,6,2,14,2,3,2,369,690,4,1,3,36,0,0,0,0,0
201900012460,19,4,23,1998,4,5,6,3,4972089,429583,2,4,40,3,1,4,463,679,2,7,3,79,0,0,0,0,0
201900012461,19,3,9,2359,2,1,8,7,4846896,-104705,7,4,23,1,1,1,396,272,4,3,4,4,0,0,0,0,0
201900012462,19,3,26,389,4,5,3,4,4671942,156476,9,4,51,3,3,3,582,219,6,7,3,18,0,0,0,0,0
201900012463,19,1,14,1853,3,9,7,7,4440189,497954,1,2,52,3,2,4,207,629,7,5,4,29,0,0,0,0,0
201900012464,19,1,16,1436,1,6,7,7,4801224,-54103,9,1,40,1,1,3,716,823,5,5,2,25,0,0,0,0,0
201900012465,19,11,8,1522,2,2,1,2,4879071,564033,5,3,41,1,3,3,453,564,4,6,2,88,0,0,0,0,0
201900012466,19,1,4,1459,2,8,9,5,4917166,622960,2,1,34,1,3,4,615,625,6,3,3,96,0,0,0,0,0
201900012467,19,9,8,278,5,4,1,5,4912225,526523,8,2,39,1,2,2,261,707,6,7,1,86,0,0,0,0,0
201900012468,19,8,3,1469,2,8,8,3,4912135,-376702,8,2,43,2,3,1,142,436,7,6,5,91,0,0,0,0,0
201900012469,19,2,19,1798,4,7,1,7,4408188,-379106,5,3,53,2,3,2,617,52,8,5,4,17,0,0,0,0,0
201900012470,19,6,1,2131,4,5,3,5,4995570,259125,8,1,42,1,3,1,153,429,7,3,5,36,0,0,0,0,0
201900012471,19,8,9,2084,3,4,9,6,4587196,399483,9,1,47,1,3,2,803,34,1,7,3,41,0,0,0,0,0
201900012472,19,1,17,1751,2,4,4,5,4732401,227464,9,3,47,1,1,4,671,540,3,5,1,55,0,0,0,0,0
201900012473,19,2,1,557,1,1,6,1,4738954,-239747,1,1,5,1,4,4,759,61,1,5,1,78,0,0,0,0,0
201900012474,19,11,2,1590,3,7,9,1,4601292,218668,2,4,26,3,4,1,7,364,8,7,5,78,0,0,0,0,0
201900012475,19,6,13,496,2,5,9,2,4891811,357568,1,1,28,3,1,1,299,487,6,1,3,13,0,0,0,0,0
201900012476,19,1,3,2278,2,5,4,2,4711534,635259,5,3,51,2,2,1,182,258,2,1,4,63,0,0,0,0,0
201900012477,19,7,8,1931,1,1,6,5,4607898,-249657,8,2,9,1,1,1,431,62,9,2,4,12,0,0,0,0,0
201900012478,19,10,21,2023,3,8,4,4,4871135,-106863,2,1,21,1,4,3,697,692,8,7,1,52,0,0,0,0,0
201900012479,19,12,9,287,5,8,2,7,4820691,512838,2,3,9,2,4,3,862,177,9,2,1,89,0,0,0,0,0
201900012480,19,9,25,495,2,8,8,5,4438947,369730,7,4,7,2,1,4,697,360,9,5,3,65,0,0,0,0,0
201900012481,19,10,20,1524,2,2,4,5,4766837,437805,9,1,41,3,3,4,638,86,2,7,5,84,0,0,0,0,0
201900012482,19,4,14,1482,2,7,2,3,4616577,-344619,7,2,7,2,4,2,438,840,5,2,4,46,0,0,0,0,0
201900012483,19,6,18,973,5,4,9,4,4533915,282848,7,3,33,2,4,4,319,547,7,5,1,49,0,0,0,0,0
201900012484,19,1,15,1442,2,9,7,5,4628860,137896,3,3,41,3,4,3,782,711,9,3,1,46,0,0,0,0,0
201900012485,19,8,9,1685,4,6,6,2,4669467,604171,4,1,21,3,1,1,713,931,8,7,2,25,0,0,0,0,0
201900012486,19,3,23,1377,1,6,2,4,4833684,-11570,8,4,17,3,1,1,98,772,2,4,3,84,0,0,0,0,0
201900012487,19,11,2,2020,4,6,6,3,4868528,-120130,5,4,29,2,4,4,449,504,5,4,2,91,0,0,0,0,0
201900012488,19,1,2,2290,2,7,8,3,4657068,607874,5,1,32,1,2,2,556,350,3,7,2,41,0,0,0,0,0
201900012489,19,3,13,658,1,5,8,7,4458734,280846,3,4,9,1,1,3,78,802,3,6,5,55,0,0,0,0,0
201900012490,19,12,5,1208,4,8,9,3,4870337,-154182,6,2,22,1,2,3,756,918,3,3,1,93,0,0,0,0,0
201900012491,19,2,6,177,5,2,2,2,4668806,338785,3,1,30,3,3,3,144,233,2,3,1,65,0,0,0,0,0
201900012492,19,2,10,2167,4,5,3,5,4963096,306352,8,4,20,3,1,2,630,602,1,1,1,20,0,0,0,0,0
201900012493,19,4,2,383,1,7,9,1,4971356,364562,4,1,9,1,1,3,470,675,2,2,3,76,0,0,0,0,0
201900012494,19,8,8,799,5,9,7,2,4665399,-146173,6,1,1,3,4,1,154,466,8,5,1,22,0,0,0,0,0
201900012495,19,11,22,1428,4,3,2,5,4790987,-160730,8,3,47,3,4,4,449,615,3,3,4,82,0,0,0,0,0
201900012496,19,10,22,633,2,9,1,2,4525582,348922,6,4,29,1,4,4,118,471,2,1,2,53,0,0,0,0,0
201900012497,19,11,18,463,5,6,4,2,4426950,45291,4,2,24,1,2,1,848,724,6,1,1,81,0,0,0,0,0
201900012498,19,6,3,2024,2,5,6,5,4407801,-356735,6,4,28,1,2,1,590,68,8,3,1,20,0,0,0,0,0
201900012499,19,2,9,808,4,3,5,6,4416999,-308126,6,2,34,3,3,4,461,169,6,3,5,90,0,0,0,0,0
201900012500,19,5,2,1376,5,4,2,6,4439601,-239442,7,2,17,2,3,1,307,262,1,4,2,98,0,0,0,0,0
201900012501,19,8,14,1833,3,7,2,5,4617416,-250166,2,1,3,3,4,4,412,55,9,3,5,4,0,0,0,0,0
201900012502,19,5,21,618,2,2,9,2,4598257,525338,7,4,15,3,3,2,30,414,4,7,2,31,0,0,0,0,0
201900012503,19,7,19,1760,4,9,6,1,4836587,-29599,4,4,29,2,1,3,553,570,1,6,3,93,0,0,0,0,0