Num_Acc,an,mois,jour,hrmn,lum,int,atm,col,lat,long,catr,circ,nbv,vosp,prof,plan,lartpc,larrout,surf,infra,situ,env1,unscathed,killed,hospital,light,chance
201900012504,19,9,14,1790,2,5,8,4,4518003,2703,4,3,13,3,3,3,94,793,2,5,3,26,0,0,0,0,0
201900012505,19,8,8,275,2,4,4,5,4528922,278545,5,4,44,2,4,1,670,558,2,3,2,87,0,0,0,0,0
201900012506,19,1,25,1939,4,6,4,7,4787005,684836,5,1,23,2,4,3,695,849,7,3,4,82,0,0,0,0,0
201900012507,19,10,24,766,3,2,4,4,4921813,453146,3,3,39,3,4,1,495,434,6,2,3,56,0,0,0,0,0
201900012508,19,9,6,1430,1,2,2,1,4795474,249644,8,2,31,1,1,1,719,923,4,6,3,99,0,0,0,0,0
201900012509,19,5,20,2016,2,9,3,2,4947058,455354,1,2,14,2,1,1,363,378,2,6,3,94,0,0,0,0,0
201900012510,19,10,4,890,2,6,9,7,4459678,238704,8,2,28,2,4,4,361,519,2,5,5,6,0,0,0,0,0
201900012511,19,3,2,2354,3,2,7,4,4406361,-123815,4,1,8,1,4,1,543,254,9,5,4,36,0,0,0,0,0
201900012512,19,9,18,76,5,1,6,6,4956907,-232561,1,3,6,3,3,3,860,465,3,7,1,38,0,0,0,0,0
201900012513,19,8,8,29,5,5,9,5,4766428,597455,3,4,31,3,2,1,623,453,3,2,3,42,0,0,0,0,0
201900012514,19,1,25,1784,1,7,7,5,4765593,-48758,9,1,30,1,4,1,696,255,9,4,2,16,0,0,0,0,0
201900012515,19,1,24,172,1,1,5,3,4565401,-19901,3,2,38,2,3,2,37,625,4,5,5,37,0,0,0,0,0
201900012516,19,10,23,898,5,3,6,1,4665968,-214878,1,1,40,2,1,4,376,772,2,7,4,30,0,0,0,0,0
201900012517,19,2,16,883,5,6,6,2,4561026,371181,4,4,45,1,4,1,449,682,4,1,5,97,0,0,0,0,0
201900012518,19,12,26,814,2,6,4,7,4708046,190931,1,2,6,3,3,2,316,447,9,5,1,31,0,0,0,0,0
201900012519,19,4,21,2216,2,6,1,2,4466841,-164826,7,2,18,2,2,1,327,843,7,3,1,26,0,0,0,0,0
201900012520,19,8,27,2136,5,7,8,3,4808162,-132552,4,1,45,3,3,3,570,283,6,7,5,1,0,0,0,0,0
201900012521,19,9,7,2266,1,1,8,6,4935107,-63584,7,1,0,2,4,2,495,660,1,5,4,29,0,0,0,0,0
201900012522,19,6,4,2312,4,5,8,2,4826707,186747,5,1,25,1,4,2,882,820,8,2,5,89,0,0,0,0,0
201900012523,19,11,13,2043,3,7,2,6,4754781,64857,4,3,38,3,2,3,75,445,8,1,2,87,0,0,0,0,0
201900012524,19,5,4,923,2,4,5,4,4436983,573939,7,4,22,3,4,2,178,462,8,5,1,96,0,0,0,0,0
201900012525,19,2,13,1166,3,7,1,2,4893772,-42574,7,2,15,1,1,1,149,2,7,1,1,22,0,0,0,0,0
201900012526,19,10,13,679,1,8,6,3,4812345,414694,7,3,47,1,2,4,464,912,6,7,3,28,0,0,0,0,0
201900012527,19,2,19,368,2,6,6,3,4527991,-81726,4,3,38,3,2,2,136,487,2,2,2,67,0,0,0,0,0
201900012528,19,10,2,1762,2,1,8,4,4584622,59215,3,1,52,3,3,3,451,751,7,1,1,78,0,0,0,0,0
201900012529,19,7,20,1310,4,4,3,3,4829063,-28387,1,1,36,1,3,4,397,191,7,7,4,49,0,0,0,0,0
201900012530,19,11,17,542,2,3,4,1,4419403,407090,2,3,51,1,1,1,719,440,2,7,2,64,0,0,0,0,0
201900012531,19,4,14,79,4,2,7,6,4725083,-156481,9,3,17,3,3,4,778,185,6,4,3,21,0,0,0,0,0
201900012532,19,4,26,1674,5,1,9,4,4852395,-62674,7,3,53,1,4,4,599,822,1,4,5,54,0,0,0,0,0
201900012533,19,12,1,1308,1,3,9,6,4513584,-21515,6,1,15,2,4,1,185,214,9,2,1,21,0,0,0,0,0
201900012534,19,3,2,769,1,8,5,6,4875278,453290,3,1,9,3,1,2,634,364,1,1,4,31,0,0,0,0,0
201900012535,19,3,18,1875,2,6,1,5,4488836,608549,8,3,43,3,3,3,331,972,1,4,4,36,0,0,0,0,0
201900012536,19,2,23,559,1,2,4,4,4905398,79783,3,2,53,3,2,3,1,309,9,1,5,30,0,0,0,0,0
201900012537,19,8,21,969,1,1,9,4,4636882,650837,4,4,51,1,3,1,325,240,7,5,2,2,0,0,0,0,0
201900012538,19,9,5,1255,2,6,6,2,4622815,612965,7,2,35,2,2,3,428,428,4,4,2,11,0,0,0,0,0
201900012539,19,12,11,646,2,7,1,7,4729970,609562,7,3,10,2,4,1,283,214,5,6,2,33,0,0,0,0,0
201900012540,19,7,25,1750,3,8,3,3,4552653,374321,9,2,17,2,2,3,540,229,5,7,2,38,0,0,0,0,0
201900012541,19,9,27,1967,5,5,5,6,4587277,-165332,7,3,2,1,2,3,518,436,7,4,2,83,0,0,0,0,0
201900012542,19,9,26,205,3,6,5,6,4976947,304885,1,2,1,1,4,4,425,518,7,1,1,56,0,0,0,0,0
201900012543,19,2,23,1887,3,2,5,1,4857888,480155,2,4,12,3,2,3,41,37,5,1,3,54,0,0,0,0,0
201900012544,19,5,26,36,2,2,4,6,4615809,-232099,2,2,42,3,2,3,67,192,9,1,3,31,0,0,0,0,0
201900012545,19,11,3,1401,5,4,2,5,4624194,289810,8,1,28,2,2,1,192,630,2,3,4,76,0,0,0,0,0
201900012546,19,2,17,360,5,6,5,7,4441359,478120,8,4,0,2,2,1,839,807,7,2,5,99,0,0,0,0,0
201900012547,19,7,9,2289,3,5,1,4,4676531,433335,9,4,29,1,2,3,166,156,2,6,4,78,0,0,0,0,0
201900012548,19,9,28,1075,4,5,2,4,4798401,111323,2,4,42,3,3,3,693,572,4,2,1,92,0,0,0,0,0
201900012549,19,4,12,1258,1,3,8,3,4592907,-84175,5,3,34,1,4,1,532,537,6,1,2,2,0,0,0,0,0
201900012550,19,1,27,897,2,6,2,5,4499596,233712,8,1,35,2,1,3,901,17,2,4,5,86,0,0,0,0,0
201900012551,19,2,7,478,5,9,5,5,4736260,142413,3,4,35,3,1,4,791,105,8,7,2,41,0,0,0,0,0
201900012552,19,5,9,1143,5,5,4,6,4874217,-171187,7,1,52,2,1,2,213,177,7,6,2,9,0,0,0,0,0
201900012553,19,9,25,1617,2,3,9,3,4419954,101980,1,1,5,2,4,3,136,453,8,5,3,21,0,0,0,0,0
201900012554,19,10,3,88,2,8,7,5,4839021,647565,4,3,28,3,3,4,554,12,5,3,3,51,0,0,0,0,0
201900012555,19,10,28,1706,3,3,5,2,4641435,-164396,2,1,35,2,3,2,658,292,6,4,3,76,0,0,0,0,0
201900012556,19,3,26,907,2,7,2,7,4835761,529369,8,4,32,3,4,1,235,383,4,3,2,76,0,0,0,0,0
201900012557,19,10,27,570,1,4,5,1,4918988,504763,8,2,29,2,2,4,377,517,2,2,1,89,0,0,0,0,0
201900012558,19,5,8,361,4,4,3,5,4571604,9427,3,2,18,1,2,1,592,115,1,2,3,24,0,0,0,0,0
201900012559,19,7,8,2254,2,6,2,2,4874406,313853,9,1,21,1,1,1,348,644,6,3,5,71,0,0,0,0,0
201900012560,19,6,8,1181,5,6,5,4,4785074,23532,6,3,22,1,1,3,385,585,4,5,3,20,0,0,0,0,0
201900012561,19,7,12,2042,1,3,8,7,4460932,605589,7,2,13,2,1,3,694,835,6,1,5,63,0,0,0,0,0
201900012562,19,4,19,1283,5,2,4,2,4787259,599477,2,4,12,3,2,3,90,19,9,2,1,26,0,0,0,0,0
201900012563,19,7,20,1948,3,3,4,7,4794221,490930,4,2,50,1,4,4,506,908,5,3,5,69,0,0,0,0,0
201900012564,19,5,6,375,5,2,6,6,4855964,487921,2,3,40,1,2,3,287,175,3,3,1,99,0,0,0,0,0
201900012565,19,8,13,1561,4,1,9,6,4822339,1561,1,4,16,1,1,1,281,900,7,7,4,45,0,0,0,0,0
201900012566,19,8,27,2200,5,8,4,2,4767740,666154,6,2,51,2,3,2,547,761,4,5,3,49,0,0,0,0,0
201900012567,19,7,8,1510,2,2,3,2,4569710,-372110,9,2,41,1,2,3,899,327,4,6,3,7,0,0,0,0,0
201900012568,19,11,5,513,5,8,6,5,4968095,-213567,8,1,52,2,3,3,171,213,4,2,1,70,0,0,0,0,0
201900012569,19,3,14,1270,2,8,4,2,4563283,343437,1,2,48,2,4,4,857,783,2,1,2,50,0,0,0,0,0
201900012570,19,3,20,246,3,3,4,2,4561077,521960,9,1,29,2,2,4,521,785,9,2,3,67,0,0,0,0,0
201900012571,19,1,22,1705,3,9,5,1,4494563,-128366,1,1,15,1,4,2,90,920,7,3,4,31,0,0,0,0,0
201900012572,19,5,17,1428,4,5,8,2,4591053,114067,4,2,23,3,2,3,390,107,5,7,4,43,0,0,0,0,0
201900012573,19,6,2,1026,3,5,9,4,4756476,36956,7,2,9,2,4,4,670,340,3,5,3,70,0,0,0,0,0
201900012574,19,11,14,1504,2,3,3,5,4879875,-88702,3,1,49,3,4,3,340,463,1,2,4,91,0,0,0,0,0
201900012575,19,11,5,1371,2,6,2,7,4505459,91258,3,4,53,3,2,3,185,713,8,7,1,49,0,0,0,0,0
201900012576,19,3,11,2271,4,3,5,7,4876415,146788,8,3,5,1,1,1,556,889,7,1,3,4,0,0,0,0,0
201900012577,19,4,20,1611,3,7,6,5,4965763,126933,9,4,52,2,3,4,826,942,8,1,4,11,0,0,0,0,0
201900012578,19,8,10,2210,3,2,2,2,4548051,556213,2,1,6,3,2,4,562,534,4,1,4,9,0,0,0,0,0
201900012579,19,10,3,686,5,7,3,2,4947593,-377142,6,3,7,2,1,2,143,154,6,1,1,46,0,0,0,0,0
201900012580,19,9,4,2321,1,9,3,7,4726242,-272746,2,1,40,3,1,3,697,868,2,3,2,24,0,0,0,0,0
201900012581,19,7,19,287,4,6,6,1,4803713,54031,4,2,1,1,1,4,276,857,9,1,2,78,0,0,0,0,0
201900012582,19,8,22,1554,5,1,4,5,4968409,195558,3,4,24,1,2,4,310,631,9,5,5,82,0,0,0,0,0
201900012583,19,2,24,885,1,7,2,2,4688956,11213,4,2,36,2,3,2,721,957,7,7,3,7,0,0,0,0,0
201900012584,19,10,6,521,1,5,5,7,4674688,418205,3,4,4,1,2,4,843,41,6,7,1,35,0,0,0,0,0
201900012585,19,12,2,1269,4,9,6,7,4846977,-235591,2,3,41,1,4,4,885,677,1,2,1,29,0,0,0,0,0
201900012586,19,12,7,619,5,7,7,7,4757234,-171960,6,1,36,3,2,3,200,241,3,2,2,91,0,0,0,0,0
201900012587,19,2,24,1978,1,2,5,6,4466028,160790,9,4,3,3,2,4,879,557,6,2,2,13,0,0,0,0,0
201900012588,19,2,6,1879,1,7,4,2,4925022,549710,2,2,18,3,2,3,584,949,3,2,1,52,0,0,0,0,0
201900012589,19,1,6,1958,5,1,6,5,4986124,386345,8,3,13,1,2,2,564,837,5,2,3,98,0,0,0,0,0
201900012590,19,6,11,930,4,3,5,1,4578091,193145,7,4,45,3,2,4,118,316,3,6,4,59,0,0,0,0,0
201900012591,19,4,8,165,1,9,4,4,4504951,-286974,7,3,17,1,2,3,425,16,9,2,2,66,0,0,0,0,0
201900012592,19,11,2,1909,1,5,5,2,4679795,516654,4,1,9,3,4,1,913,464,2,3,1,31,0,0,0,0,0
201900012593,19,1,15,1223,1,5,5,1,4989238,40026,8,3,8,2,2,3,385,509,9,3,2,19,0,0,0,0,0
201900012594,19,3,4,615,2,8,5,7,4650623,241744,3,1,6,2,1,1,559,335,7,2,3,93,0,0,0,0,0
201900012595,19,4,10,898,4,9,6,4,4850572,286705,6,4,53,3,3,1,39,186,2,2,1,95,0,0,0,0,0
201900012596,19,1,21,1285,3,1,4,5,4929299,549840,4,4,47,2,2,2,332,580,6,7,5,13,0,0,0,0,0
201900012597,19,6,7,376,1,4,5,1,4690230,640650,8,4,25,3,1,4,566,238,8,7,4,1,0,0,0,0,0
201900012598,19,1,27,2052,1,5,9,3,4586849,689389,6,1,14,3,2,1,151,557,6,4,1,42,0,0,0,0,0
201900012599,19,7,24,134,1,6,4,2,4941958,408840,4,3,37,3,1,4,65,460,3,2,1,89,0,0,0,0,0
201900012600,19,6,12,920,2,9,7,2,4646290,300235,7,2,7,3,3,4,373,629,8,7,5,39,0,0,0,0,0
201900012601,19,7,22,1091,4,4,5,6,4925574,-44255,2,4,0,1,3,1,698,130,9,3,2,65,0,0,0,0,0
201900012602,19,1,10,2056,3,4,5,6,4446020,115821,8,2,21,3,1,3,602,532,9,6,4,39,0,0,0,0,0
201900012603,19,5,10,1789,1,1,1,3,4553901,-139721,1,4,6,3,4,1,293,430,7,3,4,36,0,0,0,0,0
201900012604,19,3,22,327,5,2,7,4,4646758,14947,6,2,29,2,1,4,714,927,7,3,2,91,0,0,0,0,0
201900012605,19,11,1,344,1,7,6,1,4671246,-338782,8,2,44,1,3,1,703,663,4,7,1,99,0,0,0,0,0
201900012606,19,8,11,1800,4,5,7,6,4757955,648319,5,1,16,2,1,3,168,762,5,7,2,55,0,0,0,0,0
201900012607,19,7,1,1565,2,4,9,3,4914002,418202,1,1,38,1,1,1,520,345,2,7,4,22,0,0,0,0,0
201900012608,19,10,2,2036,2,2,6,3,4484647,535479,8,2,42,3,1,4,634,341,5,3,2,10,0,0,0,0,0
201900012609,19,8,8,612,2,2,3,3,4739139,-84967,8,4,15,2,2,1,884,738,6,6,2,49,0,0,0,0,0
201900012610,19,12,15,295,5,4,8,2,4648986,533716,9,2,2,2,4,2,180,240,8,7,4,38,0,0,0,0,0
201900012611,19,3,17,1990,5,7,8,6,4550903,522626,7,3,49,1,3,4,757,259,2,4,5,39,0,0,0,0,0
201900012612,19,5,7,696,5,7,4,3,4612227,-190320,1,3,3,2,3,3,359,416,5,5,5,42,0,0,0,0,0
201900012613,19,3,25,845,4,5,6,2,4756353,-83619,5,1,53,2,1,2,89,213,6,7,4,38,0,0,0,0,0
201900012614,19,5,11,618,4,9,5,5,4974256,-235955,7,2,46,3,1,1,210,164,4,3,2,24,0,0,0,0,0
201900012615,19,12,10,147,5,3,1,3,4969147,-152710,9,2,16,3,2,2,891,307,2,3,4,26,0,0,0,0,0
201900012616,19,8,11,793,5,2,6,1,4868551,473191,5,4,24,1,4,1,411,414,4,2,5,84,0,0,0,0,0
201900012617,19,12,5,906,2,5,4,2,4463432,-6676,8,2,32,1,2,3,5,469,7,1,3,16,0,0,0,0,0
201900012618,19,2,6,1872,3,1,9,5,4716733,460572,2,2,49,3,2,1,168,314,3,6,2,70,0,0,0,0,0
201900012619,19,11,3,1339,3,8,1,2,4988417,327591,8,1,2,1,4,3,660,669,9,7,4,44,0,0,0,0,0
201900012620,19,12,7,1608,3,5,9,6,4451011,242117,3,2,39,2,2,1,516,575,5,4,4,36,0,0,0,0,0
201900012621,19,9,23,1935,5,3,3,4,4490488,583616,8,4,5,1,2,3,127,628,2,1,2,81,0,0,0,0,0
201900012622,19,2,24,1491,3,6,9,2,4410317,-329390,9,4,36,3,1,2,112,462,6,1,5,99,0,0,0,0,0
201900012623,19,12,28,1822,2,5,3,6,4648597,-371680,6,4,0,3,1,2,866,302,7,3,2,98,0,0,0,0,0
201900012624,19,12,7,184,3,3,1,5,4679179,-49900,1,1,10,2,1,3,143,854,4,7,4,64,0,0,0,0,0
201900012625,19,8,13,1378,4,2,6,5,4615836,471715,3,1,48,1,1,3,116,876,1,3,1,4,0,0,0,0,0
201900012626,19,6,1,1894,5,5,1,3,4791953,442222,5,2,25,3,3,1,870,359,2,6,5,77,0,0,0,0,0
201900012627,19,10,19,738,5,7,7,4,4833799,-6922,2,2,44,2,4,4,11,921,4,2,3,76,0,0,0,0,0
201900012628,19,7,20,642,4,2,7,5,4435004,-363465,7,4,11,3,1,3,914,616,5,5,1,37,0,0,0,0,0
201900012629,19,5,18,2266,4,2,9,1,4947460,142379,3,3,23,3,2,1,316,68,8,5,5,19,0,0,0,0,0
201900012630,19,4,9,197,4,2,3,2,4999674,-234289,8,1,52,2,2,3,689,633,2,3,4,14,0,0,0,0,0
201900012631,19,2,11,609,3,3,9,1,4582601,16907,9,4,50,2,1,3,783,86,7,5,4,45,0,0,0,0,0
201900012632,19,8,4,892,5,7,3,7,4509665,-282876,5,3,22,1,1,4,890,649,5,6,1,70,0,0,0,0,0
201900012633,19,7,7,1381,3,5,3,2,4726417,-399028,6,4,0,2,2,1,534,835,1,3,3,17,0,0,0,0,0
201900012634,19,5,10,1313,4,9,8,3,4984463,364902,5,4,39,2,1,2,75,121,4,7,2,27,0,0,0,0,0
201900012635,19,1,2,779,2,2,2,7,4479422,381583,6,1,29,2,1,1,226,23,1,6,3,26,0,0,0,0,0
201900012636,19,4,1,440,1,9,1,6,4419705,-296974,7,1,22,1,4,2,161,561,1,1,3,19,0,0,0,0,0
201900012637,19,2,24,1343,1,8,6,7,4747170,300503,2,2,47,1,2,3,502,99,9,1,2,48,0,0,0,0,0
201900012638,19,8,13,2351,2,8,5,7,4456806,-225830,9,2,34,2,2,1,704,274,1,2,1,36,0,0,0,0,0
201900012639,19,11,5,2045,4,4,1,3,4600833,-302471,4,4,16,2,3,2,535,313,7,5,4,45,0,0,0,0,0
201900012640,19,11,3,151,3,2,4,1,4757087,-277712,3,4,27,2,1,3,501,86,8,2,4,76,0,0,0,0,0
201900012641,19,4,14,1883,5,1,5,5,4801354,97754,7,4,53,1,1,3,864,460,6,7,2,22,0,0,0,0,0
201900012642,19,8,2,1472,2,4,2,3,4783290,590539,7,4,49,3,2,4,911,38,9,6,3,53,0,0,0,0,0
201900012643,19,10,28,1873,5,3,2,4,4593084,292663,1,2,47,2,4,2,192,927,2,2,1,86,0,0,0,0,0
201900012644,19,10,28,751,4,2,3,4,4881875,-257491,8,4,11,2,4,3,21,989,2,7,5,6,0,0,0,0,0
201900012645,19,8,12,1133,3,7,2,3,4740401,120934,1,4,14,1,3,4,257,373,9,7,4,79,0,0,0,0,0
201900012646,19,6,13,986,3,8,5,6,4413724,91816,4,3,47,3,3,1,50,644,6,7,5,54,0,0,0,0,0
201900012647,19,7,27,1791,2,9,5,7,4725204,-40096,2,4,40,2,2,3,114,860,2,3,3,58,0,0,0,0,0
201900012648,19,10,13,402,1,7,4,3,4419394,429788,9,4,14,2,1,3,58,820,4,5,1,29,0,0,0,0,0
201900012649,19,2,9,219,2,7,9,5,4835256,526666,1,3,45,3,3,1,779,964,5,1,4,74,0,0,0,0,0
201900012650,19,10,22,391,5,8,6,6,4713455,395853,8,2,37,2,3,1,703,711,6,1,5,34,0,0,0,0,0
201900012651,19,8,8,520,4,8,2,2,4776749,581498,3,3,26,2,4,2,197,747,9,1,1,1,0,0,0,0,0
201900012652,19,9,21,1250,4,5,9,3,4892468,477187,3,3,20,1,1,2,417,120,1,6,5,3,0,0,0,0,0
201900012653,19,2,12,661,5,1,8,1,4449431,-147351,2,2,37,2,4,4,320,660,4,7,1,97,0,0,0,0,0
201900012654,19,7,22,164,5,3,6,4,4887456,-171141,6,2,31,2,1,2,367,636,8,3,4,37,0,0,0,0,0
201900012655,19,7,28,1693,3,9,6,5,4595005,652767,6,3,43,3,2,1,49,846,3,4,2,60,0,0,0,0,0
201900012656,19,8,14,1482,2,5,7,5,4926765,-177536,9,4,19,2,2,2,715,218,2,2,2,26,0,0,0,0,0
201900012657,19,5,12,1345,2,8,7,4,4407277,-329231,9,3,25,1,3,2,251,826,5,5,4,90,0,0,0,0,0
201900012658,19,8,16,526,3,6,1,6,4461202,371857,1,1,26,2,4,4,800,40,4,3,3,15,0,0,0,0,0
201900012659,19,10,23,957,1,9,1,1,4653564,-193777,1,4,17,1,2,2,799,956,9,1,3,1,0,0,0,0,0
201900012660,19,11,5,2333,3,6,6,4,4883812,-339137,7,2,39,2,4,2,442,961,5,2,5,6,0,0,0,0,0
201900012661,19,1,7,139,4,3,5,4,4659814,-52373,1,2,20,1,1,2,140,69,9,5,3,40,0,0,0,0,0
201900012662,19,8,21,1246,3,2,7,7,4745480,-217068,3,3,11,2,2,1,126,716,4,5,1,43,0,0,0,0,0
201900012663,19,3,5,1047,2,3,2,1,4702669,364272,8,1,38,1,1,3,287,131,4,2,3,9,0,0,0,0,0
201900012664,19,7,23,1245,3,6,7,3,4418746,330436,7,2,50,3,4,4,512,803,2,5,2,61,0,0,0,0,0
201900012665,19,10,24,756,4,5,7,2,4724498,-257662,9,2,0,3,1,3,410,883,6,5,4,17,0,0,0,0,0
201900012666,19,10,24,1198,5,5,3,5,4570042,564586,3,2,26,3,4,2,905,660,3,6,3,68,0,0,0,0,0
201900012667,19,8,11,1181,1,5,1,3,4788425,-248661,7,2,46,2,2,1,778,335,1,4,1,99,0,0,0,0,0
201900012668,19,9,27,642,1,3,7,1,4479792,-205506,1,1,32,2,2,3,585,639,3,6,4,29,0,0,0,0,0
201900012669,19,2,7,495,5,5,2,1,4689455,-292196,5,1,22,3,4,1,795,413,3,6,4,94,0,0,0,0,0
201900012670,19,6,6,1489,3,7,7,2,4798427,-94831,2,4,27,1,3,3,592,628,6,7,3,66,0,0,0,0,0
201900012671,19,10,12,841,1,9,2,1,4979923,566454,4,3,25,1,3,4,70,702,5,1,1,35,0,0,0,0,0
201900012672,19,9,27,954,1,2,5,7,4691011,67477,6,4,6,2,2,3,833,614,2,2,1,13,0,0,0,0,0
201900012673,19,5,26,551,5,5,8,5,4552095,-209501,9,1,21,1,4,1,111,943,8,3,5,28,0,0,0,0,0
201900012674,19,9,18,318,4,8,9,4,4707796,202023,9,3,9,1,4,4,18,426,8,7,1,67,0,0,0,0,0
201900012675,19,1,13,1139,4,2,9,5,4500664,444846,8,1,25,3,4,1,443,717,2,3,2,76,0,0,0,0,0
201900012676,19,8,26,237,5,2,1,4,4451035,77277,5,2,26,3,3,2,438,68,2,6,3,27,0,0,0,0,0
201900012677,19,12,6,2337,5,3,1,5,4809525,-226866,2,1,44,1,3,1,564,63,2,5,5,77,0,0,0,0,0
201900012678,19,5,1,1699,5,9,7,6,4667467,645365,8,1,9,1,2,4,757,213,3,4,5,77,0,0,0,0,0
201900012679,19,8,10,2143,1,6,7,2,4930597,358609,6,4,34,3,3,2,180,844,8,2,4,49,0,0,0,0,0
201900012680,19,2,27,1904,1,1,2,5,4426188,504174,3,2,33,1,2,3,848,544,4,5,4,51,0,0,0,0,0
201900012681,19,6,28,1129,5,4,1,3,4841454,505751,8,2,53,2,1,4,762,496,4,7,1,19,0,0,0,0,0
201900012682,19,5,4,1169,2,2,5,3,4930915,-76572,8,3,10,1,2,4,117,692,1,5,1,94,0,0,0,0,0
201900012683,19,5,15,850,2,7,2,1,4694374,483842,3,3,25,3,3,1,309,986,1,6,3,26,0,0,0,0,0
201900012684,19,3,6,2230,1,8,9,4,4936602,598923,4,2,31,3,3,4,161,974,7,2,2,70,0,0,0,0,0
201900012685,19,9,16,1426,4,5,8,3,4866814,659375,5,2,51,2,2,4,31,152,5,6,5,31,0,0,0,0,0
201900012686,19,7,16,515,5,7,4,4,4723789,-216764,4,4,0,3,2,4,545,771,5,2,5,22,0,0,0,0,0
201900012687,19,5,5,2241,3,1,1,4,4467417,-350997,8,4,35,1,2,1,726,389,9,4,2,9,0,0,0,0,0
201900012688,19,7,18,916,2,3,6,7,4434109,552430,7,3,20,1,1,1,880,425,4,7,2,63,0,0,0,0,0
201900012689,19,6,19,1830,2,4,9,4,4450657,-140400,4,2,12,3,2,4,14,189,5,7,4,81,0,0,0,0,0
201900012690,19,2,21,282,1,6,7,2,4414477,103896,4,1,23,2,3,2,567,401,9,7,4,37,0,0,0,0,0
201900012691,19,5,22,237,2,3,7,3,4416600,-248505,1,4,17,1,1,2,771,307,3,4,4,15,0,0,0,0,0
201900012692,19,11,19,954,2,9,6,6,4537258,502120,8,2,3,3,1,2,802,15,8,6,5,61,0,0,0,0,0
201900012693,19,2,23,1636,5,8,2,7,4810033,546410,3,2,33,1,1,1,4,231,4,5,1,72,0,0,0,0,0
201900012694,19,10,25,567,1,9,1,6,4836507,128190,9,3,35,3,2,1,114,849,7,7,1,78,0,0,0,0,0
201900012695,19,7,1,1937,2,7,6,6,4864314,142002,5,1,2,1,1,1,758,791,3,3,2,33,0,0,0,0,0
201900012696,19,8,27,798,4,9,8,1,4816034,177821,5,2,28,2,2,4,784,958,1,5,3,63,0,0,0,0,0
201900012697,19,11,6,318,2,6,8,5,4659715,-259823,2,3,30,1,1,4,145,741,5,1,5,53,0,0,0,0,0
201900012698,19,8,8,2355,4,3,6,4,4457725,35278,6,1,25,1,4,2,506,977,4,4,3,36,0,0,0,0,0
201900012699,19,12,1,375,3,5,7,7,4773560,547179,5,2,6,1,4,3,454,682,7,2,4,69,0,0,0,0,0
201900012700,19,2,9,967,2,1,1,4,4596173,316052,6,2,43,2,3,2,5,53,2,5,1,20,0,0,0,0,0
201900012701,19,1,20,2131,4,7,8,4,4692644,-196064,3,1,19,2,4,1,61,846,7,2,1,57,0,0,0,0,0
201900012702,19,8,27,53,3,3,9,4,4808635,445764,2,3,10,2,2,2,866,217,2,1,5,83,0,0,0,0,0
201900012703,19,5,8,66,2,4,8,6,4900685,374550,8,3,17,1,4,4,582,749,9,3,5,10,0,0,0,0,0
201900012704,19,10,12,1624,4,2,6,5,4766869,-219065,5,1,12,1,1,1,472,780,6,1,5,6,0,0,0,0,0
201900012705,19,9,10,1504,2,2,2,4,4743738,63924,5,3,34,3,3,2,286,126,6,4,1,99,0,0,0,0,0
201900012706,19,5,4,931,1,2,3,1,4778877,658164,3,1,30,2,2,4,535,287,1,6,1,73,0,0,0,0,0
201900012707,19,9,26,1645,3,6,2,6,4634211,324479,2,4,52,3,3,3,153,517,3,7,5,83,0,0,0,0,0
201900012708,19,11,1,18,2,5,9,3,4933626,699373,6,1,44,1,3,1,493,546,5,7,3,12,0,0,0,0,0
201900012709,19,8,5,1164,2,3,9,1,4684660,16618,3,2,14,3,4,2,531,855,3,6,1,84,0,0,0,0,0
201900012710,19,8,24,1487,2,9,5,3,4538424,-106592,3,1,41,2,3,2,813,845,1,7,3,70,0,0,0,0,0
201900012711,19,4,22,988,5,1,9,3,4736034,-149282,1,2,18,2,2,2,819,856,8,4,5,88,0,0,0,0,0
201900012712,19,4,13,574,2,2,7,7,4469506,482466,5,3,52,3,4,4,744,235,3,1,4,7,0,0,0,0,0
201900012713,19,2,17,190,5,4,6,7,4644913,522900,9,1,9,2,4,2,636,335,9,1,1,41,0,0,0,0,0
201900012714,19,3,3,1869,1,8,8,1,4885266,456676,4,4,49,1,4,2,294,199,5,5,3,46,0,0,0,0,0
201900012715,19,12,26,628,3,1,3,2,4659167,82608,8,3,42,1,3,2,826,880,1,6,1,52,0,0,0,0,0
201900012716,19,1,25,1191,5,6,1,1,4635146,143882,4,3,5,2,3,3,895,777,2,2,2,54,0,0,0,0,0
201900012717,19,6,28,2090,3,5,2,2,4438340,56389,9,4,36,2,1,4,619,769,3,1,5,44,0,0,0,0,0