Num_Acc,an,mois,jour,hrmn,lum,int,atm,col,lat,long,catr,circ,nbv,vosp,prof,plan,lartpc,larrout,surf,infra,situ,env1,unscathed,killed,hospital,light,chance
201900012718,19,4,14,686,5,1,6,1,4848529,-344150,9,2,31,1,4,3,751,685,6,6,2,25,0,0,0,0,0
201900012719,19,2,26,636,5,2,5,5,4821511,48006,9,1,12,3,4,4,163,576,9,4,1,93,0,0,0,0,0
201900012720,19,1,22,584,1,5,5,7,4471358,-363666,8,4,31,2,2,4,595,235,9,3,2,55,0,0,0,0,0
201900012721,19,2,3,1442,1,2,8,2,4975918,450920,7,1,27,1,4,1,176,656,1,1,5,79,0,0,0,0,0
201900012722,19,6,2,1568,1,9,5,2,4644269,516938,8,2,46,3,3,4,505,375,3,1,2,44,0,0,0,0,0
201900012723,19,1,13,1887,4,9,3,5,4428504,599628,7,3,7,2,3,2,226,508,5,3,1,27,0,0,0,0,0
201900012724,19,10,23,428,2,1,3,2,4576071,154806,3,1,17,1,4,2,261,911,2,5,2,30,0,0,0,0,0
201900012725,19,7,3,405,1,4,9,5,4504476,35771,3,1,44,2,1,4,243,493,7,7,4,29,0,0,0,0,0
201900012726,19,7,3,297,3,2,8,3,4814477,239319,1,3,39,2,3,3,837,482,4,2,5,5,0,0,0,0,0
201900012727,19,11,11,796,1,6,7,3,4927676,79396,7,3,46,1,3,1,127,758,8,6,2,79,0,0,0,0,0
201900012728,19,1,4,1153,1,2,9,5,4857291,63784,2,2,50,1,2,1,400,947,4,2,5,22,0,0,0,0,0
201900012729,19,1,7,393,2,3,3,3,4577764,566446,5,3,2,1,2,3,334,394,9,2,3,6,0,0,0,0,0
201900012730,19,10,5,964,1,6,3,3,4909567,655654,1,2,48,2,2,4,208,952,9,4,5,16,0,0,0,0,0
201900012731,19,12,3,1891,3,1,7,7,4879455,28002,7,2,36,2,3,3,129,454,8,4,3,50,0,0,0,0,0
201900012732,19,8,1,2129,1,8,2,1,4404230,77994,6,3,36,3,4,4,525,369,4,6,1,23,0,0,0,0,0
201900012733,19,1,3,1718,3,3,7,3,4445117,671892,7,2,43,2,2,1,180,237,1,2,3,92,0,0,0,0,0
201900012734,19,2,1,341,3,3,1,7,4571173,255360,9,2,40,1,1,4,303,305,7,4,1,96,0,0,0,0,0
201900012735,19,4,23,2161,1,2,3,1,4856396,78466,3,2,16,1,2,3,563,435,5,2,4,63,0,0,0,0,0
201900012736,19,1,2,2152,4,2,5,1,4893374,136306,4,1,12,3,1,4,441,41,3,4,4,83,0,0,0,0,0
201900012737,19,12,15,1928,3,4,6,5,4696161,-104890,2,2,1,2,1,4,205,342,5,6,2,74,0,0,0,0,0
201900012738,19,8,11,302,5,2,8,7,4923778,683669,6,4,42,1,2,2,513,629,2,4,2,88,0,0,0,0,0
201900012739,19,2,20,598,2,9,5,4,4581777,126503,2,2,51,2,3,1,730,550,4,4,4,23,0,0,0,0,0
201900012740,19,4,2,1885,3,1,4,1,4654867,253222,1,3,17,3,3,4,283,438,4,6,1,14,0,0,0,0,0
201900012741,19,8,19,1827,5,3,8,6,4607076,332330,8,4,12,3,2,2,895,378,1,6,5,78,0,0,0,0,0
201900012742,19,12,8,2062,2,6,2,2,4471811,36382,4,3,16,1,3,4,494,163,6,6,5,9,0,0,0,0,0
201900012743,19,6,21,422,4,9,6,7,4997642,62988,4,1,1,1,3,4,838,106,4,2,5,65,0,0,0,0,0
201900012744,19,3,17,1155,2,6,3,1,4788973,-45839,9,1,46,2,3,4,246,320,2,4,1,68,0,0,0,0,0
201900012745,19,3,28,1214,2,4,3,5,4615931,190314,5,3,47,1,3,4,200,906,2,7,3,36,0,0,0,0,0
201900012746,19,6,22,245,5,3,6,6,4420257,146520,5,3,7,1,3,3,276,907,4,7,3,65,0,0,0,0,0
201900012747,19,2,11,1524,5,7,7,5,4734120,-144573,2,3,8,3,3,4,229,135,5,1,3,46,0,0,0,0,0
201900012748,19,9,28,1150,2,4,8,7,4859735,153289,2,4,27,2,3,2,845,484,8,1,3,31,0,0,0,0,0
201900012749,19,9,5,105,3,8,7,2,4863686,-202663,5,4,50,2,3,2,345,448,8,3,4,33,0,0,0,0,0
201900012750,19,5,21,2249,2,5,2,2,4833511,429679,7,2,40,3,3,2,671,402,3,4,1,46,0,0,0,0,0
201900012751,19,6,19,998,2,6,7,5,4919668,-52023,3,3,12,2,2,4,776,131,7,1,1,85,0,0,0,0,0
201900012752,19,11,9,1548,5,6,4,4,4641013,-58371,4,3,40,1,2,1,627,172,3,1,2,58,0,0,0,0,0
201900012753,19,4,13,1452,4,8,9,4,4457353,101936,3,2,14,1,3,2,439,379,5,4,2,8,0,0,0,0,0
201900012754,19,9,21,182,1,1,2,3,4504465,168221,7,1,14,3,4,3,681,559,3,4,3,36,0,0,0,0,0
201900012755,19,6,18,787,1,6,7,1,4765291,115125,9,3,16,2,4,1,285,832,5,2,5,50,0,0,0,0,0
201900012756,19,3,4,1437,2,8,2,5,4587303,-86848,6,4,14,2,4,1,59,714,1,3,4,3,0,0,0,0,0
201900012757,19,8,1,2072,1,2,4,5,4603472,-282494,4,4,27,3,4,3,202,187,9,4,5,67,0,0,0,0,0
201900012758,19,9,1,937,2,3,5,6,4893320,74189,1,4,12,3,4,3,866,318,7,4,4,26,0,0,0,0,0
201900012759,19,7,25,371,2,5,6,1,4977234,373005,9,1,11,2,2,2,503,342,8,3,3,84,0,0,0,0,0
201900012760,19,4,16,627,4,7,7,2,4723970,-98215,3,3,22,1,2,2,536,109,9,5,1,78,0,0,0,0,0
201900012761,19,11,20,461,5,3,3,2,4517950,113582,3,1,42,2,2,4,746,293,9,2,3,36,0,0,0,0,0
201900012762,19,6,13,1446,3,4,2,2,4595184,-228229,5,2,44,1,4,4,500,526,2,4,2,81,0,0,0,0,0
201900012763,19,7,15,43,2,8,7,2,4856449,414772,9,4,9,3,2,3,283,84,6,6,1,81,0,0,0,0,0
201900012764,19,5,21,2018,3,8,5,2,4660071,549975,4,3,29,2,4,4,154,435,6,1,5,66,0,0,0,0,0
201900012765,19,7,17,1874,1,7,3,3,4918581,571358,7,1,49,1,3,1,392,342,8,7,4,24,0,0,0,0,0
201900012766,19,8,8,1032,1,1,3,5,4838360,352066,4,2,5,2,4,2,0,616,9,3,2,30,0,0,0,0,0
201900012767,19,12,19,1441,5,5,4,3,4903050,444760,7,3,33,1,3,1,878,76,8,6,5,67,0,0,0,0,0
201900012768,19,3,3,1497,1,5,4,1,4459390,431173,2,1,47,3,2,3,519,315,5,5,2,58,0,0,0,0,0
201900012769,19,4,28,196,3,1,7,7,4603097,660281,2,2,27,2,2,1,102,301,6,6,2,68,0,0,0,0,0
201900012770,19,7,14,607,1,5,6,2,4647156,-320065,8,4,7,3,2,3,865,335,5,5,3,49,0,0,0,0,0
201900012771,19,8,24,197,4,2,6,1,4938090,456430,2,1,44,3,4,2,327,108,7,4,2,49,0,0,0,0,0
201900012772,19,12,24,639,3,8,3,5,4425876,107769,7,2,52,3,1,2,743,37,5,2,4,88,0,0,0,0,0
201900012773,19,1,13,748,2,4,7,2,4774293,357337,5,4,21,2,3,1,149,423,1,2,3,78,0,0,0,0,0
201900012774,19,9,8,1865,5,2,5,5,4440934,-364659,2,4,18,2,4,1,106,487,4,6,1,50,0,0,0,0,0
201900012775,19,6,13,113,4,7,6,6,4925443,79267,1,3,18,1,1,2,617,687,2,2,3,94,0,0,0,0,0
201900012776,19,8,27,1201,3,2,6,5,4444468,634042,9,4,9,2,2,3,241,907,3,4,2,29,0,0,0,0,0
201900012777,19,2,6,2097,1,4,9,7,4619376,22533,8,2,45,3,1,3,363,179,4,2,4,1,0,0,0,0,0
201900012778,19,1,27,1768,3,9,3,6,4956204,-295886,1,2,50,2,4,3,89,830,9,5,3,81,0,0,0,0,0
201900012779,19,4,3,1330,1,6,3,4,4857967,571529,7,2,12,1,1,1,653,187,1,4,2,92,0,0,0,0,0
201900012780,19,7,28,1573,1,2,3,2,4875552,493304,3,2,34,2,4,2,531,385,8,1,3,76,0,0,0,0,0
201900012781,19,5,16,1647,2,5,6,1,4732178,583601,8,1,16,3,1,2,300,818,2,6,1,27,0,0,0,0,0
201900012782,19,1,23,866,4,2,1,6,4773897,18151,1,4,45,2,3,4,502,948,9,3,4,22,0,0,0,0,0
201900012783,19,11,14,613,3,8,1,2,4925947,397399,7,2,45,2,2,3,121,230,5,6,2,43,0,0,0,0,0
201900012784,19,8,24,1043,1,8,2,2,4489530,241846,7,3,18,2,1,1,392,760,4,3,5,81,0,0,0,0,0
201900012785,19,3,19,934,4,3,5,5,4632080,-300546,8,1,23,3,1,3,125,712,4,7,4,13,0,0,0,0,0
201900012786,19,11,13,820,1,4,2,5,4470097,83762,4,1,6,3,3,1,661,449,2,5,4,56,0,0,0,0,0
201900012787,19,1,27,64,5,5,1,1,4935983,-362086,6,4,12,1,2,1,548,280,8,4,5,75,0,0,0,0,0
201900012788,19,5,12,873,5,7,8,6,4635866,629612,3,1,10,3,3,2,118,279,2,3,1,48,0,0,0,0,0
201900012789,19,3,15,2093,3,5,7,4,4878444,-163003,6,2,4,2,3,1,137,821,1,4,5,14,0,0,0,0,0
201900012790,19,7,27,223,2,8,9,7,4847684,422024,3,2,28,2,3,1,20,625,4,6,3,0,0,0,0,0,0
201900012791,19,12,7,333,2,8,6,4,4490327,-10317,6,1,53,1,1,2,741,409,7,2,1,0,0,0,0,0,0
201900012792,19,9,14,1640,1,6,5,4,4792249,-268395,5,1,44,1,4,2,439,552,8,3,3,12,0,0,0,0,0
201900012793,19,8,15,2092,2,7,3,2,4639690,193111,7,3,35,3,1,1,277,911,5,6,5,26,0,0,0,0,0
201900012794,19,12,1,707,1,7,6,2,4674598,347234,6,4,32,3,2,1,14,360,6,2,1,68,0,0,0,0,0
201900012795,19,10,3,629,1,1,8,2,4547073,239528,8,4,29,1,2,4,733,217,5,5,1,32,0,0,0,0,0
201900012796,19,9,24,2271,1,2,6,7,4982190,130976,1,1,9,3,1,2,679,595,1,3,4,77,0,0,0,0,0
201900012797,19,2,21,699,5,1,5,4,4740444,-174589,4,4,50,2,1,4,675,40,9,7,1,31,0,0,0,0,0
201900012798,19,12,20,927,2,6,5,5,4698228,329083,8,3,20,1,4,2,796,128,3,5,2,82,0,0,0,0,0
201900012799,19,7,5,1911,2,2,4,1,4612938,-326243,7,4,53,1,2,4,574,665,6,6,3,32,0,0,0,0,0
201900012800,19,1,28,1461,1,5,9,2,4723910,159562,3,2,31,3,3,4,579,666,3,2,2,55,0,0,0,0,0
201900012801,19,2,20,1835,1,2,8,7,4871588,-149287,2,1,18,2,1,4,627,83,2,3,5,16,0,0,0,0,0
201900012802,19,11,8,559,1,3,7,3,4688536,204467,9,1,32,1,4,4,19,244,3,7,5,71,0,0,0,0,0
201900012803,19,3,3,1784,3,3,8,1,4585408,194630,3,1,52,2,1,2,32,810,3,5,1,59,0,0,0,0,0
201900012804,19,6,8,960,3,3,5,7,4864712,565948,6,1,40,3,4,2,11,33,5,4,2,55,0,0,0,0,0
201900012805,19,11,13,1700,4,3,1,2,4815902,353412,8,1,20,1,4,4,713,318,7,7,3,93,0,0,0,0,0
201900012806,19,9,23,1774,3,6,6,2,4587144,236678,1,4,46,3,2,4,170,926,3,6,5,43,0,0,0,0,0
201900012807,19,3,19,1851,5,7,4,5,4709372,373782,9,2,6,1,4,2,211,201,3,6,1,44,0,0,0,0,0
201900012808,19,4,4,2190,4,5,5,2,4919443,171559,1,4,6,2,3,3,824,767,2,5,5,36,0,0,0,0,0
201900012809,19,12,25,1656,3,2,6,3,4689484,-137111,8,1,13,3,4,1,478,448,3,3,4,76,0,0,0,0,0
201900012810,19,9,14,90,5,8,7,7,4793552,216850,3,3,13,1,2,4,408,950,9,2,2,74,0,0,0,0,0
201900012811,19,5,10,2135,1,1,3,6,4706971,-271999,1,1,38,2,3,2,731,494,6,4,5,40,0,0,0,0,0
201900012812,19,7,16,1787,3,2,1,7,4743872,6919,6,3,44,3,1,3,146,812,6,5,2,66,0,0,0,0,0
201900012813,19,4,28,811,3,9,6,5,4798324,425,2,1,30,2,1,2,146,755,3,4,5,6,0,0,0,0,0
201900012814,19,8,23,533,3,5,6,7,4594394,114327,4,3,3,3,1,1,426,128,2,6,2,68,0,0,0,0,0
201900012815,19,9,23,89,5,3,2,6,4441806,-34108,5,2,47,2,4,2,911,241,8,6,4,31,0,0,0,0,0
201900012816,19,10,16,1940,3,9,7,2,4694293,-20681,9,3,41,3,4,3,108,498,8,7,1,70,0,0,0,0,0
201900012817,19,2,10,931,2,5,3,3,4620421,135982,1,4,43,1,3,3,490,338,7,2,2,3,0,0,0,0,0
201900012818,19,5,14,2172,1,6,7,4,4585803,-116478,9,3,7,2,3,4,146,555,9,3,2,1,0,0,0,0,0
201900012819,19,11,6,2214,2,6,5,4,4631555,-200104,2,3,7,3,3,3,679,78,5,5,5,9,0,0,0,0,0
201900012820,19,6,26,889,5,3,4,2,4830047,-131667,1,4,28,1,4,2,517,991,6,6,2,22,0,0,0,0,0
201900012821,19,12,4,1751,3,5,2,5,4777483,697894,6,1,16,1,3,4,654,485,3,2,1,59,0,0,0,0,0
201900012822,19,6,7,1776,1,9,2,3,4444790,-305509,5,1,8,1,4,1,223,853,9,2,5,73,0,0,0,0,0
201900012823,19,1,13,1417,2,5,4,2,4800768,379611,7,3,7,2,2,2,890,432,4,7,1,90,0,0,0,0,0
201900012824,19,10,15,9,1,8,3,7,4942252,-353056,3,3,32,1,4,4,307,191,8,2,1,85,0,0,0,0,0
201900012825,19,10,28,2141,2,9,6,3,4705583,33626,9,1,33,1,4,2,12,395,2,3,3,5,0,0,0,0,0
201900012826,19,6,10,2342,4,7,5,7,4674460,-115361,1,2,52,1,1,4,915,264,1,7,1,46,0,0,0,0,0
201900012827,19,12,17,273,5,3,6,4,4924232,-248027,4,4,48,1,4,4,195,821,7,7,3,35,0,0,0,0,0
201900012828,19,8,20,1803,4,3,6,1,4488032,296731,9,4,14,2,2,1,245,912,1,6,2,81,0,0,0,0,0
201900012829,19,7,20,1799,1,3,9,5,4460061,240506,1,1,16,2,2,2,652,750,9,1,5,61,0,0,0,0,0
201900012830,19,6,18,1741,1,9,7,4,4456698,10952,4,4,42,3,3,4,478,582,2,5,3,3,0,0,0,0,0
201900012831,19,1,12,2355,2,3,7,7,4909621,406570,8,1,19,2,4,4,192,252,2,6,2,30,0,0,0,0,0
201900012832,19,8,1,1383,1,9,4,7,4825726,552173,6,3,45,1,3,2,164,454,2,6,4,25,0,0,0,0,0
201900012833,19,1,28,1369,3,5,5,6,4862116,-275431,2,2,0,1,4,2,388,17,1,2,2,82,0,0,0,0,0
201900012834,19,12,1,2006,3,4,7,7,4670982,96752,9,4,8,1,2,3,518,133,5,6,1,85,0,0,0,0,0
201900012835,19,8,4,1008,4,4,1,3,4901331,567782,9,1,39,2,3,2,414,942,7,3,4,68,0,0,0,0,0
201900012836,19,8,9,1619,4,8,6,2,4567416,35019,2,1,3,2,1,4,576,879,7,4,1,20,0,0,0,0,0
201900012837,19,10,5,1866,3,9,3,4,4955419,-258497,3,1,0,3,1,4,775,729,6,1,5,18,0,0,0,0,0
201900012838,19,7,16,426,2,7,5,1,4505748,-219203,5,4,24,1,1,4,610,433,9,5,3,78,0,0,0,0,0
201900012839,19,1,19,1121,2,4,1,2,4782023,265647,3,3,11,2,3,2,617,92,4,2,4,5,0,0,0,0,0
201900012840,19,2,27,1538,3,7,3,1,4951738,21369,5,2,31,3,3,1,218,781,7,5,2,69,0,0,0,0,0
201900012841,19,11,1,2336,2,8,3,6,4444768,696140,4,3,34,2,2,2,634,483,6,1,3,34,0,0,0,0,0
201900012842,19,6,11,940,1,4,5,6,4721351,510138,4,1,49,2,2,3,301,998,4,4,5,43,0,0,0,0,0
201900012843,19,6,6,1712,2,4,4,2,4519832,360788,2,1,34,3,3,3,729,436,2,2,2,9,0,0,0,0,0
201900012844,19,9,2,1144,5,1,9,7,4930876,150275,8,1,41,3,1,4,231,802,1,6,1,74,0,0,0,0,0
201900012845,19,7,11,1337,1,6,9,4,4745753,402724,7,4,9,3,3,4,820,123,7,3,4,80,0,0,0,0,0
201900012846,19,2,19,1180,4,6,1,2,4904793,-390586,7,3,46,2,3,4,683,115,7,4,5,3,0,0,0,0,0
201900012847,19,11,24,683,1,3,2,2,4437978,448139,2,4,10,3,3,3,667,55,2,4,4,56,0,0,0,0,0
201900012848,19,10,2,554,5,3,4,4,4919731,-47691,5,2,45,1,1,4,120,882,4,7,2,53,0,0,0,0,0
201900012849,19,7,21,517,2,7,7,5,4590397,-263063,9,1,45,3,1,3,190,320,7,1,5,26,0,0,0,0,0
201900012850,19,10,19,1539,5,3,4,1,4895464,312259,4,1,27,1,4,1,259,814,7,1,4,46,0,0,0,0,0
201900012851,19,8,22,945,5,6,3,2,4512597,652717,9,3,34,3,4,2,507,210,9,6,2,50,0,0,0,0,0
201900012852,19,11,1,1819,5,2,6,6,4789969,169899,7,1,50,2,3,3,759,944,1,7,4,95,0,0,0,0,0
201900012853,19,12,1,490,3,8,4,5,4973481,-154761,2,2,21,3,2,2,564,290,5,4,3,1,0,0,0,0,0
201900012854,19,1,15,1738,1,7,4,2,4837231,636536,9,4,7,1,4,4,829,236,6,5,4,63,0,0,0,0,0
201900012855,19,4,14,2219,2,7,7,1,4948494,196804,5,2,30,1,4,3,276,118,2,7,2,23,0,0,0,0,0
201900012856,19,4,9,1451,5,6,5,2,4792677,584227,9,4,13,3,2,3,280,517,7,4,3,82,0,0,0,0,0
201900012857,19,12,1,1694,5,3,9,2,4476083,171160,9,3,46,1,3,1,19,344,1,4,2,8,0,0,0,0,0
201900012858,19,4,18,642,4,8,9,6,4607311,-161983,5,1,11,1,4,4,888,941,5,2,4,42,0,0,0,0,0
201900012859,19,1,14,1006,3,3,8,5,4629451,-143127,3,1,42,1,2,4,488,525,9,4,1,62,0,0,0,0,0
201900012860,19,8,3,820,4,5,2,2,4626493,-357214,4,2,28,2,2,3,352,903,8,5,4,66,0,0,0,0,0
201900012861,19,9,1,1809,3,8,7,3,4513461,206855,7,4,12,1,3,3,879,898,8,7,5,68,0,0,0,0,0
201900012862,19,5,27,1462,3,2,2,7,4820276,528258,9,3,28,2,4,3,627,325,9,3,1,87,0,0,0,0,0
201900012863,19,10,5,946,5,5,7,5,4715354,131065,2,4,49,3,2,3,65,873,1,6,3,12,0,0,0,0,0
201900012864,19,8,16,1253,5,2,4,7,4718495,379603,4,3,49,2,2,3,679,15,1,2,5,25,0,0,0,0,0
201900012865,19,8,3,1334,4,7,1,2,4816341,-66478,7,3,26,1,1,3,375,797,5,3,4,24,0,0,0,0,0
201900012866,19,9,20,1557,2,3,7,1,4685349,-308889,4,2,13,3,4,2,374,939,7,2,3,66,0,0,0,0,0
201900012867,19,8,23,1921,3,7,9,2,4517831,-81011,8,3,18,2,3,3,142,852,4,5,3,49,0,0,0,0,0
201900012868,19,2,2,462,4,4,4,1,4533025,114637,5,4,23,1,3,3,26,706,5,7,2,70,0,0,0,0,0
201900012869,19,5,20,532,3,7,1,6,4954111,692556,4,4,4,3,2,4,696,498,8,3,2,98,0,0,0,0,0
201900012870,19,5,6,1290,1,8,8,3,4882204,626856,6,4,35,3,2,3,693,177,1,4,1,54,0,0,0,0,0
201900012871,19,10,9,373,3,4,6,3,4692013,-388248,6,4,48,2,3,1,99,662,7,3,5,48,0,0,0,0,0
201900012872,19,3,15,2263,1,9,8,7,4569681,604105,1,3,47,3,2,2,300,601,1,5,5,80,0,0,0,0,0
201900012873,19,4,28,275,1,3,3,4,4921474,274594,9,1,41,2,3,3,376,961,2,2,2,53,0,0,0,0,0
201900012874,19,4,14,717,1,5,2,1,4963121,2092,9,2,41,3,4,1,61,940,8,6,1,69,0,0,0,0,0
201900012875,19,12,22,2208,1,7,3,6,4711130,-372968,1,3,41,3,2,1,179,769,3,3,2,60,0,0,0,0,0
201900012876,19,2,16,2201,1,7,4,2,4643650,481313,5,1,6,1,2,4,187,824,6,1,2,41,0,0,0,0,0
201900012877,19,2,2,22,4,3,5,6,4547701,115790,1,4,6,3,3,2,730,364,2,5,4,71,0,0,0,0,0
201900012878,19,6,18,624,3,7,2,3,4884005,633840,5,1,31,3,3,2,200,417,5,7,3,19,0,0,0,0,0
201900012879,19,5,7,393,1,9,6,1,4579617,521776,3,2,20,2,3,3,131,717,7,4,1,75,0,0,0,0,0
201900012880,19,3,18,1733,1,6,8,5,4646618,245257,9,4,15,2,2,4,725,169,6,1,3,9,0,0,0,0,0
201900012881,19,7,26,258,3,1,9,5,4733755,63400,6,2,35,3,3,1,692,97,3,7,5,22,0,0,0,0,0
201900012882,19,11,11,187,5,7,8,4,4691277,102017,6,1,34,2,2,1,138,503,2,7,5,4,0,0,0,0,0
201900012883,19,6,28,1771,2,6,7,6,4693449,-246957,4,3,36,2,4,2,145,719,8,6,1,60,0,0,0,0,0
201900012884,19,2,19,2007,2,8,6,7,4958440,18308,1,2,12,1,3,3,180,586,8,4,3,52,0,0,0,0,0
201900012885,19,8,15,1868,1,9,2,2,4947870,-252756,9,4,30,3,2,2,159,142,8,1,3,25,0,0,0,0,0
201900012886,19,7,26,1936,5,1,6,4,4750267,545915,3,1,1,1,2,1,703,504,8,4,4,30,0,0,0,0,0
201900012887,19,7,12,74,4,3,7,2,4678902,-158446,3,2,47,1,3,2,764,869,3,6,2,69,0,0,0,0,0
201900012888,19,5,5,545,2,3,1,2,4537593,515296,1,2,15,3,3,4,569,149,3,7,5,4,0,0,0,0,0
201900012889,19,5,27,464,2,4,8,1,4673420,-291630,6,2,8,2,4,3,902,279,5,7,5,60,0,0,0,0,0
201900012890,19,5,15,1957,3,7,9,4,4794024,19443,4,2,25,1,3,3,803,151,9,5,5,99,0,0,0,0,0
201900012891,19,3,17,2324,3,4,4,6,4569229,-311121,6,4,20,3,4,3,682,852,7,4,1,92,0,0,0,0,0
201900012892,19,5,9,736,2,5,3,7,4730456,488853,2,2,30,3,1,3,576,450,2,5,3,23,0,0,0,0,0
201900012893,19,1,4,1682,5,8,6,1,4829185,471165,7,1,24,2,3,1,141,994,9,3,1,35,0,0,0,0,0
201900012894,19,1,23,2191,2,8,2,6,4679157,-321332,7,3,47,1,2,2,905,582,5,5,2,63,0,0,0,0,0
201900012895,19,4,19,800,1,4,7,7,4886112,625327,9,4,40,2,2,1,297,70,6,4,1,84,0,0,0,0,0
201900012896,19,7,9,2110,3,6,4,3,4446691,31021,7,1,22,3,1,3,68,234,8,3,4,28,0,0,0,0,0
201900012897,19,9,15,1092,4,4,4,5,4902848,-134015,6,4,31,1,1,4,689,959,8,3,2,88,0,0,0,0,0
201900012898,19,11,26,429,1,9,3,7,4894584,-321987,2,4,29,2,2,3,76,444,5,7,3,69,0,0,0,0,0
201900012899,19,6,25,1059,2,1,9,2,4598816,-397864,6,4,30,2,2,1,855,798,6,5,1,88,0,0,0,0,0
201900012900,19,12,19,391,4,4,4,1,4415288,-195394,2,1,31,1,2,3,807,251,1,2,5,60,0,0,0,0,0
201900012901,19,11,17,289,3,4,6,1,4787238,569866,1,3,4,3,4,3,8,748,1,2,4,39,0,0,0,0,0
201900012902,19,8,10,1177,1,9,1,4,4673843,192976,7,1,46,2,2,3,142,718,9,3,3,19,0,0,0,0,0
201900012903,19,3,21,33,5,2,7,7,4863897,195270,1,3,0,3,3,2,858,429,1,5,4,64,0,0,0,0,0
201900012904,19,1,28,2279,2,3,5,3,4920751,675241,2,3,37,2,4,4,369,290,6,5,3,71,0,0,0,0,0
201900012905,19,1,23,1063,3,4,4,4,4723853,176937,5,2,46,2,3,1,294,889,9,4,1,11,0,0,0,0,0
201900012906,19,11,10,1320,5,2,2,2,4729002,109206,5,3,16,2,4,3,180,201,8,7,1,4,0,0,0,0,0
201900012907,19,5,22,2184,2,8,9,4,4720186,-215515,8,4,32,2,2,1,246,180,6,6,2,75,0,0,0,0,0
201900012908,19,2,28,1062,3,7,8,2,4719669,515216,2,2,6,3,2,3,515,921,4,1,3,7,0,0,0,0,0
201900012909,19,11,22,270,5,7,5,7,4864515,521088,5,3,4,3,3,2,85,611,3,6,3,34,0,0,0,0,0
201900012910,19,12,28,416,3,6,1,7,4614199,442844,6,3,37,1,1,3,635,877,1,5,4,2,0,0,0,0,0
201900012911,19,4,9,493,1,6,7,6,4468787,281823,9,2,39,2,4,4,909,674,5,3,5,48,0,0,0,0,0
201900012912,19,7,25,451,5,8,4,4,4412499,-225841,4,2,8,1,1,3,330,910,8,7,3,45,0,0,0,0,0
201900012913,19,9,12,1147,3,7,9,7,4946949,533094,7,4,8,2,3,3,652,770,7,6,1,9,0,0,0,0,0
201900012914,19,1,18,1066,3,8,2,5,4506325,589341,9,3,6,2,1,3,256,257,6,3,5,37,0,0,0,0,0
201900012915,19,7,4,224,3,1,6,5,4512935,415373,8,4,5,3,2,3,346,653,4,5,3,41,0,0,0,0,0
201900012916,19,10,26,1175,3,2,9,6,4590517,524005,4,3,46,3,4,4,53,470,3,6,2,13,0,0,0,0,0
201900012917,19,6,4,627,2,8,5,4,4584158,65988,3,3,34,3,4,3,684,835,8,1,4,91,0,0,0,0,0
201900012918,19,7,26,51,3,9,7,5,4961280,-151710,2,3,17,1,4,2,170,767,9,7,1,78,0,0,0,0,0
201900012919,19,4,26,966,2,4,8,1,4592579,376706,1,3,22,2,4,3,274,340,1,1,1,19,0,0,0,0,0
201900012920,19,3,8,659,3,7,1,6,4534035,68380,7,4,17,3,4,3,500,913,4,6,2,32,0,0,0,0,0
201900012921,19,8,26,2,3,3,3,7,4438448,525913,1,2,9,2,1,1,841,345,7,4,2,2,0,0,0,0,0
201900012922,19,6,5,293,3,9,9,4,4581777,-338591,1,4,5,2,2,3,697,305,5,1,2,53,0,0,0,0,0
201900012923,19,5,12,1157,1,2,8,2,4854087,344279,3,4,50,2,1,1,772,856,7,6,4,20,0,0,0,0,0
201900012924,19,7,16,658,3,4,4,6,4714772,336258,2,3,1,2,3,2,463,595,7,4,1,95,0,0,0,0,0
201900012925,19,9,13,720,5,2,9,3,4927039,694867,5,1,43,2,4,4,727,560,9,3,3,66,0,0,0,0,0
201900012926,19,4,14,409,4,7,5,1,4939535,80824,7,2,4,1,1,3,576,507,9,5,1,80,0,0,0,0,0
201900012927,19,1,11,1728,4,7,9,3,4815973,-50063,3,2,8,3,2,3,857,339,2,6,4,94,0,0,0,0,0
201900012928,19,5,4,1537,4,6,4,7,4592792,444710,9,1,51,3,3,1,444,361,7,3,1,55,0,0,0,0,0
201900012929,19,5,8,1444,2,2,2,4,4461460,591451,5,1,46,2,3,1,240,576,8,4,3,28,0,0,0,0,0
201900012930,19,6,15,320,1,3,2,7,4823462,-181043,4,1,31,1,2,4,674,216,9,7,5,49,0,0,0,0,0
201900012931,19,10,11,2025,5,5,2,1,4792462,621776,9,3,32,2,2,2,206,197,1,7,3,77,0,0,0,0,0
201900012932,19,7,11,1622,4,2,3,3,4576804,577416,1,1,8,2,2,2,654,523,2,3,2,95,0,0,0,0,0