Num_Acc,an,mois,jour,hrmn,lum,int,atm,col,lat,long,catr,circ,nbv,vosp,prof,plan,lartpc,larrout,surf,infra,situ,env1,unscathed,killed,hospital,light,chance
201900012933,19,5,16,695,4,1,4,1,4809321,416750,5,1,49,2,3,2,448,595,7,5,1,45,0,0,0,0,0
201900012934,19,5,25,2086,5,8,1,1,4442045,216389,8,3,30,3,4,1,577,492,6,6,5,29,0,0,0,0,0
201900012935,19,10,9,1249,1,1,4,4,4412079,-100171,2,3,26,1,1,1,77,664,3,5,4,7,0,0,0,0,0
201900012936,19,9,8,245,4,1,5,6,4668450,-107662,9,2,34,2,3,2,139,994,9,5,4,84,0,0,0,0,0
201900012937,19,4,9,1497,4,8,1,7,4453968,-65589,9,3,30,2,4,2,211,39,2,3,4,3,0,0,0,0,0
201900012938,19,6,24,419,5,6,8,3,4935658,168315,5,4,46,3,4,3,119,493,9,4,4,22,0,0,0,0,0
201900012939,19,6,3,1222,5,3,4,2,4462722,653369,6,4,44,2,2,3,276,845,2,4,1,83,0,0,0,0,0
201900012940,19,5,20,2215,3,5,7,6,4867512,607223,3,2,47,3,3,4,634,784,1,7,2,11,0,0,0,0,0
201900012941,19,4,7,622,4,5,6,4,4727812,-251974,1,1,6,3,1,1,876,477,8,5,5,76,0,0,0,0,0
201900012942,19,7,11,402,2,7,9,3,4560025,-140680,8,4,44,3,4,2,211,461,6,6,3,84,0,0,0,0,0
201900012943,19,5,3,1304,1,2,6,5,4661576,264436,8,4,36,1,1,3,442,144,5,4,2,17,0,0,0,0,0
201900012944,19,5,3,1326,5,6,3,4,4445747,-111546,1,4,2,2,4,4,452,346,8,6,2,99,0,0,0,0,0
201900012945,19,12,12,44,1,5,3,1,4713299,37712,2,4,14,1,2,1,340,931,2,1,5,24,0,0,0,0,0
201900012946,19,11,1,1771,1,4,9,3,4756965,-303417,1,3,21,3,2,3,418,420,1,7,5,27,0,0,0,0,0
201900012947,19,6,3,62,2,3,7,7,4762149,685866,5,4,0,2,3,3,22,726,4,5,4,62,0,0,0,0,0
201900012948,19,1,3,546,1,7,2,3,4883155,593337,9,2,2,1,3,2,539,707,5,6,2,39,0,0,0,0,0
201900012949,19,10,15,1792,2,1,5,4,4732187,439779,7,4,21,3,2,4,509,37,3,6,1,78,0,0,0,0,0
201900012950,19,3,3,2333,3,8,5,2,4747817,75735,1,2,9,3,4,4,371,880,7,2,1,11,0,0,0,0,0
201900012951,19,9,19,1433,3,3,1,5,4450022,637000,9,1,37,1,3,1,425,407,5,4,3,28,0,0,0,0,0
201900012952,19,12,15,1280,4,9,1,6,4873993,639500,3,2,11,3,2,1,355,200,5,6,5,37,0,0,0,0,0
201900012953,19,6,18,66,5,2,8,3,4682732,692744,5,1,21,1,2,3,364,460,3,5,3,26,0,0,0,0,0
201900012954,19,5,27,1824,4,5,3,7,4874162,370838,6,3,2,2,3,1,289,493,2,4,5,56,0,0,0,0,0
201900012955,19,8,21,1989,4,5,2,6,4843255,463317,7,3,38,1,3,3,419,65,8,3,2,96,0,0,0,0,0
201900012956,19,10,8,362,3,6,3,5,4416710,283672,3,3,22,2,1,3,190,53,3,2,5,9,0,0,0,0,0
201900012957,19,12,4,594,2,1,4,5,4800853,-322207,2,1,22,3,4,3,460,421,2,7,5,70,0,0,0,0,0
201900012958,19,10,13,383,1,7,7,4,4938363,-63947,4,1,20,3,3,3,698,428,7,6,4,82,0,0,0,0,0
201900012959,19,10,20,1414,1,9,8,7,4840418,2989,6,4,40,1,1,3,166,311,2,1,1,46,0,0,0,0,0
201900012960,19,9,17,1141,2,7,1,2,4416196,458692,1,3,15,2,2,1,797,724,5,6,5,41,0,0,0,0,0
201900012961,19,1,12,221,1,1,8,3,4584381,578480,9,1,37,1,3,4,31,428,3,1,4,61,0,0,0,0,0
201900012962,19,10,2,960,4,2,2,4,4454065,557369,1,2,38,3,3,2,486,438,7,6,4,5,0,0,0,0,0
201900012963,19,2,16,1761,3,6,4,6,4602172,698315,1,4,51,1,4,4,473,149,3,6,4,8,0,0,0,0,0
201900012964,19,11,12,364,5,4,1,6,4896140,533961,2,3,31,2,3,4,574,940,4,7,1,4,0,0,0,0,0
201900012965,19,8,16,1771,4,4,2,5,4583662,-163406,3,2,7,3,2,2,885,405,2,2,3,2,0,0,0,0,0
201900012966,19,7,12,273,2,8,6,4,4922014,-253553,5,3,15,3,3,2,251,434,1,3,2,85,0,0,0,0,0
201900012967,19,5,23,1727,1,1,5,6,4695355,-88807,7,2,45,3,2,2,237,698,9,1,5,26,0,0,0,0,0
201900012968,19,5,3,1866,2,9,3,6,4919477,-147305,7,2,31,2,4,1,871,362,1,1,2,66,0,0,0,0,0
201900012969,19,5,12,957,5,3,3,6,4532659,456624,3,1,27,1,3,4,37,263,9,7,4,67,0,0,0,0,0
201900012970,19,4,12,820,1,1,2,5,4819613,280213,2,4,45,2,1,1,289,377,2,7,1,94,0,0,0,0,0
201900012971,19,10,19,530,5,2,1,5,4673317,629601,4,1,3,3,4,4,677,543,6,3,4,76,0,0,0,0,0
201900012972,19,1,13,967,1,1,6,4,4787295,314478,5,4,35,3,2,3,243,865,2,1,2,36,0,0,0,0,0
201900012973,19,1,23,577,4,3,9,4,4705816,677325,1,1,18,3,4,4,368,770,7,1,1,36,0,0,0,0,0
201900012974,19,6,12,2020,5,1,4,2,4751589,466665,5,3,14,2,1,3,507,721,4,4,3,36,0,0,0,0,0
201900012975,19,8,27,936,4,1,2,6,4561750,88473,9,1,17,2,4,3,692,504,3,5,2,81,0,0,0,0,0
201900012976,19,2,15,1474,2,2,2,2,4824084,540968,3,1,44,2,4,4,26,197,3,6,3,12,0,0,0,0,0
201900012977,19,1,13,751,2,9,7,7,4499608,-284069,7,1,40,3,1,4,830,251,9,2,2,60,0,0,0,0,0
201900012978,19,9,20,143,1,9,6,7,4402933,-18071,7,2,10,3,4,3,346,81,2,4,3,40,0,0,0,0,0
201900012979,19,9,14,1676,1,4,6,7,4862726,625356,1,2,9,2,3,3,909,407,5,4,5,80,0,0,0,0,0
201900012980,19,1,6,1145,1,5,6,7,4900909,448819,2,2,50,3,3,4,79,452,5,5,3,89,0,0,0,0,0
201900012981,19,7,10,2351,1,7,1,2,4995306,-293680,1,1,47,2,1,4,622,228,6,1,4,7,0,0,0,0,0
201900012982,19,6,8,416,4,3,8,5,4610995,542082,4,4,7,1,3,1,854,896,7,2,3,97,0,0,0,0,0
201900012983,19,7,21,2026,4,2,8,4,4495915,-66510,8,3,4,2,1,4,37,289,8,5,5,61,0,0,0,0,0
201900012984,19,9,4,1747,2,4,4,2,4781125,612084,6,1,30,2,4,3,620,850,8,6,5,14,0,0,0,0,0
201900012985,19,1,25,1446,1,4,5,1,4456568,328,6,4,48,1,4,2,831,396,7,3,1,29,0,0,0,0,0
201900012986,19,8,1,113,3,2,5,5,4441984,-123138,5,3,35,3,3,1,759,923,8,2,2,69,0,0,0,0,0
201900012987,19,10,14,1736,1,3,2,6,4660274,111003,5,3,28,1,1,2,869,914,4,3,3,56,0,0,0,0,0
201900012988,19,8,3,615,1,9,6,5,4505391,447131,3,2,14,3,2,3,348,65,2,5,2,69,0,0,0,0,0
201900012989,19,7,4,2227,4,3,4,2,4450474,-109531,9,1,32,2,4,2,10,108,6,4,5,35,0,0,0,0,0
201900012990,19,6,16,1517,4,3,1,7,4991752,698675,9,1,22,1,1,3,246,102,1,6,1,55,0,0,0,0,0
201900012991,19,2,19,1399,5,9,4,5,4757182,189379,1,1,5,1,1,4,540,795,8,4,2,13,0,0,0,0,0
201900012992,19,11,28,1513,4,2,4,6,4742096,-3045,9,4,8,2,3,1,514,425,7,7,1,47,0,0,0,0,0
201900012993,19,1,5,1319,1,4,8,3,4528650,-43572,2,1,17,1,4,4,723,701,7,1,5,63,0,0,0,0,0
201900012994,19,5,22,143,5,7,8,1,4849572,75212,9,2,52,2,2,2,186,130,2,2,2,45,0,0,0,0,0
201900012995,19,2,6,1214,4,2,6,7,4899566,-291885,4,4,35,3,1,4,266,115,4,3,3,32,0,0,0,0,0
201900012996,19,4,12,513,5,8,2,1,4812468,-370684,8,4,16,2,3,2,284,395,3,7,1,95,0,0,0,0,0
201900012997,19,3,22,1931,5,9,1,3,4632263,318813,5,1,7,1,1,2,157,553,1,2,4,2,0,0,0,0,0
201900012998,19,5,9,1058,1,6,5,3,4737268,596093,9,1,49,2,3,1,657,198,3,1,4,60,0,0,0,0,0
201900012999,19,11,1,1778,5,9,3,5,4964600,246909,8,2,10,1,1,2,601,1,4,4,4,29,0,0,0,0,0
201900013000,19,11,24,1916,2,9,5,4,4832297,638109,1,1,9,1,3,3,296,76,9,3,1,5,0,0,0,0,0
201900013001,19,7,19,1242,1,7,8,5,4654850,178626,5,4,36,1,1,3,214,607,3,7,5,94,0,0,0,0,0
201900013002,19,6,12,2131,3,5,4,1,4768488,114238,8,4,12,3,3,2,899,914,5,1,3,80,0,0,0,0,0
201900013003,19,10,3,1036,4,6,4,5,4930445,-319428,4,4,30,1,3,3,50,176,1,4,3,48,0,0,0,0,0
201900013004,19,3,19,360,1,2,5,6,4770511,223986,7,3,46,3,3,1,154,245,7,6,1,32,0,0,0,0,0
201900013005,19,5,8,772,3,9,1,3,4701430,-197662,6,3,7,2,2,2,761,423,4,6,2,8,0,0,0,0,0
201900013006,19,2,6,1078,5,7,7,7,4521416,525376,9,2,46,3,1,3,571,659,7,2,1,26,0,0,0,0,0
201900013007,19,11,13,1458,4,2,6,7,4753503,490837,4,1,44,3,1,2,164,39,7,3,3,41,0,0,0,0,0
201900013008,19,9,4,965,5,2,9,3,4512842,-3261,9,4,34,3,1,2,699,895,1,3,2,88,0,0,0,0,0
201900013009,19,7,21,157,1,8,1,5,4864163,83171,6,1,17,3,3,2,413,711,1,7,5,61,0,0,0,0,0
201900013010,19,11,11,1040,3,2,5,1,4905837,671718,4,2,42,1,1,1,120,933,4,2,1,97,0,0,0,0,0
201900013011,19,9,12,2272,1,7,5,2,4549873,-132038,2,4,24,2,4,1,893,489,9,1,3,60,0,0,0,0,0
201900013012,19,7,10,777,3,1,9,6,4766587,520336,9,4,31,3,3,3,760,588,5,6,2,37,0,0,0,0,0
201900013013,19,4,1,996,5,4,3,5,4517696,-136221,6,2,32,2,3,4,254,624,8,2,5,84,0,0,0,0,0
201900013014,19,5,27,1301,5,3,9,1,4998676,-122001,2,3,6,3,4,2,828,856,7,1,5,59,0,0,0,0,0
201900013015,19,4,17,1929,5,7,8,7,4719771,-151987,5,4,38,2,3,1,84,412,9,3,3,50,0,0,0,0,0
201900013016,19,2,11,1640,3,4,3,6,4468788,626573,3,2,52,2,3,3,449,451,9,2,1,30,0,0,0,0,0
201900013017,19,7,14,1456,3,8,9,4,4622676,662030,4,2,37,2,2,3,173,422,4,5,3,9,0,0,0,0,0
201900013018,19,4,7,1391,4,4,1,2,4439598,119097,6,3,23,1,2,3,207,916,8,5,1,10,0,0,0,0,0
201900013019,19,12,23,84,3,9,2,7,4497296,22064,1,3,9,1,1,4,310,451,2,4,1,12,0,0,0,0,0
201900013020,19,12,16,1996,3,4,6,1,4792415,-72401,3,1,5,3,3,2,856,633,5,6,2,71,0,0,0,0,0
201900013021,19,8,8,34,2,5,1,5,4818149,-211586,2,3,14,1,3,4,638,479,3,6,4,44,0,0,0,0,0
201900013022,19,4,3,678,2,9,5,5,4856635,601647,4,4,46,1,1,4,45,241,1,6,5,55,0,0,0,0,0
201900013023,19,3,7,1754,5,2,8,2,4436004,-179829,1,3,2,3,4,4,428,206,6,4,4,65,0,0,0,0,0
201900013024,19,10,12,1906,4,1,9,6,4883293,-202524,2,1,21,1,3,3,461,726,3,2,2,87,0,0,0,0,0
201900013025,19,2,27,1341,5,9,2,3,4663192,694358,6,4,34,1,3,4,48,419,9,6,1,50,0,0,0,0,0
201900013026,19,9,6,203,2,6,9,5,4703976,-271579,7,3,23,2,2,1,802,121,1,5,1,97,0,0,0,0,0
201900013027,19,11,23,2115,5,9,2,5,4877279,225305,3,2,51,3,4,4,30,57,5,7,3,99,0,0,0,0,0
201900013028,19,12,3,1668,1,9,5,4,4599419,-154162,8,4,45,3,4,1,197,281,8,4,2,98,0,0,0,0,0
201900013029,19,12,17,1423,4,1,1,2,4594291,-260664,7,1,19,3,2,1,768,406,6,4,5,9,0,0,0,0,0
201900013030,19,11,8,1702,2,5,6,2,4708715,535811,2,4,38,3,2,2,872,356,9,5,3,29,0,0,0,0,0
201900013031,19,8,27,1407,3,7,1,4,4428801,238009,3,2,25,2,4,3,794,888,4,5,2,74,0,0,0,0,0
201900013032,19,7,11,1232,2,5,7,3,4536430,-218265,7,2,46,1,3,4,185,301,2,5,1,88,0,0,0,0,0
201900013033,19,11,9,240,2,6,5,6,4570839,325767,2,1,35,1,3,3,461,829,7,6,2,39,0,0,0,0,0
201900013034,19,7,19,246,2,1,1,4,4712959,241197,1,2,5,3,3,3,678,132,1,7,2,39,0,0,0,0,0
201900013035,19,1,13,783,2,3,4,4,4718863,212643,5,3,10,3,3,1,388,714,9,3,4,58,0,0,0,0,0
201900013036,19,11,28,1760,3,7,8,6,4891042,501542,8,3,25,2,2,2,258,905,3,6,3,22,0,0,0,0,0
201900013037,19,3,27,1698,1,2,9,5,4507248,-317714,8,4,48,2,4,4,439,150,8,3,1,22,0,0,0,0,0
201900013038,19,7,18,1653,2,5,8,7,4834996,-252960,2,4,16,1,3,3,31,86,7,5,5,53,0,0,0,0,0
201900013039,19,12,7,2342,3,3,7,4,4911869,55751,2,1,35,2,2,1,374,763,7,6,4,99,0,0,0,0,0
201900013040,19,2,16,278,5,1,9,3,4687197,-224894,8,3,40,1,3,1,722,559,8,2,1,0,0,0,0,0,0
201900013041,19,9,24,736,4,1,4,6,4948887,-251205,7,3,5,3,3,1,423,660,4,5,1,85,0,0,0,0,0
201900013042,19,5,25,1659,5,5,1,5,4615618,-193713,5,3,51,1,2,2,129,52,7,6,4,52,0,0,0,0,0
201900013043,19,1,1,1053,5,3,6,7,4930763,88164,4,3,2,3,3,2,704,796,7,2,4,88,0,0,0,0,0
201900013044,19,5,27,524,1,1,9,3,4955440,209698,8,2,33,2,1,1,573,124,8,6,4,36,0,0,0,0,0
201900013045,19,11,15,134,4,5,8,6,4793301,-159008,7,3,49,1,4,2,250,501,2,1,1,65,0,0,0,0,0
201900013046,19,5,4,1166,5,4,9,6,4504287,419500,8,2,43,3,4,2,712,962,4,6,5,83,0,0,0,0,0
201900013047,19,11,28,232,5,4,4,4,4844919,415713,9,2,25,1,2,2,244,827,9,6,2,16,0,0,0,0,0
201900013048,19,12,10,30,5,8,7,6,4655215,-161632,7,4,46,1,2,1,138,701,1,1,4,42,0,0,0,0,0
201900013049,19,6,19,1778,3,5,3,7,4967602,-142842,7,1,29,3,4,3,562,24,1,1,4,11,0,0,0,0,0
201900013050,19,8,6,381,3,5,6,7,4848949,129779,3,1,2,1,1,4,183,70,6,5,1,24,0,0,0,0,0
201900013051,19,11,14,2049,2,1,2,5,4946902,656899,5,2,4,2,2,1,819,553,2,7,4,73,0,0,0,0,0
201900013052,19,4,20,609,4,9,1,4,4724625,-170831,4,3,42,1,1,4,507,42,2,1,3,16,0,0,0,0,0
201900013053,19,3,12,389,3,6,6,5,4890066,-56285,7,4,36,3,1,3,494,452,7,7,4,60,0,0,0,0,0
201900013054,19,3,17,1293,4,4,3,7,4540143,-391538,5,1,0,3,4,4,743,84,9,5,4,97,0,0,0,0,0
201900013055,19,8,24,1183,5,4,4,2,4794179,532978,9,2,25,1,2,4,790,216,9,7,4,72,0,0,0,0,0
201900013056,19,3,6,1660,2,7,1,4,4767854,115185,7,1,25,1,3,4,549,544,3,7,1,30,0,0,0,0,0
201900013057,19,9,21,1697,2,1,9,4,4819488,121622,9,1,28,3,1,4,665,762,2,4,2,68,0,0,0,0,0
201900013058,19,2,19,644,1,3,9,5,4473083,484460,9,2,15,1,3,3,254,565,1,3,5,14,0,0,0,0,0
201900013059,19,4,15,1221,2,9,4,2,4855321,423454,9,4,3,1,4,4,585,788,9,4,4,49,0,0,0,0,0
201900013060,19,8,20,1075,1,9,3,5,4647956,212267,8,1,44,2,4,2,284,687,9,3,2,48,0,0,0,0,0
201900013061,19,11,3,864,2,7,8,3,4978258,-162095,3,1,7,1,4,3,13,220,4,5,3,43,0,0,0,0,0
201900013062,19,6,11,1226,4,6,8,6,4865139,536517,1,4,20,1,2,3,592,424,1,4,5,73,0,0,0,0,0
201900013063,19,12,3,47,2,5,7,3,4673653,43139,8,1,38,3,3,4,847,155,6,5,5,61,0,0,0,0,0
201900013064,19,11,2,1141,4,5,8,3,4694787,-387469,2,2,25,3,3,4,220,901,3,2,3,58,0,0,0,0,0
201900013065,19,3,11,2225,4,5,9,2,4942947,45185,7,3,51,1,2,2,583,827,5,2,2,96,0,0,0,0,0
201900013066,19,9,8,1245,1,5,3,7,4453136,-399452,9,4,45,1,3,2,781,136,3,4,2,14,0,0,0,0,0
201900013067,19,12,9,2155,5,3,9,2,4840761,489364,2,4,51,1,3,2,440,780,5,4,4,71,0,0,0,0,0
201900013068,19,11,25,1176,4,5,4,5,4633730,-15565,3,3,8,3,3,1,733,806,1,5,2,86,0,0,0,0,0
201900013069,19,9,26,287,4,7,2,6,4763517,564656,4,2,15,1,3,1,219,376,5,7,1,87,0,0,0,0,0
201900013070,19,8,16,1488,2,9,8,4,4876975,464260,1,2,36,1,4,2,349,94,1,7,4,52,0,0,0,0,0
201900013071,19,2,2,265,3,4,7,4,4486749,-117825,7,3,48,1,2,4,208,32,7,6,5,91,0,0,0,0,0
201900013072,19,1,20,2212,5,6,9,1,4629354,313129,3,1,15,2,4,4,789,658,4,6,2,14,0,0,0,0,0
201900013073,19,1,1,722,5,4,6,4,4575708,194519,2,1,29,2,1,3,478,14,4,4,4,13,0,0,0,0,0
201900013074,19,6,27,708,4,5,7,7,4891908,-291660,9,1,7,2,3,4,561,199,9,3,5,37,0,0,0,0,0
201900013075,19,3,25,627,4,6,5,6,4798803,-333362,7,1,51,3,2,2,34,411,1,6,5,73,0,0,0,0,0
201900013076,19,1,11,2220,1,4,3,7,4533800,-383665,2,4,7,1,2,3,52,116,1,7,2,92,0,0,0,0,0
201900013077,19,9,18,1293,3,3,8,3,4650733,-56044,4,1,35,1,1,3,438,762,7,2,5,61,0,0,0,0,0
201900013078,19,12,26,60,5,6,1,5,4840034,557010,5,3,44,1,4,4,323,453,7,7,3,34,0,0,0,0,0
201900013079,19,12,10,2211,2,5,4,2,4988371,-177271,9,4,38,1,1,4,153,651,7,1,3,80,0,0,0,0,0
201900013080,19,3,1,1107,1,5,3,1,4450985,-188687,1,1,26,2,3,2,439,183,1,4,4,29,0,0,0,0,0
201900013081,19,1,10,1356,4,7,1,4,4689860,-110931,4,1,11,2,2,1,223,672,9,5,1,2,0,0,0,0,0
201900013082,19,6,26,1779,3,2,2,3,4621990,-65598,2,2,18,3,1,4,738,981,5,3,3,33,0,0,0,0,0
201900013083,19,8,1,1602,4,6,3,7,4738142,622470,7,2,33,3,4,3,45,366,7,5,4,96,0,0,0,0,0
201900013084,19,5,23,1575,4,2,1,6,4417768,-126822,9,3,46,3,3,3,78,457,7,1,3,19,0,0,0,0,0
201900013085,19,7,11,768,2,4,9,7,4825069,-151908,1,2,18,2,3,3,86,905,9,3,4,32,0,0,0,0,0
201900013086,19,4,6,1041,4,5,3,4,4459997,-311523,7,1,39,3,2,3,95,777,1,3,3,60,0,0,0,0,0
201900013087,19,4,21,630,4,8,3,6,4680096,-247779,3,4,15,3,2,1,113,408,7,6,3,29,0,0,0,0,0
201900013088,19,3,16,942,5,5,6,6,4833045,-10462,2,1,45,3,1,3,79,587,3,5,5,58,0,0,0,0,0
201900013089,19,2,12,2274,4,8,7,5,4801971,264620,3,1,41,1,1,1,389,681,7,4,5,17,0,0,0,0,0
201900013090,19,11,10,1937,2,9,7,5,4674367,612417,8,4,40,1,1,4,8,938,6,6,3,18,0,0,0,0,0
201900013091,19,11,3,507,2,6,3,1,4923216,685054,4,2,25,2,1,3,788,646,8,2,5,4,0,0,0,0,0
201900013092,19,11,26,800,2,7,7,4,4995175,544661,2,2,0,2,3,2,596,629,8,7,1,5,0,0,0,0,0
201900013093,19,8,27,237,3,3,9,6,4979714,-253592,5,3,45,3,4,3,909,433,1,2,4,46,0,0,0,0,0
201900013094,19,8,20,2240,4,8,6,5,4666156,-383587,5,4,50,3,4,1,117,155,6,2,1,41,0,0,0,0,0
201900013095,19,5,7,1873,1,3,7,7,4888843,502825,2,1,35,2,1,3,295,495,1,3,5,66,0,0,0,0,0
201900013096,19,3,3,1009,1,1,6,1,4738417,414666,1,1,52,1,3,2,352,165,4,3,4,17,0,0,0,0,0
201900013097,19,9,8,366,3,5,7,3,4486496,48693,6,2,16,1,4,1,591,597,9,1,5,20,0,0,0,0,0
201900013098,19,11,7,652,4,3,2,3,4916198,192410,7,3,45,3,1,3,19,184,1,3,4,71,0,0,0,0,0
201900013099,19,11,14,2132,5,4,1,3,4713416,447527,1,3,36,2,4,4,411,822,3,6,2,94,0,0,0,0,0
201900013100,19,2,19,598,1,3,8,5,4784797,-139194,5,2,1,3,1,3,632,573,7,2,4,53,0,0,0,0,0
201900013101,19,2,8,1221,1,3,2,4,4938169,-233710,7,2,32,2,4,4,816,484,3,6,1,0,0,0,0,0,0
201900013102,19,8,15,1059,1,7,9,2,4649694,-49224,9,4,16,1,4,3,653,182,2,2,4,62,0,0,0,0,0
201900013103,19,3,22,783,5,6,6,6,4530671,106320,2,3,42,2,1,2,148,995,7,1,4,41,0,0,0,0,0
201900013104,19,6,20,775,2,9,7,5,4434868,-166368,5,4,30,3,1,2,398,110,6,1,2,37,0,0,0,0,0
201900013105,19,4,22,357,3,6,2,1,4417192,98250,1,3,7,3,1,3,681,431,5,7,1,15,0,0,0,0,0
201900013106,19,3,11,118,3,6,8,1,4893901,284460,7,2,51,2,1,3,898,957,5,6,5,74,0,0,0,0,0
201900013107,19,1,9,180,4,1,3,2,4987018,-152648,5,1,42,2,3,1,785,518,5,1,5,2,0,0,0,0,0
201900013108,19,7,20,1554,1,6,7,7,4502403,-230076,6,2,37,2,1,3,731,263,3,3,1,37,0,0,0,0,0
201900013109,19,10,12,2243,2,7,5,2,4414998,510547,3,2,40,2,1,3,413,572,6,2,2,86,0,0,0,0,0
201900013110,19,7,5,1926,1,5,2,6,4958627,151670,2,1,14,1,1,4,30,292,6,7,4,56,0,0,0,0,0
201900013111,19,10,1,741,1,7,9,3,4801125,-165147,7,3,27,2,4,1,349,424,2,1,3,60,0,0,0,0,0
201900013112,19,4,12,1355,1,5,6,3,4885052,113339,2,2,5,2,3,3,288,326,3,1,3,52,0,0,0,0,0
201900013113,19,11,18,1348,4,1,7,4,4661538,75037,6,4,0,1,2,1,73,283,2,7,1,54,0,0,0,0,0
201900013114,19,9,5,1025,5,6,9,4,4927928,263059,6,3,15,3,1,2,27,786,4,6,1,66,0,0,0,0,0
201900013115,19,12,24,1,5,3,4,5,4813391,-343414,7,2,1,2,3,3,442,468,4,5,2,21,0,0,0,0,0
201900013116,19,7,16,216,1,2,3,6,4454783,-1230,8,3,45,2,4,1,689,604,1,4,3,41,0,0,0,0,0
201900013117,19,12,22,95,5,6,9,2,4878259,597602,9,2,40,3,2,3,285,749,7,4,2,29,0,0,0,0,0
201900013118,19,7,8,2204,5,5,4,1,4838678,185587,8,4,45,1,3,2,682,64,3,3,4,51,0,0,0,0,0
201900013119,19,1,14,89,3,5,4,1,4566049,697918,6,4,51,2,1,1,305,560,5,5,3,58,0,0,0,0,0
201900013120,19,9,22,1512,2,7,5,7,4709595,567568,3,3,21,3,4,3,152,813,5,4,2,92,0,0,0,0,0
201900013121,19,5,13,1461,1,2,9,1,4413537,-5196,4,3,21,1,1,2,613,476,9,5,5,59,0,0,0,0,0
201900013122,19,12,22,2218,2,4,7,3,4985438,-188015,7,2,50,3,3,3,838,141,2,1,3,59,0,0,0,0,0
201900013123,19,1,6,345,3,5,9,6,4940581,220869,8,3,31,1,3,2,194,47,6,4,5,44,0,0,0,0,0
201900013124,19,4,28,658,1,5,7,2,4970284,425704,6,2,4,2,2,1,552,587,9,1,1,11,0,0,0,0,0
201900013125,19,6,5,747,2,7,5,3,4807590,85277,9,2,26,3,4,4,27,203,8,1,3,8,0,0,0,0,0
201900013126,19,4,26,1781,1,1,7,3,4516596,-21319,1,3,34,1,4,2,322,695,9,3,5,0,0,0,0,0,0
201900013127,19,12,15,1689,2,5,7,1,4887917,330608,8,1,16,2,2,2,529,353,3,3,1,96,0,0,0,0,0
201900013128,19,10,14,579,2,4,9,4,4972949,381275,4,2,22,3,3,4,827,493,8,7,1,65,0,0,0,0,0
201900013129,19,10,11,376,3,5,3,4,4443035,-52855,7,3,49,1,3,2,832,469,6,2,3,2,0,0,0,0,0
201900013130,19,2,14,1743,4,3,9,6,4767125,-287646,2,4,34,3,1,3,298,67,1,6,3,50,0,0,0,0,0
201900013131,19,2,28,444,1,4,1,7,4572657,111520,8,4,31,3,1,4,270,722,3,2,3,67,0,0,0,0,0
201900013132,19,2,16,927,1,2,2,2,4977334,-247664,4,4,19,3,2,3,638,174,8,7,2,72,0,0,0,0,0
201900013133,19,12,2,980,3,4,2,4,4508569,474126,5,3,49,3,3,3,214,592,7,7,4,74,0,0,0,0,0
201900013134,19,3,15,699,4,4,3,1,4877509,-16241,1,2,34,2,3,1,463,369,9,5,2,71,0,0,0,0,0
201900013135,19,3,11,166,4,7,1,6,4850269,43543,8,4,32,1,3,4,181,845,1,3,4,94,0,0,0,0,0
201900013136,19,4,2,385,5,7,4,1,4526741,-131632,9,3,22,3,1,1,772,433,7,4,5,93,0,0,0,0,0
201900013137,19,11,22,935,1,9,2,5,4887032,268207,7,4,35,2,1,2,343,818,8,5,5,87,0,0,0,0,0
201900013138,19,6,16,777,5,7,3,5,4978313,310208,3,4,39,2,2,3,88,230,1,1,5,47,0,0,0,0,0
201900013139,19,6,27,1579,4,7,5,2,4792140,-2089,8,3,34,1,1,3,747,314,6,3,2,23,0,0,0,0,0
201900013140,19,4,26,1428,5,7,1,3,4821275,47327,3,1,11,3,4,1,4,785,2,3,2,88,0,0,0,0,0
201900013141,19,5,11,17,2,1,9,2,4603506,508907,1,3,10,1,2,3,392,616,1,4,2,12,0,0,0,0,0
201900013142,19,2,11,1406,4,8,9,4,4598612,277306,4,4,47,3,2,1,504,336,5,4,3,95,0,0,0,0,0
201900013143,19,9,26,1626,3,4,6,4,4558246,81048,7,1,33,3,1,4,881,288,5,6,4,92,0,0,0,0,0
201900013144,19,8,17,2118,1,9,2,5,4554076,303991,8,1,22,3,2,3,96,374,7,7,3,94,0,0,0,0,0
201900013145,19,4,13,940,5,1,6,1,4693206,360854,4,4,22,3,2,2,805,816,4,4,4,51,0,0,0,0,0
201900013146,19,4,6,113,3,9,9,6,4583186,580843,4,3,4,2,3,2,743,143,8,3,3,79,0,0,0,0,0