Num_Acc,an,mois,jour,hrmn,lum,int,atm,col,lat,long,catr,circ,nbv,vosp,prof,plan,lartpc,larrout,surf,infra,situ,env1,unscathed,killed,hospital,light,chance
201900013147,19,4,6,1181,2,7,7,4,4922035,335488,2,2,26,2,3,4,708,611,2,6,5,22,0,0,0,0,0
201900013148,19,3,9,1055,4,8,9,6,4920306,183850,4,2,44,1,3,3,153,500,9,1,5,83,0,0,0,0,0
201900013149,19,8,26,404,5,2,5,4,4707099,18806,7,2,11,2,1,2,859,5,8,6,3,94,0,0,0,0,0
201900013150,19,4,5,533,5,8,2,7,4458441,375659,7,2,3,3,4,1,236,170,8,3,5,90,0,0,0,0,0
201900013151,19,4,23,957,2,1,1,4,4616245,375792,5,3,5,3,1,2,323,411,8,3,2,67,0,0,0,0,0
201900013152,19,5,23,1278,2,7,1,2,4869442,530915,1,3,11,1,4,2,483,143,2,2,4,62,0,0,0,0,0
201900013153,19,10,5,982,5,8,3,3,4507091,437371,1,1,29,3,2,4,205,411,5,7,1,70,0,0,0,0,0
201900013154,19,3,13,1061,5,3,3,6,4559104,122076,6,3,26,1,3,3,312,22,4,3,2,43,0,0,0,0,0
201900013155,19,8,26,475,1,5,6,1,4759048,458144,5,3,3,2,2,2,130,735,8,5,4,41,0,0,0,0,0
201900013156,19,1,9,1059,3,1,3,2,4938804,663739,1,1,27,1,4,4,138,471,1,6,1,38,0,0,0,0,0
201900013157,19,8,19,593,5,3,4,2,4431354,-111429,2,4,45,1,1,1,454,668,6,7,3,2,0,0,0,0,0
201900013158,19,6,4,138,5,1,3,1,4524483,49939,3,3,46,1,4,2,317,734,2,6,2,29,0,0,0,0,0
201900013159,19,4,5,1823,3,4,8,1,4977400,515298,6,4,8,3,3,4,561,20,3,7,3,49,0,0,0,0,0
201900013160,19,10,19,1144,5,4,8,2,4725562,10843,4,4,22,1,2,2,844,603,1,3,5,93,0,0,0,0,0
201900013161,19,6,5,2,3,6,9,7,4636437,163916,4,2,42,2,3,1,452,416,4,7,4,53,0,0,0,0,0
201900013162,19,6,2,752,2,8,6,5,4985314,228500,7,1,11,3,3,4,655,184,1,1,2,68,0,0,0,0,0
201900013163,19,6,8,1051,3,8,6,5,4469633,165166,7,3,11,3,3,1,802,805,2,7,5,88,0,0,0,0,0
201900013164,19,9,13,342,3,1,5,1,4993096,666430,1,1,16,2,3,1,92,477,1,7,4,18,0,0,0,0,0
201900013165,19,11,10,1498,5,5,1,1,4485920,654901,7,1,28,3,3,4,532,211,8,1,5,1,0,0,0,0,0
201900013166,19,1,9,390,3,7,4,5,4495263,74383,6,3,21,3,2,1,630,972,4,2,5,75,0,0,0,0,0
201900013167,19,3,23,87,2,1,2,5,4889660,387825,1,1,30,1,4,2,356,947,7,1,4,92,0,0,0,0,0
201900013168,19,7,12,1134,5,2,3,3,4889769,-355906,7,2,7,1,3,1,38,423,3,6,4,63,0,0,0,0,0
201900013169,19,10,18,2309,2,7,1,2,4464212,-323403,8,1,14,3,1,2,294,483,2,1,3,26,0,0,0,0,0
201900013170,19,10,19,2071,2,8,8,2,4739712,193553,6,1,52,3,3,3,533,156,8,1,3,43,0,0,0,0,0
201900013171,19,7,11,1471,4,8,4,6,4648966,-201281,1,4,46,2,2,4,533,335,5,1,1,34,0,0,0,0,0
201900013172,19,7,15,237,2,7,2,5,4927350,105543,9,4,42,3,1,3,764,700,2,1,5,50,0,0,0,0,0
201900013173,19,2,14,673,2,6,1,3,4815785,365503,2,4,45,3,4,2,672,111,8,4,1,34,0,0,0,0,0
201900013174,19,3,4,358,3,6,7,7,4893109,-113363,7,3,30,2,1,1,850,289,5,7,4,16,0,0,0,0,0
201900013175,19,3,23,845,4,3,1,6,4438107,392005,2,1,34,2,3,4,450,658,2,3,2,63,0,0,0,0,0
201900013176,19,1,10,1011,3,6,2,5,4846718,-80659,3,1,13,1,3,1,434,742,7,3,3,31,0,0,0,0,0
201900013177,19,9,26,210,1,8,3,6,4976583,-245104,4,3,30,3,2,1,286,705,3,6,1,4,0,0,0,0,0
201900013178,19,3,19,231,4,2,9,1,4694928,31272,5,1,44,2,2,4,476,71,3,4,4,17,0,0,0,0,0
201900013179,19,4,10,2207,5,6,4,3,4783468,441306,4,1,50,3,2,1,393,787,7,1,5,61,0,0,0,0,0
201900013180,19,3,4,2015,2,3,1,3,4475455,357174,1,4,41,1,3,4,473,507,3,6,4,10,0,0,0,0,0
201900013181,19,2,21,27,4,7,7,5,4904683,9895,3,4,21,2,4,1,718,61,2,2,1,33,0,0,0,0,0
201900013182,19,3,8,2039,3,2,7,4,4721441,232800,2,1,21,2,1,4,391,872,7,3,1,3,0,0,0,0,0
201900013183,19,9,23,591,2,2,3,7,4549895,188256,6,1,27,3,1,2,332,598,9,5,5,24,0,0,0,0,0
201900013184,19,8,23,687,2,6,5,6,4402020,520985,7,4,24,3,2,3,849,699,8,5,3,49,0,0,0,0,0
201900013185,19,10,27,1290,1,2,4,5,4700632,-122756,2,1,50,3,2,2,54,383,9,1,3,60,0,0,0,0,0
201900013186,19,3,10,1138,3,4,4,2,4889401,81441,9,2,31,1,2,1,368,977,3,6,4,47,0,0,0,0,0
201900013187,19,10,14,1259,2,4,3,1,4828432,378885,8,1,12,2,3,2,336,661,2,2,3,18,0,0,0,0,0
201900013188,19,11,4,515,5,6,3,6,4423475,557538,1,3,17,3,4,4,740,42,5,3,1,97,0,0,0,0,0
201900013189,19,3,26,1494,1,9,2,6,4900412,-248843,1,4,26,2,2,3,281,8,1,7,1,98,0,0,0,0,0
201900013190,19,8,1,2137,2,5,4,1,4979756,314352,9,4,46,2,4,1,665,755,6,1,4,61,0,0,0,0,0
201900013191,19,2,6,2198,1,6,5,7,4415933,-71602,5,1,22,3,2,3,615,494,8,5,3,87,0,0,0,0,0
201900013192,19,2,4,1026,3,7,6,1,4677472,603107,7,1,10,3,4,3,538,610,3,1,5,91,0,0,0,0,0
201900013193,19,10,17,1369,5,9,6,5,4758464,572919,3,4,49,3,4,1,187,385,2,1,4,11,0,0,0,0,0
201900013194,19,1,17,2,5,2,6,7,4743795,602865,3,4,4,2,2,2,287,264,3,4,2,85,0,0,0,0,0
201900013195,19,6,6,1378,1,3,8,2,4963230,583502,3,3,34,2,4,2,545,852,5,4,1,76,0,0,0,0,0
201900013196,19,12,9,1077,5,8,5,7,4710621,-56825,3,4,42,2,2,4,303,903,4,4,3,73,0,0,0,0,0
201900013197,19,2,16,2255,2,4,5,3,4838930,-94219,7,2,37,1,4,2,711,983,1,3,2,65,0,0,0,0,0
201900013198,19,9,4,758,5,6,9,7,4616821,-107912,8,1,4,1,2,3,482,568,6,7,1,42,0,0,0,0,0
201900013199,19,10,6,576,1,3,2,4,4887968,-191882,2,4,19,3,3,2,461,983,2,4,1,9,0,0,0,0,0
201900013200,19,9,6,1033,5,5,6,4,4984450,-392545,8,2,26,3,2,2,63,248,9,2,5,68,0,0,0,0,0
201900013201,19,2,14,1446,3,1,4,7,4881865,462300,2,3,43,1,2,2,288,599,6,3,3,30,0,0,0,0,0
201900013202,19,5,20,1114,5,8,4,3,4866414,-334431,9,2,41,3,4,2,452,306,4,4,4,92,0,0,0,0,0
201900013203,19,5,27,1958,5,1,6,5,4905364,-102943,1,3,4,3,1,3,30,358,8,6,1,96,0,0,0,0,0
201900013204,19,10,1,1564,5,7,9,5,4677409,-378362,6,2,43,3,4,3,352,321,9,7,4,13,0,0,0,0,0
201900013205,19,2,10,1535,3,3,2,2,4504745,-140226,4,3,35,3,1,4,257,30,2,1,2,14,0,0,0,0,0
201900013206,19,3,15,1901,5,5,3,5,4512528,203576,6,1,52,1,4,4,756,810,1,6,4,93,0,0,0,0,0
201900013207,19,7,16,1380,4,8,7,1,4482509,-205109,9,4,33,3,2,2,794,384,9,7,1,93,0,0,0,0,0
201900013208,19,1,3,1961,1,3,9,1,4520877,4248,4,1,26,3,2,4,428,213,1,5,3,64,0,0,0,0,0
201900013209,19,10,5,1189,4,5,8,2,4928829,209792,9,2,13,3,4,4,804,969,2,5,2,41,0,0,0,0,0
201900013210,19,10,3,1558,5,2,2,6,4804213,105015,2,3,27,3,1,3,469,607,1,6,5,31,0,0,0,0,0
201900013211,19,4,12,1706,4,7,5,3,4590902,-267377,8,3,15,2,2,3,282,740,8,3,3,76,0,0,0,0,0
201900013212,19,7,13,655,5,1,3,6,4950766,625927,9,4,53,1,3,3,381,970,2,3,1,18,0,0,0,0,0
201900013213,19,2,9,1452,1,1,4,1,4821968,-218589,3,4,2,1,4,1,147,966,8,7,4,61,0,0,0,0,0
201900013214,19,10,6,1052,3,2,9,4,4654969,334607,1,1,5,3,4,2,591,181,9,1,5,21,0,0,0,0,0
201900013215,19,8,9,264,2,7,4,1,4462889,-170062,1,2,52,2,1,1,490,732,3,2,2,68,0,0,0,0,0
201900013216,19,6,17,2320,5,3,6,3,4792494,411477,4,1,44,2,2,2,294,229,4,3,1,73,0,0,0,0,0
201900013217,19,8,14,1858,1,5,1,7,4552234,-321667,1,2,30,2,4,1,312,193,5,3,4,93,0,0,0,0,0
201900013218,19,11,15,126,1,9,4,5,4855516,-303287,6,1,10,1,4,2,897,463,7,3,4,13,0,0,0,0,0
201900013219,19,3,26,88,1,2,1,2,4744422,544283,9,3,42,3,1,2,588,894,9,1,2,1,0,0,0,0,0
201900013220,19,11,28,2098,4,3,3,1,4943987,-156246,7,3,15,2,1,2,486,219,3,3,1,7,0,0,0,0,0
201900013221,19,11,28,1907,3,2,7,2,4951661,350688,2,3,1,1,1,1,224,597,1,3,2,84,0,0,0,0,0
201900013222,19,8,27,1932,2,7,2,5,4616140,346134,3,1,23,1,4,2,593,368,6,1,5,35,0,0,0,0,0
201900013223,19,3,21,1377,2,8,2,2,4997805,542439,7,2,7,3,2,1,642,570,4,1,1,5,0,0,0,0,0
201900013224,19,10,8,666,3,5,3,3,4818690,110082,1,1,36,1,4,4,143,287,9,7,3,56,0,0,0,0,0
201900013225,19,3,7,1659,4,4,1,2,4400059,502421,2,4,52,2,3,2,799,29,4,2,2,47,0,0,0,0,0
201900013226,19,3,10,806,3,2,4,4,4493910,-270024,1,3,25,2,4,2,100,669,5,2,4,83,0,0,0,0,0
201900013227,19,8,19,395,5,1,4,2,4755456,-26931,4,2,48,2,2,4,853,722,9,4,3,48,0,0,0,0,0
201900013228,19,1,27,1391,5,9,6,3,4693904,383980,9,2,4,2,2,2,748,785,9,3,1,22,0,0,0,0,0
201900013229,19,2,13,1396,3,1,2,6,4664454,-107511,5,3,30,2,1,2,835,330,6,2,5,7,0,0,0,0,0
201900013230,19,7,19,953,4,4,7,3,4719779,238047,9,4,37,2,3,3,626,932,3,4,5,50,0,0,0,0,0
201900013231,19,12,13,1675,2,6,7,2,4416456,183636,7,1,11,1,4,2,518,394,4,7,3,6,0,0,0,0,0
201900013232,19,5,28,406,4,1,8,6,4633327,545504,4,3,6,3,3,3,518,136,5,5,4,74,0,0,0,0,0
201900013233,19,7,8,860,5,9,2,1,4591999,129011,3,2,4,1,4,1,911,47,5,2,1,41,0,0,0,0,0
201900013234,19,1,27,1980,4,3,8,7,4440403,239889,7,4,22,1,3,1,227,666,1,7,2,23,0,0,0,0,0
201900013235,19,2,26,560,2,5,1,5,4855367,-4172,6,3,20,1,4,4,110,362,7,5,5,65,0,0,0,0,0
201900013236,19,10,17,571,2,2,8,6,4746220,-237321,6,3,36,3,3,1,59,243,4,3,2,51,0,0,0,0,0
201900013237,19,1,20,1770,1,1,6,1,4668614,-357517,8,4,5,1,2,2,12,944,9,2,4,63,0,0,0,0,0
201900013238,19,2,18,1581,1,6,4,7,4838224,688489,5,1,9,2,1,1,291,162,4,5,5,38,0,0,0,0,0
201900013239,19,1,8,935,1,9,1,1,4581492,-48355,6,3,32,1,2,3,447,137,2,4,1,54,0,0,0,0,0
201900013240,19,10,20,869,1,9,8,4,4719250,-29097,6,3,48,2,2,1,269,207,6,2,5,21,0,0,0,0,0
201900013241,19,4,14,1368,2,3,7,3,4591825,370593,4,2,34,3,1,1,399,766,3,2,5,99,0,0,0,0,0
201900013242,19,9,27,1864,2,2,1,7,4642977,400746,8,3,21,3,2,1,606,775,5,5,4,54,0,0,0,0,0
201900013243,19,9,9,1504,4,4,1,2,4544547,-73609,9,3,38,2,1,4,493,548,3,3,2,89,0,0,0,0,0
201900013244,19,11,13,1191,4,5,1,1,4973928,-31598,1,1,26,1,1,4,681,587,3,2,4,13,0,0,0,0,0
201900013245,19,10,17,1508,3,8,1,6,4881508,-350626,9,3,0,2,2,2,775,454,8,2,2,42,0,0,0,0,0
201900013246,19,10,22,449,4,1,4,7,4988474,-108641,2,2,6,3,4,4,549,151,2,6,3,7,0,0,0,0,0
201900013247,19,11,10,646,2,3,6,3,4783030,507944,2,1,51,3,3,4,848,69,1,2,2,84,0,0,0,0,0
201900013248,19,9,3,519,1,2,5,7,4846101,515321,4,4,4,1,4,3,666,267,3,6,4,86,0,0,0,0,0
201900013249,19,2,16,1284,4,3,3,5,4934204,659119,5,3,25,1,4,1,386,337,6,1,2,0,0,0,0,0,0
201900013250,19,12,26,849,4,4,8,5,4507488,-195293,3,2,44,3,1,2,810,418,4,1,4,71,0,0,0,0,0
201900013251,19,11,24,386,1,9,2,4,4455540,433232,4,1,27,3,2,4,300,252,5,4,3,69,0,0,0,0,0
201900013252,19,7,26,599,1,9,8,3,4717535,678703,4,3,9,1,3,1,185,414,2,6,3,5,0,0,0,0,0
201900013253,19,3,27,1853,5,3,5,5,4973578,-250938,1,2,40,3,3,3,589,407,8,2,3,58,0,0,0,0,0
201900013254,19,4,17,254,3,2,9,6,4483714,361710,9,3,19,1,1,1,768,416,2,3,2,68,0,0,0,0,0
201900013255,19,12,12,2299,3,6,2,6,4840209,673731,9,4,17,2,2,3,30,594,5,5,3,8,0,0,0,0,0
201900013256,19,10,9,655,3,1,4,2,4978995,283480,8,4,40,1,1,2,608,963,6,4,4,46,0,0,0,0,0
201900013257,19,11,15,1613,4,3,8,6,4402659,243941,7,3,13,2,1,4,406,731,1,1,1,88,0,0,0,0,0
201900013258,19,10,27,164,3,8,4,4,4886582,-264289,1,3,30,2,2,2,695,457,4,5,5,92,0,0,0,0,0
201900013259,19,12,23,1284,4,2,4,5,4509274,-21343,3,1,9,1,1,2,19,917,6,7,5,48,0,0,0,0,0
201900013260,19,10,16,1375,2,2,4,5,4762320,454711,8,3,52,2,3,3,586,904,4,7,5,47,0,0,0,0,0
201900013261,19,11,26,351,4,4,9,3,4682424,28638,8,2,44,2,1,1,266,12,5,4,3,59,0,0,0,0,0
201900013262,19,1,5,1385,1,2,1,1,4743698,503888,4,2,15,1,2,2,96,662,1,6,2,51,0,0,0,0,0
201900013263,19,6,4,1041,5,6,1,1,4438960,313499,3,2,15,1,3,2,441,865,4,5,5,98,0,0,0,0,0
201900013264,19,7,2,991,4,8,6,5,4808775,543253,4,3,20,3,3,2,61,31,4,1,5,68,0,0,0,0,0
201900013265,19,8,17,1104,3,4,9,1,4889337,-372605,8,3,50,2,1,4,615,956,7,6,1,11,0,0,0,0,0
201900013266,19,7,23,1063,1,4,4,5,4403199,240364,9,3,36,1,2,2,213,59,2,4,1,26,0,0,0,0,0
201900013267,19,10,6,793,5,1,9,3,4744382,680016,3,4,7,3,3,1,532,884,2,3,1,97,0,0,0,0,0
201900013268,19,6,7,1007,2,8,1,7,4829315,533335,4,2,26,1,4,2,719,956,5,2,5,69,0,0,0,0,0
201900013269,19,5,5,291,5,1,4,5,4877027,31777,9,2,16,2,2,2,441,901,2,6,5,6,0,0,0,0,0
201900013270,19,5,19,1601,5,7,7,1,4982645,439328,1,3,12,3,3,4,822,400,7,1,3,11,0,0,0,0,0
201900013271,19,1,16,1472,3,6,4,6,4440277,-55585,7,2,41,2,4,1,369,264,7,3,3,40,0,0,0,0,0
201900013272,19,3,19,1797,5,2,8,1,4549125,258483,1,3,14,3,2,4,489,175,9,6,2,51,0,0,0,0,0
201900013273,19,3,25,172,5,3,2,6,4438317,685345,7,3,11,3,2,1,150,696,7,7,2,17,0,0,0,0,0
201900013274,19,10,18,591,4,1,7,4,4987409,353646,7,4,43,3,2,3,46,150,8,1,2,54,0,0,0,0,0
201900013275,19,8,15,469,3,9,1,6,4851677,116203,9,4,6,3,2,2,779,544,3,4,4,83,0,0,0,0,0
201900013276,19,4,6,1239,2,2,7,6,4564211,-160424,9,4,23,1,1,4,119,471,9,7,2,64,0,0,0,0,0
201900013277,19,4,10,323,2,1,7,3,4715224,332038,2,4,35,2,1,2,481,321,3,5,1,14,0,0,0,0,0
201900013278,19,7,5,817,2,1,2,5,4566239,170613,9,1,48,2,3,2,647,689,7,7,5,57,0,0,0,0,0
201900013279,19,4,1,920,1,5,9,5,4576062,411752,8,2,25,2,1,4,782,338,6,3,2,39,0,0,0,0,0
201900013280,19,6,23,1478,2,3,4,3,4516598,-44730,5,3,37,3,2,4,355,829,8,2,2,18,0,0,0,0,0
201900013281,19,12,19,591,4,1,8,5,4899616,535445,8,1,36,2,3,1,282,701,7,2,2,26,0,0,0,0,0
201900013282,19,8,7,1778,2,6,3,3,4702764,80272,3,3,21,1,4,4,149,932,1,7,4,15,0,0,0,0,0
201900013283,19,11,28,433,3,8,2,4,4647162,599047,1,3,47,1,3,2,802,103,2,6,3,29,0,0,0,0,0
201900013284,19,8,25,1051,3,2,1,5,4503871,-195464,7,3,15,1,4,4,468,436,6,7,2,94,0,0,0,0,0
201900013285,19,7,8,1246,3,2,4,1,4412931,453312,5,4,19,3,4,4,750,295,1,2,2,29,0,0,0,0,0
201900013286,19,3,10,2237,5,1,2,2,4760729,-121059,2,3,29,1,2,1,348,325,8,7,2,22,0,0,0,0,0
201900013287,19,9,26,821,3,9,2,3,4470285,-397498,9,4,49,3,1,2,359,972,9,7,2,57,0,0,0,0,0
201900013288,19,7,8,1523,3,2,5,3,4681924,75668,1,1,32,3,4,2,351,721,3,5,3,28,0,0,0,0,0
201900013289,19,3,7,896,2,9,5,4,4897439,-106161,2,4,22,2,4,4,676,689,1,3,3,51,0,0,0,0,0
201900013290,19,2,21,1760,2,8,4,2,4613161,648181,5,3,17,1,1,3,20,416,7,1,5,72,0,0,0,0,0
201900013291,19,10,5,398,1,5,3,6,4716615,325576,1,1,40,2,3,2,892,931,4,1,4,50,0,0,0,0,0
201900013292,19,9,26,1394,3,6,8,6,4766939,662405,5,2,11,3,4,1,462,318,7,5,1,49,0,0,0,0,0
201900013293,19,4,2,1748,5,3,1,6,4838028,-203054,3,1,42,2,3,2,553,266,6,5,5,69,0,0,0,0,0
201900013294,19,10,13,1534,5,8,9,2,4722898,-381366,8,4,36,1,2,4,414,262,2,1,3,70,0,0,0,0,0
201900013295,19,12,19,1695,4,6,8,1,4574070,553300,9,4,33,3,1,4,365,805,6,5,3,8,0,0,0,0,0
201900013296,19,10,3,262,1,7,3,2,4547191,-345515,7,4,47,1,3,3,813,796,8,6,1,95,0,0,0,0,0
201900013297,19,6,7,2248,3,1,1,3,4732927,-132199,9,2,2,2,1,3,125,166,4,5,1,21,0,0,0,0,0
201900013298,19,12,19,1599,4,5,4,1,4606380,676114,6,4,4,1,4,3,663,814,4,6,3,10,0,0,0,0,0
201900013299,19,11,3,730,4,9,1,5,4549667,16248,5,4,15,1,3,4,593,281,7,5,3,35,0,0,0,0,0
201900013300,19,12,17,1151,2,2,4,7,4978665,-144002,7,4,9,2,4,2,855,777,1,6,1,29,0,0,0,0,0
201900013301,19,3,2,970,3,2,3,6,4935588,-2996,4,3,13,1,1,4,327,190,2,7,1,35,0,0,0,0,0
201900013302,19,7,21,1208,4,7,8,5,4787270,360046,7,3,7,1,1,2,6,646,8,6,3,3,0,0,0,0,0
201900013303,19,8,5,2083,4,6,6,4,4547099,181643,6,1,50,1,2,4,352,387,8,1,2,77,0,0,0,0,0
201900013304,19,8,7,1557,5,9,7,5,4560753,188708,8,4,49,1,1,1,893,9,6,5,3,71,0,0,0,0,0
201900013305,19,11,11,2227,4,7,8,2,4815454,447275,6,1,38,1,2,4,221,691,3,7,3,68,0,0,0,0,0
201900013306,19,2,9,1079,3,7,6,5,4940793,456797,5,2,16,3,1,4,610,415,2,7,5,15,0,0,0,0,0
201900013307,19,6,23,245,2,6,5,5,4822188,330393,5,1,7,1,2,1,71,241,7,7,2,65,0,0,0,0,0
201900013308,19,2,2,1539,1,5,3,1,4857575,-100609,9,4,31,2,2,2,789,919,1,3,4,31,0,0,0,0,0
201900013309,19,4,18,152,4,9,7,7,4497040,-59648,1,1,2,2,2,1,229,492,1,1,1,71,0,0,0,0,0
201900013310,19,2,12,1286,1,6,8,4,4835200,-379695,9,1,15,3,3,4,115,426,1,3,2,86,0,0,0,0,0
201900013311,19,11,25,1418,3,5,8,6,4739300,149267,7,4,38,3,4,4,234,844,3,3,4,15,0,0,0,0,0
201900013312,19,4,1,341,4,7,4,6,4527901,445660,9,2,42,1,1,1,194,306,7,3,4,33,0,0,0,0,0
201900013313,19,9,7,1844,4,4,1,1,4514094,-143647,5,1,14,3,3,3,894,962,7,7,3,43,0,0,0,0,0
201900013314,19,3,13,1669,2,3,8,6,4818317,550013,1,3,34,3,4,1,835,947,6,7,3,40,0,0,0,0,0
201900013315,19,4,22,2161,1,7,3,2,4677587,257202,6,3,23,1,2,2,764,177,3,6,5,83,0,0,0,0,0
201900013316,19,1,12,2074,2,8,9,4,4729160,4421,8,2,10,3,1,2,212,707,7,3,2,33,0,0,0,0,0
201900013317,19,10,1,2357,4,4,7,7,4508932,565249,7,1,46,1,2,3,764,32,9,1,3,88,0,0,0,0,0
201900013318,19,8,10,1214,1,5,6,3,4739796,680858,2,2,17,3,3,4,865,873,1,3,3,97,0,0,0,0,0
201900013319,19,5,28,1501,3,4,5,5,4968965,368782,4,4,13,2,1,4,657,584,5,1,3,26,0,0,0,0,0
201900013320,19,2,10,1686,2,5,1,1,4467809,695475,7,4,35,2,3,4,823,855,2,6,4,83,0,0,0,0,0
201900013321,19,9,11,1582,1,4,5,6,4987473,467885,8,1,8,1,1,2,805,100,1,1,4,12,0,0,0,0,0
201900013322,19,2,24,2273,4,3,4,7,4657709,636236,3,3,47,1,2,3,507,113,6,5,4,42,0,0,0,0,0
201900013323,19,10,24,1359,1,3,8,3,4941394,77919,1,4,1,1,1,3,268,359,3,1,1,47,0,0,0,0,0
201900013324,19,5,10,603,3,3,1,4,4490344,-55714,4,3,0,3,4,1,180,778,3,4,2,28,0,0,0,0,0
201900013325,19,3,25,845,4,4,5,6,4773893,355985,8,1,17,1,4,2,298,247,6,4,4,95,0,0,0,0,0
201900013326,19,11,27,1535,5,3,5,2,4974093,-183490,8,2,43,3,1,3,648,648,8,3,5,37,0,0,0,0,0
201900013327,19,11,21,373,1,4,1,2,4576138,389884,7,3,23,2,3,3,443,347,9,7,5,82,0,0,0,0,0
201900013328,19,2,17,60,2,3,9,5,4674296,-366575,5,2,35,3,2,3,3,813,7,5,5,10,0,0,0,0,0
201900013329,19,1,3,1361,4,1,5,7,4981924,-391536,3,4,51,1,2,4,554,775,8,2,5,20,0,0,0,0,0
201900013330,19,9,9,968,1,6,5,3,4404332,394582,4,2,39,1,3,1,10,155,7,1,1,37,0,0,0,0,0
201900013331,19,10,19,444,4,3,1,7,4840286,501556,1,3,4,2,1,2,889,532,1,5,2,23,0,0,0,0,0
201900013332,19,6,20,2314,4,5,2,6,4819161,79005,2,1,35,2,3,3,825,520,6,4,3,1,0,0,0,0,0
201900013333,19,9,22,530,3,3,3,3,4769017,249287,1,3,22,2,4,4,55,524,2,4,4,24,0,0,0,0,0
201900013334,19,7,9,1830,1,5,3,1,4906020,-14402,1,4,51,3,1,4,271,444,9,5,5,60,0,0,0,0,0
201900013335,19,6,2,1303,2,4,7,1,4964132,-332816,6,1,25,2,2,2,97,88,1,7,1,77,0,0,0,0,0
201900013336,19,4,22,206,5,3,7,7,4757816,-131054,4,2,49,1,1,4,84,720,8,6,1,84,0,0,0,0,0
201900013337,19,11,10,1971,1,1,9,5,4930541,652986,7,3,51,3,1,2,594,20,9,2,4,39,0,0,0,0,0
201900013338,19,7,7,590,2,6,4,7,4991692,-176290,2,1,52,1,2,1,237,547,9,1,5,23,0,0,0,0,0
201900013339,19,2,11,755,1,2,2,2,4456804,199312,3,2,41,2,2,1,517,641,4,7,2,45,0,0,0,0,0
201900013340,19,8,10,598,5,2,8,1,4614140,582036,8,4,40,2,3,2,867,407,1,7,4,56,0,0,0,0,0
201900013341,19,9,19,1989,5,8,6,3,4829523,694176,3,2,24,3,3,3,609,144,3,5,4,96,0,0,0,0,0
201900013342,19,9,6,1157,3,4,7,5,4683220,43782,5,4,45,1,1,2,245,875,5,3,1,2,0,0,0,0,0
201900013343,19,11,9,881,4,7,2,7,4782516,329569,1,1,46,3,3,1,139,140,6,7,1,45,0,0,0,0,0
201900013344,19,4,1,343,2,3,9,4,4963243,440368,3,1,21,2,4,3,147,922,9,4,4,30,0,0,0,0,0
201900013345,19,11,4,2312,5,3,5,6,4531094,645877,6,3,38,3,2,3,216,62,4,1,2,48,0,0,0,0,0
201900013346,19,10,16,1941,1,7,2,3,4649208,285523,3,3,53,1,2,1,896,535,3,7,4,34,0,0,0,0,0
201900013347,19,12,11,52,3,7,3,7,4749538,-363520,7,1,43,2,1,4,305,830,7,5,1,3,0,0,0,0,0
201900013348,19,12,25,1747,5,6,3,3,4673283,156129,2,2,46,1,3,4,529,793,3,2,5,79,0,0,0,0,0
201900013349,19,12,25,1079,2,4,5,5,4686730,496273,3,4,11,2,2,3,680,549,7,5,3,94,0,0,0,0,0
201900013350,19,7,12,877,3,7,9,5,4707520,-138402,3,3,12,1,1,2,336,824,6,4,5,19,0,0,0,0,0
201900013351,19,3,7,232,2,8,9,4,4690783,358823,7,4,23,1,2,4,273,865,2,2,2,9,0,0,0,0,0
201900013352,19,12,22,2098,4,6,9,3,4706609,521531,7,2,41,2,2,2,876,602,3,2,5,67,0,0,0,0,0
201900013353,19,3,11,1663,5,8,6,7,4969926,269247,3,3,13,1,3,3,503,913,3,6,5,78,0,0,0,0,0
201900013354,19,3,18,2163,3,3,4,5,4581964,516725,5,1,27,3,4,4,198,206,2,5,5,96,0,0,0,0,0
201900013355,19,12,2,1457,5,8,9,7,4928008,696638,9,4,19,2,4,4,755,681,4,7,1,35,0,0,0,0,0
201900013356,19,1,20,1077,3,5,2,5,4802591,-102808,8,2,3,3,4,3,834,278,9,3,2,51,0,0,0,0,0
201900013357,19,10,19,750,1,8,8,5,4570626,233583,5,3,42,3,3,1,666,931,4,3,2,53,0,0,0,0,0
201900013358,19,12,27,1789,4,7,7,5,4590035,569924,6,3,49,1,2,3,906,745,4,2,5,86,0,0,0,0,0
201900013359,19,5,21,949,4,3,8,5,4988630,-313666,2,1,15,2,4,3,117,133,4,2,5,34,0,0,0,0,0
201900013360,19,8,10,1269,4,5,9,2,4469841,229687,5,1,29,2,4,4,247,532,7,1,2,22,0,0,0,0,0