Num_Acc,an,mois,jour,hrmn,lum,int,atm,col,lat,long,catr,circ,nbv,vosp,prof,plan,lartpc,larrout,surf,infra,situ,env1,unscathed,killed,hospital,light,chance
201900013361,19,9,20,503,5,8,4,1,4864721,-322308,2,1,18,2,1,1,430,722,7,1,3,11,0,0,0,0,0
201900013362,19,11,16,1982,5,1,3,3,4836370,363878,9,2,18,3,4,2,351,707,7,4,4,8,0,0,0,0,0
201900013363,19,6,4,1044,3,5,2,7,4603884,483126,7,1,18,1,4,4,363,932,4,7,2,34,0,0,0,0,0
201900013364,19,12,11,784,5,4,9,6,4980314,81202,2,4,16,3,1,3,234,222,5,5,4,83,0,0,0,0,0
201900013365,19,3,7,1437,1,7,1,7,4429739,389099,3,4,29,2,4,1,562,609,8,2,2,42,0,0,0,0,0
201900013366,19,8,5,1024,1,9,8,2,4667978,602259,3,4,45,3,4,4,307,688,3,3,5,41,0,0,0,0,0
201900013367,19,11,14,1877,3,2,9,1,4435007,38982,1,1,46,3,4,4,518,110,7,6,2,97,0,0,0,0,0
201900013368,19,5,10,1087,3,4,1,3,4917808,208579,7,3,3,2,2,2,315,199,1,7,1,80,0,0,0,0,0
201900013369,19,8,9,298,4,4,4,2,4731527,-50989,1,4,28,1,1,3,658,787,6,3,5,85,0,0,0,0,0
201900013370,19,7,4,1972,3,1,8,1,4401139,602015,6,1,18,3,4,4,902,933,9,4,2,31,0,0,0,0,0
201900013371,19,6,17,598,4,5,6,1,4592261,259919,5,4,19,1,1,2,770,101,4,3,4,44,0,0,0,0,0
201900013372,19,2,14,170,5,1,2,3,4844213,43239,9,1,41,3,2,1,227,655,9,3,2,43,0,0,0,0,0
201900013373,19,2,8,1512,5,2,4,6,4584115,-376509,3,2,24,3,3,1,464,410,6,1,1,18,0,0,0,0,0
201900013374,19,5,16,1517,1,9,5,4,4735284,237815,2,4,9,1,4,3,53,636,8,3,5,99,0,0,0,0,0
201900013375,19,3,24,1911,5,3,8,5,4698306,509544,6,1,31,1,1,4,384,633,5,3,3,93,0,0,0,0,0
201900013376,19,9,24,1269,1,3,6,4,4895577,341939,3,4,12,1,3,2,731,90,5,6,2,93,0,0,0,0,0
201900013377,19,10,20,777,3,3,1,1,4734873,-269427,7,3,44,1,3,2,77,853,9,6,5,54,0,0,0,0,0
201900013378,19,12,3,71,4,1,8,7,4505453,-330025,8,2,49,2,4,1,44,983,9,3,1,95,0,0,0,0,0
201900013379,19,1,20,1828,2,4,6,1,4944088,333951,4,4,46,2,4,4,493,686,8,2,3,92,0,0,0,0,0
201900013380,19,11,15,1776,1,5,8,5,4896251,-230520,1,1,42,2,1,1,282,96,3,6,1,80,0,0,0,0,0
201900013381,19,5,19,835,2,4,7,4,4973545,-63710,7,3,40,2,3,3,864,810,3,4,5,4,0,0,0,0,0
201900013382,19,6,19,538,5,5,6,7,4880876,652373,9,1,14,3,3,4,399,110,9,6,3,99,0,0,0,0,0
201900013383,19,9,26,1928,3,3,6,1,4520929,545727,8,4,25,2,4,2,334,673,6,7,3,11,0,0,0,0,0
201900013384,19,7,26,666,5,1,7,2,4662383,-296216,2,2,38,3,4,2,433,753,8,7,3,36,0,0,0,0,0
201900013385,19,8,8,1299,2,7,5,6,4586239,27165,3,4,44,1,3,2,200,880,9,5,1,5,0,0,0,0,0
201900013386,19,2,20,975,2,1,9,2,4428295,-216395,8,1,29,3,1,3,483,998,3,6,4,48,0,0,0,0,0
201900013387,19,3,25,1303,4,3,1,1,4917626,-209089,9,1,11,2,1,2,781,93,3,7,2,81,0,0,0,0,0
201900013388,19,9,14,1447,3,2,8,2,4502217,-303431,9,3,17,3,4,3,360,179,2,2,5,45,0,0,0,0,0
201900013389,19,7,16,1452,1,4,9,2,4888857,36419,6,3,25,2,4,3,914,330,1,6,3,84,0,0,0,0,0
201900013390,19,4,8,2158,2,8,4,2,4719532,404389,9,2,5,3,2,3,710,771,5,7,1,65,0,0,0,0,0
201900013391,19,5,5,745,4,7,9,5,4529851,62188,6,4,15,1,2,4,491,183,4,2,1,20,0,0,0,0,0
201900013392,19,10,7,986,5,9,9,5,4878088,590242,6,2,23,3,2,1,383,428,4,6,5,2,0,0,0,0,0
201900013393,19,10,11,2339,5,1,7,5,4905093,494153,5,2,9,1,2,1,910,457,6,7,5,64,0,0,0,0,0
201900013394,19,3,15,711,4,6,2,2,4920367,-287382,8,2,26,1,1,4,63,814,6,6,3,28,0,0,0,0,0
201900013395,19,6,4,2091,3,8,8,2,4822525,671604,6,3,46,2,1,1,891,796,6,4,4,12,0,0,0,0,0
201900013396,19,2,15,1767,3,6,4,4,4861566,-207041,6,4,44,2,1,4,131,253,7,2,5,2,0,0,0,0,0
201900013397,19,1,27,124,4,5,3,3,4595759,-186371,3,1,5,2,1,2,228,105,6,3,1,62,0,0,0,0,0
201900013398,19,3,22,1653,5,4,2,1,4639134,-376438,1,3,4,1,1,2,674,239,7,6,3,28,0,0,0,0,0
201900013399,19,12,15,538,3,2,4,4,4757672,135057,2,1,18,2,1,3,222,227,3,7,4,91,0,0,0,0,0
201900013400,19,1,1,2057,2,7,5,6,4638594,249907,6,1,0,2,3,2,37,51,4,7,4,87,0,0,0,0,0
201900013401,19,4,10,502,5,8,7,3,4962656,418166,7,1,46,2,4,2,644,427,1,7,3,59,0,0,0,0,0
201900013402,19,6,8,168,4,3,9,6,4940809,104513,5,3,32,2,4,1,803,550,5,6,5,14,0,0,0,0,0
201900013403,19,11,22,1628,2,2,7,5,4923943,-295221,6,3,44,1,1,3,667,849,6,1,4,7,0,0,0,0,0
201900013404,19,9,8,282,1,4,7,4,4417095,-77607,9,4,16,1,1,3,214,452,5,3,3,0,0,0,0,0,0
201900013405,19,11,12,1416,4,7,6,7,4846512,241658,4,4,53,3,1,2,278,886,7,6,4,10,0,0,0,0,0
201900013406,19,3,9,940,4,1,3,4,4875842,417378,2,2,43,3,4,4,642,903,9,6,3,12,0,0,0,0,0
201900013407,19,8,11,1790,4,1,1,2,4799140,618675,4,3,9,3,2,3,874,983,1,3,2,79,0,0,0,0,0
201900013408,19,4,24,1107,3,4,1,5,4613423,117393,6,1,12,2,3,3,320,904,7,7,2,39,0,0,0,0,0
201900013409,19,10,19,919,1,9,5,6,4509408,-12599,9,2,16,3,2,4,668,776,3,3,5,49,0,0,0,0,0
201900013410,19,4,1,596,1,7,9,4,4768833,391564,2,1,31,1,1,1,797,63,3,6,2,90,0,0,0,0,0
201900013411,19,5,2,1850,2,1,4,4,4638210,-187674,3,2,34,2,1,4,750,483,5,2,5,46,0,0,0,0,0
201900013412,19,1,18,2253,1,7,8,4,4816505,299457,5,1,23,2,3,2,489,327,5,6,3,44,0,0,0,0,0
201900013413,19,11,3,758,4,5,5,7,4461455,594411,8,2,51,1,1,4,906,512,9,4,4,44,0,0,0,0,0
201900013414,19,6,11,306,2,7,3,7,4946979,119407,8,2,50,2,3,2,350,960,1,7,4,89,0,0,0,0,0
201900013415,19,12,23,1447,4,6,4,1,4853914,152216,3,3,52,3,2,2,247,827,1,6,5,55,0,0,0,0,0
201900013416,19,5,5,2296,2,5,4,2,4725455,351024,5,1,33,3,3,1,428,999,2,4,2,81,0,0,0,0,0
201900013417,19,10,8,726,2,4,2,7,4643385,-243427,6,3,53,2,3,1,619,843,3,1,4,60,0,0,0,0,0
201900013418,19,6,14,2313,2,4,6,4,4916227,-334750,5,3,38,3,2,3,206,119,6,4,2,45,0,0,0,0,0
201900013419,19,3,18,1460,5,6,6,3,4549519,310568,2,4,14,2,3,3,462,765,5,6,1,56,0,0,0,0,0
201900013420,19,4,12,823,2,1,3,5,4529496,-176607,8,1,26,3,2,2,386,942,2,3,3,23,0,0,0,0,0
201900013421,19,12,27,1145,3,4,6,4,4546033,-41057,9,3,22,1,4,1,51,987,9,6,3,79,0,0,0,0,0
201900013422,19,2,13,788,1,6,5,1,4979748,-241985,2,4,41,2,4,4,786,219,3,6,2,26,0,0,0,0,0
201900013423,19,4,16,2042,1,4,1,3,4497273,34837,5,3,13,3,1,2,584,2,1,3,5,50,0,0,0,0,0
201900013424,19,12,28,1521,5,2,4,2,4757753,476472,9,1,32,1,2,4,230,248,6,2,5,31,0,0,0,0,0
201900013425,19,2,17,1792,5,3,9,5,4678684,-223253,4,3,26,3,3,3,601,820,3,3,4,11,0,0,0,0,0
201900013426,19,11,25,1553,3,7,9,6,4554708,53950,4,4,36,2,3,1,911,366,6,2,4,26,0,0,0,0,0
201900013427,19,5,2,2090,5,4,8,6,4944132,524043,8,1,29,1,2,3,3,777,5,1,5,18,0,0,0,0,0
201900013428,19,9,7,745,2,9,5,1,4707924,585976,9,4,50,2,4,1,268,758,7,5,3,54,0,0,0,0,0
201900013429,19,8,7,1705,3,5,9,6,4797583,-109395,7,3,5,1,1,2,344,758,8,3,5,66,0,0,0,0,0
201900013430,19,10,2,151,4,8,4,7,4443992,21091,9,3,32,1,3,4,379,840,1,6,4,3,0,0,0,0,0
201900013431,19,11,13,1526,1,1,1,6,4463163,648273,4,4,37,2,2,2,524,430,9,5,2,22,0,0,0,0,0
201900013432,19,4,8,1594,4,2,8,3,4946424,665581,2,1,53,2,2,2,129,705,4,7,5,30,0,0,0,0,0
201900013433,19,9,10,1186,4,8,3,4,4497122,-300624,8,4,20,1,3,3,371,419,5,6,4,89,0,0,0,0,0
201900013434,19,8,1,93,3,4,2,2,4581679,-332483,7,2,51,2,4,4,398,54,5,3,4,68,0,0,0,0,0
201900013435,19,1,27,2170,3,5,2,5,4764430,-144461,9,3,34,1,2,2,123,722,6,1,3,6,0,0,0,0,0
201900013436,19,8,2,385,3,7,2,4,4639645,-137408,9,3,46,3,3,3,898,676,2,1,2,52,0,0,0,0,0
201900013437,19,8,22,498,1,2,9,2,4645642,-239529,8,4,30,1,2,3,22,801,2,1,4,60,0,0,0,0,0
201900013438,19,2,9,954,3,2,5,2,4825736,-75237,3,2,2,1,3,2,373,784,5,7,1,58,0,0,0,0,0
201900013439,19,5,22,1481,3,8,2,2,4498245,-325393,3,2,48,2,1,1,98,392,2,3,5,77,0,0,0,0,0
201900013440,19,9,2,1981,4,3,5,4,4554916,211762,7,2,31,2,3,3,254,649,5,2,4,46,0,0,0,0,0
201900013441,19,6,16,1423,3,9,4,5,4634469,-81283,4,1,35,2,2,1,696,822,2,7,2,77,0,0,0,0,0
201900013442,19,12,8,504,2,7,3,2,4914470,473209,6,2,34,2,1,2,288,531,8,2,5,48,0,0,0,0,0
201900013443,19,10,14,1828,5,6,2,4,4530525,174371,2,1,26,2,4,1,517,294,1,6,4,41,0,0,0,0,0
201900013444,19,12,20,830,2,2,5,1,4433668,368822,9,2,0,1,1,3,607,799,8,7,2,24,0,0,0,0,0
201900013445,19,3,20,615,1,2,1,2,4547160,-163501,1,1,35,2,2,4,137,250,1,7,1,42,0,0,0,0,0
201900013446,19,11,7,389,2,8,6,4,4479600,472624,9,3,3,1,2,1,674,164,5,3,3,1,0,0,0,0,0
201900013447,19,3,7,2119,3,1,8,5,4502071,514500,9,1,19,1,2,2,149,764,5,6,5,85,0,0,0,0,0
201900013448,19,5,7,945,5,6,7,1,4880752,444949,9,3,36,2,4,2,393,473,8,7,5,90,0,0,0,0,0
201900013449,19,6,1,1196,4,5,1,7,4539536,-98284,2,2,42,2,4,3,803,510,6,3,2,40,0,0,0,0,0
201900013450,19,12,27,1431,3,5,1,1,4422042,-193023,6,2,40,3,3,4,80,963,4,6,1,74,0,0,0,0,0
201900013451,19,8,3,1945,5,1,4,4,4964481,360610,7,2,49,1,4,4,667,129,5,5,5,47,0,0,0,0,0
201900013452,19,10,7,822,3,6,3,7,4811183,-188500,1,3,32,2,3,3,260,804,7,1,3,58,0,0,0,0,0
201900013453,19,2,2,2142,2,3,4,4,4558013,-126641,5,4,48,3,4,1,486,386,7,1,5,14,0,0,0,0,0
201900013454,19,6,18,913,4,3,3,5,4412356,-234339,1,1,11,3,3,4,159,30,6,6,3,22,0,0,0,0,0
201900013455,19,3,18,1752,5,1,2,4,4638680,-103810,9,4,49,1,4,1,3,519,1,3,3,97,0,0,0,0,0
201900013456,19,9,21,147,5,4,5,3,4898762,186959,5,1,6,1,2,1,645,581,9,6,1,35,0,0,0,0,0
201900013457,19,3,14,1510,3,4,7,3,4598223,559490,7,2,26,3,4,2,715,707,7,3,4,67,0,0,0,0,0
201900013458,19,7,16,2183,5,5,3,7,4662683,-161931,5,3,45,3,3,4,433,904,9,1,5,59,0,0,0,0,0
201900013459,19,4,18,448,5,3,8,4,4859000,364187,1,3,31,3,2,4,607,752,9,7,1,81,0,0,0,0,0
201900013460,19,1,19,838,5,8,3,7,4908986,594796,4,1,41,2,2,2,40,678,8,5,2,4,0,0,0,0,0
201900013461,19,1,2,185,1,5,7,7,4917363,-250045,9,3,14,3,1,2,92,596,9,1,4,69,0,0,0,0,0
201900013462,19,1,5,1076,2,3,4,5,4989675,195154,6,1,53,1,2,1,751,7,3,2,3,58,0,0,0,0,0
201900013463,19,5,10,2139,4,2,1,6,4983494,303412,3,2,27,3,2,2,512,14,6,1,4,72,0,0,0,0,0
201900013464,19,10,17,105,1,3,7,6,4449986,-395815,8,4,4,3,4,2,324,237,5,4,2,54,0,0,0,0,0
201900013465,19,8,10,1843,1,4,8,6,4951125,445580,5,3,34,3,2,1,573,644,9,1,4,63,0,0,0,0,0
201900013466,19,1,25,638,4,4,8,1,4943408,441332,4,2,9,3,1,3,541,824,2,4,5,84,0,0,0,0,0
201900013467,19,4,3,322,4,4,2,6,4797070,-295317,9,3,36,3,3,2,614,831,5,2,2,46,0,0,0,0,0
201900013468,19,9,19,758,4,9,5,3,4557010,129143,8,1,35,1,3,1,65,12,3,3,1,55,0,0,0,0,0
201900013469,19,10,7,1736,3,4,1,3,4915783,9040,2,1,10,3,3,3,771,441,7,4,3,10,0,0,0,0,0
201900013470,19,3,26,152,5,4,8,7,4601503,-197848,2,4,16,3,3,4,509,852,8,5,4,73,0,0,0,0,0
201900013471,19,8,13,1763,1,4,7,6,4485641,457015,3,2,52,3,1,1,506,809,1,1,3,82,0,0,0,0,0
201900013472,19,12,18,269,4,7,4,4,4520979,635664,4,3,36,3,1,1,462,636,5,1,4,21,0,0,0,0,0
201900013473,19,10,24,1521,1,5,3,7,4958834,-290397,3,3,16,1,4,1,361,776,8,3,5,92,0,0,0,0,0
201900013474,19,7,22,280,2,3,9,7,4880265,517978,8,4,34,1,1,3,568,968,5,4,4,68,0,0,0,0,0
201900013475,19,11,17,933,5,4,9,4,4506434,42858,7,2,50,1,4,2,607,594,5,2,5,76,0,0,0,0,0
201900013476,19,6,9,1493,5,2,9,4,4814443,91784,7,3,11,1,3,4,253,992,1,2,4,76,0,0,0,0,0
201900013477,19,11,1,573,3,7,9,1,4433919,413188,9,1,29,3,3,1,725,601,3,7,5,43,0,0,0,0,0
201900013478,19,10,2,191,1,1,1,2,4759257,-301540,5,2,32,2,1,1,738,514,8,6,1,39,0,0,0,0,0
201900013479,19,7,4,2349,3,4,2,6,4787968,55820,3,1,11,2,3,3,242,361,7,1,5,87,0,0,0,0,0
201900013480,19,7,26,83,2,3,3,1,4964598,632647,4,3,31,1,2,2,3,507,5,6,3,94,0,0,0,0,0
201900013481,19,5,14,860,1,1,7,1,4849740,24553,3,3,18,3,2,1,389,138,4,1,5,60,0,0,0,0,0
201900013482,19,1,26,315,4,7,1,2,4425109,-47673,2,2,34,1,3,4,727,261,3,6,5,76,0,0,0,0,0
201900013483,19,6,15,2241,4,4,9,2,4861002,352317,1,4,18,1,4,1,680,617,4,6,4,46,0,0,0,0,0
201900013484,19,6,3,133,4,1,8,1,4494871,437034,3,4,33,1,3,4,528,721,2,5,4,32,0,0,0,0,0
201900013485,19,2,8,1986,5,4,1,4,4787753,-119177,4,2,3,3,1,2,432,904,7,6,2,43,0,0,0,0,0
201900013486,19,4,4,902,3,7,7,6,4764519,-94210,8,2,34,3,2,2,534,894,7,1,4,15,0,0,0,0,0
201900013487,19,11,11,1139,1,6,3,3,4696853,680581,7,3,3,3,1,1,560,710,2,5,3,82,0,0,0,0,0
201900013488,19,6,23,972,5,6,1,7,4602940,-137446,8,3,20,2,3,1,210,53,3,6,5,36,0,0,0,0,0
201900013489,19,1,2,1298,2,1,8,3,4836446,118229,9,4,18,2,4,1,778,335,3,2,4,35,0,0,0,0,0
201900013490,19,7,2,696,1,7,7,1,4825156,200350,9,2,33,1,2,2,523,535,2,7,4,54,0,0,0,0,0
201900013491,19,2,5,1845,4,7,5,3,4645182,-320560,7,2,31,1,1,2,634,745,2,4,1,47,0,0,0,0,0
201900013492,19,8,22,1204,2,4,5,2,4594601,-94037,3,2,15,1,2,4,856,31,8,6,4,75,0,0,0,0,0
201900013493,19,4,18,1092,1,8,7,6,4945884,-31583,4,2,19,2,4,1,197,643,8,4,4,29,0,0,0,0,0
201900013494,19,12,23,1878,1,1,3,1,4953893,44672,5,1,24,1,1,4,637,893,5,1,1,78,0,0,0,0,0
201900013495,19,3,9,1265,4,5,4,1,4853466,-319722,9,3,31,1,4,4,710,731,5,5,2,68,0,0,0,0,0
201900013496,19,6,17,569,4,6,1,7,4727824,402830,4,3,51,3,2,1,379,211,8,7,2,85,0,0,0,0,0
201900013497,19,10,2,166,3,6,4,6,4829317,530796,1,3,6,2,3,4,523,874,3,1,5,48,0,0,0,0,0
201900013498,19,10,11,621,2,8,5,6,4970921,634284,2,4,12,2,3,3,910,118,5,4,5,40,0,0,0,0,0
201900013499,19,8,1,786,3,5,1,7,4501657,-313552,7,2,16,2,1,1,544,539,5,2,5,71,0,0,0,0,0
201900013500,19,3,8,1002,1,9,8,6,4684735,397419,4,1,47,2,4,2,101,298,8,1,3,20,0,0,0,0,0
201900013501,19,8,19,2049,5,4,3,6,4603537,394820,8,3,45,3,2,1,534,857,5,6,4,8,0,0,0,0,0
201900013502,19,1,15,314,4,9,3,3,4852174,52864,8,1,35,1,3,4,663,829,8,3,1,39,0,0,0,0,0
201900013503,19,6,27,985,5,3,8,6,4675007,305627,6,4,20,2,4,3,835,371,1,3,4,65,0,0,0,0,0
201900013504,19,10,1,1159,5,3,7,6,4872526,-235141,7,1,12,2,4,4,657,794,8,6,4,84,0,0,0,0,0
201900013505,19,5,25,1166,1,8,3,2,4604384,519722,2,3,51,2,2,4,527,236,8,2,2,14,0,0,0,0,0
201900013506,19,5,3,1615,3,5,7,1,4982675,-320499,2,1,41,3,3,4,425,440,8,6,5,64,0,0,0,0,0
201900013507,19,8,4,2120,2,6,1,7,4988196,197046,6,3,19,3,2,3,845,251,8,7,3,19,0,0,0,0,0
201900013508,19,3,19,345,3,6,9,5,4601211,-245362,1,4,25,3,4,2,154,98,9,4,2,90,0,0,0,0,0
201900013509,19,1,7,2030,1,1,8,6,4506402,-364630,1,4,21,3,2,1,682,118,5,3,5,20,0,0,0,0,0
201900013510,19,7,2,1409,4,9,5,5,4468840,541169,7,2,42,3,4,4,474,483,5,1,1,53,0,0,0,0,0
201900013511,19,8,17,1172,5,4,8,7,4611429,-304205,8,1,18,3,2,1,442,178,3,4,3,56,0,0,0,0,0
201900013512,19,11,22,288,5,2,4,6,4550235,-323439,6,3,5,1,3,2,17,728,9,6,2,17,0,0,0,0,0
201900013513,19,5,18,320,1,6,4,3,4761473,412056,2,1,50,2,4,1,853,969,5,6,1,96,0,0,0,0,0
201900013514,19,11,20,1198,1,7,6,3,4653242,-11780,8,1,46,3,4,4,704,394,3,6,5,78,0,0,0,0,0
201900013515,19,7,11,988,5,9,7,5,4487066,157246,2,4,3,1,2,3,111,413,9,2,4,24,0,0,0,0,0
201900013516,19,11,15,1711,2,8,3,3,4423584,-379024,6,4,51,1,2,1,193,981,5,2,2,55,0,0,0,0,0
201900013517,19,5,4,1329,5,6,9,3,4726387,-326096,6,4,38,3,3,4,155,742,7,3,4,11,0,0,0,0,0
201900013518,19,10,14,69,2,5,8,3,4629411,20787,1,2,30,1,4,2,95,761,7,2,5,40,0,0,0,0,0
201900013519,19,1,10,1389,1,6,8,3,4615765,-222389,3,4,45,1,4,4,905,483,8,5,2,75,0,0,0,0,0
201900013520,19,3,13,1545,5,1,9,6,4473072,518893,6,3,31,2,4,4,723,857,4,6,3,59,0,0,0,0,0
201900013521,19,11,25,378,4,1,8,6,4680668,-213460,2,1,14,1,1,2,637,703,3,5,3,35,0,0,0,0,0
201900013522,19,6,28,1545,4,6,3,2,4976787,406941,7,4,50,1,2,3,512,307,3,4,3,41,0,0,0,0,0
201900013523,19,10,1,1143,1,2,8,1,4483351,66272,9,4,26,1,4,1,803,271,2,7,4,64,0,0,0,0,0
201900013524,19,12,1,747,3,1,2,2,4579841,686141,9,3,21,2,1,1,579,650,4,7,1,41,0,0,0,0,0
201900013525,19,7,20,1854,1,2,1,2,4569606,-317675,1,2,24,1,1,4,264,546,1,3,2,67,0,0,0,0,0
201900013526,19,8,16,1664,1,2,5,1,4476466,-251972,9,1,41,2,1,3,535,92,1,7,2,57,0,0,0,0,0
201900013527,19,2,12,128,2,8,7,3,4643793,248939,9,3,49,1,3,2,39,832,7,6,4,33,0,0,0,0,0
201900013528,19,8,22,1228,2,1,7,2,4467083,381439,2,4,15,1,3,2,736,994,2,4,5,41,0,0,0,0,0
201900013529,19,11,27,2105,5,3,3,6,4881993,-348912,5,3,2,2,4,3,478,800,5,6,1,64,0,0,0,0,0
201900013530,19,4,28,1651,3,2,6,1,4964186,229031,5,2,9,1,4,1,196,29,7,3,2,6,0,0,0,0,0
201900013531,19,8,1,1640,2,8,9,7,4413401,-224700,9,3,13,1,4,4,432,544,8,7,4,19,0,0,0,0,0
201900013532,19,12,16,1830,5,4,2,2,4850363,249056,3,3,1,2,2,2,339,213,4,7,5,5,0,0,0,0,0
201900013533,19,9,20,163,5,5,3,4,4603680,441171,8,1,19,1,2,1,294,427,4,7,3,10,0,0,0,0,0
201900013534,19,3,28,171,4,1,9,2,4503695,371549,6,3,45,3,2,3,74,120,4,2,4,51,0,0,0,0,0
201900013535,19,5,15,947,4,8,8,4,4556273,487347,9,1,4,1,1,1,566,968,9,5,5,61,0,0,0,0,0
201900013536,19,5,1,234,5,7,9,7,4824786,24754,1,3,31,1,3,2,121,460,8,3,3,32,0,0,0,0,0
201900013537,19,12,8,1509,1,9,3,1,4636083,96372,6,1,10,3,3,4,493,334,6,5,3,9,0,0,0,0,0
201900013538,19,11,22,1914,5,7,9,5,4810023,-353281,6,2,31,2,2,1,243,540,7,5,4,50,0,0,0,0,0
201900013539,19,10,8,2319,1,5,1,1,4682353,62447,6,2,18,3,1,2,228,128,9,6,3,52,0,0,0,0,0
201900013540,19,6,8,393,4,1,2,4,4777889,338126,8,2,2,2,4,3,16,892,8,7,2,23,0,0,0,0,0
201900013541,19,7,22,1054,4,1,9,2,4818757,-388222,8,4,22,3,1,2,392,862,1,2,4,0,0,0,0,0,0
201900013542,19,6,23,174,4,7,6,1,4621127,-330031,3,3,18,3,3,4,912,829,5,4,4,48,0,0,0,0,0
201900013543,19,2,14,1915,5,2,3,4,4437835,234859,1,1,40,2,1,4,530,536,6,1,3,34,0,0,0,0,0
201900013544,19,10,17,816,3,7,9,1,4683048,22816,6,3,32,3,4,3,867,717,7,3,3,16,0,0,0,0,0
201900013545,19,5,12,366,2,3,3,4,4960582,661031,8,4,11,3,3,4,153,67,9,4,4,64,0,0,0,0,0
201900013546,19,11,7,137,2,5,5,2,4980874,493771,8,3,30,3,3,3,136,461,3,7,3,3,0,0,0,0,0
201900013547,19,6,27,1217,3,5,2,6,4773154,-210241,6,2,46,1,1,1,433,89,7,1,1,27,0,0,0,0,0
201900013548,19,12,25,887,3,8,3,1,4551552,598860,8,1,48,2,2,3,686,836,9,5,3,94,0,0,0,0,0
201900013549,19,11,7,1280,1,4,5,7,4461527,-196879,4,2,16,3,2,1,753,538,7,7,4,99,0,0,0,0,0
201900013550,19,3,16,1645,5,3,6,1,4940811,650061,5,4,45,3,3,1,843,446,1,4,2,99,0,0,0,0,0
201900013551,19,6,28,937,1,7,5,6,4858083,-89783,9,3,39,1,1,3,151,489,4,2,2,37,0,0,0,0,0
201900013552,19,5,19,348,3,4,9,1,4474143,163888,8,1,43,3,4,1,321,369,6,3,3,47,0,0,0,0,0
201900013553,19,7,12,236,5,1,5,6,4935573,-361967,4,1,35,2,3,2,838,158,9,5,5,89,0,0,0,0,0
201900013554,19,3,12,2213,3,4,7,5,4694571,151739,1,4,4,2,1,4,77,31,8,7,1,64,0,0,0,0,0
201900013555,19,10,23,1889,2,4,5,6,4808838,535799,6,3,0,3,2,3,685,924,2,4,1,4,0,0,0,0,0
201900013556,19,7,3,1543,4,4,9,5,4812512,-336404,3,1,41,1,2,4,52,609,2,2,1,7,0,0,0,0,0
201900013557,19,1,6,1477,2,6,4,7,4896562,602350,1,3,11,3,4,1,700,690,5,3,2,0,0,0,0,0,0
201900013558,19,1,15,1605,3,6,8,2,4464642,89875,3,3,53,3,4,3,472,903,5,3,1,8,0,0,0,0,0
201900013559,19,12,17,2046,3,3,8,7,4626459,314374,5,2,17,1,2,1,460,859,2,4,5,9,0,0,0,0,0
201900013560,19,6,6,2347,4,9,9,5,4656040,-215951,4,3,2,1,1,2,716,430,4,3,4,66,0,0,0,0,0
201900013561,19,11,23,1316,5,1,7,5,4881786,412763,3,2,4,2,2,3,281,504,9,6,1,73,0,0,0,0,0
201900013562,19,6,10,1107,4,4,1,6,4410636,-191126,4,1,21,1,1,3,466,559,8,6,2,11,0,0,0,0,0
201900013563,19,12,24,1543,4,9,4,5,4674478,557562,9,3,1,1,2,2,646,910,8,3,3,79,0,0,0,0,0
201900013564,19,9,22,2200,1,7,5,1,4446732,-316135,1,3,6,1,1,1,281,378,8,1,4,70,0,0,0,0,0
201900013565,19,8,14,2072,2,6,5,4,4889771,-230022,5,1,25,3,3,1,336,924,7,1,2,33,0,0,0,0,0
201900013566,19,11,10,1626,5,5,3,2,4481803,438867,8,1,41,1,1,4,573,237,6,2,4,4,0,0,0,0,0
201900013567,19,2,1,1940,3,7,1,1,4762967,16788,4,2,3,2,1,2,798,912,1,3,4,0,0,0,0,0,0
201900013568,19,8,19,1991,3,7,8,2,4497761,483742,2,4,20,2,2,3,340,235,7,5,1,57,0,0,0,0,0
201900013569,19,1,15,2286,4,4,7,4,4659526,573758,9,4,10,1,3,1,716,256,3,5,2,36,0,0,0,0,0
201900013570,19,12,5,1532,4,9,2,2,4564391,205703,5,3,32,1,4,2,742,295,1,7,1,56,0,0,0,0,0
201900013571,19,11,12,1125,2,1,9,2,4851785,282751,1,4,4,1,2,2,124,443,9,5,2,4,0,0,0,0,0
201900013572,19,2,19,528,1,3,4,7,4953964,-300229,6,3,11,2,2,1,6,614,2,6,3,62,0,0,0,0,0
201900013573,19,9,8,996,5,8,5,4,4494888,-206552,3,2,27,2,4,1,402,337,7,6,2,58,0,0,0,0,0
201900013574,19,8,27,2040,3,2,1,4,4726403,341636,5,4,46,3,4,4,187,261,3,3,4,67,0,0,0,0,0