Num_Acc,an,mois,jour,hrmn,lum,int,atm,col,lat,long,catr,circ,nbv,vosp,prof,plan,lartpc,larrout,surf,infra,situ,env1,unscathed,killed,hospital,light,chance
201900013575,19,9,11,1710,4,5,8,6,4814354,228390,1,2,14,3,3,3,645,982,5,2,4,55,0,0,0,0,0
201900013576,19,10,10,1161,1,1,8,7,4636632,524866,7,4,52,3,1,3,129,296,5,2,1,82,0,0,0,0,0
201900013577,19,3,3,454,5,1,4,3,4432759,-107110,9,4,26,1,2,4,617,425,8,3,1,99,0,0,0,0,0
201900013578,19,9,9,1193,3,3,9,7,4508604,271541,8,1,46,1,4,3,463,676,6,2,5,8,0,0,0,0,0
201900013579,19,10,11,1977,2,9,8,5,4915693,595001,1,1,48,1,3,4,318,518,4,2,4,63,0,0,0,0,0
201900013580,19,1,28,368,3,9,5,1,4659631,-308551,2,1,22,3,1,4,536,53,1,4,2,96,0,0,0,0,0
201900013581,19,9,13,943,1,8,2,2,4869633,540253,2,2,15,3,4,1,152,20,2,4,4,80,0,0,0,0,0
201900013582,19,10,1,747,4,9,7,3,4633680,302867,4,4,28,2,2,3,201,80,3,2,4,17,0,0,0,0,0
201900013583,19,9,4,870,1,8,9,4,4500785,-244555,6,1,29,1,4,2,781,979,4,4,1,37,0,0,0,0,0
201900013584,19,6,22,2128,4,9,9,1,4523505,-210473,1,1,2,2,4,1,409,589,9,2,1,92,0,0,0,0,0
201900013585,19,9,16,761,2,6,4,7,4625463,-178067,4,3,9,1,1,2,134,748,5,5,3,93,0,0,0,0,0
201900013586,19,5,2,2044,3,6,6,2,4662431,-371093,2,3,2,1,3,2,89,219,7,7,1,99,0,0,0,0,0
201900013587,19,3,8,1452,4,9,2,7,4811071,-168853,6,4,37,3,1,4,846,133,3,2,5,39,0,0,0,0,0
201900013588,19,9,25,455,5,9,5,1,4476977,478200,4,4,10,3,4,1,195,184,5,3,1,31,0,0,0,0,0
201900013589,19,9,19,2346,4,2,9,7,4822821,194139,1,1,46,1,4,2,486,118,7,1,2,15,0,0,0,0,0
201900013590,19,8,20,1791,2,4,1,2,4966140,204525,1,2,10,1,3,1,41,491,4,7,3,31,0,0,0,0,0
201900013591,19,12,3,214,1,7,5,3,4732505,-228381,2,1,14,2,4,2,608,8,5,4,1,23,0,0,0,0,0
201900013592,19,4,27,298,2,7,5,3,4693315,257079,5,1,26,1,3,2,86,123,6,3,4,33,0,0,0,0,0
201900013593,19,9,8,835,1,4,9,4,4453937,271799,2,3,43,1,3,1,547,141,1,1,5,81,0,0,0,0,0
201900013594,19,12,10,1998,2,9,3,2,4916474,381238,3,2,30,3,2,4,323,22,1,2,5,99,0,0,0,0,0
201900013595,19,9,2,1851,3,6,4,5,4584094,452615,7,1,53,3,1,3,327,867,1,7,4,78,0,0,0,0,0
201900013596,19,5,21,1738,3,1,3,2,4833650,621607,3,2,52,2,1,1,555,384,2,5,1,73,0,0,0,0,0
201900013597,19,5,10,1542,5,7,4,6,4860645,409421,4,4,11,1,3,1,135,731,2,3,3,90,0,0,0,0,0
201900013598,19,11,8,1820,4,1,8,5,4678171,-176245,3,2,47,3,4,1,82,385,2,3,3,86,0,0,0,0,0
201900013599,19,3,20,2050,3,3,8,4,4645806,443912,3,3,38,2,2,2,590,286,2,4,2,34,0,0,0,0,0
201900013600,19,4,22,1373,4,9,6,7,4550232,594490,3,1,3,1,3,1,576,675,7,4,5,85,0,0,0,0,0
201900013601,19,8,20,855,1,5,6,3,4711078,147844,6,4,29,1,2,2,386,767,6,1,5,13,0,0,0,0,0
201900013602,19,11,17,1280,5,1,9,2,4717605,696329,7,2,27,1,3,1,47,813,9,7,3,18,0,0,0,0,0
201900013603,19,8,11,1711,1,7,6,4,4991466,583340,9,3,14,1,3,1,708,495,6,3,1,48,0,0,0,0,0
201900013604,19,6,22,647,4,7,7,3,4860322,374290,5,1,6,3,3,4,406,193,1,1,2,99,0,0,0,0,0
201900013605,19,11,18,2344,5,3,3,4,4499549,-55638,6,3,20,3,1,4,721,2,2,6,5,41,0,0,0,0,0
201900013606,19,5,18,2252,2,2,7,6,4429014,393194,5,3,22,1,4,1,546,228,3,5,1,9,0,0,0,0,0
201900013607,19,10,8,884,1,7,3,3,4713253,-212796,1,2,1,1,2,3,172,120,1,7,5,48,0,0,0,0,0
201900013608,19,3,17,836,2,4,6,6,4801855,-381296,9,4,46,2,2,4,568,716,3,3,4,26,0,0,0,0,0
201900013609,19,8,8,617,2,7,1,2,4865973,22941,4,1,19,2,4,2,26,483,8,7,5,17,0,0,0,0,0
201900013610,19,1,1,1394,3,4,6,4,4515488,451717,8,1,14,3,1,3,59,247,4,5,5,15,0,0,0,0,0
201900013611,19,6,16,861,3,8,1,3,4484582,-51203,3,3,7,2,1,4,262,920,8,3,1,46,0,0,0,0,0
201900013612,19,12,7,1870,5,3,7,3,4680250,-378287,5,3,52,3,1,3,902,652,2,7,2,14,0,0,0,0,0
201900013613,19,12,5,1261,5,7,5,4,4450534,183586,2,4,0,2,1,3,699,308,8,7,2,81,0,0,0,0,0
201900013614,19,6,26,814,1,7,8,1,4579916,309379,6,1,16,3,4,2,915,956,3,6,4,31,0,0,0,0,0
201900013615,19,12,19,466,4,3,8,2,4992786,299336,7,2,37,2,3,1,278,319,9,5,5,45,0,0,0,0,0
201900013616,19,2,26,254,2,7,4,5,4504678,94963,8,2,24,1,4,3,4,873,5,3,1,33,0,0,0,0,0
201900013617,19,8,27,422,2,3,5,5,4491844,-229350,8,4,49,1,3,3,2,747,2,1,3,73,0,0,0,0,0
201900013618,19,2,12,188,5,6,9,4,4400598,66444,2,4,30,3,2,4,809,431,9,4,3,90,0,0,0,0,0
201900013619,19,9,19,1894,5,4,2,3,4851413,-306207,7,2,21,1,4,2,307,18,2,2,2,29,0,0,0,0,0
201900013620,19,2,11,1916,3,9,1,4,4571055,473579,9,2,31,2,1,1,477,952,3,5,1,30,0,0,0,0,0
201900013621,19,10,27,2317,1,5,5,1,4410637,530663,7,4,36,3,3,4,799,819,8,7,3,73,0,0,0,0,0
201900013622,19,7,1,805,1,1,2,3,4682324,-178833,4,2,36,3,3,4,884,683,3,7,2,1,0,0,0,0,0
201900013623,19,7,5,1067,4,8,8,4,4577615,206044,8,1,18,1,1,2,163,556,7,6,2,61,0,0,0,0,0
201900013624,19,11,26,638,4,2,5,2,4724436,4077,2,1,17,1,3,4,209,277,3,6,3,42,0,0,0,0,0
201900013625,19,6,28,1485,3,4,4,3,4541107,26306,7,2,9,3,2,4,775,587,3,3,5,91,0,0,0,0,0
201900013626,19,9,21,1202,3,2,3,3,4406762,-224037,9,2,19,3,1,4,329,758,6,3,3,25,0,0,0,0,0
201900013627,19,9,6,196,1,7,3,1,4933370,235880,8,2,3,1,3,1,827,387,2,4,2,38,0,0,0,0,0
201900013628,19,12,25,2058,1,4,4,1,4882823,27792,7,2,33,1,3,1,739,493,3,6,1,98,0,0,0,0,0
201900013629,19,2,8,1168,2,4,1,3,4874200,435001,6,3,41,3,1,3,215,111,2,3,5,91,0,0,0,0,0
201900013630,19,9,20,2182,5,2,4,3,4829330,-179302,4,4,39,2,3,4,692,351,3,6,4,72,0,0,0,0,0
201900013631,19,2,3,1645,5,4,3,1,4566852,-85252,5,4,31,3,1,2,745,830,5,1,5,71,0,0,0,0,0
201900013632,19,5,9,1210,2,1,9,6,4866825,31516,8,1,28,2,3,3,51,323,5,3,5,83,0,0,0,0,0
201900013633,19,9,14,1106,2,6,4,7,4680292,416425,5,1,2,3,4,2,505,558,9,1,3,41,0,0,0,0,0
201900013634,19,3,11,1819,1,2,4,6,4855402,-88825,8,4,44,1,4,4,130,966,1,2,5,78,0,0,0,0,0
201900013635,19,2,14,486,5,6,5,2,4848312,-172167,9,4,14,3,3,4,192,830,1,2,5,20,0,0,0,0,0
201900013636,19,1,22,255,2,8,6,4,4791313,540606,5,1,19,1,4,4,426,760,1,7,2,96,0,0,0,0,0
201900013637,19,5,22,1978,3,3,2,5,4426425,234616,7,2,36,1,4,4,490,283,6,1,2,45,0,0,0,0,0
201900013638,19,5,8,1474,4,8,4,3,4417701,-101505,9,2,6,2,2,2,269,723,8,4,3,56,0,0,0,0,0
201900013639,19,12,13,1220,5,8,7,6,4788411,446439,6,4,49,3,4,3,148,73,4,5,2,89,0,0,0,0,0
201900013640,19,9,27,1580,2,4,9,6,4586192,333032,9,2,25,1,3,1,27,457,6,3,1,51,0,0,0,0,0
201900013641,19,8,13,1517,3,3,6,7,4727567,414648,5,2,53,3,2,2,422,208,6,7,4,46,0,0,0,0,0
201900013642,19,7,27,2275,3,1,8,1,4958469,350497,2,2,0,2,2,1,753,768,7,3,2,9,0,0,0,0,0
201900013643,19,4,1,176,5,4,3,5,4503428,555112,5,3,34,1,2,1,911,913,1,1,4,35,0,0,0,0,0
201900013644,19,3,9,2210,2,9,4,6,4583633,-6389,1,4,14,2,4,2,267,568,1,3,3,98,0,0,0,0,0
201900013645,19,6,6,523,2,8,9,6,4902228,-156691,3,2,30,3,2,3,805,151,9,6,5,31,0,0,0,0,0
201900013646,19,7,26,1852,3,7,8,2,4828606,-179760,7,2,30,3,4,1,426,853,3,6,3,91,0,0,0,0,0
201900013647,19,3,13,1361,2,7,7,5,4835285,-278468,3,3,30,3,1,1,56,452,9,6,4,18,0,0,0,0,0
201900013648,19,5,27,226,4,3,1,2,4439357,109714,7,3,53,2,2,4,513,568,5,2,4,67,0,0,0,0,0
201900013649,19,4,22,784,1,7,7,7,4847097,407609,1,3,49,3,1,1,66,375,5,5,3,79,0,0,0,0,0
201900013650,19,4,23,1178,2,6,3,3,4687368,-261793,2,3,14,1,2,1,750,532,5,7,1,69,0,0,0,0,0
201900013651,19,5,21,2244,4,8,7,4,4517901,150784,2,1,53,1,2,2,605,880,2,2,3,16,0,0,0,0,0
201900013652,19,8,23,815,3,9,2,6,4444229,385134,2,2,34,1,2,3,187,285,2,5,2,10,0,0,0,0,0
201900013653,19,7,12,1835,5,8,8,5,4997573,356464,9,1,28,1,2,2,294,151,2,5,4,11,0,0,0,0,0
201900013654,19,10,21,2335,3,4,8,6,4642038,544891,4,4,16,1,1,4,41,283,9,3,2,41,0,0,0,0,0
201900013655,19,5,1,1953,1,3,9,3,4765698,282960,2,4,13,2,4,2,434,549,2,3,3,23,0,0,0,0,0
201900013656,19,11,25,707,5,7,8,7,4426308,279869,1,3,18,1,3,3,151,260,8,5,1,8,0,0,0,0,0
201900013657,19,12,3,617,4,5,7,3,4671136,282791,5,3,24,2,1,2,900,665,5,5,5,5,0,0,0,0,0
201900013658,19,6,3,1832,5,8,8,5,4979658,629349,6,4,30,3,4,4,643,263,7,1,5,34,0,0,0,0,0
201900013659,19,5,11,2170,1,5,8,6,4984994,595305,7,2,32,1,4,3,409,279,4,2,3,73,0,0,0,0,0
201900013660,19,10,8,1052,2,7,9,4,4454304,334215,3,1,43,3,2,3,108,750,9,3,4,6,0,0,0,0,0
201900013661,19,11,2,480,2,7,2,1,4445381,511279,6,3,53,1,2,3,150,195,2,5,5,58,0,0,0,0,0
201900013662,19,1,12,1573,2,5,7,7,4577274,628491,8,3,32,2,1,4,371,41,7,1,3,88,0,0,0,0,0
201900013663,19,4,12,1117,5,1,3,3,4948837,694266,8,3,33,1,1,1,167,344,9,5,2,28,0,0,0,0,0
201900013664,19,1,2,965,3,3,7,4,4401093,155597,8,3,13,1,3,2,184,603,5,3,2,48,0,0,0,0,0
201900013665,19,6,9,1762,1,2,8,1,4742039,-365812,5,3,11,1,1,4,565,677,9,5,1,21,0,0,0,0,0
201900013666,19,10,16,2011,5,9,8,2,4867250,201482,5,4,39,1,4,4,435,914,4,4,2,46,0,0,0,0,0
201900013667,19,11,23,1246,4,5,7,5,4663570,-123158,1,4,31,3,4,3,194,17,8,3,3,3,0,0,0,0,0
201900013668,19,7,11,918,2,1,9,2,4447539,-48187,7,3,32,3,2,3,672,575,8,1,5,96,0,0,0,0,0
201900013669,19,1,8,2325,1,8,2,7,4702595,282202,8,2,9,3,3,1,406,121,1,2,2,82,0,0,0,0,0
201900013670,19,1,20,126,4,1,2,4,4975833,543702,3,3,50,3,2,2,730,261,2,5,5,97,0,0,0,0,0
201900013671,19,7,27,1619,3,8,7,3,4420529,572161,2,2,24,1,4,4,479,394,8,7,1,5,0,0,0,0,0
201900013672,19,4,4,262,1,9,9,3,4485910,135316,7,1,20,2,2,2,695,570,2,3,5,6,0,0,0,0,0
201900013673,19,6,23,712,4,3,9,4,4914301,123002,7,3,39,1,3,2,291,911,4,5,5,90,0,0,0,0,0
201900013674,19,5,21,1068,3,6,3,5,4649411,468702,4,1,13,3,1,4,372,47,3,6,5,0,0,0,0,0,0
201900013675,19,8,2,1615,5,5,8,5,4458351,686114,2,2,13,2,2,1,821,632,4,5,1,83,0,0,0,0,0
201900013676,19,6,10,1940,4,4,6,1,4679862,-160076,9,2,11,3,1,1,362,389,9,6,3,60,0,0,0,0,0
201900013677,19,6,8,974,2,6,3,6,4654527,451040,7,2,21,2,2,1,532,782,7,5,1,14,0,0,0,0,0
201900013678,19,10,5,415,5,9,4,6,4563650,192664,3,3,24,2,2,4,240,760,7,5,2,10,0,0,0,0,0
201900013679,19,5,24,2312,1,9,8,4,4469334,-89922,1,4,27,3,4,2,322,471,3,5,3,67,0,0,0,0,0
201900013680,19,8,20,597,5,8,5,3,4722684,-119261,5,3,23,1,2,3,236,51,5,1,4,14,0,0,0,0,0
201900013681,19,2,19,1859,1,8,8,3,4690976,-37030,3,3,46,1,4,3,695,173,6,2,3,33,0,0,0,0,0
201900013682,19,11,17,2126,3,6,9,4,4656721,324636,9,3,23,1,3,1,778,452,2,3,1,82,0,0,0,0,0
201900013683,19,7,16,145,5,1,7,2,4457478,-226354,5,3,35,3,1,2,801,720,8,6,2,84,0,0,0,0,0
201900013684,19,5,4,996,1,9,4,7,4584997,-278279,7,1,40,2,1,2,593,425,5,3,1,43,0,0,0,0,0
201900013685,19,11,19,717,2,5,3,3,4839667,-194876,3,4,5,2,3,3,117,11,1,7,5,65,0,0,0,0,0
201900013686,19,11,16,1499,3,2,6,5,4535877,9548,3,4,40,1,3,4,386,731,1,3,1,94,0,0,0,0,0
201900013687,19,3,25,1992,3,9,8,7,4812753,-37742,3,3,0,3,3,2,134,850,5,5,4,11,0,0,0,0,0
201900013688,19,10,4,1331,1,6,6,4,4814675,684241,6,4,46,1,1,2,154,580,9,3,4,5,0,0,0,0,0
201900013689,19,1,18,1183,2,1,1,2,4765164,553075,2,2,44,2,4,1,50,599,8,7,4,63,0,0,0,0,0
201900013690,19,4,2,1586,3,2,6,5,4960936,600168,2,2,20,2,4,1,561,888,4,2,4,9,0,0,0,0,0
201900013691,19,8,11,1383,3,1,4,1,4809347,-239420,7,3,11,2,1,1,297,189,7,2,3,16,0,0,0,0,0
201900013692,19,12,10,1890,3,2,2,6,4498739,38195,1,3,31,2,3,2,398,309,4,5,3,90,0,0,0,0,0
201900013693,19,5,19,1047,2,9,3,6,4668627,-399814,8,4,6,2,4,3,557,692,8,2,4,42,0,0,0,0,0
201900013694,19,9,8,511,3,6,6,1,4966909,570693,8,3,48,2,2,3,94,230,8,2,1,88,0,0,0,0,0
201900013695,19,11,16,1796,5,8,5,3,4920522,39706,9,4,21,3,1,4,720,153,6,1,3,47,0,0,0,0,0
201900013696,19,11,9,2008,4,8,6,1,4473737,260567,7,2,20,1,2,3,600,169,1,5,2,86,0,0,0,0,0
201900013697,19,1,2,1227,3,7,1,7,4880848,118709,6,4,11,1,2,1,232,636,9,1,3,96,0,0,0,0,0
201900013698,19,9,22,1075,1,1,7,4,4465201,492616,8,2,39,3,4,1,602,899,4,4,3,63,0,0,0,0,0
201900013699,19,7,2,2156,5,5,8,5,4845530,-306560,9,2,43,3,2,4,835,891,6,3,1,69,0,0,0,0,0
201900013700,19,3,7,514,2,3,7,6,4583640,-182462,1,3,9,2,4,2,817,743,7,3,5,22,0,0,0,0,0
201900013701,19,9,25,1792,5,5,3,1,4883162,70068,4,4,52,2,4,2,657,662,8,7,1,72,0,0,0,0,0
201900013702,19,8,4,480,4,6,6,7,4482151,484603,7,1,52,1,1,3,183,928,8,1,3,82,0,0,0,0,0
201900013703,19,9,19,1561,3,4,6,1,4892485,690111,1,4,49,3,4,2,305,667,7,5,1,99,0,0,0,0,0
201900013704,19,9,26,876,4,5,5,4,4776595,-64951,3,2,26,1,4,2,390,36,3,1,2,24,0,0,0,0,0
201900013705,19,4,13,1460,3,1,3,3,4883169,316921,1,2,32,2,4,3,686,485,5,6,2,74,0,0,0,0,0
201900013706,19,1,20,1266,3,4,6,6,4442173,208720,2,3,23,2,4,3,610,303,3,1,5,30,0,0,0,0,0
201900013707,19,11,7,833,5,7,4,2,4487072,27340,1,4,14,1,4,2,757,489,6,1,4,88,0,0,0,0,0
201900013708,19,9,5,2267,4,6,8,4,4860412,631512,7,1,18,2,3,3,637,526,4,5,2,95,0,0,0,0,0
201900013709,19,1,9,433,5,9,9,4,4668626,148582,5,1,15,3,2,1,98,12,3,3,5,93,0,0,0,0,0
201900013710,19,4,16,2311,2,5,3,6,4984099,218899,7,3,53,1,3,1,825,716,7,6,4,25,0,0,0,0,0
201900013711,19,3,27,2023,3,5,5,5,4678034,36283,3,1,14,1,1,3,757,247,5,3,1,70,0,0,0,0,0
201900013712,19,9,2,148,3,4,6,1,4901097,-353482,4,1,42,2,4,3,572,864,3,4,3,11,0,0,0,0,0
201900013713,19,12,2,306,5,6,6,1,4888728,687971,7,3,22,2,3,1,269,157,8,7,1,5,0,0,0,0,0
201900013714,19,1,6,2296,4,2,8,6,4868275,21570,4,4,4,2,3,4,830,92,6,5,3,70,0,0,0,0,0
201900013715,19,10,8,346,2,6,1,1,4918546,527364,2,3,19,3,4,1,434,112,7,7,4,18,0,0,0,0,0
201900013716,19,9,23,504,1,6,9,5,4588937,79823,7,2,37,1,4,1,886,464,3,2,2,63,0,0,0,0,0
201900013717,19,4,16,1484,4,2,2,7,4966416,175115,8,3,23,1,2,4,733,738,8,5,5,28,0,0,0,0,0
201900013718,19,5,21,1026,1,5,8,3,4978628,561732,7,4,26,1,4,1,687,822,7,7,5,98,0,0,0,0,0
201900013719,19,2,9,2019,2,8,3,6,4788432,306850,8,4,1,1,3,2,69,294,3,1,2,72,0,0,0,0,0
201900013720,19,10,23,1600,2,6,8,4,4920224,184572,9,3,43,3,1,2,24,439,7,7,1,50,0,0,0,0,0
201900013721,19,10,13,1633,3,1,3,4,4451093,123049,2,2,49,3,1,4,871,161,9,3,4,56,0,0,0,0,0
201900013722,19,7,7,1397,3,8,4,6,4412315,-208299,4,3,18,2,1,4,228,946,2,1,5,52,0,0,0,0,0
201900013723,19,12,20,1975,3,2,7,1,4576749,-219397,9,2,16,1,3,4,560,845,3,3,4,46,0,0,0,0,0
201900013724,19,9,13,1651,2,5,5,7,4511447,491332,6,1,2,1,2,3,176,240,2,6,2,2,0,0,0,0,0
201900013725,19,7,8,2157,5,8,8,3,4955094,652071,3,4,4,1,1,4,341,475,2,2,1,72,0,0,0,0,0
201900013726,19,5,8,2059,5,4,1,3,4564507,388082,4,2,36,3,4,4,300,869,6,4,5,93,0,0,0,0,0
201900013727,19,4,20,1181,2,4,8,2,4744854,-36580,1,3,18,3,1,1,487,592,7,7,3,76,0,0,0,0,0
201900013728,19,5,22,870,5,7,9,5,4541092,-22065,2,1,16,1,1,1,309,441,7,2,5,80,0,0,0,0,0
201900013729,19,12,8,192,1,4,3,5,4530015,-221981,4,4,5,1,4,4,557,935,2,1,4,57,0,0,0,0,0
201900013730,19,6,20,1267,2,9,4,7,4619119,-220408,1,1,32,2,2,2,242,547,7,1,3,35,0,0,0,0,0
201900013731,19,11,1,1246,3,7,4,5,4599847,2808,7,2,23,2,3,1,37,449,6,3,2,49,0,0,0,0,0
201900013732,19,6,4,1286,1,8,3,2,4408001,585561,3,4,32,2,4,3,620,859,3,1,1,64,0,0,0,0,0
201900013733,19,11,4,2161,4,9,5,5,4438515,385240,8,3,3,3,3,2,629,534,8,2,2,91,0,0,0,0,0
201900013734,19,7,3,2211,5,8,5,2,4766304,-229842,2,2,44,3,4,4,836,791,7,1,1,67,0,0,0,0,0
201900013735,19,4,28,946,2,6,1,5,4594335,-80242,2,4,34,2,4,2,355,770,7,4,3,36,0,0,0,0,0
201900013736,19,2,3,2255,5,8,3,2,4508004,622343,4,1,47,3,1,2,317,486,2,3,3,17,0,0,0,0,0
201900013737,19,10,4,1410,1,8,4,3,4993192,-165917,7,4,2,3,2,3,557,330,1,7,3,70,0,0,0,0,0
201900013738,19,1,19,2138,2,6,1,4,4660501,87970,8,3,25,3,3,3,860,805,1,1,5,99,0,0,0,0,0
201900013739,19,6,14,1475,5,2,3,3,4541039,-396172,7,3,48,2,2,4,88,496,6,3,1,49,0,0,0,0,0
201900013740,19,1,21,952,5,8,3,1,4828876,-366779,5,3,8,3,2,3,322,39,4,3,3,84,0,0,0,0,0
201900013741,19,1,12,802,3,3,3,6,4707023,311511,3,2,23,3,1,1,649,107,1,1,5,80,0,0,0,0,0
201900013742,19,11,12,426,4,2,3,3,4412207,561618,4,4,0,3,1,3,554,725,2,1,4,2,0,0,0,0,0
201900013743,19,6,9,1122,2,3,9,6,4460384,520539,5,4,14,1,4,1,751,792,4,1,3,35,0,0,0,0,0
201900013744,19,3,16,2352,1,3,8,5,4838913,-359335,7,2,27,3,1,1,180,98,5,6,3,53,0,0,0,0,0
201900013745,19,6,4,1274,4,6,1,7,4882233,-369184,6,3,52,2,2,2,152,222,6,2,3,65,0,0,0,0,0
201900013746,19,7,16,210,3,5,9,5,4438964,-356924,3,4,0,2,1,2,475,509,7,1,4,54,0,0,0,0,0
201900013747,19,8,1,2339,5,3,5,5,4721264,669343,1,2,12,3,1,4,122,666,7,7,5,92,0,0,0,0,0
201900013748,19,2,20,1532,5,4,4,7,4475608,231342,2,3,40,3,4,2,908,827,8,3,1,74,0,0,0,0,0
201900013749,19,1,17,874,1,7,6,4,4970736,-19297,6,1,38,3,1,3,21,829,4,4,2,21,0,0,0,0,0
201900013750,19,6,8,1891,4,4,4,3,4823648,-137320,1,1,15,2,3,3,282,910,3,3,3,20,0,0,0,0,0
201900013751,19,7,2,2163,2,2,7,1,4460973,-316426,5,3,10,3,3,1,877,62,2,6,5,21,0,0,0,0,0
201900013752,19,11,20,428,3,5,6,1,4703705,144552,4,3,42,3,4,3,547,895,5,2,5,71,0,0,0,0,0
201900013753,19,7,28,1326,2,4,5,2,4927123,-296549,8,3,39,3,3,1,733,393,9,2,4,53,0,0,0,0,0
201900013754,19,2,19,661,4,7,3,1,4930045,42699,3,4,18,3,1,2,156,493,4,7,3,58,0,0,0,0,0
201900013755,19,10,12,282,4,8,6,5,4842673,422072,1,1,49,3,4,4,323,630,1,4,5,72,0,0,0,0,0
201900013756,19,5,20,362,3,6,1,5,4567107,536330,8,2,39,1,4,3,652,182,5,3,4,95,0,0,0,0,0
201900013757,19,2,17,302,5,3,5,2,4936774,485474,9,4,4,2,2,4,462,328,6,5,5,88,0,0,0,0,0
201900013758,19,12,10,1029,4,2,6,1,4532731,501945,3,1,12,2,4,3,56,926,8,4,1,49,0,0,0,0,0
201900013759,19,11,4,779,2,3,5,5,4779938,-155613,1,1,0,3,3,2,240,310,3,5,4,74,0,0,0,0,0
201900013760,19,1,1,1515,3,1,7,1,4441204,54550,3,3,38,1,2,3,146,538,7,6,5,43,0,0,0,0,0
201900013761,19,3,18,2325,2,6,3,7,4455279,-119519,9,4,28,2,4,1,293,463,4,6,1,68,0,0,0,0,0
201900013762,19,1,18,1713,5,6,1,4,4633496,-7921,3,1,47,1,1,3,485,747,3,3,2,37,0,0,0,0,0
201900013763,19,12,18,938,2,8,9,7,4462418,-138440,1,3,12,3,4,1,304,16,1,5,4,97,0,0,0,0,0
201900013764,19,12,20,1931,4,2,8,6,4519311,386507,6,4,16,1,1,1,176,207,3,6,4,81,0,0,0,0,0
201900013765,19,3,8,538,3,8,8,4,4537882,209836,7,3,42,2,1,1,648,532,1,4,1,10,0,0,0,0,0
201900013766,19,7,19,198,2,5,8,3,4753917,644624,8,4,31,3,4,4,830,136,4,7,2,63,0,0,0,0,0
201900013767,19,2,25,1284,5,6,4,2,4703883,-211121,3,2,16,3,3,1,236,112,3,5,3,13,0,0,0,0,0
201900013768,19,7,7,405,3,6,7,2,4696297,93471,9,4,1,2,4,2,538,664,1,5,5,16,0,0,0,0,0
201900013769,19,9,20,543,4,3,8,7,4782431,82467,2,3,15,1,2,1,344,370,1,4,5,59,0,0,0,0,0
201900013770,19,7,11,1196,3,4,6,6,4948877,116212,4,2,7,3,1,3,423,7,6,2,5,27,0,0,0,0,0
201900013771,19,8,5,1505,2,2,1,7,4668713,-102490,8,4,47,3,4,3,855,79,5,5,1,3,0,0,0,0,0
201900013772,19,8,4,1001,5,6,8,6,4906326,218233,7,2,51,2,2,2,442,992,5,2,2,26,0,0,0,0,0
201900013773,19,4,27,1288,3,6,1,5,4428778,-24267,4,2,14,2,1,2,580,161,3,3,4,92,0,0,0,0,0
201900013774,19,8,1,1568,2,9,8,7,4984398,-254495,9,1,33,3,4,4,881,581,2,1,3,47,0,0,0,0,0
201900013775,19,1,18,1489,3,5,3,3,4620684,-24261,6,4,35,2,4,3,593,680,5,1,2,17,0,0,0,0,0
201900013776,19,2,12,1933,1,4,6,6,4853157,275048,5,4,27,1,1,1,168,521,5,4,1,3,0,0,0,0,0
201900013777,19,8,26,1383,1,7,6,1,4739664,267618,9,3,1,2,4,2,490,659,8,2,2,34,0,0,0,0,0
201900013778,19,11,18,1827,5,7,4,4,4576423,-313256,7,1,13,3,1,1,124,191,1,6,1,90,0,0,0,0,0
201900013779,19,2,21,1278,1,3,7,5,4745202,182521,5,4,7,2,1,4,739,963,2,5,5,48,0,0,0,0,0
201900013780,19,3,11,1476,1,9,9,2,4972200,293661,1,4,2,1,1,2,421,879,6,3,2,76,0,0,0,0,0
201900013781,19,9,7,694,5,7,7,7,4924060,530534,2,3,23,2,3,1,387,366,1,5,3,37,0,0,0,0,0
201900013782,19,9,25,1242,2,7,6,2,4735938,566780,3,3,33,1,1,3,497,63,3,5,4,68,0,0,0,0,0
201900013783,19,2,6,1186,2,7,6,2,4462357,-192529,9,1,1,2,3,4,890,477,5,6,5,43,0,0,0,0,0
201900013784,19,12,12,1741,5,2,9,2,4965341,-380762,8,2,32,2,1,3,668,386,9,3,4,93,0,0,0,0,0
201900013785,19,7,21,1658,1,1,4,5,4957119,114938,7,1,38,3,3,4,861,43,2,6,2,32,0,0,0,0,0
201900013786,19,8,10,1289,2,2,4,3,4428499,-165292,3,3,26,1,3,2,537,191,2,2,3,56,0,0,0,0,0
201900013787,19,12,27,2252,1,3,6,2,4931116,262101,9,1,10,2,1,3,228,195,2,7,4,52,0,0,0,0,0
201900013788,19,8,12,1561,3,4,7,7,4943073,-255750,6,3,22,1,2,2,99,946,6,5,2,93,0,0,0,0,0