Num_Acc,an,mois,jour,hrmn,lum,int,atm,col,lat,long,catr,circ,nbv,vosp,prof,plan,lartpc,larrout,surf,infra,situ,env1,unscathed,killed,hospital,light,chance
201900013789,19,8,2,542,5,2,8,5,4548725,73224,5,3,26,2,2,4,263,333,8,5,5,70,0,0,0,0,0
201900013790,19,5,1,526,3,2,6,6,4855164,-259622,3,1,24,1,3,1,267,927,9,4,3,50,0,0,0,0,0
201900013791,19,7,2,1643,1,7,3,3,4550765,-153817,3,1,47,2,3,4,144,114,1,3,5,71,0,0,0,0,0
201900013792,19,5,6,2290,2,4,8,5,4563511,-289234,8,4,20,3,4,3,20,172,4,7,3,56,0,0,0,0,0
201900013793,19,10,13,1607,4,6,2,3,4653159,-396010,2,2,44,2,2,2,546,212,7,1,5,99,0,0,0,0,0
201900013794,19,6,2,1188,2,2,1,2,4697559,95375,1,4,25,2,2,2,438,970,6,2,2,14,0,0,0,0,0
201900013795,19,8,27,1683,2,7,2,5,4455196,-47443,1,3,32,3,4,4,634,105,1,2,2,80,0,0,0,0,0
201900013796,19,3,4,1262,3,9,4,3,4524244,575726,4,1,43,3,4,2,648,294,4,2,4,94,0,0,0,0,0
201900013797,19,8,23,2026,2,2,1,3,4402900,652903,4,1,29,1,4,1,717,738,6,2,3,18,0,0,0,0,0
201900013798,19,7,20,42,5,4,4,1,4726286,-219872,4,2,37,3,1,3,877,806,6,5,1,57,0,0,0,0,0
201900013799,19,4,14,376,1,7,9,7,4693778,8688,8,2,17,2,2,1,341,774,8,7,1,5,0,0,0,0,0
201900013800,19,1,26,432,2,5,6,7,4915079,307662,7,2,48,1,2,3,301,90,4,4,2,28,0,0,0,0,0
201900013801,19,10,7,802,1,1,3,7,4514843,-221954,8,3,51,1,3,1,620,46,6,7,4,7,0,0,0,0,0
201900013802,19,9,14,394,3,6,6,5,4702314,261106,7,1,32,3,3,1,847,79,9,7,4,5,0,0,0,0,0
201900013803,19,1,25,1432,5,6,6,3,4542151,-100580,4,4,42,3,1,2,235,890,8,2,1,57,0,0,0,0,0
201900013804,19,3,28,1260,5,1,6,1,4471365,551166,9,1,44,3,2,3,150,892,4,7,4,74,0,0,0,0,0
201900013805,19,5,14,933,3,3,7,3,4607433,-371074,6,2,36,2,3,1,793,828,8,5,4,35,0,0,0,0,0
201900013806,19,3,14,2274,4,1,6,7,4411355,-51468,6,2,8,1,3,2,370,925,9,5,5,49,0,0,0,0,0
201900013807,19,5,10,1315,2,1,1,5,4735681,453233,1,1,28,3,1,3,14,756,2,1,2,61,0,0,0,0,0
201900013808,19,9,16,79,3,8,2,5,4932749,-392535,6,3,28,2,2,4,45,934,3,7,5,29,0,0,0,0,0
201900013809,19,7,17,1052,5,5,7,6,4403148,-327978,7,1,30,1,3,3,2,390,7,2,5,75,0,0,0,0,0
201900013810,19,10,27,652,1,9,4,3,4601607,-37060,8,4,4,3,4,4,549,6,8,6,5,87,0,0,0,0,0
201900013811,19,5,11,2200,5,8,7,7,4496440,-113593,1,1,24,3,2,2,152,513,7,2,5,36,0,0,0,0,0
201900013812,19,3,3,1678,2,1,5,6,4755346,-188966,5,4,9,1,3,1,601,638,1,1,1,23,0,0,0,0,0
201900013813,19,1,16,38,2,8,4,5,4706712,79033,4,3,28,2,4,4,587,439,3,7,5,16,0,0,0,0,0
201900013814,19,11,10,693,2,2,5,5,4629587,166736,4,1,5,1,3,2,658,378,1,1,3,42,0,0,0,0,0
201900013815,19,7,14,716,5,1,5,3,4787350,388480,5,4,21,2,2,3,854,509,2,3,2,53,0,0,0,0,0
201900013816,19,6,18,1334,2,2,5,7,4725821,687951,3,2,33,3,4,1,643,216,7,2,1,2,0,0,0,0,0
201900013817,19,5,20,417,1,3,4,6,4900727,486267,5,1,18,3,3,1,407,794,9,2,4,62,0,0,0,0,0
201900013818,19,4,22,476,3,2,3,2,4400015,17306,9,1,14,3,4,2,612,554,9,2,5,18,0,0,0,0,0
201900013819,19,12,16,272,5,1,8,5,4915151,545340,3,2,37,3,3,4,417,284,9,4,4,36,0,0,0,0,0
201900013820,19,9,9,1922,1,3,3,1,4825475,690392,6,2,8,3,2,4,675,195,3,7,1,58,0,0,0,0,0
201900013821,19,11,13,2295,4,4,4,5,4911552,226925,6,3,4,2,3,1,875,13,9,5,1,70,0,0,0,0,0
201900013822,19,3,7,1804,2,7,9,3,4997485,64817,7,3,12,1,2,3,544,766,3,7,5,54,0,0,0,0,0
201900013823,19,10,28,720,4,8,1,6,4881845,-245877,5,2,46,1,1,1,310,698,2,3,4,27,0,0,0,0,0
201900013824,19,2,24,2194,2,1,9,5,4451813,307033,2,2,50,3,3,2,878,430,7,4,4,97,0,0,0,0,0
201900013825,19,8,23,2051,5,9,3,6,4480722,520230,5,4,28,3,4,4,180,529,8,6,2,56,0,0,0,0,0
201900013826,19,12,24,1175,1,7,7,5,4882758,569299,9,2,11,1,1,3,277,767,4,1,4,63,0,0,0,0,0
201900013827,19,1,20,1082,5,4,2,5,4911551,244475,6,2,1,2,3,4,95,699,9,4,3,96,0,0,0,0,0
201900013828,19,5,20,534,1,9,1,3,4993780,95644,9,1,2,2,4,2,177,690,7,3,1,38,0,0,0,0,0
201900013829,19,8,23,693,1,5,1,5,4607791,104570,2,1,6,3,2,4,864,536,4,6,5,75,0,0,0,0,0
201900013830,19,2,21,1398,2,3,3,2,4479779,151463,5,1,18,1,2,3,429,907,3,3,2,78,0,0,0,0,0
201900013831,19,8,24,1959,1,7,2,2,4938304,635755,5,2,17,2,1,2,390,508,4,3,5,88,0,0,0,0,0
201900013832,19,4,13,2197,3,2,3,3,4760060,351116,8,4,45,3,4,2,807,80,8,2,5,93,0,0,0,0,0
201900013833,19,4,20,1011,2,3,3,2,4527785,-335136,8,4,2,3,3,2,780,934,3,2,2,60,0,0,0,0,0
201900013834,19,1,18,1414,2,3,5,4,4529144,-19981,1,2,5,2,4,4,75,452,5,7,5,5,0,0,0,0,0
201900013835,19,11,4,1340,1,2,8,2,4441583,631961,8,4,53,2,1,2,155,468,9,5,5,20,0,0,0,0,0
201900013836,19,3,25,2136,4,6,5,4,4939173,-185326,7,3,26,3,4,2,440,258,3,4,3,2,0,0,0,0,0
201900013837,19,3,20,46,4,7,5,7,4889166,-90873,2,2,19,1,2,1,788,685,3,5,3,66,0,0,0,0,0
201900013838,19,3,6,2263,5,4,5,5,4569128,636803,4,4,29,2,1,4,458,695,9,7,2,79,0,0,0,0,0
201900013839,19,4,27,1608,2,7,4,6,4985733,314003,4,3,13,3,2,3,585,250,8,7,3,75,0,0,0,0,0
201900013840,19,11,17,131,4,9,5,1,4834905,64297,8,3,13,3,4,1,428,916,6,7,4,68,0,0,0,0,0
201900013841,19,9,28,1309,3,2,6,6,4981292,-211804,4,1,4,2,3,3,814,316,6,7,3,54,0,0,0,0,0
201900013842,19,3,10,1801,1,9,2,6,4795938,-338567,7,3,27,3,3,2,229,910,8,4,3,89,0,0,0,0,0
201900013843,19,11,8,1693,3,6,5,3,4729709,-377828,1,3,19,2,2,3,144,682,2,2,2,41,0,0,0,0,0
201900013844,19,6,20,1708,3,2,4,6,4644319,404563,4,4,43,1,3,4,607,446,2,1,4,49,0,0,0,0,0
201900013845,19,12,19,1481,5,9,7,1,4991929,338533,6,3,3,1,4,4,365,112,5,4,3,61,0,0,0,0,0
201900013846,19,7,6,1452,5,4,4,7,4574495,99192,6,1,34,1,1,4,412,184,2,4,3,57,0,0,0,0,0
201900013847,19,9,15,1238,1,2,5,5,4735994,-158132,1,2,26,2,1,2,576,309,2,5,2,37,0,0,0,0,0
201900013848,19,7,20,1827,3,9,2,7,4618298,-317046,1,3,12,1,2,3,110,874,4,7,5,28,0,0,0,0,0
201900013849,19,9,7,1822,4,6,3,4,4714344,595323,5,4,41,1,3,2,752,678,1,2,5,61,0,0,0,0,0
201900013850,19,1,12,2226,4,1,7,4,4613424,433278,8,1,26,2,2,3,241,616,2,1,1,5,0,0,0,0,0
201900013851,19,8,5,1584,4,9,9,2,4480816,-305576,1,4,6,3,4,4,775,555,5,3,3,64,0,0,0,0,0
201900013852,19,7,9,2272,3,2,3,3,4863562,-393881,7,1,1,2,3,2,735,947,6,7,2,95,0,0,0,0,0
201900013853,19,4,16,227,1,6,1,1,4587541,246258,7,4,45,1,3,4,794,166,3,3,4,55,0,0,0,0,0
201900013854,19,6,6,2110,1,9,1,6,4980552,347845,3,1,3,3,2,4,130,926,5,1,3,98,0,0,0,0,0
201900013855,19,2,1,1332,3,8,1,6,4864361,182265,8,3,49,1,2,2,661,710,3,6,5,53,0,0,0,0,0
201900013856,19,1,15,274,5,7,3,1,4555096,-369906,5,3,20,3,3,2,808,267,3,1,3,29,0,0,0,0,0
201900013857,19,1,24,1643,5,8,7,6,4825119,-321837,8,4,39,1,2,3,279,881,9,1,3,58,0,0,0,0,0
201900013858,19,10,24,2084,4,1,5,2,4831928,645196,9,3,27,3,2,3,5,73,1,7,3,59,0,0,0,0,0
201900013859,19,10,18,2199,1,3,1,2,4405849,548688,9,1,40,1,2,1,520,593,4,6,4,71,0,0,0,0,0
201900013860,19,9,12,2197,4,3,8,2,4851310,-218719,3,1,21,3,2,3,572,39,6,6,1,37,0,0,0,0,0
201900013861,19,5,28,1944,4,4,9,5,4936790,474701,1,1,30,2,3,3,118,133,1,2,3,32,0,0,0,0,0
201900013862,19,9,28,115,1,3,7,3,4528338,223931,1,4,18,1,1,3,402,954,1,3,1,71,0,0,0,0,0
201900013863,19,8,8,869,5,5,3,5,4716942,491633,4,3,12,3,3,2,717,138,5,2,1,65,0,0,0,0,0
201900013864,19,4,16,2085,3,3,8,6,4427164,156868,5,3,15,3,1,2,307,506,9,7,3,62,0,0,0,0,0
201900013865,19,4,9,1810,1,3,4,6,4849769,424160,2,1,48,1,1,3,706,985,5,5,1,39,0,0,0,0,0
201900013866,19,5,2,1011,5,2,6,1,4617239,307864,3,1,29,2,3,1,98,283,9,2,1,11,0,0,0,0,0
201900013867,19,11,7,910,1,1,4,1,4559866,122564,1,2,27,1,2,4,607,451,6,3,2,38,0,0,0,0,0
201900013868,19,3,22,982,1,8,2,4,4706455,410104,1,2,44,1,2,3,320,532,6,4,4,52,0,0,0,0,0
201900013869,19,2,14,1310,3,6,7,3,4966134,32058,1,4,50,3,2,2,240,924,8,7,1,17,0,0,0,0,0
201900013870,19,1,17,2001,1,8,1,1,4535538,-35500,8,2,3,3,4,1,773,508,6,5,2,0,0,0,0,0,0
201900013871,19,10,10,485,1,9,8,7,4998010,-232933,8,1,24,2,1,1,87,565,4,6,4,0,0,0,0,0,0
201900013872,19,12,13,240,2,3,2,5,4806427,588917,4,4,8,3,3,4,647,303,4,1,4,59,0,0,0,0,0
201900013873,19,2,13,650,4,9,7,5,4557856,643370,1,4,38,3,1,1,59,416,9,4,3,58,0,0,0,0,0
201900013874,19,5,8,891,2,3,8,3,4575245,-96174,2,2,48,1,1,3,896,921,7,3,1,37,0,0,0,0,0
201900013875,19,7,10,1485,3,5,6,4,4868799,590870,7,2,24,3,3,4,718,580,1,6,1,70,0,0,0,0,0
201900013876,19,9,19,279,2,4,2,3,4763301,-63444,1,4,7,1,1,3,27,606,3,1,3,73,0,0,0,0,0
201900013877,19,7,8,379,2,6,2,3,4907701,72339,3,3,28,1,1,3,526,618,8,3,5,2,0,0,0,0,0
201900013878,19,1,28,76,4,8,4,4,4618710,683692,5,3,32,1,3,4,654,450,7,1,5,52,0,0,0,0,0
201900013879,19,3,25,368,3,4,5,4,4537262,-397970,9,2,35,2,2,3,99,370,6,4,3,38,0,0,0,0,0
201900013880,19,4,19,1644,1,6,8,4,4435361,604639,3,2,33,2,3,4,784,79,4,4,4,39,0,0,0,0,0
201900013881,19,11,2,1862,2,9,7,5,4929276,79552,4,1,25,1,1,1,297,93,5,3,4,28,0,0,0,0,0
201900013882,19,3,16,243,1,7,2,2,4838263,396785,9,2,41,3,3,2,597,176,7,7,3,73,0,0,0,0,0
201900013883,19,8,5,633,1,7,9,7,4407478,-367771,3,1,24,2,4,3,696,978,7,7,4,70,0,0,0,0,0
201900013884,19,10,23,344,3,1,4,4,4404080,266238,4,4,20,2,1,3,105,571,1,7,2,64,0,0,0,0,0
201900013885,19,9,15,263,2,2,8,1,4888994,643782,9,4,19,2,1,3,355,706,7,2,4,56,0,0,0,0,0
201900013886,19,7,14,1989,3,7,6,4,4538006,-82592,4,3,28,2,3,4,374,711,8,1,3,34,0,0,0,0,0
201900013887,19,10,13,587,2,7,9,1,4443991,439328,4,1,8,3,4,2,414,43,2,5,4,57,0,0,0,0,0
201900013888,19,3,22,1873,2,6,9,2,4854665,426561,8,3,14,3,3,1,425,220,9,2,1,44,0,0,0,0,0
201900013889,19,8,9,2143,3,7,8,7,4498161,-278818,5,2,4,1,2,3,414,837,9,2,1,9,0,0,0,0,0
201900013890,19,4,6,57,5,7,7,7,4992400,586555,7,4,6,2,2,3,435,117,3,6,1,52,0,0,0,0,0
201900013891,19,3,26,2342,4,7,1,5,4842670,-230301,1,3,17,3,1,1,797,312,3,1,5,66,0,0,0,0,0
201900013892,19,4,10,2218,1,6,3,4,4838899,-367835,8,3,3,3,2,2,186,470,7,2,1,97,0,0,0,0,0
201900013893,19,11,18,1015,3,3,3,6,4876851,514499,3,1,51,1,2,1,281,292,6,5,5,48,0,0,0,0,0
201900013894,19,12,6,388,1,6,2,3,4794655,438786,6,3,15,2,3,2,641,502,9,6,1,73,0,0,0,0,0
201900013895,19,11,13,2254,4,9,4,3,4482027,47928,3,1,50,1,2,3,72,465,8,4,3,55,0,0,0,0,0
201900013896,19,12,16,1786,4,5,6,6,4511240,532719,1,3,25,3,2,2,905,655,1,1,4,4,0,0,0,0,0
201900013897,19,12,10,354,1,4,8,7,4810743,132102,5,1,6,2,1,3,509,980,9,5,1,77,0,0,0,0,0
201900013898,19,1,22,1721,4,3,5,3,4538800,81734,4,1,3,2,2,1,193,543,5,1,5,57,0,0,0,0,0
201900013899,19,10,2,2187,3,8,1,7,4513796,-68560,6,2,26,2,4,3,227,303,9,4,3,22,0,0,0,0,0
201900013900,19,3,14,246,2,2,6,3,4906961,-162303,2,2,28,2,4,4,607,929,6,6,5,65,0,0,0,0,0
201900013901,19,6,1,507,1,6,9,2,4604271,-295527,2,2,3,1,1,3,597,459,6,1,4,55,0,0,0,0,0
201900013902,19,10,9,1725,5,8,3,2,4689686,-381974,4,2,15,3,3,2,893,864,6,2,2,33,0,0,0,0,0
201900013903,19,7,28,1205,2,3,9,3,4559646,-88741,3,1,3,2,1,2,738,834,5,5,2,97,0,0,0,0,0
201900013904,19,10,1,1434,5,4,7,7,4515701,191585,5,2,26,1,3,2,675,55,1,7,5,67,0,0,0,0,0
201900013905,19,4,26,1069,4,6,3,2,4971950,-274780,2,4,35,2,4,3,789,332,9,7,2,75,0,0,0,0,0
201900013906,19,3,26,8,2,8,7,5,4424807,493884,1,1,6,3,3,3,190,589,2,3,4,4,0,0,0,0,0
201900013907,19,5,25,1907,2,2,5,5,4675973,-303902,6,1,30,1,3,1,455,605,6,1,2,38,0,0,0,0,0
201900013908,19,11,20,1433,3,8,8,7,4897645,699911,1,3,5,1,3,4,586,383,5,4,3,83,0,0,0,0,0
201900013909,19,8,13,363,2,5,1,5,4917229,32718,8,4,19,3,4,4,428,994,9,5,2,71,0,0,0,0,0
201900013910,19,12,21,2156,1,5,2,7,4418083,327262,3,1,12,2,1,1,209,177,9,3,3,33,0,0,0,0,0
201900013911,19,4,19,2249,3,8,5,5,4603371,-156547,9,4,9,1,4,1,54,980,5,3,5,10,0,0,0,0,0
201900013912,19,12,16,1516,5,1,7,7,4725335,-385780,5,4,0,3,1,2,563,201,3,5,1,98,0,0,0,0,0
201900013913,19,1,22,541,2,7,8,4,4852327,-7890,7,4,48,3,4,3,346,738,6,2,1,50,0,0,0,0,0
201900013914,19,3,12,1611,5,9,7,5,4600291,115005,8,2,53,3,4,4,773,665,5,3,4,26,0,0,0,0,0
201900013915,19,5,9,1889,3,8,8,2,4855945,357470,1,1,44,3,3,2,9,893,7,2,2,9,0,0,0,0,0
201900013916,19,8,9,1124,3,6,6,1,4874933,50172,2,1,19,3,1,2,664,697,6,4,1,28,0,0,0,0,0
201900013917,19,3,27,1633,4,7,7,2,4583684,519996,2,3,13,2,4,3,174,564,4,2,2,25,0,0,0,0,0
201900013918,19,3,10,2100,5,8,9,1,4441902,319820,9,2,3,2,4,3,68,604,9,6,2,86,0,0,0,0,0
201900013919,19,5,28,1888,3,1,9,3,4550732,496271,8,4,8,3,3,2,426,470,1,6,5,3,0,0,0,0,0
201900013920,19,8,10,1466,2,9,1,7,4878422,256092,2,3,53,1,1,4,275,861,6,2,2,40,0,0,0,0,0
201900013921,19,8,19,814,5,2,9,4,4843022,-386530,5,1,2,1,1,2,85,95,6,1,2,22,0,0,0,0,0
201900013922,19,1,7,275,4,2,7,2,4658226,26902,1,2,30,1,2,2,862,465,3,2,4,78,0,0,0,0,0
201900013923,19,8,26,1940,2,1,4,4,4993887,365886,2,4,31,2,4,1,111,517,9,1,3,44,0,0,0,0,0
201900013924,19,2,4,1118,2,9,3,7,4978721,-172647,3,1,32,2,2,2,344,520,5,2,3,60,0,0,0,0,0
201900013925,19,3,10,1807,1,8,3,7,4498957,166754,8,4,43,1,3,4,40,87,3,5,2,51,0,0,0,0,0
201900013926,19,8,25,1830,4,4,3,3,4685822,-143343,4,2,45,3,3,2,711,41,3,5,4,63,0,0,0,0,0
201900013927,19,1,1,1690,2,8,9,2,4951897,-119605,5,1,49,1,4,2,10,147,6,4,4,63,0,0,0,0,0
201900013928,19,1,12,1758,4,3,2,1,4501882,2332,7,3,2,3,1,3,822,101,8,3,4,44,0,0,0,0,0
201900013929,19,8,6,2100,4,9,9,6,4964742,328450,3,1,25,2,4,2,858,995,5,3,5,85,0,0,0,0,0
201900013930,19,6,6,428,5,6,8,5,4814608,277887,3,4,49,2,1,3,761,921,1,7,1,13,0,0,0,0,0
201900013931,19,6,17,2203,1,1,6,3,4565030,6154,9,1,42,3,3,2,779,800,2,6,4,82,0,0,0,0,0
201900013932,19,6,14,574,4,2,4,4,4767127,538520,4,3,37,3,1,4,590,511,2,1,1,47,0,0,0,0,0
201900013933,19,5,7,1117,5,4,1,1,4429977,-217609,2,1,37,3,1,1,609,797,5,7,5,69,0,0,0,0,0
201900013934,19,1,13,2352,3,8,6,6,4815347,-392120,8,1,41,3,2,4,638,263,9,5,3,5,0,0,0,0,0
201900013935,19,1,9,473,5,1,4,4,4883446,-346510,7,4,33,3,4,2,680,526,4,3,5,79,0,0,0,0,0
201900013936,19,5,3,162,2,8,3,5,4756195,637217,5,3,17,3,2,4,580,980,5,4,2,39,0,0,0,0,0
201900013937,19,10,7,550,2,5,6,1,4933659,-259431,7,4,48,2,2,4,503,88,9,5,5,26,0,0,0,0,0
201900013938,19,10,13,1226,5,8,1,2,4548429,84632,7,4,39,2,4,3,284,996,2,2,5,48,0,0,0,0,0
201900013939,19,6,21,107,5,3,8,2,4494716,-395603,2,3,42,2,4,4,906,879,8,7,2,45,0,0,0,0,0
201900013940,19,8,15,620,4,6,8,5,4637979,109384,4,3,34,2,2,2,419,942,2,3,4,35,0,0,0,0,0
201900013941,19,5,26,1482,4,9,6,3,4799100,-240605,8,3,24,1,3,1,196,862,5,1,3,94,0,0,0,0,0
201900013942,19,5,27,779,5,9,5,6,4895501,-350893,6,4,25,3,4,1,8,602,1,5,3,68,0,0,0,0,0
201900013943,19,8,4,1035,2,1,1,7,4508471,-385735,9,2,53,2,2,4,768,837,2,1,5,7,0,0,0,0,0
201900013944,19,7,1,878,2,7,3,7,4406782,-240611,1,2,38,2,3,4,674,561,6,3,3,74,0,0,0,0,0
201900013945,19,1,7,2238,1,9,7,7,4552822,311173,4,3,47,2,4,4,652,232,2,2,2,89,0,0,0,0,0
201900013946,19,11,13,816,1,3,5,5,4512935,687220,1,4,48,1,1,4,378,720,3,3,3,57,0,0,0,0,0
201900013947,19,7,10,1456,5,3,8,5,4657158,-186277,5,1,23,1,1,4,81,523,8,4,5,4,0,0,0,0,0
201900013948,19,3,4,443,4,8,1,7,4600432,11460,4,1,37,2,3,4,689,528,8,1,5,69,0,0,0,0,0
201900013949,19,1,18,436,3,5,2,4,4551497,224809,1,2,18,2,2,1,184,296,1,7,1,3,0,0,0,0,0
201900013950,19,3,9,1687,3,6,3,1,4725599,77618,8,4,30,1,1,4,535,794,8,6,2,9,0,0,0,0,0
201900013951,19,5,8,1889,1,8,6,2,4552961,684003,6,2,18,3,3,1,599,805,5,7,4,6,0,0,0,0,0
201900013952,19,8,14,404,3,8,1,7,4893311,163933,2,3,33,1,1,1,680,891,6,3,4,30,0,0,0,0,0
201900013953,19,7,3,1273,4,3,9,1,4859039,281175,9,1,35,1,2,3,74,445,7,5,2,76,0,0,0,0,0
201900013954,19,12,10,2166,2,4,1,3,4711463,195013,4,1,10,1,1,3,84,287,3,2,2,81,0,0,0,0,0
201900013955,19,3,25,543,2,5,5,5,4458370,672334,8,4,18,3,2,3,777,289,7,2,2,7,0,0,0,0,0
201900013956,19,2,8,1796,3,7,9,2,4517121,178691,9,1,35,1,4,4,237,147,8,4,5,7,0,0,0,0,0
201900013957,19,7,19,435,2,3,1,3,4874830,-49656,5,4,2,3,1,1,253,56,4,1,5,87,0,0,0,0,0
201900013958,19,12,28,1215,4,1,9,1,4543926,279286,6,3,27,1,3,4,763,139,9,1,4,22,0,0,0,0,0
201900013959,19,11,10,1767,1,3,8,6,4525231,587777,4,3,0,2,4,1,97,430,6,1,1,59,0,0,0,0,0
201900013960,19,4,10,1814,1,9,5,6,4500443,237047,8,2,24,1,3,2,642,248,2,7,3,80,0,0,0,0,0
201900013961,19,7,14,203,3,4,2,7,4530435,-257698,5,2,8,1,3,1,353,29,8,1,3,92,0,0,0,0,0
201900013962,19,10,14,1081,5,1,3,3,4632221,-118773,4,4,20,3,1,4,603,203,7,3,3,62,0,0,0,0,0
201900013963,19,2,6,1479,1,7,4,3,4519209,316748,1,3,48,1,3,3,427,776,3,1,2,76,0,0,0,0,0
201900013964,19,2,15,1504,1,4,4,5,4633091,57811,5,1,40,3,3,2,100,820,6,1,5,97,0,0,0,0,0
201900013965,19,10,19,1879,2,2,2,6,4855877,-235713,4,3,16,3,1,2,59,343,5,6,2,92,0,0,0,0,0
201900013966,19,10,5,1802,3,5,3,3,4839226,-83895,7,1,42,3,4,4,327,190,2,3,2,46,0,0,0,0,0
201900013967,19,7,26,222,2,4,4,6,4447330,-97829,8,1,37,1,2,2,719,823,9,5,1,0,0,0,0,0,0
201900013968,19,4,24,357,3,5,6,5,4921425,568497,8,4,10,3,3,2,552,537,4,5,5,64,0,0,0,0,0
201900013969,19,6,9,1894,5,1,1,7,4978126,-221646,4,2,9,3,3,3,370,349,5,3,1,51,0,0,0,0,0
201900013970,19,2,15,1858,3,8,8,6,4736894,582129,7,4,6,1,4,2,871,841,4,2,3,2,0,0,0,0,0
201900013971,19,8,9,120,3,4,5,3,4439865,485907,8,4,48,1,1,4,336,839,9,6,5,71,0,0,0,0,0
201900013972,19,11,10,1512,3,5,1,4,4469555,-228664,1,1,11,3,3,1,25,997,8,3,5,7,0,0,0,0,0
201900013973,19,7,4,979,3,6,6,5,4631833,-226379,2,1,43,1,1,4,817,915,6,5,3,87,0,0,0,0,0
201900013974,19,9,3,1815,1,6,7,2,4726353,-338553,3,1,10,1,4,1,517,791,2,7,3,24,0,0,0,0,0
201900013975,19,10,22,740,4,4,8,4,4657818,208121,9,1,51,3,2,4,894,376,3,6,1,26,0,0,0,0,0
201900013976,19,6,3,2069,1,2,6,7,4953481,-67436,2,1,28,1,4,2,47,393,8,2,4,26,0,0,0,0,0
201900013977,19,12,14,222,3,1,5,6,4733115,619371,8,4,13,1,1,1,769,504,2,1,4,96,0,0,0,0,0
201900013978,19,3,28,854,4,6,4,5,4416771,347168,4,1,37,1,4,2,469,163,9,5,1,66,0,0,0,0,0
201900013979,19,6,20,1950,4,1,9,1,4665417,-310222,7,3,25,1,2,2,672,334,9,7,3,65,0,0,0,0,0
201900013980,19,6,5,832,1,2,6,6,4903640,-225525,6,3,7,1,3,4,184,232,2,6,1,25,0,0,0,0,0
201900013981,19,8,10,1279,2,6,5,6,4613582,351436,8,2,17,2,3,2,329,152,2,3,5,80,0,0,0,0,0
201900013982,19,9,16,1455,4,6,1,1,4743995,-146691,7,3,31,2,2,1,484,400,2,5,5,79,0,0,0,0,0
201900013983,19,7,28,1193,5,1,8,2,4519673,-185505,9,2,22,3,3,1,454,717,3,7,1,67,0,0,0,0,0
201900013984,19,6,4,1607,4,8,3,3,4689249,-319475,8,4,44,3,4,4,592,898,6,5,5,63,0,0,0,0,0
201900013985,19,12,2,1617,5,6,8,4,4615436,17602,1,1,5,3,4,2,168,639,9,5,3,81,0,0,0,0,0
201900013986,19,2,1,2217,1,2,4,4,4813647,401781,4,2,16,2,3,1,85,801,3,1,2,58,0,0,0,0,0
201900013987,19,4,1,803,1,9,6,4,4454166,-120021,1,3,53,3,1,3,192,704,5,5,4,93,0,0,0,0,0
201900013988,19,7,16,2220,2,2,8,7,4829920,411270,7,2,19,3,4,3,305,230,7,6,5,87,0,0,0,0,0
201900013989,19,4,5,825,4,7,1,3,4919750,173683,2,1,31,3,3,4,139,252,8,5,1,90,0,0,0,0,0
201900013990,19,9,7,315,4,5,2,6,4572148,413905,2,1,43,1,4,1,19,610,5,1,2,44,0,0,0,0,0
201900013991,19,4,18,410,5,3,5,3,4549884,-225899,2,1,1,2,3,3,822,329,9,2,2,69,0,0,0,0,0
201900013992,19,3,18,668,3,6,1,7,4838150,76021,9,4,50,2,4,3,566,767,4,6,4,99,0,0,0,0,0
201900013993,19,6,25,966,4,5,2,4,4659554,-154269,6,2,53,2,2,3,160,321,6,3,3,2,0,0,0,0,0
201900013994,19,8,10,1557,4,5,1,4,4680577,29147,5,2,40,3,1,1,285,543,9,3,2,80,0,0,0,0,0
201900013995,19,9,20,2136,3,9,2,3,4599737,377951,6,4,33,3,4,2,647,289,5,7,5,22,0,0,0,0,0
201900013996,19,4,26,1228,5,4,9,6,4758796,-373233,6,1,16,1,4,2,393,928,2,5,3,82,0,0,0,0,0
201900013997,19,5,3,929,2,8,8,7,4765266,-86015,6,2,15,2,2,1,338,830,7,5,2,97,0,0,0,0,0
201900013998,19,1,20,155,4,5,7,3,4965763,-377716,1,2,42,1,3,3,539,751,5,1,1,66,0,0,0,0,0
201900013999,19,7,17,1312,4,9,3,2,4652554,446900,4,2,28,1,1,4,344,235,4,5,3,17,0,0,0,0,0
201900014000,19,9,23,188,5,4,6,6,4457291,59107,3,1,0,2,3,1,41,534,8,1,3,44,0,0,0,0,0
201900014001,19,3,12,555,1,3,8,4,4891579,131108,3,4,19,2,3,4,474,969,2,1,4,75,0,0,0,0,0
201900014002,19,8,5,1385,4,1,3,4,4629196,326094,3,3,44,1,1,3,152,61,6,2,1,3,0,0,0,0,0