Num_Acc,an,mois,jour,hrmn,lum,int,atm,col,lat,long,catr,circ,nbv,vosp,prof,plan,lartpc,larrout,surf,infra,situ,env1,unscathed,killed,hospital,light,chance
201900014003,19,12,8,1731,2,4,5,1,4956357,239394,1,3,38,1,2,1,776,599,2,1,2,6,0,0,0,0,0
201900014004,19,10,8,1555,3,4,2,2,4835335,280834,2,1,0,3,1,2,488,913,5,6,2,14,0,0,0,0,0
201900014005,19,7,1,1987,2,7,9,5,4921149,159862,3,4,45,3,3,3,816,387,5,2,4,73,0,0,0,0,0
201900014006,19,12,12,1600,2,3,7,2,4868998,558250,2,3,8,1,1,2,146,145,2,6,5,70,0,0,0,0,0
201900014007,19,7,24,446,1,9,4,7,4989777,-31003,3,3,19,1,3,3,709,260,5,2,4,58,0,0,0,0,0
201900014008,19,4,17,2357,2,4,1,6,4874169,-397981,7,1,25,1,4,2,391,749,4,2,3,13,0,0,0,0,0
201900014009,19,9,2,2039,3,2,3,5,4523117,684225,3,3,11,3,4,3,88,770,3,1,1,39,0,0,0,0,0
201900014010,19,10,27,1001,4,5,4,7,4555674,-375702,4,4,40,3,1,1,73,137,9,4,3,66,0,0,0,0,0
201900014011,19,1,1,1231,2,8,2,2,4510175,-378834,5,1,18,1,3,4,808,659,2,4,2,8,0,0,0,0,0
201900014012,19,1,22,27,1,3,5,5,4479862,-318199,7,2,38,1,3,3,43,407,3,3,4,82,0,0,0,0,0
201900014013,19,11,5,500,3,6,9,6,4680524,612272,2,4,17,2,3,1,456,719,9,7,1,69,0,0,0,0,0
201900014014,19,11,6,1201,4,9,3,7,4581798,-203639,5,2,44,2,2,2,223,963,3,6,5,91,0,0,0,0,0
201900014015,19,8,6,353,1,3,9,7,4985786,-163946,3,3,44,3,2,3,865,350,5,1,2,63,0,0,0,0,0
201900014016,19,5,13,1921,2,8,3,3,4562059,-281819,7,2,33,2,1,2,124,829,9,6,2,45,0,0,0,0,0
201900014017,19,2,26,1853,3,2,4,1,4443888,638462,7,3,19,1,2,4,229,257,1,5,1,97,0,0,0,0,0
201900014018,19,6,21,662,2,1,3,1,4563319,459015,1,1,19,1,4,2,772,661,1,1,1,10,0,0,0,0,0
201900014019,19,6,28,1464,4,4,3,6,4985135,389041,7,2,18,3,3,2,436,128,5,7,3,63,0,0,0,0,0
201900014020,19,2,27,52,4,9,9,4,4818162,335606,6,4,0,3,2,3,643,260,3,5,3,66,0,0,0,0,0
201900014021,19,5,22,1255,5,7,9,6,4594109,-21903,2,3,50,3,1,1,571,13,6,4,2,73,0,0,0,0,0
201900014022,19,9,7,1322,5,6,4,5,4995436,622214,3,2,46,3,1,1,357,661,4,3,5,28,0,0,0,0,0
201900014023,19,1,5,244,2,8,4,4,4904132,-5765,8,3,51,2,4,3,487,855,8,2,5,77,0,0,0,0,0
201900014024,19,10,18,1823,3,9,8,5,4714974,49259,1,2,17,1,3,3,578,864,7,6,3,91,0,0,0,0,0
201900014025,19,2,1,2095,1,1,8,6,4870338,597174,6,2,29,3,2,4,20,301,1,3,4,17,0,0,0,0,0
201900014026,19,8,24,1104,4,1,7,3,4423807,137775,3,4,34,3,3,2,35,848,6,5,1,72,0,0,0,0,0
201900014027,19,6,28,706,3,4,8,2,4525663,-306822,9,4,13,3,2,2,267,484,8,4,1,3,0,0,0,0,0
201900014028,19,7,27,1633,1,5,2,3,4471856,271154,9,1,52,3,4,2,439,101,2,7,4,46,0,0,0,0,0
201900014029,19,5,10,935,2,9,4,3,4678472,528538,9,1,18,2,1,4,586,273,9,2,3,82,0,0,0,0,0
201900014030,19,11,15,1511,1,2,5,6,4944167,-260139,5,3,29,3,1,3,658,685,1,5,1,8,0,0,0,0,0
201900014031,19,4,4,623,5,5,1,2,4885683,610095,9,4,24,3,4,3,606,939,2,1,3,54,0,0,0,0,0
201900014032,19,2,3,615,4,8,5,7,4716286,659607,9,1,8,2,1,2,278,982,4,4,1,36,0,0,0,0,0
201900014033,19,8,25,232,2,9,2,1,4580259,76695,4,1,17,3,3,3,793,649,4,5,2,6,0,0,0,0,0
201900014034,19,2,12,1197,4,4,9,5,4562339,125095,3,3,41,1,1,3,267,457,1,2,3,30,0,0,0,0,0
201900014035,19,11,14,2117,5,6,8,4,4905301,-123287,9,1,41,2,3,3,764,730,4,5,1,42,0,0,0,0,0
201900014036,19,6,26,2294,5,8,8,6,4460217,-75411,1,3,11,3,4,1,467,654,1,7,3,29,0,0,0,0,0
201900014037,19,5,12,1508,4,2,7,5,4684176,407189,1,1,32,3,4,3,441,159,6,6,3,16,0,0,0,0,0
201900014038,19,6,22,1412,1,8,9,4,4588850,-171319,4,1,34,1,1,1,354,114,5,3,3,93,0,0,0,0,0
201900014039,19,1,9,1938,1,3,7,3,4539196,380568,9,2,13,3,2,2,391,964,5,7,2,33,0,0,0,0,0
201900014040,19,8,17,1156,2,4,5,4,4589905,598797,7,1,2,3,4,1,465,830,4,6,2,12,0,0,0,0,0
201900014041,19,2,4,237,3,2,2,1,4430831,242838,8,4,2,3,2,2,30,158,8,2,2,19,0,0,0,0,0
201900014042,19,7,27,302,2,7,3,7,4784580,205676,5,3,2,1,1,3,434,252,5,4,1,81,0,0,0,0,0
201900014043,19,12,16,763,2,5,7,4,4843329,97629,9,2,28,3,2,3,157,466,8,5,3,4,0,0,0,0,0
201900014044,19,5,21,367,3,9,3,7,4587032,-177410,2,2,31,1,4,3,173,76,2,3,5,35,0,0,0,0,0
201900014045,19,1,16,488,5,5,8,4,4521019,62556,4,1,49,1,1,2,359,572,6,3,1,41,0,0,0,0,0
201900014046,19,11,22,116,2,6,3,7,4912351,63631,9,4,45,1,3,1,89,869,7,3,3,92,0,0,0,0,0
201900014047,19,9,20,1216,5,9,8,5,4762841,172974,9,4,28,2,2,2,787,877,2,1,1,18,0,0,0,0,0
201900014048,19,6,11,1094,1,9,4,3,4765498,-382357,6,4,47,1,2,1,700,304,8,7,1,22,0,0,0,0,0
201900014049,19,12,19,253,3,8,1,1,4620631,142336,9,2,49,3,4,4,472,396,2,2,5,16,0,0,0,0,0
201900014050,19,11,24,229,4,4,1,3,4790837,179676,3,3,46,1,2,2,367,567,4,3,3,71,0,0,0,0,0
201900014051,19,7,10,588,2,6,4,6,4726452,183779,9,1,41,1,1,3,362,121,8,4,3,53,0,0,0,0,0
201900014052,19,1,13,2164,3,7,3,2,4569278,-214695,9,4,25,3,1,4,29,592,7,5,3,38,0,0,0,0,0
201900014053,19,6,16,898,4,7,7,3,4963196,28743,8,3,29,1,1,2,34,849,7,6,3,21,0,0,0,0,0
201900014054,19,11,27,1813,5,3,5,6,4833739,-51967,4,4,46,2,4,1,465,862,5,7,4,42,0,0,0,0,0
201900014055,19,11,15,824,2,9,3,5,4629625,-102389,5,2,51,2,2,4,211,187,4,7,1,36,0,0,0,0,0
201900014056,19,7,4,152,5,6,6,3,4561188,195750,1,4,43,1,1,1,67,112,4,4,2,63,0,0,0,0,0
201900014057,19,1,20,1455,1,1,9,3,4457098,22632,2,1,22,3,2,2,795,974,3,7,1,74,0,0,0,0,0
201900014058,19,2,9,831,3,8,4,2,4748403,613405,5,4,4,3,2,4,102,241,8,1,3,2,0,0,0,0,0
201900014059,19,2,27,2035,3,4,7,5,4448867,187679,9,3,19,3,4,1,309,834,1,2,4,33,0,0,0,0,0
201900014060,19,6,28,479,4,6,7,6,4429599,-242938,5,4,40,1,2,1,356,216,4,7,4,69,0,0,0,0,0
201900014061,19,1,28,995,2,7,7,6,4572922,-273395,1,3,1,2,4,2,421,640,2,2,3,12,0,0,0,0,0
201900014062,19,11,16,1550,1,8,4,6,4586107,549858,2,3,32,3,3,3,52,569,4,2,4,14,0,0,0,0,0
201900014063,19,6,22,1436,2,6,1,3,4759971,-243467,3,1,34,2,4,4,441,435,4,6,4,20,0,0,0,0,0
201900014064,19,6,3,1415,5,3,7,2,4827388,179583,6,4,3,2,2,4,295,255,9,3,5,37,0,0,0,0,0
201900014065,19,5,15,714,2,5,4,4,4617478,631006,3,3,2,2,2,2,263,176,5,6,3,88,0,0,0,0,0
201900014066,19,1,14,1091,2,9,3,6,4511879,247141,2,1,37,3,1,1,841,82,4,5,5,65,0,0,0,0,0
201900014067,19,9,26,455,4,7,2,7,4980141,-268945,4,1,48,2,4,4,216,803,1,1,4,11,0,0,0,0,0
201900014068,19,11,11,2092,1,3,8,6,4432331,-261258,4,2,39,1,4,4,706,980,8,2,4,85,0,0,0,0,0
201900014069,19,2,21,1431,4,8,3,3,4776323,319355,3,4,7,2,1,2,493,802,5,5,2,31,0,0,0,0,0
201900014070,19,12,8,1555,2,9,9,2,4594357,150410,8,3,49,2,3,4,111,235,5,5,2,34,0,0,0,0,0
201900014071,19,10,9,1562,1,6,7,5,4545769,629319,6,3,53,2,2,1,26,723,1,7,3,82,0,0,0,0,0
201900014072,19,3,7,2191,4,3,8,5,4804284,641138,4,3,21,2,3,2,292,255,5,7,1,15,0,0,0,0,0
201900014073,19,10,9,647,2,2,7,2,4936901,-229498,4,1,36,1,3,2,770,825,9,2,5,28,0,0,0,0,0
201900014074,19,12,3,2153,2,9,8,4,4572429,113649,8,4,5,3,1,4,847,372,3,4,2,96,0,0,0,0,0
201900014075,19,6,12,2359,2,3,9,3,4405827,451361,5,2,37,3,1,3,181,548,7,6,3,97,0,0,0,0,0
201900014076,19,8,27,301,5,5,6,7,4439263,-7572,5,2,29,2,2,2,169,867,2,5,2,5,0,0,0,0,0
201900014077,19,3,5,1339,5,8,5,2,4538378,-142408,8,1,53,3,1,4,741,664,6,2,1,99,0,0,0,0,0
201900014078,19,9,11,2319,1,8,1,2,4879806,308263,6,4,41,1,3,2,543,629,5,3,3,34,0,0,0,0,0
201900014079,19,2,16,1566,4,3,9,4,4647975,-328045,3,1,6,3,3,4,793,7,2,3,3,8,0,0,0,0,0
201900014080,19,7,5,2059,4,4,3,6,4801166,416347,8,2,4,2,1,3,702,471,1,1,5,78,0,0,0,0,0
201900014081,19,1,12,384,1,9,5,2,4508862,319595,5,3,44,2,4,3,105,747,2,4,4,93,0,0,0,0,0
201900014082,19,9,4,225,2,4,9,2,4742199,341899,2,4,45,2,2,4,317,547,8,2,3,55,0,0,0,0,0
201900014083,19,9,9,1937,2,3,2,7,4666658,417785,5,2,27,2,4,4,394,654,2,2,4,65,0,0,0,0,0
201900014084,19,7,19,84,3,4,9,1,4913136,378897,5,4,49,3,1,4,427,808,7,6,4,6,0,0,0,0,0
201900014085,19,1,16,2147,3,4,7,2,4899798,-307345,5,2,50,3,1,1,337,188,8,5,2,47,0,0,0,0,0
201900014086,19,10,1,1724,5,8,9,5,4946294,-318922,8,2,26,2,2,1,33,409,5,1,5,16,0,0,0,0,0
201900014087,19,9,8,1260,3,9,9,4,4814040,-44742,2,1,45,1,4,1,401,335,5,6,5,82,0,0,0,0,0
201900014088,19,9,16,661,4,8,4,1,4411356,275140,4,1,10,3,2,3,591,251,4,6,5,62,0,0,0,0,0
201900014089,19,11,21,2109,1,4,8,7,4959184,-31963,3,2,16,3,3,4,677,660,4,4,2,76,0,0,0,0,0
201900014090,19,9,12,340,1,3,3,6,4860589,75953,2,2,35,2,2,3,804,141,2,3,4,70,0,0,0,0,0
201900014091,19,11,21,272,1,3,8,2,4883248,477522,5,1,31,3,4,4,423,397,2,1,1,81,0,0,0,0,0
201900014092,19,6,14,2171,4,8,3,3,4737747,254733,9,4,23,1,4,1,448,846,9,6,5,69,0,0,0,0,0
201900014093,19,7,6,1873,4,1,9,5,4581683,122390,1,1,46,2,4,4,53,819,2,6,5,54,0,0,0,0,0
201900014094,19,6,10,1334,3,7,7,1,4431348,-279721,1,3,7,2,2,4,851,965,7,5,4,88,0,0,0,0,0
201900014095,19,2,22,1564,5,6,9,5,4767895,94197,3,2,40,1,3,1,255,997,4,2,5,2,0,0,0,0,0
201900014096,19,6,24,17,4,2,4,4,4566745,-1647,5,2,14,2,1,3,81,92,6,7,3,35,0,0,0,0,0
201900014097,19,2,11,1019,4,6,3,7,4762246,-291040,5,2,16,2,1,2,684,864,6,4,4,84,0,0,0,0,0
201900014098,19,8,24,2137,1,1,9,5,4954424,383095,9,2,35,2,2,1,305,88,1,5,2,38,0,0,0,0,0
201900014099,19,1,28,1443,2,4,8,7,4868491,472991,5,2,18,1,2,4,619,139,7,7,5,55,0,0,0,0,0
201900014100,19,3,19,778,2,7,4,5,4900923,43292,6,2,27,2,3,2,13,477,2,3,2,29,0,0,0,0,0
201900014101,19,9,5,2266,4,8,2,6,4561918,-32632,9,4,1,1,1,1,387,328,9,5,4,93,0,0,0,0,0
201900014102,19,11,10,117,5,2,5,3,4860667,-300284,8,3,36,1,4,1,689,976,8,4,1,57,0,0,0,0,0
201900014103,19,8,4,165,3,9,3,4,4513208,681205,6,2,35,3,2,3,760,616,4,2,1,43,0,0,0,0,0
201900014104,19,4,21,712,1,9,2,4,4762247,-188646,6,2,29,2,1,1,665,32,8,1,4,32,0,0,0,0,0
201900014105,19,8,15,1447,3,2,1,1,4493177,600954,4,3,7,1,1,3,310,310,5,2,5,70,0,0,0,0,0
201900014106,19,11,27,1689,1,1,5,7,4834562,-170922,5,2,6,2,3,4,740,165,3,1,5,95,0,0,0,0,0
201900014107,19,11,1,1318,1,8,1,5,4565088,690152,3,1,16,2,1,4,403,873,7,4,3,92,0,0,0,0,0
201900014108,19,10,27,1870,5,1,9,4,4625317,55680,7,3,17,3,4,4,499,493,7,3,4,20,0,0,0,0,0
201900014109,19,2,24,584,3,8,4,6,4831216,594475,8,2,33,1,1,4,644,791,2,3,4,50,0,0,0,0,0
201900014110,19,10,11,135,1,9,5,4,4405893,-94388,1,1,4,2,4,1,516,780,3,3,3,28,0,0,0,0,0
201900014111,19,9,3,283,2,3,5,1,4694655,-128264,2,4,47,2,4,4,182,820,9,7,3,25,0,0,0,0,0
201900014112,19,2,10,93,1,9,3,6,4510153,303824,8,3,42,3,1,2,404,245,4,1,5,76,0,0,0,0,0
201900014113,19,4,19,903,2,5,1,2,4498594,-297073,5,1,20,3,3,3,37,348,9,3,4,44,0,0,0,0,0
201900014114,19,2,20,1817,4,5,7,3,4605248,232806,2,4,17,2,1,2,335,517,9,1,3,60,0,0,0,0,0
201900014115,19,1,3,1919,1,9,6,4,4438071,557568,5,1,50,2,1,4,40,28,2,2,1,80,0,0,0,0,0
201900014116,19,2,14,1074,5,9,7,6,4790214,-249740,7,1,11,1,3,4,696,616,9,4,2,37,0,0,0,0,0
201900014117,19,12,16,1488,5,6,4,5,4407091,660428,1,4,33,2,1,3,717,582,5,5,3,70,0,0,0,0,0
201900014118,19,3,19,1463,4,1,2,1,4597541,-45225,5,4,27,2,2,4,712,800,9,5,4,9,0,0,0,0,0
201900014119,19,7,15,955,4,7,1,2,4460675,-262180,7,3,41,3,1,3,294,232,6,1,2,37,0,0,0,0,0
201900014120,19,7,21,949,4,1,2,7,4487034,157396,7,1,16,3,3,1,325,263,3,1,1,3,0,0,0,0,0
201900014121,19,6,4,2239,5,6,1,5,4654122,29532,2,2,4,3,2,3,150,729,8,2,2,47,0,0,0,0,0
201900014122,19,10,15,1027,1,4,2,4,4624226,539093,5,2,2,3,3,3,214,257,2,7,3,66,0,0,0,0,0
201900014123,19,8,24,1377,4,5,2,1,4484469,-142082,3,1,16,1,2,1,302,98,3,6,3,28,0,0,0,0,0
201900014124,19,5,16,1928,5,2,8,2,4799993,-268724,7,3,38,2,3,1,389,777,5,6,4,31,0,0,0,0,0
201900014125,19,3,20,496,1,4,1,7,4519527,563326,8,1,19,3,1,4,250,346,2,4,4,49,0,0,0,0,0
201900014126,19,4,18,1542,2,1,5,1,4727438,236066,6,1,2,3,2,2,833,569,6,4,1,99,0,0,0,0,0
201900014127,19,7,22,2029,5,8,5,2,4437004,-203961,1,2,44,1,3,4,663,21,5,2,5,87,0,0,0,0,0
201900014128,19,6,26,2031,1,1,2,7,4401724,-362806,2,1,36,1,4,2,744,764,7,2,5,59,0,0,0,0,0
201900014129,19,1,25,19,5,9,4,2,4574368,-151994,7,4,23,2,2,2,895,134,2,1,5,16,0,0,0,0,0
201900014130,19,2,8,66,5,5,2,5,4968231,-180433,8,2,21,3,2,2,613,280,3,4,2,24,0,0,0,0,0
201900014131,19,10,8,545,4,4,1,5,4445654,-53664,3,1,39,3,4,1,185,327,8,1,4,7,0,0,0,0,0
201900014132,19,3,5,849,1,4,2,6,4633387,432542,6,4,30,3,1,4,107,227,9,4,4,26,0,0,0,0,0
201900014133,19,12,23,740,3,5,5,5,4822726,1733,8,4,24,3,2,1,465,701,3,5,3,5,0,0,0,0,0
201900014134,19,5,20,2254,5,7,8,2,4592966,-150771,7,4,43,3,3,4,91,628,5,1,4,64,0,0,0,0,0
201900014135,19,6,3,2333,2,8,9,2,4871512,-331194,6,3,17,2,1,2,148,775,7,2,4,51,0,0,0,0,0
201900014136,19,2,17,397,5,2,2,4,4425621,528249,3,1,41,2,4,3,849,699,6,6,3,58,0,0,0,0,0
201900014137,19,11,9,2211,5,3,1,4,4456799,603663,8,3,41,2,4,4,843,448,3,5,5,34,0,0,0,0,0
201900014138,19,3,27,802,5,1,4,4,4598019,314858,8,4,50,2,1,2,510,87,3,4,3,63,0,0,0,0,0
201900014139,19,9,28,898,1,4,3,3,4855592,-63736,3,2,1,1,3,4,763,975,3,4,3,26,0,0,0,0,0
201900014140,19,9,24,1635,1,4,2,4,4478585,-382003,4,4,18,2,1,1,751,19,3,7,2,57,0,0,0,0,0
201900014141,19,3,16,739,5,8,4,3,4931940,556932,6,4,15,2,3,2,390,727,3,3,3,1,0,0,0,0,0
201900014142,19,8,23,1666,2,1,6,2,4511497,-171089,8,4,37,2,1,4,239,653,6,7,4,77,0,0,0,0,0
201900014143,19,7,22,830,4,7,5,5,4867243,382805,1,2,7,2,1,3,573,579,5,2,1,35,0,0,0,0,0
201900014144,19,4,15,2020,4,7,4,1,4584748,582479,4,4,11,1,1,3,627,273,2,2,5,54,0,0,0,0,0
201900014145,19,5,5,1050,2,4,8,6,4880760,-169192,2,2,13,1,1,2,710,416,5,4,4,68,0,0,0,0,0
201900014146,19,9,4,1890,1,9,4,2,4894103,107260,1,1,17,3,4,2,852,111,7,3,4,23,0,0,0,0,0
201900014147,19,2,6,2347,3,3,7,1,4436659,523437,8,2,8,1,3,3,638,634,2,7,4,42,0,0,0,0,0
201900014148,19,1,24,2258,1,9,7,5,4498138,180440,3,2,29,1,1,2,374,202,6,5,5,3,0,0,0,0,0
201900014149,19,7,9,1157,5,7,6,5,4750135,165116,5,1,44,1,1,1,88,729,8,1,4,74,0,0,0,0,0
201900014150,19,12,17,2110,5,9,7,3,4763393,139034,4,3,44,1,3,3,9,725,8,5,1,44,0,0,0,0,0
201900014151,19,9,21,220,5,9,5,5,4733075,109716,6,3,18,3,1,4,470,417,4,6,1,34,0,0,0,0,0
201900014152,19,12,15,1649,1,6,9,4,4574428,195056,4,1,16,1,2,3,797,638,7,5,4,65,0,0,0,0,0
201900014153,19,12,1,1822,4,7,3,3,4976430,-322402,2,4,51,3,1,4,416,626,5,2,3,31,0,0,0,0,0
201900014154,19,11,24,642,1,3,7,5,4630527,-17851,5,3,21,2,1,2,207,871,1,3,5,40,0,0,0,0,0
201900014155,19,4,27,1469,3,1,2,4,4601420,-71655,9,2,11,1,1,3,212,357,3,4,2,14,0,0,0,0,0
201900014156,19,1,13,1298,3,6,5,2,4699414,117,4,1,16,3,1,1,273,679,7,1,2,25,0,0,0,0,0
201900014157,19,6,18,795,3,4,3,2,4905509,629653,8,4,22,1,4,4,502,272,7,4,5,8,0,0,0,0,0
201900014158,19,7,11,90,3,3,7,1,4479183,-274728,9,3,14,2,2,2,1,28,9,1,2,61,0,0,0,0,0
201900014159,19,1,4,1467,3,1,8,3,4969962,-259915,6,4,50,2,1,1,286,920,9,6,3,11,0,0,0,0,0
201900014160,19,3,14,2285,5,5,4,6,4617262,76114,3,2,40,3,3,2,183,867,9,4,1,31,0,0,0,0,0
201900014161,19,6,14,732,5,6,7,2,4501800,-369643,3,4,33,2,4,2,757,792,8,3,5,90,0,0,0,0,0
201900014162,19,2,3,1268,3,1,4,4,4616671,-103307,2,4,22,1,1,1,243,99,2,4,2,73,0,0,0,0,0
201900014163,19,3,17,411,1,1,2,5,4802905,660154,9,2,1,2,1,2,838,790,2,5,3,23,0,0,0,0,0
201900014164,19,7,20,2095,3,8,2,1,4934048,-217395,4,3,17,1,4,3,872,867,4,3,1,7,0,0,0,0,0
201900014165,19,12,12,1019,1,4,3,7,4988531,527354,6,2,28,1,3,1,766,614,4,4,2,75,0,0,0,0,0
201900014166,19,9,14,153,1,7,3,6,4583312,480822,6,3,4,1,3,1,418,60,7,5,4,18,0,0,0,0,0
201900014167,19,10,3,1210,1,7,4,7,4485157,-396820,3,2,30,1,2,1,800,848,6,1,1,55,0,0,0,0,0
201900014168,19,2,20,2165,4,5,2,2,4660077,-127793,7,2,25,3,4,3,507,550,7,2,4,3,0,0,0,0,0
201900014169,19,1,5,1297,3,3,9,4,4811313,686708,4,2,1,1,2,1,829,706,5,7,1,45,0,0,0,0,0
201900014170,19,4,8,797,5,7,2,5,4566918,331660,2,1,12,2,1,4,34,179,1,7,5,53,0,0,0,0,0
201900014171,19,2,16,991,4,8,3,2,4500831,-209500,2,2,16,3,4,3,296,480,8,6,2,97,0,0,0,0,0
201900014172,19,5,8,1238,5,3,2,6,4417077,215653,6,1,26,2,4,1,671,185,9,7,5,99,0,0,0,0,0
201900014173,19,12,23,2213,4,2,2,2,4869920,281817,8,3,10,1,3,1,770,241,5,3,3,67,0,0,0,0,0
201900014174,19,5,21,1225,1,3,7,6,4936672,250354,2,3,28,1,4,3,592,98,8,3,5,20,0,0,0,0,0
201900014175,19,12,27,1084,1,4,4,7,4696262,534219,1,2,44,2,4,2,881,629,6,7,1,17,0,0,0,0,0
201900014176,19,4,3,752,3,2,1,6,4895705,423772,7,1,43,3,2,1,539,306,2,7,4,97,0,0,0,0,0
201900014177,19,3,6,1164,4,5,7,4,4945240,-203167,9,3,44,3,3,3,867,859,1,2,5,45,0,0,0,0,0
201900014178,19,10,5,898,2,5,4,1,4525483,170782,6,3,5,3,4,3,722,408,8,1,5,5,0,0,0,0,0
201900014179,19,12,4,1563,1,6,1,1,4477087,-104827,4,3,17,2,4,2,170,806,5,5,2,97,0,0,0,0,0
201900014180,19,6,13,1676,3,5,3,6,4982382,317180,7,4,5,2,2,1,523,907,1,7,1,33,0,0,0,0,0
201900014181,19,7,15,1650,2,1,3,2,4552770,441348,2,2,41,2,3,4,738,593,6,3,2,47,0,0,0,0,0
201900014182,19,2,17,1268,4,1,5,6,4676568,668156,8,4,16,3,3,1,224,556,4,3,5,61,0,0,0,0,0
201900014183,19,5,25,1129,5,1,1,2,4436471,624529,4,2,22,3,2,1,697,707,7,7,3,37,0,0,0,0,0
201900014184,19,5,23,573,5,7,9,5,4785283,-359254,2,1,42,3,3,3,866,797,9,7,4,5,0,0,0,0,0
201900014185,19,7,8,988,4,9,9,3,4902307,-329456,7,3,30,1,2,1,395,297,9,5,4,58,0,0,0,0,0
201900014186,19,12,18,739,5,9,7,7,4900657,-35953,6,3,15,2,1,2,661,790,1,1,1,55,0,0,0,0,0
201900014187,19,1,10,2326,3,3,7,7,4569821,-341999,9,1,13,2,3,4,826,455,3,6,1,27,0,0,0,0,0
201900014188,19,2,27,514,3,8,6,1,4551486,517615,2,4,11,3,2,1,429,680,2,6,1,94,0,0,0,0,0
201900014189,19,2,12,1318,2,6,6,5,4438951,-268886,1,1,26,1,2,3,840,516,8,3,3,4,0,0,0,0,0
201900014190,19,4,27,1855,3,6,6,7,4874507,-375505,4,3,1,2,2,4,469,885,6,5,4,30,0,0,0,0,0
201900014191,19,3,22,1324,5,8,1,4,4869074,441765,6,1,21,1,2,3,522,684,7,5,1,78,0,0,0,0,0
201900014192,19,7,12,465,2,7,3,5,4796444,-66423,9,1,17,1,2,3,31,201,7,5,4,8,0,0,0,0,0
201900014193,19,1,11,1411,4,6,8,7,4609015,-132218,8,4,29,2,3,4,745,746,7,4,1,98,0,0,0,0,0
201900014194,19,11,1,657,5,2,9,3,4915206,526895,9,3,10,1,3,2,116,989,1,1,2,22,0,0,0,0,0
201900014195,19,2,9,404,5,4,6,1,4678956,406714,2,4,14,1,4,3,832,671,6,1,1,42,0,0,0,0,0
201900014196,19,11,23,1336,5,8,8,1,4564874,91988,9,2,30,1,1,3,887,236,9,7,3,60,0,0,0,0,0
201900014197,19,2,19,1472,5,3,5,6,4762106,2450,3,1,24,1,2,3,866,190,4,2,1,30,0,0,0,0,0
201900014198,19,5,22,324,5,6,8,7,4943090,317624,2,1,41,2,1,1,702,662,3,6,1,61,0,0,0,0,0
201900014199,19,5,24,1915,4,6,5,5,4882901,-94172,6,1,3,1,2,3,676,177,7,5,5,25,0,0,0,0,0
201900014200,19,6,14,420,1,5,7,6,4836655,-185056,1,3,22,1,1,2,605,528,5,1,4,72,0,0,0,0,0
201900014201,19,7,27,1203,3,2,2,3,4641057,-85550,4,3,21,3,4,2,213,724,6,6,5,47,0,0,0,0,0
201900014202,19,4,13,254,4,3,4,6,4806661,-66153,6,1,21,1,4,3,275,730,4,3,4,39,0,0,0,0,0
201900014203,19,3,20,2020,4,1,7,1,4775772,263111,7,1,39,2,2,3,518,357,9,1,3,36,0,0,0,0,0
201900014204,19,10,11,2099,2,5,1,4,4591292,-142504,4,2,40,3,2,4,816,194,5,7,5,13,0,0,0,0,0
201900014205,19,1,16,261,1,6,1,7,4904820,-141913,2,4,28,3,2,2,577,517,2,3,2,49,0,0,0,0,0
201900014206,19,10,13,1253,2,2,4,1,4692960,-188141,3,1,29,2,3,3,502,410,2,3,2,63,0,0,0,0,0
201900014207,19,4,12,1185,1,3,6,2,4597810,53170,4,1,6,2,4,1,5,444,1,2,4,37,0,0,0,0,0
201900014208,19,10,27,714,4,1,6,5,4461126,-133014,9,4,12,2,4,2,564,547,7,7,5,14,0,0,0,0,0
201900014209,19,7,4,2296,2,5,8,5,4948590,-226885,5,1,47,3,4,1,786,390,4,5,3,27,0,0,0,0,0
201900014210,19,3,2,1448,5,4,5,1,4791683,547450,8,1,25,2,3,3,363,853,4,6,5,36,0,0,0,0,0
201900014211,19,12,14,1572,4,3,2,5,4592473,427636,1,4,39,2,3,3,176,502,6,4,1,95,0,0,0,0,0
201900014212,19,6,26,1040,4,4,6,3,4727527,-76090,2,3,42,1,3,1,213,31,6,2,3,8,0,0,0,0,0
201900014213,19,6,23,451,5,3,8,1,4460462,640029,4,3,6,2,1,3,712,510,4,1,4,56,0,0,0,0,0
201900014214,19,1,9,1592,2,2,4,3,4924523,559497,7,1,44,2,2,4,752,541,8,2,1,35,0,0,0,0,0
201900014215,19,9,7,1655,5,5,1,2,4660415,-297476,8,4,20,3,3,2,121,1,7,1,5,32,0,0,0,0,0
201900014216,19,6,4,1227,3,8,7,1,4545530,658147,6,4,37,3,3,1,573,747,6,7,2,15,0,0,0,0,0