Num_Acc,an,mois,jour,hrmn,lum,int,atm,col,lat,long,catr,circ,nbv,vosp,prof,plan,lartpc,larrout,surf,infra,situ,env1,unscathed,killed,hospital,light,chance
201900014217,19,3,7,1696,5,6,7,6,4555227,645414,4,3,36,2,4,4,543,681,7,3,4,28,0,0,0,0,0
201900014218,19,4,26,770,1,8,1,6,4765616,406785,5,2,51,1,4,2,584,191,8,4,5,33,0,0,0,0,0
201900014219,19,4,16,1010,1,3,8,2,4638213,534352,5,2,2,3,4,4,221,458,3,6,5,41,0,0,0,0,0
201900014220,19,1,27,1993,5,1,2,2,4497825,133955,3,3,17,2,4,1,660,454,1,3,2,30,0,0,0,0,0
201900014221,19,5,13,57,2,1,7,4,4766991,-175734,4,4,25,2,3,2,458,564,4,6,4,63,0,0,0,0,0
201900014222,19,4,5,1422,1,9,5,7,4674619,20415,8,4,53,1,4,1,57,49,6,7,2,81,0,0,0,0,0
201900014223,19,5,5,909,2,2,6,3,4758167,-296618,9,3,31,1,1,4,610,549,7,5,4,77,0,0,0,0,0
201900014224,19,9,16,1649,3,2,6,3,4524506,169627,5,4,21,3,4,1,434,864,8,6,3,29,0,0,0,0,0
201900014225,19,5,11,974,5,1,4,4,4844261,377783,2,3,40,3,1,2,371,128,1,2,4,18,0,0,0,0,0
201900014226,19,10,10,1424,4,2,7,7,4985442,458382,3,4,12,2,3,3,735,80,8,1,3,96,0,0,0,0,0
201900014227,19,5,27,1529,1,6,7,4,4909684,227692,9,3,38,1,2,2,400,206,1,7,5,9,0,0,0,0,0
201900014228,19,7,26,2309,4,3,6,7,4800603,28105,4,1,0,1,2,3,777,871,8,4,3,42,0,0,0,0,0
201900014229,19,2,10,1085,2,5,7,5,4861627,391654,8,3,12,3,3,1,185,432,7,1,5,27,0,0,0,0,0
201900014230,19,3,9,639,5,4,6,5,4773850,-396593,2,4,28,1,1,3,388,301,3,1,1,30,0,0,0,0,0
201900014231,19,10,23,1937,2,5,1,3,4908616,189010,8,4,26,1,3,2,509,951,6,7,2,10,0,0,0,0,0
201900014232,19,2,25,1333,1,2,9,6,4640677,429273,7,4,27,1,4,3,682,904,6,1,5,49,0,0,0,0,0
201900014233,19,8,7,1556,1,6,8,2,4715564,240357,3,4,39,3,3,2,475,217,3,6,1,46,0,0,0,0,0
201900014234,19,1,6,700,3,6,7,5,4732195,613834,5,1,16,2,4,2,73,121,3,7,2,38,0,0,0,0,0
201900014235,19,12,15,1570,3,7,9,3,4568472,-186734,3,2,28,2,2,3,662,515,6,6,3,7,0,0,0,0,0
201900014236,19,11,17,1133,1,8,5,7,4630918,672571,2,4,7,1,3,4,152,850,5,6,4,45,0,0,0,0,0
201900014237,19,7,3,38,2,4,8,6,4401270,542626,5,4,32,1,4,1,635,400,8,6,4,37,0,0,0,0,0
201900014238,19,6,4,941,4,2,8,2,4870601,20601,3,1,31,3,3,4,523,220,8,1,4,99,0,0,0,0,0
201900014239,19,1,19,534,2,5,5,6,4475130,128352,6,4,51,2,3,4,896,943,8,1,3,98,0,0,0,0,0
201900014240,19,12,25,891,2,8,3,7,4817555,297451,4,3,10,3,2,3,39,125,5,3,1,13,0,0,0,0,0
201900014241,19,10,22,371,5,1,1,1,4458055,257195,9,1,49,1,3,2,187,190,3,4,4,38,0,0,0,0,0
201900014242,19,9,24,1859,3,8,4,5,4601266,-11731,2,4,26,1,1,1,740,520,5,5,4,89,0,0,0,0,0
201900014243,19,12,3,285,4,3,5,2,4741857,240239,6,1,7,3,4,3,127,224,1,5,3,31,0,0,0,0,0
201900014244,19,12,12,2127,3,1,7,4,4967456,-644,3,4,28,1,1,2,537,214,5,2,2,7,0,0,0,0,0
201900014245,19,9,11,1016,5,3,3,3,4426030,-26553,7,1,44,1,3,3,455,274,1,6,3,44,0,0,0,0,0
201900014246,19,7,27,1282,1,7,7,7,4750523,352348,5,2,53,2,4,3,67,498,1,3,3,19,0,0,0,0,0
201900014247,19,4,27,1555,1,3,9,6,4631334,-8612,2,3,13,2,2,3,104,577,6,6,5,3,0,0,0,0,0
201900014248,19,9,7,542,2,1,5,5,4519874,238745,4,2,3,1,1,1,756,277,7,3,2,50,0,0,0,0,0
201900014249,19,12,19,1862,4,2,1,5,4693867,-83906,7,4,36,1,1,3,527,775,2,4,4,75,0,0,0,0,0
201900014250,19,6,19,1643,3,9,6,4,4749769,396485,9,3,38,2,4,2,692,386,8,7,2,85,0,0,0,0,0
201900014251,19,6,21,1131,2,8,4,3,4980029,-324411,9,3,3,2,3,4,824,442,2,7,1,60,0,0,0,0,0
201900014252,19,9,2,581,5,1,9,3,4901589,-36220,7,4,40,1,4,4,540,115,3,7,5,27,0,0,0,0,0
201900014253,19,1,3,496,3,5,4,6,4755890,309685,9,2,3,1,3,1,783,953,2,1,2,54,0,0,0,0,0
201900014254,19,8,6,940,5,3,2,6,4964886,646699,3,2,35,2,2,4,745,621,8,4,5,2,0,0,0,0,0
201900014255,19,4,1,1716,3,4,9,1,4505895,270649,4,4,14,1,2,2,727,99,9,1,1,57,0,0,0,0,0
201900014256,19,7,9,82,3,6,6,7,4803054,630754,8,3,6,2,4,1,596,398,4,7,4,42,0,0,0,0,0
201900014257,19,10,12,1291,5,2,8,2,4853235,234449,3,1,37,2,4,2,686,177,3,7,4,8,0,0,0,0,0
201900014258,19,5,11,2115,5,5,3,7,4496478,617167,3,3,43,3,1,2,573,280,8,2,5,2,0,0,0,0,0
201900014259,19,5,22,925,5,7,5,5,4729226,-138733,5,4,3,3,4,3,105,867,2,1,1,42,0,0,0,0,0
201900014260,19,5,27,59,2,7,6,2,4595199,369280,5,1,16,1,2,3,789,990,9,2,1,23,0,0,0,0,0
201900014261,19,12,19,691,4,2,2,5,4937655,213762,3,2,27,3,4,3,612,29,7,2,5,31,0,0,0,0,0
201900014262,19,7,11,893,2,9,1,5,4943510,164122,6,4,53,3,4,4,771,847,7,7,5,94,0,0,0,0,0
201900014263,19,9,15,1951,3,4,9,2,4787758,-386152,9,2,51,1,4,4,479,347,3,5,2,16,0,0,0,0,0
201900014264,19,1,15,2311,4,6,4,2,4658440,288216,9,3,33,3,1,2,184,744,8,5,1,40,0,0,0,0,0
201900014265,19,9,28,608,1,3,4,6,4899420,409121,2,4,39,1,3,1,853,349,2,4,5,40,0,0,0,0,0
201900014266,19,10,6,740,4,8,3,3,4758184,48581,4,2,40,2,3,2,367,661,3,6,2,76,0,0,0,0,0
201900014267,19,6,15,637,5,5,4,6,4705929,341721,8,3,31,1,1,4,491,799,6,3,3,49,0,0,0,0,0
201900014268,19,11,25,627,2,1,1,2,4599781,596854,9,2,13,1,3,3,121,631,1,5,3,37,0,0,0,0,0
201900014269,19,5,26,840,2,4,7,3,4546451,527249,7,2,43,1,3,4,235,903,9,3,1,57,0,0,0,0,0
201900014270,19,5,6,1501,3,9,9,3,4642571,-156819,6,2,52,1,4,2,428,311,9,5,3,89,0,0,0,0,0
201900014271,19,12,16,1392,4,9,5,5,4976074,375627,3,2,34,3,3,2,57,98,3,1,5,20,0,0,0,0,0
201900014272,19,6,25,2162,2,4,1,5,4599670,468575,9,4,18,2,2,3,414,707,9,3,2,54,0,0,0,0,0
201900014273,19,2,12,862,3,4,5,1,4980355,496122,3,3,38,1,2,1,520,188,8,3,2,78,0,0,0,0,0
201900014274,19,12,8,2143,3,6,8,6,4468124,-141453,1,4,24,3,4,4,539,585,4,7,5,11,0,0,0,0,0
201900014275,19,8,4,544,2,9,9,4,4853356,-311430,8,4,42,3,2,4,471,133,7,4,2,48,0,0,0,0,0
201900014276,19,2,5,854,4,7,7,2,4570490,287665,6,4,38,2,3,4,223,813,4,2,1,6,0,0,0,0,0
201900014277,19,3,11,1850,2,9,6,3,4645832,2740,3,3,46,3,1,4,644,512,2,5,1,92,0,0,0,0,0
201900014278,19,3,6,150,4,2,2,5,4779333,-360943,7,2,42,2,1,3,420,693,8,4,3,79,0,0,0,0,0
201900014279,19,9,15,203,3,7,4,6,4495502,-272552,8,1,34,2,4,3,543,468,9,4,3,28,0,0,0,0,0
201900014280,19,7,5,1659,4,5,8,3,4903822,299409,9,4,13,2,2,2,280,26,8,5,4,89,0,0,0,0,0
201900014281,19,2,4,646,2,9,5,5,4949254,-241798,4,1,49,2,2,4,79,685,7,1,5,82,0,0,0,0,0
201900014282,19,1,10,1679,2,5,2,5,4755887,-337526,6,4,35,3,2,4,238,51,4,3,2,77,0,0,0,0,0
201900014283,19,11,26,380,4,8,1,6,4661218,67572,4,2,36,2,3,4,851,252,5,3,5,59,0,0,0,0,0
201900014284,19,12,3,305,1,6,9,2,4724425,681897,7,2,20,2,1,2,622,838,7,1,2,2,0,0,0,0,0
201900014285,19,8,25,1386,1,8,6,5,4436636,493914,7,2,40,2,1,3,681,950,9,5,2,29,0,0,0,0,0
201900014286,19,6,25,1651,4,1,7,3,4978130,17570,9,2,38,1,4,2,866,561,3,3,1,81,0,0,0,0,0
201900014287,19,7,27,1010,5,2,4,5,4860425,-300494,2,1,36,1,4,3,242,649,3,2,3,34,0,0,0,0,0
201900014288,19,5,3,1915,4,4,3,4,4971622,-264762,5,2,49,2,2,3,504,683,8,7,3,16,0,0,0,0,0
201900014289,19,6,13,2333,2,3,6,3,4872510,-373447,4,1,16,2,1,4,689,367,4,3,2,77,0,0,0,0,0
201900014290,19,12,28,1886,1,9,8,4,4606109,134014,2,2,30,1,1,4,686,274,7,4,4,47,0,0,0,0,0
201900014291,19,5,28,519,2,1,2,5,4901283,500435,8,4,32,1,3,4,231,884,4,4,2,12,0,0,0,0,0
201900014292,19,10,9,47,3,4,8,4,4672895,208136,3,2,23,1,2,1,280,674,7,5,1,84,0,0,0,0,0
201900014293,19,11,10,173,3,7,2,5,4857253,-38507,6,2,37,2,1,3,814,728,5,4,5,62,0,0,0,0,0
201900014294,19,11,5,500,4,9,1,5,4581685,456525,6,4,36,3,2,2,578,613,9,5,3,61,0,0,0,0,0
201900014295,19,8,21,2234,2,6,5,3,4619298,263800,5,4,42,3,2,3,760,176,5,2,4,40,0,0,0,0,0
201900014296,19,7,4,920,2,4,7,1,4754813,674580,6,4,41,3,2,3,611,562,1,6,2,63,0,0,0,0,0
201900014297,19,7,3,87,5,8,5,1,4847305,209033,2,4,13,3,4,1,842,159,1,3,1,51,0,0,0,0,0
201900014298,19,8,9,2020,1,8,3,2,4418795,493704,6,3,28,1,2,3,662,133,9,1,1,90,0,0,0,0,0
201900014299,19,8,7,2240,1,7,2,4,4507082,168560,3,1,33,3,4,3,618,23,4,5,2,33,0,0,0,0,0
201900014300,19,11,1,1711,1,5,3,1,4733953,154320,3,2,53,1,1,1,891,483,4,5,1,35,0,0,0,0,0
201900014301,19,8,22,2332,3,6,4,4,4456621,-113507,5,2,23,3,4,2,461,28,7,7,3,88,0,0,0,0,0
201900014302,19,5,3,2244,1,5,5,1,4528850,29057,7,4,13,1,3,1,413,289,6,3,1,42,0,0,0,0,0
201900014303,19,12,3,325,5,4,8,3,4532930,474770,9,4,22,1,2,4,630,711,3,3,2,26,0,0,0,0,0
201900014304,19,6,7,1130,3,5,1,6,4855854,-87639,6,1,18,3,1,3,485,845,9,2,1,27,0,0,0,0,0
201900014305,19,10,19,1522,1,7,5,1,4565484,-339268,6,3,11,2,1,1,833,1,2,1,4,39,0,0,0,0,0
201900014306,19,3,24,2058,2,6,6,2,4488975,681643,7,2,4,1,2,3,712,161,6,4,3,68,0,0,0,0,0
201900014307,19,4,23,1534,1,7,5,6,4756101,-282547,5,2,34,3,3,3,622,214,1,1,5,40,0,0,0,0,0
201900014308,19,3,13,409,1,9,1,2,4617021,-219407,3,4,27,1,4,1,444,350,6,6,3,66,0,0,0,0,0
201900014309,19,9,2,745,4,6,8,2,4624657,131363,6,1,34,2,4,4,744,661,6,6,5,54,0,0,0,0,0
201900014310,19,2,20,1884,5,1,9,4,4425029,601636,2,3,51,2,4,2,29,171,8,7,4,55,0,0,0,0,0
201900014311,19,11,19,240,1,5,1,4,4781413,-153742,5,1,9,2,3,4,344,897,6,6,5,73,0,0,0,0,0
201900014312,19,6,27,2205,2,3,4,3,4674887,320210,9,1,8,1,1,1,224,102,4,1,4,40,0,0,0,0,0
201900014313,19,10,22,549,5,2,8,7,4881473,-91141,3,3,13,1,1,2,836,719,5,1,2,79,0,0,0,0,0
201900014314,19,4,24,289,5,3,4,3,4779763,-308251,7,1,10,3,1,3,207,418,2,5,5,53,0,0,0,0,0
201900014315,19,1,11,2124,5,5,9,6,4780479,-258430,3,3,28,2,1,2,183,817,6,2,4,4,0,0,0,0,0
201900014316,19,12,1,2323,5,7,6,6,4650431,699562,9,4,33,1,1,3,99,926,8,4,1,92,0,0,0,0,0
201900014317,19,2,3,1436,3,2,9,2,4880699,14975,4,3,32,3,2,1,491,505,6,4,4,37,0,0,0,0,0
201900014318,19,12,24,203,1,9,7,3,4889982,-395346,6,3,43,1,2,1,54,144,1,5,5,68,0,0,0,0,0
201900014319,19,12,17,865,4,4,8,7,4824878,-350440,4,3,29,3,1,1,841,844,3,2,3,21,0,0,0,0,0
201900014320,19,2,26,2302,4,2,5,4,4588661,-15975,8,2,48,3,2,1,345,222,5,6,2,1,0,0,0,0,0
201900014321,19,6,13,295,1,7,7,2,4678257,370509,6,4,30,1,1,3,160,623,1,5,5,3,0,0,0,0,0
201900014322,19,4,3,1340,1,1,9,5,4433655,473550,1,4,14,1,1,3,450,341,5,1,2,6,0,0,0,0,0
201900014323,19,8,19,2080,5,8,1,3,4855096,-301293,8,1,43,2,1,4,620,563,1,6,1,58,0,0,0,0,0
201900014324,19,8,25,1030,3,7,2,1,4435789,415854,4,2,24,3,1,1,695,52,4,7,5,52,0,0,0,0,0
201900014325,19,8,24,22,3,6,9,3,4581156,41768,6,2,51,1,2,3,258,977,3,7,5,86,0,0,0,0,0
201900014326,19,6,13,684,2,3,1,7,4429246,155156,5,4,14,2,3,4,854,842,2,3,2,24,0,0,0,0,0
201900014327,19,9,19,1624,1,1,1,3,4818440,-36697,8,2,15,3,2,3,732,635,1,1,5,13,0,0,0,0,0
201900014328,19,5,11,6,2,1,8,7,4892383,-236084,3,1,27,1,4,1,225,905,4,4,2,46,0,0,0,0,0
201900014329,19,9,6,851,3,9,9,1,4888708,507649,4,4,25,2,2,3,786,320,8,2,2,76,0,0,0,0,0
201900014330,19,5,17,2186,2,6,8,4,4876158,546999,9,4,22,2,3,4,754,834,1,3,1,86,0,0,0,0,0
201900014331,19,12,28,2231,2,6,3,2,4976254,422832,7,1,45,3,3,4,627,809,2,1,3,29,0,0,0,0,0
201900014332,19,9,19,2348,4,2,4,5,4857654,488784,4,3,2,2,3,3,315,55,6,4,4,70,0,0,0,0,0
201900014333,19,7,8,1634,2,1,8,1,4672443,166356,9,3,41,3,4,2,799,517,2,3,5,74,0,0,0,0,0
201900014334,19,7,3,2054,2,2,3,5,4602040,-28535,8,1,6,3,1,1,706,228,1,3,3,74,0,0,0,0,0
201900014335,19,12,24,1904,3,1,5,2,4655641,515105,4,4,30,2,3,1,4,264,1,3,1,83,0,0,0,0,0
201900014336,19,6,13,666,5,5,5,7,4431762,38139,6,2,50,3,2,1,653,343,7,7,1,45,0,0,0,0,0
201900014337,19,2,14,99,1,3,6,3,4428952,391142,1,1,16,3,2,1,32,417,4,1,1,82,0,0,0,0,0
201900014338,19,6,26,701,1,8,8,2,4658382,-287795,3,1,3,3,3,1,783,291,5,7,3,57,0,0,0,0,0
201900014339,19,1,23,313,5,5,8,5,4649800,406556,4,4,10,2,4,2,308,735,3,6,4,28,0,0,0,0,0
201900014340,19,11,25,2293,1,6,9,2,4907902,699541,8,4,3,1,1,4,233,549,7,7,2,72,0,0,0,0,0
201900014341,19,6,26,1524,2,1,6,6,4606936,395932,7,1,38,2,4,2,88,965,3,4,1,32,0,0,0,0,0
201900014342,19,10,24,338,2,9,9,6,4873855,583723,6,4,14,2,4,2,749,384,9,6,2,77,0,0,0,0,0
201900014343,19,8,21,2170,5,1,6,5,4941260,72863,3,4,44,2,2,3,91,372,4,2,1,18,0,0,0,0,0
201900014344,19,9,11,1607,1,6,7,6,4544428,113519,9,1,42,3,3,3,149,923,2,2,3,63,0,0,0,0,0
201900014345,19,5,24,196,4,4,5,5,4774281,-192992,9,4,38,1,3,3,670,204,9,4,4,99,0,0,0,0,0
201900014346,19,7,20,1486,2,4,5,6,4572700,-185435,9,2,27,2,3,3,794,232,9,4,4,42,0,0,0,0,0
201900014347,19,9,25,2107,1,9,3,1,4834143,42175,6,2,22,2,1,3,501,358,2,2,1,83,0,0,0,0,0
201900014348,19,2,26,2173,2,2,8,5,4465687,-133341,2,1,14,3,1,4,673,336,8,4,5,61,0,0,0,0,0
201900014349,19,3,28,1983,2,4,3,1,4529617,321425,8,2,34,1,3,2,327,464,4,6,3,57,0,0,0,0,0
201900014350,19,5,27,1411,3,3,5,5,4748975,-255053,7,1,24,2,2,4,291,245,8,4,3,85,0,0,0,0,0
201900014351,19,12,17,1752,3,5,3,6,4514973,671198,1,1,5,2,2,4,105,768,9,5,5,15,0,0,0,0,0
201900014352,19,12,14,638,5,8,6,6,4400146,-16186,2,2,48,3,3,4,203,263,3,4,5,98,0,0,0,0,0
201900014353,19,9,6,392,5,7,1,7,4757045,12163,2,3,15,3,1,2,517,913,6,5,5,65,0,0,0,0,0
201900014354,19,10,27,467,1,1,2,5,4613337,411908,6,2,23,1,2,1,831,914,2,5,4,34,0,0,0,0,0
201900014355,19,9,10,1292,1,4,7,4,4582755,215864,8,4,31,2,4,4,740,655,5,7,1,87,0,0,0,0,0
201900014356,19,7,15,1722,2,5,6,3,4697555,-33830,9,1,38,3,1,1,754,120,8,3,1,55,0,0,0,0,0
201900014357,19,4,13,556,1,1,8,2,4777170,597001,4,4,1,1,3,4,814,108,7,5,1,45,0,0,0,0,0
201900014358,19,3,5,488,5,2,3,6,4960827,276510,6,2,1,3,2,3,67,923,1,1,4,48,0,0,0,0,0
201900014359,19,12,24,2009,4,6,6,7,4496708,406650,2,4,35,3,2,4,340,924,4,2,3,63,0,0,0,0,0
201900014360,19,10,14,1215,4,7,6,5,4610626,630598,9,4,37,1,4,3,723,746,4,1,3,61,0,0,0,0,0
201900014361,19,2,10,747,1,3,2,5,4402181,467974,8,3,9,2,4,4,376,353,7,4,4,83,0,0,0,0,0
201900014362,19,4,6,1790,2,7,9,1,4665146,-363399,8,4,28,1,3,1,476,744,6,7,5,31,0,0,0,0,0
201900014363,19,8,26,1131,1,9,6,1,4442363,-297103,9,1,0,2,4,4,200,147,5,4,5,34,0,0,0,0,0
201900014364,19,7,8,879,1,3,5,7,4503377,188138,4,3,17,1,4,3,814,999,2,3,1,16,0,0,0,0,0
201900014365,19,7,5,215,4,7,9,5,4424189,-381740,4,2,42,3,4,2,605,84,7,6,2,78,0,0,0,0,0
201900014366,19,2,21,1426,1,9,1,3,4778011,147443,5,2,42,2,2,1,681,350,5,4,3,76,0,0,0,0,0
201900014367,19,4,13,1047,5,9,8,3,4563695,78281,6,3,39,3,1,4,647,738,9,1,4,13,0,0,0,0,0
201900014368,19,4,13,222,3,7,9,7,4625504,547985,6,1,11,1,1,2,42,906,9,2,5,16,0,0,0,0,0
201900014369,19,1,18,961,1,1,4,1,4502833,-227438,5,2,41,2,4,4,796,94,5,7,4,93,0,0,0,0,0
201900014370,19,8,10,1853,2,4,7,3,4540975,434777,7,1,2,3,1,4,13,572,5,4,5,21,0,0,0,0,0
201900014371,19,5,20,1979,5,1,1,4,4975876,-231196,5,4,16,1,3,1,237,600,8,5,5,81,0,0,0,0,0
201900014372,19,8,22,1221,2,4,7,4,4562111,548061,7,4,10,2,4,1,870,528,5,2,3,26,0,0,0,0,0
201900014373,19,10,20,2357,5,7,8,6,4599301,-102287,6,3,49,2,3,2,201,648,3,5,2,93,0,0,0,0,0
201900014374,19,7,15,1644,3,9,5,4,4817656,293346,3,1,47,3,3,4,668,736,2,4,2,70,0,0,0,0,0
201900014375,19,2,14,2309,1,3,3,6,4852498,554170,3,4,16,1,4,4,395,585,8,6,4,3,0,0,0,0,0
201900014376,19,1,2,1277,5,2,6,1,4651713,411485,6,2,22,1,2,4,375,178,1,2,3,88,0,0,0,0,0
201900014377,19,1,9,66,4,3,8,3,4703310,497646,7,1,13,2,4,4,387,901,4,5,3,71,0,0,0,0,0
201900014378,19,3,25,189,4,2,2,4,4421141,-316284,1,3,46,2,4,1,706,718,6,7,3,64,0,0,0,0,0
201900014379,19,2,8,1322,2,9,7,2,4902271,187303,8,4,22,3,4,4,378,952,4,3,4,83,0,0,0,0,0
201900014380,19,4,2,1150,2,5,2,2,4598283,-247389,2,3,4,2,3,2,269,870,2,4,2,20,0,0,0,0,0
201900014381,19,2,8,837,4,9,4,7,4542234,-50038,4,1,40,2,1,4,183,218,9,1,5,54,0,0,0,0,0
201900014382,19,8,25,1560,5,9,5,5,4758186,-396256,7,2,15,1,2,2,773,534,7,6,2,31,0,0,0,0,0
201900014383,19,6,10,1684,2,5,8,5,4969726,75436,5,4,51,3,1,1,238,410,9,6,4,74,0,0,0,0,0
201900014384,19,9,5,702,3,8,5,4,4918566,645679,6,4,43,2,2,3,499,155,7,6,5,1,0,0,0,0,0
201900014385,19,3,4,1271,4,4,7,2,4940699,192354,6,2,38,1,2,4,857,115,5,5,5,93,0,0,0,0,0
201900014386,19,8,28,1979,4,9,1,7,4497641,692708,4,2,3,1,2,3,889,129,9,1,2,90,0,0,0,0,0
201900014387,19,7,27,226,1,3,1,7,4942010,567309,3,3,20,2,2,2,55,170,1,4,1,47,0,0,0,0,0
201900014388,19,11,28,1790,4,6,2,1,4983852,476057,4,3,44,2,4,4,159,981,5,3,4,93,0,0,0,0,0
201900014389,19,7,12,1986,4,7,7,1,4420860,95921,8,2,14,2,2,4,125,122,2,4,5,57,0,0,0,0,0
201900014390,19,11,21,509,1,2,5,2,4424542,-358540,2,1,44,3,3,1,857,63,3,2,2,90,0,0,0,0,0
201900014391,19,2,10,2117,5,4,5,7,4602636,326259,8,4,52,2,1,1,497,936,7,6,1,28,0,0,0,0,0
201900014392,19,6,25,1350,2,3,1,3,4908153,473817,8,1,20,1,2,4,380,995,6,2,1,53,0,0,0,0,0
201900014393,19,6,17,2228,5,5,8,4,4963869,390761,3,4,6,2,1,2,753,173,1,2,2,87,0,0,0,0,0
201900014394,19,5,1,1420,2,8,1,1,4918487,180670,4,4,51,3,3,3,194,608,1,3,1,48,0,0,0,0,0
201900014395,19,6,24,598,1,8,7,7,4961728,292914,2,1,20,3,3,4,98,406,5,6,2,82,0,0,0,0,0
201900014396,19,8,11,1,4,9,2,7,4798566,616239,4,3,21,1,3,3,62,441,2,7,4,91,0,0,0,0,0
201900014397,19,7,1,423,5,2,1,1,4750683,-169236,7,2,8,1,1,3,202,748,4,1,1,61,0,0,0,0,0
201900014398,19,1,18,1743,4,5,9,2,4534624,3481,1,4,38,3,2,1,273,825,8,5,1,68,0,0,0,0,0
201900014399,19,6,4,2236,5,5,6,2,4542099,244077,3,1,24,1,1,2,89,389,9,3,5,58,0,0,0,0,0
201900014400,19,8,6,1474,4,6,9,7,4839811,-222968,9,3,17,2,2,3,705,208,9,4,5,30,0,0,0,0,0
201900014401,19,12,27,2160,1,6,3,6,4938572,338283,3,4,53,1,4,2,30,798,3,7,4,2,0,0,0,0,0
201900014402,19,9,27,806,4,4,5,1,4674244,-200987,7,1,10,3,2,4,835,440,7,1,1,75,0,0,0,0,0
201900014403,19,5,17,2025,2,5,6,2,4661900,293472,4,2,21,1,1,4,806,696,5,2,2,9,0,0,0,0,0
201900014404,19,6,22,1064,1,7,2,3,4560366,565553,3,4,13,3,2,1,878,112,3,5,5,67,0,0,0,0,0
201900014405,19,1,28,1225,4,6,7,7,4509174,-87728,6,2,53,3,4,4,264,160,2,1,5,75,0,0,0,0,0
201900014406,19,9,5,1751,5,9,4,7,4406191,25819,5,1,22,2,2,2,319,854,5,3,4,11,0,0,0,0,0
201900014407,19,12,12,1612,2,2,9,4,4573086,568933,9,3,27,3,2,4,693,444,4,6,2,2,0,0,0,0,0
201900014408,19,4,6,624,1,5,8,5,4550895,-193712,5,1,11,1,1,1,610,580,9,4,3,67,0,0,0,0,0
201900014409,19,11,23,734,3,9,7,4,4739489,146976,1,4,28,3,3,1,50,743,4,3,3,34,0,0,0,0,0
201900014410,19,3,4,777,2,9,9,6,4664425,687170,7,2,12,2,1,3,434,847,9,7,4,49,0,0,0,0,0
201900014411,19,6,22,276,3,3,8,5,4640880,124330,9,3,7,3,1,4,37,869,7,5,5,0,0,0,0,0,0
201900014412,19,11,11,1771,1,1,9,6,4943172,414991,4,2,39,3,4,3,530,225,9,1,1,76,0,0,0,0,0
201900014413,19,6,1,407,4,3,1,3,4904776,59275,5,2,12,1,2,2,832,635,9,1,1,10,0,0,0,0,0
201900014414,19,2,9,1730,4,1,9,3,4429227,131943,2,3,48,1,4,1,247,726,6,6,5,96,0,0,0,0,0
201900014415,19,9,19,1442,2,1,6,4,4787221,694763,8,4,20,3,4,3,178,294,7,2,2,28,0,0,0,0,0
201900014416,19,4,11,1701,2,9,7,5,4471476,-172297,4,3,30,1,1,2,230,723,9,4,2,64,0,0,0,0,0
201900014417,19,11,9,2085,4,5,6,1,4825701,568950,3,1,35,3,2,2,284,814,7,3,5,82,0,0,0,0,0
201900014418,19,2,6,88,2,5,1,4,4837631,694586,3,4,9,2,1,1,279,941,2,5,4,57,0,0,0,0,0
201900014419,19,6,27,1274,2,7,9,4,4526171,-339028,5,3,26,1,3,2,566,685,4,6,3,50,0,0,0,0,0
201900014420,19,10,8,1795,4,6,3,3,4657614,627963,2,3,16,3,2,3,821,101,6,4,5,59,0,0,0,0,0
201900014421,19,2,7,1522,1,7,8,7,4825393,531733,1,2,22,3,2,1,37,301,6,4,4,38,0,0,0,0,0
201900014422,19,9,19,270,4,8,2,2,4640951,-59983,6,1,39,1,1,1,23,995,3,2,4,6,0,0,0,0,0
201900014423,19,7,10,1304,2,8,3,1,4859402,261605,4,2,19,1,3,3,147,357,2,5,4,43,0,0,0,0,0
201900014424,19,2,27,1816,5,9,5,5,4646063,-375553,1,3,28,2,2,1,23,730,7,7,4,41,0,0,0,0,0
201900014425,19,12,24,805,5,5,7,2,4847259,-179344,4,1,52,2,4,2,55,671,5,3,5,54,0,0,0,0,0
201900014426,19,9,21,94,4,5,1,7,4742552,157817,5,1,2,1,4,4,514,20,3,7,3,14,0,0,0,0,0
201900014427,19,6,21,551,2,7,5,2,4582391,644447,3,3,21,3,2,1,880,99,8,6,3,31,0,0,0,0,0
201900014428,19,1,27,1171,5,7,5,3,4822787,134115,8,3,49,3,3,4,109,118,6,7,2,4,0,0,0,0,0
201900014429,19,1,10,1766,4,2,4,2,4791913,697358,6,2,22,1,1,4,811,6,2,7,4,0,0,0,0,0,0
201900014430,19,11,14,1017,1,1,2,1,4588402,675119,5,1,2,3,3,1,519,297,2,3,2,35,0,0,0,0,0