Num_Acc,an,mois,jour,hrmn,lum,int,atm,col,lat,long,catr,circ,nbv,vosp,prof,plan,lartpc,larrout,surf,infra,situ,env1,unscathed,killed,hospital,light,chance
201900014431,19,10,23,635,5,4,9,2,4535171,-237301,6,3,11,3,4,2,460,62,5,7,2,58,0,0,0,0,0
201900014432,19,7,11,917,5,6,4,3,4879925,-327165,7,1,0,3,4,1,610,6,9,7,3,0,0,0,0,0,0
201900014433,19,7,18,366,5,4,7,5,4814047,533770,6,4,17,1,2,4,352,425,5,2,4,32,0,0,0,0,0
201900014434,19,12,23,1659,3,1,1,7,4659836,499048,1,3,25,1,2,4,545,849,1,1,2,32,0,0,0,0,0
201900014435,19,9,26,2159,4,5,7,2,4549490,636446,9,4,25,2,1,1,876,916,6,5,1,40,0,0,0,0,0
201900014436,19,1,9,1368,2,8,7,4,4561970,-95709,9,4,42,3,2,2,3,291,6,1,1,74,0,0,0,0,0
201900014437,19,9,26,513,2,1,9,6,4817462,416836,1,1,29,3,4,3,215,232,6,1,1,93,0,0,0,0,0
201900014438,19,12,5,690,1,6,2,2,4917567,602301,8,1,10,2,1,4,419,475,4,1,2,28,0,0,0,0,0
201900014439,19,5,10,1693,3,2,6,5,4735626,134729,2,3,8,2,3,2,399,9,4,6,1,84,0,0,0,0,0
201900014440,19,12,22,482,3,1,5,7,4620306,120582,8,2,30,2,2,1,31,243,6,7,5,83,0,0,0,0,0
201900014441,19,4,22,1601,1,3,9,4,4511669,-299268,5,3,0,1,1,4,166,622,8,7,1,74,0,0,0,0,0
201900014442,19,9,24,268,1,9,9,3,4618358,377413,4,4,46,3,4,2,371,494,2,4,3,19,0,0,0,0,0
201900014443,19,4,15,994,4,4,6,7,4922219,538007,4,3,12,2,2,2,582,663,6,7,3,22,0,0,0,0,0
201900014444,19,1,18,1375,4,5,7,3,4775871,388479,2,4,26,3,3,2,586,478,3,3,4,4,0,0,0,0,0
201900014445,19,9,10,1094,2,8,1,5,4991804,-48491,5,1,15,3,4,4,18,952,4,5,4,72,0,0,0,0,0
201900014446,19,4,28,580,1,3,9,4,4545007,200781,4,2,46,3,1,1,833,678,2,4,1,63,0,0,0,0,0
201900014447,19,12,11,2354,5,3,8,3,4850120,-8664,8,3,24,3,2,2,493,317,9,5,5,13,0,0,0,0,0
201900014448,19,12,10,601,4,8,7,5,4855198,373896,3,4,22,3,2,4,669,972,7,1,1,60,0,0,0,0,0
201900014449,19,12,16,1613,5,9,6,2,4502298,179891,9,4,43,1,3,3,723,228,7,1,4,81,0,0,0,0,0
201900014450,19,10,23,1088,2,6,4,5,4893088,200053,7,1,28,3,4,2,740,383,8,4,3,22,0,0,0,0,0
201900014451,19,3,7,70,4,2,5,2,4526826,38793,5,2,20,3,1,2,787,983,9,7,1,39,0,0,0,0,0
201900014452,19,10,15,1227,3,1,4,6,4956472,582952,3,3,23,2,4,3,633,829,6,3,1,40,0,0,0,0,0
201900014453,19,5,13,1596,2,1,9,2,4705693,-258582,7,4,49,3,3,4,515,976,3,5,2,2,0,0,0,0,0
201900014454,19,9,26,1020,1,6,2,3,4652242,670050,3,1,15,3,4,2,392,352,9,6,4,21,0,0,0,0,0
201900014455,19,7,6,753,5,6,9,5,4994704,128250,3,3,41,2,2,3,133,510,4,7,3,5,0,0,0,0,0
201900014456,19,12,28,45,2,9,8,6,4438360,470774,2,4,22,3,3,3,4,685,3,2,4,89,0,0,0,0,0
201900014457,19,7,19,1682,2,9,4,3,4996291,364737,6,3,14,3,4,2,528,358,6,6,2,50,0,0,0,0,0
201900014458,19,3,20,1568,4,9,4,1,4954932,320389,9,3,24,1,1,4,305,424,5,2,3,23,0,0,0,0,0
201900014459,19,4,4,2012,2,8,3,5,4487812,153450,1,4,28,1,4,2,602,72,8,4,5,74,0,0,0,0,0
201900014460,19,2,15,1373,1,3,9,5,4698690,56660,6,4,28,3,1,3,441,806,3,6,5,35,0,0,0,0,0
201900014461,19,6,5,691,2,7,6,5,4992591,472419,6,4,43,2,1,3,705,429,6,1,4,89,0,0,0,0,0
201900014462,19,11,24,1250,1,8,4,1,4653056,-341458,1,4,45,3,2,3,513,148,9,2,4,10,0,0,0,0,0
201900014463,19,2,17,2084,5,1,8,6,4650580,-53784,7,4,21,3,1,3,538,826,9,3,5,26,0,0,0,0,0
201900014464,19,4,27,1474,4,3,5,2,4694489,646584,8,2,5,2,2,3,527,876,8,4,4,80,0,0,0,0,0
201900014465,19,9,3,286,4,8,7,1,4845545,607604,6,1,8,1,3,4,224,123,5,3,1,75,0,0,0,0,0
201900014466,19,7,2,407,2,9,5,1,4792824,589091,6,2,42,1,1,4,530,724,4,7,3,3,0,0,0,0,0
201900014467,19,8,11,129,3,5,5,3,4663670,483113,1,1,38,3,4,1,186,929,1,4,4,7,0,0,0,0,0
201900014468,19,5,14,1679,5,4,2,4,4542543,-170092,6,1,20,3,3,4,5,745,6,5,5,16,0,0,0,0,0
201900014469,19,4,28,624,1,3,4,6,4859139,90157,9,4,46,1,2,1,61,881,1,3,4,96,0,0,0,0,0
201900014470,19,4,20,2345,4,7,5,3,4692154,555523,1,1,19,2,1,4,200,619,8,4,3,70,0,0,0,0,0
201900014471,19,4,11,2249,3,1,5,1,4820898,486667,1,1,38,2,3,1,811,555,3,4,2,73,0,0,0,0,0
201900014472,19,3,12,295,2,7,8,6,4795461,479398,8,2,2,1,2,2,115,577,7,1,5,17,0,0,0,0,0
201900014473,19,10,4,331,2,7,6,3,4638935,687662,2,4,21,1,2,4,179,704,9,7,1,3,0,0,0,0,0
201900014474,19,3,10,1301,5,2,5,2,4413117,477344,3,4,45,3,2,4,440,724,4,4,2,14,0,0,0,0,0
201900014475,19,7,19,959,4,9,7,4,4751537,421860,4,2,4,2,1,3,237,680,8,6,4,47,0,0,0,0,0
201900014476,19,4,20,1797,4,9,7,7,4665671,-326107,6,4,42,1,3,4,386,463,1,4,1,22,0,0,0,0,0
201900014477,19,12,10,2208,1,2,1,4,4981460,-28256,6,1,44,3,2,3,296,114,3,3,3,26,0,0,0,0,0
201900014478,19,12,23,424,1,6,8,7,4606529,-55026,9,1,17,3,2,1,2,855,4,5,2,80,0,0,0,0,0
201900014479,19,11,5,2209,1,4,6,4,4614384,-175814,6,3,18,2,1,2,824,275,1,7,2,82,0,0,0,0,0
201900014480,19,11,15,1849,2,9,4,1,4409619,-109979,7,3,13,1,3,1,289,123,3,2,2,81,0,0,0,0,0
201900014481,19,3,16,733,5,3,4,6,4753336,359303,9,1,47,1,2,1,628,617,2,2,5,2,0,0,0,0,0
201900014482,19,1,19,1400,4,6,8,5,4994890,674064,7,4,35,1,2,4,766,513,9,5,1,60,0,0,0,0,0
201900014483,19,8,14,91,3,6,3,5,4530867,-332259,8,1,4,2,4,1,456,220,5,6,4,28,0,0,0,0,0
201900014484,19,2,2,176,3,8,5,7,4849024,435841,9,3,45,3,3,2,897,216,4,2,3,34,0,0,0,0,0
201900014485,19,6,20,1937,4,6,2,6,4622696,693602,3,4,26,3,3,3,855,920,9,4,3,63,0,0,0,0,0
201900014486,19,10,4,1942,2,8,1,6,4756868,150810,5,1,39,1,3,4,691,28,7,6,3,71,0,0,0,0,0
201900014487,19,10,2,611,2,5,7,3,4678179,214186,9,2,44,1,1,1,78,801,4,7,2,67,0,0,0,0,0
201900014488,19,6,3,120,4,3,3,6,4599414,-335348,7,2,4,1,3,1,103,664,7,1,5,45,0,0,0,0,0
201900014489,19,11,12,1289,4,3,7,1,4521387,298336,1,4,36,1,2,4,514,997,1,3,2,89,0,0,0,0,0
201900014490,19,4,14,1275,4,6,3,1,4671467,-259375,9,1,7,2,3,4,759,783,4,5,1,38,0,0,0,0,0
201900014491,19,11,13,150,5,3,5,6,4844363,-194671,3,2,27,2,2,2,759,853,1,7,2,11,0,0,0,0,0
201900014492,19,8,8,561,5,3,6,4,4746912,239721,8,2,47,1,4,3,667,774,8,2,3,42,0,0,0,0,0
201900014493,19,1,27,250,3,3,7,1,4601955,599668,2,3,1,3,2,1,36,338,6,6,5,99,0,0,0,0,0
201900014494,19,1,8,503,4,8,3,3,4806245,309363,9,2,38,3,2,1,120,709,6,3,2,93,0,0,0,0,0
201900014495,19,2,13,1232,5,3,4,6,4692726,383342,2,3,2,2,4,4,872,796,1,3,3,86,0,0,0,0,0
201900014496,19,7,25,1167,4,8,9,2,4809800,-19720,9,2,6,1,1,1,756,393,8,1,4,94,0,0,0,0,0
201900014497,19,2,11,1958,4,7,6,1,4512671,548250,9,3,51,3,2,4,9,881,1,4,2,64,0,0,0,0,0
201900014498,19,3,26,1362,3,7,7,7,4925062,316229,3,4,29,3,1,3,645,501,7,6,3,30,0,0,0,0,0
201900014499,19,6,6,665,3,2,2,3,4430766,-264022,6,4,8,2,4,3,210,209,9,6,2,86,0,0,0,0,0
201900014500,19,3,24,1546,2,5,5,1,4561165,-122573,6,3,14,3,2,3,252,680,4,6,3,26,0,0,0,0,0
201900014501,19,9,23,1663,1,9,5,5,4754171,67085,4,4,15,1,1,3,89,841,2,3,4,21,0,0,0,0,0
201900014502,19,3,12,395,5,7,9,7,4907876,-21781,2,2,40,2,2,1,841,520,6,4,4,9,0,0,0,0,0
201900014503,19,2,8,1935,2,2,4,6,4933740,-291979,4,2,43,2,2,4,886,461,5,6,2,24,0,0,0,0,0
201900014504,19,1,21,2220,4,5,8,5,4903011,663320,1,2,45,2,2,4,708,780,4,7,5,77,0,0,0,0,0
201900014505,19,5,17,1044,3,5,5,7,4606530,-109575,3,4,12,3,2,1,634,939,7,3,2,75,0,0,0,0,0
201900014506,19,3,9,1816,3,8,6,2,4421762,205140,2,2,53,1,1,3,205,376,5,7,2,89,0,0,0,0,0
201900014507,19,6,12,110,2,6,8,2,4711029,171143,4,1,7,1,2,1,17,281,2,4,5,28,0,0,0,0,0
201900014508,19,5,15,678,3,6,9,4,4536104,-22497,1,3,30,3,3,1,826,280,2,2,4,74,0,0,0,0,0
201900014509,19,9,17,272,4,3,7,5,4576969,173744,6,2,28,1,1,3,717,639,2,1,2,84,0,0,0,0,0
201900014510,19,5,28,1318,2,1,8,7,4505193,-262329,4,2,2,3,3,2,510,829,3,6,3,39,0,0,0,0,0
201900014511,19,4,26,2079,4,4,5,7,4644649,564017,3,4,11,1,2,4,806,84,1,7,1,89,0,0,0,0,0
201900014512,19,8,28,657,1,6,8,4,4914802,622289,9,2,44,1,3,1,609,148,5,3,1,2,0,0,0,0,0
201900014513,19,11,10,573,3,2,3,2,4786383,629553,5,4,17,2,4,3,0,129,8,5,1,4,0,0,0,0,0
201900014514,19,1,26,943,5,1,2,4,4653389,-278393,3,1,35,1,2,3,628,406,2,6,3,9,0,0,0,0,0
201900014515,19,8,21,1827,5,5,5,7,4903491,-261443,1,2,12,1,2,2,537,307,2,7,1,48,0,0,0,0,0
201900014516,19,8,19,354,1,8,8,7,4462919,-380984,8,2,33,3,4,3,477,777,5,2,4,23,0,0,0,0,0
201900014517,19,9,10,2025,5,3,3,4,4974605,620065,5,2,23,1,1,2,647,169,4,2,1,53,0,0,0,0,0
201900014518,19,6,24,1910,5,2,3,3,4579619,-232734,8,3,32,1,1,1,837,106,3,1,4,22,0,0,0,0,0
201900014519,19,10,26,639,2,4,9,1,4469192,659477,2,2,29,2,4,2,399,265,1,4,1,71,0,0,0,0,0
201900014520,19,5,25,2325,1,2,6,5,4645704,15571,4,4,40,3,3,1,195,723,2,4,4,29,0,0,0,0,0
201900014521,19,8,2,1806,3,3,6,5,4565028,281889,3,3,16,3,3,2,573,81,7,3,1,71,0,0,0,0,0
201900014522,19,3,4,1085,3,5,5,7,4632291,442581,6,2,15,3,1,4,41,268,5,1,4,78,0,0,0,0,0
201900014523,19,3,20,2239,2,4,1,7,4802671,-261308,2,2,4,3,1,3,502,667,9,3,2,72,0,0,0,0,0
201900014524,19,9,2,2008,4,1,3,7,4682027,-398952,9,1,37,1,4,2,649,913,9,4,3,31,0,0,0,0,0
201900014525,19,7,2,1420,4,6,9,4,4713379,-274852,7,3,33,2,2,2,818,245,8,2,5,84,0,0,0,0,0
201900014526,19,10,24,475,2,8,4,2,4467245,-395658,5,4,13,3,2,3,41,203,2,1,1,15,0,0,0,0,0
201900014527,19,4,1,18,1,1,5,3,4540549,-73549,9,2,23,2,4,4,846,692,8,4,3,50,0,0,0,0,0
201900014528,19,3,1,1031,2,2,8,6,4403011,-252634,6,3,45,1,1,3,713,125,2,2,2,60,0,0,0,0,0
201900014529,19,1,16,2038,3,9,3,4,4992156,266773,5,4,25,2,3,4,718,228,2,1,5,85,0,0,0,0,0
201900014530,19,3,3,1728,4,5,2,3,4848343,458853,3,3,49,1,2,3,361,944,7,7,3,24,0,0,0,0,0
201900014531,19,5,28,595,5,4,9,1,4806052,392450,6,2,10,2,4,4,381,581,2,7,1,54,0,0,0,0,0
201900014532,19,11,12,571,3,6,9,4,4939646,-326796,5,2,31,1,3,4,775,994,3,3,5,97,0,0,0,0,0
201900014533,19,6,27,35,2,4,8,2,4692053,-343809,3,3,16,3,2,3,188,764,4,5,1,10,0,0,0,0,0
201900014534,19,8,18,1755,5,8,9,3,4812779,224464,1,4,34,1,3,2,763,610,9,1,1,92,0,0,0,0,0
201900014535,19,8,12,1838,1,4,6,3,4648696,422909,7,4,39,3,4,1,517,947,1,5,2,70,0,0,0,0,0
201900014536,19,5,18,560,2,1,8,6,4683355,617990,6,1,22,1,2,3,94,468,6,2,5,98,0,0,0,0,0
201900014537,19,11,16,90,2,7,4,5,4604266,-233799,8,1,8,1,4,3,754,323,4,6,3,89,0,0,0,0,0
201900014538,19,5,20,2195,5,1,5,6,4521150,-197901,6,1,26,2,1,1,817,944,6,3,2,26,0,0,0,0,0
201900014539,19,6,12,971,5,8,6,3,4553629,258002,9,1,5,2,3,1,15,771,7,1,2,80,0,0,0,0,0
201900014540,19,8,24,870,5,9,7,7,4439711,288419,6,4,43,1,4,4,660,685,5,2,1,49,0,0,0,0,0
201900014541,19,8,23,2069,5,4,8,1,4544503,448176,1,1,28,1,4,2,89,37,5,4,4,55,0,0,0,0,0
201900014542,19,6,9,1328,4,7,2,4,4761395,696919,2,2,21,2,4,2,48,294,4,6,2,34,0,0,0,0,0
201900014543,19,10,3,1851,5,2,2,1,4900261,615326,1,2,2,3,1,4,671,31,2,4,2,1,0,0,0,0,0
201900014544,19,1,23,288,2,3,9,1,4989122,10206,1,2,40,3,3,1,91,310,9,3,5,66,0,0,0,0,0
201900014545,19,8,7,1212,4,9,7,3,4606290,-340530,7,1,26,3,1,2,452,508,2,4,1,23,0,0,0,0,0
201900014546,19,2,8,1621,3,1,6,7,4486024,108805,6,4,9,3,4,4,118,407,7,4,5,87,0,0,0,0,0
201900014547,19,2,24,2126,2,9,5,1,4801600,399852,5,4,21,3,4,3,220,419,7,1,3,7,0,0,0,0,0
201900014548,19,12,5,1313,4,2,4,4,4861964,647935,1,2,30,1,1,2,409,987,7,5,3,70,0,0,0,0,0
201900014549,19,5,3,546,5,1,1,5,4549844,401558,5,3,15,3,3,2,128,322,1,1,1,77,0,0,0,0,0
201900014550,19,6,16,944,5,6,1,6,4773813,292554,5,2,47,2,3,3,738,109,7,7,3,3,0,0,0,0,0
201900014551,19,3,28,1319,3,4,5,2,4929513,230300,6,1,29,2,4,3,23,630,9,7,5,85,0,0,0,0,0
201900014552,19,6,24,1325,1,6,4,4,4791082,614068,8,4,2,1,2,3,455,525,6,1,4,10,0,0,0,0,0
201900014553,19,8,8,223,5,2,1,6,4901037,252842,2,3,47,2,4,3,846,300,3,3,5,4,0,0,0,0,0
201900014554,19,10,6,1712,5,4,8,3,4732413,402251,7,4,19,2,2,1,10,360,8,5,5,11,0,0,0,0,0
201900014555,19,2,20,2100,5,9,2,6,4459965,-152667,5,3,1,1,4,4,873,654,1,7,5,37,0,0,0,0,0
201900014556,19,12,12,1524,2,2,4,1,4905481,301531,1,4,39,2,2,2,668,581,8,3,3,20,0,0,0,0,0
201900014557,19,6,22,306,4,2,7,5,4451048,458592,8,2,17,1,1,2,694,73,6,1,5,58,0,0,0,0,0
201900014558,19,9,17,268,5,6,3,5,4435015,214665,6,2,39,2,1,1,106,729,8,3,4,68,0,0,0,0,0
201900014559,19,2,1,1081,4,1,3,5,4971166,-203853,2,3,48,2,3,3,502,284,3,7,1,59,0,0,0,0,0
201900014560,19,3,14,872,1,7,3,7,4846074,-96802,1,4,7,2,1,2,815,549,6,6,5,71,0,0,0,0,0
201900014561,19,1,1,337,3,6,6,4,4691412,-132590,2,2,23,2,3,3,740,104,1,2,1,82,0,0,0,0,0
201900014562,19,12,26,1222,1,1,4,5,4773708,-241226,4,4,47,2,4,3,95,401,6,6,1,74,0,0,0,0,0
201900014563,19,10,18,482,2,1,4,2,4797657,-320895,8,3,18,2,3,2,459,789,4,5,3,79,0,0,0,0,0
201900014564,19,5,5,486,5,7,9,7,4864637,-222048,2,3,22,1,2,1,415,933,3,7,2,45,0,0,0,0,0
201900014565,19,3,13,1629,5,7,3,1,4850079,-111171,5,2,31,2,1,3,798,818,5,6,5,75,0,0,0,0,0
201900014566,19,10,7,1771,5,2,1,3,4784396,581836,4,3,38,3,1,1,594,921,7,7,2,30,0,0,0,0,0
201900014567,19,9,22,1383,2,2,5,2,4441808,394688,2,1,8,3,4,3,439,253,9,1,2,4,0,0,0,0,0
201900014568,19,12,22,1347,1,6,3,6,4896647,233114,9,4,46,3,1,3,576,722,1,6,2,12,0,0,0,0,0
201900014569,19,4,1,1740,4,9,1,4,4502499,475271,4,3,35,3,2,4,807,74,4,4,2,45,0,0,0,0,0
201900014570,19,11,17,2308,3,4,2,6,4890154,-291088,9,4,19,2,2,4,745,227,7,6,3,4,0,0,0,0,0
201900014571,19,4,10,799,4,5,8,1,4784920,223214,8,2,47,2,1,3,436,775,4,4,5,3,0,0,0,0,0
201900014572,19,1,11,728,1,3,9,5,4496083,452140,5,4,36,3,2,2,668,639,5,4,3,38,0,0,0,0,0
201900014573,19,12,3,855,4,7,6,6,4540718,584399,7,1,44,3,2,4,478,634,6,4,1,77,0,0,0,0,0
201900014574,19,5,1,2078,2,2,7,2,4911274,-311636,1,1,24,2,2,1,895,756,9,4,4,33,0,0,0,0,0
201900014575,19,9,6,587,5,3,2,6,4838823,171664,5,1,25,2,3,4,655,286,3,5,4,32,0,0,0,0,0
201900014576,19,4,23,408,5,1,2,2,4916879,-229305,7,2,45,3,3,4,801,437,3,6,3,12,0,0,0,0,0
201900014577,19,11,20,1371,5,3,1,6,4701821,-148560,7,1,14,1,4,1,361,540,6,7,1,75,0,0,0,0,0
201900014578,19,4,13,1840,5,5,5,3,4455299,653685,9,4,21,2,2,2,442,790,7,3,2,87,0,0,0,0,0
201900014579,19,2,10,2220,1,5,3,5,4423780,-107511,7,2,33,1,1,4,534,653,3,2,5,11,0,0,0,0,0
201900014580,19,2,22,139,3,2,9,3,4409943,679239,5,3,1,3,2,2,275,881,5,2,2,15,0,0,0,0,0
201900014581,19,6,4,1786,1,6,6,6,4859889,696065,5,1,47,2,2,4,307,842,1,6,1,45,0,0,0,0,0
201900014582,19,5,27,2300,4,1,4,4,4913538,-337387,2,2,18,3,3,2,38,948,4,6,5,64,0,0,0,0,0
201900014583,19,5,6,598,1,1,9,6,4709121,-36182,5,1,47,3,2,4,317,789,7,5,5,27,0,0,0,0,0
201900014584,19,2,27,1024,2,1,6,1,4814332,-241203,6,4,1,1,3,3,610,581,8,4,2,64,0,0,0,0,0
201900014585,19,9,14,2249,4,6,2,6,4626820,-312760,7,1,7,3,3,1,688,203,3,2,3,71,0,0,0,0,0
201900014586,19,12,3,1508,3,6,4,6,4856310,627140,1,1,25,2,4,3,671,231,5,3,1,67,0,0,0,0,0
201900014587,19,6,19,861,3,3,1,6,4407385,595596,8,2,3,1,1,4,536,508,7,5,4,6,0,0,0,0,0
201900014588,19,4,16,501,1,9,1,3,4996869,270082,5,3,15,1,4,4,286,165,2,6,4,49,0,0,0,0,0
201900014589,19,6,1,2115,2,7,6,6,4713995,-199935,9,2,39,2,4,2,891,444,2,4,1,77,0,0,0,0,0
201900014590,19,9,18,60,2,3,5,2,4545297,62821,6,3,22,1,4,2,106,301,2,5,5,15,0,0,0,0,0
201900014591,19,10,16,978,4,7,2,5,4577115,225190,6,2,29,1,1,1,768,312,5,6,3,13,0,0,0,0,0
201900014592,19,4,21,675,5,2,4,7,4782970,56745,5,2,26,3,4,3,197,109,6,2,4,62,0,0,0,0,0
201900014593,19,7,25,369,5,8,9,3,4665928,-341609,1,4,30,2,4,3,857,543,9,7,5,17,0,0,0,0,0
201900014594,19,1,26,1673,4,6,4,2,4803256,263592,2,2,1,2,2,3,575,103,1,6,5,37,0,0,0,0,0
201900014595,19,1,1,805,3,4,3,7,4839080,-350313,5,4,48,3,3,3,429,155,9,3,1,95,0,0,0,0,0
201900014596,19,9,22,523,1,6,2,2,4618517,-62311,7,2,18,3,1,2,596,182,2,5,5,17,0,0,0,0,0
201900014597,19,11,26,499,4,5,2,6,4702668,-45449,6,2,49,1,3,4,366,647,6,6,5,93,0,0,0,0,0
201900014598,19,7,27,951,3,3,6,4,4753268,109174,6,1,45,1,3,3,438,322,7,6,3,31,0,0,0,0,0
201900014599,19,6,24,1574,5,9,4,2,4664958,-220203,3,4,46,1,4,1,861,9,1,7,3,20,0,0,0,0,0
201900014600,19,12,28,814,1,6,9,6,4753441,474739,3,1,3,2,1,3,127,295,6,5,3,32,0,0,0,0,0
201900014601,19,5,2,2156,4,5,5,6,4583725,626289,8,4,11,1,4,4,878,29,9,4,4,52,0,0,0,0,0
201900014602,19,6,26,2098,3,6,1,7,4690992,-281806,7,4,16,1,4,1,15,430,3,5,1,98,0,0,0,0,0
201900014603,19,4,11,794,4,2,8,7,4437309,-266392,9,1,21,2,3,3,452,492,7,1,5,97,0,0,0,0,0
201900014604,19,7,5,899,2,8,2,6,4801040,-148147,5,1,53,2,3,3,651,865,4,5,5,52,0,0,0,0,0
201900014605,19,1,1,1197,3,4,4,7,4674977,607184,2,4,10,2,4,3,28,145,5,2,2,73,0,0,0,0,0
201900014606,19,10,7,2167,2,5,2,7,4625031,86742,2,4,35,1,1,1,591,7,5,6,5,88,0,0,0,0,0
201900014607,19,12,19,1179,3,6,8,3,4649642,113155,2,3,36,3,4,2,801,222,3,1,1,47,0,0,0,0,0
201900014608,19,10,21,182,2,9,1,3,4742866,275175,2,3,40,3,3,4,239,277,1,4,1,71,0,0,0,0,0
201900014609,19,10,13,550,3,3,2,5,4789103,-1156,8,1,17,3,4,2,345,561,6,7,1,23,0,0,0,0,0
201900014610,19,5,13,900,4,2,8,5,4677304,-224201,6,4,44,3,3,2,220,428,8,6,1,15,0,0,0,0,0
201900014611,19,7,3,736,2,3,6,1,4983076,56417,2,1,22,2,1,2,485,441,2,6,4,7,0,0,0,0,0
201900014612,19,9,2,1073,2,4,8,1,4709648,332206,5,4,19,2,3,3,572,185,1,7,5,91,0,0,0,0,0
201900014613,19,10,1,211,2,5,5,6,4672017,594896,6,4,40,3,4,1,204,273,6,1,4,1,0,0,0,0,0
201900014614,19,6,3,2341,1,6,8,1,4827098,452592,7,4,1,3,3,4,208,209,7,6,2,36,0,0,0,0,0
201900014615,19,10,5,2348,4,5,6,4,4856460,569254,2,4,31,3,1,1,359,469,9,6,3,9,0,0,0,0,0
201900014616,19,10,16,580,4,7,9,2,4785904,202308,5,1,19,2,3,3,867,98,8,1,3,63,0,0,0,0,0
201900014617,19,3,2,765,2,1,5,3,4601126,510460,4,2,3,1,3,4,215,731,9,6,1,26,0,0,0,0,0
201900014618,19,11,3,1737,2,3,4,2,4684507,199169,8,4,28,2,3,4,210,870,3,2,1,65,0,0,0,0,0
201900014619,19,5,21,2081,5,9,6,7,4501542,380479,2,1,14,3,4,1,247,513,8,3,4,2,0,0,0,0,0
201900014620,19,3,14,1082,1,9,9,4,4872801,320534,1,1,20,3,4,3,231,547,2,3,4,12,0,0,0,0,0
201900014621,19,5,6,523,5,2,6,1,4449178,553126,1,2,10,2,2,2,444,895,5,5,4,35,0,0,0,0,0
201900014622,19,4,9,581,4,1,5,7,4506050,525051,1,2,51,1,2,4,639,957,2,2,2,76,0,0,0,0,0
201900014623,19,2,27,1187,1,5,6,2,4452879,-20895,2,3,21,1,4,2,527,190,4,7,2,64,0,0,0,0,0
201900014624,19,1,6,1105,3,3,6,6,4536568,526927,8,4,4,3,1,4,468,316,8,3,2,39,0,0,0,0,0
201900014625,19,2,13,1569,5,9,3,4,4789838,433770,3,4,52,1,3,4,726,356,3,1,2,92,0,0,0,0,0
201900014626,19,11,20,241,1,9,8,3,4988343,409545,2,3,53,1,1,4,116,320,5,5,4,65,0,0,0,0,0
201900014627,19,12,7,976,3,2,8,2,4479976,97547,9,1,15,2,3,3,898,440,7,7,2,52,0,0,0,0,0
201900014628,19,2,16,1532,2,2,3,6,4552867,545425,4,1,3,3,3,3,669,509,3,1,4,31,0,0,0,0,0
201900014629,19,4,23,1976,4,7,7,6,4694345,7413,1,3,23,3,3,2,369,357,9,6,2,10,0,0,0,0,0
201900014630,19,1,24,1384,5,1,6,4,4822527,-104672,7,2,3,3,2,3,645,55,2,5,5,23,0,0,0,0,0
201900014631,19,3,18,701,4,1,3,6,4669870,194475,7,3,42,2,1,2,262,693,2,2,4,66,0,0,0,0,0
201900014632,19,6,27,44,1,7,5,4,4663789,-220887,2,4,13,2,3,3,123,98,4,7,1,73,0,0,0,0,0
201900014633,19,8,17,1598,3,7,8,7,4475613,601315,9,1,10,1,1,4,390,163,9,5,5,71,0,0,0,0,0
201900014634,19,6,20,1856,1,7,1,2,4509240,532936,3,4,38,2,1,3,255,818,1,3,4,84,0,0,0,0,0
201900014635,19,6,17,597,3,7,5,7,4816333,10410,6,1,35,3,2,4,185,612,3,3,2,6,0,0,0,0,0
201900014636,19,1,7,2104,4,6,4,2,4876481,335232,7,3,20,1,3,1,894,198,2,7,3,1,0,0,0,0,0
201900014637,19,2,18,2,4,6,3,3,4993714,562635,5,4,22,1,3,3,78,265,5,6,3,71,0,0,0,0,0
201900014638,19,6,15,610,4,7,2,4,4423680,511222,9,4,1,2,1,2,183,892,6,3,2,26,0,0,0,0,0
201900014639,19,4,28,1252,5,3,6,4,4693292,112810,8,1,26,3,1,2,456,235,3,2,2,94,0,0,0,0,0
201900014640,19,8,9,2182,1,9,4,1,4549412,385488,5,1,52,2,1,1,500,733,7,1,4,30,0,0,0,0,0
201900014641,19,9,21,287,3,6,2,1,4609812,-111619,3,1,40,2,2,3,664,358,7,3,2,19,0,0,0,0,0
201900014642,19,4,4,740,1,6,2,1,4643294,-105936,3,2,1,1,3,1,757,105,5,1,2,1,0,0,0,0,0
201900014643,19,12,4,1251,1,9,5,4,4723760,193236,3,3,18,2,3,3,731,946,6,7,2,58,0,0,0,0,0
201900014644,19,3,19,1340,4,9,7,5,4866235,455954,7,1,24,2,1,4,80,753,1,6,4,63,0,0,0,0,0
201900014645,19,6,8,1705,5,2,1,1,4897521,33842,8,1,14,3,1,4,789,373,3,7,1,53,0,0,0,0,0