Num_Acc,an,mois,jour,hrmn,lum,int,atm,col,lat,long,catr,circ,nbv,vosp,prof,plan,lartpc,larrout,surf,infra,situ,env1,unscathed,killed,hospital,light,chance
201900014646,19,6,5,467,2,7,1,1,4591875,-55589,5,3,23,3,2,2,4,357,8,1,5,33,0,0,0,0,0
201900014647,19,4,4,1181,2,1,2,7,4999062,280860,4,3,16,2,1,1,878,787,6,3,3,47,0,0,0,0,0
201900014648,19,10,24,2091,5,3,6,3,4791376,-215960,3,1,36,1,2,4,590,883,8,7,4,74,0,0,0,0,0
201900014649,19,9,24,1766,1,4,4,7,4478357,363333,3,1,38,2,4,4,138,581,9,4,2,48,0,0,0,0,0
201900014650,19,10,23,1760,3,2,9,7,4573720,-249142,1,4,1,3,2,2,770,629,5,6,4,10,0,0,0,0,0
201900014651,19,7,22,1983,1,6,3,6,4586364,438471,4,4,40,3,3,2,568,128,8,6,2,9,0,0,0,0,0
201900014652,19,7,22,531,3,6,1,1,4827768,-308222,4,2,26,2,1,4,398,431,8,5,1,6,0,0,0,0,0
201900014653,19,1,1,1294,2,2,7,7,4885108,-384130,3,1,7,3,3,2,491,245,8,6,4,43,0,0,0,0,0
201900014654,19,1,19,721,5,5,7,1,4417957,2336,7,1,53,1,4,1,452,701,8,1,3,78,0,0,0,0,0
201900014655,19,3,9,1521,4,3,6,6,4761235,645525,3,2,37,3,3,4,246,57,6,4,4,99,0,0,0,0,0
201900014656,19,4,9,1727,2,5,3,3,4927709,213284,8,2,43,3,2,4,841,674,9,2,1,21,0,0,0,0,0
201900014657,19,4,17,1334,2,8,7,5,4895839,-220366,9,4,52,1,4,3,61,419,1,3,2,85,0,0,0,0,0
201900014658,19,8,11,956,1,2,3,4,4466061,-216048,8,4,11,1,3,4,456,651,6,5,5,1,0,0,0,0,0
201900014659,19,1,5,423,4,9,6,2,4715412,142905,5,2,23,1,1,3,839,297,3,1,3,92,0,0,0,0,0
201900014660,19,2,14,565,3,1,6,2,4877368,456957,3,3,0,2,2,2,755,676,9,4,1,57,0,0,0,0,0
201900014661,19,8,8,48,4,9,8,4,4740122,545917,5,3,27,2,3,4,322,351,8,7,3,94,0,0,0,0,0
201900014662,19,2,8,1444,4,1,5,7,4516778,470035,6,1,29,1,4,3,859,916,3,6,1,19,0,0,0,0,0
201900014663,19,10,5,1441,1,6,1,4,4401194,315208,9,2,22,1,3,4,373,993,4,1,5,27,0,0,0,0,0
201900014664,19,6,20,2194,3,6,9,7,4442197,309187,9,1,2,3,3,2,443,189,8,3,4,38,0,0,0,0,0
201900014665,19,6,12,1198,1,7,8,5,4725012,185783,9,2,46,3,2,2,575,347,2,7,1,26,0,0,0,0,0
201900014666,19,11,20,2067,3,9,9,3,4662345,-111022,3,4,51,3,1,1,546,799,3,4,4,65,0,0,0,0,0
201900014667,19,4,22,1816,2,3,6,5,4465594,-230277,3,3,24,1,4,3,102,127,9,6,5,6,0,0,0,0,0
201900014668,19,7,18,209,4,3,8,7,4506084,-138917,4,3,19,3,2,1,349,730,3,7,2,19,0,0,0,0,0
201900014669,19,9,8,1482,4,5,2,5,4443224,-75234,7,4,47,3,2,2,283,495,2,2,4,2,0,0,0,0,0
201900014670,19,7,13,2312,1,2,2,2,4584952,-224800,2,1,8,1,1,1,237,286,1,3,1,31,0,0,0,0,0
201900014671,19,11,6,245,2,3,8,1,4980674,-294416,1,3,43,1,2,4,270,530,9,6,4,62,0,0,0,0,0
201900014672,19,8,10,1981,2,7,8,7,4540527,330826,2,4,10,2,3,2,517,266,9,2,4,97,0,0,0,0,0
201900014673,19,4,4,572,2,8,4,6,4608946,260250,9,3,27,3,2,3,121,302,2,7,2,82,0,0,0,0,0
201900014674,19,10,6,969,2,5,6,7,4495935,-303061,8,2,29,1,4,1,224,498,2,4,4,13,0,0,0,0,0
201900014675,19,8,16,899,3,1,5,5,4654738,39420,7,1,47,2,2,4,860,49,1,5,5,66,0,0,0,0,0
201900014676,19,8,9,1936,3,3,3,7,4563758,463453,7,2,29,3,2,4,241,841,8,1,5,64,0,0,0,0,0
201900014677,19,12,15,277,4,4,5,4,4828857,-90226,5,4,47,3,4,4,784,313,1,7,2,32,0,0,0,0,0
201900014678,19,1,17,1118,5,4,8,3,4512608,-183989,1,3,28,1,2,1,352,45,2,2,5,92,0,0,0,0,0
201900014679,19,12,21,171,5,6,5,7,4578798,238940,2,3,11,2,2,1,845,920,6,2,2,78,0,0,0,0,0
201900014680,19,12,15,618,5,4,1,2,4446177,339095,6,3,34,2,4,4,657,32,7,4,2,21,0,0,0,0,0
201900014681,19,10,21,804,3,3,3,5,4845976,527909,5,1,39,1,4,1,152,147,6,4,5,76,0,0,0,0,0
201900014682,19,8,23,2291,5,4,7,1,4652274,371208,2,3,12,1,2,1,232,335,4,3,2,43,0,0,0,0,0
201900014683,19,3,4,1665,3,3,6,3,4870187,13291,4,3,34,3,4,3,234,867,5,1,3,15,0,0,0,0,0
201900014684,19,3,3,1614,1,7,1,7,4470719,-231836,5,3,9,1,1,3,365,701,2,4,3,92,0,0,0,0,0
201900014685,19,9,6,1313,3,2,1,3,4979535,619054,3,4,42,1,4,2,728,64,7,2,2,28,0,0,0,0,0
201900014686,19,9,25,480,3,8,7,1,4514705,559140,1,2,42,3,4,3,360,670,1,5,1,40,0,0,0,0,0
201900014687,19,10,3,40,3,3,8,6,4987535,-99680,5,2,20,2,3,1,523,234,8,4,2,33,0,0,0,0,0
201900014688,19,7,16,141,4,3,3,4,4490503,-114201,5,4,41,1,2,2,380,215,5,4,3,14,0,0,0,0,0
201900014689,19,11,19,238,3,5,5,3,4972951,266792,8,4,3,1,2,1,143,397,3,4,5,44,0,0,0,0,0
201900014690,19,3,8,2007,2,9,7,3,4773036,-95520,8,3,30,1,3,2,564,853,4,2,2,93,0,0,0,0,0
201900014691,19,4,8,2335,3,4,5,5,4479905,-266669,6,3,51,3,2,4,733,705,6,4,2,1,0,0,0,0,0
201900014692,19,3,24,623,1,9,6,3,4710482,457846,6,1,29,2,4,2,576,459,7,5,2,81,0,0,0,0,0
201900014693,19,4,2,631,3,6,1,5,4782532,-58883,1,3,17,2,1,1,33,330,8,2,3,62,0,0,0,0,0
201900014694,19,8,2,1796,2,6,4,7,4975317,539225,6,3,6,1,4,1,170,837,4,3,3,57,0,0,0,0,0
201900014695,19,6,2,431,3,3,6,3,4566425,479762,5,1,26,2,4,2,875,722,2,7,2,14,0,0,0,0,0
201900014696,19,12,11,824,2,8,2,2,4834166,-374593,2,3,12,3,1,2,841,841,3,3,3,71,0,0,0,0,0
201900014697,19,8,5,633,5,9,4,5,4925747,-62661,6,3,10,2,2,3,678,872,4,5,4,88,0,0,0,0,0
201900014698,19,5,2,1645,5,8,2,3,4416081,-283734,6,3,14,2,1,4,321,560,5,2,4,39,0,0,0,0,0
201900014699,19,7,3,709,2,2,8,4,4772830,523778,2,3,1,1,4,3,413,535,8,4,4,82,0,0,0,0,0
201900014700,19,10,14,1753,4,6,9,4,4554317,431792,1,2,41,3,4,1,255,685,8,1,4,73,0,0,0,0,0
201900014701,19,1,21,510,2,4,7,1,4594479,-118152,4,1,13,3,1,4,293,24,4,7,3,37,0,0,0,0,0
201900014702,19,9,23,241,4,2,2,1,4946382,-317664,3,2,46,2,3,3,345,338,2,7,3,67,0,0,0,0,0
201900014703,19,9,16,1703,2,1,2,7,4686929,-309486,1,4,25,2,2,1,295,599,5,1,1,24,0,0,0,0,0
201900014704,19,5,3,1399,3,7,6,1,4745355,191943,9,3,29,1,1,2,754,332,1,5,5,29,0,0,0,0,0
201900014705,19,8,20,1256,5,3,8,5,4788956,173505,9,2,0,2,1,3,288,915,7,3,5,70,0,0,0,0,0
201900014706,19,7,27,1790,2,4,3,6,4689729,284362,6,3,30,2,1,3,650,354,9,2,2,45,0,0,0,0,0
201900014707,19,12,17,752,4,4,4,4,4870958,616843,1,1,23,1,2,2,377,611,2,5,2,92,0,0,0,0,0
201900014708,19,9,5,1567,2,6,8,1,4661984,114752,8,4,14,2,2,1,174,89,3,6,5,36,0,0,0,0,0
201900014709,19,3,26,1948,4,6,1,7,4848604,553852,4,3,49,3,4,4,394,174,3,2,3,67,0,0,0,0,0
201900014710,19,5,26,1975,5,9,8,5,4526503,-261698,9,2,16,1,1,3,146,380,5,6,5,91,0,0,0,0,0
201900014711,19,11,23,1153,2,6,4,5,4606585,216881,9,2,53,3,2,2,474,299,3,6,4,83,0,0,0,0,0
201900014712,19,7,15,1003,3,2,7,6,4847713,-347695,7,4,22,2,3,2,708,62,5,2,1,30,0,0,0,0,0
201900014713,19,3,28,2151,2,7,4,7,4411250,163508,9,2,12,3,4,3,562,507,7,6,3,95,0,0,0,0,0
201900014714,19,10,28,1687,3,7,4,2,4625861,509554,5,1,39,1,4,3,298,744,4,6,4,62,0,0,0,0,0
201900014715,19,3,3,1335,1,1,5,1,4913073,350346,7,3,13,3,4,4,106,820,8,3,5,20,0,0,0,0,0
201900014716,19,12,20,832,1,4,6,6,4670291,-134036,2,3,43,1,4,1,325,102,5,6,1,84,0,0,0,0,0
201900014717,19,6,13,1540,2,2,1,5,4706903,46397,6,3,18,3,2,4,53,70,2,7,2,79,0,0,0,0,0
201900014718,19,6,23,890,5,8,8,7,4566713,223194,9,3,9,2,3,3,345,723,3,4,2,46,0,0,0,0,0
201900014719,19,11,1,1194,5,6,9,5,4410624,515526,8,4,19,1,1,4,825,450,2,5,4,10,0,0,0,0,0
201900014720,19,5,5,124,1,8,9,3,4471965,4562,4,3,14,1,4,2,831,917,3,3,3,26,0,0,0,0,0
201900014721,19,9,15,1821,3,1,2,1,4493879,612040,5,4,27,1,1,4,389,41,5,7,2,47,0,0,0,0,0
201900014722,19,5,10,1972,5,6,4,6,4730479,589511,9,1,43,2,2,4,903,557,5,6,5,64,0,0,0,0,0
201900014723,19,3,22,572,2,8,8,4,4518698,-285112,7,3,16,2,3,2,159,145,5,4,4,12,0,0,0,0,0
201900014724,19,3,26,2211,2,7,2,5,4661774,-2178,3,4,32,1,4,4,249,371,2,5,3,1,0,0,0,0,0
201900014725,19,8,5,1216,5,6,5,2,4939744,-305390,1,4,30,3,3,4,210,409,7,3,3,43,0,0,0,0,0
201900014726,19,2,11,2196,5,1,7,1,4907550,-41254,2,4,39,3,3,4,94,625,4,7,1,93,0,0,0,0,0
201900014727,19,12,5,52,3,7,6,2,4909245,258936,5,3,19,1,2,2,28,570,6,7,1,6,0,0,0,0,0
201900014728,19,2,20,2131,2,2,4,4,4601304,-54129,6,1,37,3,2,4,611,716,4,7,5,91,0,0,0,0,0
201900014729,19,10,19,327,5,4,9,5,4562381,609367,5,1,1,3,2,3,835,765,3,7,2,41,0,0,0,0,0
201900014730,19,11,20,1406,2,1,5,3,4955652,470373,2,3,11,2,1,3,34,13,8,2,1,6,0,0,0,0,0
201900014731,19,10,28,2014,5,9,5,5,4575289,548763,8,3,28,2,3,2,459,905,6,7,1,65,0,0,0,0,0
201900014732,19,2,4,745,4,6,8,4,4415863,-65234,4,3,25,1,3,1,277,753,7,5,1,10,0,0,0,0,0
201900014733,19,6,22,584,5,1,9,7,4737353,119429,9,1,17,1,3,2,336,825,3,2,5,0,0,0,0,0,0
201900014734,19,2,10,318,2,9,4,1,4597929,644517,1,4,41,2,3,3,525,611,4,3,3,95,0,0,0,0,0
201900014735,19,4,25,564,4,6,7,1,4548357,370506,7,3,30,3,2,3,314,554,9,1,4,30,0,0,0,0,0
201900014736,19,4,2,2021,4,8,8,4,4549451,-268782,5,1,33,1,1,1,790,896,7,2,4,79,0,0,0,0,0
201900014737,19,2,4,99,4,5,1,6,4611227,37160,5,1,21,3,3,2,381,751,1,5,5,46,0,0,0,0,0
201900014738,19,2,6,356,4,1,8,7,4668566,463594,1,1,16,3,2,3,601,591,7,6,2,14,0,0,0,0,0
201900014739,19,9,19,297,1,2,9,6,4680713,146870,8,1,51,3,2,2,377,779,8,2,3,85,0,0,0,0,0
201900014740,19,6,11,1094,3,1,2,2,4578655,15786,2,3,51,2,1,2,493,419,3,1,3,28,0,0,0,0,0
201900014741,19,9,8,2179,4,3,4,1,4619184,-261676,7,4,33,1,4,4,520,713,4,2,2,32,0,0,0,0,0
201900014742,19,5,24,1024,5,8,8,6,4409895,556402,7,4,39,2,4,1,804,609,6,2,1,71,0,0,0,0,0
201900014743,19,1,25,1416,1,7,6,7,4914443,-84395,5,3,44,3,4,2,220,396,2,2,4,97,0,0,0,0,0
201900014744,19,2,14,110,2,3,5,4,4814465,228512,4,1,24,3,1,4,569,718,4,5,4,5,0,0,0,0,0
201900014745,19,10,8,1310,4,2,1,1,4873375,349732,2,3,43,3,1,1,102,305,1,1,3,3,0,0,0,0,0
201900014746,19,8,1,665,2,1,7,2,4411187,125185,4,3,42,3,2,2,324,454,3,4,4,99,0,0,0,0,0
201900014747,19,5,5,1820,3,6,4,4,4783714,381203,8,4,37,3,3,2,107,707,6,7,4,60,0,0,0,0,0
201900014748,19,5,21,1948,2,8,4,2,4849486,-140120,2,2,41,1,3,3,38,20,3,6,5,26,0,0,0,0,0
201900014749,19,12,16,1518,1,3,2,2,4805701,-104544,4,1,53,2,1,3,578,493,8,3,4,77,0,0,0,0,0
201900014750,19,5,11,1578,1,8,8,4,4906398,651139,4,2,16,1,4,4,683,345,7,7,3,32,0,0,0,0,0
201900014751,19,12,25,232,3,1,8,6,4884807,615388,9,3,28,3,2,3,341,991,6,5,2,30,0,0,0,0,0
201900014752,19,2,26,991,4,6,4,2,4513725,53940,6,3,33,3,4,4,729,620,4,6,5,39,0,0,0,0,0
201900014753,19,11,28,1137,4,6,4,3,4935822,-48667,5,3,17,1,2,4,721,352,5,7,5,85,0,0,0,0,0
201900014754,19,2,8,979,1,2,4,3,4644445,-140427,8,3,14,1,2,1,514,104,7,1,4,50,0,0,0,0,0
201900014755,19,11,18,2193,2,1,7,3,4702628,350999,3,2,2,2,3,4,105,914,4,5,5,57,0,0,0,0,0
201900014756,19,10,27,115,3,7,2,1,4422345,578901,9,2,22,2,4,1,81,841,2,2,2,17,0,0,0,0,0
201900014757,19,11,28,279,3,1,6,4,4683255,558750,2,4,0,1,4,2,626,77,3,5,2,95,0,0,0,0,0
201900014758,19,2,1,313,1,8,4,7,4794558,601104,1,3,50,3,4,4,617,604,5,4,4,27,0,0,0,0,0
201900014759,19,11,1,2061,3,2,4,7,4809142,-50012,5,1,49,2,1,1,233,72,6,3,3,11,0,0,0,0,0
201900014760,19,9,26,2187,3,2,4,4,4684098,-220328,9,2,10,3,1,3,9,617,1,3,5,4,0,0,0,0,0
201900014761,19,2,21,1853,3,9,7,6,4543537,86625,6,3,12,2,1,3,791,786,9,2,3,53,0,0,0,0,0
201900014762,19,3,9,615,1,1,3,1,4616228,-116356,9,2,34,3,4,4,742,270,8,3,1,62,0,0,0,0,0
201900014763,19,11,16,2169,1,1,7,7,4956690,482982,7,2,10,2,3,4,907,340,4,6,2,40,0,0,0,0,0
201900014764,19,11,21,43,3,3,2,7,4635747,-317115,1,2,15,1,2,2,57,589,9,5,5,17,0,0,0,0,0
201900014765,19,7,11,1012,1,1,4,3,4997750,-276868,5,1,44,2,1,4,322,260,2,2,3,24,0,0,0,0,0
201900014766,19,12,25,2242,2,3,4,1,4997489,-148059,2,4,16,3,1,1,123,229,1,7,1,21,0,0,0,0,0
201900014767,19,9,8,853,1,4,9,1,4920354,679865,7,4,12,1,4,1,588,668,5,4,4,75,0,0,0,0,0
201900014768,19,1,19,2347,2,9,4,7,4818958,-251366,8,1,20,1,1,1,47,538,3,6,4,4,0,0,0,0,0
201900014769,19,2,21,404,5,8,1,7,4589731,52700,4,4,39,2,4,1,273,110,1,1,1,74,0,0,0,0,0
201900014770,19,8,1,1461,2,3,7,6,4591466,-204557,2,1,13,1,3,3,860,66,9,6,4,56,0,0,0,0,0
201900014771,19,3,13,701,5,5,1,6,4676872,341666,2,2,28,3,4,4,278,370,3,5,5,77,0,0,0,0,0
201900014772,19,6,11,1300,3,9,8,4,4655302,602337,3,1,38,2,3,3,605,440,7,4,4,8,0,0,0,0,0
201900014773,19,10,10,1113,5,6,3,4,4506358,143438,6,2,15,2,2,3,525,963,4,3,1,27,0,0,0,0,0
201900014774,19,9,26,1238,3,1,1,7,4429726,-325812,9,2,42,1,2,3,469,591,9,7,1,39,0,0,0,0,0
201900014775,19,11,19,2304,4,6,5,2,4442075,183697,9,1,24,3,3,3,407,65,4,3,5,31,0,0,0,0,0
201900014776,19,6,6,1759,5,6,8,6,4798246,95503,5,1,20,3,2,3,408,969,6,4,3,78,0,0,0,0,0
201900014777,19,10,27,2293,2,6,9,7,4522992,-14973,2,2,21,1,3,2,494,341,6,1,3,53,0,0,0,0,0
201900014778,19,1,5,1880,2,5,6,5,4499864,699915,3,1,21,1,1,1,178,947,5,7,1,26,0,0,0,0,0
201900014779,19,7,13,259,3,4,5,5,4496229,74798,5,1,50,2,4,4,55,451,5,7,5,59,0,0,0,0,0
201900014780,19,3,22,1997,3,8,3,2,4827096,-206663,4,3,17,1,4,1,289,160,2,3,5,23,0,0,0,0,0
201900014781,19,6,10,1935,2,9,6,2,4685902,93280,2,1,3,2,3,3,688,786,9,4,4,43,0,0,0,0,0
201900014782,19,11,16,2016,3,5,1,7,4662316,21702,8,4,28,2,1,2,769,131,3,4,2,53,0,0,0,0,0
201900014783,19,2,25,63,1,1,3,7,4793120,345699,7,4,50,3,1,3,95,21,9,5,3,11,0,0,0,0,0
201900014784,19,9,18,160,4,6,3,5,4543739,248478,6,4,10,1,2,3,446,524,3,7,4,13,0,0,0,0,0
201900014785,19,1,10,1465,1,1,2,3,4894210,393788,6,1,13,1,3,2,420,582,7,2,2,55,0,0,0,0,0
201900014786,19,12,21,727,5,4,2,3,4983738,-259319,1,4,6,3,1,2,266,403,4,7,3,94,0,0,0,0,0
201900014787,19,8,16,862,3,3,4,4,4531808,30748,1,1,31,2,4,4,412,230,2,5,2,78,0,0,0,0,0
201900014788,19,2,18,915,4,4,3,7,4842977,392487,3,2,41,1,4,3,107,896,3,7,1,27,0,0,0,0,0
201900014789,19,9,1,859,4,6,6,4,4542078,503782,5,1,12,1,4,1,149,886,8,5,1,56,0,0,0,0,0
201900014790,19,11,3,1517,5,1,4,3,4922382,172939,6,4,10,3,1,1,379,542,2,4,3,66,0,0,0,0,0
201900014791,19,1,27,1123,4,9,5,7,4809582,815,6,4,25,1,1,3,827,246,7,1,4,21,0,0,0,0,0
201900014792,19,8,6,165,5,6,4,1,4849689,19816,7,2,52,2,1,1,527,744,7,1,1,15,0,0,0,0,0
201900014793,19,2,19,562,5,4,3,7,4424752,377276,7,4,3,1,4,3,456,783,3,7,2,81,0,0,0,0,0
201900014794,19,1,28,477,1,9,2,5,4561269,578286,7,4,3,1,1,4,380,162,1,6,1,98,0,0,0,0,0
201900014795,19,12,5,205,2,1,5,2,4824168,495596,3,2,27,2,3,3,569,792,1,3,2,29,0,0,0,0,0
201900014796,19,5,3,1128,1,8,9,7,4477801,261262,8,1,28,3,1,1,580,232,2,3,2,97,0,0,0,0,0
201900014797,19,10,5,501,2,3,9,5,4445315,-340893,8,3,36,3,1,3,19,661,7,2,1,92,0,0,0,0,0
201900014798,19,5,28,1565,2,3,8,2,4502531,360931,6,4,4,3,2,2,332,762,6,2,4,18,0,0,0,0,0
201900014799,19,1,25,901,2,5,3,5,4510603,-141174,3,1,35,2,1,3,132,380,5,2,1,67,0,0,0,0,0
201900014800,19,12,6,1685,5,3,3,5,4523558,-232096,6,3,4,1,2,4,516,278,7,5,3,68,0,0,0,0,0
201900014801,19,4,18,1543,4,3,4,3,4962093,612704,8,1,44,1,1,2,315,27,4,5,1,22,0,0,0,0,0
201900014802,19,9,13,2239,3,8,8,3,4705873,221520,6,2,37,1,1,3,211,443,5,1,2,48,0,0,0,0,0
201900014803,19,12,6,2178,4,5,8,5,4669806,328172,9,3,19,3,3,3,188,522,8,2,2,0,0,0,0,0,0
201900014804,19,8,14,273,3,1,7,6,4848789,-129722,4,3,35,1,1,3,717,415,7,6,2,20,0,0,0,0,0
201900014805,19,1,9,243,2,3,7,4,4649323,558873,2,3,7,1,3,1,353,237,9,6,1,71,0,0,0,0,0
201900014806,19,5,15,2288,3,8,7,6,4411371,-327560,7,1,29,2,1,1,506,550,1,7,3,78,0,0,0,0,0
201900014807,19,3,22,19,1,6,9,1,4523297,141316,8,2,24,3,4,2,35,661,1,2,3,34,0,0,0,0,0
201900014808,19,3,25,2329,1,5,3,5,4681363,543341,7,3,44,2,2,2,158,516,8,7,2,95,0,0,0,0,0
201900014809,19,3,14,749,3,5,5,1,4552841,58835,3,2,5,2,3,1,725,692,6,3,4,75,0,0,0,0,0
201900014810,19,1,20,1523,2,7,2,3,4849245,506844,3,4,10,2,3,2,808,10,3,3,1,61,0,0,0,0,0
201900014811,19,1,14,2048,3,7,3,1,4568242,-238890,6,3,16,3,1,1,270,480,8,7,1,58,0,0,0,0,0
201900014812,19,2,19,1278,1,6,8,1,4689347,-153682,6,3,25,1,2,4,377,725,4,3,5,82,0,0,0,0,0
201900014813,19,1,27,1711,5,2,8,3,4439405,-232499,4,2,53,1,1,3,103,739,2,1,1,36,0,0,0,0,0
201900014814,19,2,26,2120,3,2,3,1,4666626,626306,5,1,42,1,4,2,235,469,4,4,1,30,0,0,0,0,0
201900014815,19,1,28,1077,2,4,6,1,4925448,259700,6,2,26,3,2,2,862,504,5,6,1,66,0,0,0,0,0
201900014816,19,6,6,2142,2,4,8,7,4708272,594325,6,2,34,2,2,3,589,978,5,1,4,82,0,0,0,0,0
201900014817,19,9,17,1863,3,5,4,5,4659581,-114910,2,3,53,1,3,3,558,260,5,1,1,15,0,0,0,0,0
201900014818,19,5,18,448,1,1,6,1,4895971,475265,6,1,19,2,1,2,352,993,8,1,3,26,0,0,0,0,0
201900014819,19,8,9,1452,1,9,1,2,4972153,552269,2,1,6,1,1,4,182,799,2,5,3,14,0,0,0,0,0
201900014820,19,2,23,1720,4,9,6,1,4619877,47747,3,2,53,1,1,4,627,780,8,4,3,63,0,0,0,0,0
201900014821,19,3,11,990,4,6,4,1,4746438,-88971,3,2,47,3,3,1,782,155,5,2,3,6,0,0,0,0,0
201900014822,19,2,18,1407,5,4,4,3,4671422,387096,5,1,50,2,3,2,548,140,2,2,1,98,0,0,0,0,0
201900014823,19,5,26,1759,2,9,3,6,4891930,-224171,3,3,42,3,4,2,611,776,8,7,4,41,0,0,0,0,0
201900014824,19,2,14,382,1,5,5,3,4526566,-104759,1,1,44,2,1,4,479,111,5,6,2,42,0,0,0,0,0
201900014825,19,7,7,2121,1,8,6,5,4822988,78358,4,3,46,1,4,4,611,776,6,1,2,14,0,0,0,0,0
201900014826,19,11,2,465,1,5,5,2,4405938,430340,7,4,31,2,1,1,123,648,4,7,5,99,0,0,0,0,0
201900014827,19,6,17,321,1,5,1,4,4426011,611448,6,3,31,1,1,4,82,883,1,6,4,85,0,0,0,0,0
201900014828,19,6,23,294,1,5,5,3,4781485,-180732,9,3,13,2,4,4,262,345,9,5,5,37,0,0,0,0,0
201900014829,19,10,18,1488,1,6,7,1,4470226,-122894,5,1,33,1,3,1,729,515,7,4,4,64,0,0,0,0,0
201900014830,19,10,2,1609,3,9,9,5,4853087,224256,1,1,4,3,3,3,395,629,6,1,1,77,0,0,0,0,0
201900014831,19,10,2,1196,3,4,2,3,4702224,566613,5,3,43,3,1,2,438,618,6,1,5,5,0,0,0,0,0
201900014832,19,6,8,1951,5,5,7,7,4458677,291052,2,2,16,1,3,3,727,461,2,3,4,18,0,0,0,0,0
201900014833,19,11,10,2134,3,7,4,6,4997763,304826,2,3,50,3,4,4,606,923,9,2,1,10,0,0,0,0,0
201900014834,19,6,25,396,3,2,9,3,4868843,-260856,4,1,27,2,1,2,853,624,7,1,4,75,0,0,0,0,0
201900014835,19,11,8,427,1,8,6,6,4826580,598191,9,2,23,3,4,4,567,511,9,4,3,64,0,0,0,0,0
201900014836,19,11,4,1015,5,2,9,2,4955050,285338,6,3,34,2,2,2,629,498,7,3,3,56,0,0,0,0,0
201900014837,19,6,13,1444,4,7,4,3,4498977,118616,3,4,16,1,2,1,104,961,2,2,4,28,0,0,0,0,0
201900014838,19,1,1,1652,5,3,5,1,4919656,138299,2,1,1,2,1,1,552,332,1,3,5,31,0,0,0,0,0
201900014839,19,11,5,1804,2,5,6,2,4985627,-311333,9,1,20,2,3,3,272,687,2,5,1,6,0,0,0,0,0
201900014840,19,6,1,2337,1,8,2,4,4509873,-95668,4,3,9,2,4,3,40,870,9,7,1,23,0,0,0,0,0
201900014841,19,6,1,155,1,6,5,5,4741840,34242,6,4,31,2,4,4,589,417,6,2,5,51,0,0,0,0,0
201900014842,19,6,27,354,5,3,5,4,4891558,408895,4,2,15,1,1,2,356,395,1,2,2,86,0,0,0,0,0
201900014843,19,1,14,1458,5,3,4,5,4583827,351392,5,1,22,1,4,1,857,283,7,2,3,88,0,0,0,0,0
201900014844,19,10,22,614,2,4,8,1,4841625,396738,4,3,17,3,2,4,838,519,9,5,2,29,0,0,0,0,0
201900014845,19,5,4,1739,4,4,4,4,4908627,-292600,4,1,3,2,1,3,151,619,6,6,3,0,0,0,0,0,0
201900014846,19,2,19,1457,1,2,3,3,4891144,28826,9,1,0,1,3,2,310,452,9,2,3,20,0,0,0,0,0
201900014847,19,4,10,457,3,5,6,1,4528803,627316,7,3,12,2,2,1,191,571,9,3,3,32,0,0,0,0,0
201900014848,19,2,21,761,1,4,2,7,4443561,420298,9,2,0,1,2,4,492,90,7,3,4,99,0,0,0,0,0
201900014849,19,8,28,1449,1,7,8,7,4855960,360985,4,4,21,2,1,2,784,251,1,4,5,79,0,0,0,0,0
201900014850,19,10,9,138,2,6,3,3,4619649,531920,4,2,40,2,2,1,94,248,6,4,4,8,0,0,0,0,0
201900014851,19,7,23,1408,2,4,5,7,4936475,-67651,4,4,37,3,4,4,255,923,3,1,3,17,0,0,0,0,0
201900014852,19,12,10,1780,5,4,6,2,4670337,-145163,6,4,48,1,3,4,774,652,3,1,3,37,0,0,0,0,0
201900014853,19,9,11,607,3,6,5,2,4676432,-355742,6,2,4,1,2,2,781,223,3,7,5,16,0,0,0,0,0
201900014854,19,7,24,174,3,3,7,2,4522117,57107,6,3,0,1,1,4,532,604,5,4,1,22,0,0,0,0,0
201900014855,19,10,8,2270,3,8,7,4,4563021,78095,3,3,22,3,4,2,906,539,1,5,5,60,0,0,0,0,0
201900014856,19,9,25,1297,2,6,9,6,4691924,317690,5,3,29,3,2,2,102,301,2,7,3,28,0,0,0,0,0
201900014857,19,10,2,215,1,9,8,6,4865544,-337533,4,4,31,3,4,4,99,979,6,2,3,36,0,0,0,0,0
201900014858,19,3,7,1676,4,2,9,6,4625727,637478,6,2,48,2,2,2,112,602,2,2,2,66,0,0,0,0,0
201900014859,19,7,11,1705,3,2,3,1,4644718,291576,5,3,25,2,4,1,471,100,2,1,2,19,0,0,0,0,0