Num_Acc,an,mois,jour,hrmn,lum,int,atm,col,lat,long,catr,circ,nbv,vosp,prof,plan,lartpc,larrout,surf,infra,situ,env1,unscathed,killed,hospital,light,chance
201900014860,19,8,28,87,5,3,6,2,4538655,-304430,5,2,36,2,1,4,517,833,7,3,2,13,0,0,0,0,0
201900014861,19,12,25,1310,3,5,1,6,4675192,370048,8,1,32,3,4,1,817,401,2,2,2,4,0,0,0,0,0
201900014862,19,10,11,779,2,6,5,2,4494891,-375147,3,1,11,2,1,1,454,99,4,3,4,89,0,0,0,0,0
201900014863,19,4,5,2066,4,3,9,5,4589168,-241869,4,4,44,1,2,3,894,611,3,6,5,28,0,0,0,0,0
201900014864,19,3,21,1333,4,9,3,1,4611059,484821,2,3,40,2,1,2,111,830,5,2,1,25,0,0,0,0,0
201900014865,19,1,28,627,5,9,5,1,4417631,171758,5,2,5,1,1,1,8,635,9,1,3,2,0,0,0,0,0
201900014866,19,2,16,1159,3,6,5,1,4616748,282587,9,2,44,3,4,3,502,711,5,1,4,78,0,0,0,0,0
201900014867,19,2,9,2014,1,3,2,2,4974909,-173135,5,2,17,2,4,2,178,953,7,7,5,78,0,0,0,0,0
201900014868,19,8,26,442,3,8,5,1,4856171,-111235,7,1,50,3,1,3,710,437,7,4,4,71,0,0,0,0,0
201900014869,19,9,21,628,2,2,9,2,4878012,-391374,9,3,22,3,4,3,49,46,3,3,4,65,0,0,0,0,0
201900014870,19,11,22,1089,5,4,1,3,4684139,215950,9,1,11,1,4,3,694,993,8,1,4,97,0,0,0,0,0
201900014871,19,8,15,1053,1,1,1,6,4591144,338706,6,3,32,2,1,3,553,381,3,1,1,67,0,0,0,0,0
201900014872,19,1,21,379,4,8,3,2,4656311,524968,4,1,19,3,2,4,415,888,5,7,4,22,0,0,0,0,0
201900014873,19,1,7,28,4,4,4,2,4565393,-267346,4,3,47,2,3,2,574,787,2,1,4,52,0,0,0,0,0
201900014874,19,3,25,2225,2,7,6,6,4876735,-158111,5,3,27,2,3,3,839,144,5,7,1,49,0,0,0,0,0
201900014875,19,3,5,1892,3,9,3,2,4403719,671424,2,3,5,3,4,3,818,158,9,2,3,17,0,0,0,0,0
201900014876,19,9,7,1485,5,8,7,7,4585566,606139,9,2,40,1,1,1,600,380,4,3,4,24,0,0,0,0,0
201900014877,19,10,11,1521,5,9,5,4,4493566,487168,1,3,51,1,1,4,88,168,4,3,4,36,0,0,0,0,0
201900014878,19,3,16,1330,1,3,5,5,4438695,354910,1,4,46,2,2,3,585,589,8,3,4,87,0,0,0,0,0
201900014879,19,6,25,1800,1,7,8,7,4536791,-113106,5,2,43,3,2,4,229,709,8,2,3,31,0,0,0,0,0
201900014880,19,5,26,1818,1,5,9,7,4454701,-128827,4,3,38,1,4,3,357,866,5,7,4,80,0,0,0,0,0
201900014881,19,11,10,809,3,8,1,7,4881639,271072,3,2,39,3,3,3,335,346,9,1,4,16,0,0,0,0,0
201900014882,19,1,23,439,5,5,3,3,4457424,638791,9,2,29,3,2,3,762,512,5,5,2,76,0,0,0,0,0
201900014883,19,12,24,1915,1,9,7,1,4794557,-43009,2,3,16,2,2,1,245,964,8,6,3,5,0,0,0,0,0
201900014884,19,2,9,281,1,2,4,6,4409913,-177174,1,2,50,3,1,4,222,51,1,4,2,28,0,0,0,0,0
201900014885,19,8,16,675,3,5,8,1,4547493,-169075,3,1,42,1,1,2,435,383,1,5,4,45,0,0,0,0,0
201900014886,19,6,21,33,2,4,7,5,4676998,139423,3,3,23,3,2,2,315,711,5,6,4,88,0,0,0,0,0
201900014887,19,6,23,1456,2,7,1,6,4511558,588427,5,4,34,2,2,1,47,454,6,5,4,80,0,0,0,0,0
201900014888,19,7,5,2246,3,8,6,1,4657149,601492,5,1,51,1,3,1,422,887,4,1,1,30,0,0,0,0,0
201900014889,19,1,10,2115,4,5,9,4,4422120,47931,3,1,47,2,1,3,415,700,4,4,2,69,0,0,0,0,0
201900014890,19,1,28,1969,4,2,3,7,4514720,284651,1,1,43,3,1,3,850,229,4,5,3,91,0,0,0,0,0
201900014891,19,5,1,1631,4,7,4,2,4612574,499001,2,2,50,3,3,3,858,262,6,4,5,93,0,0,0,0,0
201900014892,19,6,1,352,2,6,5,2,4979121,110655,8,4,11,2,3,3,349,222,3,6,5,25,0,0,0,0,0
201900014893,19,7,12,1517,2,3,8,5,4725964,-366428,9,4,14,2,2,4,222,782,5,2,2,38,0,0,0,0,0
201900014894,19,4,25,107,4,3,3,4,4428649,579254,4,4,46,2,4,3,825,42,6,3,2,42,0,0,0,0,0
201900014895,19,2,21,2342,3,8,7,2,4690448,-136286,6,4,22,3,3,3,271,436,4,3,3,49,0,0,0,0,0
201900014896,19,2,14,729,5,7,6,2,4417286,88273,3,3,15,1,4,3,580,951,7,4,3,4,0,0,0,0,0
201900014897,19,2,27,185,3,3,6,5,4605325,-334520,4,4,40,2,2,3,380,191,6,1,2,30,0,0,0,0,0
201900014898,19,3,21,700,3,8,4,3,4703408,-331935,4,3,23,1,4,3,238,559,7,6,4,89,0,0,0,0,0
201900014899,19,7,12,1098,5,9,1,3,4920298,215086,1,4,1,2,4,3,17,502,3,2,2,53,0,0,0,0,0
201900014900,19,3,14,1499,3,3,6,2,4946717,549871,2,4,8,1,3,4,780,302,8,1,4,55,0,0,0,0,0
201900014901,19,9,4,526,4,9,6,2,4443010,31878,4,3,39,3,3,4,46,835,6,3,5,1,0,0,0,0,0
201900014902,19,11,24,1251,1,5,9,4,4939036,243481,7,4,53,2,2,1,850,658,8,4,5,56,0,0,0,0,0
201900014903,19,8,17,416,3,3,8,5,4799488,-64347,5,1,13,3,1,2,869,373,7,1,5,65,0,0,0,0,0
201900014904,19,7,8,1709,5,4,4,4,4764757,277946,5,3,26,1,2,1,568,400,8,2,3,53,0,0,0,0,0
201900014905,19,12,15,1806,5,5,7,5,4574355,-69715,9,4,15,2,2,1,751,849,4,5,5,5,0,0,0,0,0
201900014906,19,8,2,1234,3,3,1,7,4900530,-61126,5,3,25,2,1,2,500,584,9,2,5,39,0,0,0,0,0
201900014907,19,5,2,1526,3,4,3,3,4627932,509073,3,3,18,1,2,4,758,371,7,3,2,91,0,0,0,0,0
201900014908,19,12,28,1946,1,7,1,4,4467385,86827,5,3,24,3,4,4,705,955,2,6,1,12,0,0,0,0,0
201900014909,19,12,12,748,2,5,2,4,4865118,-201504,2,2,4,3,1,4,650,162,4,3,5,73,0,0,0,0,0
201900014910,19,9,12,609,5,7,7,5,4574071,-101155,4,1,52,1,4,1,575,863,8,2,4,66,0,0,0,0,0
201900014911,19,4,18,496,4,9,1,1,4950352,-86534,1,1,4,1,2,2,520,226,5,3,1,4,0,0,0,0,0
201900014912,19,6,27,1807,5,3,2,7,4564576,-173625,7,1,14,1,1,3,560,490,5,1,3,52,0,0,0,0,0
201900014913,19,4,3,611,3,8,1,1,4942227,80219,8,1,28,1,4,4,602,765,9,4,1,69,0,0,0,0,0
201900014914,19,5,7,2283,1,5,2,1,4422592,357075,6,3,19,2,3,3,875,224,5,2,2,97,0,0,0,0,0
201900014915,19,1,23,2103,2,1,6,6,4728871,-97044,6,1,8,2,1,2,858,784,6,4,1,94,0,0,0,0,0
201900014916,19,5,14,510,3,9,3,5,4908046,193746,2,3,12,1,3,1,279,638,3,3,2,9,0,0,0,0,0
201900014917,19,12,4,2077,2,1,4,1,4527092,78156,1,1,30,2,3,3,219,840,9,2,1,0,0,0,0,0,0
201900014918,19,6,21,1895,5,8,3,6,4559168,-396467,8,3,26,2,1,4,593,806,5,7,4,60,0,0,0,0,0
201900014919,19,1,17,2173,4,8,3,2,4941533,391083,9,4,19,2,4,1,25,52,4,6,4,88,0,0,0,0,0
201900014920,19,6,2,1900,3,1,7,4,4630781,-65473,4,3,43,1,4,2,508,685,5,1,3,50,0,0,0,0,0
201900014921,19,5,18,2057,5,7,6,6,4743434,-77729,3,2,1,2,1,2,529,123,8,4,2,12,0,0,0,0,0
201900014922,19,11,17,2270,5,5,4,6,4791745,-67917,7,2,36,2,4,1,675,985,3,1,1,43,0,0,0,0,0
201900014923,19,11,24,364,1,4,9,2,4620688,206310,9,2,51,3,2,3,223,132,4,1,4,44,0,0,0,0,0
201900014924,19,7,12,2323,5,7,3,2,4655747,580427,7,1,15,1,3,3,303,724,6,1,5,26,0,0,0,0,0
201900014925,19,7,1,1652,2,5,6,7,4772761,-118978,8,2,44,3,1,2,709,996,1,3,1,98,0,0,0,0,0
201900014926,19,2,28,523,3,5,2,1,4610167,-200424,4,3,12,2,3,3,573,977,8,4,3,48,0,0,0,0,0
201900014927,19,10,3,1258,3,7,3,2,4639065,404147,9,3,28,3,2,4,720,726,5,2,4,70,0,0,0,0,0
201900014928,19,7,18,1750,2,4,3,7,4836204,-322298,2,2,12,2,4,2,535,467,9,7,5,41,0,0,0,0,0
201900014929,19,9,15,1268,5,1,6,4,4751431,267255,3,2,47,2,4,2,654,781,3,2,5,48,0,0,0,0,0
201900014930,19,8,10,828,3,9,5,2,4744491,-269886,1,2,30,1,3,4,233,41,5,5,2,20,0,0,0,0,0
201900014931,19,2,4,2251,3,3,1,2,4555019,591391,1,4,27,2,1,2,543,581,8,5,1,24,0,0,0,0,0
201900014932,19,10,2,1001,5,4,3,1,4768942,-108341,5,4,4,2,4,3,909,734,4,6,3,54,0,0,0,0,0
201900014933,19,6,8,648,1,1,9,1,4430570,190044,1,2,40,3,4,4,411,502,5,6,3,17,0,0,0,0,0
201900014934,19,10,12,87,2,8,9,2,4446073,-353595,4,2,49,3,2,3,809,180,8,4,1,96,0,0,0,0,0
201900014935,19,8,17,1966,2,6,8,1,4538695,24831,6,3,17,3,1,1,417,651,4,4,1,86,0,0,0,0,0
201900014936,19,11,19,1570,3,7,3,3,4937917,-355074,9,3,33,2,3,1,398,361,8,5,2,1,0,0,0,0,0
201900014937,19,6,2,1054,5,9,5,7,4578989,398128,1,1,7,3,2,2,632,817,8,1,3,73,0,0,0,0,0
201900014938,19,8,7,1435,5,6,6,7,4726936,-360250,8,1,22,3,2,3,674,693,9,6,2,10,0,0,0,0,0
201900014939,19,10,18,1282,5,8,1,5,4929176,-147878,7,2,16,3,2,4,731,448,9,3,5,45,0,0,0,0,0
201900014940,19,11,14,509,5,6,4,6,4765048,488069,5,3,49,3,3,4,237,304,9,2,1,69,0,0,0,0,0
201900014941,19,2,18,557,4,3,2,1,4836333,-90827,9,3,20,2,1,4,332,365,3,6,3,71,0,0,0,0,0
201900014942,19,12,15,501,1,5,1,4,4634907,-363819,1,2,0,2,1,4,235,684,9,4,3,92,0,0,0,0,0
201900014943,19,5,2,1885,2,6,5,3,4661717,218183,7,4,12,2,4,3,424,619,5,3,3,95,0,0,0,0,0
201900014944,19,4,1,237,3,7,5,7,4647856,-266212,7,4,49,3,3,2,200,326,1,2,1,42,0,0,0,0,0
201900014945,19,3,24,1393,1,7,6,1,4683896,688936,3,1,23,3,2,2,567,931,4,5,3,43,0,0,0,0,0
201900014946,19,1,6,1605,3,3,1,3,4498778,-162048,1,4,40,2,1,4,373,208,8,4,4,31,0,0,0,0,0
201900014947,19,1,8,1651,2,3,1,1,4632794,548108,9,2,19,1,1,4,321,401,1,1,5,11,0,0,0,0,0
201900014948,19,7,23,123,3,3,2,7,4619255,-395391,7,1,35,2,3,2,311,969,3,4,2,25,0,0,0,0,0
201900014949,19,11,15,1824,4,8,1,6,4433777,341145,6,4,25,1,2,3,242,557,1,4,3,23,0,0,0,0,0
201900014950,19,5,21,874,3,1,3,7,4562584,400489,6,3,43,1,2,2,294,985,7,6,5,65,0,0,0,0,0
201900014951,19,8,22,1263,5,7,5,2,4996190,560258,2,2,35,1,4,2,440,414,5,5,1,95,0,0,0,0,0
201900014952,19,8,25,1073,2,3,6,7,4537513,23547,3,3,43,2,4,3,893,916,5,4,3,41,0,0,0,0,0
201900014953,19,9,28,2109,2,6,2,1,4699726,643420,9,3,23,2,1,2,306,377,1,1,2,44,0,0,0,0,0
201900014954,19,2,22,817,3,5,9,7,4780130,-353727,3,4,23,3,4,1,838,18,6,2,5,25,0,0,0,0,0
201900014955,19,11,16,156,1,8,5,1,4947902,-86909,9,2,12,1,4,3,838,925,9,2,5,69,0,0,0,0,0
201900014956,19,12,18,1019,5,5,5,6,4639841,-397293,7,1,19,3,2,4,391,49,6,4,3,53,0,0,0,0,0
201900014957,19,3,22,608,1,9,9,7,4969239,-332591,6,1,10,1,2,4,103,197,6,6,3,80,0,0,0,0,0
201900014958,19,2,7,718,2,8,6,2,4660012,-306724,4,2,25,2,1,4,362,598,6,6,3,32,0,0,0,0,0
201900014959,19,3,14,2040,1,6,4,4,4936336,-4917,4,1,10,1,1,1,584,201,7,6,5,42,0,0,0,0,0
201900014960,19,11,8,2031,2,5,9,4,4814292,276875,2,3,39,1,1,3,610,389,3,6,3,11,0,0,0,0,0
201900014961,19,1,18,604,1,8,5,5,4928964,-261971,5,4,30,1,3,1,603,770,8,5,4,52,0,0,0,0,0
201900014962,19,8,10,1803,3,1,3,4,4847829,500643,9,3,15,3,1,1,417,773,8,7,2,80,0,0,0,0,0
201900014963,19,6,12,1942,3,1,8,3,4725951,240064,2,3,22,2,2,2,378,198,8,2,5,30,0,0,0,0,0
201900014964,19,6,9,1213,2,8,1,5,4768058,196877,8,2,19,1,2,2,390,450,8,2,4,99,0,0,0,0,0
201900014965,19,8,26,1384,5,1,8,3,4504008,-137607,2,1,27,1,2,2,29,606,2,4,5,19,0,0,0,0,0
201900014966,19,8,16,1701,2,2,2,7,4684581,454780,5,3,23,2,4,4,701,432,8,6,1,55,0,0,0,0,0
201900014967,19,2,21,1130,5,1,1,7,4681884,-211190,8,4,4,3,2,1,386,717,8,7,1,68,0,0,0,0,0
201900014968,19,7,20,2179,5,2,8,5,4453425,395516,4,1,31,1,1,2,31,200,4,1,3,55,0,0,0,0,0
201900014969,19,1,4,2175,1,1,7,4,4598311,-79484,6,1,46,1,1,2,525,225,5,1,4,29,0,0,0,0,0
201900014970,19,3,10,1384,1,7,2,4,4741978,691517,6,1,9,1,3,1,309,695,5,6,5,89,0,0,0,0,0
201900014971,19,4,18,1561,5,3,2,4,4498972,-257789,2,1,38,3,1,2,630,667,7,4,3,76,0,0,0,0,0
201900014972,19,5,2,1896,5,8,5,5,4980635,352171,4,1,48,1,4,1,6,227,8,2,5,65,0,0,0,0,0
201900014973,19,10,25,2326,4,7,8,1,4511667,97787,6,2,44,1,3,2,797,422,8,6,2,44,0,0,0,0,0
201900014974,19,10,19,56,5,7,1,7,4616149,427245,6,3,35,1,4,2,656,220,5,4,4,81,0,0,0,0,0
201900014975,19,1,1,800,2,9,8,3,4430619,-379510,6,2,39,2,1,2,273,336,1,3,1,95,0,0,0,0,0
201900014976,19,3,4,1419,4,6,3,1,4600312,184534,4,3,13,2,2,4,726,857,3,6,5,38,0,0,0,0,0
201900014977,19,3,6,1018,2,4,9,4,4438926,267262,9,3,34,3,3,2,369,349,9,7,3,7,0,0,0,0,0
201900014978,19,6,11,582,1,8,9,6,4654135,308133,6,1,17,1,2,2,878,673,7,5,2,8,0,0,0,0,0
201900014979,19,4,22,829,5,5,1,7,4829881,656282,2,3,43,2,4,1,467,866,9,6,1,68,0,0,0,0,0
201900014980,19,12,10,969,4,8,2,2,4623761,-312507,8,1,18,2,2,2,246,820,5,3,5,52,0,0,0,0,0
201900014981,19,2,6,880,3,2,5,7,4974583,623486,9,1,20,3,4,4,376,228,4,2,2,65,0,0,0,0,0
201900014982,19,11,13,1637,4,4,9,6,4525398,-91186,6,1,32,1,3,2,233,853,6,5,2,29,0,0,0,0,0
201900014983,19,10,4,24,4,3,2,1,4553839,27975,3,4,44,1,4,2,569,178,3,7,3,80,0,0,0,0,0
201900014984,19,12,23,582,3,6,1,6,4717979,-149614,6,1,19,1,4,4,353,349,4,1,3,1,0,0,0,0,0
201900014985,19,9,25,1325,2,6,2,5,4877749,557191,4,2,48,3,1,4,858,805,8,4,4,70,0,0,0,0,0
201900014986,19,1,13,2085,3,8,6,6,4687468,359458,9,1,8,1,4,1,695,34,5,3,1,40,0,0,0,0,0
201900014987,19,4,25,341,4,2,9,6,4488892,-81671,8,4,48,1,1,1,456,913,3,6,3,33,0,0,0,0,0
201900014988,19,7,1,1794,5,6,1,3,4975202,-76304,6,4,47,2,1,2,445,214,9,3,3,63,0,0,0,0,0
201900014989,19,9,12,1417,1,1,1,5,4744189,166530,7,3,17,3,1,2,435,401,9,6,1,85,0,0,0,0,0
201900014990,19,1,8,2013,4,3,1,3,4587876,106332,3,4,9,1,3,1,825,721,9,2,2,66,0,0,0,0,0
201900014991,19,6,11,290,2,6,2,2,4509773,122091,3,4,32,3,2,1,7,121,9,3,1,41,0,0,0,0,0
201900014992,19,6,19,1629,5,7,5,2,4555609,676806,6,2,36,2,3,2,402,176,2,4,5,20,0,0,0,0,0
201900014993,19,2,12,75,2,3,3,7,4535441,456380,8,3,17,1,2,1,836,43,8,2,4,10,0,0,0,0,0
201900014994,19,4,6,818,2,6,4,6,4510236,186357,8,3,10,2,2,4,108,961,9,7,3,70,0,0,0,0,0
201900014995,19,11,2,700,5,3,4,4,4915886,636514,8,3,49,2,3,2,858,377,4,1,3,44,0,0,0,0,0
201900014996,19,1,22,251,4,5,9,1,4747858,509334,3,4,10,3,3,2,699,186,9,3,4,58,0,0,0,0,0
201900014997,19,4,10,882,2,5,3,2,4431331,674323,9,4,13,2,3,4,200,72,2,3,1,18,0,0,0,0,0
201900014998,19,10,13,439,2,3,4,1,4981905,568520,9,3,47,1,4,3,740,899,5,3,5,82,0,0,0,0,0
201900014999,19,2,10,1149,1,4,9,6,4634695,452436,2,4,27,2,2,4,892,435,2,3,3,67,0,0,0,0,0
201900015000,19,5,1,1310,2,1,4,2,4608285,473819,6,2,13,1,4,4,828,643,3,3,2,5,0,0,0,0,0
201900015001,19,12,25,441,2,4,7,6,4734864,-332556,7,4,19,1,4,4,151,890,8,3,2,40,0,0,0,0,0
201900015002,19,4,1,2132,1,7,8,3,4792926,117126,4,4,3,1,3,3,750,583,7,1,2,70,0,0,0,0,0
201900015003,19,5,23,2080,4,2,1,2,4976254,471505,1,1,48,2,2,4,116,74,1,4,3,92,0,0,0,0,0
201900015004,19,2,2,54,4,4,1,3,4447125,244342,6,1,16,1,4,1,662,994,4,5,3,76,0,0,0,0,0
201900015005,19,4,28,221,4,2,6,4,4920676,273103,8,4,4,3,4,3,159,597,3,2,3,74,0,0,0,0,0
201900015006,19,9,6,1544,2,5,7,6,4726789,-288544,2,4,25,3,2,3,38,247,6,6,2,99,0,0,0,0,0
201900015007,19,10,23,876,5,4,3,4,4462412,136836,7,1,7,3,2,4,520,115,7,3,1,84,0,0,0,0,0
201900015008,19,5,17,748,5,4,5,3,4718546,447341,5,1,43,1,1,3,640,149,3,7,3,25,0,0,0,0,0
201900015009,19,4,19,1392,5,7,9,1,4850380,93028,3,2,41,2,4,4,627,781,8,5,4,3,0,0,0,0,0
201900015010,19,10,18,878,1,1,6,3,4816746,-342343,9,3,25,2,2,1,539,520,8,1,3,27,0,0,0,0,0
201900015011,19,7,22,1736,3,1,6,3,4460323,-200537,6,2,35,2,4,4,626,688,6,2,3,20,0,0,0,0,0
201900015012,19,12,28,286,4,5,7,4,4964115,-200705,9,4,9,1,3,1,372,264,4,7,2,61,0,0,0,0,0
201900015013,19,10,7,1715,1,7,5,4,4615083,682976,9,3,7,1,4,2,701,380,1,5,5,56,0,0,0,0,0
201900015014,19,4,3,2111,1,4,8,6,4402610,97271,7,3,39,2,3,2,675,824,3,7,3,90,0,0,0,0,0
201900015015,19,5,2,53,2,7,6,6,4922190,549820,3,4,7,3,1,1,752,130,2,7,1,2,0,0,0,0,0
201900015016,19,4,3,976,1,8,6,3,4519137,643210,3,3,15,2,4,4,578,262,8,7,5,18,0,0,0,0,0
201900015017,19,12,12,744,4,9,5,2,4731130,58323,3,4,39,2,3,3,452,77,7,5,3,64,0,0,0,0,0
201900015018,19,4,12,613,1,1,6,1,4990292,621852,2,3,5,3,4,4,114,573,2,3,4,16,0,0,0,0,0
201900015019,19,4,17,38,5,5,3,3,4441904,70566,3,3,19,1,1,2,850,716,2,3,2,95,0,0,0,0,0
201900015020,19,1,2,180,5,8,4,4,4619941,-196937,4,1,34,2,4,1,597,670,4,6,4,71,0,0,0,0,0
201900015021,19,3,22,333,1,8,3,1,4486529,-13812,3,2,28,1,1,1,906,472,8,3,2,12,0,0,0,0,0
201900015022,19,2,10,2152,3,3,4,7,4697199,351311,4,2,10,2,2,4,491,966,9,6,3,37,0,0,0,0,0
201900015023,19,9,7,421,3,6,1,5,4813530,48586,4,2,42,3,2,1,878,396,9,2,5,71,0,0,0,0,0
201900015024,19,1,8,643,5,2,8,1,4997478,408530,1,4,21,1,4,3,794,549,6,4,1,20,0,0,0,0,0
201900015025,19,5,17,735,3,8,7,2,4633669,-284512,2,4,27,3,4,1,654,738,9,7,3,93,0,0,0,0,0
201900015026,19,5,24,2030,2,6,4,5,4909042,63034,5,3,41,1,3,4,891,543,1,7,1,89,0,0,0,0,0
201900015027,19,6,19,2276,5,3,5,6,4707609,487492,9,2,8,3,3,3,141,951,4,7,2,58,0,0,0,0,0
201900015028,19,1,2,1443,1,5,2,4,4430787,565710,8,3,17,1,2,3,2,163,7,2,5,65,0,0,0,0,0
201900015029,19,8,28,2254,2,9,8,6,4774464,609113,1,4,14,3,4,4,892,323,8,6,5,97,0,0,0,0,0
201900015030,19,10,27,429,4,6,7,4,4498396,9845,1,4,43,2,2,3,731,608,5,2,3,48,0,0,0,0,0
201900015031,19,7,24,2172,2,2,4,5,4513762,464373,5,4,5,1,2,2,189,143,3,7,4,36,0,0,0,0,0
201900015032,19,7,17,638,1,2,9,3,4670598,574716,7,2,46,2,1,4,687,896,8,3,5,73,0,0,0,0,0
201900015033,19,5,12,367,4,9,3,1,4450580,-117250,8,3,39,1,3,1,575,563,6,2,1,36,0,0,0,0,0
201900015034,19,8,28,40,2,3,2,7,4648522,660495,9,4,0,2,2,2,280,742,1,6,3,93,0,0,0,0,0
201900015035,19,1,4,27,2,1,5,1,4938432,-395596,1,3,15,2,3,4,520,206,1,4,5,98,0,0,0,0,0
201900015036,19,8,10,453,5,8,3,4,4436118,442441,2,3,42,2,3,4,22,369,7,3,4,52,0,0,0,0,0
201900015037,19,5,17,1829,4,6,4,7,4928685,653062,1,3,19,2,2,2,493,75,9,2,2,2,0,0,0,0,0
201900015038,19,12,21,2210,5,7,4,4,4538805,143701,6,3,41,3,2,4,910,255,1,7,1,43,0,0,0,0,0
201900015039,19,2,9,2171,1,5,5,4,4421562,-328708,6,1,18,2,2,3,679,953,4,5,5,70,0,0,0,0,0
201900015040,19,11,10,1219,4,3,4,2,4671799,-102652,4,1,1,3,3,3,629,984,4,7,4,49,0,0,0,0,0
201900015041,19,10,3,1059,3,1,3,5,4913242,438716,6,1,38,2,1,1,282,917,6,2,3,64,0,0,0,0,0
201900015042,19,9,2,92,2,4,5,1,4982181,-188209,4,1,46,2,1,4,161,901,6,4,3,43,0,0,0,0,0
201900015043,19,7,17,708,5,6,7,5,4438471,-359708,3,3,45,3,1,1,731,920,7,4,5,53,0,0,0,0,0
201900015044,19,11,13,1297,4,2,9,5,4774386,-354050,7,1,18,3,2,1,187,710,9,1,5,35,0,0,0,0,0
201900015045,19,4,27,2175,4,6,3,5,4993901,216190,6,3,23,2,3,1,796,448,9,7,1,91,0,0,0,0,0
201900015046,19,5,19,1733,3,9,5,3,4430476,-242694,2,4,7,3,4,2,531,797,3,6,4,51,0,0,0,0,0
201900015047,19,12,13,999,5,3,3,5,4574356,-38192,3,3,10,3,4,4,175,493,4,4,3,33,0,0,0,0,0
201900015048,19,8,21,126,1,8,2,1,4775130,80076,3,3,8,2,2,3,600,88,6,1,5,77,0,0,0,0,0
201900015049,19,9,11,1915,4,5,8,5,4745020,343528,1,4,13,2,1,3,711,410,4,1,3,10,0,0,0,0,0
201900015050,19,4,26,76,1,7,6,2,4629246,19897,9,2,0,2,3,3,18,408,2,7,4,42,0,0,0,0,0
201900015051,19,12,1,1471,3,7,5,7,4437563,-148897,8,4,12,3,4,2,317,643,2,2,3,87,0,0,0,0,0
201900015052,19,6,27,315,5,4,4,5,4601434,363455,4,3,51,1,3,4,53,971,8,1,3,92,0,0,0,0,0
201900015053,19,10,14,285,3,3,5,2,4931555,698722,2,3,36,3,4,3,738,779,3,6,1,3,0,0,0,0,0
201900015054,19,8,6,905,4,2,8,3,4523565,405591,2,4,32,2,2,2,540,159,6,6,4,48,0,0,0,0,0
201900015055,19,2,3,1827,1,4,8,7,4974371,-62170,5,1,39,3,4,3,68,844,9,4,5,61,0,0,0,0,0
201900015056,19,3,22,2187,1,4,3,7,4905306,261302,1,2,12,2,2,2,543,139,5,6,3,96,0,0,0,0,0
201900015057,19,3,28,1521,1,3,4,7,4917245,64823,6,4,44,2,4,1,804,900,9,5,4,20,0,0,0,0,0
201900015058,19,9,18,593,3,6,5,6,4814175,-92506,1,1,52,2,1,1,252,649,4,5,5,61,0,0,0,0,0
201900015059,19,12,26,981,3,9,1,1,4867577,70894,3,3,21,2,1,2,333,509,7,2,1,7,0,0,0,0,0
201900015060,19,4,17,353,4,8,2,4,4802709,-318050,2,2,46,3,2,3,315,539,7,7,5,30,0,0,0,0,0
201900015061,19,11,10,1470,3,5,1,3,4775547,600489,2,4,4,2,2,1,9,668,2,4,3,19,0,0,0,0,0
201900015062,19,8,6,179,3,3,9,7,4566003,518983,5,2,44,2,3,2,457,919,6,7,2,64,0,0,0,0,0
201900015063,19,9,22,1300,1,5,5,2,4581962,468680,9,4,36,3,1,1,884,353,7,7,5,2,0,0,0,0,0
201900015064,19,2,25,1327,3,8,6,6,4802584,655043,7,3,13,3,1,1,369,296,4,6,4,39,0,0,0,0,0
201900015065,19,9,6,1392,4,6,4,2,4795086,-337314,9,1,50,3,3,4,290,958,7,5,3,20,0,0,0,0,0
201900015066,19,8,13,522,1,6,8,7,4935778,-277988,9,4,46,1,3,4,531,285,5,4,5,22,0,0,0,0,0
201900015067,19,3,12,181,5,4,6,1,4425416,-85175,4,2,30,2,4,4,315,647,2,6,5,44,0,0,0,0,0
201900015068,19,6,15,291,1,6,9,6,4972754,88693,9,3,4,1,3,1,666,370,7,1,3,75,0,0,0,0,0
201900015069,19,11,14,1573,2,5,7,1,4527320,624212,6,4,23,2,2,1,651,722,4,6,4,82,0,0,0,0,0
201900015070,19,9,4,931,4,3,4,2,4955622,69223,6,3,49,3,4,3,871,318,2,4,1,98,0,0,0,0,0
201900015071,19,6,20,2025,3,8,2,4,4467169,234565,9,1,35,1,1,1,513,260,6,1,1,55,0,0,0,0,0
201900015072,19,4,13,2240,3,2,3,2,4777073,-4391,9,1,41,3,1,1,571,222,6,1,1,21,0,0,0,0,0
201900015073,19,12,13,471,2,7,9,5,4566292,691666,7,3,3,1,3,1,19,448,2,1,2,59,0,0,0,0,0