Num_Acc,an,mois,jour,hrmn,lum,int,atm,col,lat,long,catr,circ,nbv,vosp,prof,plan,lartpc,larrout,surf,infra,situ,env1,unscathed,killed,hospital,light,chance
201900015288,19,8,1,1253,3,9,3,4,4505679,645422,3,2,45,2,2,2,212,697,8,7,5,44,0,0,0,0,0
201900015289,19,3,25,251,4,6,2,5,4926011,690825,7,2,15,3,2,1,340,813,9,4,1,64,0,0,0,0,0
201900015290,19,6,8,95,2,4,9,1,4454499,673574,6,3,26,1,1,1,708,317,9,3,1,88,0,0,0,0,0
201900015291,19,3,1,1150,4,4,1,1,4992185,8523,4,1,27,3,1,2,888,707,3,6,2,71,0,0,0,0,0
201900015292,19,2,28,1100,2,4,6,7,4775674,-387021,5,3,33,1,2,3,622,781,7,6,2,25,0,0,0,0,0
201900015293,19,10,20,1632,4,8,3,2,4621602,368259,2,4,32,3,3,2,682,823,2,2,4,95,0,0,0,0,0
201900015294,19,6,8,1807,3,8,7,1,4919033,688552,3,4,5,1,1,3,322,927,8,2,1,73,0,0,0,0,0
201900015295,19,9,23,77,2,8,6,5,4892199,166207,5,3,31,2,2,4,159,991,3,3,3,66,0,0,0,0,0
201900015296,19,2,26,263,5,5,1,1,4404282,258986,8,2,17,1,3,2,54,100,4,7,1,81,0,0,0,0,0
201900015297,19,1,7,876,1,7,4,2,4559378,438945,5,3,35,2,4,1,804,71,6,5,3,16,0,0,0,0,0
201900015298,19,8,6,1131,4,1,4,4,4782860,404627,5,4,6,1,3,4,603,538,1,1,3,25,0,0,0,0,0
201900015299,19,10,10,497,1,6,3,5,4955812,-112554,3,2,9,1,2,2,441,238,1,6,3,26,0,0,0,0,0
201900015300,19,5,4,666,5,3,8,3,4507652,-292157,6,3,49,2,1,1,309,212,8,7,2,69,0,0,0,0,0
201900015301,19,11,2,824,2,1,8,4,4527626,644390,8,1,29,1,4,1,801,347,5,6,2,70,0,0,0,0,0
201900015302,19,10,23,1607,1,9,3,6,4796160,-332280,6,3,28,3,1,3,743,580,5,6,2,49,0,0,0,0,0
201900015303,19,7,25,1778,1,6,1,6,4482138,-184671,1,3,32,3,4,3,689,976,5,6,3,85,0,0,0,0,0
201900015304,19,2,1,414,2,9,3,3,4989509,-168122,8,2,50,1,1,1,98,19,4,2,4,24,0,0,0,0,0
201900015305,19,7,28,223,2,4,4,2,4961567,-126057,6,4,48,2,2,1,838,941,7,4,5,36,0,0,0,0,0
201900015306,19,9,24,770,5,5,8,4,4511337,310936,1,1,11,1,1,2,585,77,6,6,1,40,0,0,0,0,0
201900015307,19,2,11,1141,2,9,4,5,4546973,693414,2,1,46,2,3,3,115,946,3,7,4,80,0,0,0,0,0
201900015308,19,6,18,2233,1,3,5,5,4918992,557096,5,2,5,3,4,4,683,628,2,4,3,80,0,0,0,0,0
201900015309,19,8,23,299,2,5,1,3,4944307,-363732,1,4,43,3,2,4,321,257,1,1,2,71,0,0,0,0,0
201900015310,19,4,24,1523,5,4,3,6,4712444,-164557,7,1,16,1,2,1,610,625,2,7,4,6,0,0,0,0,0
201900015311,19,2,25,908,3,7,9,5,4414047,-217452,7,2,34,2,2,4,660,596,5,2,2,26,0,0,0,0,0
201900015312,19,9,20,61,5,8,5,6,4692921,-113336,2,2,17,3,2,1,349,35,5,5,2,60,0,0,0,0,0
201900015313,19,11,10,2030,5,2,5,2,4621157,513715,2,3,37,2,3,4,542,241,4,3,4,88,0,0,0,0,0
201900015314,19,10,9,1234,1,4,8,2,4795489,368861,1,1,41,2,1,1,458,454,8,6,2,78,0,0,0,0,0
201900015315,19,3,21,2319,4,4,7,6,4608353,-169653,5,2,3,3,4,2,90,578,3,4,5,84,0,0,0,0,0
201900015316,19,2,22,972,4,4,5,1,4997105,102636,8,1,13,2,2,4,32,819,7,6,5,98,0,0,0,0,0
201900015317,19,5,25,1532,2,8,8,1,4443084,516406,1,1,0,1,1,4,394,622,7,2,1,2,0,0,0,0,0
201900015318,19,7,5,113,2,9,1,4,4928595,56301,1,3,16,3,2,1,158,545,4,5,2,27,0,0,0,0,0
201900015319,19,2,18,2300,5,4,1,3,4784684,619084,4,4,6,1,3,1,257,786,2,4,1,98,0,0,0,0,0
201900015320,19,5,14,1994,1,8,2,2,4606021,-309502,1,1,51,3,4,2,665,969,6,2,4,97,0,0,0,0,0
201900015321,19,1,21,2032,5,2,9,4,4780901,341108,6,2,27,1,4,2,866,179,2,6,2,13,0,0,0,0,0
201900015322,19,9,25,698,3,1,3,3,4935484,201296,4,1,40,1,3,1,340,620,2,4,2,35,0,0,0,0,0
201900015323,19,8,28,147,3,8,9,7,4793396,654269,9,3,22,2,3,1,116,971,9,7,2,87,0,0,0,0,0
201900015324,19,7,19,1322,2,5,4,1,4406363,-360233,4,3,38,3,1,2,730,940,4,3,1,33,0,0,0,0,0
201900015325,19,7,10,1680,1,2,6,6,4502413,330494,3,1,38,1,2,4,372,95,1,1,2,25,0,0,0,0,0
201900015326,19,8,21,2039,5,7,5,3,4718815,76340,5,3,18,3,1,4,687,194,1,6,5,94,0,0,0,0,0
201900015327,19,10,15,2201,2,3,9,2,4795069,-4962,2,4,23,3,4,2,545,440,3,1,1,94,0,0,0,0,0
201900015328,19,6,10,563,2,9,1,3,4621585,-299146,3,4,15,3,2,2,638,934,7,4,3,65,0,0,0,0,0
201900015329,19,6,12,181,2,5,1,7,4496354,-271188,4,2,22,2,2,1,264,164,9,5,1,48,0,0,0,0,0
201900015330,19,4,5,1426,2,2,7,7,4599060,-148133,5,1,26,3,3,3,292,388,8,1,3,95,0,0,0,0,0
201900015331,19,2,14,1037,1,6,3,4,4439252,403242,8,4,21,1,3,1,880,173,5,5,4,46,0,0,0,0,0
201900015332,19,7,25,891,5,6,1,7,4458473,517576,4,4,33,3,2,3,760,894,5,4,1,98,0,0,0,0,0
201900015333,19,6,6,2160,4,2,6,5,4702689,-242088,3,3,6,1,4,3,107,629,9,4,3,64,0,0,0,0,0
201900015334,19,6,12,2313,5,8,9,2,4710771,-374215,9,4,17,1,1,3,314,445,6,3,5,1,0,0,0,0,0
201900015335,19,7,21,1912,1,5,6,6,4469749,-195938,3,3,18,1,1,4,871,731,6,1,1,37,0,0,0,0,0
201900015336,19,7,8,1416,4,4,6,3,4881073,-352688,2,4,43,2,2,4,882,656,3,6,1,43,0,0,0,0,0
201900015337,19,2,24,1032,5,2,3,1,4499423,-191102,4,1,43,2,1,3,866,231,3,5,3,88,0,0,0,0,0
201900015338,19,8,5,1688,4,4,7,1,4936687,587047,6,1,3,2,4,4,409,571,1,3,5,98,0,0,0,0,0
201900015339,19,9,3,1488,3,3,8,4,4845736,-277652,2,4,42,2,3,4,754,738,7,2,3,67,0,0,0,0,0
201900015340,19,8,24,1236,3,1,3,3,4798617,335978,2,1,26,3,4,1,579,519,7,3,3,15,0,0,0,0,0
201900015341,19,11,15,983,3,1,1,4,4829424,-283741,3,2,49,2,1,4,90,7,5,7,3,57,0,0,0,0,0
201900015342,19,11,20,785,1,4,4,5,4886572,-177445,9,1,17,3,3,1,589,758,6,1,3,39,0,0,0,0,0
201900015343,19,11,26,1564,2,4,6,3,4898507,-101704,7,1,44,1,1,2,560,581,8,1,4,69,0,0,0,0,0
201900015344,19,10,15,392,2,8,9,5,4812257,290845,3,1,6,1,4,4,437,668,9,2,2,36,0,0,0,0,0
201900015345,19,6,26,684,5,3,9,4,4804710,590336,5,2,35,2,2,1,268,516,3,6,4,39,0,0,0,0,0
201900015346,19,3,11,400,4,1,9,3,4864674,46128,4,2,14,1,3,4,208,905,4,5,1,36,0,0,0,0,0
201900015347,19,9,2,1655,4,7,7,1,4775846,687981,4,4,20,1,4,3,328,623,8,4,3,99,0,0,0,0,0
201900015348,19,6,15,669,5,2,7,2,4466336,86124,8,3,40,1,2,3,347,402,7,2,4,61,0,0,0,0,0
201900015349,19,9,10,340,3,4,9,1,4560469,108801,4,2,12,3,1,4,257,373,8,4,3,86,0,0,0,0,0
201900015350,19,8,2,529,1,9,2,1,4824175,-327871,7,3,39,2,4,4,737,34,9,4,1,40,0,0,0,0,0
201900015351,19,8,26,1251,2,7,6,7,4691698,361974,6,2,52,1,3,3,201,261,1,7,5,33,0,0,0,0,0
201900015352,19,2,10,234,4,8,6,6,4993515,287780,4,1,41,1,2,3,316,208,7,6,2,28,0,0,0,0,0
201900015353,19,7,25,1052,2,6,4,6,4814726,-349937,6,3,20,3,1,1,447,941,7,4,1,90,0,0,0,0,0
201900015354,19,12,18,282,3,2,8,7,4903160,669735,8,2,30,3,2,3,171,35,7,5,5,47,0,0,0,0,0
201900015355,19,12,22,2119,2,3,5,6,4707625,-215035,2,3,23,2,4,2,813,504,7,3,4,40,0,0,0,0,0
201900015356,19,8,2,2202,5,1,7,2,4627885,635178,5,1,1,3,2,2,229,478,5,3,3,98,0,0,0,0,0
201900015357,19,10,8,1656,4,8,5,7,4788937,61460,6,3,19,2,4,4,556,717,3,6,2,92,0,0,0,0,0
201900015358,19,9,10,1933,5,8,1,4,4651125,551393,2,2,33,2,2,3,403,670,2,7,3,60,0,0,0,0,0
201900015359,19,3,1,277,4,5,3,3,4594814,-329212,7,4,37,1,4,4,525,417,6,1,3,76,0,0,0,0,0
201900015360,19,5,10,488,3,6,4,7,4581254,367610,6,2,52,1,1,1,195,466,2,5,1,8,0,0,0,0,0
201900015361,19,1,16,1218,4,4,6,7,4538134,660513,8,4,41,3,1,3,333,421,7,1,4,62,0,0,0,0,0
201900015362,19,8,12,1477,4,6,2,1,4634137,-370006,7,3,17,1,3,3,457,222,7,2,4,42,0,0,0,0,0
201900015363,19,4,13,2226,3,6,5,5,4421165,310745,4,2,6,3,3,3,442,805,2,1,4,65,0,0,0,0,0
201900015364,19,8,17,2337,3,5,4,4,4430494,392100,6,2,31,1,4,4,887,914,5,4,2,23,0,0,0,0,0
201900015365,19,5,13,879,3,7,9,2,4412464,216482,8,1,3,3,1,3,282,870,8,2,5,53,0,0,0,0,0
201900015366,19,3,16,2345,5,1,3,3,4678364,534434,6,3,4,1,3,1,172,955,5,2,5,44,0,0,0,0,0
201900015367,19,7,8,886,3,2,9,5,4477796,254899,2,3,46,2,4,1,527,22,4,2,1,2,0,0,0,0,0
201900015368,19,12,21,877,1,4,1,7,4797257,-68898,3,3,49,1,2,2,325,640,7,1,5,99,0,0,0,0,0
201900015369,19,2,20,169,1,2,4,2,4563203,469463,2,2,28,1,1,4,735,104,1,7,4,85,0,0,0,0,0
201900015370,19,2,12,665,1,6,2,4,4924236,559683,8,4,25,2,3,3,864,628,9,2,3,18,0,0,0,0,0
201900015371,19,8,13,245,3,1,5,1,4541283,582868,2,4,50,1,3,1,729,225,5,3,4,80,0,0,0,0,0
201900015372,19,4,3,2324,1,3,3,7,4685266,420065,3,3,30,1,2,1,713,757,6,7,4,86,0,0,0,0,0
201900015373,19,1,15,393,5,7,8,6,4416964,449530,3,1,1,1,1,1,750,596,2,3,5,45,0,0,0,0,0
201900015374,19,9,12,79,3,4,2,3,4708032,173062,6,2,35,1,1,2,691,346,7,7,3,71,0,0,0,0,0
201900015375,19,10,11,1486,3,7,5,4,4881390,504815,4,3,44,1,2,2,759,509,1,6,2,55,0,0,0,0,0
201900015376,19,3,14,1486,3,2,8,3,4942450,-363903,1,4,32,1,3,2,626,288,8,5,1,65,0,0,0,0,0
201900015377,19,7,7,1024,1,7,6,4,4565924,-23813,8,3,1,3,1,4,891,263,6,3,1,32,0,0,0,0,0
201900015378,19,7,6,294,1,6,1,5,4901061,-191809,3,2,12,1,1,4,451,702,9,4,1,95,0,0,0,0,0
201900015379,19,5,27,376,5,1,8,5,4867306,-229173,7,3,35,3,1,2,24,74,8,1,5,45,0,0,0,0,0
201900015380,19,9,20,2156,1,2,2,3,4472653,697507,2,3,36,2,1,1,479,421,6,2,3,47,0,0,0,0,0
201900015381,19,7,7,863,3,8,9,3,4960518,166366,9,4,29,2,3,4,731,612,9,7,2,95,0,0,0,0,0
201900015382,19,4,16,1592,3,8,9,3,4969594,-390518,1,3,27,2,2,1,593,661,7,4,4,44,0,0,0,0,0
201900015383,19,8,27,1333,3,3,2,3,4403518,607503,6,4,17,2,2,2,641,287,2,3,3,20,0,0,0,0,0
201900015384,19,2,15,949,1,7,1,4,4626522,-246067,3,3,46,1,1,1,529,703,7,6,3,90,0,0,0,0,0
201900015385,19,12,15,486,3,9,5,2,4669385,63086,4,3,13,1,2,4,229,846,5,6,3,65,0,0,0,0,0
201900015386,19,5,24,1155,1,7,5,5,4617358,-91592,7,1,6,1,4,4,716,154,3,3,3,81,0,0,0,0,0
201900015387,19,3,8,1079,2,6,2,6,4487831,-226159,7,1,39,1,3,3,49,760,2,5,5,46,0,0,0,0,0
201900015388,19,5,8,2039,4,7,1,3,4894268,-148489,7,2,6,1,4,3,147,637,7,4,4,98,0,0,0,0,0
201900015389,19,4,21,2074,4,3,7,7,4525755,395747,1,3,44,2,4,2,453,406,1,2,3,50,0,0,0,0,0
201900015390,19,6,22,1684,1,8,5,2,4793636,533080,5,2,13,1,3,3,55,347,6,5,3,34,0,0,0,0,0
201900015391,19,8,7,1833,1,3,4,5,4635368,-118409,8,1,27,3,3,1,610,572,5,5,4,83,0,0,0,0,0
201900015392,19,6,2,714,2,9,3,6,4983984,354878,6,2,24,3,1,1,780,101,2,4,2,63,0,0,0,0,0
201900015393,19,2,9,626,3,8,2,4,4616619,67750,8,1,48,1,3,4,801,279,4,5,2,31,0,0,0,0,0
201900015394,19,6,23,338,1,6,2,5,4785231,-158677,2,4,15,2,2,3,186,376,8,2,5,70,0,0,0,0,0
201900015395,19,9,10,779,5,9,6,5,4775233,-205929,7,3,16,3,1,4,737,711,9,5,1,74,0,0,0,0,0
201900015396,19,8,24,1143,4,9,2,1,4873704,340406,9,4,46,2,2,4,812,214,2,2,1,41,0,0,0,0,0
201900015397,19,8,13,1440,5,4,8,7,4431803,-270488,9,3,16,3,2,1,180,751,7,6,5,41,0,0,0,0,0
201900015398,19,10,2,1084,2,7,2,3,4983066,364418,5,3,14,1,4,1,447,152,4,5,2,36,0,0,0,0,0
201900015399,19,11,11,2303,5,9,6,5,4623660,-69612,1,4,3,1,2,2,334,2,9,4,3,82,0,0,0,0,0
201900015400,19,12,7,303,3,4,3,5,4783237,73143,9,3,43,1,3,4,112,937,6,4,4,92,0,0,0,0,0
201900015401,19,12,10,1085,1,7,7,5,4797668,55795,4,1,9,2,4,4,715,996,5,5,4,74,0,0,0,0,0
201900015402,19,3,3,1988,1,7,3,6,4606472,-323885,5,1,1,1,3,1,814,818,1,1,5,20,0,0,0,0,0
201900015403,19,8,18,143,3,7,9,4,4852315,669938,2,2,27,3,3,3,703,803,3,3,2,8,0,0,0,0,0
201900015404,19,8,10,1748,4,2,6,3,4833019,-226806,6,2,7,2,3,3,166,511,4,5,2,98,0,0,0,0,0
201900015405,19,1,28,1028,1,2,5,5,4547233,-395868,9,4,50,3,2,1,356,821,1,3,4,2,0,0,0,0,0
201900015406,19,11,17,118,1,9,9,1,4784668,560383,8,3,12,3,3,1,675,199,9,2,4,93,0,0,0,0,0
201900015407,19,3,14,1119,1,6,4,5,4543140,-266946,4,4,17,2,2,1,467,327,7,4,3,16,0,0,0,0,0
201900015408,19,1,10,1576,5,2,8,4,4656293,18832,9,2,4,2,4,2,897,477,8,4,3,69,0,0,0,0,0
201900015409,19,3,5,2132,2,5,8,3,4440679,97882,2,2,42,1,1,2,479,198,1,6,3,21,0,0,0,0,0
201900015410,19,9,16,1034,2,5,9,7,4616727,-48902,3,2,0,3,3,4,113,547,4,7,2,9,0,0,0,0,0
201900015411,19,10,11,1901,2,3,5,5,4527015,-382868,5,1,41,1,1,4,76,178,8,3,5,64,0,0,0,0,0
201900015412,19,11,23,1273,2,5,8,7,4527362,-188581,9,3,50,2,1,4,551,429,3,7,2,74,0,0,0,0,0
201900015413,19,1,26,1917,1,5,6,6,4642748,-370893,2,4,35,2,3,3,601,802,4,3,4,67,0,0,0,0,0
201900015414,19,5,28,1946,1,6,4,5,4754516,517272,5,4,18,1,1,1,118,152,7,6,2,29,0,0,0,0,0
201900015415,19,5,12,286,3,3,6,5,4776954,-132996,2,2,53,1,1,1,43,785,3,6,2,4,0,0,0,0,0
201900015416,19,1,24,1743,1,5,9,4,4752549,-162069,8,2,22,1,1,2,765,933,4,4,5,59,0,0,0,0,0
201900015417,19,11,9,1031,2,3,4,6,4558262,-388268,3,1,29,1,3,2,414,23,7,5,5,42,0,0,0,0,0
201900015418,19,6,16,2276,3,3,3,6,4527066,403666,6,4,20,1,3,1,694,163,2,2,4,50,0,0,0,0,0
201900015419,19,3,26,487,3,8,6,3,4833495,-122207,3,3,40,2,2,4,328,310,1,6,1,11,0,0,0,0,0
201900015420,19,10,5,978,1,2,4,1,4748153,484449,1,1,18,3,2,3,287,706,4,6,3,47,0,0,0,0,0
201900015421,19,10,10,1640,5,1,8,1,4848634,-176406,3,2,41,3,4,1,468,468,6,1,3,60,0,0,0,0,0
201900015422,19,9,26,1998,3,8,4,4,4846971,21747,2,2,8,2,2,1,83,370,5,2,3,0,0,0,0,0,0
201900015423,19,2,14,355,4,5,6,4,4530591,319618,8,2,20,3,1,4,675,956,6,6,1,40,0,0,0,0,0
201900015424,19,10,28,1287,4,7,6,7,4632040,470801,6,4,14,2,1,2,137,280,7,4,1,62,0,0,0,0,0
201900015425,19,5,21,2164,3,3,4,5,4409358,232471,3,4,4,1,3,2,826,69,4,3,2,30,0,0,0,0,0
201900015426,19,10,23,537,2,9,2,6,4830333,144785,7,2,3,2,4,2,763,879,9,7,3,5,0,0,0,0,0
201900015427,19,8,20,2221,1,7,3,6,4551390,-207826,6,2,44,1,2,1,13,539,1,7,2,31,0,0,0,0,0
201900015428,19,11,24,2166,1,2,4,2,4729424,361802,3,4,36,1,2,2,451,480,3,3,2,41,0,0,0,0,0
201900015429,19,12,20,621,5,3,1,2,4400553,-95393,4,1,30,2,4,1,578,804,8,4,1,75,0,0,0,0,0
201900015430,19,12,28,574,4,9,1,7,4481099,-357875,1,2,47,2,2,4,437,706,3,4,2,6,0,0,0,0,0
201900015431,19,7,12,2225,5,5,8,5,4859885,587728,8,2,6,3,4,3,6,775,4,5,1,3,0,0,0,0,0
201900015432,19,6,1,926,1,2,4,5,4523360,621698,4,4,20,1,3,3,811,732,8,1,3,30,0,0,0,0,0
201900015433,19,3,18,1943,1,9,3,4,4837051,-327498,7,3,6,2,3,2,162,502,4,3,1,13,0,0,0,0,0
201900015434,19,4,6,2229,1,5,8,3,4493537,474863,3,1,12,1,2,4,388,612,1,7,4,55,0,0,0,0,0
201900015435,19,8,9,25,4,4,1,5,4822337,-210479,2,2,21,3,1,4,358,937,7,2,2,91,0,0,0,0,0
201900015436,19,10,12,1430,3,1,5,4,4852296,364434,5,1,23,2,1,1,622,613,2,2,1,80,0,0,0,0,0
201900015437,19,5,8,664,3,3,3,3,4883158,-226852,5,3,13,1,3,1,268,984,7,2,5,57,0,0,0,0,0
201900015438,19,1,11,788,2,6,9,6,4554715,-377239,9,2,28,2,1,2,488,64,4,6,5,54,0,0,0,0,0
201900015439,19,2,10,2019,4,3,5,2,4756562,-39212,6,1,9,1,1,2,453,658,2,6,4,17,0,0,0,0,0
201900015440,19,1,21,1155,1,7,8,2,4549034,-204121,9,1,0,3,3,2,305,734,7,2,4,43,0,0,0,0,0
201900015441,19,5,21,1907,3,6,8,4,4840239,516524,4,3,23,1,3,3,611,4,6,2,2,32,0,0,0,0,0
201900015442,19,12,10,2311,5,4,1,5,4895307,5055,7,2,44,1,4,1,349,321,1,1,1,87,0,0,0,0,0
201900015443,19,7,12,798,3,9,7,2,4906966,486806,5,2,39,3,3,2,662,605,7,6,2,51,0,0,0,0,0
201900015444,19,1,5,519,1,3,2,5,4976789,-188075,4,3,7,2,4,3,692,460,1,3,2,85,0,0,0,0,0
201900015445,19,7,27,1535,3,1,8,3,4883359,417011,1,1,40,1,3,1,813,931,3,1,2,27,0,0,0,0,0
201900015446,19,6,28,2192,3,4,1,7,4549767,245935,6,4,48,1,2,2,480,102,6,4,1,16,0,0,0,0,0
201900015447,19,6,21,1030,4,3,4,3,4514038,-3307,2,2,15,3,4,2,567,277,5,4,4,79,0,0,0,0,0
201900015448,19,4,25,998,5,8,3,7,4845185,419172,5,4,45,2,2,1,71,114,1,5,5,8,0,0,0,0,0
201900015449,19,3,4,2103,4,6,9,2,4777877,423351,7,4,6,1,2,1,899,332,2,3,4,3,0,0,0,0,0
201900015450,19,3,10,285,3,5,2,6,4756209,634153,2,2,14,1,2,3,284,327,7,7,3,88,0,0,0,0,0
201900015451,19,5,22,54,4,6,5,3,4760984,-362079,3,3,16,1,2,1,116,829,1,5,1,57,0,0,0,0,0
201900015452,19,7,5,2195,2,7,1,7,4882843,177017,8,4,1,1,1,3,564,898,2,1,2,50,0,0,0,0,0
201900015453,19,12,19,478,2,7,5,7,4496222,-345862,5,1,38,2,2,1,414,779,6,6,5,45,0,0,0,0,0
201900015454,19,4,4,1006,3,5,7,2,4860524,365824,9,2,23,3,2,2,290,49,2,1,2,15,0,0,0,0,0
201900015455,19,1,21,15,5,1,3,2,4967413,-205869,8,1,0,3,3,4,746,366,4,3,4,7,0,0,0,0,0
201900015456,19,10,3,1028,1,6,9,1,4999169,455925,3,1,46,1,4,1,100,644,5,6,3,77,0,0,0,0,0
201900015457,19,11,13,938,4,5,6,3,4794501,-293613,4,2,22,1,4,3,236,197,2,6,3,42,0,0,0,0,0
201900015458,19,10,17,1667,4,4,9,1,4773319,-162383,8,4,2,3,1,4,172,961,4,4,2,68,0,0,0,0,0
201900015459,19,8,17,1285,3,4,2,4,4679663,81145,9,1,51,2,1,2,371,288,5,4,4,54,0,0,0,0,0
201900015460,19,7,23,2221,2,2,6,7,4538691,455143,3,4,10,2,2,1,14,187,1,3,4,99,0,0,0,0,0
201900015461,19,2,14,577,3,4,7,5,4816724,-356073,4,3,4,1,1,2,688,524,8,3,3,58,0,0,0,0,0
201900015462,19,7,12,2094,4,9,9,6,4689029,-79510,7,3,39,3,4,1,843,817,5,5,2,82,0,0,0,0,0
201900015463,19,7,20,2274,1,8,2,4,4993109,-372156,2,1,48,1,2,2,10,241,2,2,3,97,0,0,0,0,0
201900015464,19,8,24,2146,4,1,7,1,4438701,570031,7,3,36,1,4,4,151,352,8,2,3,97,0,0,0,0,0
201900015465,19,8,10,683,1,2,3,3,4847206,24249,2,4,48,3,3,3,196,958,3,3,3,82,0,0,0,0,0
201900015466,19,4,8,628,2,9,4,3,4716028,564028,2,2,10,3,4,1,899,13,4,1,4,35,0,0,0,0,0
201900015467,19,2,23,1774,2,6,7,5,4456996,62617,1,3,1,3,4,3,350,511,2,4,4,53,0,0,0,0,0
201900015468,19,3,12,1834,4,2,7,1,4967277,449757,3,3,49,3,3,4,755,355,7,3,4,24,0,0,0,0,0
201900015469,19,7,8,427,2,9,7,6,4547058,374435,7,2,49,3,1,2,693,886,8,3,5,51,0,0,0,0,0
201900015470,19,12,1,1471,4,7,1,5,4477337,-312611,2,3,44,1,1,1,648,945,9,2,4,72,0,0,0,0,0
201900015471,19,12,26,1069,5,4,1,3,4986196,-184828,2,4,6,3,1,2,470,9,8,2,5,7,0,0,0,0,0
201900015472,19,7,9,2197,3,7,8,7,4963426,-233296,1,2,23,3,4,1,883,605,7,4,5,0,0,0,0,0,0
201900015473,19,1,4,1037,2,1,6,1,4998148,4568,3,2,52,3,3,3,157,601,3,1,1,9,0,0,0,0,0
201900015474,19,10,24,1804,1,4,2,5,4544092,-320508,6,3,39,3,2,3,784,89,3,2,4,81,0,0,0,0,0
201900015475,19,3,14,1954,5,3,8,1,4981836,-68406,4,2,46,2,4,1,895,928,3,1,2,96,0,0,0,0,0
201900015476,19,8,14,1901,1,1,7,7,4696446,314638,4,2,44,3,4,3,376,574,6,2,2,51,0,0,0,0,0
201900015477,19,6,18,1737,3,4,6,6,4986420,-338162,2,1,5,1,2,2,886,128,7,5,5,65,0,0,0,0,0
201900015478,19,9,10,1132,3,7,3,3,4531798,364791,9,1,16,1,4,2,793,498,5,4,3,85,0,0,0,0,0
201900015479,19,5,19,2326,4,5,5,4,4473666,-183650,1,1,46,2,4,1,211,501,9,7,2,44,0,0,0,0,0
201900015480,19,10,7,1243,3,6,1,3,4815042,120486,3,3,32,1,1,3,701,384,1,4,5,11,0,0,0,0,0
201900015481,19,12,20,348,5,9,8,3,4552117,35549,6,3,13,3,4,2,61,478,2,2,3,38,0,0,0,0,0
201900015482,19,7,25,876,1,5,3,5,4843235,-69540,4,4,37,1,4,4,732,784,9,1,3,44,0,0,0,0,0
201900015483,19,6,15,1162,2,8,2,7,4664830,659910,7,4,45,1,3,3,646,396,5,6,1,79,0,0,0,0,0
201900015484,19,4,15,1514,1,6,2,6,4527303,-77561,3,4,31,1,1,3,553,68,3,2,3,40,0,0,0,0,0
201900015485,19,3,22,2349,3,3,9,3,4633424,12138,9,4,31,3,2,2,887,131,4,4,2,38,0,0,0,0,0
201900015486,19,2,25,243,4,9,8,5,4824185,30629,4,4,9,2,1,3,134,365,5,5,3,88,0,0,0,0,0
201900015487,19,5,1,1492,1,3,5,5,4838669,326141,1,3,19,3,4,3,868,24,1,7,5,81,0,0,0,0,0
201900015488,19,9,11,2088,2,8,7,1,4554553,594604,3,4,51,3,1,1,365,86,5,4,1,38,0,0,0,0,0
201900015489,19,11,7,952,4,2,3,5,4821167,35294,5,2,1,1,2,3,601,608,4,2,1,95,0,0,0,0,0
201900015490,19,3,18,568,4,4,6,6,4601411,411689,1,3,33,1,1,1,822,40,3,1,1,96,0,0,0,0,0
201900015491,19,8,2,1393,3,9,2,1,4431484,512707,9,4,46,1,4,4,557,772,5,1,2,94,0,0,0,0,0
201900015492,19,8,15,796,5,2,9,6,4740739,270703,1,1,10,3,2,3,608,94,5,6,5,13,0,0,0,0,0
201900015493,19,11,1,21,5,5,5,5,4617023,572370,6,1,44,3,3,3,895,91,2,2,1,27,0,0,0,0,0
201900015494,19,12,17,409,2,3,3,5,4878162,251597,9,1,47,1,1,1,287,630,9,3,4,53,0,0,0,0,0
201900015495,19,2,13,435,3,1,1,2,4717050,541464,6,1,9,1,4,3,447,972,5,7,5,84,0,0,0,0,0
201900015496,19,5,16,572,5,3,9,5,4716098,442887,4,1,19,3,4,2,676,647,3,2,3,90,0,0,0,0,0
201900015497,19,9,11,931,2,1,4,4,4900386,215500,6,2,11,3,1,1,17,62,3,5,3,79,0,0,0,0,0
201900015498,19,2,11,2232,3,8,3,1,4740862,134719,1,3,45,2,3,4,760,706,7,6,3,3,0,0,0,0,0
201900015499,19,11,10,56,1,2,6,2,4602219,392239,1,1,7,2,2,2,588,376,4,5,3,22,0,0,0,0,0
201900015500,19,3,4,2330,1,4,5,1,4427214,589146,5,3,23,2,2,1,391,230,4,6,1,42,0,0,0,0,0
201900015501,19,6,5,644,4,1,3,2,4668908,103785,9,1,14,1,3,1,453,157,3,6,5,33,0,0,0,0,0