Num_Acc,an,mois,jour,hrmn,lum,int,atm,col,lat,long,catr,circ,nbv,vosp,prof,plan,lartpc,larrout,surf,infra,situ,env1,unscathed,killed,hospital,light,chance
201900015502,19,9,23,854,5,6,3,3,4749121,172664,1,4,49,3,4,1,353,901,6,7,4,51,0,0,0,0,0
201900015503,19,6,1,1078,5,1,1,1,4482796,455677,8,3,48,1,2,3,715,679,3,7,5,8,0,0,0,0,0
201900015504,19,10,4,1154,4,4,6,2,4461026,411393,9,1,40,2,2,3,124,61,6,5,1,60,0,0,0,0,0
201900015505,19,4,3,1614,4,2,1,3,4437337,-361209,3,2,27,3,4,1,621,672,7,2,1,96,0,0,0,0,0
201900015506,19,4,18,1685,3,4,4,5,4867540,425235,8,1,5,1,3,4,95,271,4,5,1,87,0,0,0,0,0
201900015507,19,2,13,130,5,8,3,6,4763876,-391953,4,1,6,1,3,2,406,163,6,1,3,67,0,0,0,0,0
201900015508,19,2,13,1123,2,3,4,2,4899155,-334701,4,3,9,2,3,2,257,998,6,1,2,8,0,0,0,0,0
201900015509,19,1,25,866,1,8,7,4,4504192,19104,2,3,3,2,3,4,571,311,6,5,3,4,0,0,0,0,0
201900015510,19,11,11,442,3,8,1,6,4440335,-51710,1,1,28,3,4,3,70,274,9,2,5,94,0,0,0,0,0
201900015511,19,6,16,1670,3,1,3,7,4487867,-161159,7,1,36,3,1,2,558,111,1,2,3,56,0,0,0,0,0
201900015512,19,10,15,2102,2,6,2,5,4774350,-13544,1,4,21,1,3,4,698,909,8,2,4,53,0,0,0,0,0
201900015513,19,12,9,395,5,1,5,2,4681372,-130065,2,2,37,3,1,4,470,361,3,3,4,76,0,0,0,0,0
201900015514,19,6,20,1944,5,4,7,2,4870073,101012,4,3,4,2,3,1,333,580,6,5,1,12,0,0,0,0,0
201900015515,19,4,24,2209,2,7,1,5,4544369,443107,3,2,36,2,4,3,554,721,4,5,1,21,0,0,0,0,0
201900015516,19,11,3,55,3,8,3,2,4468306,668006,5,3,6,3,2,2,258,917,8,3,3,4,0,0,0,0,0
201900015517,19,8,21,664,1,5,7,3,4450683,620709,6,2,53,2,3,2,275,765,4,2,1,85,0,0,0,0,0
201900015518,19,7,4,255,1,4,3,1,4907871,517887,3,3,32,1,3,1,31,505,1,3,1,65,0,0,0,0,0
201900015519,19,9,23,1576,1,2,2,6,4694962,60006,5,1,12,3,1,2,202,240,8,7,4,59,0,0,0,0,0
201900015520,19,12,18,2234,3,1,1,3,4817719,331044,6,4,30,3,4,1,3,977,7,4,5,71,0,0,0,0,0
201900015521,19,11,14,2066,5,8,6,7,4459647,144339,9,4,18,2,1,1,752,109,4,6,5,89,0,0,0,0,0
201900015522,19,6,15,495,5,1,1,6,4794567,519735,8,4,24,2,2,1,19,864,9,1,4,3,0,0,0,0,0
201900015523,19,6,20,493,3,1,4,4,4918830,-254469,9,3,16,1,1,1,365,884,4,2,1,0,0,0,0,0,0
201900015524,19,7,6,2295,4,7,4,5,4754179,400271,1,2,10,2,1,2,365,336,2,4,2,17,0,0,0,0,0
201900015525,19,2,21,1279,4,4,5,6,4664543,392454,5,2,22,3,1,3,434,385,4,5,1,85,0,0,0,0,0
201900015526,19,10,6,1796,5,8,8,2,4487081,238158,6,1,17,3,4,1,648,954,3,2,1,7,0,0,0,0,0
201900015527,19,7,4,1356,3,4,5,6,4661825,635502,7,1,43,2,4,3,599,516,9,2,1,14,0,0,0,0,0
201900015528,19,12,25,739,2,5,6,6,4495772,-335953,7,3,28,2,4,2,91,589,5,7,3,75,0,0,0,0,0
201900015529,19,5,14,1109,1,4,7,7,4866510,211796,4,4,9,1,3,3,293,651,6,4,2,82,0,0,0,0,0
201900015530,19,12,17,775,1,1,3,4,4680316,-371884,4,3,3,3,2,2,131,503,2,5,2,37,0,0,0,0,0
201900015531,19,1,10,1373,5,5,8,5,4882552,-258950,8,1,32,2,1,4,437,930,4,5,4,61,0,0,0,0,0
201900015532,19,8,9,399,4,8,7,7,4991937,593976,2,1,35,3,2,3,240,747,9,5,4,60,0,0,0,0,0
201900015533,19,6,17,2224,1,2,6,7,4754908,-294102,8,2,16,2,4,4,555,322,7,3,5,67,0,0,0,0,0
201900015534,19,5,19,637,4,6,9,3,4826463,-30810,9,1,31,2,1,4,693,424,8,2,4,79,0,0,0,0,0
201900015535,19,12,21,100,2,9,1,3,4853685,-38364,4,4,40,3,2,2,76,369,7,6,5,91,0,0,0,0,0
201900015536,19,3,8,1719,2,9,2,5,4513134,-211941,6,4,45,2,4,1,267,518,6,6,5,31,0,0,0,0,0
201900015537,19,12,9,738,5,3,2,2,4635350,-277575,1,4,14,3,2,4,488,294,1,1,5,1,0,0,0,0,0
201900015538,19,1,26,1676,1,1,5,1,4595689,171436,2,4,9,1,2,1,396,17,5,6,2,3,0,0,0,0,0
201900015539,19,9,2,643,3,5,8,4,4659549,-308930,1,1,23,2,3,3,263,901,8,1,2,7,0,0,0,0,0
201900015540,19,2,22,510,2,7,9,7,4470580,71835,2,3,22,3,3,2,873,139,7,2,2,7,0,0,0,0,0
201900015541,19,4,14,1040,2,7,7,7,4534768,476114,6,2,45,2,3,1,831,901,3,7,4,27,0,0,0,0,0
201900015542,19,4,7,1703,2,4,9,6,4640022,467746,1,1,42,1,4,2,482,836,9,4,5,45,0,0,0,0,0
201900015543,19,2,4,2262,1,7,7,7,4462373,136097,3,3,50,3,2,4,385,922,6,3,5,62,0,0,0,0,0
201900015544,19,7,3,69,1,2,9,5,4523606,52183,3,4,43,1,4,4,537,856,7,7,2,52,0,0,0,0,0
201900015545,19,4,14,10,4,7,9,3,4562210,-75646,5,4,5,1,3,3,821,15,6,4,2,63,0,0,0,0,0
201900015546,19,11,8,1962,3,2,6,2,4989787,342139,1,4,5,2,1,2,67,851,3,3,1,67,0,0,0,0,0
201900015547,19,5,26,906,4,8,9,2,4968982,483273,8,4,24,1,3,1,845,265,2,7,4,66,0,0,0,0,0
201900015548,19,6,7,1566,1,6,1,3,4651906,166346,2,3,28,1,1,1,443,266,7,4,3,64,0,0,0,0,0
201900015549,19,10,23,510,2,2,4,4,4606176,402212,6,3,0,1,2,4,75,813,2,1,3,98,0,0,0,0,0
201900015550,19,9,26,530,4,3,4,1,4413092,310734,8,4,15,3,4,4,465,263,3,1,4,61,0,0,0,0,0
201900015551,19,1,9,1425,4,7,8,7,4671574,-29629,2,1,16,2,2,4,835,909,6,2,1,49,0,0,0,0,0
201900015552,19,9,26,1348,4,8,8,3,4618461,656271,8,1,29,2,4,4,666,15,9,5,3,66,0,0,0,0,0
201900015553,19,11,22,1690,5,2,4,7,4878468,-163156,6,3,5,3,2,2,362,763,4,7,3,98,0,0,0,0,0
201900015554,19,11,11,1628,5,7,4,5,4814376,-164077,7,1,52,3,2,4,543,200,5,6,2,61,0,0,0,0,0
201900015555,19,8,5,2083,1,4,2,6,4891299,-361770,2,2,35,3,4,1,64,745,3,3,4,15,0,0,0,0,0
201900015556,19,8,7,2343,2,3,6,6,4767176,271566,5,3,16,2,2,1,701,683,1,5,3,92,0,0,0,0,0
201900015557,19,2,4,2208,5,1,2,4,4536906,117861,2,4,40,3,1,1,461,255,7,5,5,19,0,0,0,0,0
201900015558,19,6,10,868,4,8,7,7,4992036,-124743,5,3,32,1,3,1,357,731,3,1,4,49,0,0,0,0,0
201900015559,19,7,16,770,4,3,4,7,4635076,-189333,9,1,51,1,1,1,539,641,3,2,4,74,0,0,0,0,0
201900015560,19,11,5,1068,2,3,9,6,4645074,-14922,2,3,51,3,4,1,566,726,8,4,3,72,0,0,0,0,0
201900015561,19,9,25,233,2,4,1,5,4739481,-78490,4,4,42,1,2,2,645,851,1,4,5,74,0,0,0,0,0
201900015562,19,3,14,2194,3,8,3,5,4814320,698694,6,4,42,1,3,2,480,647,1,5,5,89,0,0,0,0,0
201900015563,19,3,24,1783,4,2,8,2,4779342,-343568,1,4,25,1,2,2,702,975,9,5,1,35,0,0,0,0,0
201900015564,19,9,12,537,4,8,2,4,4684312,-399106,3,4,13,3,2,4,459,812,9,2,1,22,0,0,0,0,0
201900015565,19,12,16,2252,1,7,7,5,4554243,48403,7,2,6,1,2,1,837,270,3,1,3,68,0,0,0,0,0
201900015566,19,8,16,2340,5,6,1,5,4826811,453539,6,2,42,1,3,2,904,608,7,5,4,49,0,0,0,0,0
201900015567,19,4,19,1867,5,4,2,4,4475748,-121204,9,3,14,3,2,2,471,107,5,1,1,34,0,0,0,0,0
201900015568,19,5,28,958,2,8,4,6,4578607,-167731,2,3,22,1,2,1,501,988,8,1,4,68,0,0,0,0,0
201900015569,19,4,24,2265,3,8,8,5,4588376,-301220,1,4,20,3,3,1,390,757,8,3,5,23,0,0,0,0,0
201900015570,19,5,8,1157,2,1,1,6,4843863,514659,7,1,25,1,1,2,550,339,4,5,5,53,0,0,0,0,0
201900015571,19,1,9,349,1,4,8,6,4639499,530517,6,3,15,3,3,2,282,160,1,4,3,2,0,0,0,0,0
201900015572,19,6,6,1122,2,8,5,3,4442402,-134826,8,3,43,2,2,4,276,536,2,4,5,66,0,0,0,0,0
201900015573,19,9,10,2014,5,4,7,7,4984900,224442,5,4,2,1,4,4,806,682,7,6,1,1,0,0,0,0,0
201900015574,19,7,16,1852,5,5,7,6,4878511,59818,5,4,47,1,3,4,237,102,8,5,2,31,0,0,0,0,0
201900015575,19,5,26,301,5,4,3,3,4507756,480768,8,1,47,1,1,1,636,57,4,6,5,54,0,0,0,0,0
201900015576,19,6,9,173,5,2,8,3,4549754,338231,3,4,5,3,2,1,847,773,4,5,2,26,0,0,0,0,0
201900015577,19,8,11,1568,4,8,4,6,4797017,212962,3,1,51,1,3,3,350,209,2,3,4,42,0,0,0,0,0
201900015578,19,11,2,305,4,7,1,4,4825187,613692,2,4,2,3,4,2,99,46,6,4,4,43,0,0,0,0,0
201900015579,19,1,17,823,5,4,5,4,4465749,-351747,4,2,17,2,2,4,93,397,2,3,3,54,0,0,0,0,0
201900015580,19,10,17,737,3,8,3,6,4762390,-396092,5,1,14,3,1,1,444,70,3,7,3,44,0,0,0,0,0
201900015581,19,2,5,317,4,4,7,3,4951724,-76870,5,1,17,2,3,1,336,156,9,1,4,95,0,0,0,0,0
201900015582,19,9,10,129,5,3,8,7,4573871,519975,8,4,40,1,2,2,55,440,8,1,1,22,0,0,0,0,0
201900015583,19,9,21,1862,2,8,2,6,4564727,447592,1,3,39,1,4,4,73,691,8,1,1,75,0,0,0,0,0
201900015584,19,10,5,142,5,1,1,4,4604876,403926,5,2,16,1,3,4,796,766,1,6,3,39,0,0,0,0,0
201900015585,19,8,2,855,1,6,9,6,4550236,13483,9,4,33,2,2,1,890,709,8,3,3,84,0,0,0,0,0
201900015586,19,11,11,343,3,3,1,1,4771687,447885,8,2,3,1,1,2,579,924,8,2,3,13,0,0,0,0,0
201900015587,19,2,17,301,4,8,1,4,4729920,273352,5,2,40,3,4,3,471,963,5,4,5,41,0,0,0,0,0
201900015588,19,11,17,1618,3,5,2,3,4841481,-93596,9,4,29,3,3,3,436,363,4,2,3,81,0,0,0,0,0
201900015589,19,3,8,2013,2,2,6,2,4403077,579346,4,2,12,2,3,3,769,75,2,1,4,83,0,0,0,0,0
201900015590,19,7,1,139,2,8,5,3,4501047,362049,8,4,28,1,4,2,539,666,4,2,2,21,0,0,0,0,0
201900015591,19,4,24,1752,2,9,5,6,4561060,391879,3,2,34,3,4,1,423,601,5,2,5,29,0,0,0,0,0
201900015592,19,10,22,2166,1,4,1,7,4790911,-365114,6,2,4,2,3,1,870,808,1,7,1,60,0,0,0,0,0
201900015593,19,8,26,1347,2,2,4,6,4791881,673829,4,1,14,2,4,4,646,334,2,4,4,59,0,0,0,0,0
201900015594,19,12,19,2184,5,6,2,1,4466655,165535,8,4,51,2,2,1,484,771,7,5,2,55,0,0,0,0,0
201900015595,19,12,18,79,4,1,3,2,4690505,275334,5,1,53,2,3,4,874,79,4,7,2,42,0,0,0,0,0
201900015596,19,6,17,1005,5,5,2,2,4596762,157845,3,3,1,3,2,1,680,84,7,4,2,22,0,0,0,0,0
201900015597,19,4,2,1468,2,6,7,6,4690826,682299,2,3,4,2,3,4,289,743,8,4,5,15,0,0,0,0,0
201900015598,19,5,2,1779,2,7,2,4,4966914,434512,5,4,53,1,2,2,377,564,3,1,4,10,0,0,0,0,0
201900015599,19,2,22,2353,2,1,6,5,4889119,122669,9,3,29,2,3,1,253,36,5,7,4,18,0,0,0,0,0
201900015600,19,12,19,144,5,1,1,1,4681967,-16061,6,2,10,1,3,2,747,80,3,5,3,60,0,0,0,0,0
201900015601,19,8,8,2074,5,6,9,4,4669232,-214505,3,2,48,2,3,4,223,973,7,6,4,73,0,0,0,0,0
201900015602,19,10,26,157,4,5,1,6,4897735,469736,2,2,41,2,2,2,646,929,6,3,5,80,0,0,0,0,0
201900015603,19,5,10,1010,3,2,4,6,4525751,193601,8,1,2,2,1,3,913,360,2,5,3,82,0,0,0,0,0
201900015604,19,2,4,1031,2,1,3,4,4916426,495245,6,1,17,2,1,2,41,998,9,3,3,73,0,0,0,0,0
201900015605,19,3,2,1907,1,4,4,1,4725085,692517,8,1,40,1,1,4,770,356,9,4,5,52,0,0,0,0,0
201900015606,19,6,4,570,2,6,9,6,4939648,399502,9,3,23,1,2,4,613,248,4,1,3,35,0,0,0,0,0
201900015607,19,7,11,2133,4,4,8,1,4786215,144614,9,4,36,1,3,2,536,19,4,7,5,68,0,0,0,0,0
201900015608,19,10,16,159,4,8,5,7,4452040,204637,5,4,15,2,4,3,432,557,9,7,1,25,0,0,0,0,0
201900015609,19,8,5,165,2,5,8,1,4522180,261562,6,1,40,2,4,4,487,956,9,6,5,18,0,0,0,0,0
201900015610,19,11,3,1203,3,9,7,4,4622687,424525,1,4,26,1,3,2,387,976,7,5,4,3,0,0,0,0,0
201900015611,19,6,20,2210,5,2,1,6,4755161,532231,5,3,29,3,4,2,700,943,7,5,3,99,0,0,0,0,0
201900015612,19,8,23,985,5,6,7,1,4425213,-135501,6,1,19,1,1,3,302,541,9,4,1,21,0,0,0,0,0
201900015613,19,11,1,1690,3,3,9,2,4465856,-310102,7,4,4,2,3,3,501,489,4,5,5,17,0,0,0,0,0
201900015614,19,1,6,446,3,2,5,3,4946108,59561,5,1,47,2,3,2,589,896,2,6,2,98,0,0,0,0,0
201900015615,19,9,4,1864,5,8,3,2,4492218,-375099,8,2,21,2,3,3,694,297,4,5,4,39,0,0,0,0,0
201900015616,19,8,20,1848,1,7,6,7,4908394,376333,3,4,34,1,2,1,261,702,7,7,3,3,0,0,0,0,0
201900015617,19,10,17,1911,4,3,5,5,4848816,622057,7,3,25,2,4,2,526,189,1,1,2,93,0,0,0,0,0
201900015618,19,9,18,585,5,4,4,4,4570365,86811,1,2,24,3,3,3,356,465,4,3,4,9,0,0,0,0,0
201900015619,19,5,12,2314,1,1,9,3,4717123,-186925,4,2,4,1,1,4,739,319,5,5,4,83,0,0,0,0,0
201900015620,19,5,15,134,4,9,4,6,4875386,596074,3,4,9,3,3,4,790,172,5,4,2,20,0,0,0,0,0
201900015621,19,8,21,544,3,5,5,7,4429259,312739,3,4,22,1,3,3,190,596,1,4,4,92,0,0,0,0,0
201900015622,19,10,18,999,1,9,3,5,4866470,651978,9,3,51,2,2,4,435,79,8,1,1,27,0,0,0,0,0
201900015623,19,7,27,883,1,6,4,5,4693806,-317856,4,2,33,3,3,4,906,759,5,4,2,8,0,0,0,0,0
201900015624,19,2,28,1491,5,5,7,3,4727969,453984,6,3,9,1,2,4,108,394,8,4,1,47,0,0,0,0,0
201900015625,19,3,19,54,2,4,4,7,4878187,577396,9,1,41,3,3,2,101,31,6,3,5,29,0,0,0,0,0
201900015626,19,8,3,458,2,9,9,7,4411463,-298777,3,4,29,3,1,4,42,261,3,4,4,83,0,0,0,0,0
201900015627,19,2,6,2011,1,2,7,2,4480524,-286337,2,2,31,2,4,4,357,849,8,1,3,97,0,0,0,0,0
201900015628,19,12,19,1501,1,1,2,6,4500083,-24053,9,3,24,3,2,4,727,246,7,1,2,85,0,0,0,0,0
201900015629,19,3,8,2106,1,6,8,6,4831611,29728,5,2,29,3,1,2,399,598,4,2,4,85,0,0,0,0,0
201900015630,19,6,22,278,1,6,4,2,4879384,-77579,7,2,27,2,4,4,17,227,7,7,2,8,0,0,0,0,0
201900015631,19,1,25,301,2,8,2,6,4550303,-266520,6,4,51,2,3,2,468,111,3,5,4,29,0,0,0,0,0
201900015632,19,6,12,1891,4,2,8,6,4969954,-132465,8,3,0,2,4,2,762,417,9,3,1,95,0,0,0,0,0
201900015633,19,6,26,1425,2,6,2,3,4688960,274976,2,1,41,3,1,2,161,602,8,6,2,1,0,0,0,0,0
201900015634,19,1,2,2266,4,4,8,3,4923867,-259906,4,2,23,1,3,3,49,705,8,2,4,5,0,0,0,0,0
201900015635,19,6,26,853,5,7,2,6,4441418,250015,2,4,20,2,2,2,42,219,6,2,2,73,0,0,0,0,0
201900015636,19,2,23,1337,4,7,2,1,4974910,-124861,8,1,14,2,1,4,605,260,2,7,4,95,0,0,0,0,0
201900015637,19,2,24,1601,3,5,1,5,4656969,-354451,2,3,27,2,4,2,884,242,8,1,3,47,0,0,0,0,0
201900015638,19,4,17,1826,4,2,3,3,4760835,296794,4,2,21,3,1,4,702,564,7,4,3,98,0,0,0,0,0
201900015639,19,4,5,592,4,2,1,6,4588657,-218575,9,2,3,2,4,3,421,466,7,6,4,7,0,0,0,0,0
201900015640,19,12,4,300,5,6,9,5,4727793,599689,6,1,19,3,2,2,890,690,8,6,1,69,0,0,0,0,0
201900015641,19,12,9,1669,1,4,5,1,4916855,66893,7,4,5,2,3,1,423,145,4,5,1,53,0,0,0,0,0
201900015642,19,3,6,1497,1,7,4,6,4746667,115343,5,1,30,3,4,2,252,285,3,3,1,74,0,0,0,0,0
201900015643,19,7,7,819,5,9,3,2,4787606,135263,2,4,19,3,2,4,212,595,6,3,5,61,0,0,0,0,0
201900015644,19,9,1,1938,4,1,5,3,4923556,336227,9,1,31,2,2,4,55,537,3,6,3,32,0,0,0,0,0
201900015645,19,2,15,994,4,4,6,4,4699676,-51488,5,4,49,2,1,4,717,231,9,7,4,84,0,0,0,0,0
201900015646,19,3,15,2303,3,4,2,2,4535831,-308761,6,1,16,2,3,4,484,679,6,3,3,30,0,0,0,0,0
201900015647,19,5,22,1988,4,8,8,1,4903234,88501,5,1,10,1,2,1,843,491,9,5,3,5,0,0,0,0,0
201900015648,19,8,18,1323,4,3,7,7,4969262,664380,6,3,17,1,1,2,12,492,5,7,5,81,0,0,0,0,0
201900015649,19,2,2,1388,3,2,1,1,4792370,-276209,4,2,26,1,4,1,571,541,2,7,1,98,0,0,0,0,0
201900015650,19,7,14,415,1,2,7,3,4443556,-267488,9,3,3,1,1,2,873,817,7,3,5,71,0,0,0,0,0
201900015651,19,10,17,344,3,7,5,7,4959430,140128,1,2,40,2,4,1,586,560,2,2,1,93,0,0,0,0,0
201900015652,19,10,17,517,5,6,8,2,4857718,-232097,4,2,28,3,2,3,29,521,2,5,2,47,0,0,0,0,0
201900015653,19,9,1,1832,5,1,6,2,4434142,264596,3,4,4,2,4,1,887,430,1,1,3,46,0,0,0,0,0
201900015654,19,10,4,522,4,5,6,4,4799914,-57178,2,1,19,3,4,1,764,331,2,1,1,75,0,0,0,0,0
201900015655,19,8,14,2190,4,7,3,5,4703448,619333,6,3,37,1,2,2,32,607,2,5,2,96,0,0,0,0,0
201900015656,19,10,1,1845,2,7,2,3,4720937,466015,5,2,13,2,1,3,519,144,9,1,3,13,0,0,0,0,0
201900015657,19,8,26,398,3,3,5,3,4420908,356506,2,3,7,1,1,3,233,122,5,4,4,40,0,0,0,0,0
201900015658,19,6,1,1249,2,7,8,5,4832255,-203184,2,2,11,3,1,1,251,335,2,6,5,2,0,0,0,0,0
201900015659,19,6,23,1716,1,4,6,7,4981538,-308830,5,2,25,1,3,1,682,990,9,4,3,4,0,0,0,0,0
201900015660,19,10,16,746,3,3,6,3,4624622,678632,6,1,26,1,4,3,823,986,9,3,4,72,0,0,0,0,0
201900015661,19,4,26,820,2,7,8,5,4585829,-36794,5,1,10,2,4,3,838,759,9,7,1,77,0,0,0,0,0
201900015662,19,7,1,692,5,7,8,7,4712255,-199973,5,2,18,2,1,3,262,669,8,7,1,32,0,0,0,0,0
201900015663,19,2,1,1463,3,1,6,7,4645230,-230201,9,2,24,2,2,3,82,284,3,7,2,53,0,0,0,0,0
201900015664,19,6,7,83,1,3,2,7,4581795,-357179,4,3,16,2,2,4,47,54,3,5,5,88,0,0,0,0,0
201900015665,19,9,18,1850,3,8,6,6,4775966,211283,1,2,28,2,1,3,848,643,8,7,5,16,0,0,0,0,0
201900015666,19,8,25,1370,5,8,5,5,4566318,679698,6,1,6,2,1,2,892,598,6,3,1,51,0,0,0,0,0
201900015667,19,9,23,1377,3,6,3,5,4660742,539191,3,4,39,3,4,1,162,772,7,7,3,53,0,0,0,0,0
201900015668,19,4,6,783,2,7,7,6,4796475,299549,3,2,10,3,1,2,48,305,2,1,4,36,0,0,0,0,0
201900015669,19,1,1,1855,4,8,6,3,4797167,275423,1,4,23,3,2,2,678,884,3,7,3,52,0,0,0,0,0
201900015670,19,5,17,2324,4,1,1,7,4844753,-42282,8,4,18,2,3,2,728,673,8,1,4,36,0,0,0,0,0
201900015671,19,3,26,1010,2,4,4,7,4571161,-9986,2,3,1,2,3,2,60,633,7,6,3,42,0,0,0,0,0
201900015672,19,1,2,728,4,8,7,7,4628787,639937,9,4,37,1,4,2,695,561,6,5,5,93,0,0,0,0,0
201900015673,19,1,16,1232,5,2,6,7,4552910,100946,2,1,15,1,3,1,136,733,1,2,5,68,0,0,0,0,0
201900015674,19,4,14,1242,1,9,8,4,4787355,-60482,7,3,6,1,4,2,725,233,2,6,1,71,0,0,0,0,0
201900015675,19,10,10,1420,3,9,5,5,4567194,-233723,5,1,43,3,3,4,749,507,3,1,1,3,0,0,0,0,0
201900015676,19,8,7,953,1,7,7,7,4482321,223819,6,4,41,3,2,2,862,197,4,1,5,22,0,0,0,0,0
201900015677,19,11,11,1339,5,6,9,2,4448109,347623,3,2,24,3,1,2,307,807,7,3,2,17,0,0,0,0,0
201900015678,19,3,11,67,2,3,6,6,4408546,-234792,1,3,2,3,2,2,237,794,4,1,2,36,0,0,0,0,0
201900015679,19,4,10,349,4,3,3,2,4478633,660897,9,3,41,2,3,2,327,896,1,5,4,40,0,0,0,0,0
201900015680,19,3,1,1440,2,2,8,3,4970143,278035,9,1,23,2,1,3,267,303,7,3,3,30,0,0,0,0,0
201900015681,19,3,21,1228,4,2,1,5,4740357,550354,7,2,9,1,2,2,598,842,2,4,2,36,0,0,0,0,0
201900015682,19,8,4,2219,1,2,9,5,4540878,-177274,7,2,48,3,2,2,58,556,5,1,3,78,0,0,0,0,0
201900015683,19,2,24,1883,2,1,8,1,4894161,353697,2,3,41,1,3,4,83,789,5,4,1,66,0,0,0,0,0
201900015684,19,7,18,481,3,5,5,1,4535425,82764,5,1,31,3,2,4,217,525,4,1,1,72,0,0,0,0,0
201900015685,19,6,17,1798,4,6,9,3,4820735,-44878,8,2,43,2,2,3,613,32,1,6,1,82,0,0,0,0,0
201900015686,19,6,7,1162,1,1,2,4,4910414,697635,8,1,32,2,3,3,703,331,7,4,3,73,0,0,0,0,0
201900015687,19,9,2,619,5,6,2,3,4689668,392894,3,4,0,3,1,3,252,71,2,4,5,22,0,0,0,0,0
201900015688,19,3,22,983,4,8,5,2,4891428,-144854,8,3,14,2,2,4,527,475,7,4,3,31,0,0,0,0,0
201900015689,19,8,10,53,5,3,1,3,4627130,-266391,2,2,11,3,2,1,540,180,8,6,3,49,0,0,0,0,0
201900015690,19,11,7,390,5,1,7,7,4806851,393611,4,1,48,1,1,1,826,822,1,3,2,25,0,0,0,0,0
201900015691,19,9,26,616,5,9,5,1,4704338,-181732,4,3,10,3,2,2,587,728,1,2,5,52,0,0,0,0,0
201900015692,19,8,10,580,5,2,7,2,4435884,-31197,7,2,23,2,4,4,817,252,2,4,2,12,0,0,0,0,0
201900015693,19,6,28,956,4,8,5,7,4565625,242130,2,3,2,1,4,4,319,524,4,2,2,4,0,0,0,0,0
201900015694,19,7,5,1389,4,2,2,5,4442653,-226213,4,2,21,3,4,4,319,165,6,4,5,47,0,0,0,0,0
201900015695,19,10,9,1860,1,3,2,5,4950261,11638,3,3,25,1,3,1,637,387,8,5,4,82,0,0,0,0,0
201900015696,19,7,9,540,2,9,6,7,4980049,-264270,1,2,16,3,2,1,135,809,4,2,5,45,0,0,0,0,0
201900015697,19,7,12,608,1,7,9,4,4576416,43859,6,4,34,2,3,2,237,158,5,6,1,43,0,0,0,0,0
201900015698,19,11,4,823,3,5,1,1,4485079,488198,2,3,5,1,3,2,193,851,5,2,1,76,0,0,0,0,0
201900015699,19,2,12,12,3,1,9,7,4942533,201966,5,2,22,2,1,2,682,115,9,7,2,1,0,0,0,0,0
201900015700,19,3,27,611,3,7,8,3,4899775,-267350,2,3,22,3,2,4,808,43,5,4,1,58,0,0,0,0,0
201900015701,19,7,4,1370,1,7,6,1,4685973,-6389,5,2,15,2,1,1,611,733,6,3,3,19,0,0,0,0,0
201900015702,19,1,24,1282,4,1,9,4,4708902,-286225,9,1,12,2,2,4,520,620,3,1,5,77,0,0,0,0,0
201900015703,19,6,11,422,5,6,8,5,4541155,115722,6,3,37,3,2,1,860,673,1,4,1,30,0,0,0,0,0
201900015704,19,9,12,926,1,9,8,6,4839635,19083,4,1,22,2,2,2,222,382,8,2,4,21,0,0,0,0,0
201900015705,19,8,1,176,2,4,6,1,4769808,-239065,8,4,49,2,1,4,44,554,2,1,1,84,0,0,0,0,0
201900015706,19,3,15,392,2,8,2,7,4463688,351191,1,2,15,1,1,1,303,545,2,2,1,59,0,0,0,0,0
201900015707,19,7,20,825,1,6,5,3,4588005,406606,1,3,3,3,3,1,899,243,2,5,5,29,0,0,0,0,0
201900015708,19,2,9,276,2,8,4,3,4472629,615127,3,4,33,3,4,4,319,760,5,1,5,89,0,0,0,0,0
201900015709,19,3,3,245,5,6,5,7,4982918,308454,2,1,33,3,1,2,227,94,5,3,5,72,0,0,0,0,0
201900015710,19,6,28,2172,5,7,1,2,4907524,26876,7,3,10,3,1,3,262,88,5,4,3,18,0,0,0,0,0
201900015711,19,9,11,1307,2,7,3,7,4644606,354741,4,3,2,3,3,3,310,514,1,5,2,85,0,0,0,0,0
201900015712,19,5,22,1877,2,1,3,4,4607002,373336,4,3,45,3,3,1,893,76,8,5,3,1,0,0,0,0,0
201900015713,19,1,16,1396,1,7,5,6,4449372,638462,2,2,42,1,3,1,104,472,4,7,2,68,0,0,0,0,0
201900015714,19,1,14,82,4,1,5,2,4903034,-44540,2,4,9,2,2,2,75,702,1,5,2,85,0,0,0,0,0
201900015715,19,7,27,535,3,8,5,2,4725307,-166597,3,1,21,3,2,3,751,815,6,1,5,96,0,0,0,0,0
201900015716,19,4,10,1379,1,4,9,4,4908036,690281,8,4,18,1,4,1,215,925,5,6,2,18,0,0,0,0,0