Num_Acc,an,mois,jour,hrmn,lum,int,atm,col,lat,long,catr,circ,nbv,vosp,prof,plan,lartpc,larrout,surf,infra,situ,env1,unscathed,killed,hospital,light,chance
201900015717,19,5,15,1253,3,3,7,1,4763871,-16753,8,2,8,2,1,3,54,128,2,5,2,96,0,0,0,0,0
201900015718,19,2,1,14,4,6,9,6,4457826,-275045,4,2,17,3,4,4,531,353,2,7,2,5,0,0,0,0,0
201900015719,19,3,8,102,2,1,7,5,4810997,516703,2,2,41,2,3,3,316,568,8,3,3,20,0,0,0,0,0
201900015720,19,9,5,2247,2,4,6,7,4483921,-124813,9,1,2,3,2,3,183,796,9,5,4,90,0,0,0,0,0
201900015721,19,1,23,1401,2,1,8,3,4558203,-144658,8,1,51,2,1,2,220,678,8,7,5,51,0,0,0,0,0
201900015722,19,12,2,281,4,8,8,3,4723688,23670,8,4,49,1,4,3,663,84,6,6,3,39,0,0,0,0,0
201900015723,19,1,26,1598,3,6,1,3,4586579,-211963,5,4,30,3,3,4,552,295,4,1,2,96,0,0,0,0,0
201900015724,19,11,7,1457,1,8,4,1,4906037,-310769,3,1,23,2,3,4,86,978,6,5,2,71,0,0,0,0,0
201900015725,19,6,28,1291,3,1,7,2,4413313,4685,6,2,45,2,4,2,447,869,5,4,1,79,0,0,0,0,0
201900015726,19,1,6,1587,3,6,1,6,4724775,694592,1,2,9,1,4,2,482,871,4,3,4,43,0,0,0,0,0
201900015727,19,11,4,297,2,1,9,4,4944736,164616,7,1,11,2,1,1,184,492,1,5,2,33,0,0,0,0,0
201900015728,19,9,17,1895,3,7,5,6,4658525,203372,4,2,18,1,2,2,681,858,1,6,2,2,0,0,0,0,0
201900015729,19,9,21,423,1,7,8,5,4486371,380725,8,1,32,2,1,1,187,551,9,6,3,73,0,0,0,0,0
201900015730,19,12,12,1774,5,8,6,3,4872566,303532,4,4,50,2,3,1,123,95,1,2,4,26,0,0,0,0,0
201900015731,19,9,17,1209,1,2,4,4,4922489,359131,1,3,46,3,2,1,522,859,2,6,4,23,0,0,0,0,0
201900015732,19,7,26,1263,1,5,6,6,4601889,-388242,9,3,48,2,1,1,882,524,2,2,5,89,0,0,0,0,0
201900015733,19,5,8,1519,5,9,6,5,4768140,499245,1,1,20,2,2,4,869,248,5,3,1,17,0,0,0,0,0
201900015734,19,7,14,2039,2,9,3,5,4659440,648105,1,3,20,1,4,1,92,522,1,6,3,54,0,0,0,0,0
201900015735,19,8,25,591,1,1,2,5,4962986,150907,1,3,50,1,3,3,420,31,4,7,5,17,0,0,0,0,0
201900015736,19,9,27,234,1,2,8,5,4466670,-15040,7,1,39,3,3,4,436,498,9,7,2,49,0,0,0,0,0
201900015737,19,3,19,2092,5,1,7,1,4888794,164134,9,4,14,2,4,1,782,27,1,5,2,70,0,0,0,0,0
201900015738,19,6,9,317,3,1,9,7,4852443,-242403,9,4,17,2,4,2,503,658,6,5,4,88,0,0,0,0,0
201900015739,19,8,4,910,2,4,5,1,4992341,318540,4,2,41,2,4,2,34,989,4,7,1,72,0,0,0,0,0
201900015740,19,12,15,1231,1,8,5,7,4929947,631133,6,1,53,1,1,1,868,992,9,2,5,38,0,0,0,0,0
201900015741,19,3,26,1408,1,5,3,6,4786065,-81115,9,4,16,3,1,2,824,8,1,1,1,31,0,0,0,0,0
201900015742,19,2,1,575,2,1,2,6,4706930,270555,6,2,25,2,3,2,549,566,2,6,1,48,0,0,0,0,0
201900015743,19,5,18,489,3,5,7,3,4964598,325150,5,3,30,3,1,4,88,840,5,3,4,56,0,0,0,0,0
201900015744,19,1,20,2351,5,7,2,1,4482615,6589,9,3,11,1,2,4,676,488,7,6,3,91,0,0,0,0,0
201900015745,19,12,10,2255,5,3,3,5,4795379,52364,6,3,13,2,2,1,313,492,9,7,5,68,0,0,0,0,0
201900015746,19,12,8,790,3,8,9,2,4695904,204094,2,3,44,2,2,3,213,208,1,2,4,86,0,0,0,0,0
201900015747,19,4,2,1529,5,9,8,5,4954378,-124630,5,1,1,2,1,2,520,776,4,7,2,40,0,0,0,0,0
201900015748,19,12,20,886,3,7,4,6,4878610,-261291,4,4,49,1,4,3,605,675,2,4,3,84,0,0,0,0,0
201900015749,19,5,19,942,3,3,2,5,4661279,-110066,5,2,18,1,4,1,611,148,9,5,1,28,0,0,0,0,0
201900015750,19,12,4,2015,5,3,1,2,4458065,187,2,4,10,3,2,4,471,978,7,3,3,90,0,0,0,0,0
201900015751,19,10,20,552,2,3,1,2,4510251,-227650,9,4,22,2,4,2,148,515,8,4,2,40,0,0,0,0,0
201900015752,19,5,9,588,2,8,7,3,4907332,608584,3,3,7,1,2,2,107,754,5,7,2,6,0,0,0,0,0
201900015753,19,9,22,1060,3,9,1,3,4596072,-90614,4,4,4,3,1,1,847,859,3,6,2,55,0,0,0,0,0
201900015754,19,5,24,2249,3,4,1,5,4402909,497612,5,4,28,3,1,4,39,260,4,5,2,35,0,0,0,0,0
201900015755,19,12,23,1380,3,5,8,1,4830283,203834,5,3,11,2,3,1,245,197,4,4,4,79,0,0,0,0,0
201900015756,19,5,3,1600,3,9,6,3,4652227,569096,7,3,1,1,1,2,868,840,8,3,5,27,0,0,0,0,0
201900015757,19,8,1,338,2,5,1,2,4976149,534790,5,1,38,2,1,2,425,867,3,6,5,69,0,0,0,0,0
201900015758,19,1,3,1230,3,9,5,4,4744217,235997,3,4,38,1,2,1,586,173,6,4,3,84,0,0,0,0,0
201900015759,19,6,11,1366,1,6,6,4,4459976,-223456,9,1,16,3,4,1,542,841,7,1,4,97,0,0,0,0,0
201900015760,19,3,26,1781,4,9,3,3,4412773,179949,4,3,48,3,1,3,97,82,5,3,5,52,0,0,0,0,0
201900015761,19,5,24,1612,1,9,3,6,4824998,620757,8,2,46,1,1,2,387,414,9,1,1,93,0,0,0,0,0
201900015762,19,12,8,34,1,5,4,2,4597271,105546,1,4,23,2,1,1,339,456,2,3,2,1,0,0,0,0,0
201900015763,19,3,19,428,4,7,4,7,4623368,605323,5,3,9,2,1,3,477,854,5,5,1,95,0,0,0,0,0
201900015764,19,11,21,2018,3,2,9,5,4419997,19044,3,1,27,3,1,4,546,254,8,5,2,98,0,0,0,0,0
201900015765,19,3,17,182,3,3,5,7,4404459,-325257,7,1,32,2,3,4,94,114,3,2,3,57,0,0,0,0,0
201900015766,19,3,28,416,4,8,8,7,4784260,69791,7,2,48,2,3,1,448,786,1,4,5,82,0,0,0,0,0
201900015767,19,3,18,2132,5,6,8,5,4536622,-242724,2,1,11,1,3,2,136,400,9,3,4,53,0,0,0,0,0
201900015768,19,4,7,331,1,6,2,3,4591758,-339749,9,3,52,2,1,3,454,827,6,4,2,4,0,0,0,0,0
201900015769,19,5,20,2200,3,3,8,7,4749318,-202057,3,3,23,2,4,2,83,239,9,2,4,96,0,0,0,0,0
201900015770,19,8,16,1584,1,3,7,7,4882681,-61113,2,4,7,2,4,4,498,178,6,6,5,28,0,0,0,0,0
201900015771,19,9,4,1346,5,1,1,5,4784552,124972,1,3,46,1,2,2,691,134,2,1,5,49,0,0,0,0,0
201900015772,19,6,20,1082,2,7,9,3,4965668,182317,2,3,38,2,4,4,310,138,6,5,4,82,0,0,0,0,0
201900015773,19,5,15,1841,4,1,6,5,4637548,312174,3,3,34,1,4,3,411,578,6,3,4,0,0,0,0,0,0
201900015774,19,9,16,840,3,5,4,5,4474151,48424,3,4,11,1,3,3,526,603,8,5,1,17,0,0,0,0,0
201900015775,19,7,11,1076,2,2,4,4,4737145,-198001,5,4,18,2,2,4,63,185,1,2,4,84,0,0,0,0,0
201900015776,19,8,28,467,4,2,8,5,4687803,-254802,3,2,34,1,3,4,432,196,9,3,3,17,0,0,0,0,0
201900015777,19,6,17,32,4,2,4,7,4501139,-131941,1,2,51,1,4,1,846,499,3,1,2,28,0,0,0,0,0
201900015778,19,3,7,536,2,8,7,6,4885519,-31056,1,1,16,3,4,1,374,649,3,4,4,80,0,0,0,0,0
201900015779,19,12,4,1748,2,3,6,7,4914838,5680,5,1,23,3,3,2,698,979,2,3,2,37,0,0,0,0,0
201900015780,19,2,19,609,1,1,4,5,4878331,288248,2,1,52,2,4,2,901,699,5,7,2,46,0,0,0,0,0
201900015781,19,5,16,1789,2,4,5,1,4450025,78939,3,4,20,3,4,4,651,372,2,2,4,45,0,0,0,0,0
201900015782,19,8,24,423,2,1,7,6,4508195,633733,7,3,43,2,2,3,756,892,6,2,3,80,0,0,0,0,0
201900015783,19,11,24,2050,1,2,6,5,4992280,131687,3,3,25,1,4,2,784,69,2,7,4,88,0,0,0,0,0
201900015784,19,1,25,1877,1,4,2,2,4502087,-99849,9,4,39,2,4,3,135,892,3,6,3,68,0,0,0,0,0
201900015785,19,6,17,1189,4,4,1,1,4722502,-284501,2,1,19,1,4,3,3,461,8,3,3,28,0,0,0,0,0
201900015786,19,3,16,2152,3,9,4,5,4474239,547142,4,1,47,1,1,2,696,911,8,2,3,50,0,0,0,0,0
201900015787,19,8,13,1827,2,1,5,7,4899973,201144,7,1,1,1,2,1,800,331,3,7,1,38,0,0,0,0,0
201900015788,19,6,26,394,4,5,7,1,4629190,128285,3,4,35,3,2,2,199,614,3,6,2,92,0,0,0,0,0
201900015789,19,6,10,957,3,6,2,2,4761627,1404,3,1,11,3,4,2,7,754,4,1,3,61,0,0,0,0,0
201900015790,19,12,12,1430,2,4,3,2,4455634,148943,3,1,49,2,2,2,872,776,7,5,2,52,0,0,0,0,0
201900015791,19,3,20,111,4,1,1,5,4628743,549418,9,2,17,2,4,4,467,544,4,7,1,94,0,0,0,0,0
201900015792,19,7,25,1314,3,6,9,4,4574973,679489,9,4,38,1,4,4,156,955,7,2,2,29,0,0,0,0,0
201900015793,19,8,22,1326,5,6,3,5,4570988,624665,7,1,38,3,3,4,791,242,4,3,2,80,0,0,0,0,0
201900015794,19,2,8,1863,2,2,7,6,4758008,673773,7,4,23,2,4,4,495,542,7,3,3,2,0,0,0,0,0
201900015795,19,1,14,1111,3,7,1,7,4630798,-387230,8,2,19,2,1,3,162,893,8,3,2,59,0,0,0,0,0
201900015796,19,9,9,223,4,1,8,2,4706816,67414,7,4,9,2,3,1,121,833,7,1,3,52,0,0,0,0,0
201900015797,19,4,9,280,4,6,5,5,4439645,326099,7,4,2,3,2,3,612,921,2,7,1,16,0,0,0,0,0
201900015798,19,2,1,1205,3,3,1,7,4651714,406357,8,1,15,3,3,2,50,689,3,5,3,85,0,0,0,0,0
201900015799,19,5,9,168,3,8,1,6,4927418,627477,8,3,2,1,1,2,870,70,3,7,5,55,0,0,0,0,0
201900015800,19,12,15,705,4,4,9,1,4826421,-241397,9,1,0,3,1,2,155,642,1,3,1,76,0,0,0,0,0
201900015801,19,10,10,372,3,6,5,3,4433671,144831,7,4,1,2,1,4,330,320,3,4,1,72,0,0,0,0,0
201900015802,19,5,23,1608,5,9,5,6,4980548,587787,9,3,1,1,2,1,296,286,4,4,2,86,0,0,0,0,0
201900015803,19,9,11,1519,4,2,7,5,4495001,17643,3,2,19,1,2,1,353,665,6,1,5,95,0,0,0,0,0
201900015804,19,1,20,1036,4,6,4,6,4775276,-90338,2,2,13,1,1,3,514,737,9,7,3,22,0,0,0,0,0
201900015805,19,7,23,134,2,2,3,1,4425767,670031,9,4,14,1,3,1,183,995,1,3,4,97,0,0,0,0,0
201900015806,19,5,20,439,3,6,7,1,4487531,346086,2,1,38,2,1,3,772,939,1,5,3,82,0,0,0,0,0
201900015807,19,8,8,1750,1,3,1,5,4709819,-27184,4,4,3,3,4,1,343,908,2,6,2,31,0,0,0,0,0
201900015808,19,8,20,239,1,1,5,5,4683297,477735,5,3,10,3,3,3,913,964,9,7,2,36,0,0,0,0,0
201900015809,19,5,22,665,5,5,9,3,4842873,-312334,3,4,0,1,3,1,447,630,7,5,5,98,0,0,0,0,0
201900015810,19,4,8,328,2,2,5,3,4714190,346460,5,3,42,1,4,2,811,321,8,6,1,50,0,0,0,0,0
201900015811,19,5,8,298,5,8,2,2,4950049,594167,3,3,52,3,4,1,628,307,5,7,4,87,0,0,0,0,0
201900015812,19,8,11,2114,5,9,7,4,4986669,508347,3,3,27,3,2,1,707,109,6,3,4,42,0,0,0,0,0
201900015813,19,9,17,1168,5,3,8,6,4744856,668011,1,3,7,1,3,1,214,749,4,4,1,95,0,0,0,0,0
201900015814,19,7,11,2079,4,2,4,4,4469803,390866,4,3,49,3,2,1,415,343,2,6,1,92,0,0,0,0,0
201900015815,19,12,28,289,5,5,8,3,4684688,390625,9,3,33,2,2,4,482,425,2,2,2,90,0,0,0,0,0
201900015816,19,6,16,557,4,4,7,2,4556035,371888,8,4,23,2,2,3,124,195,4,6,1,11,0,0,0,0,0
201900015817,19,4,18,562,2,2,6,3,4646449,147362,6,4,21,3,2,1,345,136,8,6,3,17,0,0,0,0,0
201900015818,19,11,5,1924,3,1,8,3,4418193,445662,8,2,25,1,2,4,698,234,4,6,1,90,0,0,0,0,0
201900015819,19,9,22,83,2,6,6,2,4788716,-364281,8,2,36,3,1,3,574,743,3,4,3,0,0,0,0,0,0
201900015820,19,4,14,1980,2,5,9,4,4623186,94219,3,2,47,2,1,2,350,137,1,6,3,76,0,0,0,0,0
201900015821,19,2,8,260,4,5,1,3,4741937,666543,3,4,33,2,1,3,244,904,1,6,1,49,0,0,0,0,0
201900015822,19,2,8,1900,2,7,9,4,4931720,600179,5,4,17,1,2,1,629,965,6,6,1,77,0,0,0,0,0
201900015823,19,3,22,1439,5,4,9,1,4757754,368991,7,4,43,1,1,4,543,275,9,6,3,47,0,0,0,0,0
201900015824,19,11,16,523,1,8,9,5,4700150,512973,6,3,37,2,3,3,221,721,5,3,2,39,0,0,0,0,0
201900015825,19,7,4,1321,1,3,3,6,4900743,395074,7,4,26,2,4,4,238,706,7,4,5,75,0,0,0,0,0
201900015826,19,10,16,1020,2,9,9,3,4734232,-334734,9,1,27,1,4,1,324,709,8,3,5,10,0,0,0,0,0
201900015827,19,2,4,624,1,8,2,4,4962633,11642,5,4,18,2,2,4,233,815,9,6,1,91,0,0,0,0,0
201900015828,19,6,2,2300,2,7,3,4,4816228,566580,5,2,20,2,2,1,790,305,6,1,2,86,0,0,0,0,0
201900015829,19,6,11,2012,1,1,3,3,4538274,626240,1,3,45,1,1,1,342,374,7,7,1,76,0,0,0,0,0
201900015830,19,6,13,256,1,7,5,5,4497419,-277765,5,4,53,3,3,4,251,679,3,2,2,63,0,0,0,0,0
201900015831,19,10,27,1727,2,1,7,4,4407174,627910,1,3,26,1,3,4,633,836,8,5,1,62,0,0,0,0,0
201900015832,19,10,18,2333,2,4,1,2,4507933,688130,4,2,20,1,4,3,752,408,5,6,1,28,0,0,0,0,0
201900015833,19,4,16,1408,1,4,2,7,4501831,-334281,8,3,19,2,1,3,395,547,6,2,1,66,0,0,0,0,0
201900015834,19,6,22,1018,4,8,2,6,4803985,-81668,9,4,16,3,1,1,426,589,4,6,2,7,0,0,0,0,0
201900015835,19,2,16,2048,4,3,4,4,4961708,242225,4,2,18,2,1,4,715,259,8,4,2,2,0,0,0,0,0
201900015836,19,9,9,530,2,5,1,2,4962840,-98440,5,4,46,2,3,3,436,973,2,2,2,85,0,0,0,0,0
201900015837,19,11,22,1598,5,3,9,4,4826672,429384,3,3,11,3,2,1,819,851,1,1,1,69,0,0,0,0,0
201900015838,19,2,14,567,2,3,9,7,4453536,494171,7,3,50,1,1,1,398,220,5,4,1,25,0,0,0,0,0
201900015839,19,1,3,467,5,8,7,6,4502714,-255150,3,3,25,1,3,4,583,813,4,5,4,27,0,0,0,0,0
201900015840,19,3,5,1726,2,2,3,2,4605700,143343,9,1,48,1,2,2,213,981,2,6,3,74,0,0,0,0,0
201900015841,19,3,9,1900,3,3,5,4,4817649,1004,4,4,48,2,3,1,753,483,7,3,4,16,0,0,0,0,0
201900015842,19,10,6,1836,4,2,5,1,4947100,-211554,4,2,51,3,3,1,46,629,9,4,3,72,0,0,0,0,0
201900015843,19,10,19,325,1,9,8,3,4597715,84438,7,1,31,1,4,1,413,166,2,3,5,95,0,0,0,0,0
201900015844,19,5,15,2009,4,9,1,6,4482774,-55288,1,3,45,2,3,4,456,650,1,2,5,15,0,0,0,0,0
201900015845,19,10,22,491,5,4,4,3,4779609,281880,9,2,50,1,3,2,826,392,6,7,1,47,0,0,0,0,0
201900015846,19,12,20,130,1,2,4,3,4452922,-351173,5,4,4,2,2,4,673,895,5,7,5,39,0,0,0,0,0
201900015847,19,12,22,767,5,7,1,6,4587771,371559,9,1,16,2,3,4,698,581,5,4,3,18,0,0,0,0,0
201900015848,19,10,14,2120,1,8,9,7,4858109,524508,3,2,43,3,3,1,322,742,1,7,4,47,0,0,0,0,0
201900015849,19,8,26,621,1,4,1,1,4831783,-234833,3,1,14,2,2,1,307,213,4,1,4,7,0,0,0,0,0
201900015850,19,1,15,1589,2,4,9,6,4957377,-63927,8,2,29,3,2,3,0,830,7,4,2,16,0,0,0,0,0
201900015851,19,1,6,1851,2,9,8,3,4962472,-282674,1,2,14,2,2,4,759,342,4,1,3,31,0,0,0,0,0
201900015852,19,3,20,2325,5,3,2,3,4825823,359744,5,4,37,2,3,4,153,212,4,2,1,61,0,0,0,0,0
201900015853,19,9,17,611,5,7,9,7,4437409,-396901,5,2,21,3,1,1,55,898,5,1,1,39,0,0,0,0,0
201900015854,19,2,21,1055,2,4,9,2,4609876,-8130,3,4,33,3,4,4,724,755,7,7,5,86,0,0,0,0,0
201900015855,19,10,19,654,4,4,5,4,4653527,494742,4,3,15,2,2,3,65,899,2,7,1,18,0,0,0,0,0
201900015856,19,11,23,212,1,1,6,2,4892177,461473,2,1,17,1,3,4,423,522,2,5,4,86,0,0,0,0,0
201900015857,19,9,7,1722,2,3,8,1,4439267,-333081,2,4,0,3,1,4,565,282,3,3,4,44,0,0,0,0,0
201900015858,19,5,14,937,4,5,9,5,4939953,463941,6,4,6,1,4,1,843,828,5,3,5,84,0,0,0,0,0
201900015859,19,10,1,1350,4,2,5,3,4480518,459256,4,4,10,1,4,1,338,119,2,7,5,18,0,0,0,0,0
201900015860,19,1,4,917,4,4,9,2,4861310,-133101,5,3,15,3,3,3,198,47,3,7,1,99,0,0,0,0,0
201900015861,19,11,22,81,3,7,8,6,4744973,-163331,3,4,51,2,1,3,832,209,6,4,5,48,0,0,0,0,0
201900015862,19,9,19,1218,2,2,7,2,4419780,267887,2,3,42,1,4,1,520,596,5,1,3,75,0,0,0,0,0
201900015863,19,4,8,1084,2,9,3,2,4414880,-35852,1,1,15,3,3,1,741,668,5,6,4,32,0,0,0,0,0
201900015864,19,6,12,1901,4,1,6,5,4868984,97268,3,1,26,3,1,3,489,860,3,1,4,82,0,0,0,0,0
201900015865,19,7,5,1384,4,6,5,3,4958668,158259,1,1,18,2,3,1,908,406,5,3,4,63,0,0,0,0,0
201900015866,19,3,17,406,5,1,1,5,4927540,-206163,2,3,31,1,2,3,408,60,1,2,5,35,0,0,0,0,0
201900015867,19,3,6,687,4,9,7,1,4743400,-206335,8,3,3,3,1,2,327,566,7,5,3,22,0,0,0,0,0
201900015868,19,8,16,1407,5,5,2,1,4854071,-256243,2,1,23,1,1,1,391,665,9,2,5,47,0,0,0,0,0
201900015869,19,12,18,439,2,1,7,3,4786780,-6843,2,3,51,3,3,2,431,886,5,6,3,29,0,0,0,0,0
201900015870,19,12,8,1225,1,5,6,1,4651698,532525,6,2,16,1,2,3,521,861,3,3,4,38,0,0,0,0,0
201900015871,19,5,1,1927,5,6,8,2,4777808,528587,8,3,33,2,2,1,424,851,9,6,2,12,0,0,0,0,0
201900015872,19,6,21,1085,3,7,4,4,4592989,272733,5,2,22,2,4,4,43,360,5,1,2,73,0,0,0,0,0
201900015873,19,8,17,724,3,8,9,5,4923246,312090,8,1,52,1,3,3,773,349,6,1,2,25,0,0,0,0,0
201900015874,19,8,22,1754,1,8,7,3,4906940,-222274,2,4,3,2,3,1,677,148,6,6,3,83,0,0,0,0,0
201900015875,19,7,15,2334,1,6,5,5,4801399,510013,8,3,7,3,2,1,498,859,4,2,3,31,0,0,0,0,0
201900015876,19,1,7,827,1,1,9,1,4415174,408136,2,4,23,1,4,4,185,389,5,6,3,1,0,0,0,0,0
201900015877,19,3,21,1248,1,1,1,5,4455485,227779,8,3,17,2,4,3,637,858,3,2,1,15,0,0,0,0,0
201900015878,19,7,1,430,5,2,2,1,4850226,-314469,9,4,4,2,2,3,643,289,4,4,3,54,0,0,0,0,0
201900015879,19,6,26,1594,3,2,8,5,4988147,693170,4,4,49,2,1,3,314,700,1,1,4,36,0,0,0,0,0
201900015880,19,10,9,2317,4,1,1,7,4934918,178774,3,3,20,2,1,3,307,264,5,4,4,53,0,0,0,0,0
201900015881,19,1,24,931,4,2,8,2,4858495,-85222,2,3,40,1,3,4,27,230,8,1,4,42,0,0,0,0,0
201900015882,19,1,11,138,3,6,6,7,4785103,615412,5,1,42,3,4,2,889,195,8,4,1,50,0,0,0,0,0
201900015883,19,1,26,102,1,1,4,6,4747295,503379,9,3,20,3,3,2,826,462,3,1,3,85,0,0,0,0,0
201900015884,19,12,16,1454,5,6,3,7,4633978,288450,6,3,4,1,1,3,229,155,3,2,5,63,0,0,0,0,0
201900015885,19,12,20,549,2,7,2,4,4689094,455311,6,1,47,2,3,1,640,922,9,1,4,66,0,0,0,0,0
201900015886,19,10,6,1817,1,6,7,3,4458235,-302036,5,4,45,2,1,2,741,531,5,2,2,97,0,0,0,0,0
201900015887,19,7,16,2318,2,5,3,7,4977771,697005,2,2,27,2,2,4,235,509,4,4,3,47,0,0,0,0,0
201900015888,19,1,20,550,3,9,1,1,4844805,439760,6,1,3,2,4,2,766,549,2,4,4,82,0,0,0,0,0
201900015889,19,10,28,1910,3,5,4,7,4606510,623263,2,4,50,1,1,4,236,192,5,1,5,37,0,0,0,0,0
201900015890,19,2,25,81,1,6,7,1,4821421,571950,9,3,21,3,1,3,461,443,5,7,4,84,0,0,0,0,0
201900015891,19,2,9,449,5,3,1,2,4441498,539583,7,2,24,2,4,2,234,814,7,1,3,83,0,0,0,0,0
201900015892,19,2,2,1553,3,7,5,3,4868645,510215,7,3,33,1,2,1,564,969,5,7,2,85,0,0,0,0,0
201900015893,19,10,3,1310,3,9,2,5,4658493,-112817,9,3,21,1,4,4,184,46,1,3,2,75,0,0,0,0,0
201900015894,19,5,15,918,3,8,1,5,4769072,-6960,4,2,14,2,3,1,141,350,8,2,3,10,0,0,0,0,0
201900015895,19,6,19,636,3,9,3,6,4451675,383580,8,4,41,3,1,2,824,546,5,6,5,3,0,0,0,0,0
201900015896,19,12,15,346,5,9,9,2,4663389,-29913,1,2,34,1,3,2,389,16,6,3,3,86,0,0,0,0,0
201900015897,19,9,16,2070,3,9,2,1,4871413,294934,8,3,44,1,3,4,663,835,5,5,5,3,0,0,0,0,0
201900015898,19,12,23,1394,1,7,7,6,4748388,550786,1,3,3,2,1,2,42,539,7,3,2,36,0,0,0,0,0
201900015899,19,10,25,2033,4,5,3,6,4545477,622522,6,4,2,1,3,3,550,974,4,4,5,84,0,0,0,0,0
201900015900,19,2,21,1335,3,8,8,6,4438279,-217320,4,3,27,1,2,2,808,822,9,1,4,84,0,0,0,0,0
201900015901,19,11,28,2075,5,1,4,2,4663266,595469,3,1,5,1,1,4,764,998,4,5,5,25,0,0,0,0,0
201900015902,19,12,20,2027,2,4,1,6,4687422,456873,6,4,30,3,1,1,565,49,7,6,4,42,0,0,0,0,0
201900015903,19,2,7,1457,2,4,1,7,4449332,335032,2,1,25,3,1,3,741,855,5,2,2,71,0,0,0,0,0
201900015904,19,1,15,709,4,5,1,2,4529591,603736,9,4,17,2,2,2,682,561,1,3,5,54,0,0,0,0,0
201900015905,19,10,3,1543,1,1,4,1,4673599,339436,5,2,28,1,2,2,363,147,6,4,3,66,0,0,0,0,0
201900015906,19,1,7,2002,3,8,2,3,4785664,308538,7,4,32,3,3,1,204,384,7,5,3,0,0,0,0,0,0
201900015907,19,7,23,1739,5,8,4,2,4604748,449205,3,4,51,3,4,2,457,76,9,5,4,80,0,0,0,0,0
201900015908,19,8,14,1909,1,8,8,3,4843875,194746,4,2,2,3,2,4,140,238,8,5,3,7,0,0,0,0,0
201900015909,19,11,16,2225,5,3,4,7,4935260,215708,2,3,3,2,1,4,133,899,1,3,4,27,0,0,0,0,0
201900015910,19,9,15,1268,2,4,9,5,4665334,-393074,3,1,2,2,1,1,876,531,2,6,5,12,0,0,0,0,0
201900015911,19,5,4,870,5,9,1,2,4957971,-24011,8,4,48,1,1,1,650,748,5,1,4,40,0,0,0,0,0
201900015912,19,5,12,248,4,6,3,6,4630904,-52555,3,2,22,2,1,1,668,659,4,5,4,47,0,0,0,0,0
201900015913,19,5,24,1214,5,9,1,1,4485785,550923,2,4,34,3,1,3,296,527,1,3,1,57,0,0,0,0,0
201900015914,19,10,1,1185,5,7,5,1,4524783,598857,3,4,35,3,4,2,229,922,9,3,3,4,0,0,0,0,0
201900015915,19,4,27,760,2,4,9,3,4764320,207372,5,4,27,1,3,1,430,855,9,4,5,0,0,0,0,0,0
201900015916,19,7,28,948,5,7,8,5,4825728,-309316,5,3,15,3,3,2,516,626,8,1,4,87,0,0,0,0,0
201900015917,19,2,12,1947,2,5,7,4,4450203,263319,2,2,28,1,4,1,125,162,1,6,5,33,0,0,0,0,0
201900015918,19,12,9,123,5,1,4,7,4424080,288359,9,1,21,2,1,1,827,371,3,4,2,64,0,0,0,0,0
201900015919,19,2,2,1985,5,7,9,2,4477132,246588,7,4,45,1,3,4,694,890,3,1,1,40,0,0,0,0,0
201900015920,19,3,17,1038,1,6,4,6,4749654,362849,5,1,51,3,1,1,723,727,8,6,2,91,0,0,0,0,0
201900015921,19,1,26,1838,2,7,5,3,4477471,-319244,5,4,40,3,4,4,878,25,5,4,5,39,0,0,0,0,0
201900015922,19,11,26,55,5,5,2,4,4809332,217745,6,4,1,3,3,2,197,879,1,7,1,27,0,0,0,0,0
201900015923,19,2,18,2074,4,9,1,4,4704522,395968,3,2,50,3,3,4,68,626,4,6,1,18,0,0,0,0,0
201900015924,19,4,5,1998,4,6,7,1,4591982,-102187,1,3,15,3,3,2,723,899,1,2,1,5,0,0,0,0,0
201900015925,19,12,23,303,4,7,8,4,4417879,603380,1,2,26,1,2,1,368,553,2,3,3,14,0,0,0,0,0
201900015926,19,2,20,211,4,4,2,2,4771802,344516,4,2,14,2,4,4,126,985,1,4,5,41,0,0,0,0,0
201900015927,19,8,7,63,4,7,1,5,4486468,-167479,3,2,53,3,2,1,651,818,3,7,1,47,0,0,0,0,0
201900015928,19,3,16,727,3,2,5,7,4708139,284960,1,1,19,2,4,4,421,224,9,3,2,7,0,0,0,0,0
201900015929,19,11,15,867,3,7,3,4,4450463,-387959,9,2,20,2,4,3,846,640,5,1,3,68,0,0,0,0,0
201900015930,19,11,11,1673,3,2,7,4,4435705,371198,5,2,13,3,2,2,676,838,5,3,5,13,0,0,0,0,0