Num_Acc,an,mois,jour,hrmn,lum,int,atm,col,lat,long,catr,circ,nbv,vosp,prof,plan,lartpc,larrout,surf,infra,situ,env1,unscathed,killed,hospital,light,chance
201900015931,19,7,16,1332,5,2,5,2,4975780,329274,4,1,34,1,1,3,102,49,3,1,4,45,0,0,0,0,0
201900015932,19,2,2,1782,4,4,8,1,4836848,-271622,9,1,32,2,2,1,580,703,2,7,2,46,0,0,0,0,0
201900015933,19,4,9,2086,2,4,9,7,4521602,580267,6,4,31,2,4,3,191,495,4,4,2,84,0,0,0,0,0
201900015934,19,5,1,386,4,4,7,1,4923450,-26223,1,4,52,1,4,4,242,562,3,2,4,32,0,0,0,0,0
201900015935,19,2,24,1708,1,6,2,6,4577338,-59336,5,2,10,2,3,1,258,136,2,4,1,27,0,0,0,0,0
201900015936,19,2,24,1601,3,2,8,6,4560794,509374,4,1,38,1,1,1,81,836,1,4,1,15,0,0,0,0,0
201900015937,19,7,20,389,4,8,9,7,4980323,-43414,6,2,47,1,4,1,730,332,1,1,5,73,0,0,0,0,0
201900015938,19,8,13,176,5,7,5,3,4643097,541537,7,1,1,3,4,2,106,60,3,6,4,28,0,0,0,0,0
201900015939,19,9,14,201,3,8,4,5,4929799,369771,9,4,29,3,1,2,451,828,7,5,1,72,0,0,0,0,0
201900015940,19,5,22,837,5,4,5,5,4954746,135375,1,3,17,2,4,1,22,569,2,1,5,11,0,0,0,0,0
201900015941,19,3,9,138,3,5,7,7,4610930,423283,2,3,49,3,4,4,345,657,7,2,1,32,0,0,0,0,0
201900015942,19,8,27,1922,4,9,4,1,4427249,87078,7,4,21,1,2,3,180,380,9,4,4,28,0,0,0,0,0
201900015943,19,2,17,1165,2,9,1,5,4488655,616921,8,1,16,3,3,3,364,163,5,1,5,87,0,0,0,0,0
201900015944,19,11,17,1390,5,1,8,1,4863799,452887,8,3,40,3,4,1,199,216,4,5,5,96,0,0,0,0,0
201900015945,19,8,1,1008,4,4,3,6,4901846,244482,4,3,26,2,1,1,824,122,3,7,2,77,0,0,0,0,0
201900015946,19,9,27,409,2,9,3,4,4803963,-274585,3,2,41,3,2,4,472,339,8,3,2,11,0,0,0,0,0
201900015947,19,7,12,1903,4,8,8,2,4940774,419251,4,1,17,2,3,1,692,472,1,2,5,98,0,0,0,0,0
201900015948,19,6,26,633,2,8,6,4,4554913,-166513,4,1,7,3,4,4,722,543,7,3,4,55,0,0,0,0,0
201900015949,19,8,8,958,3,7,2,3,4555652,556546,2,3,43,3,2,3,220,611,8,5,1,84,0,0,0,0,0
201900015950,19,10,8,586,1,7,8,3,4864445,-214700,4,1,32,2,1,2,887,353,9,6,2,94,0,0,0,0,0
201900015951,19,12,9,101,4,3,5,2,4563882,360647,4,1,18,2,1,4,429,549,9,6,1,0,0,0,0,0,0
201900015952,19,10,12,771,4,5,4,2,4421763,-49906,3,4,46,2,4,4,289,47,3,7,4,92,0,0,0,0,0
201900015953,19,5,9,164,5,6,2,6,4629527,652096,6,2,20,1,2,1,726,351,4,1,5,12,0,0,0,0,0
201900015954,19,4,22,213,5,3,5,4,4580412,-228814,3,2,24,2,3,2,389,370,9,6,1,10,0,0,0,0,0
201900015955,19,7,16,443,3,9,8,5,4593507,-291302,2,2,23,2,3,1,654,74,5,7,2,21,0,0,0,0,0
201900015956,19,12,15,1272,1,9,3,2,4993006,41126,6,4,15,1,1,4,554,78,1,7,3,81,0,0,0,0,0
201900015957,19,8,27,665,5,5,9,7,4404547,-291163,1,4,0,3,4,1,735,383,4,2,3,85,0,0,0,0,0
201900015958,19,3,11,2335,1,3,9,6,4631746,402605,8,3,23,1,3,3,577,225,7,3,5,77,0,0,0,0,0
201900015959,19,9,16,837,2,8,6,1,4618017,-251165,5,2,29,3,1,1,462,420,8,1,4,92,0,0,0,0,0
201900015960,19,3,6,318,1,4,8,1,4939937,602444,4,2,34,1,2,3,102,277,6,4,1,27,0,0,0,0,0
201900015961,19,11,4,1434,5,6,1,4,4512986,-110147,2,4,14,2,2,2,167,556,9,4,4,29,0,0,0,0,0
201900015962,19,10,22,286,4,3,2,5,4995946,386855,1,3,37,2,3,2,688,730,4,2,3,84,0,0,0,0,0
201900015963,19,3,6,2308,5,3,4,5,4800932,526912,7,4,26,1,3,2,79,219,4,2,5,85,0,0,0,0,0
201900015964,19,8,2,1302,3,4,8,1,4889836,101144,9,4,49,2,2,3,299,487,7,5,1,48,0,0,0,0,0
201900015965,19,11,26,688,3,2,4,5,4672730,108254,1,2,26,1,1,3,117,698,5,3,4,38,0,0,0,0,0
201900015966,19,9,3,828,1,4,6,4,4680028,-260157,1,1,46,2,4,1,753,652,7,4,3,85,0,0,0,0,0
201900015967,19,7,10,1289,4,2,1,4,4825684,578558,1,2,47,1,4,4,892,325,4,5,1,22,0,0,0,0,0
201900015968,19,2,17,807,5,4,6,5,4900891,-314321,7,1,6,2,4,1,565,474,7,7,2,5,0,0,0,0,0
201900015969,19,7,19,1292,3,7,2,3,4977654,355660,7,2,11,1,2,3,472,161,5,4,4,50,0,0,0,0,0
201900015970,19,11,24,1216,2,9,6,7,4793213,621707,5,2,52,1,4,2,146,69,2,7,4,21,0,0,0,0,0
201900015971,19,3,19,1318,3,5,4,7,4896067,508325,8,3,36,3,3,2,68,472,1,3,4,49,0,0,0,0,0
201900015972,19,2,21,972,5,7,1,5,4703298,565992,6,3,45,1,2,4,186,171,1,2,4,62,0,0,0,0,0
201900015973,19,3,6,339,1,2,8,4,4762632,-154403,7,4,9,1,2,3,532,7,5,7,2,50,0,0,0,0,0
201900015974,19,12,9,1546,2,7,1,3,4777370,-198087,9,3,45,1,1,2,572,775,3,2,5,48,0,0,0,0,0
201900015975,19,8,2,149,3,9,4,1,4627331,632852,3,4,34,1,1,1,341,231,7,3,4,64,0,0,0,0,0
201900015976,19,12,2,425,1,2,1,4,4522306,329861,7,2,10,3,3,2,442,516,9,2,5,71,0,0,0,0,0
201900015977,19,2,21,492,3,6,5,4,4461809,-77564,3,2,10,1,4,4,619,362,6,5,5,35,0,0,0,0,0
201900015978,19,6,27,2243,2,7,3,4,4898083,285991,9,1,40,3,1,4,611,887,4,6,5,95,0,0,0,0,0
201900015979,19,3,15,1183,5,3,4,7,4905031,-66148,9,2,26,3,4,4,45,412,3,2,3,80,0,0,0,0,0
201900015980,19,7,19,1540,2,2,8,7,4478815,15945,1,3,48,2,4,4,354,828,6,7,4,55,0,0,0,0,0
201900015981,19,10,11,2289,4,6,4,7,4684578,577959,2,1,12,2,4,1,330,427,3,4,2,31,0,0,0,0,0
201900015982,19,7,19,1785,5,9,4,2,4955007,466152,9,1,17,1,3,3,216,182,9,7,5,32,0,0,0,0,0
201900015983,19,3,1,1211,3,5,5,7,4528334,355273,5,1,27,2,2,3,390,716,2,3,2,61,0,0,0,0,0
201900015984,19,3,17,1407,4,8,2,3,4714100,-205643,3,4,18,1,4,4,538,185,9,5,5,88,0,0,0,0,0
201900015985,19,5,16,1853,5,7,6,1,4883700,-57909,2,1,24,1,2,4,698,755,2,6,5,30,0,0,0,0,0
201900015986,19,11,18,1303,3,9,2,5,4764587,462989,2,4,15,2,3,3,294,661,9,1,3,6,0,0,0,0,0
201900015987,19,9,14,1330,3,7,1,6,4628044,545813,6,3,2,2,2,3,661,660,7,2,2,72,0,0,0,0,0
201900015988,19,4,14,1067,3,5,9,5,4764806,-288092,6,3,24,2,1,3,231,103,2,1,4,3,0,0,0,0,0
201900015989,19,11,4,352,4,3,8,1,4718930,-14810,7,4,33,3,2,2,40,750,7,5,5,17,0,0,0,0,0
201900015990,19,2,19,2051,4,8,5,7,4695886,-289219,1,1,50,2,2,3,464,638,3,4,3,85,0,0,0,0,0
201900015991,19,3,11,1159,3,4,2,2,4633053,85116,3,3,3,2,3,4,165,830,8,1,5,50,0,0,0,0,0
201900015992,19,11,24,460,2,4,9,4,4893828,-300098,4,2,51,2,4,3,408,616,5,2,2,68,0,0,0,0,0
201900015993,19,1,11,1499,1,6,7,3,4437737,216220,1,4,53,2,1,4,775,913,7,6,3,82,0,0,0,0,0
201900015994,19,4,12,463,2,7,7,4,4877021,-362993,3,1,5,1,3,2,196,697,4,6,3,38,0,0,0,0,0
201900015995,19,9,26,1778,3,9,3,7,4770829,657856,2,3,50,2,2,1,414,789,7,3,2,37,0,0,0,0,0
201900015996,19,11,26,1875,5,1,3,7,4520891,263562,3,3,42,2,2,1,543,372,6,6,4,25,0,0,0,0,0
201900015997,19,7,21,2000,5,6,4,4,4802057,590767,8,1,20,2,4,4,491,655,9,4,3,91,0,0,0,0,0
201900015998,19,10,22,1361,5,3,9,5,4957560,-127561,4,3,26,3,2,2,758,784,2,4,4,33,0,0,0,0,0
201900015999,19,12,13,939,3,6,9,7,4494778,684725,4,3,14,3,2,2,81,240,6,1,3,89,0,0,0,0,0
201900016000,19,3,28,1558,4,2,4,3,4974541,126879,3,3,42,2,4,1,801,543,4,1,5,60,0,0,0,0,0
201900016001,19,10,15,230,1,1,4,6,4741906,72254,9,2,43,2,4,4,270,639,9,2,2,82,0,0,0,0,0
201900016002,19,11,13,2097,1,6,1,6,4713276,-319020,8,1,9,3,4,4,302,211,8,5,3,76,0,0,0,0,0
201900016003,19,3,13,1660,3,8,1,3,4925145,-355898,7,4,26,2,4,3,781,308,7,2,4,97,0,0,0,0,0
201900016004,19,1,8,1408,4,5,8,5,4932342,215682,7,3,52,3,3,1,913,866,9,6,1,94,0,0,0,0,0
201900016005,19,4,19,1839,1,5,1,3,4477774,-244988,2,4,35,2,4,2,153,697,1,6,2,50,0,0,0,0,0
201900016006,19,3,11,1525,1,3,4,4,4793671,293598,4,1,7,1,2,4,402,960,2,4,5,39,0,0,0,0,0
201900016007,19,8,7,2020,5,8,3,6,4815810,159619,2,1,21,3,4,3,636,724,6,5,2,22,0,0,0,0,0
201900016008,19,12,28,1517,2,9,2,2,4763046,160190,1,1,33,3,4,4,782,359,1,7,2,40,0,0,0,0,0
201900016009,19,1,3,1859,1,6,8,1,4511163,607981,5,1,7,2,3,3,163,95,3,1,5,79,0,0,0,0,0
201900016010,19,8,17,651,3,4,5,4,4867777,616295,9,4,42,1,3,4,518,672,1,5,2,90,0,0,0,0,0
201900016011,19,10,17,2027,1,3,8,2,4624192,-26870,4,3,26,2,2,2,346,229,9,7,3,34,0,0,0,0,0
201900016012,19,5,11,1121,1,7,6,1,4641603,331117,2,4,24,2,1,3,403,350,6,3,2,69,0,0,0,0,0
201900016013,19,2,26,1198,3,5,3,7,4601613,224838,7,1,46,3,1,2,870,224,7,3,3,50,0,0,0,0,0
201900016014,19,4,23,567,5,1,4,7,4716797,90723,7,4,43,1,3,3,138,588,7,5,1,2,0,0,0,0,0
201900016015,19,10,18,108,2,7,7,3,4446887,439324,7,4,15,3,2,4,684,379,9,4,3,88,0,0,0,0,0
201900016016,19,5,28,2236,4,5,1,3,4422831,372742,7,2,8,3,4,1,402,500,7,6,5,78,0,0,0,0,0
201900016017,19,11,7,1879,5,4,7,2,4621272,311623,9,2,19,3,2,4,251,554,6,2,5,56,0,0,0,0,0
201900016018,19,1,28,1177,5,1,9,2,4846689,-393019,8,1,42,2,1,4,622,534,3,5,5,70,0,0,0,0,0
201900016019,19,10,5,1973,4,9,2,7,4678094,565516,9,3,52,1,3,1,725,876,3,4,4,70,0,0,0,0,0
201900016020,19,2,18,897,2,3,5,1,4866891,281329,5,3,5,2,3,3,574,261,5,6,3,36,0,0,0,0,0
201900016021,19,9,16,1046,5,4,9,5,4963975,557323,4,3,20,3,4,1,238,294,9,4,3,59,0,0,0,0,0
201900016022,19,11,10,1846,4,7,7,5,4663215,202022,9,1,33,3,2,4,659,734,3,3,2,20,0,0,0,0,0
201900016023,19,10,19,2299,3,4,9,4,4541548,280654,7,2,2,2,2,2,80,721,5,5,5,96,0,0,0,0,0
201900016024,19,4,4,190,4,2,8,2,4704713,585652,1,3,41,3,2,4,523,796,8,3,1,80,0,0,0,0,0
201900016025,19,3,8,1713,1,2,9,1,4840949,75816,2,1,47,1,1,4,193,744,4,7,5,1,0,0,0,0,0
201900016026,19,7,24,1300,4,6,1,7,4999797,204888,4,4,12,2,3,2,712,518,3,7,1,15,0,0,0,0,0
201900016027,19,8,22,1369,3,8,8,3,4984600,210592,8,2,35,2,4,4,725,545,8,1,4,10,0,0,0,0,0
201900016028,19,7,12,1846,5,9,2,2,4865563,-241907,1,3,22,1,3,2,842,910,5,2,5,20,0,0,0,0,0
201900016029,19,8,21,1507,3,8,3,3,4673744,-62714,3,2,48,2,4,1,688,989,6,1,5,77,0,0,0,0,0
201900016030,19,7,21,440,1,4,2,3,4581423,-344217,5,4,18,1,1,1,285,186,4,6,3,2,0,0,0,0,0
201900016031,19,3,24,709,5,3,9,1,4500451,-328109,5,2,30,2,2,1,649,642,8,6,4,25,0,0,0,0,0
201900016032,19,10,21,1981,1,7,3,6,4403665,-243582,1,2,15,2,3,3,52,223,3,1,5,46,0,0,0,0,0
201900016033,19,12,9,552,1,7,3,2,4616821,204766,3,1,12,3,2,4,165,263,3,5,1,32,0,0,0,0,0
201900016034,19,9,5,2057,5,7,8,4,4793935,663361,6,4,5,2,3,4,346,669,4,2,3,81,0,0,0,0,0
201900016035,19,2,13,2232,3,3,4,6,4706645,564927,7,1,28,3,2,3,759,966,9,6,1,65,0,0,0,0,0
201900016036,19,6,26,1000,5,8,7,2,4424089,693702,9,2,32,1,1,3,528,656,7,4,3,66,0,0,0,0,0
201900016037,19,1,5,2250,3,4,4,6,4884309,297250,7,3,12,3,4,3,783,912,9,6,2,76,0,0,0,0,0
201900016038,19,1,8,280,5,2,4,7,4832649,-356848,1,2,2,3,2,3,308,288,4,4,2,43,0,0,0,0,0
201900016039,19,1,6,543,5,9,3,3,4500937,566865,1,1,18,2,3,1,486,814,5,1,2,79,0,0,0,0,0
201900016040,19,1,4,1068,3,7,8,7,4630600,192472,7,4,0,2,4,4,510,840,8,2,2,65,0,0,0,0,0
201900016041,19,7,24,252,5,5,2,3,4523761,655571,3,3,11,2,1,4,473,647,9,7,3,78,0,0,0,0,0
201900016042,19,4,27,2232,3,1,9,7,4544280,577436,4,4,10,1,3,1,390,142,5,2,1,45,0,0,0,0,0
201900016043,19,4,2,1559,4,2,1,7,4979433,51886,7,2,5,2,3,4,740,73,8,5,1,7,0,0,0,0,0
201900016044,19,6,27,192,1,1,1,3,4941659,22944,8,2,10,2,3,2,425,861,3,5,5,81,0,0,0,0,0
201900016045,19,7,25,52,4,1,1,7,4962934,152931,9,4,39,3,4,4,726,145,6,3,5,74,0,0,0,0,0
201900016046,19,3,14,1411,1,2,3,3,4544334,342650,3,4,33,2,4,4,55,88,5,1,4,61,0,0,0,0,0
201900016047,19,10,1,864,1,4,8,6,4671224,617681,6,3,36,1,1,3,703,793,8,5,4,27,0,0,0,0,0
201900016048,19,11,4,1843,1,7,9,2,4577943,26941,4,4,17,3,4,3,4,824,9,2,1,98,0,0,0,0,0
201900016049,19,9,3,374,4,2,5,1,4984787,-390310,1,2,14,1,1,3,752,413,9,3,3,86,0,0,0,0,0
201900016050,19,1,27,2110,5,5,4,1,4626255,-257663,9,4,10,2,2,4,598,783,5,5,5,15,0,0,0,0,0
201900016051,19,11,5,2140,4,9,3,4,4574710,277107,9,1,40,2,1,3,834,130,9,7,4,74,0,0,0,0,0
201900016052,19,4,24,1398,5,9,1,5,4709422,416943,7,2,40,2,3,2,311,713,3,3,5,91,0,0,0,0,0
201900016053,19,12,8,1836,5,6,4,7,4943384,128986,1,3,7,1,2,3,854,498,3,3,1,18,0,0,0,0,0
201900016054,19,12,3,1187,5,9,3,7,4847402,492700,6,4,17,2,1,4,341,4,6,5,4,64,0,0,0,0,0
201900016055,19,9,7,1206,4,4,2,1,4953836,619191,2,1,5,2,4,4,85,163,4,5,1,82,0,0,0,0,0
201900016056,19,7,16,298,5,4,1,6,4978082,527952,7,2,6,3,1,3,741,458,1,1,1,58,0,0,0,0,0
201900016057,19,7,15,885,2,1,7,1,4988937,-50245,3,1,44,2,2,1,807,394,7,2,2,16,0,0,0,0,0
201900016058,19,10,24,391,2,7,3,1,4687910,-46539,8,2,39,1,1,3,828,498,9,5,4,30,0,0,0,0,0
201900016059,19,4,11,25,3,5,9,4,4704812,-373290,1,2,32,2,2,3,316,962,8,6,2,2,0,0,0,0,0
201900016060,19,3,8,1504,2,5,7,1,4496841,-15474,2,1,36,3,4,1,462,663,8,6,5,52,0,0,0,0,0
201900016061,19,4,3,138,3,5,7,5,4491108,693862,3,2,1,1,4,4,790,314,1,2,3,78,0,0,0,0,0
201900016062,19,9,27,285,3,9,2,1,4588706,17249,8,4,17,3,3,3,375,787,4,3,3,20,0,0,0,0,0
201900016063,19,5,1,572,5,2,1,3,4831828,91059,3,4,49,1,4,3,758,327,4,5,2,66,0,0,0,0,0
201900016064,19,2,11,1286,3,1,9,4,4936214,322306,7,4,26,3,2,4,452,337,2,4,5,51,0,0,0,0,0
201900016065,19,8,16,728,5,8,7,2,4426093,-98987,9,4,35,3,4,3,623,455,3,2,1,23,0,0,0,0,0
201900016066,19,5,27,1962,3,7,8,7,4471278,652649,9,4,29,1,1,3,518,605,7,2,3,54,0,0,0,0,0
201900016067,19,12,4,976,3,1,1,3,4474635,670282,6,1,17,3,4,3,557,495,2,3,1,4,0,0,0,0,0
201900016068,19,2,9,2226,4,8,6,4,4863233,227677,7,2,39,2,2,4,500,560,1,3,3,83,0,0,0,0,0
201900016069,19,7,24,961,4,3,5,6,4522981,321921,7,4,53,1,2,2,687,288,6,7,5,90,0,0,0,0,0
201900016070,19,9,9,1481,3,3,4,3,4731952,-76900,4,2,35,1,2,1,808,574,2,2,2,61,0,0,0,0,0
201900016071,19,5,1,1987,3,7,2,5,4593457,205724,7,2,32,2,1,3,234,995,3,1,4,29,0,0,0,0,0
201900016072,19,4,10,439,5,1,8,3,4822820,294635,9,3,4,2,4,1,530,922,4,1,2,60,0,0,0,0,0
201900016073,19,4,24,593,5,8,6,1,4994182,267085,5,3,21,1,2,2,116,389,8,1,4,88,0,0,0,0,0
201900016074,19,2,22,250,2,6,6,7,4627633,512807,4,4,30,1,4,2,436,725,4,4,1,99,0,0,0,0,0
201900016075,19,1,28,1681,4,3,7,6,4657313,14051,6,1,10,1,3,2,170,350,7,1,2,93,0,0,0,0,0
201900016076,19,8,8,66,1,2,7,4,4934601,147958,2,4,36,1,3,2,90,850,2,3,3,73,0,0,0,0,0
201900016077,19,4,15,636,5,9,4,4,4886674,500501,6,4,3,1,3,1,128,487,7,6,2,99,0,0,0,0,0
201900016078,19,4,26,1303,2,2,3,3,4813726,455962,8,2,36,2,1,1,591,478,2,5,2,57,0,0,0,0,0
201900016079,19,4,4,665,3,2,7,7,4783230,176404,1,3,23,1,2,1,728,208,9,6,4,26,0,0,0,0,0
201900016080,19,11,28,586,2,7,1,1,4784848,550967,5,1,2,3,2,4,486,192,1,1,4,74,0,0,0,0,0
201900016081,19,6,4,1789,1,8,3,3,4832573,546698,7,1,39,2,4,4,227,339,1,3,1,24,0,0,0,0,0
201900016082,19,3,15,2113,5,4,4,2,4566022,547761,5,3,30,3,4,2,167,584,7,2,2,2,0,0,0,0,0
201900016083,19,2,28,1033,4,1,5,6,4599040,-36330,8,3,37,1,1,2,351,484,2,4,3,38,0,0,0,0,0
201900016084,19,3,22,1338,5,1,9,3,4558229,422206,1,2,17,2,2,3,872,782,4,6,3,0,0,0,0,0,0
201900016085,19,10,7,1612,3,2,4,1,4588212,559693,2,1,46,3,3,4,378,904,1,4,2,62,0,0,0,0,0
201900016086,19,7,27,2304,1,5,3,3,4404879,-188388,8,3,41,3,1,3,751,149,5,4,4,26,0,0,0,0,0
201900016087,19,5,2,2027,1,8,9,3,4577438,-118406,9,2,16,1,2,2,789,825,3,4,1,30,0,0,0,0,0
201900016088,19,2,1,151,5,8,6,5,4694217,-144656,9,4,38,1,1,4,817,214,3,7,5,45,0,0,0,0,0
201900016089,19,4,3,2310,4,1,8,4,4435771,179112,7,3,45,3,4,3,639,701,9,2,3,59,0,0,0,0,0
201900016090,19,4,20,429,2,2,2,6,4774281,-385126,3,4,53,3,2,3,596,435,3,4,3,36,0,0,0,0,0
201900016091,19,5,9,2326,5,6,9,4,4977282,43024,1,4,23,3,4,3,681,321,2,6,3,78,0,0,0,0,0
201900016092,19,1,12,131,2,4,1,2,4985394,337849,3,4,1,1,4,3,571,668,6,3,1,36,0,0,0,0,0
201900016093,19,6,8,532,3,1,7,2,4635687,259197,5,2,8,1,2,1,343,500,7,1,5,84,0,0,0,0,0
201900016094,19,8,2,221,1,3,8,1,4686062,-40591,8,3,0,3,2,3,207,207,2,3,1,89,0,0,0,0,0
201900016095,19,4,8,968,3,5,7,7,4691544,469598,2,4,43,2,2,3,895,980,4,6,5,18,0,0,0,0,0
201900016096,19,3,11,812,3,2,4,4,4460585,47331,8,1,40,3,2,2,552,762,9,5,4,0,0,0,0,0,0
201900016097,19,8,9,2198,2,5,2,6,4478388,-120825,3,2,8,1,2,3,108,768,3,6,1,87,0,0,0,0,0
201900016098,19,1,1,1717,1,1,7,3,4923086,-90249,8,3,4,2,1,1,824,91,2,3,3,69,0,0,0,0,0
201900016099,19,4,8,521,5,5,8,3,4533711,245791,8,1,14,2,2,4,220,804,4,5,4,1,0,0,0,0,0
201900016100,19,5,28,270,3,7,4,7,4643004,304341,4,4,35,2,2,1,322,916,8,5,4,57,0,0,0,0,0
201900016101,19,1,17,2353,2,3,6,3,4985484,-113662,5,4,3,3,2,1,331,316,2,7,4,38,0,0,0,0,0
201900016102,19,2,12,2172,4,8,5,5,4471758,699080,7,4,25,2,2,3,237,741,1,2,5,73,0,0,0,0,0
201900016103,19,8,7,929,4,7,9,4,4777927,-116566,2,1,0,2,1,2,811,320,5,1,5,81,0,0,0,0,0
201900016104,19,1,25,1206,1,3,6,4,4524257,-112038,8,1,49,3,3,3,538,504,4,7,5,85,0,0,0,0,0
201900016105,19,4,1,1954,4,3,6,3,4510776,156684,7,2,11,2,2,2,841,797,8,2,5,32,0,0,0,0,0
201900016106,19,12,16,263,2,3,9,5,4715811,47137,7,3,20,1,2,3,392,119,3,7,4,17,0,0,0,0,0
201900016107,19,1,28,1464,4,8,6,1,4628323,-233076,8,1,29,2,1,1,0,212,6,1,4,66,0,0,0,0,0
201900016108,19,2,5,1007,3,8,6,2,4779827,-147670,8,4,45,3,2,3,565,561,8,4,4,78,0,0,0,0,0
201900016109,19,2,24,305,1,3,1,7,4764238,-173491,4,2,35,2,1,4,875,831,1,7,1,31,0,0,0,0,0
201900016110,19,8,10,111,3,1,9,6,4987871,-267804,2,2,32,1,1,1,465,30,7,7,5,54,0,0,0,0,0
201900016111,19,6,9,2285,1,9,3,2,4498550,305319,5,2,35,2,3,3,824,385,4,7,5,37,0,0,0,0,0
201900016112,19,12,17,2150,2,9,5,2,4608394,-67722,5,3,32,2,2,3,372,906,4,7,3,81,0,0,0,0,0
201900016113,19,3,6,315,3,1,8,2,4883423,609067,2,3,37,2,1,2,378,88,7,4,1,50,0,0,0,0,0
201900016114,19,1,19,1138,1,9,5,5,4411866,393405,2,1,25,2,2,4,274,307,7,1,4,35,0,0,0,0,0
201900016115,19,2,2,2205,3,4,3,3,4913830,128099,5,4,30,1,2,1,288,98,3,1,1,94,0,0,0,0,0
201900016116,19,5,12,1977,3,9,3,7,4913151,514676,5,1,5,3,1,2,19,24,5,5,2,84,0,0,0,0,0
201900016117,19,8,26,196,4,2,4,7,4996073,671192,9,4,10,2,4,1,849,149,4,3,1,49,0,0,0,0,0
201900016118,19,12,14,57,4,8,9,6,4611739,59288,4,1,32,3,3,4,660,116,6,4,2,15,0,0,0,0,0
201900016119,19,12,27,1255,5,4,5,6,4901872,-50222,2,3,11,1,3,2,493,671,6,5,3,1,0,0,0,0,0
201900016120,19,5,22,701,1,6,1,1,4816333,627243,1,4,21,2,1,1,749,326,1,5,3,61,0,0,0,0,0
201900016121,19,9,16,1317,4,5,2,1,4698522,-195530,5,1,22,2,2,4,148,930,2,1,5,12,0,0,0,0,0
201900016122,19,11,25,2130,1,4,8,4,4645920,298949,9,3,13,3,3,1,212,384,7,5,3,9,0,0,0,0,0
201900016123,19,2,16,2310,1,1,9,2,4717891,228702,9,3,30,1,3,4,713,756,3,3,3,34,0,0,0,0,0
201900016124,19,6,23,1178,2,5,8,7,4804206,-292644,3,4,47,1,2,4,896,196,9,7,4,99,0,0,0,0,0
201900016125,19,4,7,1606,5,9,3,1,4972753,-294988,4,3,52,3,4,1,362,910,5,4,1,46,0,0,0,0,0
201900016126,19,9,27,3,1,8,3,7,4419230,119217,4,2,18,1,2,3,665,476,7,1,2,72,0,0,0,0,0
201900016127,19,8,27,2011,1,2,2,6,4983459,197075,6,3,8,3,2,4,645,434,6,2,1,61,0,0,0,0,0
201900016128,19,3,14,1378,3,1,9,2,4994956,611335,8,4,3,3,4,3,246,423,7,7,5,69,0,0,0,0,0
201900016129,19,8,26,1919,1,9,8,2,4747011,355396,9,3,47,3,2,3,450,747,6,1,2,17,0,0,0,0,0
201900016130,19,4,25,509,4,9,5,7,4915773,615552,9,2,23,1,2,2,675,784,4,1,1,54,0,0,0,0,0
201900016131,19,5,3,187,2,8,9,2,4923390,591165,7,2,33,2,3,1,263,572,8,4,4,11,0,0,0,0,0
201900016132,19,7,8,1051,1,1,5,1,4850245,436311,1,1,43,3,2,2,862,331,4,5,1,61,0,0,0,0,0
201900016133,19,11,16,1511,4,3,8,7,4864160,-246300,3,4,27,1,1,1,684,180,1,6,4,86,0,0,0,0,0
201900016134,19,2,20,2081,4,9,6,7,4924619,-85861,2,4,30,2,3,4,126,826,7,2,3,8,0,0,0,0,0
201900016135,19,7,3,132,3,3,4,7,4549383,-104745,2,3,16,2,2,3,219,493,4,4,5,67,0,0,0,0,0
201900016136,19,11,15,190,2,8,7,2,4855588,611639,7,1,10,3,4,1,799,851,9,4,1,56,0,0,0,0,0
201900016137,19,11,14,672,4,9,1,7,4443547,659048,7,3,28,1,1,2,288,428,6,7,3,27,0,0,0,0,0
201900016138,19,9,4,409,4,7,6,4,4713538,376480,3,2,27,1,3,3,813,915,6,6,2,97,0,0,0,0,0
201900016139,19,9,21,2243,2,1,3,3,4704367,-237806,1,3,50,2,2,4,152,387,6,3,2,79,0,0,0,0,0
201900016140,19,7,9,762,5,7,3,1,4976157,246324,5,2,37,1,1,3,619,826,1,4,3,95,0,0,0,0,0
201900016141,19,8,10,437,1,5,7,1,4985528,-371919,9,4,44,3,2,4,757,144,7,2,3,79,0,0,0,0,0
201900016142,19,4,10,1825,4,9,7,5,4849111,-148878,9,1,3,1,3,3,97,196,1,1,5,42,0,0,0,0,0
201900016143,19,4,10,2252,3,4,6,5,4945559,-339809,5,4,38,3,2,3,755,888,2,7,1,65,0,0,0,0,0
201900016144,19,10,13,519,2,6,1,2,4971594,86563,3,1,28,3,1,3,640,450,4,7,4,12,0,0,0,0,0