Num_Acc,an,mois,jour,hrmn,lum,int,atm,col,lat,long,catr,circ,nbv,vosp,prof,plan,lartpc,larrout,surf,infra,situ,env1,unscathed,killed,hospital,light,chance
201900016145,19,12,18,203,3,6,2,5,4653791,693581,1,2,19,3,2,4,187,348,1,3,5,85,0,0,0,0,0
201900016146,19,1,19,469,4,1,1,2,4990622,-217665,9,3,12,2,4,1,409,536,5,4,1,16,0,0,0,0,0
201900016147,19,12,18,2136,5,3,3,7,4786100,74905,5,3,35,3,3,1,531,75,1,6,2,86,0,0,0,0,0
201900016148,19,8,9,1775,1,3,7,4,4977256,334251,3,3,25,3,1,1,533,577,3,5,3,39,0,0,0,0,0
201900016149,19,5,1,1533,3,7,7,7,4943288,-112887,8,1,14,1,1,4,305,168,7,6,4,75,0,0,0,0,0
201900016150,19,5,18,1144,4,6,9,5,4832227,200378,7,2,50,1,3,4,136,734,1,6,1,92,0,0,0,0,0
201900016151,19,2,23,1564,3,6,3,1,4899554,-119489,3,1,48,1,1,1,651,72,5,5,3,35,0,0,0,0,0
201900016152,19,11,7,1496,4,8,7,7,4572751,282808,2,3,47,1,3,2,330,264,4,2,4,57,0,0,0,0,0
201900016153,19,6,27,1503,1,2,8,3,4773370,-221676,7,1,30,2,4,4,102,955,6,6,1,63,0,0,0,0,0
201900016154,19,3,11,1958,4,6,8,5,4933397,651739,9,2,15,1,3,2,159,578,4,6,5,11,0,0,0,0,0
201900016155,19,11,2,335,1,7,6,3,4653262,-266574,1,4,32,1,4,4,570,324,3,3,5,18,0,0,0,0,0
201900016156,19,2,16,2014,2,4,7,3,4728318,499035,4,2,8,3,1,2,23,731,9,3,5,1,0,0,0,0,0
201900016157,19,2,9,1334,1,4,6,1,4740109,352840,6,2,49,1,3,4,547,610,3,2,5,57,0,0,0,0,0
201900016158,19,7,1,846,4,4,4,1,4672004,104550,2,3,10,1,2,2,411,191,3,6,5,62,0,0,0,0,0
201900016159,19,5,19,55,1,5,8,2,4641256,600159,1,3,38,2,2,2,3,481,1,1,5,8,0,0,0,0,0
201900016160,19,3,6,1242,2,1,8,6,4578304,162844,6,4,41,2,4,4,311,586,2,6,2,32,0,0,0,0,0
201900016161,19,6,27,1723,4,6,5,2,4968661,445930,5,4,31,1,1,3,725,367,6,1,2,78,0,0,0,0,0
201900016162,19,5,24,2132,4,7,8,7,4923328,128803,6,1,34,2,4,1,497,175,5,2,3,28,0,0,0,0,0
201900016163,19,9,6,25,3,6,6,3,4963532,564723,4,4,45,2,2,2,212,832,5,4,4,28,0,0,0,0,0
201900016164,19,3,9,1537,4,9,5,5,4506292,257198,6,3,8,1,2,1,523,123,8,5,4,80,0,0,0,0,0
201900016165,19,4,22,1636,3,1,9,4,4674621,-126497,7,1,31,1,4,2,711,332,6,7,4,62,0,0,0,0,0
201900016166,19,2,10,1526,3,7,6,3,4873078,208208,9,2,35,3,4,2,397,63,4,3,2,11,0,0,0,0,0
201900016167,19,5,23,926,3,7,2,7,4637477,263303,8,1,42,1,1,3,70,8,3,6,5,0,0,0,0,0,0
201900016168,19,4,24,273,1,9,9,4,4423473,334185,7,2,39,3,4,3,590,134,5,2,5,24,0,0,0,0,0
201900016169,19,6,24,58,5,3,2,7,4681666,54258,9,2,3,3,2,3,711,110,2,6,5,91,0,0,0,0,0
201900016170,19,2,16,1802,4,7,3,4,4642476,-354182,4,4,52,1,4,4,435,484,8,5,1,47,0,0,0,0,0
201900016171,19,2,26,2278,5,5,2,4,4953719,691949,1,3,40,1,2,3,594,432,5,3,1,17,0,0,0,0,0
201900016172,19,7,13,1611,5,5,9,3,4640693,-108162,3,1,19,1,1,4,307,149,8,3,5,74,0,0,0,0,0
201900016173,19,11,2,457,2,8,2,5,4418422,-216649,8,4,43,3,2,4,407,885,5,2,5,33,0,0,0,0,0
201900016174,19,3,23,1949,1,5,7,5,4761815,127270,3,2,47,3,4,1,800,772,2,7,4,22,0,0,0,0,0
201900016175,19,8,26,89,5,3,1,5,4467361,487133,2,3,19,3,4,4,520,174,1,5,5,88,0,0,0,0,0
201900016176,19,6,25,1647,3,9,3,7,4795057,681312,6,3,52,2,2,4,292,940,9,3,4,86,0,0,0,0,0
201900016177,19,7,7,211,1,7,5,6,4765796,289875,2,2,49,2,1,1,204,822,7,3,5,68,0,0,0,0,0
201900016178,19,3,22,1359,2,6,9,7,4886479,491926,2,3,51,2,2,2,222,706,2,1,2,22,0,0,0,0,0
201900016179,19,4,28,967,5,4,4,2,4430564,-235207,8,4,32,1,1,1,190,227,4,3,2,24,0,0,0,0,0
201900016180,19,8,11,688,3,6,3,3,4819076,385064,9,3,35,2,3,1,3,423,4,3,5,68,0,0,0,0,0
201900016181,19,4,27,188,3,1,4,1,4545059,473908,3,2,28,1,3,3,168,942,2,1,1,87,0,0,0,0,0
201900016182,19,10,13,2139,5,9,9,3,4800649,226218,1,3,43,1,2,3,204,127,3,7,5,83,0,0,0,0,0
201900016183,19,8,18,1984,5,5,3,3,4920391,-28266,7,3,45,2,1,3,396,688,8,5,2,62,0,0,0,0,0
201900016184,19,8,4,1078,2,7,6,5,4871581,413535,9,4,50,1,1,1,269,959,3,7,3,30,0,0,0,0,0
201900016185,19,3,7,1576,4,4,7,5,4665841,139523,4,3,24,3,1,3,221,805,6,3,1,72,0,0,0,0,0
201900016186,19,7,7,696,1,7,5,6,4778145,375293,6,1,9,3,1,4,394,106,9,1,2,16,0,0,0,0,0
201900016187,19,2,26,143,1,5,8,5,4965004,70183,8,3,40,2,3,2,299,457,5,3,5,26,0,0,0,0,0
201900016188,19,3,15,1345,3,9,7,2,4525486,-367543,2,3,48,3,1,4,36,704,1,7,1,95,0,0,0,0,0
201900016189,19,3,27,1705,2,7,6,7,4455431,388971,8,4,30,1,1,4,259,404,5,7,2,46,0,0,0,0,0
201900016190,19,3,18,2252,3,4,2,6,4471113,-244817,9,3,32,2,4,4,698,784,4,2,2,99,0,0,0,0,0
201900016191,19,11,2,1919,5,4,4,3,4867730,-268851,3,3,34,2,4,4,453,114,2,6,4,26,0,0,0,0,0
201900016192,19,6,9,341,4,6,8,5,4831670,560530,3,2,46,3,3,1,895,132,9,7,1,13,0,0,0,0,0
201900016193,19,9,8,1856,3,2,8,4,4406512,230759,3,3,42,1,3,1,628,453,7,3,5,71,0,0,0,0,0
201900016194,19,10,22,2280,2,1,9,7,4968647,-377120,1,3,15,1,4,4,482,200,9,1,4,41,0,0,0,0,0
201900016195,19,2,5,972,2,9,5,3,4473204,48019,7,2,36,2,2,1,334,765,6,3,1,29,0,0,0,0,0
201900016196,19,10,1,1139,5,4,5,7,4848597,647378,2,4,19,3,3,2,855,686,8,6,4,32,0,0,0,0,0
201900016197,19,2,5,1670,1,8,6,4,4783367,28507,6,2,31,2,1,3,121,886,4,2,4,70,0,0,0,0,0
201900016198,19,3,14,1389,2,1,9,5,4502948,-375753,1,4,6,3,4,1,97,682,7,6,2,50,0,0,0,0,0
201900016199,19,7,2,2107,4,7,3,5,4935571,32186,4,2,16,3,4,2,780,753,1,1,1,48,0,0,0,0,0
201900016200,19,10,22,900,4,1,4,1,4653541,499252,6,4,43,2,2,4,340,451,2,4,4,33,0,0,0,0,0
201900016201,19,1,22,1737,2,4,4,3,4423024,220396,8,2,34,3,4,3,249,180,8,7,1,68,0,0,0,0,0
201900016202,19,5,13,1783,1,2,4,1,4891953,32731,2,1,21,2,4,2,267,412,7,6,5,66,0,0,0,0,0
201900016203,19,5,22,1553,3,1,8,6,4613402,173126,4,4,27,2,1,1,452,878,1,5,1,47,0,0,0,0,0
201900016204,19,5,7,2075,1,3,8,3,4441537,244132,7,3,37,3,2,4,213,910,6,2,1,79,0,0,0,0,0
201900016205,19,9,7,1835,5,9,6,4,4523734,95875,8,3,14,1,1,4,517,148,1,4,2,43,0,0,0,0,0
201900016206,19,1,12,1388,4,2,8,7,4480501,-79527,8,2,36,2,2,2,575,745,9,7,5,31,0,0,0,0,0
201900016207,19,1,2,1996,4,8,7,6,4411669,501323,9,4,28,3,1,2,753,601,5,2,3,7,0,0,0,0,0
201900016208,19,12,12,919,4,4,2,1,4804810,520982,6,1,35,1,3,4,808,612,2,6,4,73,0,0,0,0,0
201900016209,19,4,10,149,4,9,7,1,4749025,-264079,7,4,53,1,1,2,41,179,6,2,4,54,0,0,0,0,0
201900016210,19,2,28,289,5,7,7,3,4884658,498988,8,3,28,2,1,4,245,567,1,1,1,65,0,0,0,0,0
201900016211,19,1,25,690,5,2,7,5,4762046,188641,5,4,24,2,3,3,880,621,8,5,3,37,0,0,0,0,0
201900016212,19,1,25,241,1,2,3,5,4475997,-252247,6,2,46,3,4,4,694,896,3,1,5,19,0,0,0,0,0
201900016213,19,10,7,1349,5,3,9,4,4879341,308253,4,4,40,3,3,4,423,276,9,5,3,18,0,0,0,0,0
201900016214,19,8,6,1404,3,9,4,4,4985922,515956,8,4,14,3,4,1,553,830,6,7,3,4,0,0,0,0,0
201900016215,19,3,5,79,1,2,2,2,4986575,-240472,8,3,48,1,1,3,873,447,6,2,4,53,0,0,0,0,0
201900016216,19,3,20,2324,4,1,8,7,4915735,505007,9,2,50,1,4,3,96,764,4,1,1,56,0,0,0,0,0
201900016217,19,3,11,1430,2,3,9,1,4461127,270863,3,2,44,1,3,1,328,254,4,3,2,11,0,0,0,0,0
201900016218,19,3,20,518,2,6,2,1,4850442,-42725,9,1,19,1,2,4,880,799,7,3,5,60,0,0,0,0,0
201900016219,19,6,12,1461,2,7,7,2,4458078,146509,4,4,45,3,1,4,458,227,6,3,5,5,0,0,0,0,0
201900016220,19,4,11,413,2,7,5,6,4763357,454008,5,3,45,1,4,1,715,487,8,5,5,67,0,0,0,0,0
201900016221,19,6,20,1088,3,4,1,3,4654489,-395953,2,2,8,1,3,4,373,693,8,7,1,94,0,0,0,0,0
201900016222,19,9,21,2103,3,4,3,1,4410727,221581,9,2,8,2,2,2,860,510,2,3,1,65,0,0,0,0,0
201900016223,19,5,16,1295,1,9,1,3,4578687,212050,3,4,16,3,3,1,188,250,7,7,4,85,0,0,0,0,0
201900016224,19,4,1,1673,1,1,5,4,4415189,531626,4,1,46,3,1,1,643,833,6,3,1,15,0,0,0,0,0
201900016225,19,7,4,1672,1,2,5,2,4915036,87143,7,3,26,2,1,2,626,699,7,5,3,43,0,0,0,0,0
201900016226,19,3,24,1107,4,8,7,3,4485597,-321954,2,2,39,1,3,2,311,225,4,1,5,98,0,0,0,0,0
201900016227,19,6,15,2088,4,3,1,6,4665416,170941,2,1,14,3,4,4,185,574,9,1,1,78,0,0,0,0,0
201900016228,19,4,7,789,5,1,6,1,4578037,75324,1,3,33,1,1,1,510,640,7,7,3,98,0,0,0,0,0
201900016229,19,9,13,1684,4,2,2,6,4493278,482005,2,1,43,3,1,2,174,413,8,2,1,93,0,0,0,0,0
201900016230,19,8,18,2116,1,7,6,5,4484095,248220,2,4,28,1,1,2,24,398,8,2,1,70,0,0,0,0,0
201900016231,19,12,5,634,5,7,7,2,4690240,-205950,5,1,12,3,1,3,118,5,9,3,1,81,0,0,0,0,0
201900016232,19,7,24,771,1,1,7,4,4654489,286682,9,3,4,2,1,4,707,717,9,6,5,76,0,0,0,0,0
201900016233,19,6,3,544,4,5,6,4,4658093,-236979,9,4,36,3,1,1,48,326,6,5,1,98,0,0,0,0,0
201900016234,19,6,16,448,4,3,9,4,4641198,-253842,1,4,13,1,1,2,33,445,3,4,1,44,0,0,0,0,0
201900016235,19,2,14,1666,1,8,7,1,4632295,-41292,4,1,18,2,4,3,796,641,9,6,4,80,0,0,0,0,0
201900016236,19,9,23,949,3,4,4,6,4759076,243245,7,2,17,3,4,3,291,528,3,4,5,36,0,0,0,0,0
201900016237,19,5,16,2263,5,7,6,4,4839726,460808,5,4,10,1,4,3,871,175,7,2,2,77,0,0,0,0,0
201900016238,19,2,5,2221,1,3,9,7,4401085,-142398,9,4,43,1,3,1,873,449,3,5,5,48,0,0,0,0,0
201900016239,19,12,23,438,5,2,6,1,4913652,64003,8,3,47,3,4,3,573,423,2,5,5,11,0,0,0,0,0
201900016240,19,1,26,422,5,1,9,4,4512852,-246448,2,2,5,2,2,2,858,466,7,7,4,69,0,0,0,0,0
201900016241,19,4,2,566,2,4,9,6,4569997,265201,8,3,46,3,1,1,386,694,4,6,1,74,0,0,0,0,0
201900016242,19,2,16,1732,5,6,8,2,4983552,517572,8,2,51,3,4,2,800,596,4,6,1,82,0,0,0,0,0
201900016243,19,9,22,2068,4,5,9,5,4852245,-64000,1,3,51,3,3,1,374,500,4,5,5,16,0,0,0,0,0
201900016244,19,6,2,2080,3,3,8,6,4834293,208995,5,4,42,2,3,2,221,561,2,1,1,62,0,0,0,0,0
201900016245,19,5,1,1667,1,2,4,1,4863421,595147,6,2,32,1,4,1,417,555,3,2,5,79,0,0,0,0,0
201900016246,19,12,19,1478,1,3,5,4,4961306,621212,3,1,37,1,4,4,534,88,4,2,1,23,0,0,0,0,0
201900016247,19,5,10,392,3,3,7,6,4919850,627922,5,4,2,1,3,4,296,554,2,5,3,73,0,0,0,0,0
201900016248,19,2,10,94,2,6,7,2,4594532,-348459,2,4,27,1,1,4,81,414,5,2,5,75,0,0,0,0,0
201900016249,19,6,3,1349,2,6,4,6,4636113,587548,6,2,1,2,2,3,469,766,4,6,2,60,0,0,0,0,0
201900016250,19,6,6,769,4,6,1,3,4506165,396288,1,1,37,3,3,2,549,221,8,3,4,59,0,0,0,0,0
201900016251,19,11,1,972,1,8,7,5,4691281,278877,5,3,48,2,4,3,649,281,5,4,4,74,0,0,0,0,0
201900016252,19,7,28,274,5,2,9,3,4872052,243230,2,2,16,2,4,3,103,152,5,6,4,42,0,0,0,0,0
201900016253,19,5,11,997,5,9,7,1,4811233,-345803,7,1,2,2,3,4,640,394,3,1,5,89,0,0,0,0,0
201900016254,19,12,6,1843,4,8,6,3,4682089,-19162,7,1,9,2,1,3,338,713,5,7,1,84,0,0,0,0,0
201900016255,19,9,19,1495,5,8,2,3,4410524,-98770,1,3,28,3,2,2,405,862,6,4,4,82,0,0,0,0,0
201900016256,19,8,19,793,1,4,7,3,4605788,619805,2,2,40,2,1,2,440,31,6,3,4,12,0,0,0,0,0
201900016257,19,4,17,645,3,7,3,1,4513196,-247593,5,2,11,1,2,4,684,987,9,4,2,87,0,0,0,0,0
201900016258,19,9,9,2187,4,6,6,2,4422351,642701,5,3,8,2,3,1,839,562,2,5,4,54,0,0,0,0,0
201900016259,19,10,24,1833,4,3,6,1,4450850,-274580,5,4,10,1,3,4,485,694,1,7,3,75,0,0,0,0,0
201900016260,19,4,28,918,4,4,3,1,4532430,-45266,7,2,9,1,2,4,45,627,3,3,1,29,0,0,0,0,0
201900016261,19,8,19,1185,5,1,7,2,4668631,571695,4,2,38,1,3,4,313,372,2,2,4,41,0,0,0,0,0
201900016262,19,10,1,103,2,2,9,1,4807203,613632,3,2,49,1,3,1,177,616,9,6,3,40,0,0,0,0,0
201900016263,19,8,15,149,1,4,1,7,4861289,-143752,9,4,37,3,4,4,684,78,4,7,2,70,0,0,0,0,0
201900016264,19,10,2,769,3,2,3,3,4865770,-373714,2,4,2,2,3,2,272,563,7,4,2,58,0,0,0,0,0
201900016265,19,5,14,140,1,3,6,5,4602658,309704,5,3,2,1,3,1,840,288,8,6,4,50,0,0,0,0,0
201900016266,19,6,12,1896,2,4,1,3,4981890,19537,6,4,37,2,1,1,648,637,7,4,2,88,0,0,0,0,0
201900016267,19,12,20,1905,5,5,3,6,4992117,279152,8,2,28,1,4,3,770,372,9,1,1,6,0,0,0,0,0
201900016268,19,10,17,1276,5,7,1,2,4455918,624354,1,2,49,3,1,3,9,625,9,5,1,26,0,0,0,0,0
201900016269,19,10,4,1644,3,9,2,2,4814888,430754,3,1,49,3,2,3,423,787,8,4,1,26,0,0,0,0,0
201900016270,19,4,21,1744,1,6,8,7,4462321,-169443,4,1,29,2,3,4,783,494,3,6,1,52,0,0,0,0,0
201900016271,19,11,18,1146,1,8,7,4,4428453,173414,6,3,23,1,1,1,839,391,5,4,2,61,0,0,0,0,0
201900016272,19,9,17,1895,5,8,2,2,4773190,546148,1,1,15,2,1,4,699,173,7,2,4,81,0,0,0,0,0
201900016273,19,10,13,2117,5,4,2,3,4555978,-16180,4,4,37,3,3,4,234,822,3,6,2,7,0,0,0,0,0
201900016274,19,3,27,1299,2,7,9,3,4460904,320755,3,4,8,2,4,4,24,958,1,3,1,6,0,0,0,0,0
201900016275,19,3,10,1957,4,5,8,2,4518549,-141305,2,3,12,2,1,3,143,410,5,2,2,9,0,0,0,0,0
201900016276,19,9,12,1429,4,8,4,5,4850571,517478,5,3,42,1,1,3,485,773,8,6,4,53,0,0,0,0,0
201900016277,19,12,10,274,4,9,6,4,4452714,629224,3,2,0,1,4,2,438,282,8,4,3,67,0,0,0,0,0
201900016278,19,11,1,291,4,4,3,3,4584941,-33869,4,3,46,2,2,1,835,509,7,6,5,22,0,0,0,0,0
201900016279,19,8,8,1180,3,5,9,6,4783939,536670,9,4,26,3,2,4,68,868,5,1,4,49,0,0,0,0,0
201900016280,19,12,7,1516,1,6,9,3,4440195,146795,4,1,40,2,4,1,0,466,1,7,1,44,0,0,0,0,0
201900016281,19,3,11,1041,2,8,7,7,4713761,-113069,4,4,49,3,2,4,32,500,4,5,4,13,0,0,0,0,0
201900016282,19,3,14,2064,3,9,8,3,4702319,304219,6,3,41,1,4,4,424,82,9,4,4,8,0,0,0,0,0
201900016283,19,1,22,1809,5,2,8,2,4728179,563085,9,1,19,3,3,1,195,460,5,7,2,38,0,0,0,0,0
201900016284,19,11,5,102,3,3,9,6,4782111,488548,1,2,2,1,4,1,793,40,7,6,4,63,0,0,0,0,0
201900016285,19,6,24,1510,2,3,2,7,4902769,212990,8,4,37,2,4,1,456,334,7,4,2,63,0,0,0,0,0
201900016286,19,1,21,246,5,8,1,6,4481053,-166660,8,3,3,2,4,3,731,67,1,4,5,71,0,0,0,0,0
201900016287,19,4,17,2010,5,7,6,6,4571426,-337229,9,3,38,1,1,2,44,700,3,6,5,53,0,0,0,0,0
201900016288,19,12,28,2264,3,1,7,5,4472069,69872,2,4,27,2,1,1,452,365,4,5,2,90,0,0,0,0,0
201900016289,19,6,10,1278,2,9,6,1,4857067,624887,8,3,40,2,4,2,572,487,3,4,2,74,0,0,0,0,0
201900016290,19,4,28,1955,3,7,4,1,4845343,25263,6,2,40,2,3,2,530,669,8,4,2,4,0,0,0,0,0
201900016291,19,7,20,1397,5,8,5,7,4852723,509129,2,1,45,1,4,1,207,567,8,7,1,54,0,0,0,0,0
201900016292,19,6,17,1781,4,3,5,1,4401279,-21567,8,3,47,3,3,1,427,775,3,3,1,62,0,0,0,0,0
201900016293,19,2,5,488,1,9,9,4,4805490,139958,8,2,49,3,1,1,563,909,4,4,3,96,0,0,0,0,0
201900016294,19,4,5,699,1,7,6,5,4855853,494177,5,1,32,2,2,1,602,817,8,5,4,93,0,0,0,0,0
201900016295,19,12,19,1286,1,7,5,5,4764280,305054,5,4,44,2,2,4,190,4,3,4,2,38,0,0,0,0,0
201900016296,19,11,14,487,5,1,7,1,4496582,184213,6,1,10,3,3,4,366,406,6,5,5,50,0,0,0,0,0
201900016297,19,8,21,308,3,4,9,2,4588081,-122084,2,3,22,2,3,2,397,892,5,4,3,95,0,0,0,0,0
201900016298,19,5,11,248,2,3,3,4,4599826,-241941,8,2,41,2,4,4,152,419,9,7,5,87,0,0,0,0,0
201900016299,19,7,20,908,2,1,8,2,4654230,51011,1,3,35,3,3,2,12,123,7,4,5,90,0,0,0,0,0
201900016300,19,9,27,1373,1,1,3,2,4561983,-275918,3,4,0,3,3,2,646,36,9,3,4,10,0,0,0,0,0
201900016301,19,6,1,772,3,1,9,1,4669488,-318894,2,3,5,2,3,3,834,935,6,1,2,96,0,0,0,0,0
201900016302,19,2,28,1151,5,8,3,2,4844240,-267183,7,2,40,2,2,1,624,236,1,1,4,25,0,0,0,0,0
201900016303,19,12,23,639,3,5,3,4,4535549,41229,2,1,49,3,4,4,717,899,7,2,3,53,0,0,0,0,0
201900016304,19,12,21,718,2,9,4,3,4406515,-94706,6,3,48,1,1,1,448,960,3,7,1,47,0,0,0,0,0
201900016305,19,12,20,1569,5,8,8,6,4524918,-303969,1,1,20,1,4,2,638,365,8,1,1,6,0,0,0,0,0
201900016306,19,10,2,476,1,2,4,5,4901758,-378793,1,2,27,2,1,3,544,35,7,5,4,43,0,0,0,0,0
201900016307,19,4,10,2105,1,2,8,2,4736232,-351875,3,2,32,3,4,1,134,635,6,3,3,33,0,0,0,0,0
201900016308,19,8,23,1362,2,1,9,4,4544751,-284160,3,1,51,3,2,4,39,746,8,5,1,65,0,0,0,0,0
201900016309,19,4,26,1693,1,5,1,6,4603074,677249,4,3,53,1,3,1,727,902,3,1,2,46,0,0,0,0,0
201900016310,19,3,6,224,2,1,8,6,4981556,-224752,5,1,5,2,3,4,262,537,1,3,1,54,0,0,0,0,0
201900016311,19,4,2,1320,1,5,9,7,4628806,152420,9,4,26,1,4,1,106,438,6,2,4,3,0,0,0,0,0
201900016312,19,5,6,916,5,5,4,4,4620116,371700,1,4,6,2,2,1,913,534,5,2,5,76,0,0,0,0,0
201900016313,19,10,17,60,5,1,3,5,4822886,-12965,7,1,7,1,4,2,758,747,2,2,1,47,0,0,0,0,0
201900016314,19,7,12,1730,3,9,5,3,4696611,420299,7,4,3,3,2,1,12,755,9,3,1,90,0,0,0,0,0
201900016315,19,7,9,225,3,5,2,2,4554341,-223443,7,4,24,2,1,1,495,852,3,4,2,20,0,0,0,0,0
201900016316,19,9,18,2228,4,1,8,6,4521848,305748,8,4,4,3,2,1,152,558,5,4,5,65,0,0,0,0,0
201900016317,19,9,22,843,3,1,3,7,4723554,-90458,7,2,52,1,2,2,617,335,7,6,4,6,0,0,0,0,0
201900016318,19,10,1,588,5,4,4,1,4850276,-381519,7,4,13,3,2,1,752,671,5,6,4,23,0,0,0,0,0
201900016319,19,1,12,2119,4,8,7,1,4716655,-260698,4,3,47,1,4,3,156,620,7,6,2,47,0,0,0,0,0
201900016320,19,8,17,209,3,2,2,3,4930650,660082,1,2,47,2,1,4,79,68,7,1,5,12,0,0,0,0,0
201900016321,19,3,7,175,1,6,8,4,4457569,-78969,4,1,24,3,2,2,560,130,6,4,5,37,0,0,0,0,0
201900016322,19,6,18,2115,2,9,5,4,4940480,481056,3,3,27,1,3,1,888,976,5,3,5,82,0,0,0,0,0
201900016323,19,5,26,107,1,9,8,7,4796186,-336832,3,3,21,1,1,1,475,174,2,3,1,48,0,0,0,0,0
201900016324,19,9,11,42,3,4,4,4,4765179,127968,2,1,10,2,2,3,44,194,3,4,1,6,0,0,0,0,0
201900016325,19,5,4,1436,3,7,3,4,4401224,517782,6,2,48,1,2,1,79,258,7,3,4,51,0,0,0,0,0
201900016326,19,7,19,704,3,9,8,4,4991593,-275154,1,2,33,1,1,3,330,754,8,7,4,57,0,0,0,0,0
201900016327,19,6,17,1126,2,4,8,3,4830238,-122516,4,4,20,2,3,1,608,599,6,2,4,79,0,0,0,0,0
201900016328,19,11,23,193,4,4,6,3,4956251,398705,7,4,39,2,4,2,307,648,9,3,3,71,0,0,0,0,0
201900016329,19,10,21,1689,3,1,6,3,4472345,178107,2,2,5,2,4,2,636,937,8,6,5,77,0,0,0,0,0
201900016330,19,11,10,2263,5,3,4,4,4720276,-357941,4,4,37,3,4,4,780,222,5,2,1,2,0,0,0,0,0
201900016331,19,1,20,1583,3,5,8,5,4788032,327055,6,2,2,3,4,1,455,211,7,7,3,61,0,0,0,0,0
201900016332,19,11,23,1301,5,7,8,7,4979635,558238,2,3,21,2,4,3,859,180,2,5,5,98,0,0,0,0,0
201900016333,19,4,19,1298,4,7,1,6,4554457,-148633,7,3,8,2,2,3,213,817,3,4,2,41,0,0,0,0,0
201900016334,19,7,5,2024,4,1,7,2,4968650,431852,2,3,18,1,2,1,34,482,2,3,5,95,0,0,0,0,0
201900016335,19,6,4,2063,3,9,9,6,4947959,-132834,1,4,31,2,1,3,707,25,2,5,5,15,0,0,0,0,0
201900016336,19,12,18,969,1,4,1,7,4866307,171594,4,2,9,3,1,4,209,503,4,7,2,40,0,0,0,0,0
201900016337,19,10,20,1094,3,9,2,4,4469229,12645,4,4,37,3,3,3,841,258,7,7,5,60,0,0,0,0,0
201900016338,19,3,9,1018,5,3,9,3,4635459,397429,6,3,19,2,2,3,442,160,1,7,3,29,0,0,0,0,0
201900016339,19,2,27,757,1,8,1,5,4825337,450496,7,4,19,3,3,3,122,174,1,7,4,50,0,0,0,0,0
201900016340,19,5,19,2065,3,4,5,7,4638528,-127832,9,1,25,3,3,3,545,792,1,7,1,26,0,0,0,0,0
201900016341,19,4,26,910,3,4,3,6,4761442,-212621,8,1,14,1,2,4,781,316,4,6,3,23,0,0,0,0,0
201900016342,19,11,27,2161,4,7,9,1,4760900,609434,1,3,19,2,4,1,214,299,5,4,5,17,0,0,0,0,0
201900016343,19,11,18,1029,2,3,3,3,4685201,314709,4,1,34,2,3,3,790,341,6,7,2,18,0,0,0,0,0
201900016344,19,2,23,1852,1,5,3,5,4677592,-246850,2,1,14,2,1,4,549,383,1,3,1,44,0,0,0,0,0
201900016345,19,8,27,1186,4,8,6,1,4898370,185320,1,4,5,3,3,4,190,894,6,4,2,99,0,0,0,0,0
201900016346,19,7,10,592,5,7,6,7,4403558,424076,6,1,35,3,3,2,588,877,8,4,4,88,0,0,0,0,0
201900016347,19,1,26,2351,2,9,8,4,4679354,-268397,5,1,44,3,2,1,528,772,7,3,5,31,0,0,0,0,0
201900016348,19,3,22,786,3,7,4,3,4462697,-13942,7,4,28,1,1,1,553,861,8,3,1,40,0,0,0,0,0
201900016349,19,11,6,425,5,7,3,5,4556680,-22680,6,1,45,3,1,3,403,561,6,6,3,26,0,0,0,0,0
201900016350,19,11,24,588,3,5,6,3,4905275,-262366,9,3,6,2,3,3,862,939,1,3,3,27,0,0,0,0,0
201900016351,19,2,7,1040,3,4,9,2,4939820,243699,8,2,31,3,3,2,519,864,9,2,4,57,0,0,0,0,0
201900016352,19,11,10,1578,4,1,5,6,4665057,88366,7,4,2,1,3,3,208,579,1,4,4,51,0,0,0,0,0
201900016353,19,9,19,1466,2,6,9,4,4451071,418501,2,1,4,3,1,1,148,531,3,3,5,44,0,0,0,0,0
201900016354,19,4,14,1612,1,1,3,1,4410687,414862,8,3,50,3,2,2,681,795,3,3,3,83,0,0,0,0,0
201900016355,19,1,26,1109,2,4,2,5,4948685,253011,8,2,0,2,2,1,410,917,4,3,4,5,0,0,0,0,0
201900016356,19,12,1,367,2,6,7,7,4888170,-13752,2,3,45,3,4,3,839,643,3,2,3,28,0,0,0,0,0
201900016357,19,3,23,138,5,3,2,6,4712644,-8003,5,4,53,2,1,2,470,793,3,1,5,8,0,0,0,0,0
201900016358,19,3,26,1896,3,7,3,3,4872951,374373,8,3,40,2,2,2,572,48,5,4,1,83,0,0,0,0,0