Num_Acc,an,mois,jour,hrmn,lum,int,atm,col,lat,long,catr,circ,nbv,vosp,prof,plan,lartpc,larrout,surf,infra,situ,env1,unscathed,killed,hospital,light,chance
201900016359,19,3,17,416,1,8,5,2,4520142,-212442,7,2,6,3,2,2,150,739,5,2,1,50,0,0,0,0,0
201900016360,19,10,26,2293,4,3,5,6,4463924,140189,3,1,24,2,3,2,268,528,3,5,2,24,0,0,0,0,0
201900016361,19,5,13,1613,3,3,7,6,4959104,450624,2,4,2,2,2,3,389,835,5,3,2,56,0,0,0,0,0
201900016362,19,9,10,994,5,4,4,1,4531751,301671,4,4,48,1,4,4,30,803,8,4,2,53,0,0,0,0,0
201900016363,19,2,2,469,2,3,9,6,4455413,122526,4,1,42,2,3,1,716,82,6,1,4,50,0,0,0,0,0
201900016364,19,4,3,1400,5,3,3,5,4677030,518936,8,4,39,3,2,3,120,90,1,4,4,13,0,0,0,0,0
201900016365,19,2,13,1904,5,1,3,6,4887311,210372,7,1,18,2,3,3,811,35,9,2,3,55,0,0,0,0,0
201900016366,19,10,20,1650,2,4,1,3,4971863,167596,6,4,39,1,3,3,398,776,4,1,5,13,0,0,0,0,0
201900016367,19,8,26,379,2,5,9,2,4963175,-300993,3,3,26,2,2,4,161,986,1,6,1,27,0,0,0,0,0
201900016368,19,5,7,1898,4,8,7,3,4514475,134894,4,3,11,2,4,4,715,837,8,6,4,28,0,0,0,0,0
201900016369,19,9,2,2255,3,6,6,4,4650339,389005,9,4,32,3,2,1,102,962,5,7,5,20,0,0,0,0,0
201900016370,19,8,1,1424,3,4,7,7,4412561,134612,9,4,44,1,1,1,651,396,3,6,1,72,0,0,0,0,0
201900016371,19,9,9,1442,2,6,1,6,4853213,496055,4,1,11,2,2,3,140,679,9,3,1,34,0,0,0,0,0
201900016372,19,9,16,1002,3,8,7,1,4427081,371992,9,4,26,2,1,2,831,196,4,6,2,99,0,0,0,0,0
201900016373,19,10,23,1270,5,5,6,3,4821561,676333,9,3,50,1,3,4,197,961,6,4,5,11,0,0,0,0,0
201900016374,19,9,7,2334,3,1,9,3,4424036,218793,9,1,34,3,1,4,845,492,1,6,2,68,0,0,0,0,0
201900016375,19,8,6,1191,3,1,3,3,4679466,227385,6,1,7,2,2,3,577,374,3,7,2,50,0,0,0,0,0
201900016376,19,8,9,2276,2,8,1,3,4426762,-263841,6,1,27,1,4,3,538,523,5,7,2,73,0,0,0,0,0
201900016377,19,3,13,582,2,9,5,6,4694401,-51127,3,1,33,2,3,3,328,77,6,3,4,69,0,0,0,0,0
201900016378,19,11,8,1842,1,2,2,5,4516804,-73047,3,4,21,3,1,2,873,736,9,5,2,72,0,0,0,0,0
201900016379,19,3,14,856,2,3,6,6,4966076,-95200,7,2,13,3,4,3,609,851,8,4,2,56,0,0,0,0,0
201900016380,19,9,24,1630,3,1,2,2,4847134,362198,5,1,29,3,4,4,263,179,9,2,1,24,0,0,0,0,0
201900016381,19,10,4,640,4,9,4,6,4899957,564661,1,4,32,2,2,1,715,15,5,1,5,6,0,0,0,0,0
201900016382,19,5,6,728,2,9,9,7,4480368,221512,9,4,53,2,1,4,211,525,9,1,1,66,0,0,0,0,0
201900016383,19,10,5,2252,1,1,4,4,4973093,-58392,3,4,21,3,1,2,379,9,7,1,3,96,0,0,0,0,0
201900016384,19,10,10,1552,2,1,2,5,4935231,-108823,5,1,8,2,3,3,149,695,3,3,4,25,0,0,0,0,0
201900016385,19,2,8,1171,5,7,3,4,4956144,-350188,9,3,21,3,2,4,444,199,8,1,1,94,0,0,0,0,0
201900016386,19,11,20,1778,3,9,3,7,4430862,174433,4,4,9,3,2,2,548,762,1,2,3,87,0,0,0,0,0
201900016387,19,8,18,595,3,4,9,7,4687408,166098,5,3,15,2,2,3,645,803,5,3,3,64,0,0,0,0,0
201900016388,19,6,23,1498,1,3,7,5,4466840,117697,8,3,18,1,1,1,224,332,5,5,4,33,0,0,0,0,0
201900016389,19,4,22,1624,2,6,9,5,4570100,-186226,7,1,34,1,3,1,450,10,5,3,2,53,0,0,0,0,0
201900016390,19,7,20,1159,4,7,1,6,4672363,-288798,1,3,0,2,2,4,233,870,3,2,1,97,0,0,0,0,0
201900016391,19,8,26,1421,1,3,3,7,4462860,-230712,2,2,10,1,2,2,347,785,2,6,1,20,0,0,0,0,0
201900016392,19,3,28,1851,4,8,4,4,4526049,76334,6,3,4,2,1,3,896,459,5,5,2,51,0,0,0,0,0
201900016393,19,2,8,511,4,9,1,7,4466769,-342271,6,2,23,2,4,2,128,172,5,3,5,6,0,0,0,0,0
201900016394,19,9,10,1084,4,5,5,1,4621485,-334645,6,3,18,1,1,4,131,848,8,1,1,70,0,0,0,0,0
201900016395,19,1,8,1116,2,5,7,4,4808029,-63161,9,3,7,1,1,1,622,293,8,3,1,37,0,0,0,0,0
201900016396,19,4,27,68,3,3,3,6,4882244,246348,3,1,14,2,1,3,695,22,7,5,2,43,0,0,0,0,0
201900016397,19,6,7,2117,1,1,6,2,4509968,-130114,2,4,13,2,4,3,476,229,6,5,1,45,0,0,0,0,0
201900016398,19,7,10,1670,1,5,3,5,4787515,442339,2,3,47,2,3,1,286,845,5,1,4,83,0,0,0,0,0
201900016399,19,10,3,894,2,4,9,6,4403567,138269,2,2,35,3,2,4,623,526,7,7,1,91,0,0,0,0,0
201900016400,19,6,28,1062,2,3,9,6,4920966,127209,7,1,35,2,1,3,434,990,2,3,1,96,0,0,0,0,0
201900016401,19,12,19,1884,2,2,9,4,4510874,306357,8,2,11,2,1,2,622,688,1,1,1,36,0,0,0,0,0
201900016402,19,9,8,779,2,2,7,3,4806656,-281943,8,4,17,3,1,1,691,156,6,2,3,56,0,0,0,0,0
201900016403,19,1,18,1517,3,4,3,5,4924427,174751,4,4,49,3,1,1,776,210,3,1,3,71,0,0,0,0,0
201900016404,19,7,11,172,2,2,5,2,4697065,95363,2,3,5,3,3,1,864,135,4,2,2,98,0,0,0,0,0
201900016405,19,6,5,1861,1,7,4,6,4615073,176441,6,4,28,1,1,3,678,519,7,4,4,6,0,0,0,0,0
201900016406,19,4,11,2193,2,1,3,3,4647204,-62063,4,4,33,3,3,1,805,472,9,3,1,4,0,0,0,0,0
201900016407,19,1,3,193,2,8,8,7,4795383,636141,2,4,21,1,1,4,899,203,6,7,1,31,0,0,0,0,0
201900016408,19,8,8,974,3,9,2,1,4549882,-207690,9,4,37,1,3,3,303,10,3,1,1,29,0,0,0,0,0
201900016409,19,7,20,273,1,3,4,1,4611907,-286455,8,1,43,3,4,2,672,946,7,2,3,0,0,0,0,0,0
201900016410,19,7,20,749,3,6,1,7,4810940,616382,2,4,52,3,4,4,507,147,3,6,5,89,0,0,0,0,0
201900016411,19,9,7,1888,5,4,1,2,4832480,675829,3,1,48,1,4,4,8,160,5,6,5,31,0,0,0,0,0
201900016412,19,5,15,1866,5,1,3,2,4624940,205857,2,1,24,2,3,4,871,108,8,6,4,33,0,0,0,0,0
201900016413,19,9,22,269,5,5,1,1,4904729,54274,9,2,41,1,2,3,822,981,6,5,5,96,0,0,0,0,0
201900016414,19,3,15,1257,5,3,7,5,4419127,-65581,1,2,44,3,3,1,115,149,2,1,1,59,0,0,0,0,0
201900016415,19,9,15,2208,5,6,4,3,4511943,-370996,4,3,5,1,4,4,405,18,1,1,2,43,0,0,0,0,0
201900016416,19,4,3,2274,1,5,3,2,4506794,472838,5,4,42,1,3,2,53,548,4,4,1,27,0,0,0,0,0
201900016417,19,5,1,1106,4,1,5,2,4539961,439524,7,4,8,3,3,2,68,887,1,1,3,80,0,0,0,0,0
201900016418,19,11,21,639,1,8,8,4,4888487,-257279,9,2,5,2,2,2,177,754,9,1,1,82,0,0,0,0,0
201900016419,19,7,16,2223,1,5,6,1,4695595,183083,3,4,52,1,3,2,857,530,3,3,4,12,0,0,0,0,0
201900016420,19,2,13,615,3,2,7,4,4575331,496954,2,2,11,3,2,3,400,603,9,2,1,51,0,0,0,0,0
201900016421,19,8,6,865,3,3,2,4,4753754,-81484,3,3,51,3,4,3,191,541,2,2,3,16,0,0,0,0,0
201900016422,19,9,19,1265,2,4,6,6,4426683,128400,2,2,23,2,3,4,586,866,5,4,5,12,0,0,0,0,0
201900016423,19,4,8,440,4,1,9,1,4884867,505062,3,1,10,2,1,3,831,179,9,7,2,45,0,0,0,0,0
201900016424,19,1,7,1703,5,3,3,2,4534842,-367112,8,1,33,2,3,2,451,642,4,3,5,93,0,0,0,0,0
201900016425,19,4,23,430,3,7,6,7,4635803,34705,9,2,9,1,3,3,915,579,6,6,1,93,0,0,0,0,0
201900016426,19,12,22,1664,4,4,2,2,4551150,161669,5,1,6,2,1,3,501,202,4,3,1,70,0,0,0,0,0
201900016427,19,2,21,938,3,3,6,5,4576772,185240,2,2,3,1,4,2,738,981,7,5,1,35,0,0,0,0,0
201900016428,19,5,20,2226,3,4,5,7,4898339,537353,8,4,2,1,3,4,509,337,7,1,1,65,0,0,0,0,0
201900016429,19,7,15,1243,2,1,9,5,4810004,625605,9,1,19,2,3,1,97,482,1,7,5,25,0,0,0,0,0
201900016430,19,2,7,420,3,1,1,4,4980318,-229883,1,1,6,2,4,4,387,840,9,1,1,82,0,0,0,0,0
201900016431,19,4,16,2325,4,1,1,2,4603956,691115,5,4,25,1,3,1,401,674,6,3,5,20,0,0,0,0,0
201900016432,19,2,10,1611,2,2,8,4,4644866,107635,4,4,39,2,1,4,800,756,4,2,3,86,0,0,0,0,0
201900016433,19,7,11,1966,2,8,3,5,4998152,205081,7,1,36,1,3,1,777,765,4,2,5,71,0,0,0,0,0
201900016434,19,12,25,1965,3,7,3,5,4697810,667157,5,2,23,2,3,3,190,983,7,6,4,63,0,0,0,0,0
201900016435,19,9,20,56,4,3,9,7,4643455,-38854,9,2,39,3,1,3,362,94,4,3,4,10,0,0,0,0,0
201900016436,19,12,25,1369,4,4,5,2,4627910,-290765,7,1,25,1,3,3,512,548,5,1,5,64,0,0,0,0,0
201900016437,19,5,21,632,1,2,3,3,4468212,250299,9,3,49,1,4,1,96,754,9,4,3,25,0,0,0,0,0
201900016438,19,3,5,1862,1,6,9,6,4713340,442753,9,2,18,2,2,3,815,123,5,4,5,43,0,0,0,0,0
201900016439,19,6,24,2350,2,8,3,1,4539640,441080,9,3,48,2,2,1,807,263,7,7,3,74,0,0,0,0,0
201900016440,19,1,16,602,1,6,6,6,4713536,84290,8,1,7,2,4,2,343,9,6,4,1,82,0,0,0,0,0
201900016441,19,7,1,2192,5,2,5,4,4720828,497863,3,2,8,2,4,2,842,967,7,1,5,62,0,0,0,0,0
201900016442,19,11,26,44,1,6,3,3,4608134,232169,8,2,8,1,1,2,673,602,1,6,4,63,0,0,0,0,0
201900016443,19,1,12,1455,2,5,2,1,4451742,478544,2,1,52,3,3,2,300,105,4,7,2,52,0,0,0,0,0
201900016444,19,9,13,1673,1,4,6,7,4556908,585065,4,3,51,2,2,4,116,752,3,4,2,38,0,0,0,0,0
201900016445,19,7,27,679,4,3,7,7,4812945,468621,5,1,9,1,1,3,846,535,7,1,5,28,0,0,0,0,0
201900016446,19,8,20,816,1,5,6,3,4653039,-263744,2,4,37,1,2,2,276,540,1,7,4,30,0,0,0,0,0
201900016447,19,6,13,5,3,2,7,1,4438888,231390,8,2,20,2,1,4,778,556,6,6,4,26,0,0,0,0,0
201900016448,19,10,5,816,2,7,2,7,4709228,123568,3,1,29,3,3,1,68,620,4,5,5,16,0,0,0,0,0
201900016449,19,2,26,1485,2,8,4,3,4914630,2346,2,4,26,3,1,4,584,87,6,4,3,58,0,0,0,0,0
201900016450,19,9,18,1891,3,2,8,4,4520068,294521,9,4,18,2,2,2,213,840,1,7,2,82,0,0,0,0,0
201900016451,19,3,10,1410,5,7,4,2,4679327,221815,7,3,6,1,4,3,729,405,5,1,3,76,0,0,0,0,0
201900016452,19,6,22,451,4,3,7,1,4850364,153509,6,1,53,3,4,2,575,802,9,6,4,25,0,0,0,0,0
201900016453,19,7,22,12,2,1,1,1,4816211,651540,5,2,37,1,2,1,426,326,6,1,3,67,0,0,0,0,0
201900016454,19,6,1,660,1,2,2,2,4570035,-121117,7,3,0,3,3,4,874,9,7,1,2,36,0,0,0,0,0
201900016455,19,1,15,141,5,3,9,4,4706140,484806,2,1,13,3,1,2,691,722,3,7,2,41,0,0,0,0,0
201900016456,19,12,13,1880,2,3,4,2,4862506,441014,8,3,37,2,4,1,142,257,5,3,3,51,0,0,0,0,0
201900016457,19,10,11,109,2,1,1,2,4497421,-18682,3,3,32,2,2,2,366,371,5,1,5,75,0,0,0,0,0
201900016458,19,2,23,1753,4,4,3,6,4442049,-143568,2,1,52,1,3,3,750,73,9,5,5,61,0,0,0,0,0
201900016459,19,7,27,2202,1,2,2,6,4577964,81422,5,1,29,1,1,4,125,378,9,7,4,86,0,0,0,0,0
201900016460,19,11,23,0,2,6,8,7,4832118,-71625,9,3,14,1,4,4,663,965,7,7,5,70,0,0,0,0,0
201900016461,19,2,2,395,3,9,9,1,4785565,583602,3,3,10,1,4,3,435,820,4,2,1,82,0,0,0,0,0
201900016462,19,6,10,533,2,7,4,6,4558105,-81912,2,2,14,2,1,2,123,7,9,3,2,97,0,0,0,0,0
201900016463,19,5,6,1555,2,2,1,2,4517227,599979,8,1,28,2,3,2,864,814,5,7,3,5,0,0,0,0,0
201900016464,19,1,26,254,1,6,9,5,4599565,21284,3,3,6,1,2,3,593,174,8,7,3,22,0,0,0,0,0
201900016465,19,4,20,2,4,5,5,3,4851316,-18598,6,4,37,3,4,4,625,14,4,7,3,48,0,0,0,0,0
201900016466,19,7,20,2224,1,6,2,1,4941592,499995,5,1,41,1,2,1,890,823,1,6,5,78,0,0,0,0,0
201900016467,19,6,8,6,3,9,8,6,4401564,-145426,5,3,47,3,3,4,707,369,1,7,4,65,0,0,0,0,0
201900016468,19,6,28,1867,3,6,8,3,4751996,513989,6,4,8,2,3,1,894,557,1,3,3,10,0,0,0,0,0
201900016469,19,11,14,1088,3,1,5,5,4858860,-154438,1,2,15,3,4,2,741,249,6,3,5,6,0,0,0,0,0
201900016470,19,5,3,1035,2,4,5,5,4438537,58477,4,3,22,1,2,4,176,192,4,3,4,47,0,0,0,0,0
201900016471,19,2,7,2145,5,5,3,7,4782766,-302948,2,2,5,3,2,1,26,631,2,3,5,12,0,0,0,0,0
201900016472,19,7,10,1830,1,3,3,7,4646880,70544,5,3,40,3,2,2,690,635,5,1,1,45,0,0,0,0,0
201900016473,19,8,14,196,5,6,7,6,4784930,-75154,4,3,4,1,2,4,482,775,9,5,5,36,0,0,0,0,0
201900016474,19,9,18,640,3,8,5,7,4737432,-8254,5,4,7,2,4,4,301,794,4,6,5,27,0,0,0,0,0
201900016475,19,7,19,2180,5,4,3,1,4424862,119602,2,4,51,2,2,2,847,106,7,3,1,9,0,0,0,0,0
201900016476,19,2,22,352,4,5,7,6,4937248,-56855,3,4,6,3,3,1,196,690,1,1,3,96,0,0,0,0,0
201900016477,19,6,11,21,5,2,6,1,4567500,-37286,9,4,38,1,4,2,48,476,1,4,3,82,0,0,0,0,0
201900016478,19,5,24,1285,4,4,1,7,4665730,-112890,5,3,2,3,1,1,53,384,4,7,4,95,0,0,0,0,0
201900016479,19,10,16,307,5,8,8,4,4737308,-350735,2,3,20,2,4,1,423,701,8,5,2,58,0,0,0,0,0
201900016480,19,12,23,2205,3,9,6,6,4948979,432675,9,2,0,2,2,3,459,285,2,7,4,70,0,0,0,0,0
201900016481,19,2,5,1303,5,4,5,6,4803051,250486,6,4,17,3,1,2,910,414,2,2,4,85,0,0,0,0,0
201900016482,19,12,13,1292,3,8,6,7,4524996,-284077,4,4,46,3,4,1,551,987,7,6,2,43,0,0,0,0,0
201900016483,19,6,15,1874,1,5,8,5,4812459,-322844,7,3,35,3,3,4,377,113,9,1,2,78,0,0,0,0,0
201900016484,19,5,24,2206,1,8,7,5,4695351,188367,1,4,26,2,3,1,864,280,8,3,5,84,0,0,0,0,0
201900016485,19,11,24,551,2,3,4,5,4518668,-123317,4,3,2,3,1,4,841,806,4,1,5,28,0,0,0,0,0
201900016486,19,7,23,2126,5,1,4,3,4414498,91828,2,2,29,3,3,2,757,440,7,5,1,8,0,0,0,0,0
201900016487,19,10,14,1895,2,5,2,2,4534102,391742,5,4,32,1,1,4,20,786,3,1,4,29,0,0,0,0,0
201900016488,19,6,20,1980,4,1,4,6,4743413,72220,3,3,13,3,2,4,810,830,5,6,4,72,0,0,0,0,0
201900016489,19,1,23,256,1,4,1,6,4418033,-210594,6,4,37,1,4,4,827,246,7,6,5,8,0,0,0,0,0
201900016490,19,4,18,126,3,7,1,4,4963212,99749,4,4,15,3,4,2,330,946,7,3,5,29,0,0,0,0,0
201900016491,19,4,13,2112,2,8,6,3,4490470,-72649,4,2,45,1,1,1,209,778,4,2,1,91,0,0,0,0,0
201900016492,19,4,7,236,1,5,9,3,4552520,22460,8,1,46,1,3,3,363,29,9,2,4,89,0,0,0,0,0
201900016493,19,5,17,2255,5,8,6,5,4567606,242831,5,1,24,2,4,4,128,252,1,7,3,36,0,0,0,0,0
201900016494,19,7,28,134,2,6,8,4,4457596,-54557,1,2,34,3,3,2,418,116,5,3,2,56,0,0,0,0,0
201900016495,19,8,24,1918,3,6,3,3,4519633,302982,7,4,25,1,2,3,723,941,3,2,1,61,0,0,0,0,0
201900016496,19,4,4,1756,4,9,2,7,4567474,-38077,8,1,47,2,4,3,194,670,9,7,5,53,0,0,0,0,0
201900016497,19,8,16,1580,5,3,9,7,4938167,598451,5,3,6,1,2,3,359,782,9,3,2,24,0,0,0,0,0
201900016498,19,6,7,1902,2,8,6,4,4728061,-177263,9,2,4,1,2,3,889,792,1,7,5,29,0,0,0,0,0
201900016499,19,9,15,1805,3,5,1,1,4896058,206064,9,4,37,3,2,3,273,223,4,1,1,23,0,0,0,0,0
201900016500,19,1,12,1111,4,4,5,7,4576245,618575,4,3,32,2,1,1,159,98,4,3,3,91,0,0,0,0,0
201900016501,19,2,12,373,5,4,2,7,4605812,26427,5,3,25,1,4,4,337,811,8,3,4,4,0,0,0,0,0
201900016502,19,10,20,506,3,2,9,5,4769957,-242463,2,3,46,1,4,2,60,6,1,6,1,93,0,0,0,0,0
201900016503,19,1,18,1839,2,9,5,7,4579928,685544,7,2,31,2,3,2,815,905,1,5,1,40,0,0,0,0,0
201900016504,19,6,12,1389,5,3,5,3,4608394,-326238,8,3,29,2,3,3,66,939,7,5,4,0,0,0,0,0,0
201900016505,19,10,19,1354,4,9,8,2,4744030,-332799,1,3,5,3,1,4,187,361,4,4,5,71,0,0,0,0,0
201900016506,19,12,16,2332,2,5,8,2,4897035,368231,1,3,0,1,2,2,468,301,2,3,1,8,0,0,0,0,0
201900016507,19,11,14,49,2,6,1,7,4694843,564950,6,1,15,2,1,4,38,810,5,5,5,84,0,0,0,0,0
201900016508,19,12,6,2174,4,4,4,5,4473561,-259382,8,4,18,1,3,2,168,30,2,3,5,48,0,0,0,0,0
201900016509,19,3,28,204,4,6,4,2,4743199,-9191,2,2,21,1,1,4,769,737,1,1,2,36,0,0,0,0,0
201900016510,19,9,15,1692,3,3,2,5,4526595,579074,5,3,6,2,2,1,902,455,5,3,4,92,0,0,0,0,0
201900016511,19,6,10,2119,3,6,4,3,4818833,-220056,4,1,4,3,2,3,336,875,8,6,1,42,0,0,0,0,0
201900016512,19,3,15,700,5,7,5,5,4734618,187713,4,3,33,2,4,2,255,251,5,5,1,83,0,0,0,0,0
201900016513,19,3,27,1950,1,3,1,7,4589716,48428,5,4,52,1,4,3,865,35,6,1,5,64,0,0,0,0,0
201900016514,19,3,23,1188,3,6,2,4,4603369,330073,7,3,36,2,2,1,701,815,5,2,2,51,0,0,0,0,0
201900016515,19,8,11,1195,5,7,5,5,4841803,-348549,3,2,11,3,2,2,85,855,6,6,2,34,0,0,0,0,0
201900016516,19,9,27,1217,4,7,5,2,4771131,421543,1,1,29,2,4,3,791,145,3,6,5,92,0,0,0,0,0
201900016517,19,11,18,1429,3,3,8,1,4981775,147081,6,1,0,1,2,1,400,843,8,5,3,3,0,0,0,0,0
201900016518,19,2,8,1272,5,1,6,1,4696362,164122,6,4,40,3,3,3,911,86,3,3,3,6,0,0,0,0,0
201900016519,19,9,1,929,4,1,2,1,4864909,504621,8,2,8,3,3,4,421,163,7,1,1,3,0,0,0,0,0
201900016520,19,2,2,143,1,4,1,1,4961992,548873,7,4,34,3,2,3,428,873,3,2,2,42,0,0,0,0,0
201900016521,19,1,14,1100,5,8,9,7,4602675,117558,7,3,20,2,4,3,376,488,5,3,5,84,0,0,0,0,0
201900016522,19,11,28,1415,4,2,1,1,4862265,91485,3,4,8,2,4,3,218,794,6,2,4,97,0,0,0,0,0
201900016523,19,12,14,1168,1,4,3,3,4899350,-69106,2,4,40,2,3,2,394,232,3,5,5,59,0,0,0,0,0
201900016524,19,3,17,296,5,1,8,2,4984917,-344040,6,3,44,2,1,4,203,793,8,6,4,28,0,0,0,0,0
201900016525,19,12,25,381,5,9,7,2,4910665,556038,1,1,29,3,3,1,211,89,6,3,1,22,0,0,0,0,0
201900016526,19,1,5,1492,2,8,3,2,4768675,-174008,9,2,18,2,2,4,81,340,2,6,2,66,0,0,0,0,0
201900016527,19,3,23,1181,2,8,6,2,4762866,543451,1,1,49,1,4,1,227,537,2,2,2,68,0,0,0,0,0
201900016528,19,10,16,1779,4,2,2,7,4745327,180806,1,2,1,1,2,4,661,685,8,2,2,60,0,0,0,0,0
201900016529,19,7,11,224,2,5,5,4,4784591,-299405,5,2,26,2,4,1,33,387,4,6,1,41,0,0,0,0,0
201900016530,19,2,19,79,5,3,8,3,4800673,298830,4,2,12,2,3,4,815,137,7,1,3,92,0,0,0,0,0
201900016531,19,8,7,2234,4,1,6,6,4940705,-394715,6,4,34,3,3,4,574,259,8,1,5,20,0,0,0,0,0
201900016532,19,4,12,1673,5,5,1,1,4988596,436821,4,4,4,3,1,3,19,358,3,5,5,4,0,0,0,0,0
201900016533,19,3,11,220,2,7,8,6,4820140,80184,2,3,46,2,2,2,349,321,7,7,1,14,0,0,0,0,0
201900016534,19,11,11,596,4,7,9,7,4552655,666897,6,3,24,1,4,4,681,443,5,5,5,7,0,0,0,0,0
201900016535,19,1,4,2143,1,1,5,5,4766115,-169093,4,4,21,2,4,4,792,882,1,6,2,7,0,0,0,0,0
201900016536,19,5,17,796,2,5,3,2,4774300,595527,3,4,22,1,2,2,95,484,6,1,4,96,0,0,0,0,0
201900016537,19,8,3,1950,3,7,4,6,4545501,-219021,1,4,27,1,3,3,32,298,8,5,4,13,0,0,0,0,0
201900016538,19,5,12,400,1,7,9,4,4471682,399418,5,3,20,2,1,4,385,880,3,7,4,73,0,0,0,0,0
201900016539,19,8,24,2064,3,7,1,1,4789628,-326420,6,4,0,1,1,2,787,918,9,5,3,83,0,0,0,0,0
201900016540,19,10,12,178,2,2,4,1,4734068,141985,9,1,7,2,1,1,733,342,1,3,1,92,0,0,0,0,0
201900016541,19,10,10,1143,3,7,5,1,4412144,-373217,2,2,51,3,4,3,717,313,6,2,1,46,0,0,0,0,0
201900016542,19,3,28,1402,3,2,1,1,4770045,616475,1,1,39,3,4,4,585,106,5,5,5,99,0,0,0,0,0
201900016543,19,2,12,1269,2,5,1,5,4754682,-253130,3,2,49,3,2,4,304,308,6,3,5,53,0,0,0,0,0
201900016544,19,5,25,173,5,2,2,3,4990448,275629,6,3,33,3,3,1,907,503,8,6,3,96,0,0,0,0,0
201900016545,19,1,5,498,5,8,1,4,4739904,679537,4,3,43,1,3,3,687,665,3,6,5,40,0,0,0,0,0
201900016546,19,8,3,558,5,1,7,5,4490185,119055,5,2,1,2,3,4,148,233,6,6,1,17,0,0,0,0,0
201900016547,19,10,10,412,5,5,7,7,4501784,527930,4,3,8,3,2,2,160,868,4,1,3,72,0,0,0,0,0
201900016548,19,9,24,1236,1,1,7,6,4477324,351252,4,3,49,2,2,3,56,292,6,2,3,26,0,0,0,0,0
201900016549,19,11,8,119,5,2,3,3,4502046,417692,7,2,21,2,2,3,10,381,9,1,1,58,0,0,0,0,0
201900016550,19,4,23,1299,5,7,3,6,4648088,625736,6,3,46,3,1,1,600,30,8,2,2,38,0,0,0,0,0
201900016551,19,6,18,1204,3,6,7,1,4977534,-138283,4,1,34,2,2,4,422,118,1,6,4,26,0,0,0,0,0
201900016552,19,9,27,2000,3,8,5,2,4461049,211862,7,2,1,2,1,3,95,878,8,5,5,51,0,0,0,0,0
201900016553,19,9,13,1446,5,4,9,1,4426059,139315,2,2,40,3,2,2,121,651,1,5,5,8,0,0,0,0,0
201900016554,19,9,21,2297,4,9,6,4,4892431,-266552,6,2,41,1,4,4,802,814,1,6,1,44,0,0,0,0,0
201900016555,19,3,16,1048,1,4,1,5,4643496,507094,7,1,41,1,2,1,884,608,3,7,4,40,0,0,0,0,0
201900016556,19,5,16,1074,3,4,6,3,4495070,-206472,3,1,7,2,3,1,449,311,6,1,1,28,0,0,0,0,0
201900016557,19,10,24,1622,1,7,1,6,4566333,-332264,4,3,12,3,4,3,786,19,3,7,2,55,0,0,0,0,0
201900016558,19,9,14,855,3,1,9,1,4962928,329983,6,3,26,3,4,4,820,797,3,7,3,72,0,0,0,0,0
201900016559,19,11,17,14,2,4,8,2,4571903,656905,7,1,53,2,3,4,442,249,8,6,5,16,0,0,0,0,0
201900016560,19,6,8,592,3,8,3,6,4534814,-131254,2,2,43,1,2,4,145,704,4,2,5,83,0,0,0,0,0
201900016561,19,10,14,1834,5,1,8,3,4936884,566146,4,2,7,3,3,4,434,124,6,7,2,85,0,0,0,0,0
201900016562,19,12,13,583,3,3,5,1,4688012,618572,9,1,16,3,4,2,888,165,7,1,3,3,0,0,0,0,0
201900016563,19,9,15,1659,1,6,6,3,4541790,-240756,1,2,17,2,1,1,88,893,3,3,5,76,0,0,0,0,0
201900016564,19,1,8,661,2,7,2,1,4905688,77148,4,3,1,2,1,1,523,337,3,4,4,60,0,0,0,0,0
201900016565,19,3,13,2165,5,9,3,1,4762695,580714,9,3,50,1,2,4,398,47,9,7,5,64,0,0,0,0,0
201900016566,19,12,12,94,2,6,9,4,4528903,326757,9,4,28,3,1,1,248,289,2,1,1,5,0,0,0,0,0
201900016567,19,2,21,1281,4,2,3,1,4673699,-53369,4,4,32,2,4,1,788,581,3,6,3,59,0,0,0,0,0
201900016568,19,4,27,2211,5,5,2,7,4858362,579408,3,1,8,1,4,2,258,526,4,1,4,95,0,0,0,0,0
201900016569,19,5,12,2059,2,6,1,7,4452772,-332897,7,1,20,3,2,1,599,18,1,2,3,53,0,0,0,0,0
201900016570,19,6,20,431,4,1,1,4,4473553,-305404,8,4,31,2,1,4,32,505,9,5,4,53,0,0,0,0,0
201900016571,19,12,18,464,5,9,5,3,4654707,-311874,5,1,2,3,3,3,52,1,5,2,2,76,0,0,0,0,0
201900016572,19,6,21,349,4,4,3,5,4668424,82846,9,2,25,2,2,2,223,882,3,5,5,72,0,0,0,0,0