Num_Acc,an,mois,jour,hrmn,lum,int,atm,col,lat,long,catr,circ,nbv,vosp,prof,plan,lartpc,larrout,surf,infra,situ,env1,unscathed,killed,hospital,light,chance
201900016573,19,7,13,778,5,5,5,3,4741571,528671,9,2,44,1,1,4,805,897,4,1,2,13,0,0,0,0,0
201900016574,19,2,17,1883,1,3,2,4,4434426,681192,1,4,15,2,1,1,405,160,9,2,4,45,0,0,0,0,0
201900016575,19,3,20,1870,1,5,7,5,4456653,219690,2,4,52,3,1,4,341,195,2,5,4,45,0,0,0,0,0
201900016576,19,1,28,197,5,6,6,5,4790214,-16196,5,1,6,1,4,4,12,868,5,3,5,10,0,0,0,0,0
201900016577,19,12,15,1179,2,3,9,1,4420043,653137,5,4,5,3,1,2,829,857,8,4,5,60,0,0,0,0,0
201900016578,19,9,7,2304,2,5,7,5,4999659,588368,4,2,51,2,1,1,320,207,9,6,2,48,0,0,0,0,0
201900016579,19,8,6,1278,4,9,8,1,4614199,-263072,8,4,6,2,1,2,915,787,4,3,3,95,0,0,0,0,0
201900016580,19,1,19,372,1,3,6,4,4802977,481950,3,3,40,2,3,3,256,199,6,3,5,18,0,0,0,0,0
201900016581,19,1,9,2176,4,2,5,5,4921248,323217,1,3,14,3,2,2,225,188,8,7,5,70,0,0,0,0,0
201900016582,19,8,2,2179,4,4,6,3,4735058,351580,8,1,26,2,3,1,462,888,3,4,3,89,0,0,0,0,0
201900016583,19,10,4,1073,3,7,7,4,4482597,160725,9,3,4,1,1,2,362,477,1,7,1,5,0,0,0,0,0
201900016584,19,6,25,1755,4,4,7,7,4641019,-397599,8,2,19,3,3,4,730,930,1,2,4,6,0,0,0,0,0
201900016585,19,7,6,143,3,5,2,6,4724243,321870,7,4,6,2,2,2,915,297,5,7,3,62,0,0,0,0,0
201900016586,19,4,1,807,1,7,8,3,4651534,469052,4,3,46,2,2,2,468,465,6,3,2,56,0,0,0,0,0
201900016587,19,9,12,2311,5,6,3,5,4596799,130876,5,3,22,2,2,3,92,928,2,3,3,9,0,0,0,0,0
201900016588,19,11,13,1126,1,6,1,4,4454791,262790,3,4,2,2,3,1,147,14,3,7,3,90,0,0,0,0,0
201900016589,19,6,13,1233,1,2,4,1,4461487,344067,6,4,7,3,2,2,614,958,1,1,1,69,0,0,0,0,0
201900016590,19,9,22,1092,4,3,5,7,4449071,695740,4,4,47,2,2,2,732,12,1,3,1,77,0,0,0,0,0
201900016591,19,10,23,1729,1,9,8,6,4875049,541741,7,2,0,2,3,3,526,166,9,7,5,84,0,0,0,0,0
201900016592,19,9,21,2296,4,3,7,7,4798159,558194,8,1,16,2,3,3,853,499,7,4,1,57,0,0,0,0,0
201900016593,19,9,16,586,3,1,9,5,4417371,636350,1,3,12,1,2,1,657,633,3,6,2,9,0,0,0,0,0
201900016594,19,7,7,2289,1,7,1,1,4960427,546419,2,3,12,1,1,1,283,17,1,1,4,93,0,0,0,0,0
201900016595,19,4,15,2007,2,6,9,2,4702174,-356410,2,4,50,2,4,4,607,568,1,4,4,91,0,0,0,0,0
201900016596,19,12,14,1007,3,1,6,3,4909337,89513,9,2,49,3,3,2,14,863,7,7,4,35,0,0,0,0,0
201900016597,19,12,13,1157,5,2,8,2,4439026,344667,8,1,2,2,2,1,478,830,4,2,3,68,0,0,0,0,0
201900016598,19,1,23,1347,1,5,2,1,4730993,426196,1,3,47,1,4,1,199,878,9,4,3,53,0,0,0,0,0
201900016599,19,5,4,1127,3,7,4,1,4868155,-118510,1,1,17,3,4,2,262,188,1,6,2,1,0,0,0,0,0
201900016600,19,4,1,156,1,5,9,2,4862656,6385,9,4,38,1,2,2,509,193,3,1,5,12,0,0,0,0,0
201900016601,19,11,8,1425,4,8,8,3,4835245,54915,9,1,38,3,4,1,402,56,2,3,2,66,0,0,0,0,0
201900016602,19,2,3,2188,3,3,5,1,4546039,556442,2,3,37,3,3,2,537,666,3,7,2,0,0,0,0,0,0
201900016603,19,9,13,1301,3,4,2,4,4400515,399418,1,1,53,1,1,2,819,82,4,5,4,92,0,0,0,0,0
201900016604,19,12,20,271,1,8,3,7,4906622,418566,9,3,44,2,2,2,53,268,9,7,5,50,0,0,0,0,0
201900016605,19,6,21,2336,1,9,4,4,4468810,656880,1,1,3,2,3,4,592,434,6,5,4,74,0,0,0,0,0
201900016606,19,2,3,530,5,3,4,5,4774676,138216,9,2,39,3,2,2,76,257,7,5,3,26,0,0,0,0,0
201900016607,19,10,22,1966,4,1,1,6,4864935,491833,2,2,33,2,2,1,674,31,5,7,2,39,0,0,0,0,0
201900016608,19,8,18,1362,5,2,9,1,4442862,-73415,4,3,47,1,1,2,445,646,8,5,4,79,0,0,0,0,0
201900016609,19,6,18,757,5,6,5,1,4709944,653478,5,4,24,2,3,4,176,477,7,7,4,85,0,0,0,0,0
201900016610,19,4,22,2010,1,5,2,6,4441037,-286006,1,2,51,1,2,3,664,778,6,7,4,38,0,0,0,0,0
201900016611,19,1,21,2207,4,2,7,2,4806763,614003,7,3,45,1,1,2,909,504,2,3,4,12,0,0,0,0,0
201900016612,19,10,1,780,2,8,5,7,4984123,31965,6,4,13,3,2,3,542,616,8,3,1,59,0,0,0,0,0
201900016613,19,2,13,367,3,9,4,2,4418017,-359164,2,3,1,1,2,4,244,937,6,5,1,16,0,0,0,0,0
201900016614,19,9,28,528,3,8,7,6,4699201,31300,7,2,27,1,2,4,188,436,3,4,5,50,0,0,0,0,0
201900016615,19,5,7,2126,1,3,4,7,4498672,-343526,6,1,37,2,4,3,829,622,5,2,2,69,0,0,0,0,0
201900016616,19,12,14,1985,2,1,2,1,4841391,530395,5,4,1,1,3,3,732,388,3,6,3,71,0,0,0,0,0
201900016617,19,7,23,599,5,4,2,5,4415786,53274,6,1,39,2,4,3,670,807,1,7,4,50,0,0,0,0,0
201900016618,19,2,24,2205,3,3,5,3,4687045,419589,5,1,3,2,3,1,25,402,6,2,3,94,0,0,0,0,0
201900016619,19,6,8,2188,1,2,2,3,4579696,628067,1,1,20,1,3,4,439,493,7,2,5,10,0,0,0,0,0
201900016620,19,4,19,890,4,2,5,5,4436053,-318131,8,3,43,3,3,3,592,105,9,4,4,95,0,0,0,0,0
201900016621,19,2,27,543,4,3,5,4,4624454,542049,4,2,44,1,2,4,688,43,8,6,5,78,0,0,0,0,0
201900016622,19,6,20,1870,2,5,7,5,4561654,197864,4,1,3,3,3,4,754,35,5,7,1,6,0,0,0,0,0
201900016623,19,2,27,2217,4,2,7,6,4768497,648094,7,2,53,2,3,3,302,594,5,7,5,81,0,0,0,0,0
201900016624,19,8,6,540,3,8,9,5,4480526,-256105,1,2,8,1,4,2,40,600,7,7,1,9,0,0,0,0,0
201900016625,19,1,18,813,2,3,9,6,4959632,-368851,3,3,12,3,2,4,586,516,8,3,5,67,0,0,0,0,0
201900016626,19,12,23,357,2,1,7,2,4707894,315092,9,4,21,3,1,4,861,212,9,2,1,2,0,0,0,0,0
201900016627,19,12,17,1404,2,8,4,1,4923276,-211298,5,3,30,1,2,2,536,61,8,5,4,74,0,0,0,0,0
201900016628,19,6,24,168,4,7,1,6,4451873,187583,6,4,21,1,3,3,762,185,5,1,5,48,0,0,0,0,0
201900016629,19,5,4,1459,3,4,3,5,4428008,564777,8,3,0,2,4,2,867,592,8,1,4,90,0,0,0,0,0
201900016630,19,8,14,126,4,5,4,2,4606181,-227992,8,2,52,1,4,3,471,408,9,5,4,6,0,0,0,0,0
201900016631,19,2,13,1640,1,2,1,1,4780220,366418,2,3,16,3,4,3,646,752,3,2,4,39,0,0,0,0,0
201900016632,19,11,9,2121,2,7,2,6,4408803,-135491,1,3,15,1,1,1,840,661,6,7,2,62,0,0,0,0,0
201900016633,19,1,3,493,5,6,8,1,4847390,43604,3,2,27,3,4,2,515,829,4,3,4,47,0,0,0,0,0
201900016634,19,11,4,49,1,9,7,3,4865280,-58878,2,1,13,3,4,1,281,3,5,2,1,34,0,0,0,0,0
201900016635,19,3,20,1165,1,3,3,6,4685528,-218744,4,2,12,2,4,2,845,462,3,1,1,90,0,0,0,0,0
201900016636,19,8,16,2230,3,2,9,5,4943462,-249317,1,4,33,1,3,4,653,288,2,4,4,85,0,0,0,0,0
201900016637,19,6,19,1523,1,2,8,1,4652265,474759,3,4,12,1,3,1,47,767,7,5,2,44,0,0,0,0,0
201900016638,19,7,1,2276,4,4,5,7,4929135,163850,4,3,32,1,1,1,2,539,2,1,1,61,0,0,0,0,0
201900016639,19,10,26,506,5,4,9,5,4462017,497902,2,2,12,2,4,3,857,127,5,3,1,27,0,0,0,0,0
201900016640,19,12,9,1113,4,8,8,7,4420797,582858,6,1,0,3,1,1,353,249,4,5,2,40,0,0,0,0,0
201900016641,19,6,14,713,2,4,7,2,4547603,-360228,6,3,21,2,3,2,183,108,3,5,3,16,0,0,0,0,0
201900016642,19,4,16,705,4,5,6,4,4800566,459542,7,4,29,1,3,2,754,470,6,4,1,44,0,0,0,0,0
201900016643,19,9,7,72,3,8,4,4,4509356,-60944,2,4,22,3,2,3,388,800,2,1,4,10,0,0,0,0,0
201900016644,19,2,14,392,5,6,2,6,4810239,-66353,1,2,13,2,4,2,294,408,4,4,1,78,0,0,0,0,0
201900016645,19,6,28,881,2,4,3,4,4832004,-149752,2,3,44,2,4,4,349,181,3,5,1,93,0,0,0,0,0
201900016646,19,5,25,1225,4,5,8,1,4623900,601825,3,3,16,2,4,4,412,471,2,2,4,25,0,0,0,0,0
201900016647,19,4,22,431,2,4,5,3,4637782,-184266,5,1,35,1,2,3,786,109,1,5,3,30,0,0,0,0,0
201900016648,19,12,12,212,1,2,9,6,4528427,-27447,1,3,52,1,3,4,563,922,2,4,5,59,0,0,0,0,0
201900016649,19,8,24,1238,3,2,1,3,4921547,342284,5,3,42,2,1,2,350,33,6,2,1,55,0,0,0,0,0
201900016650,19,12,4,113,5,2,2,5,4901088,98078,2,1,6,1,2,4,400,658,3,1,3,0,0,0,0,0,0
201900016651,19,10,17,1797,1,4,5,7,4749017,207364,1,2,11,1,4,3,525,9,1,4,5,17,0,0,0,0,0
201900016652,19,3,16,2233,4,7,7,7,4605970,67408,7,1,9,1,2,2,523,334,2,7,2,86,0,0,0,0,0
201900016653,19,5,25,1121,5,4,1,4,4609512,670648,9,3,20,3,4,1,575,744,3,2,3,86,0,0,0,0,0
201900016654,19,5,25,200,3,2,7,5,4785606,-338756,3,4,26,3,3,1,691,396,7,1,3,19,0,0,0,0,0
201900016655,19,10,12,1619,5,9,2,4,4824897,516904,5,1,39,2,1,3,164,225,1,5,3,91,0,0,0,0,0
201900016656,19,10,4,1828,2,4,9,6,4827384,-64466,6,1,42,1,3,3,165,944,7,1,2,50,0,0,0,0,0
201900016657,19,7,1,719,2,7,2,6,4642456,542284,2,4,39,3,2,3,423,928,2,1,2,64,0,0,0,0,0
201900016658,19,6,9,562,5,1,8,2,4470284,-294392,8,2,32,3,3,2,452,280,7,2,1,8,0,0,0,0,0
201900016659,19,6,3,727,1,1,3,4,4656687,84789,1,2,0,3,2,1,495,238,1,2,5,33,0,0,0,0,0
201900016660,19,10,1,412,5,8,3,1,4801625,510413,9,2,14,1,4,4,851,850,3,5,5,70,0,0,0,0,0
201900016661,19,2,14,949,5,4,9,2,4718277,454021,2,1,27,1,3,4,832,670,1,3,4,70,0,0,0,0,0
201900016662,19,7,18,1675,3,3,8,5,4646636,628871,8,4,19,3,2,3,696,17,1,2,4,62,0,0,0,0,0
201900016663,19,7,24,897,2,9,4,6,4789766,565320,4,4,32,1,1,1,254,866,4,7,5,57,0,0,0,0,0
201900016664,19,12,22,552,4,6,6,7,4994347,545006,3,3,21,1,2,4,231,808,5,3,4,58,0,0,0,0,0
201900016665,19,9,4,694,1,3,3,7,4919261,-263090,8,1,49,2,1,3,867,409,9,7,5,96,0,0,0,0,0
201900016666,19,7,21,209,3,3,7,1,4580397,-358818,9,1,16,3,2,1,512,285,8,3,5,52,0,0,0,0,0
201900016667,19,4,26,850,4,2,8,6,4874653,367528,4,2,8,1,2,2,300,988,8,6,3,82,0,0,0,0,0
201900016668,19,10,1,2191,1,2,4,7,4556297,-287595,5,3,43,3,4,3,492,158,1,4,2,9,0,0,0,0,0
201900016669,19,11,11,384,5,7,5,3,4987042,-219801,5,3,26,3,3,2,831,602,8,3,3,43,0,0,0,0,0
201900016670,19,8,26,1974,5,5,1,4,4871695,575470,6,3,7,3,4,2,344,636,3,6,5,54,0,0,0,0,0
201900016671,19,4,3,855,1,4,5,4,4539899,12730,1,3,43,3,3,3,760,127,7,5,3,87,0,0,0,0,0
201900016672,19,4,12,2000,2,6,9,4,4545567,159663,5,2,49,2,1,3,798,478,8,1,1,66,0,0,0,0,0
201900016673,19,12,8,2307,1,4,6,4,4476825,598932,3,2,34,3,1,4,107,79,7,4,3,56,0,0,0,0,0
201900016674,19,11,28,332,1,3,6,3,4983634,-386915,2,3,5,3,2,4,593,756,8,2,1,7,0,0,0,0,0
201900016675,19,1,20,807,2,1,4,6,4605626,-174304,5,4,1,2,2,4,317,191,7,6,5,53,0,0,0,0,0
201900016676,19,11,23,7,2,3,3,5,4619457,-282467,4,2,47,3,2,3,396,558,2,6,1,90,0,0,0,0,0
201900016677,19,3,14,1901,2,7,7,7,4453802,-384297,3,3,33,2,1,3,894,561,8,7,5,50,0,0,0,0,0
201900016678,19,10,7,1651,5,2,9,4,4986125,204919,3,4,51,1,4,1,32,152,9,3,1,32,0,0,0,0,0
201900016679,19,4,3,831,2,8,2,6,4733988,-148036,7,1,3,3,2,4,20,999,4,4,3,74,0,0,0,0,0
201900016680,19,3,1,1703,4,6,6,2,4893136,365170,5,3,48,2,4,3,694,339,4,2,4,89,0,0,0,0,0
201900016681,19,5,12,1605,5,9,4,3,4565552,473099,3,4,13,2,3,2,2,216,7,6,5,79,0,0,0,0,0
201900016682,19,6,2,315,3,8,2,1,4647900,246258,4,1,32,3,3,4,117,443,4,3,3,94,0,0,0,0,0
201900016683,19,1,24,2019,2,9,5,1,4543389,-237302,7,2,42,2,3,1,770,833,9,2,4,30,0,0,0,0,0
201900016684,19,11,13,1980,4,2,1,7,4906384,139466,2,4,45,2,3,3,160,618,3,2,2,99,0,0,0,0,0
201900016685,19,12,14,1650,4,3,3,7,4766020,600028,9,1,9,3,2,4,529,735,4,3,5,18,0,0,0,0,0
201900016686,19,6,23,1612,4,3,7,4,4830175,-109302,6,3,5,1,1,3,746,192,8,3,4,86,0,0,0,0,0
201900016687,19,5,26,1143,1,4,7,5,4918380,-313261,2,4,7,3,2,3,88,494,9,5,2,62,0,0,0,0,0
201900016688,19,9,2,2044,3,7,7,3,4583257,466098,5,1,12,3,3,4,914,937,9,2,1,86,0,0,0,0,0
201900016689,19,2,14,1033,4,7,9,7,4802105,-183755,2,4,6,2,1,2,530,625,4,3,5,96,0,0,0,0,0
201900016690,19,4,6,1631,2,9,3,6,4928476,597114,8,3,43,3,1,3,573,774,4,1,4,94,0,0,0,0,0
201900016691,19,4,1,1046,4,3,1,7,4625792,46304,8,1,9,2,1,4,159,712,3,7,2,24,0,0,0,0,0
201900016692,19,10,27,860,5,7,8,4,4730319,76444,5,3,21,2,3,1,380,910,2,4,5,63,0,0,0,0,0
201900016693,19,10,21,1192,3,4,8,1,4405697,-60265,5,4,37,1,2,2,644,809,4,5,1,43,0,0,0,0,0
201900016694,19,4,16,2246,4,8,4,6,4406950,-326476,8,4,32,3,1,4,579,208,8,5,4,47,0,0,0,0,0
201900016695,19,3,10,497,2,9,9,3,4929990,-48386,8,2,15,3,2,3,745,378,8,7,4,18,0,0,0,0,0
201900016696,19,11,17,435,2,8,2,2,4963143,376512,2,3,44,1,4,3,501,658,1,2,4,95,0,0,0,0,0
201900016697,19,3,14,228,1,6,3,6,4564331,345536,4,2,22,3,1,2,246,903,1,6,1,33,0,0,0,0,0
201900016698,19,1,2,2091,5,2,7,5,4547869,-108144,7,4,38,1,1,2,174,229,5,2,1,78,0,0,0,0,0
201900016699,19,2,16,1215,4,7,7,3,4678084,371415,2,1,11,3,2,4,661,516,5,7,4,69,0,0,0,0,0
201900016700,19,6,11,1600,1,6,2,4,4952604,-293726,6,3,30,3,2,1,37,561,3,2,4,82,0,0,0,0,0
201900016701,19,10,3,1300,3,7,1,7,4860417,-220431,8,2,36,3,4,2,62,208,1,1,2,85,0,0,0,0,0
201900016702,19,5,22,1402,4,5,2,2,4837668,567217,3,1,14,2,1,1,770,213,7,4,3,42,0,0,0,0,0
201900016703,19,6,23,1945,2,4,2,1,4983549,293319,3,2,30,2,2,4,390,433,6,7,4,12,0,0,0,0,0
201900016704,19,11,13,28,5,6,8,2,4648521,-115122,5,2,48,1,4,3,389,113,3,1,2,35,0,0,0,0,0
201900016705,19,6,15,973,5,9,2,3,4965374,-386101,9,1,42,3,4,2,125,804,9,6,4,88,0,0,0,0,0
201900016706,19,2,13,1081,3,7,8,7,4695590,313828,1,3,39,1,1,1,529,179,1,5,3,5,0,0,0,0,0
201900016707,19,9,20,649,3,3,1,7,4590597,-75960,8,3,49,1,3,4,835,404,8,2,1,8,0,0,0,0,0
201900016708,19,4,11,2341,4,7,8,5,4533411,-386604,3,4,9,1,4,2,794,609,6,4,5,29,0,0,0,0,0
201900016709,19,6,12,436,5,8,6,7,4489356,218787,7,1,45,3,3,1,29,70,7,7,3,22,0,0,0,0,0
201900016710,19,5,25,2317,2,3,5,2,4934213,314820,5,2,12,3,2,3,434,32,3,1,5,52,0,0,0,0,0
201900016711,19,3,23,36,2,3,5,7,4423914,135901,9,3,36,3,1,3,254,957,8,4,3,70,0,0,0,0,0
201900016712,19,4,13,2134,5,5,3,6,4424117,17392,9,4,51,2,3,3,551,62,1,5,4,95,0,0,0,0,0
201900016713,19,6,24,1545,5,1,7,1,4837265,-264271,7,4,50,2,1,4,644,417,3,3,5,44,0,0,0,0,0
201900016714,19,4,21,2064,4,5,7,7,4548528,319043,7,2,47,1,2,4,488,394,9,6,4,87,0,0,0,0,0
201900016715,19,7,15,2161,1,5,4,7,4766204,262563,5,1,44,2,4,4,762,898,8,1,2,27,0,0,0,0,0
201900016716,19,4,2,1472,5,5,2,5,4456629,227340,5,3,34,2,2,1,334,765,9,7,2,21,0,0,0,0,0
201900016717,19,12,5,978,2,5,3,7,4997229,401903,4,4,18,1,1,2,25,654,9,7,2,3,0,0,0,0,0
201900016718,19,7,14,881,2,2,4,3,4677045,-6628,6,1,22,1,4,3,767,130,8,1,3,54,0,0,0,0,0
201900016719,19,4,16,1413,4,7,3,1,4606119,-291682,8,3,20,1,2,4,814,636,1,7,1,22,0,0,0,0,0
201900016720,19,3,6,1226,3,9,4,2,4419231,-357181,9,3,22,1,1,4,564,83,2,6,4,99,0,0,0,0,0
201900016721,19,8,7,1878,5,5,5,4,4582122,-241000,4,3,37,3,1,3,117,369,4,6,1,6,0,0,0,0,0
201900016722,19,1,10,1011,4,9,2,6,4849852,493135,1,2,5,2,2,1,104,634,3,3,3,86,0,0,0,0,0
201900016723,19,7,4,696,5,2,7,5,4518279,469623,9,2,21,2,4,1,91,271,6,1,3,32,0,0,0,0,0
201900016724,19,3,23,510,4,6,2,7,4845139,343408,3,1,9,1,3,2,244,602,7,6,3,48,0,0,0,0,0
201900016725,19,4,18,2117,4,6,1,2,4539973,511368,5,4,43,3,4,2,836,44,2,2,1,57,0,0,0,0,0
201900016726,19,5,13,179,5,4,1,7,4757677,244783,4,1,5,3,4,4,213,500,4,4,3,91,0,0,0,0,0
201900016727,19,11,9,1320,3,7,9,7,4972940,128013,3,1,33,1,1,4,348,317,6,5,4,95,0,0,0,0,0
201900016728,19,8,20,1645,2,8,4,2,4486878,388067,7,4,33,3,4,1,170,565,4,4,3,5,0,0,0,0,0
201900016729,19,4,10,1587,5,6,2,3,4771346,-280031,9,4,1,3,4,3,312,832,3,3,1,7,0,0,0,0,0
201900016730,19,1,18,263,3,2,7,1,4458308,-361438,8,2,34,3,3,4,625,9,4,1,4,20,0,0,0,0,0
201900016731,19,12,11,350,2,8,6,1,4757271,63579,8,1,23,1,4,4,795,241,3,1,1,31,0,0,0,0,0
201900016732,19,11,16,1388,2,9,5,2,4552225,542890,2,4,22,2,3,2,229,735,3,2,1,83,0,0,0,0,0
201900016733,19,4,27,1186,5,4,8,4,4937907,578973,5,3,10,2,4,4,190,483,8,6,5,13,0,0,0,0,0
201900016734,19,12,18,1099,5,7,3,5,4548369,210624,8,1,6,1,1,1,159,993,1,2,4,75,0,0,0,0,0
201900016735,19,10,8,1604,2,3,2,3,4422335,-95292,2,1,1,3,2,3,627,652,7,6,2,49,0,0,0,0,0
201900016736,19,6,12,808,1,8,9,2,4972311,-298706,3,1,46,2,1,1,596,978,7,2,4,72,0,0,0,0,0
201900016737,19,10,10,338,1,1,5,1,4622273,138270,6,3,39,2,3,2,604,862,2,2,3,4,0,0,0,0,0
201900016738,19,5,28,249,4,6,4,6,4740542,299059,6,2,18,2,4,1,216,816,5,1,5,82,0,0,0,0,0
201900016739,19,4,6,891,4,4,8,6,4432271,541426,5,3,4,3,1,4,381,916,8,7,1,71,0,0,0,0,0
201900016740,19,12,28,1457,5,2,2,6,4603783,490512,5,4,41,1,1,2,656,257,7,1,4,58,0,0,0,0,0
201900016741,19,2,3,736,5,7,5,4,4423609,535149,2,1,24,1,4,4,357,443,7,3,3,4,0,0,0,0,0
201900016742,19,9,15,1351,2,7,3,5,4491424,172055,6,1,14,3,2,3,256,548,9,1,1,16,0,0,0,0,0
201900016743,19,12,17,1846,3,2,6,3,4693346,315286,9,4,2,2,4,3,316,410,4,7,4,69,0,0,0,0,0
201900016744,19,6,7,1228,4,6,3,4,4984344,16408,7,4,28,1,4,1,405,493,8,5,2,99,0,0,0,0,0
201900016745,19,9,15,721,4,8,9,2,4743333,-265469,4,3,45,2,3,4,884,477,4,5,4,57,0,0,0,0,0
201900016746,19,5,13,2241,4,1,8,7,4734649,-334850,2,2,43,2,3,3,887,209,6,5,3,98,0,0,0,0,0
201900016747,19,8,14,1846,5,2,6,1,4804722,-174862,2,4,30,2,1,2,651,93,1,3,2,80,0,0,0,0,0
201900016748,19,5,28,2296,3,8,6,1,4879030,533412,5,3,36,1,3,4,366,996,6,3,4,16,0,0,0,0,0
201900016749,19,8,18,1808,2,1,9,6,4718831,48605,9,3,30,2,1,1,404,481,3,4,2,65,0,0,0,0,0
201900016750,19,12,18,635,4,7,4,3,4514463,614267,9,1,32,2,2,2,240,192,4,4,1,83,0,0,0,0,0
201900016751,19,2,20,2048,2,4,4,2,4850890,-341854,6,1,17,1,2,4,870,317,2,7,1,1,0,0,0,0,0
201900016752,19,8,4,1554,4,5,8,5,4822102,5648,3,4,43,3,4,4,842,329,8,3,5,46,0,0,0,0,0
201900016753,19,12,10,712,2,9,3,1,4724141,-150303,6,3,7,3,4,1,355,139,5,2,3,37,0,0,0,0,0
201900016754,19,9,26,1602,1,1,7,1,4412369,242866,4,1,0,2,1,4,535,468,6,6,4,18,0,0,0,0,0
201900016755,19,2,19,425,4,1,7,1,4585331,-282246,8,1,9,3,3,2,861,226,8,2,5,2,0,0,0,0,0
201900016756,19,5,17,45,2,5,8,3,4581964,-343968,6,4,19,1,3,1,385,142,3,5,1,27,0,0,0,0,0
201900016757,19,6,12,2080,2,6,6,1,4677355,697543,3,2,40,2,4,1,268,742,6,7,5,95,0,0,0,0,0
201900016758,19,1,20,247,1,3,1,5,4715293,-341834,4,4,24,2,3,1,273,889,1,4,2,10,0,0,0,0,0
201900016759,19,6,1,1219,2,8,3,4,4799860,502216,3,4,3,2,2,2,774,942,8,6,2,12,0,0,0,0,0
201900016760,19,3,14,1419,3,6,5,3,4713095,-132020,4,4,50,1,3,2,229,181,3,2,4,52,0,0,0,0,0
201900016761,19,11,17,1583,5,4,8,4,4626531,641332,2,3,7,2,1,4,30,368,8,6,5,90,0,0,0,0,0
201900016762,19,8,1,807,4,3,6,3,4970635,117860,3,1,26,3,2,4,69,399,5,1,4,28,0,0,0,0,0
201900016763,19,11,18,1418,2,8,5,4,4883689,-270164,2,4,51,3,1,4,283,803,5,6,4,59,0,0,0,0,0
201900016764,19,4,6,743,5,3,3,7,4501742,587125,4,2,37,1,4,4,275,244,5,4,2,72,0,0,0,0,0
201900016765,19,2,12,1551,5,8,2,5,4545159,-215674,9,1,26,2,1,4,385,527,5,6,3,3,0,0,0,0,0
201900016766,19,11,5,2259,5,3,6,5,4804309,508770,8,3,52,3,4,3,87,315,5,1,3,72,0,0,0,0,0
201900016767,19,1,23,1746,1,1,8,7,4993633,51707,8,4,29,3,3,4,311,771,3,2,4,69,0,0,0,0,0
201900016768,19,5,5,573,4,2,5,4,4923334,75804,4,4,0,3,4,2,846,581,7,1,5,92,0,0,0,0,0
201900016769,19,2,27,170,4,2,6,3,4966095,-79576,2,3,1,3,3,3,658,768,1,6,2,43,0,0,0,0,0
201900016770,19,10,11,362,5,6,6,2,4943992,528386,6,3,25,1,1,2,604,740,8,1,4,88,0,0,0,0,0
201900016771,19,1,17,659,4,6,4,1,4468499,531121,7,1,26,3,1,4,747,66,9,4,5,38,0,0,0,0,0
201900016772,19,6,15,1708,5,1,3,1,4833499,261775,9,4,22,2,4,4,628,56,4,5,1,51,0,0,0,0,0
201900016773,19,11,15,1133,2,4,1,3,4878748,-17490,8,4,1,1,1,2,678,849,2,3,2,21,0,0,0,0,0
201900016774,19,7,1,142,4,2,4,2,4887852,-344894,2,1,25,1,3,1,323,162,8,3,3,95,0,0,0,0,0
201900016775,19,12,19,1664,3,6,3,2,4779515,637249,1,2,46,3,4,1,417,918,7,2,4,21,0,0,0,0,0
201900016776,19,2,22,1477,2,5,6,3,4714528,235294,2,3,6,1,4,4,859,172,6,5,2,67,0,0,0,0,0
201900016777,19,5,26,1231,3,2,8,5,4665902,693295,8,4,28,3,2,2,635,211,8,3,2,41,0,0,0,0,0
201900016778,19,10,16,1953,4,6,1,5,4645950,41800,9,1,0,1,1,1,580,504,9,2,3,47,0,0,0,0,0
201900016779,19,12,3,108,2,5,8,2,4760947,136335,5,3,11,2,1,4,621,501,4,7,1,7,0,0,0,0,0
201900016780,19,11,25,807,4,5,6,6,4726101,646438,9,3,5,2,1,3,417,420,3,6,1,25,0,0,0,0,0
201900016781,19,7,16,1426,4,4,9,4,4478822,591131,8,3,3,3,3,1,92,286,4,2,4,3,0,0,0,0,0
201900016782,19,3,13,1402,5,4,4,3,4574588,10605,8,1,43,2,3,3,35,502,6,7,2,75,0,0,0,0,0
201900016783,19,2,5,1544,1,5,5,4,4418137,172387,1,3,40,3,3,1,121,146,5,2,4,84,0,0,0,0,0
201900016784,19,11,2,2359,1,7,7,1,4417405,-254472,8,2,46,3,2,3,896,750,1,7,1,2,0,0,0,0,0
201900016785,19,5,18,9,1,3,9,6,4773227,419722,8,2,29,3,3,4,158,471,4,7,4,27,0,0,0,0,0
201900016786,19,2,9,478,4,8,4,1,4441174,106820,7,4,12,3,3,1,586,462,5,6,5,61,0,0,0,0,0
201900016787,19,3,20,1216,3,8,9,5,4878824,-318324,2,2,53,1,2,2,423,40,5,2,4,2,0,0,0,0,0