Num_Acc,an,mois,jour,hrmn,lum,int,atm,col,lat,long,catr,circ,nbv,vosp,prof,plan,lartpc,larrout,surf,infra,situ,env1,unscathed,killed,hospital,light,chance
201900016788,19,5,25,997,3,3,1,6,4825606,641695,6,1,21,2,2,4,524,629,9,2,5,87,0,0,0,0,0
201900016789,19,10,26,1762,1,1,5,1,4943330,210820,6,4,40,1,2,3,639,338,6,7,3,70,0,0,0,0,0
201900016790,19,7,2,651,1,2,4,1,4444127,260129,7,2,45,3,3,4,805,684,1,3,1,91,0,0,0,0,0
201900016791,19,9,10,2118,2,9,6,1,4840080,77175,6,3,23,1,4,1,277,795,6,5,2,56,0,0,0,0,0
201900016792,19,12,14,2195,5,4,3,3,4763659,-368819,6,3,17,2,2,3,208,161,7,2,3,33,0,0,0,0,0
201900016793,19,8,22,2129,4,2,5,4,4523381,564753,3,4,13,2,1,4,537,372,7,2,3,89,0,0,0,0,0
201900016794,19,12,13,1292,1,2,4,4,4955280,58473,4,4,29,2,4,1,141,841,7,1,4,49,0,0,0,0,0
201900016795,19,2,26,1841,3,5,7,5,4424500,529542,2,3,31,2,3,4,189,567,5,2,3,59,0,0,0,0,0
201900016796,19,1,15,2288,1,2,6,4,4887385,17679,1,1,49,3,4,1,763,388,6,7,1,84,0,0,0,0,0
201900016797,19,10,22,140,2,5,8,4,4998478,556539,2,3,31,1,3,1,614,572,7,3,1,98,0,0,0,0,0
201900016798,19,12,27,2013,5,2,3,4,4620853,-243416,8,4,24,2,1,2,279,825,7,4,5,79,0,0,0,0,0
201900016799,19,7,10,547,2,5,6,5,4923399,-165723,2,3,24,3,2,4,718,315,2,7,5,89,0,0,0,0,0
201900016800,19,11,21,1252,5,7,8,7,4997148,-139690,9,1,20,2,2,3,662,710,7,1,2,97,0,0,0,0,0
201900016801,19,6,26,173,1,7,5,3,4671070,-344556,6,1,48,3,1,1,233,644,2,2,3,72,0,0,0,0,0
201900016802,19,8,17,274,2,1,8,5,4699137,-38203,1,3,23,3,4,4,161,129,2,2,5,74,0,0,0,0,0
201900016803,19,2,11,1828,3,4,6,2,4679460,-181647,9,1,19,2,1,4,747,628,1,3,2,27,0,0,0,0,0
201900016804,19,11,20,1588,2,5,2,3,4493892,569435,3,3,14,1,3,2,321,688,7,7,3,49,0,0,0,0,0
201900016805,19,7,9,581,1,4,4,2,4925157,344757,3,4,15,3,2,1,758,422,2,1,4,46,0,0,0,0,0
201900016806,19,1,8,257,2,3,8,6,4481855,241573,4,4,4,1,3,3,578,567,3,1,1,38,0,0,0,0,0
201900016807,19,12,9,2331,3,5,9,6,4713309,604824,6,3,15,3,4,3,644,724,8,4,1,14,0,0,0,0,0
201900016808,19,3,8,1940,2,9,3,5,4667641,690287,5,4,21,2,2,1,110,312,7,2,2,15,0,0,0,0,0
201900016809,19,1,16,760,2,4,9,3,4554728,-169915,9,3,44,1,1,3,418,693,6,7,2,9,0,0,0,0,0
201900016810,19,7,4,1470,1,8,9,1,4907284,236843,4,1,13,3,3,4,182,543,6,4,5,29,0,0,0,0,0
201900016811,19,4,13,2001,4,7,6,4,4751292,72025,4,1,28,2,4,1,167,72,3,1,5,98,0,0,0,0,0
201900016812,19,10,12,486,3,6,2,1,4979485,82118,6,3,53,3,3,4,141,427,1,3,3,98,0,0,0,0,0
201900016813,19,3,17,429,1,3,7,3,4532941,139543,6,3,47,3,1,2,807,973,8,2,4,36,0,0,0,0,0
201900016814,19,6,17,1502,5,6,9,6,4868120,402728,3,4,9,3,3,2,476,576,6,2,4,86,0,0,0,0,0
201900016815,19,10,8,1802,5,5,1,7,4655984,357316,1,1,43,1,4,3,266,559,3,3,5,12,0,0,0,0,0
201900016816,19,1,17,327,5,1,1,5,4738960,578561,2,4,25,3,2,4,643,922,8,5,4,67,0,0,0,0,0
201900016817,19,3,14,1090,4,7,3,6,4652773,474102,6,2,9,3,3,4,478,834,3,1,5,95,0,0,0,0,0
201900016818,19,12,27,1530,1,1,1,5,4490613,147372,1,4,44,1,1,4,468,814,9,3,5,20,0,0,0,0,0
201900016819,19,9,13,182,2,9,1,2,4853065,527250,6,3,5,3,1,3,422,137,5,2,5,72,0,0,0,0,0
201900016820,19,11,18,677,1,8,9,1,4571195,17986,8,1,15,1,2,3,586,591,7,7,3,75,0,0,0,0,0
201900016821,19,5,1,1227,2,6,8,6,4997783,23053,6,2,18,2,3,2,269,115,1,1,4,54,0,0,0,0,0
201900016822,19,8,19,1654,2,8,1,4,4696593,140801,8,1,24,2,2,4,360,362,8,3,4,17,0,0,0,0,0
201900016823,19,4,24,969,2,6,3,4,4653156,-251946,3,3,50,2,3,4,184,842,2,3,1,52,0,0,0,0,0
201900016824,19,3,26,787,4,7,6,1,4697570,-72488,4,4,13,3,1,3,287,561,1,5,1,54,0,0,0,0,0
201900016825,19,11,21,1926,1,6,8,6,4589688,68888,6,2,6,1,2,4,29,241,4,2,5,22,0,0,0,0,0
201900016826,19,6,23,770,5,7,2,5,4705649,-16070,3,1,51,3,1,2,756,348,2,6,1,63,0,0,0,0,0
201900016827,19,8,28,2110,1,9,9,6,4457338,-144075,1,4,8,2,1,2,488,574,4,4,4,96,0,0,0,0,0
201900016828,19,3,26,823,3,9,3,2,4997227,185323,9,2,24,3,3,3,243,656,6,2,3,39,0,0,0,0,0
201900016829,19,3,4,1511,1,8,8,1,4985634,-13672,4,3,8,1,1,2,85,861,4,4,1,10,0,0,0,0,0
201900016830,19,8,9,995,4,2,9,7,4489252,-44717,7,3,17,2,4,4,538,530,7,3,2,62,0,0,0,0,0
201900016831,19,3,13,1023,2,5,4,4,4943488,-314533,4,4,37,1,3,4,320,12,2,2,5,45,0,0,0,0,0
201900016832,19,12,5,540,2,4,8,1,4887634,84159,8,2,38,1,4,4,882,501,9,2,1,55,0,0,0,0,0
201900016833,19,5,13,370,4,1,6,3,4594314,677158,1,2,27,1,1,4,838,432,9,7,3,85,0,0,0,0,0
201900016834,19,8,26,2008,2,1,2,6,4968912,340546,8,4,45,1,4,4,890,380,8,7,4,66,0,0,0,0,0
201900016835,19,9,25,423,4,5,2,5,4908086,137929,8,2,19,1,1,1,156,87,2,4,3,44,0,0,0,0,0
201900016836,19,10,19,527,5,6,2,4,4490682,423542,5,4,33,2,4,1,228,637,1,7,3,42,0,0,0,0,0
201900016837,19,5,19,973,3,3,5,1,4526434,324293,8,4,5,3,2,4,643,591,3,1,5,36,0,0,0,0,0
201900016838,19,1,21,780,2,5,3,2,4681662,293018,3,1,28,1,3,2,635,327,7,2,5,3,0,0,0,0,0
201900016839,19,6,26,1783,2,3,8,2,4944413,153624,9,4,22,2,1,4,632,175,5,2,3,57,0,0,0,0,0
201900016840,19,6,12,1559,1,6,9,3,4455199,131293,6,2,16,2,4,1,139,509,6,6,2,64,0,0,0,0,0
201900016841,19,3,25,2113,2,5,6,2,4465683,281057,7,4,48,3,4,4,508,552,9,7,4,15,0,0,0,0,0
201900016842,19,5,7,2091,4,7,2,1,4878098,-162485,7,4,17,2,3,4,158,951,7,3,4,42,0,0,0,0,0
201900016843,19,8,14,945,5,8,7,1,4917447,492676,2,3,25,3,1,3,758,976,4,4,1,69,0,0,0,0,0
201900016844,19,7,24,1934,5,6,3,2,4979108,436292,2,1,51,3,2,1,435,885,3,1,4,96,0,0,0,0,0
201900016845,19,11,14,181,3,5,7,3,4816571,622400,7,2,24,1,4,2,99,489,7,6,5,75,0,0,0,0,0
201900016846,19,5,9,1883,3,3,7,1,4906378,418540,6,2,35,2,4,1,830,719,1,5,1,42,0,0,0,0,0
201900016847,19,12,22,644,4,8,2,2,4761922,-121614,5,3,12,1,4,1,318,401,7,7,5,21,0,0,0,0,0
201900016848,19,6,1,1913,3,6,9,4,4863737,88416,3,3,24,3,1,3,751,367,7,5,5,28,0,0,0,0,0
201900016849,19,2,23,820,5,6,3,2,4766933,664538,1,2,47,3,1,1,5,989,4,3,3,80,0,0,0,0,0
201900016850,19,12,5,1604,3,8,2,4,4440359,-10971,6,1,32,2,2,4,470,793,2,7,3,59,0,0,0,0,0
201900016851,19,5,24,901,5,3,3,2,4633556,465567,8,1,17,1,2,4,321,541,3,7,1,84,0,0,0,0,0
201900016852,19,7,18,1389,5,1,1,3,4862923,403699,1,4,44,1,2,3,198,355,9,7,2,24,0,0,0,0,0
201900016853,19,8,17,2013,4,9,2,6,4537700,389204,5,2,26,2,2,1,576,861,9,1,5,12,0,0,0,0,0
201900016854,19,3,22,585,5,2,1,3,4702821,-282505,9,3,49,3,3,2,30,892,9,3,1,47,0,0,0,0,0
201900016855,19,1,23,2152,1,4,7,1,4512778,129105,9,2,4,1,3,1,170,602,1,3,4,48,0,0,0,0,0
201900016856,19,7,27,411,5,5,6,4,4630425,30740,8,2,41,1,3,1,287,686,9,2,5,44,0,0,0,0,0
201900016857,19,1,25,2093,3,5,7,7,4771004,-259004,9,2,25,2,3,4,359,795,2,3,1,58,0,0,0,0,0
201900016858,19,4,11,1511,3,5,8,6,4403998,665247,9,4,7,1,4,1,70,838,6,4,5,26,0,0,0,0,0
201900016859,19,8,14,886,5,6,4,3,4640857,-302000,2,2,1,3,4,2,911,897,5,2,3,47,0,0,0,0,0
201900016860,19,4,27,1176,4,1,1,2,4987397,408492,8,4,31,1,4,3,564,117,2,3,2,65,0,0,0,0,0
201900016861,19,3,28,1491,4,8,7,7,4832353,-36526,6,1,12,1,2,4,186,755,9,7,2,95,0,0,0,0,0
201900016862,19,9,25,1527,2,5,2,1,4838850,-291078,1,3,53,3,2,2,378,14,2,2,2,47,0,0,0,0,0
201900016863,19,4,16,346,3,8,9,4,4766028,216699,8,2,50,3,3,2,814,216,9,7,2,7,0,0,0,0,0
201900016864,19,4,12,880,4,5,8,2,4896969,-362952,9,1,28,2,4,2,824,650,6,6,2,26,0,0,0,0,0
201900016865,19,12,28,2299,3,1,1,5,4522203,-76921,3,2,15,2,1,1,321,878,2,6,1,45,0,0,0,0,0
201900016866,19,11,11,1522,5,2,2,4,4903091,356590,2,1,19,1,2,3,125,21,1,1,2,9,0,0,0,0,0
201900016867,19,10,10,131,4,9,2,1,4814419,110852,5,3,51,3,1,2,718,845,4,3,1,61,0,0,0,0,0
201900016868,19,8,6,500,1,8,1,5,4569303,302434,2,3,51,1,4,4,14,27,8,1,4,37,0,0,0,0,0
201900016869,19,4,20,896,1,3,6,3,4597309,490918,4,3,45,3,3,3,256,94,7,1,4,16,0,0,0,0,0
201900016870,19,5,16,531,2,6,5,6,4449975,50305,9,3,35,3,4,4,53,737,7,2,2,99,0,0,0,0,0
201900016871,19,8,21,1867,5,9,1,7,4731940,425937,3,3,50,2,1,1,853,486,1,4,5,54,0,0,0,0,0
201900016872,19,2,17,1472,3,1,8,4,4923817,-183919,7,1,28,3,4,2,0,506,5,3,4,12,0,0,0,0,0
201900016873,19,5,12,1996,3,5,4,4,4767767,-325430,4,2,3,3,3,1,844,632,5,1,3,35,0,0,0,0,0
201900016874,19,8,14,991,5,6,6,2,4580762,342022,9,3,51,1,1,2,596,834,6,2,2,40,0,0,0,0,0
201900016875,19,7,22,2253,5,8,7,2,4959793,60687,1,2,22,3,4,1,702,398,4,3,4,88,0,0,0,0,0
201900016876,19,11,3,886,4,1,4,5,4617295,-139212,3,3,36,1,1,4,538,326,8,2,1,43,0,0,0,0,0
201900016877,19,8,1,1983,5,1,1,1,4834551,238051,6,1,46,3,3,4,539,667,3,4,5,94,0,0,0,0,0
201900016878,19,4,16,2279,5,6,5,5,4459101,-380508,9,1,30,1,4,1,321,693,6,7,1,83,0,0,0,0,0
201900016879,19,6,8,1834,3,8,3,6,4829523,208531,4,2,17,2,2,1,911,798,8,4,5,98,0,0,0,0,0
201900016880,19,4,27,1685,2,1,8,4,4710635,353866,1,1,25,1,1,3,574,737,3,6,4,32,0,0,0,0,0
201900016881,19,6,22,1982,3,6,2,5,4429930,304747,8,3,8,1,4,3,785,136,6,2,4,46,0,0,0,0,0
201900016882,19,12,22,1040,1,9,7,7,4923264,-102504,6,3,12,3,1,1,702,712,6,7,2,17,0,0,0,0,0
201900016883,19,1,17,1115,4,9,6,6,4430749,168661,3,3,43,2,2,3,634,541,2,5,4,33,0,0,0,0,0
201900016884,19,5,15,79,5,6,3,6,4837611,195614,8,2,46,1,1,3,413,800,8,6,5,89,0,0,0,0,0
201900016885,19,2,26,1400,3,4,5,1,4466048,-234349,8,4,33,2,2,3,596,599,1,7,2,39,0,0,0,0,0
201900016886,19,3,24,2288,1,3,7,6,4901401,614565,9,3,47,2,1,1,777,956,4,6,4,33,0,0,0,0,0
201900016887,19,6,23,1400,2,7,7,2,4801320,667613,4,2,29,3,1,3,305,516,3,6,1,52,0,0,0,0,0
201900016888,19,7,6,23,1,6,6,2,4667194,386499,1,1,32,3,1,3,665,804,1,1,3,52,0,0,0,0,0
201900016889,19,5,27,795,2,7,2,4,4659853,557847,9,3,4,3,3,4,737,46,2,7,1,17,0,0,0,0,0
201900016890,19,6,7,1562,5,2,4,4,4619414,101872,2,4,8,3,1,3,287,500,9,4,4,6,0,0,0,0,0
201900016891,19,12,25,393,3,4,7,1,4966741,161381,3,4,2,3,4,2,185,521,4,1,3,49,0,0,0,0,0
201900016892,19,9,18,2163,1,7,1,3,4646053,469417,2,3,26,1,2,3,244,349,6,5,1,79,0,0,0,0,0
201900016893,19,5,28,489,4,4,8,7,4866902,224709,5,1,9,2,3,4,133,372,4,1,3,79,0,0,0,0,0
201900016894,19,3,6,1606,5,4,3,5,4754136,346453,8,2,18,3,3,4,542,221,3,5,5,36,0,0,0,0,0
201900016895,19,2,8,979,3,2,3,1,4808546,645082,2,4,26,3,4,2,319,197,1,4,4,27,0,0,0,0,0
201900016896,19,7,8,687,5,1,3,3,4438582,-174982,9,2,1,3,4,3,764,516,8,4,5,26,0,0,0,0,0
201900016897,19,6,19,2232,2,7,6,1,4509769,22263,3,3,26,1,4,2,784,86,5,4,4,7,0,0,0,0,0
201900016898,19,10,9,1293,4,5,1,1,4518897,127471,9,2,35,2,2,4,452,311,1,6,4,38,0,0,0,0,0
201900016899,19,2,25,871,1,9,3,2,4402361,281632,9,3,12,1,4,1,832,801,6,6,2,40,0,0,0,0,0
201900016900,19,2,18,330,3,4,9,2,4852852,55625,2,4,19,1,2,4,762,732,2,1,5,69,0,0,0,0,0
201900016901,19,8,13,1566,3,5,6,7,4946750,-125128,5,3,3,2,4,1,388,392,5,7,3,18,0,0,0,0,0
201900016902,19,7,4,985,4,5,3,5,4947922,-155020,7,3,52,1,3,2,700,140,2,1,2,7,0,0,0,0,0
201900016903,19,10,8,1039,4,9,1,7,4926361,568666,1,3,53,2,4,3,135,474,8,3,3,46,0,0,0,0,0
201900016904,19,7,18,1115,3,9,7,2,4558341,653670,4,1,50,2,4,1,248,243,9,4,3,71,0,0,0,0,0
201900016905,19,6,15,1604,2,2,2,3,4768346,304726,6,1,10,2,4,2,198,190,4,3,2,60,0,0,0,0,0
201900016906,19,10,16,977,4,9,2,7,4579387,666664,4,3,18,3,3,3,876,640,9,6,3,95,0,0,0,0,0
201900016907,19,3,21,250,5,2,8,2,4962789,520021,3,2,19,3,4,2,277,853,7,6,5,38,0,0,0,0,0
201900016908,19,9,13,281,1,3,3,2,4566046,120002,7,2,53,1,4,2,312,609,2,3,4,21,0,0,0,0,0
201900016909,19,11,26,591,4,3,7,2,4732033,599116,6,4,45,1,4,2,729,848,1,4,5,21,0,0,0,0,0
201900016910,19,1,14,2331,3,5,4,4,4498370,-22111,8,4,37,2,3,2,420,159,1,5,1,25,0,0,0,0,0
201900016911,19,4,27,134,2,1,2,6,4680561,60604,8,3,51,1,2,4,167,53,6,7,4,69,0,0,0,0,0
201900016912,19,7,20,698,3,1,9,7,4482253,-305866,1,2,5,2,3,4,763,780,8,4,4,66,0,0,0,0,0
201900016913,19,9,24,1780,3,5,1,6,4687569,350835,1,1,44,3,4,1,573,100,1,4,3,92,0,0,0,0,0
201900016914,19,9,22,1265,2,1,6,5,4907464,118724,8,1,11,1,4,2,731,206,4,1,1,31,0,0,0,0,0
201900016915,19,3,9,1750,3,4,5,5,4844067,-392517,2,3,53,1,3,4,370,452,2,6,3,59,0,0,0,0,0
201900016916,19,8,14,1344,5,9,4,5,4885414,-320179,4,1,0,3,4,4,747,985,9,7,1,64,0,0,0,0,0
201900016917,19,4,6,681,2,4,2,2,4400489,21543,4,1,13,1,2,3,165,415,6,6,3,0,0,0,0,0,0
201900016918,19,12,27,8,5,1,3,4,4439139,-87424,5,2,32,3,1,1,176,692,4,1,5,93,0,0,0,0,0
201900016919,19,8,21,777,4,1,2,6,4809627,469214,9,1,6,1,1,3,3,894,4,3,1,23,0,0,0,0,0
201900016920,19,11,5,2269,2,5,4,4,4678464,-221299,6,2,23,1,2,3,209,94,4,3,2,75,0,0,0,0,0
201900016921,19,5,11,1342,1,9,6,6,4606909,364488,1,1,10,3,2,1,235,750,5,7,1,69,0,0,0,0,0
201900016922,19,9,28,2141,3,3,2,4,4733325,599842,4,3,24,2,3,2,246,766,7,1,4,76,0,0,0,0,0
201900016923,19,8,6,435,3,3,2,6,4665293,233930,8,1,7,2,3,4,569,38,5,5,2,4,0,0,0,0,0
201900016924,19,9,17,326,5,9,8,3,4963686,-31091,7,4,14,3,2,3,791,498,4,5,4,32,0,0,0,0,0
201900016925,19,3,10,1123,3,7,7,2,4710683,168218,1,4,44,3,2,3,663,703,5,4,2,50,0,0,0,0,0
201900016926,19,2,23,373,1,5,9,5,4943415,-71335,3,1,31,1,4,1,664,602,7,7,5,93,0,0,0,0,0
201900016927,19,5,28,2304,4,9,9,4,4656839,-19274,3,3,22,3,1,1,867,573,6,5,5,49,0,0,0,0,0
201900016928,19,9,8,1366,2,2,2,1,4434140,413967,4,1,1,1,1,2,163,823,8,1,4,72,0,0,0,0,0
201900016929,19,3,16,445,1,9,4,2,4589292,-71970,9,2,12,3,4,4,655,226,1,1,5,55,0,0,0,0,0
201900016930,19,6,22,16,3,3,2,5,4507842,421275,7,4,1,3,2,4,285,838,9,7,4,34,0,0,0,0,0
201900016931,19,9,20,1136,4,7,3,3,4409078,346434,1,4,2,3,2,1,61,661,4,3,3,78,0,0,0,0,0
201900016932,19,11,3,671,1,9,6,4,4642961,-117757,9,2,11,3,2,1,573,525,3,5,1,77,0,0,0,0,0
201900016933,19,1,9,1083,4,9,5,4,4667463,342050,5,1,10,2,3,4,15,205,4,4,5,11,0,0,0,0,0
201900016934,19,7,9,1948,2,6,6,7,4431617,20076,9,3,19,2,1,4,350,609,1,4,5,71,0,0,0,0,0
201900016935,19,9,4,1216,1,9,9,3,4959312,629401,2,2,24,1,2,1,758,463,7,1,3,6,0,0,0,0,0
201900016936,19,10,14,2183,4,2,7,3,4824374,-35173,3,3,7,3,3,4,341,13,2,4,2,98,0,0,0,0,0
201900016937,19,4,5,1513,1,5,4,2,4871535,-322106,9,3,48,1,1,1,414,184,9,6,1,70,0,0,0,0,0
201900016938,19,11,28,101,3,3,4,7,4579795,629390,8,4,1,1,4,4,864,137,7,1,3,16,0,0,0,0,0
201900016939,19,3,26,1323,1,1,4,2,4993926,449882,4,1,2,2,1,1,682,626,6,5,5,46,0,0,0,0,0
201900016940,19,2,7,689,1,7,1,1,4985501,398372,8,3,51,2,3,1,686,640,1,1,1,14,0,0,0,0,0
201900016941,19,6,14,513,4,3,3,2,4914999,200928,6,1,20,3,3,3,296,571,8,6,2,89,0,0,0,0,0
201900016942,19,10,23,438,5,6,1,2,4502946,353629,4,3,31,3,3,3,622,937,4,7,1,99,0,0,0,0,0
201900016943,19,2,13,230,1,9,3,4,4406926,503696,9,2,18,1,1,4,840,898,6,6,5,60,0,0,0,0,0
201900016944,19,3,26,926,1,6,3,7,4706600,233433,7,3,24,2,1,3,550,540,3,4,2,23,0,0,0,0,0
201900016945,19,12,25,1372,3,3,6,5,4501795,-261375,3,3,11,1,3,1,100,911,2,1,2,98,0,0,0,0,0
201900016946,19,4,19,2172,1,2,9,6,4401745,624146,3,3,28,3,4,2,753,430,1,6,3,68,0,0,0,0,0
201900016947,19,7,25,794,1,6,7,7,4660819,332941,5,4,19,2,3,2,246,882,8,1,1,3,0,0,0,0,0
201900016948,19,8,18,542,1,3,7,5,4852955,-268911,9,2,16,1,3,4,26,534,1,6,5,12,0,0,0,0,0
201900016949,19,6,2,1907,3,8,6,7,4812444,677396,7,4,31,2,3,2,727,83,1,1,5,47,0,0,0,0,0
201900016950,19,2,6,844,3,4,8,1,4514703,597796,2,4,4,1,1,1,715,788,9,6,4,29,0,0,0,0,0
201900016951,19,11,9,1930,2,1,4,2,4872487,-370428,9,4,18,2,1,2,486,808,3,6,4,82,0,0,0,0,0
201900016952,19,7,5,2183,5,3,3,5,4787642,-51887,9,2,28,3,4,4,61,633,6,5,3,46,0,0,0,0,0
201900016953,19,11,4,1907,4,6,8,1,4580763,479734,1,1,2,2,4,2,170,812,8,1,4,51,0,0,0,0,0
201900016954,19,3,26,1148,1,7,8,4,4493924,366395,8,2,15,1,1,2,230,741,7,7,3,90,0,0,0,0,0
201900016955,19,10,18,774,1,4,9,4,4710680,631273,9,1,48,1,4,2,907,756,5,7,2,50,0,0,0,0,0
201900016956,19,3,2,805,4,1,3,4,4823200,-152136,2,3,17,1,3,1,722,80,6,1,2,39,0,0,0,0,0
201900016957,19,6,3,207,4,4,3,2,4697053,181633,1,3,16,3,4,4,39,221,1,3,1,26,0,0,0,0,0
201900016958,19,5,14,958,2,2,9,3,4897158,-233966,9,3,48,2,3,2,624,904,4,6,5,87,0,0,0,0,0
201900016959,19,10,22,1454,4,1,9,1,4598372,681202,7,3,46,2,2,3,325,775,4,6,1,3,0,0,0,0,0
201900016960,19,12,8,105,2,4,7,6,4467295,377143,8,3,48,1,1,1,85,635,5,7,5,61,0,0,0,0,0
201900016961,19,4,26,72,5,7,5,1,4737059,305722,4,3,31,3,4,3,412,425,3,2,2,7,0,0,0,0,0
201900016962,19,8,23,1860,5,4,1,5,4465729,476399,5,4,53,1,2,3,235,28,9,6,3,12,0,0,0,0,0
201900016963,19,4,8,953,3,3,7,5,4705420,267336,1,1,29,3,1,1,405,166,9,4,2,8,0,0,0,0,0
201900016964,19,1,18,1143,5,2,9,5,4500239,694100,2,2,27,1,2,4,137,409,5,4,2,26,0,0,0,0,0
201900016965,19,1,22,158,5,8,4,3,4836123,170021,9,4,43,1,4,1,13,657,1,6,2,70,0,0,0,0,0
201900016966,19,3,13,2215,3,4,2,7,4435808,-314231,2,1,7,2,1,1,300,802,8,6,2,83,0,0,0,0,0
201900016967,19,4,13,1338,3,9,9,4,4712625,-239812,3,1,36,2,1,2,519,27,9,3,3,11,0,0,0,0,0
201900016968,19,10,2,568,2,5,3,6,4603949,-365322,9,1,32,2,4,2,19,426,4,2,5,35,0,0,0,0,0
201900016969,19,8,27,307,3,6,8,1,4951086,-358149,2,4,22,1,4,3,247,468,2,1,5,73,0,0,0,0,0
201900016970,19,12,14,1022,4,7,2,3,4454666,-177434,7,1,28,1,4,1,379,483,8,7,1,73,0,0,0,0,0
201900016971,19,4,8,1651,4,6,8,6,4557316,393500,1,1,31,2,3,4,542,511,9,2,1,57,0,0,0,0,0
201900016972,19,2,25,679,3,5,2,5,4655778,360371,4,4,34,2,3,2,722,222,8,3,1,92,0,0,0,0,0
201900016973,19,4,10,1815,5,8,2,1,4913321,49581,4,3,37,3,1,3,646,565,5,5,4,23,0,0,0,0,0
201900016974,19,8,12,1600,2,7,1,2,4508521,636731,6,1,38,3,2,4,635,715,2,6,1,52,0,0,0,0,0
201900016975,19,1,25,2184,3,6,1,2,4710226,240913,7,2,45,3,2,1,697,992,8,6,5,40,0,0,0,0,0
201900016976,19,11,27,1776,3,3,6,3,4925598,-70279,3,3,46,2,4,4,179,114,2,6,3,14,0,0,0,0,0
201900016977,19,1,16,2115,5,3,6,5,4825671,319161,7,3,13,1,2,4,25,194,1,5,2,73,0,0,0,0,0
201900016978,19,5,19,660,1,2,5,3,4662127,-123049,2,4,2,2,2,2,818,514,5,2,1,67,0,0,0,0,0
201900016979,19,12,6,1545,4,8,4,3,4470121,-48592,5,3,51,2,2,3,897,36,2,5,1,72,0,0,0,0,0
201900016980,19,10,6,25,1,8,4,4,4557979,-172639,4,2,6,1,1,3,811,843,2,1,3,71,0,0,0,0,0
201900016981,19,9,16,1155,4,3,6,5,4953939,474485,4,1,7,2,4,2,332,907,6,1,4,95,0,0,0,0,0
201900016982,19,6,12,920,4,2,7,6,4548481,148775,2,3,3,2,2,4,87,153,9,7,1,42,0,0,0,0,0
201900016983,19,3,13,2160,5,2,2,2,4504628,24796,5,2,20,2,2,4,221,443,8,3,5,8,0,0,0,0,0
201900016984,19,1,2,947,1,8,8,6,4637457,-378505,3,3,51,1,2,2,515,108,9,2,2,30,0,0,0,0,0
201900016985,19,12,4,233,5,5,5,1,4601039,361940,8,2,35,1,4,2,567,845,2,1,1,17,0,0,0,0,0
201900016986,19,6,12,2003,3,1,9,1,4931933,-381621,3,2,40,2,2,4,324,833,8,4,3,8,0,0,0,0,0
201900016987,19,10,7,2314,2,8,4,1,4788536,-69263,3,3,45,3,2,1,306,558,4,7,5,82,0,0,0,0,0
201900016988,19,2,1,1997,5,3,9,3,4491165,687373,3,4,34,2,4,1,440,551,6,5,5,79,0,0,0,0,0
201900016989,19,7,18,1142,4,7,2,7,4929272,-182020,5,2,2,1,2,2,811,409,3,5,1,39,0,0,0,0,0
201900016990,19,1,13,1075,4,8,4,1,4847955,-283316,2,3,44,3,3,1,486,352,2,2,5,3,0,0,0,0,0
201900016991,19,6,20,2243,3,5,1,5,4589298,59674,8,4,31,2,1,1,768,466,1,1,1,15,0,0,0,0,0
201900016992,19,12,10,103,3,5,1,4,4616082,-21070,9,2,46,2,3,4,698,655,1,6,4,58,0,0,0,0,0
201900016993,19,7,26,701,3,3,4,3,4940187,211913,3,1,38,3,3,4,618,708,2,1,4,69,0,0,0,0,0
201900016994,19,9,27,9,5,1,3,3,4814314,50916,3,1,37,1,2,3,28,511,1,2,4,90,0,0,0,0,0
201900016995,19,7,8,251,3,2,5,2,4486965,-392045,5,3,19,1,2,4,619,882,7,2,1,54,0,0,0,0,0
201900016996,19,7,3,2039,2,3,9,6,4697124,115886,8,4,45,1,2,1,636,749,2,7,2,22,0,0,0,0,0
201900016997,19,8,13,1198,2,4,9,6,4557394,-247700,7,2,25,3,4,2,631,322,3,4,5,1,0,0,0,0,0
201900016998,19,7,16,171,3,8,5,4,4700543,-105558,1,4,8,2,2,1,862,773,9,6,2,37,0,0,0,0,0
201900016999,19,7,21,149,3,3,2,2,4696344,54135,7,4,47,1,1,3,540,325,6,4,2,83,0,0,0,0,0
201900017000,19,9,9,292,2,1,3,7,4413532,368213,4,4,51,1,2,3,623,83,5,7,2,73,0,0,0,0,0
201900017001,19,4,21,23,1,5,6,3,4650486,54463,4,2,46,2,4,3,747,577,2,3,2,62,0,0,0,0,0