Num_Acc,an,mois,jour,hrmn,lum,int,atm,col,lat,long,catr,circ,nbv,vosp,prof,plan,lartpc,larrout,surf,infra,situ,env1,unscathed,killed,hospital,light,chance
201900017002,19,12,15,1211,5,2,1,5,4884526,608734,7,4,46,2,4,4,69,189,4,6,3,3,0,0,0,0,0
201900017003,19,5,23,1556,2,2,5,2,4843900,-63743,5,3,47,1,2,1,910,857,9,7,4,23,0,0,0,0,0
201900017004,19,8,5,329,5,5,5,4,4705477,517292,1,4,8,2,3,2,638,388,4,1,5,18,0,0,0,0,0
201900017005,19,5,28,311,1,7,3,1,4943793,201508,2,2,36,1,2,3,89,414,8,3,5,2,0,0,0,0,0
201900017006,19,5,26,397,3,9,2,2,4456750,-247586,6,1,32,2,3,2,427,488,2,3,4,49,0,0,0,0,0
201900017007,19,6,8,2242,3,2,5,1,4630821,480012,3,4,7,3,4,3,41,843,7,4,2,32,0,0,0,0,0
201900017008,19,1,20,2151,2,6,4,7,4950121,-296149,2,1,20,2,3,3,176,865,9,2,1,16,0,0,0,0,0
201900017009,19,5,19,1411,4,2,1,4,4534471,443057,5,4,1,3,1,3,740,355,4,6,5,65,0,0,0,0,0
201900017010,19,6,9,406,3,3,1,2,4755783,-379533,4,4,5,2,4,4,564,621,9,1,1,38,0,0,0,0,0
201900017011,19,6,23,1980,3,2,1,7,4930313,308110,1,1,0,2,3,4,841,931,2,3,4,55,0,0,0,0,0
201900017012,19,8,27,1378,1,1,5,6,4880349,250482,1,4,11,1,3,1,574,281,1,4,5,47,0,0,0,0,0
201900017013,19,8,14,1733,4,3,5,6,4553538,29730,5,4,51,1,1,4,134,981,7,3,4,40,0,0,0,0,0
201900017014,19,2,1,341,2,8,2,6,4811176,413174,7,4,30,1,2,2,23,527,7,1,5,7,0,0,0,0,0
201900017015,19,8,15,1327,3,2,4,6,4725837,-312228,6,1,4,1,4,1,446,746,9,1,1,94,0,0,0,0,0
201900017016,19,11,1,1660,1,7,3,6,4955286,189956,5,3,50,1,4,2,815,766,7,2,1,89,0,0,0,0,0
201900017017,19,3,22,1765,2,9,4,7,4412926,405971,6,2,30,3,4,3,865,693,7,7,2,56,0,0,0,0,0
201900017018,19,2,13,492,4,2,1,3,4812850,324671,7,2,21,1,1,2,220,352,8,1,4,90,0,0,0,0,0
201900017019,19,11,1,1273,2,7,6,2,4423662,488133,1,2,44,1,4,4,588,733,8,3,2,67,0,0,0,0,0
201900017020,19,4,15,1766,3,2,2,7,4593850,278040,6,3,46,2,3,1,536,956,2,2,1,18,0,0,0,0,0
201900017021,19,5,24,1326,3,5,4,2,4601078,699573,7,4,35,2,4,3,802,229,4,3,5,46,0,0,0,0,0
201900017022,19,4,2,46,3,2,6,7,4577795,51907,7,1,16,1,2,3,425,318,9,3,1,22,0,0,0,0,0
201900017023,19,11,1,1171,4,9,1,3,4927823,15653,8,3,40,2,2,4,42,52,6,6,2,94,0,0,0,0,0
201900017024,19,7,26,1231,2,2,9,1,4887667,546989,8,1,1,3,1,2,633,491,7,6,5,45,0,0,0,0,0
201900017025,19,10,6,527,4,8,5,7,4749288,-316601,5,1,46,1,1,3,372,137,5,5,3,96,0,0,0,0,0
201900017026,19,1,19,1226,1,6,2,2,4582078,264578,5,1,16,3,1,1,122,634,8,6,3,0,0,0,0,0,0
201900017027,19,12,21,1523,5,8,5,3,4954337,-59772,7,1,21,1,3,2,108,432,5,7,2,81,0,0,0,0,0
201900017028,19,8,22,1484,2,3,6,4,4692217,335092,4,1,31,2,4,4,690,721,4,3,2,98,0,0,0,0,0
201900017029,19,2,27,1631,1,4,4,4,4453362,520837,4,2,46,3,1,3,2,80,2,3,4,67,0,0,0,0,0
201900017030,19,6,20,896,2,4,8,5,4734129,-397301,8,4,18,2,4,1,510,24,4,4,1,72,0,0,0,0,0
201900017031,19,11,1,1829,3,7,2,3,4509418,595006,3,4,48,1,2,3,95,213,3,3,1,3,0,0,0,0,0
201900017032,19,12,4,1200,5,7,5,6,4692677,-95712,7,3,8,1,4,2,528,528,7,7,2,45,0,0,0,0,0
201900017033,19,3,12,1120,2,6,2,3,4994313,170926,5,2,49,3,4,3,678,906,2,3,2,51,0,0,0,0,0
201900017034,19,1,4,1053,1,2,1,7,4778007,481646,5,2,42,1,3,3,128,917,5,3,3,63,0,0,0,0,0
201900017035,19,4,23,2312,5,6,9,1,4518902,-274425,8,3,50,3,1,1,187,513,7,6,3,91,0,0,0,0,0
201900017036,19,8,19,350,1,1,1,7,4810460,53746,9,4,42,1,4,3,702,100,5,6,5,44,0,0,0,0,0
201900017037,19,7,16,749,3,9,1,4,4476375,196380,1,4,51,1,2,3,498,506,6,7,4,57,0,0,0,0,0
201900017038,19,4,6,1404,2,8,7,2,4786393,478491,4,4,0,2,1,3,288,988,5,7,2,1,0,0,0,0,0
201900017039,19,11,12,1406,2,2,8,5,4850772,394627,8,1,41,2,3,2,830,570,5,1,5,37,0,0,0,0,0
201900017040,19,12,12,1542,5,2,2,1,4425946,-65731,8,4,48,3,2,1,753,138,2,2,5,18,0,0,0,0,0
201900017041,19,6,16,201,4,5,2,5,4587404,-283946,5,1,25,3,1,4,695,670,5,4,2,62,0,0,0,0,0
201900017042,19,8,14,1344,3,1,2,6,4639136,17771,4,3,26,1,1,2,78,402,9,6,1,25,0,0,0,0,0
201900017043,19,11,2,1034,1,1,3,1,4649947,598753,7,3,40,1,4,4,792,304,9,5,3,59,0,0,0,0,0
201900017044,19,12,18,1931,4,5,1,5,4466995,325137,7,2,36,1,3,4,355,109,1,7,4,79,0,0,0,0,0
201900017045,19,5,27,1184,5,4,6,4,4681716,-28353,9,3,8,3,4,4,132,573,6,3,1,71,0,0,0,0,0
201900017046,19,5,10,2174,3,8,7,1,4632296,-203980,6,2,22,3,2,4,309,528,6,4,4,53,0,0,0,0,0
201900017047,19,12,10,1021,2,9,9,3,4633684,-291178,2,4,24,2,2,3,847,769,4,5,2,95,0,0,0,0,0
201900017048,19,4,9,126,1,7,3,4,4407602,-87984,5,2,34,3,3,2,259,40,9,4,3,56,0,0,0,0,0
201900017049,19,3,15,1434,1,1,6,2,4643917,-343956,4,4,23,1,3,1,798,264,5,7,4,3,0,0,0,0,0
201900017050,19,8,18,1369,2,9,3,6,4949892,318342,7,2,43,2,4,3,764,7,2,5,5,62,0,0,0,0,0
201900017051,19,3,26,1629,2,5,4,5,4944644,370557,1,3,41,3,4,3,124,718,5,4,4,44,0,0,0,0,0
201900017052,19,4,8,1511,5,9,7,6,4530043,511743,4,1,24,1,3,2,325,158,4,7,4,47,0,0,0,0,0
201900017053,19,4,12,1919,3,9,2,4,4830197,-26062,9,2,10,3,1,4,279,846,6,4,2,34,0,0,0,0,0
201900017054,19,12,15,2033,1,2,9,5,4488892,-138104,6,3,15,2,3,4,271,545,7,2,3,36,0,0,0,0,0
201900017055,19,12,13,891,1,2,1,1,4843097,-292001,5,1,30,2,2,1,332,685,6,7,1,7,0,0,0,0,0
201900017056,19,8,26,510,1,2,3,5,4912308,514956,4,4,3,2,1,4,909,688,3,3,4,36,0,0,0,0,0
201900017057,19,3,2,1540,1,9,8,1,4808419,-21321,5,1,31,2,3,3,490,576,6,7,3,6,0,0,0,0,0
201900017058,19,8,22,1866,5,4,9,4,4902764,268436,5,4,26,2,4,4,457,294,5,3,5,87,0,0,0,0,0
201900017059,19,1,4,1262,2,3,8,3,4710566,-217187,7,1,28,1,3,1,642,138,1,5,1,22,0,0,0,0,0
201900017060,19,2,26,1450,2,1,1,5,4641835,609377,3,1,25,2,2,3,558,373,3,6,2,10,0,0,0,0,0
201900017061,19,8,12,779,2,1,6,5,4713264,-337269,6,2,11,3,2,3,849,267,8,1,3,21,0,0,0,0,0
201900017062,19,11,5,1907,1,8,1,3,4875073,695579,1,2,16,1,3,3,356,438,1,1,4,38,0,0,0,0,0
201900017063,19,4,21,1625,2,7,4,4,4989972,519290,3,3,24,1,2,1,552,912,1,2,5,72,0,0,0,0,0
201900017064,19,9,26,2293,2,6,2,7,4893806,-287965,5,4,37,1,2,1,533,480,6,3,1,84,0,0,0,0,0
201900017065,19,11,24,576,3,8,6,6,4576189,152667,7,1,6,1,2,3,388,969,3,5,2,70,0,0,0,0,0
201900017066,19,4,21,1305,5,4,4,5,4697129,-150757,5,1,47,2,4,3,622,724,4,3,4,85,0,0,0,0,0
201900017067,19,4,5,1831,5,6,4,3,4816077,626921,5,2,2,3,4,1,548,373,2,2,5,25,0,0,0,0,0
201900017068,19,5,4,557,5,4,8,7,4521232,616344,2,4,39,3,4,1,477,591,2,7,5,9,0,0,0,0,0
201900017069,19,3,21,1261,3,6,9,1,4649189,399032,9,2,17,3,4,4,653,734,4,2,2,8,0,0,0,0,0
201900017070,19,1,2,469,4,6,4,3,4758130,-57150,9,4,34,3,1,4,494,21,1,7,2,39,0,0,0,0,0
201900017071,19,5,6,427,4,1,3,5,4430920,-149971,7,3,6,2,1,4,813,325,1,1,5,89,0,0,0,0,0
201900017072,19,4,12,1759,5,1,3,2,4737752,-361975,1,1,8,1,3,4,13,927,7,2,5,49,0,0,0,0,0
201900017073,19,1,23,1725,1,4,5,5,4605044,-389810,1,1,1,1,4,3,895,681,3,3,3,24,0,0,0,0,0
201900017074,19,9,3,149,5,6,1,2,4806002,687305,4,2,49,3,3,1,421,845,3,2,1,80,0,0,0,0,0
201900017075,19,6,15,1607,4,2,1,3,4689244,549154,8,2,9,2,4,1,413,894,1,2,3,4,0,0,0,0,0
201900017076,19,10,17,1570,3,8,1,7,4505561,22212,2,2,9,1,4,1,116,80,4,1,5,71,0,0,0,0,0
201900017077,19,11,8,632,4,6,6,4,4957189,-233809,2,4,33,2,4,4,288,582,9,2,4,75,0,0,0,0,0
201900017078,19,6,28,227,3,9,3,7,4467337,108012,7,2,16,3,3,4,148,981,5,7,1,54,0,0,0,0,0
201900017079,19,8,19,50,4,3,1,6,4994217,251885,1,1,47,2,2,3,645,676,2,6,4,12,0,0,0,0,0
201900017080,19,6,9,606,5,9,4,3,4463361,607569,9,2,28,1,1,2,875,83,1,4,4,46,0,0,0,0,0
201900017081,19,6,17,2206,3,3,5,5,4647674,86081,2,2,41,2,2,2,539,90,2,1,3,39,0,0,0,0,0
201900017082,19,9,1,264,4,9,7,5,4709176,-209247,7,3,0,2,2,2,261,966,5,3,3,73,0,0,0,0,0
201900017083,19,10,5,2235,2,8,6,5,4465026,-143627,4,4,38,1,2,4,371,620,3,4,1,61,0,0,0,0,0
201900017084,19,2,22,90,5,4,2,3,4666658,435027,6,3,35,2,1,4,546,338,7,6,5,66,0,0,0,0,0
201900017085,19,9,11,719,4,9,1,4,4416360,411287,1,1,19,2,2,4,780,853,1,2,4,72,0,0,0,0,0
201900017086,19,1,15,1691,1,3,8,3,4818921,212618,8,4,29,2,3,2,519,520,4,2,3,65,0,0,0,0,0
201900017087,19,2,10,2217,5,7,3,5,4501027,67657,6,4,8,1,1,1,73,572,3,6,1,75,0,0,0,0,0
201900017088,19,1,6,914,3,4,1,5,4951977,566592,7,2,7,3,3,4,750,834,5,4,3,97,0,0,0,0,0
201900017089,19,8,9,1896,2,2,4,3,4737090,-351593,7,2,50,2,4,3,38,817,1,6,4,75,0,0,0,0,0
201900017090,19,4,8,1701,3,6,1,7,4535100,370582,5,2,28,2,1,2,16,633,3,5,5,54,0,0,0,0,0
201900017091,19,4,21,821,4,4,4,3,4877101,137775,3,3,50,2,4,1,94,442,2,3,1,52,0,0,0,0,0
201900017092,19,10,24,165,4,4,2,7,4909043,298419,3,2,52,2,3,4,154,864,7,6,5,8,0,0,0,0,0
201900017093,19,2,24,365,2,8,4,7,4943435,-285107,5,1,19,3,2,2,49,159,1,6,1,95,0,0,0,0,0
201900017094,19,5,3,1951,2,1,7,5,4698008,-14738,4,2,9,2,1,1,683,582,5,2,5,89,0,0,0,0,0
201900017095,19,1,27,1867,2,2,5,5,4778813,-148857,7,4,8,3,2,1,216,523,4,7,3,6,0,0,0,0,0
201900017096,19,1,19,1018,5,2,7,3,4738213,439709,7,1,38,1,4,3,119,975,3,7,4,73,0,0,0,0,0
201900017097,19,10,16,1425,3,6,1,7,4835082,-259806,4,4,32,3,3,2,892,396,2,5,5,0,0,0,0,0,0
201900017098,19,4,10,1037,5,1,5,7,4439814,-210306,1,4,53,1,1,1,575,48,3,2,1,84,0,0,0,0,0
201900017099,19,1,4,576,3,4,9,3,4867392,342538,2,4,27,3,4,4,773,517,6,1,4,87,0,0,0,0,0
201900017100,19,4,9,1201,1,9,2,1,4798174,-182862,6,4,10,2,2,4,400,609,9,7,1,99,0,0,0,0,0
201900017101,19,8,26,439,1,7,2,5,4719982,493830,5,2,52,1,4,4,776,304,2,1,5,43,0,0,0,0,0
201900017102,19,8,10,1152,5,9,1,1,4771768,262080,8,2,37,2,3,4,908,459,9,4,5,5,0,0,0,0,0
201900017103,19,9,7,1744,3,7,2,4,4466301,625655,7,3,31,1,4,4,332,277,4,2,2,72,0,0,0,0,0
201900017104,19,8,2,1852,2,3,6,3,4542531,-343963,9,3,19,2,2,3,20,344,4,6,1,18,0,0,0,0,0
201900017105,19,10,1,2226,3,6,6,1,4931399,41474,1,1,44,1,3,4,505,174,1,6,5,59,0,0,0,0,0
201900017106,19,9,21,1760,1,6,1,3,4600475,-399654,6,1,24,3,1,2,855,208,2,3,1,89,0,0,0,0,0
201900017107,19,1,17,1305,1,7,1,5,4430585,521529,3,1,13,2,1,3,890,173,2,7,4,0,0,0,0,0,0
201900017108,19,7,16,2345,4,9,8,5,4832060,187523,8,2,31,1,2,4,395,193,7,6,2,68,0,0,0,0,0
201900017109,19,2,12,2061,1,2,8,1,4870518,344324,5,2,4,3,4,1,768,369,9,2,4,99,0,0,0,0,0
201900017110,19,4,1,1212,1,1,5,4,4419816,520016,1,1,30,1,2,4,482,528,1,7,3,39,0,0,0,0,0
201900017111,19,1,12,826,5,2,2,6,4932336,685716,6,1,35,1,4,4,869,762,9,6,4,47,0,0,0,0,0
201900017112,19,8,18,312,3,1,2,7,4725828,438278,3,3,1,3,3,3,289,464,5,2,1,31,0,0,0,0,0
201900017113,19,1,28,914,2,9,9,7,4471856,-217637,5,4,3,3,1,2,640,882,9,2,1,11,0,0,0,0,0
201900017114,19,4,14,995,1,9,4,5,4869438,241533,3,1,10,3,2,2,333,755,4,4,1,32,0,0,0,0,0
201900017115,19,11,14,1541,5,5,7,5,4520135,-97717,7,1,1,1,2,4,441,849,8,6,2,86,0,0,0,0,0
201900017116,19,9,21,1520,2,9,6,1,4952862,644058,5,2,37,1,4,4,622,239,7,7,1,57,0,0,0,0,0
201900017117,19,11,21,1967,5,8,2,3,4748119,515959,9,2,21,3,1,2,237,168,8,3,4,98,0,0,0,0,0
201900017118,19,4,17,43,5,7,6,5,4618049,423773,6,4,16,3,1,1,908,54,4,6,2,69,0,0,0,0,0
201900017119,19,11,21,10,2,1,6,2,4523818,-109825,1,3,52,1,4,3,123,732,8,7,3,8,0,0,0,0,0
201900017120,19,7,23,1926,4,1,9,6,4413751,-13047,4,2,13,1,1,4,98,341,1,2,3,52,0,0,0,0,0
201900017121,19,1,16,1001,4,7,2,6,4899163,170225,3,1,43,1,2,2,547,370,7,4,1,52,0,0,0,0,0
201900017122,19,1,20,1880,3,1,5,5,4873994,-292018,3,3,45,3,3,2,458,135,7,4,3,54,0,0,0,0,0
201900017123,19,2,7,608,4,6,9,4,4735918,-270466,2,4,21,1,3,4,309,366,6,7,2,50,0,0,0,0,0
201900017124,19,8,3,964,3,8,7,6,4682214,-55752,7,2,0,2,3,3,285,459,2,1,5,61,0,0,0,0,0
201900017125,19,9,13,1858,3,2,3,6,4559404,177602,8,2,7,2,2,4,80,89,1,1,1,64,0,0,0,0,0
201900017126,19,6,21,420,5,9,1,7,4730670,387764,6,3,3,2,2,4,470,293,4,7,3,69,0,0,0,0,0
201900017127,19,4,21,2332,5,2,3,7,4502065,-107090,3,1,5,1,4,2,96,130,6,6,2,50,0,0,0,0,0
201900017128,19,5,23,2096,3,2,3,7,4702465,-322476,9,1,40,2,3,4,426,360,2,2,2,4,0,0,0,0,0
201900017129,19,1,28,784,4,2,1,6,4572314,-248994,8,4,45,3,1,4,260,418,5,7,3,26,0,0,0,0,0
201900017130,19,11,11,1656,1,7,5,6,4403858,412424,9,3,41,2,3,2,532,271,5,4,1,37,0,0,0,0,0
201900017131,19,5,15,1639,5,6,2,1,4860945,274997,5,2,39,1,2,4,558,134,5,1,4,3,0,0,0,0,0
201900017132,19,2,9,198,1,5,2,3,4782992,475403,9,3,22,3,4,2,501,565,3,3,2,23,0,0,0,0,0
201900017133,19,10,10,606,4,1,2,4,4867085,699809,2,3,41,3,4,3,232,939,1,4,4,25,0,0,0,0,0
201900017134,19,5,19,2226,4,5,6,5,4580700,294898,7,2,41,2,1,4,304,187,4,2,3,95,0,0,0,0,0
201900017135,19,11,12,358,3,1,9,4,4729203,-294344,2,3,14,1,1,1,426,5,1,6,3,86,0,0,0,0,0
201900017136,19,9,8,341,3,5,7,7,4410542,531985,3,1,4,1,2,1,702,597,1,6,3,5,0,0,0,0,0
201900017137,19,7,20,185,5,1,5,6,4446397,-213883,8,4,4,2,4,4,59,173,7,2,1,37,0,0,0,0,0
201900017138,19,10,24,622,5,7,7,5,4538928,-86875,3,1,24,3,4,4,889,445,2,4,3,76,0,0,0,0,0
201900017139,19,7,11,692,3,4,3,3,4664172,-295950,4,3,37,1,1,3,154,337,3,1,3,16,0,0,0,0,0
201900017140,19,3,17,26,2,4,5,3,4577734,291560,6,1,2,3,2,1,437,489,5,7,2,7,0,0,0,0,0
201900017141,19,5,16,339,4,8,9,5,4826968,-179808,8,3,37,3,4,3,555,707,8,1,2,13,0,0,0,0,0
201900017142,19,7,20,553,3,4,2,7,4400078,427509,1,1,43,1,3,1,425,675,7,4,4,1,0,0,0,0,0
201900017143,19,2,24,1037,5,9,1,1,4507020,-68057,9,1,31,3,2,1,73,132,4,7,5,70,0,0,0,0,0
201900017144,19,2,8,1409,4,4,8,4,4831683,222750,7,4,22,2,4,4,394,225,8,3,5,92,0,0,0,0,0
201900017145,19,10,22,2277,5,8,9,2,4593413,-189037,6,4,39,1,4,3,368,211,5,6,3,16,0,0,0,0,0
201900017146,19,10,21,615,4,3,6,7,4789690,-377059,2,1,1,3,4,3,714,617,8,2,2,13,0,0,0,0,0
201900017147,19,4,19,1279,3,9,5,6,4823743,-219377,4,4,34,3,4,1,671,336,6,6,5,85,0,0,0,0,0
201900017148,19,2,27,2047,1,2,3,4,4526735,150396,5,1,53,1,4,1,275,190,3,7,3,13,0,0,0,0,0
201900017149,19,5,25,856,5,8,7,6,4837429,531419,2,1,26,3,3,3,212,775,5,1,3,49,0,0,0,0,0
201900017150,19,9,27,580,1,8,1,7,4474523,93223,6,4,51,2,1,2,742,731,5,5,4,84,0,0,0,0,0
201900017151,19,2,26,1158,5,9,8,4,4722117,621627,7,2,8,3,2,2,237,735,8,5,5,38,0,0,0,0,0
201900017152,19,10,20,208,4,9,2,5,4753760,667772,7,4,47,3,3,3,454,293,1,5,3,5,0,0,0,0,0
201900017153,19,2,25,1979,5,7,9,5,4563443,440942,2,1,22,3,4,3,26,886,3,2,5,83,0,0,0,0,0
201900017154,19,7,10,959,4,6,4,7,4836369,673997,7,2,18,2,2,2,333,737,2,5,1,29,0,0,0,0,0
201900017155,19,3,7,1670,1,4,5,6,4879147,101788,5,1,14,3,4,2,108,408,9,1,3,76,0,0,0,0,0
201900017156,19,2,6,1754,1,7,6,6,4963383,-116979,1,4,20,2,2,2,90,610,3,2,5,94,0,0,0,0,0
201900017157,19,2,15,1235,4,6,6,1,4675259,587669,2,1,48,3,1,1,126,40,9,3,3,2,0,0,0,0,0
201900017158,19,2,21,1934,1,8,6,6,4462307,239355,2,4,17,2,4,2,783,592,6,1,3,94,0,0,0,0,0
201900017159,19,9,10,890,3,9,7,5,4651616,-252489,9,2,1,3,1,3,683,562,5,6,2,50,0,0,0,0,0
201900017160,19,3,13,1980,3,2,7,3,4514523,688571,4,4,40,1,1,2,545,881,6,1,4,11,0,0,0,0,0
201900017161,19,10,20,1440,2,6,7,3,4979309,72513,6,4,43,2,1,2,482,207,3,3,5,10,0,0,0,0,0
201900017162,19,2,28,1062,1,8,2,3,4605085,-152147,2,3,21,3,1,1,327,965,4,3,2,36,0,0,0,0,0
201900017163,19,6,28,939,3,6,4,7,4552501,-367824,3,4,12,2,3,2,697,572,9,6,5,64,0,0,0,0,0
201900017164,19,3,11,2121,2,1,6,2,4645023,213510,5,1,36,2,3,3,777,645,4,3,4,9,0,0,0,0,0
201900017165,19,10,6,841,5,2,2,4,4734840,-193577,6,2,33,3,1,4,198,296,6,5,5,3,0,0,0,0,0
201900017166,19,4,11,2186,5,9,9,4,4537304,496086,3,1,29,1,3,2,76,450,8,3,1,85,0,0,0,0,0
201900017167,19,5,20,2262,1,1,2,6,4453752,-208508,5,2,5,2,4,3,548,39,3,7,3,79,0,0,0,0,0
201900017168,19,8,20,2219,4,9,3,2,4475698,269527,3,3,33,3,3,2,588,345,3,6,3,60,0,0,0,0,0
201900017169,19,1,14,809,3,5,7,1,4738969,607261,5,1,1,3,4,1,696,544,3,3,2,8,0,0,0,0,0
201900017170,19,10,7,712,4,2,6,1,4750861,235730,6,1,20,2,4,4,299,45,1,4,4,57,0,0,0,0,0
201900017171,19,2,16,234,5,7,6,6,4686495,-209702,9,2,50,1,1,1,88,954,6,1,4,39,0,0,0,0,0
201900017172,19,9,26,504,3,5,6,5,4821662,-290817,1,3,15,2,3,1,584,726,2,6,3,52,0,0,0,0,0
201900017173,19,9,11,624,1,9,9,2,4788423,-126573,6,2,24,1,3,3,762,90,9,7,3,35,0,0,0,0,0
201900017174,19,7,19,1077,5,7,8,6,4683577,271592,9,4,22,3,2,4,115,85,6,7,1,56,0,0,0,0,0
201900017175,19,8,7,47,3,7,9,4,4824130,462553,9,4,17,2,1,3,884,501,7,4,2,25,0,0,0,0,0
201900017176,19,4,26,348,1,6,1,2,4843756,421638,6,4,42,2,4,3,481,573,7,2,1,86,0,0,0,0,0
201900017177,19,5,8,143,1,8,6,1,4857951,-43132,3,4,40,1,4,1,744,129,8,7,2,56,0,0,0,0,0
201900017178,19,4,10,1850,1,5,9,7,4834677,423225,4,1,9,1,3,1,414,512,6,3,2,43,0,0,0,0,0
201900017179,19,9,26,83,3,2,1,3,4870923,-297872,7,3,53,3,4,2,771,548,1,3,4,81,0,0,0,0,0
201900017180,19,1,15,2086,5,6,8,5,4699930,-331426,7,4,42,3,4,2,625,49,7,2,4,91,0,0,0,0,0
201900017181,19,11,21,2144,2,8,6,7,4951442,271473,1,3,26,1,4,3,864,872,6,3,3,85,0,0,0,0,0
201900017182,19,3,24,2252,3,1,9,4,4634367,611472,4,4,32,3,3,4,495,870,1,5,1,13,0,0,0,0,0
201900017183,19,6,21,1032,2,6,3,1,4638439,540200,8,4,22,2,3,2,482,494,5,1,3,71,0,0,0,0,0
201900017184,19,10,5,1705,1,4,9,2,4823687,-370167,9,3,29,3,4,1,486,201,7,5,1,98,0,0,0,0,0
201900017185,19,9,19,885,1,2,9,5,4403349,-355106,5,3,47,1,3,3,509,785,9,6,5,9,0,0,0,0,0
201900017186,19,10,13,888,3,3,7,6,4991012,679979,8,2,53,2,4,4,276,244,9,1,5,87,0,0,0,0,0
201900017187,19,8,3,2089,4,3,5,2,4596903,-141030,8,2,15,3,3,3,575,401,9,7,1,98,0,0,0,0,0
201900017188,19,12,7,314,1,2,6,6,4650043,-221661,8,3,5,2,3,1,268,428,9,6,3,18,0,0,0,0,0
201900017189,19,2,3,2040,1,7,8,2,4413545,-86542,6,1,16,1,4,2,149,178,6,6,1,68,0,0,0,0,0
201900017190,19,10,8,496,1,6,2,4,4401497,494316,3,4,52,3,3,2,84,600,8,3,4,24,0,0,0,0,0
201900017191,19,11,27,1319,2,6,1,4,4924484,46444,5,2,21,3,1,2,711,157,1,6,1,38,0,0,0,0,0
201900017192,19,1,15,1075,1,8,9,2,4629178,239348,7,4,28,2,4,1,230,986,4,2,5,35,0,0,0,0,0
201900017193,19,8,28,965,1,8,4,2,4962040,-302237,6,2,5,2,1,4,277,75,7,5,5,40,0,0,0,0,0
201900017194,19,7,19,2005,1,7,3,7,4961918,186223,6,1,8,3,3,1,495,589,9,7,5,92,0,0,0,0,0
201900017195,19,10,1,774,4,1,3,6,4731320,-74965,9,3,1,3,4,1,179,557,9,6,2,81,0,0,0,0,0
201900017196,19,11,16,1998,1,1,5,4,4784962,265318,1,4,9,1,2,4,467,803,9,1,1,54,0,0,0,0,0
201900017197,19,3,16,1406,3,7,2,7,4979876,-353672,9,3,39,1,2,3,262,894,5,1,2,66,0,0,0,0,0
201900017198,19,3,14,231,2,9,1,4,4753759,-182654,8,4,10,2,4,3,282,413,4,5,1,58,0,0,0,0,0
201900017199,19,12,8,883,2,2,6,1,4551096,-17658,3,1,6,2,1,2,538,949,8,3,4,54,0,0,0,0,0
201900017200,19,11,24,930,2,7,5,1,4664120,355199,7,4,35,2,4,1,895,268,3,4,3,38,0,0,0,0,0
201900017201,19,8,15,857,2,5,4,4,4979677,263207,3,1,15,1,4,2,546,20,7,5,3,2,0,0,0,0,0
201900017202,19,6,7,1886,4,2,1,6,4560738,-43947,1,1,31,2,2,2,431,137,1,7,5,89,0,0,0,0,0
201900017203,19,12,27,1475,3,2,5,4,4532894,-274528,2,4,50,1,1,3,655,868,5,5,3,6,0,0,0,0,0
201900017204,19,5,28,793,2,1,2,6,4554083,-150173,7,2,31,3,1,4,78,104,1,7,3,40,0,0,0,0,0
201900017205,19,9,19,850,3,9,4,3,4624473,-277022,9,1,46,1,2,1,388,930,3,4,3,65,0,0,0,0,0
201900017206,19,12,13,1708,4,2,5,3,4948178,-368169,6,3,18,2,3,2,72,286,3,1,2,20,0,0,0,0,0
201900017207,19,5,22,1128,3,6,4,5,4405999,667749,6,3,20,3,1,3,440,234,6,2,5,96,0,0,0,0,0
201900017208,19,12,28,663,2,2,6,7,4832907,200921,4,4,42,3,3,1,262,332,4,7,1,71,0,0,0,0,0
201900017209,19,3,10,595,4,9,7,4,4451457,535749,8,4,43,2,3,1,107,253,1,5,3,81,0,0,0,0,0
201900017210,19,7,6,1856,1,1,9,3,4682402,410327,5,1,9,1,2,3,909,721,4,7,1,2,0,0,0,0,0
201900017211,19,11,6,836,4,7,8,2,4945143,-194821,7,4,53,2,4,4,35,714,4,7,2,22,0,0,0,0,0
201900017212,19,2,6,836,2,8,3,7,4489832,-228138,8,4,29,1,2,1,367,866,1,3,3,2,0,0,0,0,0
201900017213,19,11,10,537,4,8,5,7,4424874,-373388,9,1,33,3,3,3,504,799,8,3,2,74,0,0,0,0,0
201900017214,19,9,22,1961,5,3,3,4,4547930,308353,2,4,4,1,1,4,790,624,1,2,3,42,0,0,0,0,0
201900017215,19,1,10,463,2,8,7,7,4955555,-175949,4,4,28,3,4,3,455,450,3,7,2,42,0,0,0,0,0