Num_Acc,an,mois,jour,hrmn,lum,int,atm,col,lat,long,catr,circ,nbv,vosp,prof,plan,lartpc,larrout,surf,infra,situ,env1,unscathed,killed,hospital,light,chance
201900017216,19,7,21,2109,4,4,2,3,4890508,56442,8,3,42,1,2,2,634,100,6,4,1,48,0,0,0,0,0
201900017217,19,11,5,1345,1,2,8,3,4634927,-338690,6,2,8,3,4,3,288,46,3,7,1,96,0,0,0,0,0
201900017218,19,8,27,59,5,1,9,6,4762411,270359,1,2,48,2,4,4,479,777,7,1,1,88,0,0,0,0,0
201900017219,19,1,5,1524,4,2,1,7,4570061,673468,2,3,17,2,1,2,213,75,2,6,2,14,0,0,0,0,0
201900017220,19,8,16,349,3,9,5,3,4483500,423872,4,4,7,1,1,3,826,395,1,3,2,84,0,0,0,0,0
201900017221,19,7,7,950,1,5,5,6,4631721,-288907,4,1,36,1,4,2,41,537,1,2,5,45,0,0,0,0,0
201900017222,19,12,6,71,1,1,9,2,4947607,-180031,5,3,38,3,1,4,711,55,2,4,5,7,0,0,0,0,0
201900017223,19,7,11,1568,1,6,3,2,4768640,-267098,4,1,10,1,2,1,608,480,2,3,2,35,0,0,0,0,0
201900017224,19,5,6,1815,4,9,1,2,4464471,-152523,3,3,5,2,3,3,645,825,6,7,4,88,0,0,0,0,0
201900017225,19,12,17,1195,3,7,4,5,4833705,212604,9,1,16,2,2,2,561,472,9,6,2,3,0,0,0,0,0
201900017226,19,1,18,1804,2,1,7,5,4652522,7088,2,4,31,2,2,3,513,769,9,6,2,36,0,0,0,0,0
201900017227,19,7,11,1480,5,1,2,4,4581479,349984,6,2,25,1,3,3,229,316,2,4,1,51,0,0,0,0,0
201900017228,19,11,15,46,2,6,7,7,4755794,508162,8,2,40,1,1,4,606,980,3,6,2,73,0,0,0,0,0
201900017229,19,3,22,468,5,2,8,2,4686882,287242,2,3,46,1,1,4,852,423,3,7,5,26,0,0,0,0,0
201900017230,19,2,14,685,1,7,4,3,4523093,43916,7,1,19,2,2,4,560,64,9,5,1,59,0,0,0,0,0
201900017231,19,5,21,394,5,9,2,1,4714876,-121305,3,2,20,3,3,2,390,603,8,2,3,29,0,0,0,0,0
201900017232,19,9,6,625,4,7,7,4,4952784,409186,9,1,18,3,1,3,339,44,6,4,4,52,0,0,0,0,0
201900017233,19,11,16,1294,5,7,7,5,4903591,-387132,5,3,12,1,3,2,585,222,5,5,3,64,0,0,0,0,0
201900017234,19,8,21,100,3,4,4,5,4862009,531719,3,1,19,3,3,3,147,375,1,6,4,66,0,0,0,0,0
201900017235,19,5,13,965,1,8,2,7,4849347,604044,6,4,9,1,4,3,435,47,4,4,5,2,0,0,0,0,0
201900017236,19,8,13,1843,1,3,6,7,4574136,149877,8,1,20,3,2,1,300,99,9,3,4,65,0,0,0,0,0
201900017237,19,8,18,2189,4,5,1,6,4650148,532048,5,1,23,2,4,2,440,704,8,2,5,12,0,0,0,0,0
201900017238,19,4,23,1658,2,1,3,1,4989659,-110994,5,1,16,3,1,3,337,796,3,7,3,12,0,0,0,0,0
201900017239,19,6,28,813,3,4,4,1,4607264,-23681,5,4,18,3,3,4,330,423,8,7,1,4,0,0,0,0,0
201900017240,19,11,5,1752,5,3,3,5,4426121,425171,2,2,48,2,3,4,335,595,2,2,1,36,0,0,0,0,0
201900017241,19,5,22,2102,5,9,9,7,4445071,559850,7,2,40,3,1,3,151,250,2,5,1,34,0,0,0,0,0
201900017242,19,5,15,610,1,1,6,7,4819528,683327,9,4,9,3,2,1,430,706,7,5,4,38,0,0,0,0,0
201900017243,19,11,2,848,4,5,7,1,4818937,452695,5,4,35,1,4,4,687,855,4,2,4,63,0,0,0,0,0
201900017244,19,9,13,459,2,9,2,1,4430245,-282932,5,2,51,2,3,3,348,562,4,6,2,66,0,0,0,0,0
201900017245,19,11,7,1784,1,2,8,2,4872107,-270350,5,4,40,3,1,1,189,996,6,3,2,51,0,0,0,0,0
201900017246,19,1,22,565,2,6,5,3,4515342,172490,5,2,13,2,2,2,650,216,3,3,3,21,0,0,0,0,0
201900017247,19,1,10,337,2,9,5,3,4575380,-311441,6,2,25,3,1,2,90,775,8,5,4,12,0,0,0,0,0
201900017248,19,4,24,2168,4,9,3,7,4950897,-80370,3,4,7,2,4,1,180,194,4,2,3,72,0,0,0,0,0
201900017249,19,3,9,306,3,5,7,1,4831332,-233450,2,2,33,1,1,3,178,623,8,7,1,4,0,0,0,0,0
201900017250,19,9,26,1619,4,6,3,3,4984892,217097,3,2,11,2,3,3,713,353,4,1,1,60,0,0,0,0,0
201900017251,19,9,23,301,4,2,1,6,4868140,545447,6,2,24,1,3,2,298,718,7,2,3,95,0,0,0,0,0
201900017252,19,11,18,2264,2,5,1,2,4548300,-301021,5,4,2,3,4,1,235,973,6,4,4,82,0,0,0,0,0
201900017253,19,3,3,1486,5,5,1,7,4968579,509367,9,2,16,1,3,1,396,604,6,7,5,80,0,0,0,0,0
201900017254,19,1,12,152,4,2,6,4,4778680,-238448,7,2,22,3,2,2,516,404,7,6,3,77,0,0,0,0,0
201900017255,19,2,3,148,4,2,4,4,4878050,-13256,3,2,37,2,2,2,684,899,6,6,3,57,0,0,0,0,0
201900017256,19,4,2,968,3,9,7,3,4527643,559910,8,4,18,3,3,3,306,338,3,2,3,92,0,0,0,0,0
201900017257,19,11,17,2241,3,5,7,5,4647055,179701,5,4,35,3,2,3,483,374,7,4,3,14,0,0,0,0,0
201900017258,19,8,8,1131,5,9,9,2,4498855,528542,5,4,22,2,2,4,175,187,2,7,3,94,0,0,0,0,0
201900017259,19,10,28,658,5,2,5,4,4806251,-392118,1,4,22,3,4,3,519,297,5,7,2,73,0,0,0,0,0
201900017260,19,10,12,350,2,6,6,6,4482542,-85233,7,4,26,2,2,2,287,146,7,2,1,61,0,0,0,0,0
201900017261,19,11,16,1664,3,1,9,2,4909426,-333039,5,3,53,2,2,1,911,283,3,4,1,18,0,0,0,0,0
201900017262,19,2,8,408,3,2,4,4,4456964,-270707,3,3,37,2,2,4,178,650,2,3,2,97,0,0,0,0,0
201900017263,19,12,18,1387,4,6,1,1,4575988,-334080,6,3,2,3,4,4,793,209,6,3,1,34,0,0,0,0,0
201900017264,19,12,12,1073,3,4,2,7,4987111,213225,6,3,45,2,2,2,240,240,2,7,5,23,0,0,0,0,0
201900017265,19,1,7,2240,2,5,7,7,4669624,-160127,4,1,14,3,4,2,349,161,5,4,4,20,0,0,0,0,0
201900017266,19,10,24,1139,4,4,2,2,4788132,110415,2,4,18,3,3,3,95,686,5,2,4,55,0,0,0,0,0
201900017267,19,11,15,841,4,5,7,1,4625005,41620,3,2,38,3,2,4,598,183,3,6,2,9,0,0,0,0,0
201900017268,19,5,4,267,4,6,7,7,4524709,116694,5,4,10,3,1,3,909,248,8,4,3,62,0,0,0,0,0
201900017269,19,5,20,938,3,6,9,3,4528032,-384598,3,3,34,3,3,4,203,154,1,2,4,92,0,0,0,0,0
201900017270,19,7,22,344,1,5,3,6,4465646,374436,7,4,8,2,2,1,235,518,2,5,5,95,0,0,0,0,0
201900017271,19,4,2,2158,1,5,8,4,4703458,53324,1,2,36,2,2,3,321,91,7,6,4,82,0,0,0,0,0
201900017272,19,12,5,307,1,8,2,5,4502071,-112551,5,1,43,2,4,4,211,599,8,4,4,29,0,0,0,0,0
201900017273,19,5,5,2164,1,4,6,3,4580207,-229837,6,3,39,3,2,3,112,31,4,1,3,88,0,0,0,0,0
201900017274,19,7,15,900,4,7,3,1,4995970,73979,7,1,28,3,3,1,908,785,1,5,2,50,0,0,0,0,0
201900017275,19,9,25,1938,1,9,3,2,4486510,563775,9,4,51,3,1,1,451,616,5,2,1,34,0,0,0,0,0
201900017276,19,6,13,1678,5,3,8,7,4800330,552401,4,3,11,2,1,4,254,797,2,5,4,14,0,0,0,0,0
201900017277,19,1,17,680,5,4,4,5,4436256,-18888,5,3,39,3,1,1,875,349,5,6,1,37,0,0,0,0,0
201900017278,19,7,12,271,1,4,4,3,4584430,134750,5,3,4,3,1,4,903,452,5,5,2,65,0,0,0,0,0
201900017279,19,9,25,663,5,6,3,3,4842912,-265083,7,4,6,1,1,1,253,423,7,3,5,50,0,0,0,0,0
201900017280,19,2,8,1368,2,8,2,6,4905500,303054,5,2,4,3,3,3,484,827,9,1,5,86,0,0,0,0,0
201900017281,19,3,9,1968,2,8,6,2,4817327,390309,2,3,40,1,3,1,329,385,3,5,5,16,0,0,0,0,0
201900017282,19,9,11,184,5,8,7,7,4960235,215977,4,2,35,3,1,4,185,347,6,7,3,48,0,0,0,0,0
201900017283,19,1,28,2172,5,5,6,2,4769250,417790,7,2,27,1,3,4,857,479,3,5,2,9,0,0,0,0,0
201900017284,19,9,21,1278,4,1,3,3,4902329,642076,4,1,25,1,2,1,870,595,4,2,1,1,0,0,0,0,0
201900017285,19,6,16,773,3,2,5,7,4873685,84086,6,2,32,1,4,2,89,43,6,1,4,19,0,0,0,0,0
201900017286,19,6,22,674,5,9,7,7,4706910,-219150,1,2,28,3,1,1,894,905,6,6,1,47,0,0,0,0,0
201900017287,19,2,8,1494,4,1,9,5,4955520,-228731,8,2,19,1,1,3,884,416,3,6,5,83,0,0,0,0,0
201900017288,19,2,19,2337,4,6,7,5,4910563,-42809,4,4,29,2,2,4,636,914,8,3,1,89,0,0,0,0,0
201900017289,19,8,17,504,1,1,7,7,4925962,-5607,6,1,18,1,3,1,387,702,7,3,5,61,0,0,0,0,0
201900017290,19,4,17,814,2,3,1,2,4628995,260,2,4,51,2,2,1,17,960,3,5,4,25,0,0,0,0,0
201900017291,19,5,22,1574,2,1,1,7,4564302,162404,5,3,32,1,3,4,622,287,3,7,3,73,0,0,0,0,0
201900017292,19,6,17,795,5,8,6,1,4576352,-149657,4,2,7,2,3,3,878,461,4,7,4,66,0,0,0,0,0
201900017293,19,10,6,1494,3,3,3,5,4467157,575933,4,4,39,3,3,4,750,744,9,1,2,68,0,0,0,0,0
201900017294,19,1,13,130,3,2,9,7,4743354,-244802,6,3,2,3,2,3,614,699,3,7,2,13,0,0,0,0,0
201900017295,19,7,12,1459,2,5,3,5,4783561,-324567,7,2,7,3,4,4,392,872,7,5,4,21,0,0,0,0,0
201900017296,19,3,8,2120,2,4,3,7,4893224,699291,3,3,47,3,1,4,221,950,6,3,5,60,0,0,0,0,0
201900017297,19,8,22,1285,2,5,7,2,4957192,555057,9,4,8,1,1,3,360,446,8,2,3,14,0,0,0,0,0
201900017298,19,12,11,1762,4,7,7,2,4921499,186834,2,3,53,1,1,1,147,26,8,7,4,94,0,0,0,0,0
201900017299,19,3,24,2144,5,9,9,4,4784512,4747,6,1,50,2,4,3,226,87,3,5,4,56,0,0,0,0,0
201900017300,19,11,17,646,4,3,4,4,4925682,30227,9,1,52,3,4,4,509,149,9,7,4,87,0,0,0,0,0
201900017301,19,9,14,1021,3,5,5,7,4747502,652007,2,3,26,2,1,3,486,550,9,1,1,4,0,0,0,0,0
201900017302,19,7,1,1336,1,7,4,7,4986710,422943,9,4,30,3,3,3,882,922,4,6,5,91,0,0,0,0,0
201900017303,19,12,2,2210,4,6,5,6,4950918,-226788,7,2,51,2,4,1,639,23,1,2,2,53,0,0,0,0,0
201900017304,19,2,5,98,1,3,8,7,4939828,-154402,2,4,12,3,4,1,442,169,9,1,4,72,0,0,0,0,0
201900017305,19,9,24,1118,4,8,4,3,4477159,375047,5,1,43,1,3,4,99,574,3,1,5,37,0,0,0,0,0
201900017306,19,2,18,1328,4,8,1,3,4662382,625864,3,3,7,2,3,2,897,147,1,7,5,69,0,0,0,0,0
201900017307,19,8,10,1302,1,9,8,4,4546541,290338,3,4,5,1,1,2,635,390,8,4,3,88,0,0,0,0,0
201900017308,19,9,2,2058,2,5,7,7,4650826,655300,7,4,19,2,4,1,433,259,8,5,1,92,0,0,0,0,0
201900017309,19,3,28,976,2,5,3,1,4845953,72579,1,3,26,2,4,2,821,953,4,4,2,35,0,0,0,0,0
201900017310,19,9,24,259,2,3,1,5,4663403,-125124,1,3,16,1,4,3,624,467,5,4,5,23,0,0,0,0,0
201900017311,19,10,6,881,1,4,6,1,4952581,155266,7,1,9,1,4,1,109,22,8,1,5,80,0,0,0,0,0
201900017312,19,7,6,2072,4,8,5,4,4979034,-269137,9,2,50,1,2,1,617,299,2,6,3,3,0,0,0,0,0
201900017313,19,3,17,1308,3,6,6,1,4846536,543715,6,3,44,3,1,4,662,699,9,3,3,25,0,0,0,0,0
201900017314,19,5,27,2106,2,1,5,3,4423041,336828,8,2,26,1,3,4,370,50,7,1,1,9,0,0,0,0,0
201900017315,19,4,7,870,1,4,6,4,4672755,-271255,1,4,35,2,2,4,291,787,8,3,2,3,0,0,0,0,0
201900017316,19,12,22,82,5,7,5,5,4575604,317120,8,3,11,1,3,4,272,945,3,6,3,94,0,0,0,0,0
201900017317,19,12,8,1720,4,6,2,5,4672460,688570,5,4,32,3,1,1,731,587,2,4,2,40,0,0,0,0,0
201900017318,19,9,16,2204,4,8,6,6,4886476,404743,5,1,50,3,4,3,62,263,3,6,5,68,0,0,0,0,0
201900017319,19,6,19,1446,1,7,1,6,4950033,-42945,8,4,42,1,4,1,487,933,5,5,2,73,0,0,0,0,0
201900017320,19,5,10,935,2,7,7,5,4603243,-149461,4,1,7,2,1,1,823,890,9,2,4,96,0,0,0,0,0
201900017321,19,3,2,577,2,6,3,7,4856513,2677,1,3,53,3,2,4,555,889,6,1,2,74,0,0,0,0,0
201900017322,19,11,14,2172,5,1,1,7,4538322,305823,1,3,45,1,4,1,279,257,1,1,2,94,0,0,0,0,0
201900017323,19,10,8,844,1,9,7,2,4409186,571440,5,1,28,1,3,4,341,321,6,1,1,56,0,0,0,0,0
201900017324,19,12,2,1239,4,1,8,3,4880580,508799,6,3,42,1,2,1,520,970,5,3,5,5,0,0,0,0,0
201900017325,19,5,26,1644,1,9,1,6,4662213,-382029,8,4,16,1,1,3,7,981,3,5,1,10,0,0,0,0,0
201900017326,19,1,21,884,1,6,2,1,4517154,101715,2,3,33,2,3,4,392,683,6,2,4,91,0,0,0,0,0
201900017327,19,12,10,836,3,3,1,1,4643576,583950,7,4,40,2,4,4,433,841,5,5,4,18,0,0,0,0,0
201900017328,19,4,13,61,2,9,8,5,4946727,205690,1,2,17,1,3,2,170,849,7,6,5,45,0,0,0,0,0
201900017329,19,3,4,1935,3,7,1,4,4630556,176621,8,3,4,1,3,2,705,947,5,1,5,63,0,0,0,0,0
201900017330,19,10,9,518,1,3,7,1,4746833,225691,6,2,23,3,3,3,660,268,3,2,1,44,0,0,0,0,0
201900017331,19,10,15,610,2,2,9,5,4922523,616160,2,3,53,3,4,2,622,557,3,6,4,53,0,0,0,0,0
201900017332,19,7,3,457,5,3,3,2,4707752,612436,8,3,9,2,3,2,24,260,7,4,3,82,0,0,0,0,0
201900017333,19,9,25,1276,5,6,2,3,4436720,627438,3,4,41,1,1,4,442,718,5,3,2,90,0,0,0,0,0
201900017334,19,2,7,745,4,3,8,4,4733154,558578,6,2,27,3,4,1,460,350,4,6,4,3,0,0,0,0,0
201900017335,19,3,28,18,4,3,1,7,4808411,-80380,7,4,37,1,3,4,464,251,3,5,5,89,0,0,0,0,0
201900017336,19,5,26,1637,5,2,4,7,4522885,408542,8,1,8,1,4,3,73,844,6,1,4,93,0,0,0,0,0
201900017337,19,6,7,2208,3,9,7,5,4422458,-88399,7,2,19,1,2,2,375,729,6,4,4,33,0,0,0,0,0
201900017338,19,4,23,2270,2,5,1,1,4714091,188829,4,4,13,2,3,2,796,562,7,5,5,77,0,0,0,0,0
201900017339,19,12,16,433,2,6,7,6,4814075,528399,6,4,16,3,3,3,745,760,4,4,3,10,0,0,0,0,0
201900017340,19,2,26,151,4,3,7,4,4479829,-25722,2,1,39,1,3,2,214,845,6,2,2,60,0,0,0,0,0
201900017341,19,7,2,320,1,2,8,7,4822285,-154497,4,4,14,1,4,4,686,869,6,4,2,81,0,0,0,0,0
201900017342,19,1,8,1968,3,3,7,7,4449213,466447,8,4,19,1,4,2,303,794,8,3,2,45,0,0,0,0,0
201900017343,19,11,18,570,1,1,7,2,4451257,64007,8,1,14,1,2,1,842,250,8,3,1,88,0,0,0,0,0
201900017344,19,6,28,1420,5,7,2,6,4497319,160084,5,4,31,2,2,4,450,442,6,4,5,35,0,0,0,0,0
201900017345,19,5,4,94,1,3,7,5,4578889,432167,7,3,52,1,1,3,448,605,4,5,3,48,0,0,0,0,0
201900017346,19,7,6,1379,1,6,4,2,4644922,385367,8,4,50,2,4,1,578,260,8,5,2,95,0,0,0,0,0
201900017347,19,5,18,500,3,6,5,5,4482442,-237651,9,4,36,1,4,2,591,159,2,5,2,63,0,0,0,0,0
201900017348,19,7,3,1441,3,6,8,7,4975835,37887,4,4,38,2,4,2,108,146,7,7,4,17,0,0,0,0,0
201900017349,19,6,8,1886,3,1,1,1,4787213,453377,5,1,17,1,2,2,705,100,5,6,2,43,0,0,0,0,0
201900017350,19,9,8,1276,4,3,2,5,4855614,-276982,2,1,8,2,3,2,19,455,5,1,2,80,0,0,0,0,0
201900017351,19,3,4,471,1,5,1,3,4750348,507947,3,2,40,2,3,1,420,751,9,7,5,5,0,0,0,0,0
201900017352,19,9,16,2343,5,4,3,5,4610092,-373894,5,1,9,3,2,1,350,6,3,7,4,85,0,0,0,0,0
201900017353,19,6,11,1480,3,7,3,7,4869174,-152660,5,1,31,2,4,3,215,330,3,6,4,25,0,0,0,0,0
201900017354,19,6,10,1029,2,4,6,5,4487998,540946,6,4,13,3,2,3,350,763,6,7,2,76,0,0,0,0,0
201900017355,19,6,22,1298,5,9,7,5,4723363,644463,6,3,7,2,3,2,782,386,2,2,4,10,0,0,0,0,0
201900017356,19,9,24,68,4,2,4,4,4530110,403840,1,4,6,3,3,4,686,459,4,1,1,90,0,0,0,0,0
201900017357,19,10,8,841,4,5,1,7,4469200,468530,5,1,34,2,2,1,201,539,3,2,3,4,0,0,0,0,0
201900017358,19,3,11,1240,5,3,6,4,4920827,292832,6,4,25,1,2,4,678,769,1,3,2,51,0,0,0,0,0
201900017359,19,10,23,1722,2,4,9,1,4537391,-70185,8,2,46,2,3,3,661,570,2,4,4,69,0,0,0,0,0
201900017360,19,11,4,1365,3,7,2,1,4651627,77629,8,4,21,2,3,4,726,382,2,7,1,71,0,0,0,0,0
201900017361,19,6,6,1112,5,5,8,7,4419298,79806,6,4,1,2,4,3,904,789,6,1,1,74,0,0,0,0,0
201900017362,19,11,12,1955,2,1,2,6,4465923,-187069,8,2,48,1,3,2,902,938,8,3,1,47,0,0,0,0,0
201900017363,19,4,7,557,5,8,4,1,4768380,376234,3,1,36,2,3,2,895,430,1,6,1,54,0,0,0,0,0
201900017364,19,10,26,408,2,5,6,3,4446177,628962,8,4,31,2,2,4,759,454,6,1,1,67,0,0,0,0,0
201900017365,19,9,11,517,1,6,9,5,4525541,-290365,5,1,16,3,2,4,387,371,8,2,3,72,0,0,0,0,0
201900017366,19,2,18,1500,4,6,5,4,4496931,400732,9,4,13,3,3,4,631,753,6,5,4,53,0,0,0,0,0
201900017367,19,6,18,282,4,6,5,2,4576594,349265,4,2,16,3,3,1,800,695,6,1,2,90,0,0,0,0,0
201900017368,19,8,19,1356,5,8,8,5,4825883,578758,2,1,49,1,3,3,739,214,9,7,2,79,0,0,0,0,0
201900017369,19,7,7,218,4,4,1,5,4818340,-166845,2,3,47,2,4,1,914,302,9,6,1,34,0,0,0,0,0
201900017370,19,3,14,243,3,3,8,3,4482617,49792,2,3,1,3,1,1,571,13,3,7,2,87,0,0,0,0,0
201900017371,19,10,24,1876,1,5,9,5,4874372,-338971,2,1,18,2,3,4,107,621,4,5,2,32,0,0,0,0,0
201900017372,19,12,3,1443,5,3,6,6,4655158,281358,5,1,15,1,3,2,178,82,8,5,2,24,0,0,0,0,0
201900017373,19,1,20,1289,5,9,8,6,4571438,676226,9,1,24,2,1,3,559,325,9,6,1,78,0,0,0,0,0
201900017374,19,2,28,67,4,1,5,7,4595972,476565,1,2,46,3,4,4,41,533,8,6,3,52,0,0,0,0,0
201900017375,19,9,21,733,4,1,9,4,4421311,-105901,2,2,48,1,3,1,825,913,7,6,3,15,0,0,0,0,0
201900017376,19,5,27,1216,3,2,8,1,4618947,671155,7,2,20,1,4,2,823,548,7,2,5,43,0,0,0,0,0
201900017377,19,11,13,1067,2,5,3,4,4856746,488311,5,3,25,2,2,2,430,709,9,5,2,22,0,0,0,0,0
201900017378,19,10,5,912,4,3,5,5,4718554,481536,8,4,21,1,4,1,437,897,4,3,3,80,0,0,0,0,0
201900017379,19,6,8,1393,3,1,7,2,4948772,82810,9,1,10,1,4,3,83,485,9,2,4,38,0,0,0,0,0
201900017380,19,11,21,711,4,5,3,4,4583161,-66009,7,4,15,3,4,2,516,716,9,1,3,41,0,0,0,0,0
201900017381,19,6,23,2283,2,8,1,3,4753312,-224004,4,2,6,3,4,3,193,759,8,2,3,0,0,0,0,0,0
201900017382,19,3,8,603,2,1,9,7,4594060,86507,7,4,14,1,2,4,643,599,5,2,3,14,0,0,0,0,0
201900017383,19,3,24,608,2,8,2,6,4875727,645161,1,1,29,1,2,4,770,11,8,7,1,62,0,0,0,0,0
201900017384,19,10,26,339,1,4,9,1,4538358,177008,9,2,18,3,4,4,82,395,7,6,5,54,0,0,0,0,0
201900017385,19,4,8,2069,3,3,2,7,4984568,-320533,9,2,20,3,3,2,369,56,7,6,1,91,0,0,0,0,0
201900017386,19,3,10,790,5,7,6,6,4579311,224928,6,3,23,3,4,4,553,413,6,2,3,26,0,0,0,0,0
201900017387,19,7,11,901,1,3,1,4,4725745,262547,4,3,6,1,3,4,906,748,2,6,5,85,0,0,0,0,0
201900017388,19,3,16,535,3,7,4,1,4502725,-143451,8,1,9,2,4,1,334,986,7,2,2,48,0,0,0,0,0
201900017389,19,10,28,656,5,9,6,5,4968251,-325313,8,3,14,2,2,3,364,774,9,2,3,15,0,0,0,0,0
201900017390,19,1,23,1865,1,2,2,5,4898922,414542,6,1,37,3,1,3,850,458,4,7,3,63,0,0,0,0,0
201900017391,19,7,17,84,4,3,2,2,4524791,255372,6,3,51,1,4,3,618,156,1,4,3,14,0,0,0,0,0
201900017392,19,1,21,1309,1,5,2,5,4458010,621423,1,4,9,1,1,2,459,278,9,5,5,5,0,0,0,0,0
201900017393,19,9,25,1517,3,1,8,5,4649916,478074,1,1,32,3,1,4,567,924,2,3,5,82,0,0,0,0,0
201900017394,19,10,19,885,2,2,1,7,4673307,-91474,9,2,48,1,4,4,134,636,6,7,3,31,0,0,0,0,0
201900017395,19,2,11,1717,4,5,2,1,4962994,362816,3,4,2,2,3,1,512,865,5,3,3,14,0,0,0,0,0
201900017396,19,12,1,2181,2,7,1,4,4579457,-297871,4,2,30,2,4,2,75,851,6,6,4,67,0,0,0,0,0
201900017397,19,8,15,13,1,2,1,2,4599322,-163822,9,3,17,2,1,1,848,351,7,5,5,84,0,0,0,0,0
201900017398,19,5,3,139,3,1,9,3,4944534,-286652,7,3,41,3,1,2,457,980,6,2,5,86,0,0,0,0,0
201900017399,19,11,17,123,5,4,2,2,4580051,-308615,6,2,48,3,3,4,660,146,5,4,1,11,0,0,0,0,0
201900017400,19,5,25,2069,5,8,9,3,4446795,527650,9,1,2,2,3,3,131,618,1,5,1,48,0,0,0,0,0
201900017401,19,4,14,1714,2,1,8,1,4846918,9329,3,2,43,2,4,1,354,906,3,2,3,34,0,0,0,0,0
201900017402,19,10,10,1745,3,4,2,5,4434918,26578,9,1,11,2,4,4,45,312,8,4,5,32,0,0,0,0,0
201900017403,19,3,23,484,2,5,9,5,4735465,658894,6,2,18,3,4,1,913,784,9,7,3,4,0,0,0,0,0
201900017404,19,5,1,829,1,7,2,2,4904751,497408,9,4,19,1,4,2,495,162,9,4,4,54,0,0,0,0,0
201900017405,19,3,21,866,2,4,9,1,4706105,172605,2,4,26,3,1,3,604,484,1,1,1,98,0,0,0,0,0
201900017406,19,5,28,1928,4,7,9,4,4966585,-340042,8,1,39,3,3,4,754,68,1,7,5,12,0,0,0,0,0
201900017407,19,10,18,1374,3,8,6,2,4718473,545542,4,1,21,2,1,3,884,987,7,5,4,84,0,0,0,0,0
201900017408,19,4,10,775,3,2,8,2,4913936,-266250,3,4,46,1,2,1,691,293,5,6,4,18,0,0,0,0,0
201900017409,19,2,20,1026,2,9,2,6,4851765,-81344,2,4,26,2,3,1,821,898,3,4,1,21,0,0,0,0,0
201900017410,19,4,26,80,5,4,9,1,4482702,-200674,9,4,25,3,4,3,638,211,3,2,3,51,0,0,0,0,0
201900017411,19,10,21,500,4,2,8,5,4750308,-37304,8,3,6,1,2,3,561,320,6,2,3,58,0,0,0,0,0
201900017412,19,5,6,648,1,5,2,5,4433959,177914,1,3,19,1,3,3,39,269,5,5,1,57,0,0,0,0,0
201900017413,19,7,26,341,4,5,7,1,4743942,465189,5,2,29,1,3,4,758,911,8,4,3,59,0,0,0,0,0
201900017414,19,11,22,1950,5,9,2,3,4822276,276918,6,1,17,1,1,4,268,482,7,1,2,74,0,0,0,0,0
201900017415,19,6,15,1213,1,1,5,4,4612817,321040,1,2,25,3,4,4,502,189,8,3,3,22,0,0,0,0,0
201900017416,19,3,21,4,2,8,9,2,4580554,-116793,7,1,2,1,2,3,440,155,2,3,4,98,0,0,0,0,0
201900017417,19,8,21,2308,1,6,6,5,4600388,-287742,1,2,37,1,1,2,81,719,5,5,3,72,0,0,0,0,0
201900017418,19,9,16,241,4,2,5,4,4587556,657222,4,4,41,1,3,2,859,509,3,3,3,51,0,0,0,0,0
201900017419,19,4,23,1884,5,4,7,3,4463346,-150424,1,2,51,1,4,1,116,192,3,1,3,84,0,0,0,0,0
201900017420,19,9,28,904,1,1,6,4,4571572,329659,7,1,2,2,3,2,342,820,1,4,2,99,0,0,0,0,0
201900017421,19,10,21,1465,1,7,6,2,4490453,162757,7,1,52,1,2,3,202,696,4,5,3,39,0,0,0,0,0
201900017422,19,6,19,678,4,3,3,5,4906209,-378608,3,2,12,3,3,1,372,645,4,3,5,84,0,0,0,0,0
201900017423,19,11,7,2299,2,4,5,7,4405436,-279836,7,1,8,2,2,1,137,515,7,1,2,20,0,0,0,0,0
201900017424,19,2,28,617,1,2,7,1,4670110,677806,5,2,25,3,3,1,718,989,7,7,4,22,0,0,0,0,0
201900017425,19,4,22,343,4,1,9,2,4758436,-322479,3,1,37,1,1,3,508,269,7,1,1,53,0,0,0,0,0
201900017426,19,3,19,902,3,7,2,7,4454530,212690,3,2,13,2,2,1,597,659,6,2,3,15,0,0,0,0,0
201900017427,19,10,26,2034,1,2,9,3,4682530,-67183,3,4,0,1,4,4,794,470,5,2,3,61,0,0,0,0,0
201900017428,19,3,4,293,3,1,9,3,4484132,-299568,4,1,50,2,1,2,201,937,3,4,1,1,0,0,0,0,0
201900017429,19,1,12,1440,5,9,5,3,4560593,-294686,4,3,43,1,3,1,773,984,6,6,1,2,0,0,0,0,0