Num_Acc,an,mois,jour,hrmn,lum,int,atm,col,lat,long,catr,circ,nbv,vosp,prof,plan,lartpc,larrout,surf,infra,situ,env1,unscathed,killed,hospital,light,chance
201900017430,19,5,5,747,2,3,3,6,4440463,486089,7,1,20,1,4,1,245,591,8,7,3,5,0,0,0,0,0
201900017431,19,6,9,1511,3,5,5,6,4979692,-322369,9,4,44,3,3,1,398,197,2,1,4,33,0,0,0,0,0
201900017432,19,4,27,999,3,7,9,2,4593480,-211839,3,4,49,3,3,1,242,897,9,4,2,43,0,0,0,0,0
201900017433,19,4,10,930,1,6,1,6,4556449,-212085,7,2,37,3,2,2,672,422,2,6,2,11,0,0,0,0,0
201900017434,19,10,5,658,2,4,6,1,4765316,-76829,5,1,32,2,2,3,748,201,6,6,1,89,0,0,0,0,0
201900017435,19,3,18,1815,1,4,6,3,4760846,-286618,3,3,6,3,4,1,784,662,7,7,5,57,0,0,0,0,0
201900017436,19,8,18,2219,2,4,6,1,4747214,46884,5,1,6,2,2,3,419,337,9,2,3,42,0,0,0,0,0
201900017437,19,10,22,372,5,8,1,6,4822920,357867,6,1,37,1,2,2,175,102,8,3,5,55,0,0,0,0,0
201900017438,19,4,2,1210,1,9,1,4,4863012,290370,5,3,22,2,4,4,431,820,9,4,3,65,0,0,0,0,0
201900017439,19,9,16,1505,2,5,9,5,4921615,-256173,9,1,38,1,3,3,202,389,5,1,1,10,0,0,0,0,0
201900017440,19,8,20,826,4,6,3,7,4832659,255511,9,3,3,1,1,2,196,951,5,1,4,78,0,0,0,0,0
201900017441,19,5,24,1401,1,5,7,5,4413529,271382,1,4,0,2,4,3,266,426,3,4,4,76,0,0,0,0,0
201900017442,19,10,27,491,3,9,9,1,4634401,402437,6,2,46,2,4,2,351,735,1,5,3,71,0,0,0,0,0
201900017443,19,3,28,694,2,6,9,4,4914514,583406,1,3,16,2,2,2,879,292,9,7,4,68,0,0,0,0,0
201900017444,19,9,13,922,3,2,6,6,4628569,326067,9,3,13,1,4,1,536,634,6,7,5,54,0,0,0,0,0
201900017445,19,9,22,630,3,1,5,4,4683130,22884,8,1,4,2,4,3,821,896,8,4,3,53,0,0,0,0,0
201900017446,19,9,11,266,1,3,4,5,4928826,-217447,2,1,0,3,1,4,549,363,9,1,5,63,0,0,0,0,0
201900017447,19,12,27,2292,4,8,9,1,4989256,-53758,6,4,46,3,4,1,734,509,4,5,2,91,0,0,0,0,0
201900017448,19,9,13,396,2,3,8,6,4805920,185352,7,4,21,1,4,1,807,88,5,7,4,62,0,0,0,0,0
201900017449,19,5,8,7,3,8,2,3,4462083,6419,1,2,29,1,3,3,233,36,6,7,2,46,0,0,0,0,0
201900017450,19,9,2,2333,4,3,5,1,4472807,-371394,3,2,9,2,4,1,198,72,8,5,4,20,0,0,0,0,0
201900017451,19,1,6,1043,1,9,7,1,4866806,423598,8,1,18,3,4,2,177,975,1,3,3,87,0,0,0,0,0
201900017452,19,2,22,19,1,3,4,1,4473853,523391,8,4,26,2,1,1,824,196,9,3,1,17,0,0,0,0,0
201900017453,19,4,27,627,5,5,8,3,4585270,39998,1,3,16,1,1,4,122,895,2,7,3,53,0,0,0,0,0
201900017454,19,5,15,99,5,7,2,6,4586721,389925,2,3,36,1,2,3,295,588,8,6,3,45,0,0,0,0,0
201900017455,19,6,9,282,1,8,8,5,4718473,494659,5,4,22,1,4,4,190,209,8,3,3,19,0,0,0,0,0
201900017456,19,12,15,1906,4,8,3,4,4528598,427808,3,2,35,2,1,4,82,501,7,2,1,15,0,0,0,0,0
201900017457,19,2,3,1627,3,5,9,6,4741499,276160,7,2,3,3,2,3,170,986,3,1,2,42,0,0,0,0,0
201900017458,19,3,4,619,2,5,6,6,4602740,-42218,2,3,30,1,3,3,56,91,3,3,3,83,0,0,0,0,0
201900017459,19,9,28,1329,4,4,4,6,4450948,107913,1,3,47,1,1,1,34,132,4,5,4,81,0,0,0,0,0
201900017460,19,7,1,105,3,3,5,6,4416005,-73530,5,3,44,3,1,1,243,154,3,3,3,49,0,0,0,0,0
201900017461,19,10,27,631,3,7,3,2,4631378,223652,3,3,12,2,2,3,118,529,5,6,4,68,0,0,0,0,0
201900017462,19,11,7,2146,1,7,2,7,4668445,-399132,1,2,12,2,3,1,718,33,9,5,3,17,0,0,0,0,0
201900017463,19,3,22,1366,5,2,8,6,4588639,-129782,8,4,34,3,2,1,385,21,4,1,1,28,0,0,0,0,0
201900017464,19,3,22,6,2,8,6,4,4639180,48249,2,1,42,1,1,4,574,739,2,1,2,54,0,0,0,0,0
201900017465,19,8,20,1227,3,3,6,1,4455512,378044,5,2,1,3,2,4,755,856,3,6,5,53,0,0,0,0,0
201900017466,19,10,25,1041,3,3,6,3,4948351,401634,6,2,20,3,3,4,631,857,8,4,2,2,0,0,0,0,0
201900017467,19,12,28,562,1,1,5,4,4803786,681152,7,3,34,1,3,4,792,545,7,3,4,65,0,0,0,0,0
201900017468,19,4,19,2118,1,5,6,3,4767463,-18197,8,3,49,1,1,4,476,276,5,6,4,62,0,0,0,0,0
201900017469,19,6,9,209,5,3,8,5,4643405,372138,4,4,7,1,2,1,29,121,7,1,4,82,0,0,0,0,0
201900017470,19,10,18,633,2,9,1,1,4678466,313909,5,3,48,1,2,3,55,652,5,6,3,84,0,0,0,0,0
201900017471,19,5,4,1550,2,6,2,5,4726256,-205318,8,4,0,2,2,1,428,285,6,2,5,30,0,0,0,0,0
201900017472,19,9,15,793,4,4,3,4,4508724,405254,1,3,49,2,1,4,693,211,4,3,2,10,0,0,0,0,0
201900017473,19,10,24,1124,3,9,6,5,4773997,556014,5,1,4,2,4,2,870,109,2,1,2,38,0,0,0,0,0
201900017474,19,3,21,1916,2,4,7,1,4969614,293054,3,3,52,3,4,3,176,436,7,5,5,51,0,0,0,0,0
201900017475,19,7,10,165,3,6,3,1,4653124,690252,1,1,18,2,2,2,777,905,1,7,2,28,0,0,0,0,0
201900017476,19,2,25,600,1,4,8,3,4922054,223849,3,4,25,1,2,4,864,267,3,2,5,22,0,0,0,0,0
201900017477,19,1,21,327,4,7,2,6,4970356,547262,6,2,51,2,3,4,187,458,2,1,1,25,0,0,0,0,0
201900017478,19,4,4,1278,3,2,8,5,4457350,658680,5,4,43,3,2,2,61,74,1,5,2,96,0,0,0,0,0
201900017479,19,4,2,1367,2,6,6,3,4626609,-37487,4,3,2,2,4,2,75,57,4,6,5,39,0,0,0,0,0
201900017480,19,11,21,1667,5,3,1,7,4473069,522757,5,4,18,1,4,1,328,423,7,7,4,4,0,0,0,0,0
201900017481,19,5,9,391,1,3,7,7,4609066,-9458,2,1,25,3,1,2,167,36,4,1,3,81,0,0,0,0,0
201900017482,19,11,1,1600,1,6,2,4,4810813,-62200,8,2,17,2,4,1,585,327,2,4,2,15,0,0,0,0,0
201900017483,19,7,19,637,5,8,4,5,4568841,-342125,6,3,14,3,2,4,729,523,6,7,3,28,0,0,0,0,0
201900017484,19,5,28,2219,1,4,2,3,4764809,313101,5,2,34,1,3,3,518,484,9,2,2,37,0,0,0,0,0
201900017485,19,1,17,375,5,8,8,3,4798786,550975,2,3,18,2,4,1,704,287,5,5,4,36,0,0,0,0,0
201900017486,19,6,28,617,4,1,3,3,4513911,-321008,2,2,31,2,3,3,822,816,8,7,1,97,0,0,0,0,0
201900017487,19,6,2,1853,4,2,5,5,4627979,125855,4,2,50,3,2,3,4,701,5,5,4,30,0,0,0,0,0
201900017488,19,9,22,134,5,2,2,7,4611159,320591,7,3,19,1,4,4,450,136,4,2,2,33,0,0,0,0,0
201900017489,19,4,20,1514,5,7,6,1,4479560,671370,9,2,35,2,1,2,700,457,1,4,2,74,0,0,0,0,0
201900017490,19,2,14,775,5,9,1,3,4625765,433742,3,4,0,1,2,2,398,969,7,6,1,11,0,0,0,0,0
201900017491,19,11,3,1896,3,4,4,1,4586629,558536,1,2,17,2,3,1,497,84,7,1,1,84,0,0,0,0,0
201900017492,19,11,11,1276,3,8,5,7,4412939,128902,2,2,21,2,3,2,832,38,6,2,1,16,0,0,0,0,0
201900017493,19,4,13,728,4,7,6,7,4767231,330029,8,4,39,1,2,3,78,842,1,3,4,32,0,0,0,0,0
201900017494,19,12,24,1370,4,7,8,4,4596752,-274198,5,1,13,3,3,2,332,981,5,2,3,53,0,0,0,0,0
201900017495,19,2,28,1560,1,8,9,5,4717410,-111906,7,3,36,2,4,4,664,343,4,7,1,39,0,0,0,0,0
201900017496,19,9,7,1099,1,6,5,5,4737695,290856,8,4,29,1,2,2,588,321,5,5,5,98,0,0,0,0,0
201900017497,19,1,7,623,2,9,7,3,4891370,-257504,7,4,2,3,3,2,874,5,8,4,4,46,0,0,0,0,0
201900017498,19,7,12,1131,3,2,7,6,4651376,494461,3,2,0,1,4,2,735,705,2,3,1,68,0,0,0,0,0
201900017499,19,11,9,580,4,5,5,2,4834088,487482,5,2,11,1,1,3,238,157,8,7,5,67,0,0,0,0,0
201900017500,19,7,22,232,3,4,4,6,4659261,159566,7,3,15,1,1,4,140,877,9,3,5,90,0,0,0,0,0
201900017501,19,8,27,1468,4,3,8,3,4739848,697203,2,4,53,1,3,1,580,260,2,2,2,76,0,0,0,0,0
201900017502,19,2,2,2194,2,1,5,6,4447949,649629,9,1,13,1,2,2,216,941,8,1,1,58,0,0,0,0,0
201900017503,19,2,22,1645,5,2,6,1,4552196,118858,7,1,31,3,1,1,892,575,1,2,5,38,0,0,0,0,0
201900017504,19,11,5,434,3,7,8,1,4744842,644259,5,4,0,1,3,3,423,99,1,5,1,86,0,0,0,0,0
201900017505,19,9,2,1409,1,6,5,6,4956447,-259860,6,2,49,2,1,4,740,675,3,6,2,24,0,0,0,0,0
201900017506,19,2,3,1198,5,4,3,5,4687921,49306,4,4,43,3,1,2,913,639,5,2,1,78,0,0,0,0,0
201900017507,19,1,14,1527,1,9,1,3,4504598,383876,1,1,38,2,3,3,240,586,5,4,1,38,0,0,0,0,0
201900017508,19,1,28,2020,5,6,8,1,4602386,73364,1,4,10,2,2,1,214,683,5,5,5,50,0,0,0,0,0
201900017509,19,6,25,540,1,5,5,2,4837480,458856,2,3,28,3,1,2,834,430,9,6,1,4,0,0,0,0,0
201900017510,19,7,14,832,2,1,6,1,4967799,-28188,4,4,13,3,4,4,638,569,4,6,5,65,0,0,0,0,0
201900017511,19,11,15,1890,5,3,1,1,4913836,-126571,5,1,16,2,4,4,850,261,1,1,3,98,0,0,0,0,0
201900017512,19,7,13,538,4,2,2,2,4842603,-115333,3,2,7,3,2,3,396,467,7,3,4,93,0,0,0,0,0
201900017513,19,12,28,371,3,7,6,7,4911696,32444,5,2,26,3,4,4,558,632,1,4,5,75,0,0,0,0,0
201900017514,19,3,13,1931,4,5,4,6,4987328,616498,1,1,52,3,1,3,6,31,7,4,2,54,0,0,0,0,0
201900017515,19,6,18,390,1,1,4,6,4407688,85468,8,4,21,3,3,2,733,377,8,7,4,53,0,0,0,0,0
201900017516,19,7,2,886,5,2,2,1,4907296,62445,6,2,47,3,3,1,775,513,8,2,4,19,0,0,0,0,0
201900017517,19,3,2,1255,4,2,9,5,4810287,173273,4,2,41,2,3,1,789,279,8,7,3,25,0,0,0,0,0
201900017518,19,1,3,840,3,7,6,2,4828024,-175536,1,4,23,2,1,2,594,39,5,1,1,81,0,0,0,0,0
201900017519,19,6,12,1907,4,8,5,6,4935930,162942,4,1,16,3,1,1,682,243,8,5,3,50,0,0,0,0,0
201900017520,19,9,2,1857,4,1,3,6,4845868,-74381,1,1,44,2,1,2,840,97,8,7,2,59,0,0,0,0,0
201900017521,19,12,7,899,4,1,3,4,4437337,-303407,5,1,10,1,3,3,577,412,1,5,2,43,0,0,0,0,0
201900017522,19,4,25,997,3,8,2,3,4974648,62557,5,2,53,2,1,1,729,446,3,3,3,85,0,0,0,0,0
201900017523,19,11,12,1051,2,6,3,6,4955712,629854,4,2,42,2,1,2,196,680,3,7,5,18,0,0,0,0,0
201900017524,19,2,8,2217,1,5,6,4,4912423,-64076,4,2,36,2,3,4,898,557,9,3,2,84,0,0,0,0,0
201900017525,19,12,9,1123,3,2,8,5,4829828,45722,5,4,5,2,1,3,145,648,9,1,1,1,0,0,0,0,0
201900017526,19,11,2,1204,3,4,5,5,4713577,455070,5,1,23,3,3,1,55,84,9,7,3,17,0,0,0,0,0
201900017527,19,8,8,1739,4,2,9,5,4642132,83026,5,4,0,2,4,1,377,560,3,1,3,1,0,0,0,0,0
201900017528,19,4,25,1124,5,5,2,1,4979229,120416,2,4,45,1,3,2,478,75,7,3,5,24,0,0,0,0,0
201900017529,19,12,14,2105,1,8,7,5,4830018,579431,2,1,6,2,2,3,167,111,1,7,2,92,0,0,0,0,0
201900017530,19,3,26,2279,3,7,3,7,4508279,-132078,9,1,10,3,2,4,151,255,5,5,3,78,0,0,0,0,0
201900017531,19,10,11,2211,5,1,4,6,4867391,263990,5,4,51,1,4,3,350,392,2,3,1,86,0,0,0,0,0
201900017532,19,3,18,782,1,6,5,6,4501439,-36576,5,4,33,2,2,4,134,223,6,6,3,73,0,0,0,0,0
201900017533,19,12,3,2015,4,9,7,2,4860121,510780,9,4,35,2,1,3,652,287,9,7,3,53,0,0,0,0,0
201900017534,19,2,4,369,5,7,4,2,4437008,-112702,8,4,23,2,2,4,489,405,6,5,1,61,0,0,0,0,0
201900017535,19,5,2,1376,1,3,2,6,4979322,-56594,5,1,31,2,4,2,396,228,8,4,2,58,0,0,0,0,0
201900017536,19,4,25,135,1,3,5,1,4479524,-263279,7,3,29,1,2,4,107,52,1,7,5,88,0,0,0,0,0
201900017537,19,5,11,70,5,7,4,7,4820598,-272513,2,4,10,1,4,3,12,346,8,3,3,19,0,0,0,0,0
201900017538,19,6,16,1912,5,9,1,2,4593469,647196,8,2,36,1,2,2,289,612,8,7,2,60,0,0,0,0,0
201900017539,19,6,1,1167,3,1,7,2,4822279,502597,1,1,26,1,4,1,455,126,2,1,5,99,0,0,0,0,0
201900017540,19,2,27,2040,1,4,1,1,4633285,465745,6,4,44,2,2,3,697,809,8,2,4,38,0,0,0,0,0
201900017541,19,10,26,228,5,7,4,7,4807610,21028,9,4,16,3,1,1,480,803,1,1,1,22,0,0,0,0,0
201900017542,19,9,3,932,3,6,1,7,4841433,524651,2,2,20,3,2,2,720,24,4,6,4,60,0,0,0,0,0
201900017543,19,10,10,917,5,7,2,5,4728690,-247840,5,4,20,1,2,4,712,756,2,7,2,4,0,0,0,0,0
201900017544,19,4,23,921,5,4,7,4,4567696,535725,3,3,6,1,1,1,743,12,4,3,2,98,0,0,0,0,0
201900017545,19,6,26,93,5,9,7,2,4490428,-149237,2,4,0,3,1,1,110,40,3,4,1,16,0,0,0,0,0
201900017546,19,9,5,55,2,5,8,4,4794384,-5348,7,1,19,2,1,1,804,744,1,3,4,6,0,0,0,0,0
201900017547,19,11,4,1321,4,5,2,4,4795842,448131,9,3,2,2,2,3,612,719,7,5,2,83,0,0,0,0,0
201900017548,19,1,2,113,5,1,9,7,4564647,547332,4,2,25,3,2,2,781,73,5,6,5,45,0,0,0,0,0
201900017549,19,11,12,904,1,8,9,2,4482583,675116,5,4,50,3,2,3,878,939,9,4,5,2,0,0,0,0,0
201900017550,19,5,28,230,2,2,3,6,4892892,305699,2,1,20,2,1,1,288,449,3,6,4,0,0,0,0,0,0
201900017551,19,7,27,1307,3,6,1,7,4520146,373985,5,2,41,1,4,2,821,179,3,5,5,84,0,0,0,0,0
201900017552,19,12,10,2110,2,3,9,5,4953430,-19160,6,2,9,1,3,1,180,208,1,6,2,68,0,0,0,0,0
201900017553,19,6,20,259,2,9,1,7,4607818,643257,5,3,36,3,3,1,374,994,3,7,1,28,0,0,0,0,0
201900017554,19,3,18,1977,4,2,6,6,4646397,146245,6,2,34,1,3,1,784,392,2,2,2,22,0,0,0,0,0
201900017555,19,10,21,964,3,3,6,4,4794486,446637,2,2,13,1,4,3,828,656,1,2,1,44,0,0,0,0,0
201900017556,19,3,27,1963,3,4,7,5,4558783,-47403,6,3,14,1,2,2,153,175,6,1,3,16,0,0,0,0,0
201900017557,19,11,1,1828,2,5,3,5,4425641,321293,3,2,37,2,4,4,411,92,2,1,2,87,0,0,0,0,0
201900017558,19,3,3,39,3,6,9,1,4702112,-216030,2,3,17,3,3,2,641,732,1,5,1,73,0,0,0,0,0
201900017559,19,10,17,612,4,1,1,7,4619725,-27968,4,4,8,3,4,2,111,667,3,3,3,99,0,0,0,0,0
201900017560,19,5,4,606,2,7,6,2,4773667,265328,6,3,12,1,4,4,316,507,5,3,2,98,0,0,0,0,0
201900017561,19,1,11,626,3,8,7,4,4636512,66403,2,4,45,2,3,2,67,495,9,4,1,54,0,0,0,0,0
201900017562,19,10,26,2327,3,7,6,7,4812007,177324,8,2,6,1,4,1,738,85,2,4,1,86,0,0,0,0,0
201900017563,19,2,21,352,2,7,1,7,4918711,693410,1,4,51,2,3,2,279,714,8,7,1,81,0,0,0,0,0
201900017564,19,7,16,408,4,9,2,2,4558180,-263497,2,3,14,3,3,1,20,264,2,6,2,91,0,0,0,0,0
201900017565,19,2,21,1053,3,2,4,4,4747879,-318623,4,4,9,1,3,2,297,128,1,2,3,12,0,0,0,0,0
201900017566,19,6,2,1178,1,7,4,7,4669504,6324,8,1,26,1,4,2,763,119,7,5,3,79,0,0,0,0,0
201900017567,19,3,13,757,1,6,4,1,4447481,-369282,5,3,16,2,2,4,81,835,4,3,5,46,0,0,0,0,0
201900017568,19,7,21,1144,4,5,7,6,4563125,513678,6,1,37,2,3,2,194,338,1,3,4,98,0,0,0,0,0
201900017569,19,10,16,1434,1,6,8,1,4803680,349087,5,3,5,1,4,4,877,434,4,6,3,60,0,0,0,0,0
201900017570,19,1,24,1150,2,2,6,1,4891414,523137,8,4,9,3,1,1,686,887,4,7,2,19,0,0,0,0,0
201900017571,19,2,9,1746,2,6,8,6,4655464,139501,4,4,18,3,4,4,870,228,4,6,1,93,0,0,0,0,0
201900017572,19,3,6,2355,3,6,3,3,4914197,-153130,5,2,36,1,2,4,88,57,7,5,1,16,0,0,0,0,0
201900017573,19,11,28,1841,3,5,8,6,4836929,293702,7,4,12,1,3,3,652,105,7,5,4,12,0,0,0,0,0
201900017574,19,2,7,2349,5,6,6,6,4498117,366934,3,1,6,3,2,2,893,257,5,1,1,61,0,0,0,0,0
201900017575,19,7,19,218,5,8,3,6,4990583,-174196,7,4,52,2,1,3,436,884,4,6,1,68,0,0,0,0,0
201900017576,19,2,21,876,4,9,6,1,4431816,398467,1,1,41,2,1,2,235,542,2,7,2,2,0,0,0,0,0
201900017577,19,10,9,1589,3,7,2,2,4953801,504305,2,4,29,2,2,2,349,31,3,1,1,33,0,0,0,0,0
201900017578,19,3,7,2245,1,5,1,3,4608127,693380,1,4,41,3,3,4,643,918,6,2,2,13,0,0,0,0,0
201900017579,19,7,7,663,4,2,5,4,4904108,-79692,1,1,34,3,1,1,52,650,8,4,5,20,0,0,0,0,0
201900017580,19,10,18,1954,1,5,7,7,4933455,-218357,5,4,51,1,2,3,123,668,9,5,4,10,0,0,0,0,0
201900017581,19,10,16,1290,2,1,4,5,4930014,152132,8,4,5,3,2,1,584,625,6,6,5,43,0,0,0,0,0
201900017582,19,2,13,1213,5,6,5,5,4778533,656482,9,4,46,3,4,1,197,193,2,1,2,85,0,0,0,0,0
201900017583,19,5,19,1625,5,3,4,1,4791831,413810,3,3,30,2,2,1,727,205,6,6,3,77,0,0,0,0,0
201900017584,19,10,18,2225,4,5,1,7,4938405,590462,7,3,6,3,1,1,740,103,4,2,5,25,0,0,0,0,0
201900017585,19,10,15,1710,1,2,4,4,4468031,694493,9,3,27,1,4,3,535,398,9,7,5,21,0,0,0,0,0
201900017586,19,5,7,1171,4,2,2,3,4723496,424461,9,1,18,2,1,1,517,363,4,3,5,70,0,0,0,0,0
201900017587,19,6,11,1225,3,9,2,1,4460026,238192,4,2,43,3,3,1,367,581,8,2,2,25,0,0,0,0,0
201900017588,19,10,26,1028,1,6,7,6,4876477,298364,7,1,10,2,3,4,440,734,8,7,3,0,0,0,0,0,0
201900017589,19,2,28,1935,2,1,8,6,4991760,447102,7,3,14,1,3,3,352,276,4,4,3,26,0,0,0,0,0
201900017590,19,5,2,2169,2,9,8,7,4817449,21013,3,2,4,1,4,1,143,486,7,3,2,13,0,0,0,0,0
201900017591,19,7,13,1927,1,5,9,1,4691565,-168796,9,1,0,2,3,3,846,8,7,3,3,27,0,0,0,0,0
201900017592,19,10,20,2187,1,1,1,3,4576779,645786,8,4,21,3,1,1,493,921,7,5,2,27,0,0,0,0,0
201900017593,19,12,1,636,1,3,1,7,4788089,219091,8,4,36,2,2,4,859,176,6,2,3,65,0,0,0,0,0
201900017594,19,1,9,443,5,9,1,3,4871555,536244,4,3,38,2,3,2,892,815,6,7,1,49,0,0,0,0,0
201900017595,19,3,22,1850,5,6,4,2,4482278,-115227,7,4,25,2,1,4,66,637,7,1,2,41,0,0,0,0,0
201900017596,19,6,5,2069,2,5,5,6,4949779,690641,8,2,14,3,3,3,379,175,3,6,1,46,0,0,0,0,0
201900017597,19,7,7,1526,2,8,9,3,4520694,96954,8,2,51,1,4,4,768,483,9,1,2,88,0,0,0,0,0
201900017598,19,12,17,83,2,1,9,3,4971281,231165,7,3,35,1,4,3,664,225,5,1,2,89,0,0,0,0,0
201900017599,19,3,10,1945,2,6,8,2,4833734,289657,9,2,24,3,2,2,456,739,2,4,5,23,0,0,0,0,0
201900017600,19,7,4,541,5,7,3,3,4663927,640367,2,4,29,3,1,1,1,671,4,3,1,46,0,0,0,0,0
201900017601,19,8,27,1782,2,5,6,5,4829372,-40492,6,1,3,1,1,4,357,176,6,1,5,12,0,0,0,0,0
201900017602,19,9,13,72,3,4,6,2,4690861,201549,6,3,1,3,2,2,757,59,6,4,1,42,0,0,0,0,0
201900017603,19,5,4,1679,5,6,1,5,4975121,25400,3,3,35,1,1,3,120,405,2,4,1,77,0,0,0,0,0
201900017604,19,5,3,243,4,2,6,5,4539109,14884,1,1,47,3,4,3,876,435,2,6,5,14,0,0,0,0,0
201900017605,19,1,22,2075,4,8,5,1,4978867,686357,9,2,24,3,1,4,774,363,9,5,4,37,0,0,0,0,0
201900017606,19,4,3,2285,1,9,5,4,4727667,-320615,6,3,27,2,2,2,292,570,1,4,2,76,0,0,0,0,0
201900017607,19,10,4,50,2,9,6,5,4837688,191455,3,4,28,3,1,1,451,969,3,3,3,50,0,0,0,0,0
201900017608,19,11,5,824,3,6,4,1,4464516,-193901,2,1,26,1,2,2,506,229,8,5,2,12,0,0,0,0,0
201900017609,19,6,28,1630,1,6,1,6,4874646,144936,4,3,37,2,4,3,82,90,1,6,5,75,0,0,0,0,0
201900017610,19,9,25,1356,5,3,4,2,4515730,340581,1,4,19,2,1,1,790,809,4,6,1,45,0,0,0,0,0
201900017611,19,11,11,1384,1,1,4,3,4683991,188779,1,4,25,2,4,2,433,808,7,4,3,43,0,0,0,0,0
201900017612,19,6,21,991,5,8,7,5,4525520,-93426,9,3,43,3,1,4,510,812,3,4,5,82,0,0,0,0,0
201900017613,19,6,22,791,1,3,2,4,4959857,-47055,3,2,7,2,2,2,668,495,8,6,5,69,0,0,0,0,0
201900017614,19,12,20,382,3,2,5,6,4472072,593300,3,4,3,3,3,4,655,264,7,6,4,6,0,0,0,0,0
201900017615,19,7,28,524,4,9,7,2,4440805,87801,6,1,22,2,1,3,819,111,2,3,2,88,0,0,0,0,0
201900017616,19,7,21,2080,1,6,3,7,4735724,-344709,6,2,0,2,2,3,237,686,8,7,1,61,0,0,0,0,0
201900017617,19,1,21,971,1,9,1,2,4989826,-55808,2,4,8,1,3,2,127,637,2,5,4,85,0,0,0,0,0
201900017618,19,5,16,456,5,9,8,1,4537855,177607,7,1,19,2,1,4,273,403,8,4,3,26,0,0,0,0,0
201900017619,19,10,19,1483,5,3,5,3,4754178,599338,8,4,34,1,1,4,225,95,3,3,2,57,0,0,0,0,0
201900017620,19,4,8,1103,3,6,7,1,4756358,-145975,8,2,2,2,3,4,473,65,4,7,1,90,0,0,0,0,0
201900017621,19,12,19,1396,4,5,1,4,4939886,648114,7,3,43,1,3,3,170,507,8,3,1,29,0,0,0,0,0
201900017622,19,9,11,2071,5,3,8,1,4865753,561939,7,2,17,1,2,4,799,426,9,6,2,97,0,0,0,0,0
201900017623,19,10,17,2037,2,4,4,7,4547802,153706,1,2,26,2,3,3,915,859,3,4,3,24,0,0,0,0,0
201900017624,19,5,19,2259,5,1,6,5,4516532,227231,2,4,27,2,3,1,878,663,1,3,1,9,0,0,0,0,0
201900017625,19,1,9,2240,3,1,3,4,4808448,99408,6,3,26,3,4,2,659,408,8,2,2,85,0,0,0,0,0
201900017626,19,1,10,2213,1,8,9,7,4943875,586442,1,4,53,2,2,4,478,370,4,4,1,55,0,0,0,0,0
201900017627,19,2,1,1566,1,2,4,7,4621688,343843,9,4,10,2,1,4,34,609,5,7,1,70,0,0,0,0,0
201900017628,19,3,15,212,4,3,3,5,4656734,-143329,5,4,53,2,2,2,79,93,1,4,5,66,0,0,0,0,0
201900017629,19,4,15,898,1,9,7,5,4703836,-115718,8,2,50,3,3,2,903,360,4,5,1,61,0,0,0,0,0
201900017630,19,6,8,684,4,9,1,2,4669479,295571,5,3,9,3,2,3,119,772,9,3,2,96,0,0,0,0,0
201900017631,19,10,6,1176,2,6,6,4,4492461,335802,6,3,5,3,1,2,29,71,5,1,5,49,0,0,0,0,0
201900017632,19,2,6,2346,1,4,7,7,4621951,176597,1,2,4,1,2,1,309,899,8,6,5,9,0,0,0,0,0
201900017633,19,5,5,220,2,5,5,5,4784696,-73694,7,3,40,3,2,3,772,893,3,7,3,62,0,0,0,0,0
201900017634,19,6,12,623,1,1,7,7,4938753,41354,6,1,37,1,2,1,907,115,4,6,3,92,0,0,0,0,0
201900017635,19,9,8,1456,1,2,6,1,4903158,-131237,4,2,8,1,2,1,300,529,5,5,5,66,0,0,0,0,0
201900017636,19,1,5,2129,2,3,1,2,4838072,14757,4,1,51,1,2,4,211,109,4,4,2,8,0,0,0,0,0
201900017637,19,11,4,1389,4,3,1,7,4562454,227891,1,1,9,2,2,4,328,154,7,5,5,58,0,0,0,0,0
201900017638,19,3,4,1291,2,4,8,7,4560496,-51961,6,1,12,2,3,3,359,698,5,5,2,5,0,0,0,0,0
201900017639,19,2,13,1703,5,3,1,7,4756889,413550,6,2,36,2,4,2,605,914,2,2,2,26,0,0,0,0,0
201900017640,19,12,18,1646,2,4,8,3,4883539,-325943,8,1,2,2,4,1,227,817,7,1,2,74,0,0,0,0,0
201900017641,19,4,3,1065,3,7,8,4,4433114,263867,5,4,28,2,2,2,742,47,5,4,4,44,0,0,0,0,0
201900017642,19,6,28,290,1,7,7,1,4728843,-133609,6,2,39,3,3,3,28,760,6,1,4,10,0,0,0,0,0
201900017643,19,4,2,2163,5,1,9,3,4814165,122168,9,1,32,1,4,4,859,319,6,6,2,20,0,0,0,0,0
201900017644,19,1,9,617,3,4,2,4,4891077,586388,7,3,17,2,4,3,185,827,3,3,1,0,0,0,0,0,0