Num_Acc,an,mois,jour,hrmn,lum,int,atm,col,lat,long,catr,circ,nbv,vosp,prof,plan,lartpc,larrout,surf,infra,situ,env1,unscathed,killed,hospital,light,chance
201900017645,19,1,6,1484,3,1,7,3,4977242,166581,4,4,34,3,1,3,158,727,5,6,5,89,0,0,0,0,0
201900017646,19,6,24,191,2,3,6,6,4459205,277311,5,1,26,3,2,3,583,843,6,7,5,79,0,0,0,0,0
201900017647,19,7,22,1409,4,4,9,4,4468325,382254,1,2,4,1,4,1,46,127,8,2,4,8,0,0,0,0,0
201900017648,19,9,8,1466,3,6,9,4,4464505,59446,2,3,17,2,2,3,167,299,2,1,2,94,0,0,0,0,0
201900017649,19,8,27,592,2,1,8,2,4585348,15659,7,3,11,3,2,4,866,226,1,1,4,60,0,0,0,0,0
201900017650,19,1,6,130,5,6,8,6,4472184,-325281,7,2,16,2,2,3,674,254,5,6,1,98,0,0,0,0,0
201900017651,19,6,25,186,1,9,4,4,4426269,-332443,2,1,26,2,3,2,475,441,8,3,2,31,0,0,0,0,0
201900017652,19,3,19,403,1,3,6,5,4686697,-388909,3,1,53,2,3,1,889,558,1,1,1,86,0,0,0,0,0
201900017653,19,12,20,668,3,5,9,1,4935731,634296,5,1,53,2,3,1,589,635,7,1,3,91,0,0,0,0,0
201900017654,19,7,2,35,5,7,7,6,4654401,45135,6,3,30,2,2,1,155,282,2,3,4,73,0,0,0,0,0
201900017655,19,12,23,1639,4,8,9,7,4854503,386494,4,4,20,1,1,4,619,458,4,7,2,10,0,0,0,0,0
201900017656,19,1,14,1607,1,2,9,6,4640313,556055,7,2,41,3,4,1,488,618,1,7,5,49,0,0,0,0,0
201900017657,19,7,1,901,4,3,6,7,4795038,-135880,8,3,9,1,1,2,529,13,4,3,2,6,0,0,0,0,0
201900017658,19,6,9,1479,2,5,8,3,4742461,-56550,2,2,26,3,1,4,563,130,1,3,5,7,0,0,0,0,0
201900017659,19,2,16,1607,1,2,9,4,4896327,664689,6,2,42,1,4,2,166,415,5,6,4,3,0,0,0,0,0
201900017660,19,2,17,1535,3,3,8,6,4543224,619106,2,4,20,3,3,2,587,313,6,7,2,91,0,0,0,0,0
201900017661,19,8,5,1560,2,2,4,3,4728375,-161905,2,1,10,1,3,4,209,910,9,2,2,3,0,0,0,0,0
201900017662,19,4,17,154,1,2,3,5,4704074,-362628,6,2,40,1,3,1,724,567,5,7,4,63,0,0,0,0,0
201900017663,19,9,28,425,2,8,5,4,4968389,132180,8,1,8,2,1,4,829,302,6,1,2,94,0,0,0,0,0
201900017664,19,5,27,855,2,7,9,4,4905039,325639,9,3,5,2,2,3,658,860,7,4,5,85,0,0,0,0,0
201900017665,19,8,18,1144,1,8,1,1,4837469,439096,2,3,25,3,4,2,915,733,7,2,1,6,0,0,0,0,0
201900017666,19,2,23,1945,1,6,6,4,4847754,236761,6,4,14,3,2,3,378,628,4,5,5,90,0,0,0,0,0
201900017667,19,6,2,2023,2,3,5,7,4549823,-316371,9,3,40,2,2,2,730,21,5,2,2,4,0,0,0,0,0
201900017668,19,2,12,1528,1,7,4,5,4910479,-224400,1,2,22,1,3,4,776,14,8,1,5,98,0,0,0,0,0
201900017669,19,12,3,144,5,7,2,1,4964906,33713,2,4,27,2,2,1,361,468,3,6,1,43,0,0,0,0,0
201900017670,19,6,2,1390,2,8,8,7,4718621,583315,3,4,15,1,3,4,528,194,9,6,3,54,0,0,0,0,0
201900017671,19,3,17,320,3,8,4,7,4410259,414600,7,4,3,2,4,3,483,352,2,5,2,83,0,0,0,0,0
201900017672,19,1,12,457,3,2,2,3,4833132,-3783,6,2,47,1,1,2,506,392,4,5,2,65,0,0,0,0,0
201900017673,19,12,19,668,5,9,6,7,4427605,530575,2,1,34,1,4,1,297,710,4,2,3,39,0,0,0,0,0
201900017674,19,5,25,1702,1,9,3,6,4944221,-150910,7,1,5,2,1,2,342,753,7,1,4,1,0,0,0,0,0
201900017675,19,4,26,1384,1,3,5,1,4629773,-291412,9,4,22,3,4,2,253,837,2,2,4,89,0,0,0,0,0
201900017676,19,7,11,1407,5,7,2,7,4423381,-110683,8,1,2,3,2,3,436,536,7,6,2,2,0,0,0,0,0
201900017677,19,8,7,1990,3,9,8,4,4906182,-174338,5,1,34,1,2,1,768,67,7,7,3,86,0,0,0,0,0
201900017678,19,10,15,434,4,4,4,5,4722286,330081,3,2,37,1,2,4,330,514,4,7,1,32,0,0,0,0,0
201900017679,19,1,16,698,2,9,4,5,4903736,-153315,4,4,2,3,4,3,204,679,5,6,4,8,0,0,0,0,0
201900017680,19,1,3,74,5,3,8,6,4973543,36889,8,4,20,2,2,2,681,860,3,3,5,29,0,0,0,0,0
201900017681,19,5,1,1498,1,7,6,1,4450647,-271502,4,2,13,1,1,2,103,813,6,1,1,94,0,0,0,0,0
201900017682,19,4,1,1779,5,1,7,2,4769595,-194584,7,4,5,2,4,4,52,81,2,2,3,38,0,0,0,0,0
201900017683,19,4,15,899,5,1,5,5,4902857,-200710,3,1,0,2,1,2,49,241,3,6,5,9,0,0,0,0,0
201900017684,19,8,17,1043,2,1,3,3,4488838,-157871,4,1,25,2,4,1,914,455,5,5,4,91,0,0,0,0,0
201900017685,19,5,3,1500,5,7,4,4,4873887,446674,1,4,8,1,1,2,288,663,5,3,5,14,0,0,0,0,0
201900017686,19,1,16,1269,5,7,3,1,4601642,435363,7,2,28,1,4,2,202,805,2,3,2,40,0,0,0,0,0
201900017687,19,12,14,380,2,9,4,7,4741303,193370,5,1,31,1,2,1,239,412,6,4,2,67,0,0,0,0,0
201900017688,19,11,14,1869,2,6,9,2,4482666,-54263,2,1,43,2,2,3,96,935,9,6,1,61,0,0,0,0,0
201900017689,19,11,10,1929,3,6,4,5,4479839,392447,8,3,2,3,4,4,715,209,9,1,5,31,0,0,0,0,0
201900017690,19,6,18,2078,2,4,8,3,4827399,-210066,8,3,31,2,3,2,421,492,6,3,5,18,0,0,0,0,0
201900017691,19,10,1,1367,1,4,8,6,4420338,113855,3,1,45,1,2,2,889,628,3,5,3,37,0,0,0,0,0
201900017692,19,9,21,1053,3,4,6,5,4436491,-245840,1,3,3,3,3,4,378,886,3,6,5,97,0,0,0,0,0
201900017693,19,3,9,1447,2,4,5,1,4782560,686186,4,4,2,2,1,4,856,419,2,4,5,92,0,0,0,0,0
201900017694,19,4,9,1713,1,2,4,2,4850763,-292272,5,1,11,3,3,3,75,793,4,5,3,56,0,0,0,0,0
201900017695,19,2,3,816,4,9,8,6,4715519,423057,8,1,2,2,2,2,279,830,2,7,4,46,0,0,0,0,0
201900017696,19,12,27,1259,4,8,2,3,4913029,-176783,9,3,26,2,2,4,588,156,5,5,3,47,0,0,0,0,0
201900017697,19,10,21,1861,1,7,1,2,4707078,491328,1,1,50,1,3,2,26,361,6,7,5,72,0,0,0,0,0
201900017698,19,9,25,171,4,4,9,6,4765796,-110411,9,4,21,2,3,2,459,916,2,2,2,86,0,0,0,0,0
201900017699,19,1,7,1341,2,7,1,2,4669915,79994,6,1,16,1,3,4,182,684,4,5,5,79,0,0,0,0,0
201900017700,19,2,9,1482,1,8,3,5,4682409,-66176,2,3,49,1,3,3,159,7,8,5,1,29,0,0,0,0,0
201900017701,19,5,26,319,3,3,2,4,4420139,688728,6,3,40,3,4,4,605,491,3,6,5,56,0,0,0,0,0
201900017702,19,11,24,99,2,8,6,2,4719683,293010,4,1,6,2,1,2,390,929,8,4,5,99,0,0,0,0,0
201900017703,19,4,9,1204,5,6,4,4,4898919,237153,2,1,51,2,4,2,742,882,1,4,2,80,0,0,0,0,0
201900017704,19,10,6,1923,2,9,3,4,4952723,-226001,9,4,37,2,1,1,733,938,9,5,2,88,0,0,0,0,0
201900017705,19,6,22,1012,1,3,3,7,4797476,-91627,1,4,35,2,2,1,732,791,9,7,4,75,0,0,0,0,0
201900017706,19,7,18,616,4,4,2,2,4843313,107558,5,4,27,3,2,4,814,487,9,5,5,79,0,0,0,0,0
201900017707,19,3,15,2120,5,2,5,5,4615576,211603,8,2,34,2,4,3,303,185,5,2,2,19,0,0,0,0,0
201900017708,19,12,8,1486,3,8,2,1,4760495,-370708,5,3,52,3,1,2,564,218,3,7,5,73,0,0,0,0,0
201900017709,19,3,9,304,2,4,7,6,4554161,-79060,5,4,39,3,2,3,47,871,5,2,3,19,0,0,0,0,0
201900017710,19,3,4,1527,2,6,4,2,4744298,-204671,1,1,2,3,1,2,757,122,3,5,1,6,0,0,0,0,0
201900017711,19,5,12,1463,1,3,9,3,4796366,484551,6,1,44,3,2,3,326,993,8,3,5,65,0,0,0,0,0
201900017712,19,5,13,1994,2,2,2,3,4966332,-289804,4,4,22,3,1,1,348,262,4,3,3,5,0,0,0,0,0
201900017713,19,6,6,626,4,2,6,7,4822402,368766,7,2,28,2,3,2,76,839,8,7,1,48,0,0,0,0,0
201900017714,19,11,1,1935,3,8,2,2,4914038,180823,2,4,45,3,4,4,347,368,4,7,3,14,0,0,0,0,0
201900017715,19,6,9,1860,4,2,8,3,4901433,-342423,8,4,7,1,2,1,270,361,7,7,1,13,0,0,0,0,0
201900017716,19,6,9,1980,1,8,7,4,4735038,537827,3,1,50,2,2,4,45,33,7,4,1,36,0,0,0,0,0
201900017717,19,12,27,1851,2,6,8,6,4806074,-231177,8,2,31,2,1,2,884,496,8,4,2,77,0,0,0,0,0
201900017718,19,12,20,426,4,4,8,7,4706060,591693,7,3,4,1,1,4,443,291,7,4,4,42,0,0,0,0,0
201900017719,19,11,6,304,4,6,6,4,4649114,-320447,6,1,33,1,1,2,667,666,1,3,5,13,0,0,0,0,0
201900017720,19,3,11,2072,4,2,3,6,4584164,-348213,6,4,53,2,3,3,7,708,4,3,1,4,0,0,0,0,0
201900017721,19,1,20,2096,5,4,1,3,4805036,504396,5,4,17,1,3,3,118,616,4,6,2,91,0,0,0,0,0
201900017722,19,5,3,2024,1,7,4,4,4794735,-54953,9,2,16,1,4,3,457,148,5,1,3,41,0,0,0,0,0
201900017723,19,4,27,1890,4,8,2,3,4818312,221502,8,4,47,1,4,1,107,446,7,2,5,83,0,0,0,0,0
201900017724,19,11,28,456,5,4,7,7,4431554,372072,4,2,10,3,2,4,701,29,2,7,1,16,0,0,0,0,0
201900017725,19,10,7,1577,5,4,2,3,4547489,-155603,4,3,43,3,4,1,581,336,2,3,3,23,0,0,0,0,0
201900017726,19,7,11,22,3,5,4,7,4862742,-338837,1,4,10,2,3,4,743,504,6,7,4,77,0,0,0,0,0
201900017727,19,1,25,2275,1,4,3,2,4960767,281527,9,4,39,2,1,1,729,984,7,6,2,98,0,0,0,0,0
201900017728,19,4,5,449,1,6,2,4,4950690,-394123,3,4,33,1,2,3,232,864,4,7,3,7,0,0,0,0,0
201900017729,19,6,26,910,1,6,4,5,4783809,-314979,6,3,50,3,1,1,493,41,8,2,5,34,0,0,0,0,0
201900017730,19,10,3,628,5,4,6,5,4956465,308560,2,3,22,1,2,2,851,73,4,3,3,48,0,0,0,0,0
201900017731,19,3,14,1613,5,7,4,3,4413021,43499,2,2,41,2,4,2,623,317,8,3,5,13,0,0,0,0,0
201900017732,19,6,27,621,4,5,3,5,4419760,464590,1,1,4,1,4,4,711,657,5,4,4,12,0,0,0,0,0
201900017733,19,4,4,1107,1,1,1,6,4637595,405808,7,4,44,2,2,3,580,529,5,3,4,1,0,0,0,0,0
201900017734,19,3,17,1945,2,7,8,5,4492452,339610,5,4,4,1,4,3,202,612,5,6,1,63,0,0,0,0,0
201900017735,19,6,12,2070,1,3,5,6,4781040,477515,8,3,24,3,1,2,259,476,6,1,5,33,0,0,0,0,0
201900017736,19,11,12,2059,1,1,9,4,4418625,-317781,9,4,3,2,2,1,251,455,8,5,3,42,0,0,0,0,0
201900017737,19,8,12,1978,2,2,8,1,4831280,191312,4,4,11,3,4,4,755,332,9,2,1,68,0,0,0,0,0
201900017738,19,9,3,1165,3,6,1,6,4747064,296216,3,3,42,2,2,4,495,132,6,4,5,51,0,0,0,0,0
201900017739,19,9,22,24,2,4,4,3,4492860,-121155,8,4,9,2,3,2,718,209,2,1,3,9,0,0,0,0,0
201900017740,19,9,1,1974,5,2,2,7,4446352,494449,3,1,15,3,4,2,806,868,1,7,3,26,0,0,0,0,0
201900017741,19,6,20,39,5,7,5,1,4849081,-277695,9,1,48,2,4,2,523,672,2,4,5,14,0,0,0,0,0
201900017742,19,5,12,2055,1,9,7,6,4646296,560020,4,4,31,1,1,2,345,721,8,6,1,40,0,0,0,0,0
201900017743,19,5,16,2299,4,1,7,7,4789911,-61603,8,4,38,1,1,2,78,536,2,2,2,11,0,0,0,0,0
201900017744,19,6,20,32,4,4,7,5,4755935,-36914,5,1,16,2,4,4,587,245,1,4,1,99,0,0,0,0,0
201900017745,19,7,10,1787,5,5,9,7,4631205,2206,4,1,17,3,3,2,852,22,3,2,3,21,0,0,0,0,0
201900017746,19,8,8,346,5,5,7,1,4691144,58726,8,1,21,2,4,1,711,418,2,1,1,56,0,0,0,0,0
201900017747,19,3,24,917,2,6,8,5,4992481,562084,5,2,42,1,2,4,631,306,3,1,2,57,0,0,0,0,0
201900017748,19,7,9,414,3,5,3,7,4879713,554312,9,3,51,1,2,4,698,512,6,4,1,1,0,0,0,0,0
201900017749,19,10,7,670,2,4,8,5,4515340,-103447,3,4,41,1,4,3,479,429,5,5,3,64,0,0,0,0,0
201900017750,19,7,12,1337,3,7,7,2,4663587,-59374,8,2,32,3,1,4,625,671,1,6,5,75,0,0,0,0,0
201900017751,19,11,25,56,1,8,7,3,4468608,59469,1,1,13,2,4,1,242,127,8,1,1,77,0,0,0,0,0
201900017752,19,2,10,215,3,5,6,3,4906802,603161,8,4,19,2,4,2,80,89,9,7,5,24,0,0,0,0,0
201900017753,19,6,8,133,5,3,9,6,4929499,627519,3,4,30,2,4,2,892,212,3,7,2,48,0,0,0,0,0
201900017754,19,12,17,785,3,8,7,2,4867468,463228,8,4,13,2,1,3,610,54,2,1,5,39,0,0,0,0,0
201900017755,19,12,19,1291,3,5,6,3,4817551,-141622,6,2,42,3,3,2,426,3,5,1,1,55,0,0,0,0,0
201900017756,19,1,23,2147,3,9,7,1,4601852,-68829,7,3,41,2,1,3,302,398,8,4,2,69,0,0,0,0,0
201900017757,19,6,3,828,2,3,4,4,4972506,-39234,5,2,24,3,1,2,492,22,6,6,5,9,0,0,0,0,0
201900017758,19,5,23,68,5,3,7,4,4521993,204702,7,1,26,3,2,2,838,640,7,3,3,44,0,0,0,0,0
201900017759,19,11,23,1581,3,8,7,5,4758756,261167,7,2,51,3,4,4,543,78,4,2,4,11,0,0,0,0,0
201900017760,19,2,19,1944,2,4,3,4,4480799,133699,9,4,32,1,4,4,703,173,5,4,3,59,0,0,0,0,0
201900017761,19,12,15,318,5,3,6,4,4468488,-116182,8,2,33,2,4,1,338,731,9,5,3,59,0,0,0,0,0
201900017762,19,8,18,2066,3,8,3,5,4519528,570896,4,3,8,1,4,3,905,711,8,4,3,39,0,0,0,0,0
201900017763,19,9,6,877,2,1,8,1,4745376,81022,7,2,17,3,1,2,789,443,6,5,2,84,0,0,0,0,0
201900017764,19,1,12,1388,4,2,2,1,4709487,513155,2,2,46,2,1,1,632,469,4,2,1,73,0,0,0,0,0
201900017765,19,1,25,2219,2,9,7,3,4933153,616340,5,4,45,1,1,3,719,993,4,4,2,28,0,0,0,0,0
201900017766,19,1,19,145,3,3,7,6,4762651,430452,1,3,43,1,1,3,796,161,8,1,5,31,0,0,0,0,0
201900017767,19,3,23,1981,1,8,4,7,4997297,352868,4,2,37,1,4,2,239,79,7,1,3,30,0,0,0,0,0
201900017768,19,10,26,1917,2,9,4,1,4657315,-182945,9,2,36,1,4,1,776,959,9,1,3,34,0,0,0,0,0
201900017769,19,3,17,1288,3,3,6,3,4535141,340343,9,2,27,1,1,4,543,144,8,1,4,8,0,0,0,0,0
201900017770,19,7,8,422,1,1,4,7,4536080,223417,4,2,51,1,4,2,259,221,8,4,2,62,0,0,0,0,0
201900017771,19,10,28,207,3,7,4,2,4441104,386660,8,1,34,2,3,2,122,300,8,4,1,45,0,0,0,0,0
201900017772,19,12,17,536,4,4,7,2,4837468,77156,1,2,53,3,4,3,647,182,7,5,3,55,0,0,0,0,0
201900017773,19,2,8,1842,4,2,6,2,4757873,226332,9,2,0,3,4,3,315,986,5,1,4,54,0,0,0,0,0
201900017774,19,9,25,1758,2,1,9,5,4513324,72714,4,3,3,1,2,4,646,939,6,7,3,78,0,0,0,0,0
201900017775,19,12,27,1139,3,3,1,7,4636720,-179189,5,2,25,1,2,3,865,381,8,2,1,51,0,0,0,0,0
201900017776,19,8,1,176,5,5,1,5,4475556,-346149,3,3,15,2,2,4,549,851,5,6,5,13,0,0,0,0,0
201900017777,19,6,5,226,3,8,2,4,4911383,-387110,4,3,4,2,3,3,576,728,4,4,1,41,0,0,0,0,0
201900017778,19,6,13,1510,3,4,4,7,4646308,208251,3,3,50,1,1,4,229,373,2,1,2,21,0,0,0,0,0
201900017779,19,11,22,1145,2,3,6,6,4720944,635145,1,1,40,1,1,2,97,143,9,6,4,53,0,0,0,0,0
201900017780,19,5,5,1630,3,4,9,4,4923558,61992,4,1,36,1,4,2,440,492,8,2,2,83,0,0,0,0,0
201900017781,19,6,28,652,3,4,3,1,4466961,-95134,3,4,0,1,3,2,463,146,9,7,2,39,0,0,0,0,0
201900017782,19,10,27,1690,2,3,6,5,4490278,283222,7,3,37,2,2,3,387,528,2,7,2,65,0,0,0,0,0
201900017783,19,4,12,1572,1,9,2,3,4972563,-111072,5,2,17,2,2,1,633,700,1,3,3,70,0,0,0,0,0
201900017784,19,1,16,31,5,3,6,5,4965768,300243,6,4,37,1,4,1,603,762,4,3,4,66,0,0,0,0,0
201900017785,19,7,24,2246,4,6,3,5,4429308,334048,7,3,21,2,4,4,60,520,6,4,3,44,0,0,0,0,0
201900017786,19,6,28,1270,1,6,1,1,4612645,474602,8,1,50,2,3,3,213,190,6,4,5,87,0,0,0,0,0
201900017787,19,4,26,1825,3,5,8,7,4774364,-126036,6,3,9,2,1,4,860,649,7,5,1,72,0,0,0,0,0
201900017788,19,4,19,915,5,7,9,2,4467956,-178122,9,4,42,2,4,4,701,84,6,5,4,58,0,0,0,0,0
201900017789,19,10,10,1288,4,6,1,6,4646031,492145,9,3,8,2,3,2,843,646,7,2,4,75,0,0,0,0,0
201900017790,19,12,14,2335,1,1,5,7,4649463,488651,5,4,48,2,2,1,342,798,3,7,5,76,0,0,0,0,0
201900017791,19,8,15,105,1,1,1,7,4930264,572547,8,2,37,2,3,1,320,805,1,1,2,90,0,0,0,0,0
201900017792,19,10,16,1696,1,5,5,3,4507631,500822,2,2,17,3,2,3,241,29,6,4,4,72,0,0,0,0,0
201900017793,19,2,1,1303,2,8,8,6,4613337,-5730,8,2,2,1,2,3,292,80,6,7,1,33,0,0,0,0,0
201900017794,19,12,2,852,2,6,7,5,4874995,92806,8,4,30,1,1,3,119,379,9,6,2,54,0,0,0,0,0
201900017795,19,10,25,1087,1,9,7,1,4940954,636896,1,3,16,1,3,4,837,979,8,2,1,51,0,0,0,0,0
201900017796,19,5,7,1567,5,2,2,1,4897468,528173,1,4,11,2,1,3,64,239,6,2,2,36,0,0,0,0,0
201900017797,19,6,17,1338,2,2,2,7,4514179,30413,9,1,48,3,2,3,284,977,8,1,5,16,0,0,0,0,0
201900017798,19,5,7,1283,2,9,1,4,4584657,-375399,4,1,26,2,4,1,279,404,8,5,3,83,0,0,0,0,0
201900017799,19,9,19,91,5,9,5,5,4756473,251143,2,4,45,3,3,4,837,342,2,7,3,89,0,0,0,0,0
201900017800,19,6,18,67,2,7,4,7,4452225,-237015,6,2,33,3,2,2,197,5,3,7,5,48,0,0,0,0,0
201900017801,19,12,24,513,4,1,8,1,4841631,33153,7,4,28,3,2,2,696,513,2,1,1,75,0,0,0,0,0
201900017802,19,2,26,1317,2,2,8,2,4560360,-366484,7,4,26,2,4,1,511,3,5,2,4,56,0,0,0,0,0
201900017803,19,3,14,1850,4,1,6,2,4699080,-188981,8,4,2,1,2,2,347,493,9,4,3,64,0,0,0,0,0
201900017804,19,6,4,567,3,2,4,5,4694486,301192,2,1,9,2,1,1,416,45,4,2,5,70,0,0,0,0,0
201900017805,19,12,6,476,4,4,1,6,4939439,404676,8,3,15,1,4,2,743,944,2,2,2,47,0,0,0,0,0
201900017806,19,2,9,2346,5,7,7,4,4677150,550631,8,1,22,1,2,4,905,462,1,1,1,49,0,0,0,0,0
201900017807,19,5,21,1353,5,6,8,2,4617597,470059,7,4,5,1,2,4,405,908,1,5,4,20,0,0,0,0,0
201900017808,19,3,19,2223,3,3,7,2,4924624,-380838,1,4,1,1,4,4,662,291,6,6,1,48,0,0,0,0,0
201900017809,19,5,9,2286,3,9,6,4,4801322,642012,7,4,19,3,1,2,198,230,6,2,2,22,0,0,0,0,0
201900017810,19,5,28,2053,1,5,8,7,4929870,-31203,5,4,31,1,1,2,573,973,9,1,4,34,0,0,0,0,0
201900017811,19,4,20,217,5,8,2,2,4495676,134777,3,2,37,1,2,1,499,45,2,3,4,3,0,0,0,0,0
201900017812,19,12,10,1749,5,4,9,6,4571020,374974,3,4,2,1,4,4,897,269,4,2,4,58,0,0,0,0,0
201900017813,19,4,27,337,5,2,5,6,4662292,-231862,9,1,22,3,3,1,488,648,6,3,1,28,0,0,0,0,0
201900017814,19,9,6,865,2,6,2,6,4702772,185656,5,4,38,3,3,2,461,77,3,7,1,33,0,0,0,0,0
201900017815,19,2,5,1761,3,6,2,4,4674240,186453,3,1,45,1,4,4,162,240,9,4,1,84,0,0,0,0,0
201900017816,19,8,9,215,2,4,3,5,4502980,185082,8,4,11,3,3,2,869,661,6,2,1,17,0,0,0,0,0
201900017817,19,6,24,25,3,7,2,4,4813545,82594,3,1,37,3,3,2,249,951,1,1,3,94,0,0,0,0,0
201900017818,19,12,16,1734,4,9,5,7,4640477,-386462,5,3,14,2,2,2,899,456,8,5,3,84,0,0,0,0,0
201900017819,19,1,24,1108,1,6,5,3,4490285,-233391,4,4,30,2,4,4,2,726,6,3,5,71,0,0,0,0,0
201900017820,19,11,7,268,1,6,9,4,4911346,-176251,4,2,26,3,3,4,31,848,3,6,2,20,0,0,0,0,0
201900017821,19,2,12,378,5,7,3,3,4911884,475128,8,3,42,1,1,2,869,609,8,7,4,94,0,0,0,0,0
201900017822,19,2,20,2129,5,5,8,5,4536466,336566,7,2,26,1,2,4,655,852,8,3,1,89,0,0,0,0,0
201900017823,19,8,12,1556,4,3,9,1,4496390,629731,2,2,50,3,3,2,821,192,1,6,3,61,0,0,0,0,0
201900017824,19,3,5,301,3,1,3,1,4932055,618033,4,1,52,1,4,3,397,832,7,3,1,85,0,0,0,0,0
201900017825,19,4,1,1169,2,1,2,5,4462536,417743,2,4,16,2,1,2,737,746,6,4,3,42,0,0,0,0,0
201900017826,19,4,14,1544,1,1,6,4,4977635,563853,5,3,52,2,3,3,157,623,2,4,3,16,0,0,0,0,0
201900017827,19,12,13,150,4,7,4,5,4779348,496972,2,1,32,1,1,3,74,46,3,5,5,79,0,0,0,0,0
201900017828,19,11,13,1873,3,8,8,6,4778541,-284579,1,3,20,3,3,4,56,544,5,2,4,23,0,0,0,0,0
201900017829,19,5,14,1854,5,9,7,6,4816493,-50810,8,4,19,1,1,4,345,482,7,5,4,40,0,0,0,0,0
201900017830,19,5,22,2210,4,1,8,7,4922332,342171,7,3,37,3,3,1,581,475,9,6,4,91,0,0,0,0,0
201900017831,19,3,19,1749,5,1,9,3,4596504,-58586,9,2,19,1,3,2,578,46,4,1,2,66,0,0,0,0,0
201900017832,19,11,24,1006,1,7,2,7,4522121,80255,2,3,9,1,3,2,326,109,7,6,3,99,0,0,0,0,0
201900017833,19,8,10,1447,3,8,7,7,4543292,-343116,9,1,53,1,3,2,83,903,5,4,4,21,0,0,0,0,0
201900017834,19,1,23,2278,3,1,1,2,4469108,90753,8,4,0,1,4,4,167,399,6,2,1,39,0,0,0,0,0
201900017835,19,10,16,509,4,8,7,3,4428441,-215201,8,2,17,3,4,2,570,158,6,3,3,42,0,0,0,0,0
201900017836,19,7,17,1128,1,6,2,6,4519837,146026,7,4,23,1,1,2,879,171,6,4,4,71,0,0,0,0,0
201900017837,19,5,9,2167,1,6,1,4,4512204,-310398,1,3,37,2,4,2,569,527,6,5,1,13,0,0,0,0,0
201900017838,19,10,6,748,3,9,7,1,4953274,-327379,9,1,13,2,1,2,11,518,1,7,2,57,0,0,0,0,0
201900017839,19,9,7,255,3,4,4,3,4432355,201774,4,2,47,3,1,2,773,302,2,6,5,11,0,0,0,0,0
201900017840,19,2,7,1493,1,6,5,6,4970309,-147122,5,1,40,3,2,3,900,120,5,2,2,40,0,0,0,0,0
201900017841,19,10,5,334,4,2,7,5,4482857,549309,5,4,7,2,4,4,878,444,5,1,5,94,0,0,0,0,0
201900017842,19,12,1,1742,5,1,9,2,4450001,665518,8,1,16,1,4,2,6,746,5,4,4,0,0,0,0,0,0
201900017843,19,8,28,782,4,2,9,2,4940986,-287607,1,1,51,3,1,3,13,831,1,4,1,29,0,0,0,0,0
201900017844,19,5,8,379,3,4,3,7,4617966,509272,1,4,26,3,4,4,682,836,8,5,5,40,0,0,0,0,0
201900017845,19,2,7,1880,4,1,1,4,4605947,449518,5,4,21,3,2,3,572,790,4,2,1,93,0,0,0,0,0
201900017846,19,9,16,1463,3,4,3,6,4915432,-200079,8,2,32,1,3,3,21,197,9,7,3,46,0,0,0,0,0
201900017847,19,12,3,1262,5,7,1,3,4531695,643485,5,2,52,3,4,1,242,361,5,5,4,57,0,0,0,0,0
201900017848,19,5,27,134,2,1,1,2,4730491,515888,4,4,18,3,3,2,874,904,5,5,3,45,0,0,0,0,0
201900017849,19,10,16,507,3,6,5,1,4479329,157613,9,3,1,1,3,3,538,788,2,5,4,63,0,0,0,0,0
201900017850,19,12,24,879,2,4,7,2,4413351,402822,7,1,53,3,2,1,342,759,9,1,3,82,0,0,0,0,0
201900017851,19,2,9,1840,1,7,3,2,4596906,562647,3,1,49,1,3,1,30,512,7,6,3,93,0,0,0,0,0
201900017852,19,1,4,420,5,2,9,5,4666305,-249611,9,1,42,1,1,1,672,73,8,4,5,35,0,0,0,0,0
201900017853,19,1,8,1364,4,8,6,7,4521811,592617,6,4,27,1,2,2,312,312,6,6,3,86,0,0,0,0,0
201900017854,19,3,24,2148,1,3,7,3,4563245,-274690,7,1,3,1,1,2,358,48,9,5,2,42,0,0,0,0,0
201900017855,19,8,22,1081,1,6,2,3,4896757,281851,7,4,51,2,4,1,268,524,8,5,4,36,0,0,0,0,0
201900017856,19,1,15,1258,4,7,2,4,4645815,82878,1,3,36,2,2,4,70,444,2,4,4,75,0,0,0,0,0
201900017857,19,9,5,1957,1,4,8,5,4636001,159322,9,2,29,3,4,2,610,529,5,7,4,0,0,0,0,0,0
201900017858,19,5,17,1502,5,6,4,1,4967302,-209772,1,1,22,3,4,4,807,617,3,1,4,8,0,0,0,0,0