Num_Acc,an,mois,jour,hrmn,lum,int,atm,col,lat,long,catr,circ,nbv,vosp,prof,plan,lartpc,larrout,surf,infra,situ,env1,unscathed,killed,hospital,light,chance
201900017859,19,8,11,2049,3,6,7,7,4940161,-395677,1,3,33,1,3,4,805,66,4,2,4,23,0,0,0,0,0
201900017860,19,4,26,779,3,5,8,2,4502421,87915,3,3,15,3,1,2,851,795,1,2,2,12,0,0,0,0,0
201900017861,19,4,14,1156,2,4,6,5,4492537,463909,4,1,34,1,2,2,537,874,5,7,1,90,0,0,0,0,0
201900017862,19,12,2,1725,5,1,8,3,4868912,-101508,4,1,25,1,4,4,843,721,9,3,5,65,0,0,0,0,0
201900017863,19,7,17,1835,4,7,6,4,4601751,94926,5,1,41,1,2,2,304,858,3,2,1,49,0,0,0,0,0
201900017864,19,9,9,1251,5,2,9,1,4439572,390968,3,3,37,1,2,2,202,730,7,2,5,78,0,0,0,0,0
201900017865,19,8,20,1846,5,1,1,3,4432433,587484,9,4,17,3,4,4,58,550,3,4,2,80,0,0,0,0,0
201900017866,19,10,3,2108,2,3,9,5,4891552,470296,1,2,0,1,1,4,811,940,6,3,3,68,0,0,0,0,0
201900017867,19,7,9,1565,4,7,3,7,4403989,90867,4,3,18,3,3,2,682,533,8,7,5,57,0,0,0,0,0
201900017868,19,2,24,245,4,8,4,2,4617464,-141747,5,4,7,2,3,4,368,356,8,6,2,0,0,0,0,0,0
201900017869,19,5,7,1871,1,1,3,2,4549741,-268655,1,4,14,3,3,2,764,568,2,7,5,17,0,0,0,0,0
201900017870,19,2,15,188,3,8,9,7,4952261,360133,4,4,24,3,1,3,114,802,2,7,5,97,0,0,0,0,0
201900017871,19,9,4,245,5,7,8,7,4427092,-211517,2,3,11,2,1,2,505,398,8,4,1,14,0,0,0,0,0
201900017872,19,6,27,1656,2,1,3,6,4437917,-318189,4,4,43,2,2,3,290,751,2,4,5,38,0,0,0,0,0
201900017873,19,9,22,156,2,7,5,3,4689420,78526,4,1,36,3,3,3,680,974,1,5,5,17,0,0,0,0,0
201900017874,19,2,28,1842,3,2,2,4,4934951,446826,1,4,43,1,3,3,407,301,5,1,1,83,0,0,0,0,0
201900017875,19,10,2,764,4,1,3,3,4500391,101884,9,3,49,1,2,3,598,894,9,5,1,91,0,0,0,0,0
201900017876,19,12,20,1058,4,4,7,2,4710467,84190,5,3,14,1,3,4,861,650,3,6,2,38,0,0,0,0,0
201900017877,19,10,28,1644,3,7,8,7,4979487,-267933,3,1,13,2,2,1,810,408,8,3,1,96,0,0,0,0,0
201900017878,19,8,21,996,5,9,9,4,4730382,590173,7,2,12,1,3,4,439,275,2,3,5,14,0,0,0,0,0
201900017879,19,6,25,332,5,4,8,7,4421198,186827,7,1,10,1,3,2,104,772,1,5,2,97,0,0,0,0,0
201900017880,19,9,24,68,3,6,4,6,4449317,431770,3,3,31,3,4,3,776,945,9,3,1,39,0,0,0,0,0
201900017881,19,7,3,1164,1,2,8,1,4496339,535069,9,4,22,1,1,1,142,406,8,2,4,96,0,0,0,0,0
201900017882,19,1,12,561,2,5,8,1,4857520,323581,5,4,15,1,2,2,651,463,3,2,2,13,0,0,0,0,0
201900017883,19,11,1,516,2,2,4,6,4770137,-23421,9,4,10,3,1,4,65,320,8,6,1,54,0,0,0,0,0
201900017884,19,2,8,1208,2,4,8,6,4568387,450542,5,4,22,2,1,1,298,702,9,2,3,33,0,0,0,0,0
201900017885,19,4,21,1040,2,1,1,3,4896922,46879,1,4,49,2,4,3,735,235,6,5,2,37,0,0,0,0,0
201900017886,19,8,2,629,4,1,4,1,4808262,-172692,2,2,0,1,3,3,261,56,5,5,1,23,0,0,0,0,0
201900017887,19,2,14,796,4,8,4,7,4920737,620897,8,4,37,1,4,4,408,523,6,5,1,71,0,0,0,0,0
201900017888,19,2,12,535,1,3,7,7,4495985,-382007,5,3,22,2,1,1,369,746,9,7,5,87,0,0,0,0,0
201900017889,19,6,18,1186,2,5,2,6,4970374,19510,9,1,27,3,1,3,153,44,3,5,3,85,0,0,0,0,0
201900017890,19,9,6,728,4,5,6,7,4860753,-306008,6,1,7,1,3,4,226,616,3,5,2,96,0,0,0,0,0
201900017891,19,10,18,903,2,2,9,1,4830628,23392,3,3,13,2,3,4,357,393,7,3,1,14,0,0,0,0,0
201900017892,19,1,20,1870,4,7,3,3,4893085,455325,9,2,30,1,3,1,482,689,8,3,2,87,0,0,0,0,0
201900017893,19,9,25,1255,5,5,2,6,4588395,-173796,8,4,10,3,1,2,895,64,4,4,3,0,0,0,0,0,0
201900017894,19,4,4,1627,3,1,6,1,4550428,590516,8,2,0,3,4,4,67,450,2,1,3,36,0,0,0,0,0
201900017895,19,4,8,147,1,7,9,7,4646903,83714,1,2,46,1,1,2,776,80,1,2,5,36,0,0,0,0,0
201900017896,19,10,2,1005,1,1,6,4,4727164,560588,8,1,1,1,1,3,791,548,7,1,5,32,0,0,0,0,0
201900017897,19,6,17,1202,1,5,8,4,4483775,-202604,1,1,39,1,1,2,836,424,3,2,4,74,0,0,0,0,0
201900017898,19,10,28,739,1,4,6,2,4642539,-273814,8,1,22,2,3,4,18,608,6,7,3,11,0,0,0,0,0
201900017899,19,4,26,1100,3,1,1,3,4509694,133384,3,4,22,3,3,2,29,369,6,2,2,10,0,0,0,0,0
201900017900,19,7,1,1103,4,4,9,5,4465955,-303215,9,3,3,1,3,4,173,581,5,1,5,48,0,0,0,0,0
201900017901,19,12,20,1452,3,6,6,6,4497827,-347113,8,4,46,3,2,4,140,933,4,2,5,2,0,0,0,0,0
201900017902,19,11,7,1537,3,4,7,1,4622410,-252166,5,4,46,1,1,3,552,400,9,5,2,38,0,0,0,0,0
201900017903,19,10,27,1293,3,6,4,6,4692962,475824,4,1,0,1,4,3,112,936,4,4,3,44,0,0,0,0,0
201900017904,19,11,20,826,5,9,4,4,4454933,366075,5,2,37,1,3,3,13,903,8,2,3,84,0,0,0,0,0
201900017905,19,2,4,1638,5,5,8,4,4609621,15758,6,3,24,1,2,4,336,25,2,7,5,17,0,0,0,0,0
201900017906,19,6,23,1022,5,8,8,2,4480416,-255835,9,4,33,3,2,1,169,430,2,1,3,27,0,0,0,0,0
201900017907,19,8,9,2019,2,7,6,3,4618730,409654,5,4,20,2,2,4,540,573,7,1,1,99,0,0,0,0,0
201900017908,19,4,9,1132,2,7,4,2,4866135,-209355,9,4,41,1,2,2,178,646,1,1,1,95,0,0,0,0,0
201900017909,19,5,11,372,1,6,9,3,4881537,19742,9,1,49,2,3,3,182,955,1,5,3,80,0,0,0,0,0
201900017910,19,9,4,1426,5,6,8,5,4450810,636394,7,1,37,2,3,3,852,972,9,2,2,6,0,0,0,0,0
201900017911,19,1,6,1220,2,2,1,1,4828767,-219161,8,2,23,1,1,4,695,430,7,3,4,12,0,0,0,0,0
201900017912,19,1,14,1487,5,6,9,6,4438714,625619,1,4,28,1,2,2,44,894,9,6,3,35,0,0,0,0,0
201900017913,19,11,14,439,2,5,1,2,4902983,-92605,5,1,24,2,3,1,743,752,6,3,2,16,0,0,0,0,0
201900017914,19,3,14,1450,3,5,3,5,4655884,472526,2,1,15,1,3,1,561,62,2,1,5,67,0,0,0,0,0
201900017915,19,12,21,510,5,9,3,7,4641201,255546,1,3,41,1,3,4,738,420,4,2,3,89,0,0,0,0,0
201900017916,19,7,6,174,5,9,4,1,4562353,343975,5,3,6,2,4,1,196,853,5,1,1,23,0,0,0,0,0
201900017917,19,5,26,522,4,1,3,6,4562480,359069,1,4,30,3,4,4,675,591,7,2,5,33,0,0,0,0,0
201900017918,19,2,25,1862,1,5,7,4,4761832,317974,7,2,30,2,4,3,781,253,4,2,4,76,0,0,0,0,0
201900017919,19,11,25,460,4,3,9,7,4469963,-92463,1,4,45,3,3,2,726,580,2,5,2,82,0,0,0,0,0
201900017920,19,12,5,1279,3,5,4,5,4450784,183588,4,3,38,3,4,1,79,944,3,3,5,27,0,0,0,0,0
201900017921,19,4,27,1291,1,9,2,6,4831535,426767,7,3,25,3,1,1,331,583,5,7,2,83,0,0,0,0,0
201900017922,19,11,27,1537,4,4,8,6,4978158,656118,6,4,19,3,2,2,385,528,1,4,5,16,0,0,0,0,0
201900017923,19,2,27,1387,2,5,2,4,4457565,-154476,1,3,21,1,3,3,746,410,7,7,4,94,0,0,0,0,0
201900017924,19,11,26,1850,2,7,1,1,4509907,-132208,4,2,17,3,1,4,510,231,1,5,5,41,0,0,0,0,0
201900017925,19,11,21,870,3,1,8,2,4684019,-143553,2,3,10,3,4,2,112,973,1,5,1,98,0,0,0,0,0
201900017926,19,9,10,1189,2,9,6,5,4671444,-113761,9,4,9,3,2,1,374,582,3,7,3,0,0,0,0,0,0
201900017927,19,8,5,674,4,7,9,7,4579674,-241406,7,2,29,2,1,2,34,789,6,4,3,59,0,0,0,0,0
201900017928,19,12,6,1324,3,5,4,7,4404688,37776,7,4,19,3,3,2,31,713,4,3,5,90,0,0,0,0,0
201900017929,19,9,24,1122,5,4,3,5,4524181,125809,8,4,30,3,3,1,107,683,3,7,1,28,0,0,0,0,0
201900017930,19,10,14,54,2,4,7,2,4501792,-367167,9,1,19,1,1,3,446,744,3,7,4,92,0,0,0,0,0
201900017931,19,3,19,2130,1,5,9,2,4531119,327597,1,1,26,3,3,2,365,271,4,1,4,64,0,0,0,0,0
201900017932,19,8,7,835,2,6,6,4,4824018,656903,7,2,26,2,4,1,264,629,4,6,1,83,0,0,0,0,0
201900017933,19,11,18,2046,4,5,7,4,4917931,69156,7,3,14,1,3,4,753,714,4,7,1,25,0,0,0,0,0
201900017934,19,9,14,918,1,8,7,1,4940832,126985,9,3,21,1,3,3,407,617,5,4,1,2,0,0,0,0,0
201900017935,19,4,5,369,4,6,9,2,4914401,-115129,6,1,39,1,1,2,133,781,8,2,3,25,0,0,0,0,0
201900017936,19,11,6,2307,5,7,9,7,4969226,48259,3,2,16,1,1,1,67,555,1,7,3,90,0,0,0,0,0
201900017937,19,8,20,1332,5,8,3,7,4596717,-139251,9,3,28,2,2,4,209,158,2,7,4,97,0,0,0,0,0
201900017938,19,9,23,349,2,5,9,5,4888037,-268803,6,2,4,1,4,1,724,176,1,7,1,62,0,0,0,0,0
201900017939,19,1,2,2281,4,4,2,6,4864347,-81895,1,4,32,1,4,2,783,857,8,4,1,77,0,0,0,0,0
201900017940,19,3,9,1985,2,2,4,1,4885812,620094,3,1,29,3,3,2,641,765,2,6,5,92,0,0,0,0,0
201900017941,19,10,11,1798,5,2,4,1,4757582,-397016,5,3,47,1,2,3,269,924,9,3,3,14,0,0,0,0,0
201900017942,19,6,12,1379,2,6,1,3,4938935,-10840,6,3,23,2,3,2,134,971,5,3,4,53,0,0,0,0,0
201900017943,19,12,20,752,2,9,7,3,4797911,-111325,6,1,9,2,2,3,432,740,3,1,4,83,0,0,0,0,0
201900017944,19,5,22,1117,2,5,4,5,4827957,222204,1,1,52,1,4,1,88,994,1,6,5,15,0,0,0,0,0
201900017945,19,11,20,736,1,7,3,1,4597175,61078,7,1,3,1,1,1,559,427,1,5,2,84,0,0,0,0,0
201900017946,19,2,17,155,2,6,9,7,4538103,-562,5,1,30,2,3,4,255,694,2,1,4,61,0,0,0,0,0
201900017947,19,5,6,868,5,2,5,5,4815282,-86916,1,2,32,2,3,3,609,833,9,2,2,2,0,0,0,0,0
201900017948,19,5,14,736,2,1,7,2,4681641,-184115,1,1,14,2,1,1,593,965,9,5,2,34,0,0,0,0,0
201900017949,19,11,3,29,3,8,9,2,4732408,277822,7,4,27,1,4,4,28,139,7,1,5,68,0,0,0,0,0
201900017950,19,3,20,1633,5,5,5,7,4781385,451392,9,1,2,1,1,4,416,128,2,6,5,97,0,0,0,0,0
201900017951,19,10,5,28,3,2,3,4,4450684,-123465,9,1,50,1,1,4,663,131,8,1,3,9,0,0,0,0,0
201900017952,19,2,16,1693,1,5,1,2,4860734,-216479,5,2,12,2,1,4,716,328,8,5,4,12,0,0,0,0,0
201900017953,19,3,15,113,1,2,9,4,4428570,72402,1,1,33,3,3,2,365,925,9,1,5,68,0,0,0,0,0
201900017954,19,7,9,2030,2,1,9,5,4559130,-324883,4,4,42,2,3,3,329,838,3,2,4,75,0,0,0,0,0
201900017955,19,2,19,182,4,2,5,3,4517578,-189233,6,2,24,3,3,4,790,614,4,7,2,95,0,0,0,0,0
201900017956,19,9,3,1269,5,6,9,3,4938081,-364705,7,1,29,3,4,2,194,488,6,3,2,24,0,0,0,0,0
201900017957,19,10,23,1114,5,8,2,1,4821458,247879,4,3,26,3,1,4,708,968,9,2,4,90,0,0,0,0,0
201900017958,19,10,5,1724,2,4,1,5,4998790,61592,6,1,23,2,2,3,673,748,4,2,2,98,0,0,0,0,0
201900017959,19,11,7,675,4,9,7,3,4525026,694382,6,1,24,1,4,1,566,842,4,2,4,34,0,0,0,0,0
201900017960,19,4,8,2239,4,9,9,1,4916707,-235642,8,3,2,3,4,4,894,978,8,5,4,53,0,0,0,0,0
201900017961,19,7,26,1354,3,7,6,5,4438890,632979,4,2,38,2,4,1,484,647,1,1,1,46,0,0,0,0,0
201900017962,19,2,8,164,3,5,3,3,4707727,-91790,1,1,19,3,1,3,657,951,1,6,3,2,0,0,0,0,0
201900017963,19,5,14,695,3,1,7,6,4468761,531642,3,2,44,1,1,1,570,272,9,4,1,27,0,0,0,0,0
201900017964,19,2,17,167,4,5,7,6,4900065,95790,8,1,18,3,2,3,704,461,4,1,4,78,0,0,0,0,0
201900017965,19,10,28,1810,3,8,7,2,4860118,-367438,4,1,7,2,1,4,587,44,2,5,1,99,0,0,0,0,0
201900017966,19,10,13,1809,2,1,3,3,4524505,-82940,1,1,18,1,1,1,201,121,4,5,1,74,0,0,0,0,0
201900017967,19,9,16,2050,4,8,4,3,4707034,322480,5,4,6,3,1,2,701,497,9,4,4,24,0,0,0,0,0
201900017968,19,4,24,751,4,2,7,4,4847984,261766,7,4,23,3,1,1,430,82,9,1,5,29,0,0,0,0,0
201900017969,19,12,6,2105,1,1,5,1,4635639,256466,6,2,32,2,4,2,45,757,9,3,1,25,0,0,0,0,0
201900017970,19,4,22,501,2,4,9,1,4663286,99869,7,4,12,2,3,3,25,922,4,7,2,16,0,0,0,0,0
201900017971,19,3,5,50,1,1,6,5,4589206,462685,6,4,26,3,4,3,872,239,5,2,2,38,0,0,0,0,0
201900017972,19,5,21,766,5,7,8,2,4971290,-199766,3,3,13,2,2,1,423,92,2,2,4,90,0,0,0,0,0
201900017973,19,12,19,1169,5,5,4,2,4548087,-131784,5,4,40,3,2,2,328,108,7,4,5,56,0,0,0,0,0
201900017974,19,4,22,1546,3,5,2,7,4742093,249205,2,2,33,3,4,3,337,564,2,1,4,76,0,0,0,0,0
201900017975,19,4,6,2117,1,9,9,5,4817115,659691,8,4,43,2,3,2,385,743,6,5,1,61,0,0,0,0,0
201900017976,19,8,15,1804,4,5,4,1,4507368,-211750,7,1,15,2,3,4,405,268,8,4,4,77,0,0,0,0,0
201900017977,19,1,26,1545,2,4,4,3,4922737,538227,1,4,47,1,1,2,908,553,6,3,4,64,0,0,0,0,0
201900017978,19,5,8,10,1,3,8,1,4611048,-83885,7,3,24,1,1,4,192,533,7,7,1,66,0,0,0,0,0
201900017979,19,4,15,1260,2,7,2,2,4740539,524581,8,4,29,1,4,3,243,789,4,7,4,52,0,0,0,0,0
201900017980,19,7,25,367,1,2,3,5,4717377,-187820,2,3,49,2,4,2,810,502,9,6,2,19,0,0,0,0,0
201900017981,19,6,1,2298,5,7,6,1,4471049,436126,3,1,45,2,3,2,542,325,8,3,1,73,0,0,0,0,0
201900017982,19,6,13,445,1,6,4,1,4585009,-199858,1,2,30,3,1,1,639,583,3,5,4,47,0,0,0,0,0
201900017983,19,5,21,1658,2,8,8,2,4492807,308850,6,2,35,3,2,4,123,678,1,7,4,97,0,0,0,0,0
201900017984,19,9,13,1164,4,6,9,2,4874044,599167,4,1,33,3,3,1,654,74,1,4,3,12,0,0,0,0,0
201900017985,19,3,6,494,3,5,4,2,4822050,243272,8,2,35,3,1,3,711,406,9,2,2,85,0,0,0,0,0
201900017986,19,7,2,878,3,4,8,3,4860056,254684,6,2,27,3,2,1,199,457,7,1,1,41,0,0,0,0,0
201900017987,19,7,5,445,3,2,5,3,4441091,232002,4,3,3,1,3,3,126,424,5,5,5,36,0,0,0,0,0
201900017988,19,5,2,1237,4,2,7,7,4828427,-139461,9,4,13,3,3,1,221,677,2,5,2,79,0,0,0,0,0
201900017989,19,10,22,1709,5,2,9,7,4447138,30791,9,1,12,3,2,1,556,642,5,6,3,50,0,0,0,0,0
201900017990,19,11,3,314,2,5,1,1,4497805,537677,4,4,16,3,2,3,362,574,8,2,2,18,0,0,0,0,0
201900017991,19,4,9,2156,2,5,2,4,4697500,349570,1,3,30,2,2,2,330,298,8,4,5,20,0,0,0,0,0
201900017992,19,2,16,2226,2,3,5,3,4913640,543990,9,1,9,3,1,3,771,133,8,3,4,67,0,0,0,0,0
201900017993,19,11,21,1285,4,5,1,7,4669946,-384133,3,4,53,3,1,2,153,105,4,1,1,39,0,0,0,0,0
201900017994,19,11,14,553,3,5,1,7,4443689,195847,1,1,30,3,2,3,460,879,7,2,2,59,0,0,0,0,0
201900017995,19,1,5,186,4,3,2,7,4843695,562751,3,4,23,1,1,3,7,637,6,2,1,1,0,0,0,0,0
201900017996,19,3,28,1418,3,6,7,4,4471496,384912,7,4,38,3,3,1,344,759,3,5,5,41,0,0,0,0,0
201900017997,19,1,28,2145,5,6,6,2,4637080,341062,3,4,43,2,1,1,759,9,2,4,1,82,0,0,0,0,0
201900017998,19,11,26,108,2,6,6,3,4718730,80446,8,4,4,3,1,4,127,296,3,5,1,8,0,0,0,0,0
201900017999,19,4,14,169,1,1,2,7,4621679,-264358,8,3,47,2,1,1,669,601,3,4,5,89,0,0,0,0,0
201900018000,19,2,5,2100,1,2,2,3,4428832,235432,7,2,29,2,3,2,781,662,4,4,1,84,0,0,0,0,0
201900018001,19,1,12,778,4,9,6,3,4982245,401154,3,3,35,1,4,1,584,872,1,2,5,23,0,0,0,0,0
201900018002,19,10,12,515,2,3,7,4,4652116,-95771,1,3,16,2,3,1,532,603,5,3,2,63,0,0,0,0,0
201900018003,19,10,18,338,4,5,6,5,4788107,554082,2,1,18,1,4,2,391,423,3,6,1,63,0,0,0,0,0
201900018004,19,3,4,98,2,8,8,6,4971755,-283383,1,3,6,1,3,3,428,432,6,5,1,13,0,0,0,0,0
201900018005,19,3,25,547,1,1,2,4,4829854,666867,5,3,39,1,2,1,573,126,3,6,4,0,0,0,0,0,0
201900018006,19,10,2,1295,2,4,7,3,4687473,503114,3,4,34,2,3,4,115,658,2,4,5,97,0,0,0,0,0
201900018007,19,12,4,601,4,5,9,6,4545987,-201698,3,1,30,2,4,1,576,585,3,4,1,31,0,0,0,0,0
201900018008,19,4,15,903,3,3,5,3,4432550,-344679,6,2,10,2,3,1,646,146,2,2,1,1,0,0,0,0,0
201900018009,19,10,20,1809,5,8,3,1,4760816,40332,7,2,43,1,2,3,450,788,9,4,1,88,0,0,0,0,0
201900018010,19,12,8,1840,4,2,4,1,4513105,-223020,6,2,27,2,1,2,64,356,8,5,1,75,0,0,0,0,0
201900018011,19,2,16,1687,3,2,6,3,4930777,521566,5,1,5,3,3,1,169,907,8,2,1,33,0,0,0,0,0
201900018012,19,1,17,1194,2,5,6,4,4794425,-78283,9,3,21,3,4,4,738,492,6,3,1,58,0,0,0,0,0
201900018013,19,11,11,1117,4,4,6,2,4782148,256923,7,2,51,3,1,3,78,741,6,3,5,6,0,0,0,0,0
201900018014,19,10,10,1199,1,3,7,4,4710381,-211898,6,3,44,2,4,4,886,100,4,3,2,86,0,0,0,0,0
201900018015,19,1,12,1336,1,5,3,6,4536841,-95015,9,3,31,2,2,3,206,398,6,4,4,74,0,0,0,0,0
201900018016,19,1,17,948,1,5,1,2,4408982,65823,8,3,47,1,1,3,96,756,4,3,1,43,0,0,0,0,0
201900018017,19,12,15,894,5,5,1,5,4417751,504719,1,1,22,3,2,1,774,135,4,6,5,41,0,0,0,0,0
201900018018,19,1,12,496,2,2,1,4,4837708,-30894,7,3,41,2,3,4,159,970,3,4,4,98,0,0,0,0,0
201900018019,19,3,22,893,5,4,1,1,4797886,540254,7,2,26,1,3,1,132,426,3,7,1,28,0,0,0,0,0
201900018020,19,8,10,966,3,3,6,4,4418079,237903,5,3,39,1,3,1,199,743,6,6,1,22,0,0,0,0,0
201900018021,19,8,23,932,4,9,6,3,4634514,239029,7,1,11,3,1,4,528,968,7,7,2,79,0,0,0,0,0
201900018022,19,7,4,1971,5,3,7,6,4689746,645708,4,1,19,1,4,4,195,39,8,2,5,81,0,0,0,0,0
201900018023,19,1,16,1450,2,1,9,7,4864774,456490,2,4,2,3,1,4,75,438,7,1,5,82,0,0,0,0,0
201900018024,19,10,9,1947,2,9,5,6,4705066,201129,8,2,48,1,2,2,530,897,9,7,2,1,0,0,0,0,0
201900018025,19,2,22,2093,1,2,5,4,4451576,384753,3,3,27,3,3,3,300,829,5,7,3,9,0,0,0,0,0
201900018026,19,11,14,2263,5,9,5,5,4865739,471152,8,1,14,3,1,4,818,933,9,3,4,99,0,0,0,0,0
201900018027,19,12,26,277,4,6,1,6,4949464,57065,8,2,46,3,1,4,1,330,5,5,1,91,0,0,0,0,0
201900018028,19,11,5,2245,1,3,2,2,4628962,-291253,7,3,53,1,1,3,273,859,4,2,2,22,0,0,0,0,0
201900018029,19,8,23,1702,2,4,1,3,4732876,160162,4,3,42,2,4,1,324,229,4,4,1,48,0,0,0,0,0
201900018030,19,6,23,1545,2,7,2,6,4900024,693584,3,4,53,2,2,4,807,330,3,2,1,11,0,0,0,0,0
201900018031,19,7,27,593,2,2,3,7,4623691,-46246,7,4,37,3,1,4,328,250,3,1,4,40,0,0,0,0,0
201900018032,19,2,14,1811,2,9,2,1,4516273,269401,3,4,5,1,4,3,406,12,8,3,3,0,0,0,0,0,0
201900018033,19,11,6,132,2,6,9,2,4747614,140451,8,1,6,3,3,4,105,695,5,1,4,30,0,0,0,0,0
201900018034,19,12,23,1129,3,4,2,2,4882186,-357725,4,1,24,3,2,3,560,576,1,5,2,83,0,0,0,0,0
201900018035,19,7,3,759,4,5,2,5,4996229,86601,5,3,22,1,4,1,412,924,8,3,4,77,0,0,0,0,0
201900018036,19,12,4,2101,3,4,2,7,4437289,660983,2,1,11,2,1,4,445,410,8,5,3,41,0,0,0,0,0
201900018037,19,9,12,59,1,2,5,4,4518975,294086,4,2,33,2,3,4,508,192,5,7,3,7,0,0,0,0,0
201900018038,19,11,12,2013,1,3,9,1,4965570,-9400,5,4,30,1,1,2,181,551,8,7,2,65,0,0,0,0,0
201900018039,19,3,18,1027,2,5,8,1,4600830,-67670,3,2,8,3,2,2,791,541,6,4,2,73,0,0,0,0,0
201900018040,19,1,9,2087,2,9,7,1,4856030,-92900,4,4,39,3,2,2,32,436,4,5,4,73,0,0,0,0,0
201900018041,19,7,9,216,4,7,5,7,4453122,-300243,7,1,30,1,3,1,69,589,5,4,2,24,0,0,0,0,0
201900018042,19,3,6,1239,3,8,8,7,4573446,-33706,8,2,39,2,1,3,826,802,1,1,2,77,0,0,0,0,0
201900018043,19,12,14,419,1,7,5,3,4806931,362380,6,1,20,3,4,3,121,309,5,4,3,76,0,0,0,0,0
201900018044,19,7,20,2288,2,8,7,2,4420566,543671,6,2,46,2,3,3,671,600,2,4,1,89,0,0,0,0,0
201900018045,19,12,14,1211,1,7,3,1,4484820,-334174,7,3,45,2,4,3,476,160,8,6,1,11,0,0,0,0,0
201900018046,19,10,1,812,3,7,2,5,4605058,371884,9,1,8,2,1,3,466,438,9,4,1,10,0,0,0,0,0
201900018047,19,11,22,786,4,5,7,7,4482213,-193471,8,4,42,2,3,3,604,154,2,4,3,45,0,0,0,0,0
201900018048,19,3,13,1137,5,7,6,6,4823370,-331113,5,3,31,2,4,2,331,168,1,4,4,51,0,0,0,0,0
201900018049,19,1,24,87,3,3,5,1,4536214,-66517,7,1,16,3,4,4,884,517,5,6,4,63,0,0,0,0,0
201900018050,19,7,7,1894,5,2,2,5,4643835,266446,2,2,3,2,1,4,40,599,1,7,1,41,0,0,0,0,0
201900018051,19,3,5,1215,2,1,6,6,4479336,533758,9,3,5,2,3,1,624,256,9,4,4,99,0,0,0,0,0
201900018052,19,5,6,450,2,6,7,5,4668232,271292,5,3,12,2,4,3,591,16,1,5,2,57,0,0,0,0,0
201900018053,19,4,19,746,5,9,8,5,4739411,64398,8,2,6,3,1,4,778,99,4,5,4,44,0,0,0,0,0
201900018054,19,9,19,436,1,4,6,7,4741258,36892,4,3,19,1,1,1,316,359,8,5,5,8,0,0,0,0,0
201900018055,19,7,15,430,1,8,3,6,4728476,389038,2,2,5,2,1,1,631,958,2,6,1,70,0,0,0,0,0
201900018056,19,7,22,2245,4,9,5,3,4407225,387895,3,4,31,3,1,2,873,976,8,5,2,93,0,0,0,0,0
201900018057,19,6,21,1506,5,3,2,7,4690453,639006,8,1,39,2,3,2,836,882,7,5,4,93,0,0,0,0,0
201900018058,19,10,3,147,5,5,1,6,4869369,118087,4,4,1,1,3,1,349,728,8,1,3,1,0,0,0,0,0
201900018059,19,9,15,122,5,1,5,5,4628916,412639,4,4,39,2,2,3,892,75,8,3,3,61,0,0,0,0,0
201900018060,19,5,17,2358,4,6,1,2,4674673,161651,1,4,36,3,4,3,191,316,5,6,1,18,0,0,0,0,0
201900018061,19,8,22,692,1,6,7,7,4968046,-49491,1,1,47,2,3,3,746,706,6,2,1,89,0,0,0,0,0
201900018062,19,5,1,959,1,9,9,4,4520109,-190462,9,3,36,3,2,1,173,124,9,3,4,72,0,0,0,0,0
201900018063,19,5,22,522,2,9,1,2,4735541,240916,1,4,20,3,1,2,121,388,4,2,2,79,0,0,0,0,0
201900018064,19,5,4,362,5,6,5,4,4850093,301092,9,1,4,3,3,1,248,168,1,3,1,58,0,0,0,0,0
201900018065,19,2,6,1330,3,7,8,1,4655754,162981,6,4,6,3,3,3,71,447,8,3,5,59,0,0,0,0,0
201900018066,19,12,24,709,4,6,7,1,4724987,614113,6,3,14,1,3,4,866,627,9,5,2,96,0,0,0,0,0
201900018067,19,11,14,144,1,8,5,4,4757570,623623,8,1,25,3,3,3,527,286,8,6,2,80,0,0,0,0,0
201900018068,19,10,27,1304,1,7,1,5,4703655,-370242,5,3,12,2,3,4,86,923,3,4,1,66,0,0,0,0,0
201900018069,19,6,28,1184,3,3,8,7,4760972,14044,2,4,1,2,4,3,196,898,1,7,4,45,0,0,0,0,0
201900018070,19,5,26,2218,1,8,5,1,4830537,-261993,4,3,20,1,4,3,322,928,8,4,5,1,0,0,0,0,0
201900018071,19,10,10,68,2,1,8,6,4937108,27524,9,3,16,3,4,1,33,320,9,7,3,60,0,0,0,0,0
201900018072,19,5,5,1293,2,5,6,7,4885084,39479,9,4,10,2,4,4,57,858,5,3,5,18,0,0,0,0,0