Num_Acc,an,mois,jour,hrmn,lum,int,atm,col,lat,long,catr,circ,nbv,vosp,prof,plan,lartpc,larrout,surf,infra,situ,env1,unscathed,killed,hospital,light,chance
201900018073,19,12,14,2275,5,8,6,5,4413259,354736,2,3,27,1,4,2,585,352,7,1,1,39,0,0,0,0,0
201900018074,19,3,18,2271,3,5,4,6,4566954,489604,7,1,30,2,3,1,637,416,1,7,4,65,0,0,0,0,0
201900018075,19,10,22,958,5,9,8,5,4951428,-35511,3,3,11,3,3,3,400,426,5,5,1,24,0,0,0,0,0
201900018076,19,4,5,1806,1,9,4,4,4422406,-358623,5,2,26,2,2,4,551,822,5,6,4,54,0,0,0,0,0
201900018077,19,6,1,1452,4,2,9,7,4825547,116854,6,3,27,2,3,4,197,583,5,5,5,93,0,0,0,0,0
201900018078,19,8,18,110,2,1,8,5,4998734,278654,5,4,20,2,2,4,812,296,3,4,3,15,0,0,0,0,0
201900018079,19,7,17,1255,3,2,4,1,4406544,101306,9,4,27,1,2,2,99,151,3,7,3,52,0,0,0,0,0
201900018080,19,4,20,87,5,5,3,6,4445941,-373639,3,2,31,2,4,3,400,505,9,6,2,17,0,0,0,0,0
201900018081,19,11,4,2181,1,9,1,6,4645724,1500,8,4,0,3,3,1,908,486,4,6,2,29,0,0,0,0,0
201900018082,19,5,24,1273,2,8,4,1,4456291,-32358,2,4,12,3,2,2,131,431,2,4,5,69,0,0,0,0,0
201900018083,19,2,2,92,2,5,1,2,4725911,601386,4,3,21,3,3,1,526,127,4,6,3,75,0,0,0,0,0
201900018084,19,7,1,1877,5,9,2,5,4951364,-7701,6,3,34,3,1,1,651,405,7,2,2,75,0,0,0,0,0
201900018085,19,6,10,1707,4,4,4,2,4934986,-126474,9,3,24,1,3,3,150,393,2,7,2,72,0,0,0,0,0
201900018086,19,6,17,1679,1,8,9,5,4701182,48569,3,4,30,2,3,2,663,845,5,2,2,9,0,0,0,0,0
201900018087,19,11,10,1523,3,8,5,3,4411240,356560,5,2,12,2,4,1,1,87,9,1,4,69,0,0,0,0,0
201900018088,19,12,25,1053,2,7,3,2,4719406,-371482,9,3,20,2,4,3,0,591,2,4,5,22,0,0,0,0,0
201900018089,19,12,20,593,2,1,2,1,4936357,-386476,8,1,21,1,1,1,555,88,5,2,1,45,0,0,0,0,0
201900018090,19,6,8,1493,5,4,2,7,4619252,506383,9,2,12,2,1,1,886,494,5,2,1,77,0,0,0,0,0
201900018091,19,8,27,1387,1,2,5,5,4517134,31466,7,4,50,1,2,4,597,462,8,3,4,23,0,0,0,0,0
201900018092,19,6,8,1565,1,7,6,7,4770898,356295,3,4,47,3,4,2,467,887,4,3,5,75,0,0,0,0,0
201900018093,19,9,8,1143,3,2,9,5,4788799,-284021,2,4,18,3,2,1,240,50,6,5,5,0,0,0,0,0,0
201900018094,19,2,9,2074,4,3,8,7,4633554,231963,4,2,9,2,1,4,399,890,3,7,5,21,0,0,0,0,0
201900018095,19,8,17,320,1,8,2,1,4890302,-95497,4,2,0,3,4,2,515,543,1,6,5,71,0,0,0,0,0
201900018096,19,5,6,692,5,8,4,6,4652327,495187,7,4,15,2,4,2,158,337,4,7,5,30,0,0,0,0,0
201900018097,19,3,12,852,5,5,9,3,4795678,212918,2,4,28,2,3,2,806,297,1,1,1,9,0,0,0,0,0
201900018098,19,12,19,1224,2,8,5,3,4470811,33497,9,2,22,2,3,3,750,589,8,4,3,70,0,0,0,0,0
201900018099,19,6,11,1427,5,3,3,3,4867483,650428,5,2,29,1,2,1,814,734,4,5,3,55,0,0,0,0,0
201900018100,19,9,27,70,3,6,5,1,4736229,146035,1,1,45,1,1,4,793,515,7,3,5,33,0,0,0,0,0
201900018101,19,1,4,501,2,5,4,5,4979269,-210750,5,1,32,1,3,2,704,595,7,1,4,89,0,0,0,0,0
201900018102,19,12,3,2319,2,4,2,2,4817920,317744,2,2,49,2,1,3,381,526,7,3,3,47,0,0,0,0,0
201900018103,19,1,12,1363,3,6,5,4,4495012,532078,4,4,52,1,3,3,235,76,6,4,5,56,0,0,0,0,0
201900018104,19,12,21,348,4,9,3,7,4568643,351532,3,3,15,3,1,1,191,377,5,2,1,49,0,0,0,0,0
201900018105,19,2,3,1090,5,4,3,4,4946491,-120777,7,1,32,1,2,3,24,7,9,1,1,72,0,0,0,0,0
201900018106,19,6,28,1081,3,8,8,3,4449615,359550,5,4,19,2,2,1,541,730,4,7,1,76,0,0,0,0,0
201900018107,19,10,13,1885,3,6,1,6,4501486,679053,2,3,17,3,2,1,554,599,4,6,1,51,0,0,0,0,0
201900018108,19,1,4,349,4,5,4,5,4678209,-309175,9,3,8,1,2,1,567,757,1,7,3,33,0,0,0,0,0
201900018109,19,10,22,2319,5,3,7,6,4743402,151447,7,4,35,3,1,3,236,477,9,7,2,75,0,0,0,0,0
201900018110,19,9,3,786,4,2,9,7,4967235,92594,1,2,25,3,2,4,596,897,9,6,4,64,0,0,0,0,0
201900018111,19,7,15,308,5,8,4,7,4610996,516394,8,4,22,3,4,3,682,133,8,4,4,16,0,0,0,0,0
201900018112,19,5,19,1156,1,1,7,4,4942624,4015,9,3,49,2,4,1,481,895,2,5,1,47,0,0,0,0,0
201900018113,19,1,19,2259,4,6,6,5,4632245,336137,1,1,46,1,3,3,68,811,1,3,2,5,0,0,0,0,0
201900018114,19,11,7,1061,2,3,1,1,4859310,324587,1,3,28,3,1,1,57,436,8,1,4,91,0,0,0,0,0
201900018115,19,1,20,372,3,1,9,4,4821676,296608,2,3,7,1,4,3,419,581,7,7,3,32,0,0,0,0,0
201900018116,19,11,25,1235,2,1,1,3,4788567,74243,9,1,33,2,4,1,338,218,1,5,1,14,0,0,0,0,0
201900018117,19,6,10,1759,3,1,3,5,4653700,86539,1,3,5,3,2,4,660,142,3,2,3,71,0,0,0,0,0
201900018118,19,2,26,1854,4,5,8,7,4724424,-252692,4,1,13,1,3,3,562,850,9,3,2,64,0,0,0,0,0
201900018119,19,4,20,418,2,7,1,2,4906181,-112806,1,1,2,1,4,1,147,817,3,2,1,82,0,0,0,0,0
201900018120,19,12,27,955,1,9,7,6,4471734,551931,5,3,29,2,4,1,813,745,7,1,2,63,0,0,0,0,0
201900018121,19,4,27,2002,2,2,1,2,4923257,-226716,2,3,24,2,1,2,445,531,9,2,2,29,0,0,0,0,0
201900018122,19,8,4,345,1,9,2,7,4640231,-25313,8,3,23,3,4,1,349,567,4,7,3,72,0,0,0,0,0
201900018123,19,7,6,1963,1,4,2,1,4494376,204292,5,4,50,3,3,3,398,452,9,5,3,58,0,0,0,0,0
201900018124,19,12,23,1675,2,8,7,7,4636728,198595,1,2,29,3,1,3,495,435,7,5,5,0,0,0,0,0,0
201900018125,19,9,14,835,2,2,8,6,4493851,272182,5,3,36,1,3,4,854,632,9,5,3,94,0,0,0,0,0
201900018126,19,12,18,2083,5,7,1,7,4817012,131909,4,4,41,2,3,2,408,974,9,3,5,73,0,0,0,0,0
201900018127,19,10,2,366,5,7,4,5,4998795,-67094,9,2,51,3,2,4,325,935,1,2,4,90,0,0,0,0,0
201900018128,19,9,25,1000,4,3,2,1,4419990,191114,8,4,4,3,1,4,417,960,2,1,2,42,0,0,0,0,0
201900018129,19,1,5,1517,4,1,6,7,4410290,486896,9,2,26,2,2,4,438,409,2,4,4,21,0,0,0,0,0
201900018130,19,4,11,861,4,4,2,5,4775836,-253691,2,1,0,2,2,4,252,879,3,1,2,56,0,0,0,0,0
201900018131,19,11,3,705,3,7,7,7,4581060,447186,1,4,26,1,1,3,127,789,5,1,4,52,0,0,0,0,0
201900018132,19,10,3,1808,4,3,2,5,4815685,466263,7,4,50,1,1,3,629,370,5,2,2,85,0,0,0,0,0
201900018133,19,6,17,148,2,2,8,5,4755327,621694,3,3,29,2,1,2,616,138,1,3,5,42,0,0,0,0,0
201900018134,19,7,27,1620,4,6,9,6,4454085,48593,9,1,19,2,3,2,551,553,4,2,3,27,0,0,0,0,0
201900018135,19,12,17,1075,5,3,1,4,4737113,387097,8,3,29,2,4,1,462,672,5,3,3,63,0,0,0,0,0
201900018136,19,1,16,2275,2,7,4,5,4924114,178093,4,2,37,1,2,3,299,812,9,5,3,81,0,0,0,0,0
201900018137,19,7,21,82,5,8,7,1,4808161,-140473,1,3,26,1,3,3,841,884,3,3,2,74,0,0,0,0,0
201900018138,19,1,21,1060,5,7,4,3,4488914,-107562,7,1,2,1,4,4,97,663,6,1,3,25,0,0,0,0,0
201900018139,19,12,19,990,5,9,3,1,4404813,-247815,7,2,33,3,4,4,421,267,5,4,4,17,0,0,0,0,0
201900018140,19,12,6,2303,5,8,3,6,4772498,99880,7,3,24,1,3,3,714,31,6,1,4,55,0,0,0,0,0
201900018141,19,8,24,2196,5,8,6,7,4451978,673334,8,4,17,1,3,3,609,136,6,4,4,46,0,0,0,0,0
201900018142,19,7,27,2199,3,3,7,1,4713661,-326222,9,2,38,3,3,1,67,977,8,6,5,66,0,0,0,0,0
201900018143,19,3,24,1512,3,2,6,5,4830661,154317,8,4,8,2,3,3,460,580,7,3,3,45,0,0,0,0,0
201900018144,19,9,20,669,1,9,5,3,4555434,291231,1,2,43,1,4,3,149,67,5,5,4,51,0,0,0,0,0
201900018145,19,12,23,542,4,2,1,1,4958602,469103,3,3,22,2,1,4,682,364,2,6,5,46,0,0,0,0,0
201900018146,19,10,6,349,4,8,9,5,4505248,284827,6,4,14,1,1,2,397,120,5,3,3,84,0,0,0,0,0
201900018147,19,9,5,586,2,5,7,3,4984181,356726,9,4,6,2,4,1,802,819,3,1,3,85,0,0,0,0,0
201900018148,19,3,15,2346,3,4,7,3,4590537,134702,2,4,49,2,2,3,175,192,8,7,5,63,0,0,0,0,0
201900018149,19,10,27,221,4,2,1,4,4457019,-296193,6,1,2,1,1,4,421,31,5,1,5,89,0,0,0,0,0
201900018150,19,7,14,1240,1,6,7,2,4714061,-358841,1,3,21,1,3,3,86,730,8,3,4,87,0,0,0,0,0
201900018151,19,3,19,974,3,5,3,5,4585047,119782,3,1,45,3,2,4,469,514,4,7,4,19,0,0,0,0,0
201900018152,19,9,20,2151,2,4,6,2,4553956,142304,3,1,30,1,3,1,757,198,8,7,3,63,0,0,0,0,0
201900018153,19,9,14,136,3,4,7,4,4468754,530211,1,2,12,1,3,2,888,366,9,2,1,79,0,0,0,0,0
201900018154,19,11,4,1855,5,9,1,1,4489500,654799,3,4,15,3,1,4,199,820,8,5,4,44,0,0,0,0,0
201900018155,19,3,17,2304,5,8,4,7,4600297,-149169,6,1,27,1,3,4,262,881,7,2,3,91,0,0,0,0,0
201900018156,19,10,5,2158,3,1,3,4,4873355,472510,9,3,17,3,2,4,687,775,9,6,2,71,0,0,0,0,0
201900018157,19,11,13,156,5,4,7,4,4624636,182953,1,2,7,2,3,1,396,765,9,2,4,13,0,0,0,0,0
201900018158,19,2,25,1048,1,8,3,3,4513922,-288278,4,3,41,1,1,1,633,385,9,5,5,83,0,0,0,0,0
201900018159,19,6,20,67,1,5,3,5,4813134,32052,5,2,35,3,4,1,699,682,7,4,1,73,0,0,0,0,0
201900018160,19,12,19,970,5,5,6,7,4837845,435366,4,3,13,1,1,4,501,360,3,4,3,75,0,0,0,0,0
201900018161,19,11,2,816,2,7,4,3,4986337,-206582,5,2,49,2,3,3,826,538,7,4,4,83,0,0,0,0,0
201900018162,19,8,22,1643,2,3,8,2,4631640,678722,6,3,31,1,2,2,829,232,2,5,4,93,0,0,0,0,0
201900018163,19,2,23,435,2,6,5,7,4997874,-134749,6,2,50,1,1,2,407,884,5,7,1,42,0,0,0,0,0
201900018164,19,12,23,1979,2,9,3,1,4501528,157779,2,3,40,1,4,2,744,509,9,7,5,32,0,0,0,0,0
201900018165,19,6,5,1916,4,9,3,6,4974301,420293,3,1,6,1,4,4,328,147,6,5,1,60,0,0,0,0,0
201900018166,19,12,17,758,4,4,4,2,4893175,630472,2,3,2,2,1,4,178,178,7,7,5,68,0,0,0,0,0
201900018167,19,1,19,1300,2,5,7,3,4517943,-323340,1,3,21,2,1,3,849,207,3,3,3,26,0,0,0,0,0
201900018168,19,6,26,1567,5,3,6,7,4686463,340525,7,1,35,3,4,4,573,25,4,1,1,77,0,0,0,0,0
201900018169,19,7,7,1341,5,1,5,7,4774209,-304073,2,3,11,2,2,1,595,874,6,1,5,58,0,0,0,0,0
201900018170,19,9,13,441,4,8,1,2,4420912,-84429,7,3,9,3,1,1,299,301,5,7,3,4,0,0,0,0,0
201900018171,19,12,12,818,1,7,9,6,4794906,670259,1,3,42,1,2,4,166,197,8,1,1,91,0,0,0,0,0
201900018172,19,10,13,607,4,3,9,7,4622745,-110780,7,3,9,2,1,2,669,919,4,1,1,56,0,0,0,0,0
201900018173,19,9,24,2300,4,2,6,3,4977318,165367,1,4,46,1,1,2,654,300,8,4,5,41,0,0,0,0,0
201900018174,19,9,2,1216,1,1,4,5,4702656,406344,1,1,11,1,3,2,297,354,1,3,4,32,0,0,0,0,0
201900018175,19,2,17,339,2,9,9,5,4848539,611943,5,1,19,2,1,3,1,51,2,2,2,18,0,0,0,0,0
201900018176,19,7,4,1579,2,3,3,7,4564864,468779,3,4,28,1,1,3,271,75,5,1,3,45,0,0,0,0,0
201900018177,19,12,9,968,1,3,4,7,4405551,-288709,4,2,21,2,1,4,623,167,5,4,1,67,0,0,0,0,0
201900018178,19,9,21,2241,2,6,2,2,4806737,535657,2,1,51,3,3,3,725,447,4,2,3,51,0,0,0,0,0
201900018179,19,5,18,1454,1,4,9,3,4436876,285971,6,2,21,2,3,1,224,195,6,1,1,47,0,0,0,0,0
201900018180,19,6,4,1582,4,2,2,2,4708675,-361448,5,1,39,2,3,2,22,383,5,3,1,43,0,0,0,0,0
201900018181,19,5,12,344,1,1,4,4,4755709,108828,2,2,43,3,3,3,155,552,2,7,5,25,0,0,0,0,0
201900018182,19,12,13,190,1,9,6,2,4617671,271656,8,4,43,1,3,2,785,50,2,6,1,4,0,0,0,0,0
201900018183,19,11,24,645,1,7,7,7,4740661,-223849,2,1,19,1,4,3,245,436,4,3,2,12,0,0,0,0,0
201900018184,19,1,26,49,4,9,6,4,4672663,504370,5,2,40,2,2,2,49,773,2,2,3,29,0,0,0,0,0
201900018185,19,8,22,305,5,4,2,1,4811330,166165,8,2,18,3,1,3,809,264,4,7,5,61,0,0,0,0,0
201900018186,19,12,8,371,1,7,4,5,4472775,675114,3,2,26,1,1,1,286,25,5,3,4,39,0,0,0,0,0
201900018187,19,11,3,2153,1,3,8,7,4666754,-249953,6,4,10,3,1,3,195,993,3,5,3,44,0,0,0,0,0
201900018188,19,9,6,1711,3,2,9,6,4764430,-158366,4,1,28,1,4,3,763,235,1,2,2,49,0,0,0,0,0
201900018189,19,5,26,1277,5,2,5,1,4614680,141748,8,4,9,1,1,3,9,608,1,6,1,54,0,0,0,0,0
201900018190,19,10,13,1976,4,8,7,7,4664977,401903,3,1,31,3,4,3,170,581,1,2,4,46,0,0,0,0,0
201900018191,19,4,20,1977,3,1,7,5,4662897,502000,7,3,18,3,4,3,174,173,3,7,5,28,0,0,0,0,0
201900018192,19,1,26,815,1,2,8,6,4792523,-24933,4,2,2,1,3,1,513,235,1,2,2,70,0,0,0,0,0
201900018193,19,1,4,1839,2,5,1,5,4982322,-351109,2,1,40,1,4,3,864,522,5,2,4,94,0,0,0,0,0
201900018194,19,6,16,1812,5,1,3,7,4737026,-321131,6,1,19,1,2,1,635,613,5,1,2,75,0,0,0,0,0
201900018195,19,9,28,1987,5,5,2,4,4454963,-175347,7,2,42,2,3,4,747,246,4,2,3,68,0,0,0,0,0
201900018196,19,7,4,412,5,8,4,1,4949928,-23502,8,4,42,3,3,4,397,699,6,7,3,82,0,0,0,0,0
201900018197,19,10,3,1637,3,3,1,4,4900108,-5853,9,4,46,2,4,3,463,992,4,4,4,11,0,0,0,0,0
201900018198,19,7,18,1214,5,1,6,3,4744669,298912,7,1,6,3,3,1,742,189,5,7,2,81,0,0,0,0,0
201900018199,19,12,25,109,4,8,1,4,4923309,-187497,9,1,31,3,2,1,61,966,7,5,1,25,0,0,0,0,0
201900018200,19,11,28,2324,1,9,1,7,4413183,367077,1,4,43,1,2,3,303,946,9,3,1,12,0,0,0,0,0
201900018201,19,9,13,1713,4,7,1,1,4747369,-342806,5,3,24,3,1,3,586,614,7,1,5,53,0,0,0,0,0
201900018202,19,4,26,1004,2,7,4,2,4406756,611794,8,3,24,1,1,1,153,888,5,1,4,90,0,0,0,0,0
201900018203,19,2,6,1227,2,8,3,5,4657339,354159,8,2,21,2,1,3,245,853,3,6,1,53,0,0,0,0,0
201900018204,19,9,23,1220,1,4,4,7,4842154,239091,4,3,25,2,1,3,10,912,8,4,1,96,0,0,0,0,0
201900018205,19,1,20,1324,3,4,8,2,4527650,136387,1,4,30,3,2,3,625,230,8,5,2,10,0,0,0,0,0
201900018206,19,10,17,333,1,5,7,5,4813182,633508,7,2,26,3,2,2,823,782,6,7,1,40,0,0,0,0,0
201900018207,19,8,2,1811,5,3,4,3,4590772,-209823,3,4,36,1,4,2,847,665,8,2,1,43,0,0,0,0,0
201900018208,19,3,10,1026,2,7,4,2,4771603,-177371,9,4,24,2,3,3,241,450,1,2,1,6,0,0,0,0,0
201900018209,19,6,13,2292,1,7,1,7,4443599,509723,7,1,8,1,1,1,785,614,8,5,3,38,0,0,0,0,0
201900018210,19,4,9,766,2,4,2,7,4728536,-35969,6,1,23,1,2,4,19,455,3,3,1,52,0,0,0,0,0
201900018211,19,11,1,604,5,6,2,7,4503547,325920,8,3,11,3,1,1,42,434,1,5,1,30,0,0,0,0,0
201900018212,19,9,1,1203,5,2,1,7,4822797,-115936,7,2,43,2,4,1,192,205,8,4,5,95,0,0,0,0,0
201900018213,19,2,21,1159,2,7,9,2,4576410,386746,4,4,31,1,2,3,451,588,5,4,1,78,0,0,0,0,0
201900018214,19,9,14,1299,1,3,7,7,4473999,571124,2,4,49,3,4,3,88,869,7,1,5,5,0,0,0,0,0
201900018215,19,1,7,2107,3,6,1,3,4582397,-191628,1,2,31,3,2,1,232,60,2,7,2,37,0,0,0,0,0
201900018216,19,4,24,750,2,5,1,3,4907500,232532,7,4,24,2,1,2,771,791,8,3,4,33,0,0,0,0,0
201900018217,19,2,3,678,2,2,4,4,4481975,-285779,3,3,51,2,4,1,219,715,9,1,2,89,0,0,0,0,0
201900018218,19,10,27,2004,4,8,2,6,4752290,-137529,9,3,53,3,1,3,676,261,5,6,5,27,0,0,0,0,0
201900018219,19,1,20,2320,1,5,2,4,4813277,234380,8,2,3,3,1,2,407,932,2,1,4,30,0,0,0,0,0
201900018220,19,6,16,1283,5,8,4,1,4786695,406197,1,4,15,3,4,2,646,871,9,7,4,24,0,0,0,0,0
201900018221,19,5,24,709,3,8,4,7,4950774,-83213,6,2,32,1,1,4,131,176,5,2,2,74,0,0,0,0,0
201900018222,19,6,24,798,1,8,2,1,4527216,613648,3,2,40,2,4,3,796,997,7,7,4,82,0,0,0,0,0
201900018223,19,3,25,663,1,2,4,7,4997184,637167,5,3,16,3,1,1,320,907,8,6,1,51,0,0,0,0,0
201900018224,19,4,11,2121,4,6,8,3,4945642,-303069,9,3,4,3,4,1,206,469,2,7,3,38,0,0,0,0,0
201900018225,19,12,10,1810,5,9,8,7,4597642,-290407,9,2,3,1,4,2,266,877,7,4,1,62,0,0,0,0,0
201900018226,19,4,1,1608,1,7,4,2,4505907,457,5,2,12,2,3,3,797,880,1,5,2,42,0,0,0,0,0
201900018227,19,2,12,2049,4,3,5,6,4778988,102805,4,1,16,2,3,3,827,770,2,1,2,4,0,0,0,0,0
201900018228,19,2,16,110,3,5,8,5,4688718,-260137,4,4,5,1,1,4,342,737,2,4,3,53,0,0,0,0,0
201900018229,19,7,16,397,2,3,6,6,4789123,526399,4,1,25,2,1,3,856,265,9,2,1,35,0,0,0,0,0
201900018230,19,4,11,1413,5,9,8,5,4414560,160076,7,3,41,2,1,4,699,634,3,5,2,78,0,0,0,0,0
201900018231,19,11,9,1720,1,2,7,4,4792653,-88482,7,3,50,1,2,4,266,481,6,5,5,52,0,0,0,0,0
201900018232,19,4,2,1477,5,6,2,5,4734727,513063,4,1,43,3,3,2,138,158,4,2,4,75,0,0,0,0,0
201900018233,19,1,5,1911,1,7,8,3,4530258,691111,3,1,7,3,2,1,722,818,2,5,3,18,0,0,0,0,0
201900018234,19,4,6,2115,2,1,4,4,4735196,125763,5,2,10,2,1,1,493,759,4,2,2,77,0,0,0,0,0
201900018235,19,1,15,737,2,2,5,6,4511131,474418,2,3,53,1,2,3,102,487,8,6,5,37,0,0,0,0,0
201900018236,19,8,7,1547,1,5,5,6,4460124,96582,8,3,52,1,4,3,889,450,2,7,1,95,0,0,0,0,0
201900018237,19,10,8,2170,3,6,3,6,4497785,678082,1,4,43,3,2,3,48,416,1,3,4,28,0,0,0,0,0
201900018238,19,2,1,354,5,8,4,4,4860902,-310460,2,2,13,2,1,3,231,700,9,4,5,84,0,0,0,0,0
201900018239,19,2,10,1111,1,3,1,6,4589457,167761,7,1,18,2,3,4,724,450,9,6,4,98,0,0,0,0,0
201900018240,19,9,15,984,1,9,4,4,4505794,385998,5,2,36,1,3,3,226,675,8,2,1,91,0,0,0,0,0
201900018241,19,6,21,1695,4,8,4,5,4783138,411614,2,3,34,1,2,2,293,970,6,6,3,84,0,0,0,0,0
201900018242,19,6,16,996,5,6,1,5,4528286,227681,7,3,41,2,4,3,806,260,7,6,4,87,0,0,0,0,0
201900018243,19,6,19,699,4,2,1,6,4423042,615694,8,1,33,2,1,1,884,91,9,6,2,4,0,0,0,0,0
201900018244,19,12,4,880,5,7,7,7,4493733,132160,7,3,24,3,1,4,515,255,2,6,1,26,0,0,0,0,0
201900018245,19,12,8,792,3,7,3,6,4686847,-107009,7,2,50,3,3,3,882,650,7,4,5,84,0,0,0,0,0
201900018246,19,11,16,1915,1,6,2,7,4471068,319551,6,3,39,1,4,2,69,789,6,7,2,10,0,0,0,0,0
201900018247,19,11,1,1552,2,4,3,5,4802989,330407,7,2,38,1,1,1,325,286,9,4,2,14,0,0,0,0,0
201900018248,19,1,25,1356,5,1,9,3,4975969,-43733,9,2,18,1,4,2,631,981,1,4,3,18,0,0,0,0,0
201900018249,19,9,2,242,1,3,3,7,4629543,458192,3,4,31,2,1,1,459,816,1,6,4,35,0,0,0,0,0
201900018250,19,4,21,1171,3,1,7,3,4779879,439895,4,1,5,3,3,3,762,439,2,5,1,74,0,0,0,0,0
201900018251,19,12,24,2289,5,4,6,7,4952306,14568,6,4,6,1,4,2,10,51,8,2,5,47,0,0,0,0,0
201900018252,19,7,18,1291,2,9,3,1,4566439,-123431,6,1,29,3,1,4,636,402,8,3,4,81,0,0,0,0,0
201900018253,19,8,27,1805,4,6,4,4,4420043,410477,9,1,10,1,4,2,914,485,6,6,5,20,0,0,0,0,0
201900018254,19,3,8,1149,3,9,9,3,4703608,85353,5,1,8,2,2,4,111,924,1,1,4,95,0,0,0,0,0
201900018255,19,4,10,1052,3,3,5,7,4999588,490947,2,1,9,2,1,1,869,612,5,4,5,56,0,0,0,0,0
201900018256,19,6,3,241,5,5,1,7,4544621,-190943,6,1,35,1,4,1,526,431,8,6,2,55,0,0,0,0,0
201900018257,19,12,21,1354,1,7,9,5,4814171,346828,7,2,53,2,4,2,422,845,1,7,3,77,0,0,0,0,0
201900018258,19,4,3,2080,5,4,6,1,4957660,-42558,7,4,47,3,2,1,412,845,5,6,1,60,0,0,0,0,0
201900018259,19,3,23,1584,3,4,4,7,4447154,-352906,8,3,9,3,4,3,83,139,3,2,1,30,0,0,0,0,0
201900018260,19,7,14,559,1,7,5,4,4818722,311589,1,1,0,3,1,3,886,760,1,2,3,5,0,0,0,0,0
201900018261,19,2,16,1960,1,3,8,5,4454855,153458,5,2,51,2,1,4,279,505,8,1,3,30,0,0,0,0,0
201900018262,19,9,22,1355,5,3,1,3,4746576,573431,7,4,16,2,4,3,535,179,8,2,4,69,0,0,0,0,0
201900018263,19,12,21,1436,2,6,5,3,4424863,208834,7,1,3,1,4,3,177,306,4,4,5,95,0,0,0,0,0
201900018264,19,4,27,285,3,6,3,3,4758502,631741,6,1,43,2,2,1,113,556,9,4,3,43,0,0,0,0,0
201900018265,19,7,28,47,2,8,7,5,4675908,286227,7,2,16,1,4,3,91,319,6,3,4,14,0,0,0,0,0
201900018266,19,8,6,1931,1,3,6,7,4630354,-126017,9,1,29,1,4,1,696,845,3,5,1,50,0,0,0,0,0
201900018267,19,7,4,131,1,6,7,6,4939647,-114854,9,2,2,3,2,1,353,123,2,7,2,21,0,0,0,0,0
201900018268,19,8,25,2280,1,9,5,4,4594717,136890,9,3,13,1,2,2,677,41,2,5,2,85,0,0,0,0,0
201900018269,19,12,1,1464,5,7,9,3,4426145,574954,6,1,24,2,1,3,225,487,4,6,5,2,0,0,0,0,0
201900018270,19,10,9,129,5,9,5,4,4824769,70478,2,3,19,3,3,2,41,305,3,7,3,33,0,0,0,0,0
201900018271,19,7,27,1615,5,8,3,7,4721990,324059,8,3,15,1,1,3,373,938,2,1,2,37,0,0,0,0,0
201900018272,19,3,18,1030,1,6,4,3,4510858,-283311,3,2,31,2,1,4,212,250,8,3,3,23,0,0,0,0,0
201900018273,19,11,16,1707,5,8,8,7,4633098,629503,3,2,42,1,1,3,77,421,8,4,2,19,0,0,0,0,0
201900018274,19,1,27,801,2,1,1,2,4804471,-39650,7,2,17,1,4,3,819,813,8,3,2,94,0,0,0,0,0
201900018275,19,1,27,857,3,5,4,6,4952017,-398424,9,3,44,1,4,2,649,843,5,6,1,68,0,0,0,0,0
201900018276,19,7,6,2007,1,6,7,4,4609199,170143,8,2,35,1,3,4,168,28,1,7,3,76,0,0,0,0,0
201900018277,19,2,19,1119,3,6,8,7,4474695,475184,6,2,14,2,4,4,757,827,5,2,1,56,0,0,0,0,0
201900018278,19,9,9,594,4,8,1,5,4726493,-159731,9,3,21,3,4,1,133,283,8,5,5,46,0,0,0,0,0
201900018279,19,2,18,174,4,5,1,4,4418674,76241,5,3,7,2,1,1,199,877,1,3,4,24,0,0,0,0,0
201900018280,19,3,12,1995,4,6,8,5,4706644,-313385,4,3,7,2,1,1,623,168,6,3,4,93,0,0,0,0,0
201900018281,19,3,12,1198,5,6,2,5,4987125,590113,5,3,51,3,4,4,422,195,6,4,1,55,0,0,0,0,0
201900018282,19,1,2,1527,5,4,9,5,4503945,218519,2,2,1,1,1,4,98,162,1,2,2,72,0,0,0,0,0
201900018283,19,5,3,1713,3,3,3,2,4667478,-184233,6,1,14,2,3,2,778,996,6,3,4,19,0,0,0,0,0
201900018284,19,1,17,174,5,2,3,1,4685107,635169,2,4,0,3,4,3,799,606,9,7,5,97,0,0,0,0,0
201900018285,19,10,20,1704,5,6,3,6,4979240,-353033,3,4,20,2,1,4,415,329,7,7,5,93,0,0,0,0,0
201900018286,19,2,20,1861,3,8,3,7,4743915,416840,9,2,43,3,3,2,7,617,9,5,5,66,0,0,0,0,0