Num_Acc,an,mois,jour,hrmn,lum,int,atm,col,lat,long,catr,circ,nbv,vosp,prof,plan,lartpc,larrout,surf,infra,situ,env1,unscathed,killed,hospital,light,chance
201900018287,19,12,26,1207,1,9,6,7,4822933,579963,5,4,53,1,1,4,659,20,8,2,2,98,0,0,0,0,0
201900018288,19,9,8,1316,4,7,7,4,4939823,374737,1,1,2,2,1,3,830,720,2,6,5,0,0,0,0,0,0
201900018289,19,5,17,1361,2,7,7,6,4995429,48185,2,1,43,1,3,3,624,551,8,1,2,40,0,0,0,0,0
201900018290,19,1,20,351,4,6,2,4,4500499,281951,1,2,0,3,1,2,826,932,5,4,5,70,0,0,0,0,0
201900018291,19,10,14,224,5,7,6,3,4871697,32297,9,1,11,3,3,3,606,562,2,6,4,84,0,0,0,0,0
201900018292,19,7,3,1884,5,3,3,5,4710314,-142617,2,1,30,3,4,1,25,492,3,5,5,69,0,0,0,0,0
201900018293,19,6,2,622,4,2,5,7,4964124,228772,9,4,9,1,1,3,859,5,2,2,1,40,0,0,0,0,0
201900018294,19,3,15,1111,3,2,4,2,4662546,511783,1,2,6,3,2,2,389,531,3,1,2,13,0,0,0,0,0
201900018295,19,5,13,1843,2,2,1,5,4866617,-92794,3,2,50,1,1,3,473,734,2,1,3,50,0,0,0,0,0
201900018296,19,12,25,1885,1,8,3,3,4542413,-189372,4,4,6,3,1,3,878,449,3,5,2,79,0,0,0,0,0
201900018297,19,2,3,392,3,2,8,4,4981271,56667,8,3,22,1,1,3,34,891,6,3,3,79,0,0,0,0,0
201900018298,19,5,6,388,5,4,9,5,4839153,106722,8,1,14,3,3,3,849,237,4,7,4,93,0,0,0,0,0
201900018299,19,7,16,465,2,8,1,1,4741156,320568,3,1,45,2,1,2,631,867,6,7,2,89,0,0,0,0,0
201900018300,19,4,26,80,4,9,2,5,4648987,-392275,4,4,41,2,2,2,652,249,5,5,3,94,0,0,0,0,0
201900018301,19,10,26,789,2,4,7,1,4578426,289861,4,2,15,1,4,2,481,163,2,3,2,91,0,0,0,0,0
201900018302,19,3,21,58,2,9,8,4,4768596,600979,9,4,19,3,2,2,459,448,6,1,5,6,0,0,0,0,0
201900018303,19,6,9,1527,4,7,1,2,4981218,279976,9,1,29,3,2,1,714,753,4,6,3,79,0,0,0,0,0
201900018304,19,8,26,1053,3,4,8,6,4730516,687448,9,1,22,2,2,4,550,966,6,5,5,91,0,0,0,0,0
201900018305,19,8,13,797,4,8,4,7,4642774,684736,7,4,3,1,1,3,346,249,7,6,2,13,0,0,0,0,0
201900018306,19,1,22,666,5,5,1,1,4641372,281691,9,1,44,2,2,3,249,314,2,5,1,50,0,0,0,0,0
201900018307,19,4,7,663,1,5,1,1,4478021,-389454,7,3,51,1,1,1,495,173,8,7,2,2,0,0,0,0,0
201900018308,19,10,11,388,2,4,6,5,4645042,-254597,3,1,13,2,2,4,409,541,6,6,5,85,0,0,0,0,0
201900018309,19,12,19,251,4,1,2,1,4830733,512728,9,1,31,1,1,3,55,575,4,1,1,93,0,0,0,0,0
201900018310,19,1,10,1221,1,4,6,4,4557839,579131,2,1,15,3,4,2,609,580,6,2,3,67,0,0,0,0,0
201900018311,19,12,16,197,4,9,2,4,4802109,392808,1,1,16,3,1,2,304,336,7,5,3,24,0,0,0,0,0
201900018312,19,11,12,45,4,3,8,6,4800311,620234,6,3,19,2,1,1,371,620,5,6,4,64,0,0,0,0,0
201900018313,19,4,22,83,3,2,8,2,4687042,-43841,3,4,16,2,1,3,575,166,3,2,2,41,0,0,0,0,0
201900018314,19,3,4,2291,3,1,2,4,4843576,373471,8,4,20,2,4,1,353,10,9,3,1,11,0,0,0,0,0
201900018315,19,4,27,1472,1,9,9,1,4675322,285390,1,3,48,1,2,1,749,391,2,6,4,57,0,0,0,0,0
201900018316,19,6,27,1092,2,1,7,7,4529020,687893,3,3,1,3,1,3,892,805,6,5,1,74,0,0,0,0,0
201900018317,19,2,17,460,5,9,2,1,4944900,-203645,7,4,13,1,3,4,191,45,2,4,5,25,0,0,0,0,0
201900018318,19,8,4,2136,4,2,5,3,4672332,606947,7,3,42,2,1,1,595,277,6,7,1,2,0,0,0,0,0
201900018319,19,11,20,695,4,2,1,7,4561384,445862,3,1,19,3,1,4,18,76,4,6,5,25,0,0,0,0,0
201900018320,19,9,1,1835,1,2,7,1,4581036,-253146,5,1,13,3,2,3,254,275,4,4,4,46,0,0,0,0,0
201900018321,19,3,4,75,4,4,1,2,4509615,193558,6,1,48,3,1,2,298,761,7,2,2,56,0,0,0,0,0
201900018322,19,10,24,1957,1,8,8,4,4482803,-339651,6,4,29,1,2,2,850,600,8,6,1,64,0,0,0,0,0
201900018323,19,2,20,795,5,2,5,2,4483678,232430,7,2,25,2,1,1,54,277,9,1,4,39,0,0,0,0,0
201900018324,19,2,24,1096,1,7,1,1,4480332,-184433,9,4,18,3,3,2,626,442,9,7,1,84,0,0,0,0,0
201900018325,19,5,22,1564,5,4,1,2,4743914,402811,1,2,51,3,4,4,493,779,5,4,3,7,0,0,0,0,0
201900018326,19,11,12,49,1,3,6,4,4435951,-269,5,2,11,3,2,2,880,868,6,1,5,3,0,0,0,0,0
201900018327,19,8,24,1858,5,1,2,1,4518987,302973,2,2,36,2,4,4,371,415,5,5,5,3,0,0,0,0,0
201900018328,19,3,11,648,4,1,7,2,4774773,595951,5,1,19,3,4,3,423,334,6,1,1,49,0,0,0,0,0
201900018329,19,8,19,519,3,1,7,4,4694040,403980,2,3,3,3,2,4,191,665,2,5,2,88,0,0,0,0,0
201900018330,19,8,3,1054,2,5,8,7,4803747,-150665,3,3,43,1,4,2,813,460,8,4,4,17,0,0,0,0,0
201900018331,19,12,11,2133,4,7,3,1,4898627,-241328,9,4,39,1,1,3,453,783,6,5,3,45,0,0,0,0,0
201900018332,19,2,8,1289,3,5,5,2,4627969,-208029,5,2,30,1,1,4,828,201,9,5,2,4,0,0,0,0,0
201900018333,19,12,9,481,5,7,5,2,4531006,-31329,6,3,4,2,1,3,440,453,6,1,4,86,0,0,0,0,0
201900018334,19,9,20,2069,1,1,8,1,4632365,663315,1,3,0,2,1,2,342,297,4,4,3,6,0,0,0,0,0
201900018335,19,4,11,2281,3,8,2,1,4489721,-358982,4,1,4,3,3,3,140,913,2,1,5,58,0,0,0,0,0
201900018336,19,12,13,2064,4,1,5,2,4776216,-354317,9,1,41,1,1,2,231,29,5,3,1,53,0,0,0,0,0
201900018337,19,6,1,2259,2,8,8,2,4430079,402314,6,1,6,1,4,4,806,396,9,4,1,35,0,0,0,0,0
201900018338,19,11,26,1309,3,1,3,2,4426629,160947,2,2,0,3,2,3,261,538,9,6,4,68,0,0,0,0,0
201900018339,19,8,6,157,4,8,7,4,4684276,-35989,7,2,47,1,4,4,233,131,3,5,2,10,0,0,0,0,0
201900018340,19,10,11,1042,4,3,5,5,4776771,183923,4,3,20,2,3,4,399,599,6,3,1,70,0,0,0,0,0
201900018341,19,4,27,1882,3,3,5,1,4659285,62725,8,1,26,1,3,2,643,14,5,1,5,15,0,0,0,0,0
201900018342,19,5,1,825,1,7,9,3,4427137,523723,6,3,45,1,1,3,75,74,5,5,3,43,0,0,0,0,0
201900018343,19,9,4,723,1,8,2,4,4818234,489676,8,2,5,3,2,1,303,415,5,4,4,34,0,0,0,0,0
201900018344,19,4,4,1174,4,3,4,4,4675896,116937,1,4,24,1,1,2,98,142,1,2,3,98,0,0,0,0,0
201900018345,19,9,20,673,5,7,9,7,4991468,247912,4,3,34,2,4,3,694,584,1,2,2,66,0,0,0,0,0
201900018346,19,12,22,358,4,9,8,6,4947714,47948,2,4,4,3,1,2,236,57,7,7,5,72,0,0,0,0,0
201900018347,19,1,11,2206,5,6,5,1,4827908,427304,4,2,53,1,2,1,162,796,2,5,3,44,0,0,0,0,0
201900018348,19,10,10,944,4,4,3,3,4879494,191813,4,3,10,3,3,1,599,148,8,6,5,32,0,0,0,0,0
201900018349,19,11,26,1743,5,6,8,4,4422266,-209406,9,3,9,1,4,2,791,571,3,3,3,68,0,0,0,0,0
201900018350,19,7,2,882,3,6,6,2,4834111,86439,6,1,2,2,4,3,107,379,8,6,5,39,0,0,0,0,0
201900018351,19,9,14,711,1,7,7,7,4408857,-179931,2,3,23,1,1,1,847,979,7,1,3,52,0,0,0,0,0
201900018352,19,5,28,604,3,2,4,2,4732358,667159,1,4,13,3,1,3,99,333,7,2,3,58,0,0,0,0,0
201900018353,19,10,8,1166,5,7,3,3,4612264,225261,7,3,51,1,4,3,410,587,9,3,5,89,0,0,0,0,0
201900018354,19,1,3,1011,2,5,6,7,4862558,119804,5,1,3,1,1,3,171,101,1,2,1,90,0,0,0,0,0
201900018355,19,6,5,1269,5,8,2,6,4867583,422179,9,1,20,1,4,1,32,850,6,1,3,23,0,0,0,0,0
201900018356,19,8,9,1596,1,3,3,7,4642123,284451,7,2,24,1,2,4,807,163,7,7,1,19,0,0,0,0,0
201900018357,19,12,19,1159,5,4,8,2,4995119,290715,9,4,44,2,2,2,528,957,9,2,3,72,0,0,0,0,0
201900018358,19,5,23,129,1,4,9,5,4939648,-225053,7,2,34,2,1,2,243,588,6,6,5,66,0,0,0,0,0
201900018359,19,7,16,1805,2,5,7,5,4651731,-70927,6,1,44,2,1,3,580,390,6,4,1,69,0,0,0,0,0
201900018360,19,8,26,528,2,9,4,7,4929978,-105100,7,1,5,3,4,2,106,277,4,4,1,29,0,0,0,0,0
201900018361,19,3,24,565,4,4,9,4,4443646,-292182,8,3,29,1,3,4,902,823,6,7,1,12,0,0,0,0,0
201900018362,19,11,7,2331,1,7,5,1,4409076,-66900,6,4,31,3,3,2,154,498,5,3,1,53,0,0,0,0,0
201900018363,19,5,5,250,4,7,8,2,4432656,369573,5,1,2,1,2,2,438,199,1,5,5,51,0,0,0,0,0
201900018364,19,5,2,634,5,7,4,3,4807194,35071,6,1,5,1,4,3,488,342,5,5,5,72,0,0,0,0,0
201900018365,19,2,18,238,2,8,5,5,4848214,-127901,1,1,0,3,1,1,313,616,6,1,2,1,0,0,0,0,0
201900018366,19,8,28,1604,1,2,8,1,4805946,611863,9,1,4,2,3,2,71,364,7,4,1,16,0,0,0,0,0
201900018367,19,12,21,1068,3,5,3,2,4957818,545655,6,2,10,1,4,2,449,890,1,3,4,92,0,0,0,0,0
201900018368,19,8,17,31,4,4,5,3,4915728,186640,4,4,28,1,1,1,414,160,5,3,2,15,0,0,0,0,0
201900018369,19,2,9,1533,3,2,7,7,4663873,520667,5,1,23,2,3,1,284,840,7,5,4,48,0,0,0,0,0
201900018370,19,8,1,909,5,8,2,1,4590837,27437,3,4,40,3,4,1,220,707,8,3,5,90,0,0,0,0,0
201900018371,19,12,8,461,3,7,6,5,4963933,264439,5,2,41,3,2,1,66,970,6,1,3,10,0,0,0,0,0
201900018372,19,3,27,1899,2,6,7,7,4903386,-14604,1,3,10,2,4,1,664,781,8,3,2,78,0,0,0,0,0
201900018373,19,6,17,2102,4,6,8,2,4785356,696899,2,3,21,3,4,1,681,973,7,7,3,19,0,0,0,0,0
201900018374,19,5,9,1228,2,1,5,6,4753526,242344,4,2,48,2,2,3,855,638,4,4,4,71,0,0,0,0,0
201900018375,19,1,6,994,1,9,4,5,4497323,562707,2,2,3,1,4,4,23,806,1,3,3,79,0,0,0,0,0
201900018376,19,3,9,2345,2,5,5,1,4654967,319540,3,2,6,2,4,4,198,891,1,7,2,17,0,0,0,0,0
201900018377,19,1,24,658,2,6,1,4,4898673,228335,6,4,6,1,1,1,38,689,5,6,5,38,0,0,0,0,0
201900018378,19,4,11,1721,4,5,9,3,4905141,191664,4,2,38,1,4,1,455,822,7,6,1,47,0,0,0,0,0
201900018379,19,10,28,1518,3,1,3,3,4582574,485635,1,3,13,1,2,2,801,520,8,1,1,12,0,0,0,0,0
201900018380,19,11,10,2310,1,2,8,2,4999264,688457,6,1,24,1,4,1,553,663,7,7,5,54,0,0,0,0,0
201900018381,19,5,5,1391,4,9,5,6,4858279,669194,2,2,32,1,1,1,906,692,6,2,5,11,0,0,0,0,0
201900018382,19,1,22,256,3,4,7,3,4679438,521613,3,4,53,1,4,4,427,141,8,5,2,5,0,0,0,0,0
201900018383,19,12,18,99,1,6,8,4,4551506,306957,7,3,47,2,4,3,336,11,3,6,1,93,0,0,0,0,0
201900018384,19,11,13,1928,4,5,3,6,4883738,226270,8,1,24,2,4,4,905,297,9,4,1,66,0,0,0,0,0
201900018385,19,4,3,2035,4,2,8,3,4510704,-357278,6,2,16,1,4,4,752,387,7,5,1,42,0,0,0,0,0
201900018386,19,7,3,244,4,5,2,2,4549520,628053,4,4,6,3,3,1,371,412,1,3,1,47,0,0,0,0,0
201900018387,19,7,2,879,2,2,5,4,4900928,-93131,6,3,48,2,3,1,408,17,7,4,5,31,0,0,0,0,0
201900018388,19,11,22,2274,5,4,5,4,4918857,-72081,8,4,19,3,1,4,907,795,2,5,2,9,0,0,0,0,0
201900018389,19,10,14,1130,2,7,6,4,4469573,-198569,5,2,40,1,1,1,282,102,2,1,1,19,0,0,0,0,0
201900018390,19,4,22,1047,2,3,4,7,4652601,-113377,7,4,12,3,3,1,868,253,6,1,1,74,0,0,0,0,0
201900018391,19,1,10,445,3,6,2,3,4498943,-66745,6,2,24,3,4,1,836,292,1,1,2,48,0,0,0,0,0
201900018392,19,5,7,213,4,5,6,2,4795248,401429,4,4,33,1,2,2,751,546,3,4,5,66,0,0,0,0,0
201900018393,19,9,19,699,4,5,2,2,4651137,-296534,1,3,6,2,4,1,20,382,1,3,5,75,0,0,0,0,0
201900018394,19,8,23,1760,5,9,8,7,4564662,-185391,3,3,50,1,4,4,599,96,9,6,4,62,0,0,0,0,0
201900018395,19,7,13,22,3,9,8,5,4980259,-77391,3,2,23,3,2,4,285,386,4,1,5,37,0,0,0,0,0
201900018396,19,2,9,1224,2,9,9,5,4845484,352172,1,3,12,2,2,2,424,774,5,2,3,78,0,0,0,0,0
201900018397,19,2,17,2125,4,2,7,1,4819896,-159377,5,3,24,3,1,2,607,681,3,7,3,3,0,0,0,0,0
201900018398,19,9,3,2354,1,6,4,6,4666499,425234,8,1,37,3,2,4,437,656,5,3,4,9,0,0,0,0,0
201900018399,19,4,24,435,4,7,1,3,4903736,-292830,1,2,40,1,2,4,242,49,6,3,3,63,0,0,0,0,0
201900018400,19,5,28,425,1,6,5,6,4449063,-260550,6,3,5,1,2,4,844,374,5,1,3,98,0,0,0,0,0
201900018401,19,7,19,727,1,7,9,4,4499532,-169951,4,2,13,3,3,3,822,358,5,1,3,5,0,0,0,0,0
201900018402,19,4,11,976,3,7,7,6,4557942,103672,4,4,31,2,4,1,871,784,5,4,4,25,0,0,0,0,0
201900018403,19,6,13,1501,5,3,4,3,4913473,-34584,6,3,37,1,1,4,851,721,3,6,1,35,0,0,0,0,0
201900018404,19,8,23,1517,2,6,8,1,4691771,337373,8,3,13,1,4,3,386,761,3,6,5,76,0,0,0,0,0
201900018405,19,11,17,1534,4,6,2,1,4665980,-322151,9,1,32,2,2,4,232,347,8,6,4,73,0,0,0,0,0
201900018406,19,3,13,2048,2,4,9,3,4492860,-312184,2,2,8,1,1,3,365,93,7,6,2,95,0,0,0,0,0
201900018407,19,3,20,1526,5,7,7,6,4879468,435373,5,4,35,1,1,3,496,381,2,6,1,13,0,0,0,0,0
201900018408,19,8,20,671,2,9,2,7,4466453,10380,9,1,37,3,3,2,662,211,8,6,3,51,0,0,0,0,0
201900018409,19,2,4,1899,4,7,3,4,4992742,371595,8,1,22,2,4,1,752,32,8,7,4,54,0,0,0,0,0
201900018410,19,10,3,2058,3,2,9,1,4691660,-248383,3,4,43,1,2,4,207,599,9,3,5,56,0,0,0,0,0
201900018411,19,1,5,594,2,7,1,3,4977360,-360169,3,1,6,1,3,4,613,513,9,6,5,65,0,0,0,0,0
201900018412,19,11,14,872,2,4,8,3,4597431,-290298,4,4,9,1,1,1,263,727,2,2,4,96,0,0,0,0,0
201900018413,19,3,6,1013,3,9,7,3,4517294,-292558,1,2,21,2,3,2,694,23,2,3,5,12,0,0,0,0,0
201900018414,19,5,13,1974,3,8,7,3,4975138,207149,5,4,46,1,2,4,412,823,5,6,2,20,0,0,0,0,0
201900018415,19,10,17,1386,2,7,3,4,4990633,-394160,3,1,11,3,4,2,250,39,5,4,3,94,0,0,0,0,0
201900018416,19,1,8,1163,3,8,1,2,4513453,433690,4,2,37,2,4,1,813,737,1,6,5,54,0,0,0,0,0
201900018417,19,7,25,2015,2,1,2,3,4965912,415293,3,2,52,2,3,4,365,825,8,2,1,86,0,0,0,0,0
201900018418,19,2,4,181,1,3,8,4,4442520,599670,8,1,35,2,1,4,203,366,2,4,4,2,0,0,0,0,0
201900018419,19,5,18,2041,2,1,9,6,4673914,550362,4,2,52,2,2,2,482,580,9,7,4,57,0,0,0,0,0
201900018420,19,12,6,1246,4,7,2,4,4624928,-267336,6,4,43,2,3,1,617,575,8,7,3,49,0,0,0,0,0
201900018421,19,12,7,2101,3,9,3,6,4471820,153923,7,4,52,3,4,1,755,559,5,7,2,88,0,0,0,0,0
201900018422,19,12,4,2216,1,2,7,4,4574190,403743,7,2,48,3,4,2,295,227,6,6,3,81,0,0,0,0,0
201900018423,19,11,24,970,1,2,8,4,4725975,247248,2,4,53,2,2,3,525,299,2,2,4,92,0,0,0,0,0
201900018424,19,2,15,714,2,8,4,7,4853324,348535,6,2,41,1,4,1,424,310,5,1,4,74,0,0,0,0,0
201900018425,19,4,19,1240,5,1,3,4,4764698,-142334,4,3,23,2,2,1,104,550,2,2,1,16,0,0,0,0,0
201900018426,19,1,11,347,5,7,3,6,4448540,174003,2,4,50,3,1,1,551,962,8,4,4,23,0,0,0,0,0
201900018427,19,7,27,1144,4,1,4,5,4528289,605153,8,2,28,1,4,1,386,551,5,3,4,20,0,0,0,0,0
201900018428,19,9,15,163,5,5,6,6,4998266,-242939,2,1,40,3,1,4,236,776,3,5,5,4,0,0,0,0,0
201900018429,19,4,1,479,3,2,5,4,4514491,241841,3,1,29,1,2,2,264,868,7,5,1,88,0,0,0,0,0
201900018430,19,12,24,2104,2,9,1,4,4649657,8991,3,2,35,2,4,4,835,109,4,2,1,98,0,0,0,0,0
201900018431,19,8,3,1738,2,3,6,1,4695925,455901,7,4,30,2,4,3,756,338,8,1,1,41,0,0,0,0,0
201900018432,19,10,8,1213,5,4,8,2,4770429,-152541,9,1,19,3,3,3,230,199,1,2,1,17,0,0,0,0,0
201900018433,19,10,19,2062,2,6,1,2,4669941,303649,7,1,50,3,2,2,428,781,4,1,3,88,0,0,0,0,0
201900018434,19,10,4,1777,5,1,7,2,4457777,-22795,3,1,23,2,1,2,383,975,8,6,2,67,0,0,0,0,0
201900018435,19,8,8,410,2,5,6,7,4773831,405438,4,4,5,2,1,1,787,194,7,2,5,57,0,0,0,0,0
201900018436,19,1,9,906,1,8,7,3,4858566,670054,8,4,23,1,2,2,14,976,3,4,1,8,0,0,0,0,0
201900018437,19,6,1,2028,5,3,9,2,4850576,570645,3,3,52,3,2,1,591,444,8,4,1,0,0,0,0,0,0
201900018438,19,2,20,799,5,7,6,2,4869496,-387332,4,3,51,2,4,4,832,159,1,4,5,62,0,0,0,0,0
201900018439,19,4,13,959,2,9,3,1,4996719,235867,6,2,4,3,2,3,620,75,9,2,5,26,0,0,0,0,0
201900018440,19,12,10,1338,2,9,4,3,4847979,71390,1,2,51,2,3,1,148,193,1,4,2,5,0,0,0,0,0
201900018441,19,6,7,1516,1,3,9,5,4817111,195971,1,3,22,2,1,3,42,523,2,6,3,56,0,0,0,0,0
201900018442,19,10,25,968,3,2,6,2,4765260,460704,9,2,18,3,2,4,487,14,8,2,2,14,0,0,0,0,0
201900018443,19,1,23,1022,2,5,4,2,4477325,-323445,7,2,7,1,2,3,176,32,8,4,2,78,0,0,0,0,0
201900018444,19,8,23,329,4,1,9,1,4880688,235325,3,3,32,3,3,4,858,238,6,6,5,11,0,0,0,0,0
201900018445,19,7,20,939,5,2,6,6,4976638,-68246,8,1,52,2,2,3,229,577,1,6,5,52,0,0,0,0,0
201900018446,19,4,16,422,1,2,4,3,4575360,-34191,9,3,13,3,3,4,290,582,2,3,2,2,0,0,0,0,0
201900018447,19,7,5,321,1,1,7,7,4991951,659285,4,3,23,3,1,4,545,73,3,4,3,75,0,0,0,0,0
201900018448,19,3,25,44,5,8,9,1,4665936,-119833,7,2,18,3,3,2,479,532,4,7,1,38,0,0,0,0,0
201900018449,19,10,17,281,3,8,3,3,4931121,406877,2,2,10,3,2,1,525,925,4,6,2,16,0,0,0,0,0
201900018450,19,1,24,1002,3,1,2,7,4655431,635932,6,3,50,3,1,4,694,963,1,6,2,85,0,0,0,0,0
201900018451,19,9,23,1578,5,9,4,3,4876733,185363,8,2,24,3,2,4,343,879,6,3,2,57,0,0,0,0,0
201900018452,19,9,8,2342,1,3,9,7,4894738,-149061,6,2,43,2,2,1,517,151,1,2,3,94,0,0,0,0,0
201900018453,19,9,28,394,4,9,9,2,4690731,248897,8,3,19,3,2,2,640,81,8,4,3,83,0,0,0,0,0
201900018454,19,2,25,1652,3,9,3,7,4608470,224899,9,3,12,2,3,1,144,607,9,2,1,44,0,0,0,0,0
201900018455,19,4,11,1052,3,7,2,5,4489725,-391617,3,4,30,2,1,3,417,589,1,1,1,29,0,0,0,0,0
201900018456,19,8,26,331,1,1,6,5,4464093,256249,3,2,42,1,1,4,551,555,2,7,3,80,0,0,0,0,0
201900018457,19,8,20,1769,1,3,6,7,4753368,629611,8,1,27,3,2,4,751,201,8,6,5,13,0,0,0,0,0
201900018458,19,4,15,1940,2,9,1,1,4489878,63480,1,4,7,3,4,4,242,844,8,7,2,0,0,0,0,0,0
201900018459,19,5,2,1916,3,1,7,1,4978635,198412,9,2,46,1,4,3,467,82,6,2,4,93,0,0,0,0,0
201900018460,19,3,16,826,2,5,9,3,4792815,235740,5,3,23,1,3,1,765,805,7,7,4,19,0,0,0,0,0
201900018461,19,5,6,713,2,1,3,3,4430870,647904,9,1,23,1,3,2,762,78,8,5,4,28,0,0,0,0,0
201900018462,19,9,5,2342,1,5,2,7,4951187,-230466,1,2,40,3,4,4,168,790,8,7,1,3,0,0,0,0,0
201900018463,19,9,18,1609,5,1,4,5,4897121,-71871,1,2,3,2,2,1,479,665,9,1,2,16,0,0,0,0,0
201900018464,19,6,7,394,4,4,5,1,4984868,27548,3,4,31,1,2,3,525,973,2,5,4,46,0,0,0,0,0
201900018465,19,1,22,113,3,6,5,3,4529028,158145,5,4,51,2,2,2,538,286,6,1,4,49,0,0,0,0,0
201900018466,19,9,20,952,1,1,9,7,4459671,-320748,6,1,23,1,1,4,163,440,9,7,5,51,0,0,0,0,0
201900018467,19,6,2,1179,3,4,9,4,4973647,-42836,3,3,27,1,4,1,901,361,1,5,5,56,0,0,0,0,0
201900018468,19,3,4,265,4,8,2,5,4470896,565193,9,2,34,2,1,2,30,322,3,5,4,80,0,0,0,0,0
201900018469,19,4,13,1544,4,3,9,3,4743036,167638,4,1,42,1,3,1,621,462,1,3,4,29,0,0,0,0,0
201900018470,19,10,20,459,4,7,3,7,4488353,-239839,2,4,16,3,3,2,898,428,3,2,4,43,0,0,0,0,0
201900018471,19,3,24,2351,3,6,8,3,4605142,510282,9,2,25,1,4,4,51,825,2,4,3,80,0,0,0,0,0
201900018472,19,4,26,815,2,7,7,6,4921261,-25548,4,1,46,2,3,4,533,55,6,2,1,78,0,0,0,0,0
201900018473,19,6,1,1360,3,1,7,1,4404152,418486,3,2,20,1,3,2,639,340,6,5,2,74,0,0,0,0,0
201900018474,19,9,28,241,5,7,9,7,4614505,686299,1,2,52,3,4,4,814,600,2,7,5,2,0,0,0,0,0
201900018475,19,11,15,1186,1,3,2,3,4480292,-24551,6,2,35,1,4,4,195,259,6,1,3,86,0,0,0,0,0
201900018476,19,5,21,2187,4,6,7,3,4446151,679756,4,1,52,2,1,4,891,260,3,6,3,96,0,0,0,0,0
201900018477,19,3,9,1952,2,7,1,2,4537843,-168578,3,3,12,1,4,3,338,174,6,3,5,40,0,0,0,0,0
201900018478,19,5,9,1419,5,5,2,4,4730127,48110,8,4,40,2,1,1,752,882,8,6,4,14,0,0,0,0,0
201900018479,19,3,2,524,3,4,2,5,4574780,632513,1,2,35,3,3,3,79,742,1,3,4,29,0,0,0,0,0
201900018480,19,3,15,1977,1,2,8,6,4624495,421082,3,2,10,1,1,3,150,470,4,3,3,42,0,0,0,0,0
201900018481,19,10,9,2334,4,5,7,5,4787140,-329673,8,1,3,2,2,3,857,160,9,5,3,82,0,0,0,0,0
201900018482,19,8,23,1799,5,7,6,6,4909913,338311,9,4,40,2,2,1,826,995,2,2,2,45,0,0,0,0,0
201900018483,19,7,6,571,3,8,5,4,4729523,-11188,2,3,48,3,4,3,578,368,5,6,5,90,0,0,0,0,0
201900018484,19,1,14,126,3,5,2,1,4890357,-287982,3,2,51,3,2,2,451,245,2,7,2,53,0,0,0,0,0
201900018485,19,10,17,1354,4,4,8,2,4939840,107630,6,1,42,2,1,4,831,329,5,5,5,18,0,0,0,0,0
201900018486,19,10,21,1309,3,4,3,5,4747679,65927,2,3,23,3,3,1,176,58,7,4,5,23,0,0,0,0,0
201900018487,19,8,6,2206,2,5,2,7,4778415,553849,7,1,27,2,3,1,545,258,3,5,5,87,0,0,0,0,0
201900018488,19,6,19,2005,1,1,3,3,4894625,122031,3,3,31,2,1,3,312,642,6,3,2,95,0,0,0,0,0
201900018489,19,12,20,128,2,8,1,7,4715998,186604,5,3,9,1,3,3,22,907,5,5,1,32,0,0,0,0,0
201900018490,19,5,23,1367,1,6,9,7,4443579,-211924,7,1,3,3,2,4,673,493,4,5,4,53,0,0,0,0,0
201900018491,19,2,4,1658,2,7,9,3,4704648,654198,8,4,22,1,4,1,94,67,1,6,3,5,0,0,0,0,0
201900018492,19,4,15,2329,4,5,1,6,4667819,-346574,9,2,37,2,2,2,59,231,4,1,2,69,0,0,0,0,0
201900018493,19,8,28,1539,3,9,3,2,4811633,-222270,3,3,14,2,3,4,46,555,4,5,2,74,0,0,0,0,0
201900018494,19,2,21,909,1,6,4,6,4519696,65140,5,2,16,2,1,2,323,339,3,7,3,81,0,0,0,0,0
201900018495,19,9,27,1145,2,4,8,7,4992033,678243,6,1,31,3,1,1,276,902,2,4,1,26,0,0,0,0,0
201900018496,19,12,24,2310,5,1,7,1,4987613,-42173,8,2,44,3,3,4,160,843,4,1,2,70,0,0,0,0,0
201900018497,19,10,27,1248,4,2,7,7,4885576,-314379,1,3,52,3,2,2,688,615,1,4,4,7,0,0,0,0,0
201900018498,19,8,22,1951,4,6,9,6,4612993,357698,4,2,3,2,4,2,549,116,4,5,2,71,0,0,0,0,0
201900018499,19,3,21,375,2,1,1,5,4485723,204036,8,1,52,1,3,3,562,996,7,2,5,90,0,0,0,0,0
201900018500,19,5,7,482,4,6,3,7,4647300,248949,7,4,21,1,3,3,701,915,4,7,4,37,0,0,0,0,0
201900018501,19,6,24,842,5,2,1,2,4990649,668087,2,1,1,2,2,1,240,917,9,3,4,96,0,0,0,0,0