Num_Acc,an,mois,jour,hrmn,lum,int,atm,col,lat,long,catr,circ,nbv,vosp,prof,plan,lartpc,larrout,surf,infra,situ,env1,unscathed,killed,hospital,light,chance
201900018502,19,12,9,1823,2,5,7,1,4870004,37408,2,2,12,3,4,3,445,78,3,3,2,45,0,0,0,0,0
201900018503,19,7,7,594,2,5,7,1,4921469,519341,4,2,23,1,3,3,756,774,3,4,5,40,0,0,0,0,0
201900018504,19,12,4,2087,5,1,1,5,4719690,319630,3,2,17,2,4,1,18,210,9,7,4,26,0,0,0,0,0
201900018505,19,12,19,1334,3,3,9,5,4880466,150800,3,2,32,3,3,2,723,498,2,6,2,63,0,0,0,0,0
201900018506,19,4,13,1577,2,9,4,6,4789645,258974,9,2,39,1,2,4,492,486,8,1,5,0,0,0,0,0,0
201900018507,19,12,28,1021,5,8,4,5,4638291,42332,1,3,25,2,2,4,177,332,2,7,2,89,0,0,0,0,0
201900018508,19,3,9,2309,4,2,5,6,4863775,481668,1,1,49,2,4,4,604,825,4,4,5,98,0,0,0,0,0
201900018509,19,3,1,2088,1,3,9,1,4540025,-85665,7,3,37,1,4,2,415,76,8,6,3,47,0,0,0,0,0
201900018510,19,7,20,233,2,5,2,3,4662131,268900,8,3,53,1,2,2,49,544,4,3,4,8,0,0,0,0,0
201900018511,19,8,28,695,5,7,2,2,4936491,3158,4,1,5,3,2,4,565,30,8,5,5,48,0,0,0,0,0
201900018512,19,2,5,852,2,4,1,1,4908571,217577,7,4,1,2,2,3,615,657,1,7,5,98,0,0,0,0,0
201900018513,19,10,20,603,4,6,6,3,4971862,-173938,6,1,27,3,1,2,584,342,7,2,2,10,0,0,0,0,0
201900018514,19,4,22,785,3,9,1,1,4517015,85429,1,4,42,1,4,2,336,141,4,6,1,32,0,0,0,0,0
201900018515,19,1,28,2010,5,9,9,2,4777305,36570,3,4,11,2,2,3,158,686,6,3,4,57,0,0,0,0,0
201900018516,19,4,25,1039,2,4,5,5,4755596,-373854,5,4,38,2,3,3,552,816,5,4,4,10,0,0,0,0,0
201900018517,19,7,14,1003,1,3,1,1,4708710,541116,9,1,23,1,4,2,18,992,4,5,3,32,0,0,0,0,0
201900018518,19,1,10,113,2,2,8,7,4521200,402843,4,4,39,1,4,1,793,381,5,7,1,89,0,0,0,0,0
201900018519,19,7,11,928,1,4,2,4,4964475,313969,7,3,34,3,2,1,203,756,6,5,1,25,0,0,0,0,0
201900018520,19,2,18,604,3,1,1,3,4546564,581034,1,1,41,2,2,1,750,586,7,3,4,80,0,0,0,0,0
201900018521,19,8,13,1427,1,8,4,1,4824710,221960,6,2,40,3,1,3,911,155,7,2,1,58,0,0,0,0,0
201900018522,19,1,7,1544,4,7,1,3,4454950,219586,8,2,47,2,4,1,531,11,4,6,3,72,0,0,0,0,0
201900018523,19,7,14,946,1,3,3,4,4756147,72632,7,3,41,2,3,1,553,71,2,2,3,54,0,0,0,0,0
201900018524,19,10,21,1854,2,9,9,4,4888819,281359,2,2,45,3,1,2,214,967,6,1,4,16,0,0,0,0,0
201900018525,19,1,18,2050,2,9,5,4,4412932,-243451,4,2,22,3,3,2,392,536,1,5,2,73,0,0,0,0,0
201900018526,19,2,14,1590,1,7,1,4,4805072,152463,1,4,23,2,3,2,722,895,4,5,3,96,0,0,0,0,0
201900018527,19,12,16,1200,3,5,1,4,4962123,506250,9,3,50,1,3,2,897,574,1,5,1,86,0,0,0,0,0
201900018528,19,2,28,797,3,2,9,4,4743507,256257,9,1,51,2,1,2,689,26,8,4,3,21,0,0,0,0,0
201900018529,19,6,17,1716,3,6,5,5,4751956,445224,6,4,29,2,1,3,293,498,9,3,1,43,0,0,0,0,0
201900018530,19,2,5,47,1,6,5,1,4440511,536640,3,3,38,2,4,1,893,711,1,1,5,1,0,0,0,0,0
201900018531,19,2,7,1358,1,3,5,5,4727238,-62952,8,2,15,3,4,3,182,495,3,7,3,86,0,0,0,0,0
201900018532,19,3,14,1172,3,7,5,2,4525250,208065,4,2,11,3,3,3,890,859,6,6,5,70,0,0,0,0,0
201900018533,19,11,5,1398,1,3,4,4,4838583,-109552,7,1,49,2,1,4,396,276,1,5,1,43,0,0,0,0,0
201900018534,19,10,9,750,1,7,4,5,4523405,417703,1,1,29,2,1,1,277,345,9,4,3,35,0,0,0,0,0
201900018535,19,3,18,1551,2,7,8,5,4801512,196007,2,4,4,2,3,1,373,500,4,6,4,3,0,0,0,0,0
201900018536,19,4,23,527,3,1,9,3,4882350,108682,5,4,28,2,2,3,170,990,2,2,5,28,0,0,0,0,0
201900018537,19,2,15,299,5,4,4,3,4912400,-62296,7,3,10,1,2,1,911,539,5,7,4,26,0,0,0,0,0
201900018538,19,3,11,2290,4,9,5,6,4890976,-115457,8,2,50,2,2,3,251,18,5,6,2,54,0,0,0,0,0
201900018539,19,5,24,1186,3,4,5,1,4586184,-399925,4,1,23,3,2,4,783,916,3,1,3,10,0,0,0,0,0
201900018540,19,2,9,683,3,6,6,1,4941334,186535,9,3,18,2,2,1,806,38,3,6,4,23,0,0,0,0,0
201900018541,19,8,16,1446,4,1,8,7,4670495,165846,3,4,52,2,2,4,745,905,2,2,5,51,0,0,0,0,0
201900018542,19,5,28,1606,2,7,1,3,4487873,-351833,1,2,52,2,1,3,30,406,1,1,1,85,0,0,0,0,0
201900018543,19,2,19,1875,3,5,5,6,4757502,358347,7,2,19,1,1,2,316,108,1,6,1,52,0,0,0,0,0
201900018544,19,11,22,1730,5,6,8,6,4807019,394263,2,2,38,1,1,4,390,255,6,4,3,46,0,0,0,0,0
201900018545,19,3,2,61,2,3,7,4,4813798,-165491,4,2,6,3,2,3,87,970,8,1,2,10,0,0,0,0,0
201900018546,19,3,28,2124,1,4,5,1,4400225,246677,1,2,5,1,3,4,152,545,2,4,4,89,0,0,0,0,0
201900018547,19,4,10,288,5,5,9,1,4728451,459000,3,4,26,3,4,4,833,639,2,4,4,0,0,0,0,0,0
201900018548,19,8,3,534,5,5,1,2,4715764,427457,9,4,47,1,4,1,152,960,3,3,2,45,0,0,0,0,0
201900018549,19,1,24,2245,1,8,4,6,4977718,153298,6,4,48,3,4,1,373,786,1,6,3,36,0,0,0,0,0
201900018550,19,3,11,2257,3,1,8,3,4792424,-260638,1,3,11,1,1,3,867,639,7,7,3,7,0,0,0,0,0
201900018551,19,12,16,1375,2,6,7,4,4424187,233594,8,4,32,1,3,3,298,175,2,5,1,86,0,0,0,0,0
201900018552,19,7,18,336,2,8,7,2,4986155,220483,1,2,0,2,3,4,12,118,5,6,5,61,0,0,0,0,0
201900018553,19,4,10,1912,3,7,6,1,4794603,64946,4,3,41,2,3,1,688,762,4,4,4,14,0,0,0,0,0
201900018554,19,10,10,662,4,7,5,3,4496219,160072,5,3,42,3,2,4,117,742,9,1,3,34,0,0,0,0,0
201900018555,19,3,28,1647,3,7,2,1,4943887,457703,1,4,48,1,4,2,214,540,5,4,2,25,0,0,0,0,0
201900018556,19,9,9,1662,2,6,8,4,4926148,181461,3,1,42,1,2,3,271,76,5,2,4,62,0,0,0,0,0
201900018557,19,4,18,1020,5,4,9,1,4588434,-228725,8,2,8,1,3,2,660,318,6,1,3,74,0,0,0,0,0
201900018558,19,5,7,1231,1,4,2,1,4423311,-259834,6,2,27,3,4,1,75,173,3,4,4,3,0,0,0,0,0
201900018559,19,10,8,1703,1,3,6,3,4901186,247408,8,3,50,2,4,4,424,586,4,7,2,18,0,0,0,0,0
201900018560,19,2,13,1432,5,2,6,4,4843330,-238458,6,2,45,1,2,3,734,145,7,6,5,24,0,0,0,0,0
201900018561,19,9,17,2041,4,1,8,6,4948607,164817,4,4,10,3,1,1,728,337,1,3,5,96,0,0,0,0,0
201900018562,19,7,26,2345,2,7,3,5,4956254,-314587,4,3,47,3,1,1,21,247,1,6,1,76,0,0,0,0,0
201900018563,19,5,7,359,2,1,2,2,4857312,300275,7,2,3,3,1,3,15,649,3,2,5,10,0,0,0,0,0
201900018564,19,6,10,242,2,2,8,3,4919031,76029,7,3,3,3,4,2,849,17,5,2,4,60,0,0,0,0,0
201900018565,19,10,9,2291,1,7,9,5,4804816,-266422,6,2,30,1,1,2,287,858,9,7,1,24,0,0,0,0,0
201900018566,19,6,11,1036,5,9,7,1,4745996,219695,9,4,8,1,3,2,458,918,2,5,3,59,0,0,0,0,0
201900018567,19,9,2,868,1,9,5,7,4561141,592170,1,3,25,3,1,3,527,973,7,2,5,47,0,0,0,0,0
201900018568,19,6,19,1963,5,9,5,6,4529660,413500,5,4,20,3,3,4,158,14,5,3,5,2,0,0,0,0,0
201900018569,19,8,8,244,5,7,7,2,4794397,-327253,2,2,8,3,2,3,71,865,3,4,5,17,0,0,0,0,0
201900018570,19,8,11,7,4,1,6,3,4796317,228836,5,3,34,3,2,4,168,916,5,7,2,97,0,0,0,0,0
201900018571,19,7,8,441,1,8,1,7,4474198,-30515,6,4,26,2,2,1,609,380,7,3,5,57,0,0,0,0,0
201900018572,19,2,26,1099,5,4,3,1,4786476,-104413,1,2,8,1,1,3,619,906,8,4,2,73,0,0,0,0,0
201900018573,19,4,21,130,3,4,3,6,4782056,205255,9,2,45,1,4,4,848,798,4,4,1,27,0,0,0,0,0
201900018574,19,9,28,466,5,4,8,6,4742235,270726,3,3,33,3,4,1,473,244,5,2,2,56,0,0,0,0,0
201900018575,19,1,21,204,4,8,3,4,4948417,326052,1,4,12,2,3,4,660,151,9,7,5,57,0,0,0,0,0
201900018576,19,12,23,2106,2,4,5,7,4484983,186065,9,1,1,1,2,1,170,657,2,7,1,79,0,0,0,0,0
201900018577,19,7,8,558,3,2,9,2,4799264,463935,5,3,0,2,2,4,346,734,4,1,5,46,0,0,0,0,0
201900018578,19,1,11,1887,3,2,3,7,4584198,-80372,4,4,5,2,2,3,324,562,4,2,3,97,0,0,0,0,0
201900018579,19,12,24,567,3,5,9,3,4866293,-343823,4,1,19,2,2,1,589,953,3,4,5,77,0,0,0,0,0
201900018580,19,4,27,2149,5,7,3,4,4597478,193563,4,1,5,2,4,2,620,814,8,1,3,23,0,0,0,0,0
201900018581,19,8,17,111,2,3,6,1,4566785,18085,9,1,46,3,2,2,567,820,4,6,5,43,0,0,0,0,0
201900018582,19,1,28,533,2,5,5,3,4747039,-209534,2,1,42,3,4,4,591,82,8,3,3,96,0,0,0,0,0
201900018583,19,5,22,707,5,6,7,6,4748716,-283149,2,1,45,2,1,3,91,117,5,2,2,93,0,0,0,0,0
201900018584,19,11,14,1956,4,4,5,4,4915187,-237120,4,1,4,2,3,4,631,506,1,7,2,23,0,0,0,0,0
201900018585,19,2,18,2358,2,4,9,6,4649261,-160014,3,1,35,2,4,1,805,779,5,5,2,62,0,0,0,0,0
201900018586,19,1,15,63,4,7,7,3,4993763,168300,1,2,38,1,2,3,311,605,3,4,5,23,0,0,0,0,0
201900018587,19,6,5,540,2,2,5,5,4734513,130195,2,1,38,2,3,4,484,478,3,5,5,54,0,0,0,0,0
201900018588,19,7,20,1319,3,2,4,5,4621708,106472,1,2,51,2,1,2,573,784,1,5,1,42,0,0,0,0,0
201900018589,19,1,24,597,3,3,9,3,4652787,391821,5,2,21,3,4,3,843,603,6,2,5,71,0,0,0,0,0
201900018590,19,2,15,351,2,2,8,3,4883255,597981,9,4,15,2,2,3,892,294,2,4,4,73,0,0,0,0,0
201900018591,19,1,7,2279,3,6,8,4,4469576,-248141,4,2,31,1,3,1,842,497,7,1,4,87,0,0,0,0,0
201900018592,19,8,11,1931,1,7,2,7,4427129,-354663,1,3,18,2,1,3,49,239,1,3,3,64,0,0,0,0,0
201900018593,19,2,3,1966,1,7,8,2,4732716,70846,3,1,18,3,3,2,527,377,5,4,4,44,0,0,0,0,0
201900018594,19,2,18,692,1,4,6,4,4823473,323245,9,1,47,3,2,2,465,685,7,2,2,70,0,0,0,0,0
201900018595,19,11,16,2270,2,2,9,7,4852982,-191671,6,3,52,3,1,3,763,992,9,4,5,85,0,0,0,0,0
201900018596,19,12,28,1110,5,1,4,7,4760963,-211222,9,2,43,3,1,1,872,640,1,6,5,21,0,0,0,0,0
201900018597,19,4,27,451,2,1,9,7,4568854,-250972,7,2,6,3,3,2,559,417,6,4,2,61,0,0,0,0,0
201900018598,19,12,18,1786,3,6,3,6,4639195,696677,7,2,1,1,4,3,167,321,1,4,5,48,0,0,0,0,0
201900018599,19,3,4,805,4,7,8,7,4752160,-6433,9,2,13,1,3,3,465,317,5,2,4,1,0,0,0,0,0
201900018600,19,6,11,693,5,7,3,6,4462270,293125,3,3,10,3,1,3,426,637,9,7,5,43,0,0,0,0,0
201900018601,19,4,6,1094,4,7,6,6,4966221,205085,2,2,5,2,3,2,659,580,8,5,2,30,0,0,0,0,0
201900018602,19,9,24,555,2,6,7,2,4874294,141910,4,2,18,2,3,3,89,339,7,3,2,80,0,0,0,0,0
201900018603,19,6,7,754,4,7,3,5,4858609,501354,3,3,3,1,3,1,535,390,1,6,2,67,0,0,0,0,0
201900018604,19,5,24,90,2,4,2,4,4928983,-194478,6,2,0,3,1,3,641,308,7,1,2,56,0,0,0,0,0
201900018605,19,11,20,417,1,8,4,5,4891096,507082,8,1,14,3,1,3,823,243,2,7,3,86,0,0,0,0,0
201900018606,19,1,19,1413,1,7,6,5,4530469,315661,1,3,32,1,2,3,547,425,9,4,4,56,0,0,0,0,0
201900018607,19,7,3,320,2,7,3,1,4582286,255214,5,3,3,2,2,4,47,935,2,1,3,56,0,0,0,0,0
201900018608,19,10,21,2306,2,5,2,7,4838637,-183654,8,3,32,1,2,2,441,959,8,2,2,65,0,0,0,0,0
201900018609,19,7,9,2245,3,3,7,1,4744930,270202,7,2,22,1,4,4,591,793,6,3,1,61,0,0,0,0,0
201900018610,19,10,28,745,5,2,7,6,4986624,-172504,5,2,20,3,4,4,516,119,3,2,5,14,0,0,0,0,0
201900018611,19,5,17,1398,2,3,2,4,4607524,393754,4,1,29,2,1,4,699,528,6,5,3,39,0,0,0,0,0
201900018612,19,8,17,739,2,4,6,2,4461916,142508,9,4,13,3,2,4,50,532,8,7,1,91,0,0,0,0,0
201900018613,19,6,8,950,5,3,4,6,4466341,-125157,4,3,13,1,1,3,757,557,9,5,2,48,0,0,0,0,0
201900018614,19,12,13,2078,5,1,2,6,4618738,-354704,4,4,11,2,2,4,469,76,8,2,5,61,0,0,0,0,0
201900018615,19,4,16,1027,5,6,9,2,4601220,-52564,2,3,22,2,1,4,408,902,6,1,2,7,0,0,0,0,0
201900018616,19,4,11,628,4,7,2,4,4887392,-61478,2,2,50,2,2,4,646,994,5,2,4,57,0,0,0,0,0
201900018617,19,12,15,301,1,3,9,3,4667327,676425,1,4,35,1,3,3,583,921,3,5,2,47,0,0,0,0,0
201900018618,19,1,8,697,1,6,6,7,4773725,13900,6,1,13,1,4,4,768,337,5,1,1,53,0,0,0,0,0
201900018619,19,3,26,1172,4,1,9,7,4432550,284179,6,2,9,3,4,1,786,405,3,2,5,96,0,0,0,0,0
201900018620,19,5,24,639,2,9,3,7,4478172,478735,4,4,53,2,3,1,211,644,6,5,1,15,0,0,0,0,0
201900018621,19,10,4,1894,3,2,5,2,4770885,61062,7,4,39,2,2,1,741,986,6,5,4,69,0,0,0,0,0
201900018622,19,2,5,1788,1,9,6,6,4549238,31258,5,2,47,2,1,4,192,456,5,7,1,99,0,0,0,0,0
201900018623,19,11,3,1685,3,4,3,1,4843512,128215,8,1,19,3,4,2,126,471,9,2,5,62,0,0,0,0,0
201900018624,19,12,9,1658,5,2,8,3,4472648,238728,8,1,42,1,1,3,211,81,5,2,5,99,0,0,0,0,0
201900018625,19,7,19,1352,2,7,1,5,4769072,-164561,5,1,32,3,3,2,73,236,9,3,5,53,0,0,0,0,0
201900018626,19,12,12,291,3,9,5,4,4622158,304312,8,4,42,3,1,2,170,122,5,3,4,33,0,0,0,0,0
201900018627,19,11,5,1184,5,1,9,7,4571742,-307621,1,1,34,2,1,1,112,74,1,3,2,84,0,0,0,0,0
201900018628,19,9,20,2248,4,3,6,4,4959397,430141,1,4,25,1,4,1,496,292,7,6,5,47,0,0,0,0,0
201900018629,19,4,25,398,1,3,5,5,4844956,-13603,9,2,51,1,4,3,77,817,6,6,2,1,0,0,0,0,0
201900018630,19,12,9,179,1,5,2,7,4875759,-361029,4,4,14,1,2,1,865,459,6,7,1,26,0,0,0,0,0
201900018631,19,4,24,1783,4,3,6,1,4636822,571482,3,1,9,2,3,4,271,896,6,4,1,68,0,0,0,0,0
201900018632,19,4,11,140,4,9,4,1,4754554,-143610,9,3,13,1,4,1,487,93,2,7,1,55,0,0,0,0,0
201900018633,19,10,10,1965,4,5,4,3,4409236,-316320,3,2,31,3,1,2,679,226,5,3,4,28,0,0,0,0,0
201900018634,19,7,12,628,3,6,6,6,4589071,-45118,4,1,20,2,1,4,654,341,7,5,5,45,0,0,0,0,0
201900018635,19,12,3,1616,2,2,6,3,4847964,410903,3,1,35,2,2,2,674,857,4,5,3,97,0,0,0,0,0
201900018636,19,2,8,1222,2,7,9,1,4928230,277593,4,3,6,2,2,4,150,846,2,6,2,54,0,0,0,0,0
201900018637,19,10,10,763,5,9,6,6,4753692,338745,4,1,36,1,4,4,450,659,1,1,4,77,0,0,0,0,0
201900018638,19,1,9,129,3,7,9,5,4523555,308242,8,4,27,2,3,3,721,779,8,5,2,16,0,0,0,0,0
201900018639,19,3,23,775,2,4,7,5,4492492,-14089,2,2,21,3,2,3,364,369,6,2,2,97,0,0,0,0,0
201900018640,19,3,9,1841,4,8,7,2,4895586,258042,5,3,7,3,3,2,815,255,1,2,1,66,0,0,0,0,0
201900018641,19,6,8,468,4,2,1,1,4439121,-208938,8,4,30,3,4,4,837,272,4,6,1,66,0,0,0,0,0
201900018642,19,2,6,760,2,2,9,2,4505330,-199990,8,3,21,1,2,1,868,86,2,5,1,94,0,0,0,0,0
201900018643,19,4,23,878,2,7,7,6,4804195,-365304,9,1,9,1,1,3,430,36,7,6,1,75,0,0,0,0,0
201900018644,19,1,1,1319,4,2,4,2,4833809,10179,2,2,3,2,1,3,321,758,2,1,1,19,0,0,0,0,0
201900018645,19,11,11,1662,1,8,9,3,4468897,621191,8,3,49,3,4,3,385,170,2,7,2,26,0,0,0,0,0
201900018646,19,5,1,1815,1,6,1,5,4785788,378328,7,1,49,1,1,3,723,276,1,7,2,47,0,0,0,0,0
201900018647,19,6,3,206,3,2,2,6,4436820,77387,2,4,22,1,3,3,601,633,4,2,1,55,0,0,0,0,0
201900018648,19,12,19,358,4,8,9,5,4979909,617444,1,1,1,1,1,4,810,851,5,7,5,54,0,0,0,0,0
201900018649,19,8,11,1943,4,8,6,1,4560740,261798,2,1,7,3,2,3,361,101,9,3,4,72,0,0,0,0,0
201900018650,19,12,4,1880,2,2,5,4,4568403,-291656,8,3,29,2,2,4,804,855,4,2,2,69,0,0,0,0,0
201900018651,19,10,9,2162,1,1,2,5,4582424,433349,2,2,36,1,1,4,437,300,4,4,2,13,0,0,0,0,0
201900018652,19,7,7,2041,4,6,7,6,4743831,568697,1,4,41,2,2,2,866,790,2,7,5,74,0,0,0,0,0
201900018653,19,4,19,1836,5,5,5,3,4682481,-59228,5,2,48,1,1,3,371,37,6,1,3,55,0,0,0,0,0
201900018654,19,4,25,267,3,7,8,2,4595347,416772,8,4,3,2,2,1,470,674,4,3,3,20,0,0,0,0,0
201900018655,19,3,2,382,4,8,5,4,4767379,361208,1,4,24,2,3,1,14,166,3,3,2,37,0,0,0,0,0
201900018656,19,11,4,457,5,4,5,1,4788666,76714,6,1,7,3,4,1,385,284,8,5,4,52,0,0,0,0,0
201900018657,19,1,21,396,1,4,5,6,4583453,-241480,4,3,53,1,3,1,820,526,8,2,5,12,0,0,0,0,0
201900018658,19,8,8,479,1,3,4,1,4721234,289398,3,1,3,2,1,2,153,935,7,2,1,11,0,0,0,0,0
201900018659,19,6,6,1276,3,6,7,6,4648301,1244,9,1,32,2,2,3,100,809,6,2,1,64,0,0,0,0,0
201900018660,19,6,10,1209,2,6,2,3,4403551,555076,1,1,11,2,3,2,359,820,7,4,3,76,0,0,0,0,0
201900018661,19,10,2,400,4,4,5,1,4988904,-60335,1,3,22,2,4,1,129,358,7,3,5,50,0,0,0,0,0
201900018662,19,1,11,249,5,2,2,1,4754822,442273,5,4,16,1,2,2,402,816,9,4,5,84,0,0,0,0,0
201900018663,19,6,23,1096,2,7,5,3,4699176,430144,5,1,16,2,3,4,428,136,8,2,3,21,0,0,0,0,0
201900018664,19,8,14,830,2,9,8,4,4488522,394413,2,2,16,3,1,2,492,378,7,1,4,44,0,0,0,0,0
201900018665,19,8,20,2245,2,1,4,7,4868253,37658,1,4,11,2,4,4,888,81,4,1,5,77,0,0,0,0,0
201900018666,19,1,14,1748,1,2,3,1,4499924,142702,9,1,47,1,1,3,856,625,7,4,5,84,0,0,0,0,0
201900018667,19,3,16,745,2,7,8,5,4838456,-195658,6,1,27,3,3,3,434,438,2,5,5,82,0,0,0,0,0
201900018668,19,5,18,260,4,3,2,1,4579826,-7546,3,3,38,3,2,4,304,339,9,2,3,31,0,0,0,0,0
201900018669,19,1,2,1543,4,4,9,7,4406523,520326,5,4,31,3,3,2,729,204,4,2,5,85,0,0,0,0,0
201900018670,19,1,26,522,3,4,2,5,4923653,310916,3,4,45,2,2,4,223,601,7,3,3,21,0,0,0,0,0
201900018671,19,8,14,1575,5,1,3,1,4498325,563758,5,3,46,1,4,2,686,559,5,1,2,88,0,0,0,0,0
201900018672,19,4,20,819,3,8,2,5,4505720,127113,3,1,36,3,1,1,65,43,4,5,3,26,0,0,0,0,0
201900018673,19,10,21,2140,5,8,1,5,4525463,651105,7,1,23,3,1,3,663,456,4,6,4,10,0,0,0,0,0
201900018674,19,1,19,2327,5,1,2,3,4409730,215942,6,4,31,2,4,1,346,95,3,7,3,99,0,0,0,0,0
201900018675,19,7,8,1593,2,8,8,1,4825097,-192095,9,3,29,2,2,1,194,526,4,1,5,33,0,0,0,0,0
201900018676,19,12,8,1890,3,4,3,1,4725622,-222473,4,1,18,2,4,3,881,618,1,7,4,17,0,0,0,0,0
201900018677,19,4,3,893,3,3,2,3,4688484,485302,5,4,30,3,2,1,38,677,1,7,4,77,0,0,0,0,0
201900018678,19,2,7,1997,4,9,8,6,4434131,140216,1,2,50,2,4,3,618,743,9,6,1,30,0,0,0,0,0
201900018679,19,1,11,79,2,1,4,7,4913626,-268888,5,2,3,3,3,3,788,93,1,6,2,73,0,0,0,0,0
201900018680,19,1,4,831,2,7,3,5,4718502,550888,1,3,44,2,3,1,863,264,9,1,1,47,0,0,0,0,0
201900018681,19,4,13,1310,3,1,1,2,4427702,-13602,1,2,33,3,4,4,341,301,8,1,2,65,0,0,0,0,0
201900018682,19,3,20,1858,2,2,7,5,4519257,157214,1,4,13,2,1,2,419,385,4,4,2,29,0,0,0,0,0
201900018683,19,10,13,1667,5,7,8,1,4692178,-133977,3,1,7,2,4,1,326,903,9,4,3,18,0,0,0,0,0
201900018684,19,11,11,1655,4,6,3,6,4637134,243269,1,1,4,3,2,1,236,616,4,3,2,23,0,0,0,0,0
201900018685,19,7,22,2163,1,8,4,2,4490866,-369671,1,4,14,3,4,3,894,299,8,7,4,6,0,0,0,0,0
201900018686,19,10,24,526,2,9,5,5,4966334,164253,7,3,3,2,2,1,300,843,8,2,5,38,0,0,0,0,0
201900018687,19,9,3,2268,4,3,1,6,4925052,677432,1,2,9,3,2,2,349,318,9,4,2,35,0,0,0,0,0
201900018688,19,1,9,2043,2,2,9,5,4639322,389644,1,1,21,1,4,2,678,450,9,3,1,66,0,0,0,0,0
201900018689,19,1,8,345,1,9,5,7,4604500,-155511,7,1,27,1,1,2,416,835,8,5,1,50,0,0,0,0,0
201900018690,19,6,9,1852,5,3,4,4,4427583,552217,7,3,29,3,4,3,54,516,8,2,5,69,0,0,0,0,0
201900018691,19,10,25,785,2,4,9,7,4543268,-240651,3,2,36,2,4,1,897,76,8,2,5,82,0,0,0,0,0
201900018692,19,6,22,709,2,6,6,6,4599036,124480,6,3,38,2,1,2,364,180,4,6,2,48,0,0,0,0,0
201900018693,19,2,16,281,4,8,5,7,4586234,-80738,6,1,53,2,1,4,630,658,5,3,3,6,0,0,0,0,0
201900018694,19,3,5,1895,1,4,8,2,4592586,-224361,9,3,19,1,3,3,207,42,3,4,4,35,0,0,0,0,0
201900018695,19,10,8,1547,1,8,2,3,4456352,240301,8,1,29,1,1,4,699,91,1,1,5,89,0,0,0,0,0
201900018696,19,12,1,2328,3,5,2,7,4890540,585954,8,1,51,3,3,3,8,992,1,1,3,32,0,0,0,0,0
201900018697,19,6,10,669,2,6,9,5,4577030,698136,1,2,50,2,4,3,401,122,4,2,4,95,0,0,0,0,0
201900018698,19,12,11,30,1,8,6,7,4813650,-355407,1,2,16,2,3,4,870,453,3,4,1,5,0,0,0,0,0
201900018699,19,8,9,1651,1,9,6,6,4852465,624072,7,1,11,2,1,1,443,261,7,1,2,69,0,0,0,0,0
201900018700,19,7,18,1492,3,9,8,1,4612076,-313474,8,1,48,3,3,3,694,347,4,2,2,40,0,0,0,0,0
201900018701,19,1,16,1516,1,3,3,4,4645194,-250457,2,1,5,1,2,3,601,422,6,1,5,19,0,0,0,0,0
201900018702,19,10,4,2116,1,4,3,3,4876379,-273750,4,3,46,3,1,3,590,104,8,2,1,12,0,0,0,0,0
201900018703,19,6,17,525,1,1,3,6,4620898,159516,7,2,27,1,3,1,577,860,4,5,5,23,0,0,0,0,0
201900018704,19,2,20,678,5,9,8,6,4508614,-204732,6,2,53,2,4,2,351,885,6,7,5,99,0,0,0,0,0
201900018705,19,6,26,804,2,1,9,7,4795664,251289,3,3,32,2,1,2,445,337,8,7,2,67,0,0,0,0,0
201900018706,19,5,23,2227,2,4,1,5,4510762,600449,9,1,23,3,2,3,721,694,1,5,4,42,0,0,0,0,0
201900018707,19,3,10,1251,1,6,9,1,4590424,125236,7,3,30,1,2,4,470,988,9,2,1,44,0,0,0,0,0
201900018708,19,12,23,1235,3,8,4,3,4907978,-156418,3,2,29,1,1,3,21,153,4,7,1,44,0,0,0,0,0
201900018709,19,3,1,459,1,9,3,2,4956025,-15845,3,3,45,1,2,2,570,200,4,5,3,9,0,0,0,0,0
201900018710,19,5,9,258,4,3,4,3,4500391,544217,9,3,4,1,1,3,891,211,6,4,2,43,0,0,0,0,0
201900018711,19,5,7,38,1,3,2,7,4798036,-253014,1,2,12,2,2,2,139,266,8,3,5,30,0,0,0,0,0
201900018712,19,12,10,1838,4,4,1,7,4845310,-311671,1,1,45,2,4,4,427,330,9,1,2,15,0,0,0,0,0
201900018713,19,7,13,1610,5,3,4,3,4649991,687444,1,3,49,2,3,2,407,821,3,7,5,33,0,0,0,0,0
201900018714,19,3,13,985,5,3,5,5,4702449,401264,1,4,5,3,3,4,578,208,3,1,4,11,0,0,0,0,0
201900018715,19,1,25,905,3,7,4,3,4692755,50868,3,3,29,3,3,1,376,433,9,7,4,2,0,0,0,0,0