Num_Acc,an,mois,jour,hrmn,lum,int,atm,col,lat,long,catr,circ,nbv,vosp,prof,plan,lartpc,larrout,surf,infra,situ,env1,unscathed,killed,hospital,light,chance
201900018716,19,11,10,1846,2,6,9,4,4615539,101442,6,3,12,2,2,4,170,956,6,6,4,12,0,0,0,0,0
201900018717,19,3,11,1986,1,2,9,1,4844067,99392,1,2,30,1,1,2,185,265,7,4,5,28,0,0,0,0,0
201900018718,19,12,11,794,5,6,6,4,4950832,58215,6,1,39,3,3,3,367,625,8,3,5,11,0,0,0,0,0
201900018719,19,7,5,209,2,9,1,7,4804229,321861,4,3,25,3,3,2,731,741,9,7,1,3,0,0,0,0,0
201900018720,19,8,6,734,1,5,1,5,4718174,-365767,6,3,43,2,2,1,446,477,1,6,1,31,0,0,0,0,0
201900018721,19,11,6,726,1,9,8,3,4896510,-4860,7,2,3,3,2,3,501,887,7,4,4,34,0,0,0,0,0
201900018722,19,6,14,1661,2,2,5,7,4886772,-273684,6,1,2,3,1,4,791,970,1,4,4,97,0,0,0,0,0
201900018723,19,4,11,1800,2,5,2,6,4530666,86426,6,2,1,2,2,3,528,315,3,5,3,11,0,0,0,0,0
201900018724,19,3,9,1207,3,2,1,2,4811798,392010,6,4,20,2,3,4,305,55,8,1,3,30,0,0,0,0,0
201900018725,19,8,18,202,2,9,4,7,4645880,-240644,2,3,11,2,1,1,734,42,8,5,4,18,0,0,0,0,0
201900018726,19,7,20,657,3,1,1,3,4456399,265113,2,3,35,3,4,2,383,388,2,6,4,24,0,0,0,0,0
201900018727,19,7,5,1497,5,3,6,3,4976641,-44270,2,1,18,1,1,3,908,825,8,5,2,6,0,0,0,0,0
201900018728,19,1,16,2205,5,1,5,5,4440304,-168000,4,3,1,2,4,3,441,465,5,1,3,83,0,0,0,0,0
201900018729,19,2,2,766,1,8,3,2,4689666,361898,9,4,37,3,1,1,71,146,9,4,1,49,0,0,0,0,0
201900018730,19,2,24,2141,5,2,6,6,4915641,487373,1,4,8,2,4,2,550,154,2,3,5,37,0,0,0,0,0
201900018731,19,2,9,1792,5,3,6,2,4934067,-288601,7,4,24,2,1,3,846,375,7,4,3,94,0,0,0,0,0
201900018732,19,6,10,95,2,7,3,3,4544957,-392279,7,2,16,3,2,2,717,422,8,1,1,73,0,0,0,0,0
201900018733,19,8,3,2289,1,5,4,2,4995650,-340521,6,2,32,3,1,2,154,949,3,4,3,39,0,0,0,0,0
201900018734,19,5,20,1711,4,1,9,3,4890045,-109079,2,3,28,3,1,4,211,586,5,3,3,4,0,0,0,0,0
201900018735,19,6,26,1976,4,9,9,2,4813139,454609,3,1,43,3,1,1,612,828,8,2,4,58,0,0,0,0,0
201900018736,19,12,15,417,2,3,7,2,4677378,400487,8,2,52,1,3,3,752,545,1,2,4,76,0,0,0,0,0
201900018737,19,1,14,577,1,6,2,2,4922799,-281466,8,3,52,3,4,2,67,501,9,5,4,37,0,0,0,0,0
201900018738,19,9,14,1418,4,1,5,1,4670611,157246,4,2,10,1,1,2,802,893,9,1,5,60,0,0,0,0,0
201900018739,19,2,3,201,2,6,7,5,4900529,557780,9,3,21,1,1,3,696,632,8,3,1,0,0,0,0,0,0
201900018740,19,5,27,1280,1,2,1,1,4528179,-224664,2,3,49,2,4,1,669,21,5,5,2,99,0,0,0,0,0
201900018741,19,7,15,1142,4,6,8,2,4560699,473945,3,4,16,3,2,4,81,807,3,2,4,83,0,0,0,0,0
201900018742,19,2,14,1716,5,5,2,4,4674011,392213,2,3,21,3,4,3,519,258,1,6,1,0,0,0,0,0,0
201900018743,19,10,3,821,3,5,5,1,4768866,259697,5,2,52,2,4,3,647,618,1,4,5,77,0,0,0,0,0
201900018744,19,11,25,446,4,7,6,7,4913103,245993,2,3,18,3,3,4,141,234,9,6,1,30,0,0,0,0,0
201900018745,19,12,23,2004,3,2,5,1,4921855,132159,1,4,48,3,1,3,469,475,6,3,1,75,0,0,0,0,0
201900018746,19,7,2,1205,1,8,2,5,4697700,489887,6,1,42,1,2,1,119,335,2,3,5,62,0,0,0,0,0
201900018747,19,5,12,944,1,5,7,4,4972957,-355357,9,2,38,3,1,3,781,445,3,7,3,31,0,0,0,0,0
201900018748,19,6,21,925,4,4,4,4,4513299,407260,5,4,14,2,3,3,193,734,8,6,4,57,0,0,0,0,0
201900018749,19,3,7,113,4,2,3,3,4820921,-181603,3,2,23,3,3,4,701,263,3,5,4,98,0,0,0,0,0
201900018750,19,2,22,705,5,4,6,5,4772739,434104,8,1,45,1,1,3,623,718,3,2,3,82,0,0,0,0,0
201900018751,19,6,23,672,5,2,2,7,4429163,55013,8,1,23,2,1,3,629,432,7,3,2,52,0,0,0,0,0
201900018752,19,1,11,1212,2,5,4,1,4634706,112651,7,2,31,1,4,1,670,235,2,5,2,37,0,0,0,0,0
201900018753,19,10,8,1082,4,4,4,3,4460397,692303,8,3,11,2,1,1,99,80,3,3,3,89,0,0,0,0,0
201900018754,19,6,19,2022,1,2,2,1,4573894,103587,7,4,45,1,2,2,370,800,3,7,2,5,0,0,0,0,0
201900018755,19,8,4,2310,4,7,7,1,4977433,47567,6,2,45,2,4,4,293,611,7,2,1,68,0,0,0,0,0
201900018756,19,3,8,1450,5,3,1,1,4690706,-180204,5,4,33,1,1,1,601,156,9,1,2,85,0,0,0,0,0
201900018757,19,2,7,656,2,1,9,4,4435594,266705,7,1,8,3,2,1,98,516,6,4,1,64,0,0,0,0,0
201900018758,19,5,4,457,1,7,5,3,4440300,695501,2,4,5,2,2,1,353,668,1,3,3,75,0,0,0,0,0
201900018759,19,6,7,86,5,5,7,7,4639278,367861,8,4,23,2,3,4,183,164,2,2,3,17,0,0,0,0,0
201900018760,19,11,2,1316,4,5,3,2,4749628,614086,3,1,6,2,4,4,419,539,1,6,5,21,0,0,0,0,0
201900018761,19,1,26,251,1,7,3,7,4926585,-184306,8,2,13,1,4,4,810,374,5,1,1,49,0,0,0,0,0
201900018762,19,1,26,244,4,9,5,7,4957560,-2013,2,4,35,1,1,2,380,859,3,1,4,97,0,0,0,0,0
201900018763,19,8,7,1468,4,7,8,2,4782293,-125647,4,1,19,2,4,1,833,912,6,2,1,40,0,0,0,0,0
201900018764,19,5,21,597,5,3,9,5,4855176,-212087,3,2,9,2,2,2,457,377,3,4,1,89,0,0,0,0,0
201900018765,19,6,8,993,1,9,2,7,4426622,227752,4,3,38,1,1,3,210,679,2,7,5,62,0,0,0,0,0
201900018766,19,11,20,1147,2,2,9,2,4811368,-288920,5,1,0,3,4,2,759,122,9,6,5,45,0,0,0,0,0
201900018767,19,10,5,1083,5,5,8,7,4658454,90697,4,1,8,3,4,3,228,553,4,3,2,89,0,0,0,0,0
201900018768,19,7,6,1186,3,8,9,7,4802756,520236,6,1,23,3,3,4,878,114,6,7,3,42,0,0,0,0,0
201900018769,19,5,24,1217,3,1,3,2,4634784,148469,1,2,9,1,4,1,76,339,8,6,5,88,0,0,0,0,0
201900018770,19,7,10,2359,3,5,9,3,4765458,-28097,2,2,35,3,1,3,378,792,2,7,4,62,0,0,0,0,0
201900018771,19,2,1,2021,3,4,5,7,4423138,-176801,6,3,11,1,3,4,28,49,3,2,5,81,0,0,0,0,0
201900018772,19,12,6,847,3,8,6,1,4611985,381138,7,1,25,2,2,3,420,281,1,7,1,85,0,0,0,0,0
201900018773,19,7,9,342,5,2,7,2,4895670,-212874,6,1,0,1,1,3,285,859,5,5,2,79,0,0,0,0,0
201900018774,19,2,26,1694,3,7,6,4,4680308,-179800,9,2,16,1,2,3,838,598,4,5,2,55,0,0,0,0,0
201900018775,19,6,14,248,5,2,3,1,4584694,253949,5,2,37,2,2,1,465,854,5,4,5,23,0,0,0,0,0
201900018776,19,9,8,430,1,6,7,5,4721570,-313722,8,2,33,2,4,2,630,559,5,1,2,5,0,0,0,0,0
201900018777,19,4,22,341,5,6,8,3,4796256,-88380,9,2,42,1,4,3,669,626,7,5,2,41,0,0,0,0,0
201900018778,19,2,8,566,5,8,9,6,4737943,-213061,1,2,4,2,2,4,628,159,5,6,5,90,0,0,0,0,0
201900018779,19,2,11,2130,3,6,5,7,4899909,8851,7,1,44,3,2,1,115,324,4,2,3,33,0,0,0,0,0
201900018780,19,11,24,7,4,6,7,2,4519540,447131,7,2,47,2,4,3,109,366,3,1,5,95,0,0,0,0,0
201900018781,19,6,14,1462,1,6,3,7,4802883,-254244,7,4,46,3,4,4,156,892,6,7,3,4,0,0,0,0,0
201900018782,19,6,3,181,4,9,8,1,4472726,678007,5,4,50,1,3,3,310,627,3,1,1,79,0,0,0,0,0
201900018783,19,8,22,1505,4,1,8,2,4854485,-65662,6,4,39,1,4,2,63,6,4,4,3,78,0,0,0,0,0
201900018784,19,6,19,1122,3,2,3,1,4570558,28098,7,3,43,3,2,2,538,439,5,1,3,26,0,0,0,0,0
201900018785,19,7,9,2187,1,5,4,1,4637762,-105906,4,3,38,3,1,4,469,441,7,4,4,51,0,0,0,0,0
201900018786,19,4,1,1067,1,7,1,1,4726184,42436,1,4,24,2,1,2,435,710,9,7,2,43,0,0,0,0,0
201900018787,19,6,17,1904,4,9,8,3,4617951,306629,1,1,21,3,3,4,110,377,2,2,3,24,0,0,0,0,0
201900018788,19,1,17,13,1,5,5,4,4513631,238818,2,1,0,1,3,3,704,246,7,3,5,35,0,0,0,0,0
201900018789,19,11,21,2271,3,7,1,7,4688257,-110020,3,1,5,2,3,1,499,312,9,1,5,64,0,0,0,0,0
201900018790,19,2,24,82,1,4,7,2,4508610,114244,1,2,23,3,3,4,436,505,9,3,3,6,0,0,0,0,0
201900018791,19,8,13,594,2,1,9,7,4519195,256181,2,2,21,1,4,3,564,930,9,4,5,25,0,0,0,0,0
201900018792,19,10,21,2359,2,2,3,5,4478113,486586,4,2,12,3,4,4,299,541,4,3,3,7,0,0,0,0,0
201900018793,19,2,16,1250,5,5,6,4,4895942,-346885,4,4,8,1,1,3,233,865,7,2,5,29,0,0,0,0,0
201900018794,19,5,5,134,1,4,7,1,4561042,644543,7,1,7,1,3,4,361,42,1,3,1,69,0,0,0,0,0
201900018795,19,3,24,966,1,9,8,1,4677626,-219131,3,1,28,3,1,2,63,510,6,6,2,16,0,0,0,0,0
201900018796,19,12,26,80,5,6,3,5,4696151,664008,5,1,24,3,4,4,751,829,2,4,3,5,0,0,0,0,0
201900018797,19,10,7,1640,2,1,2,3,4631164,-46686,5,2,20,2,4,3,861,922,2,6,3,60,0,0,0,0,0
201900018798,19,1,22,1104,4,5,4,4,4680126,249248,9,2,15,1,3,3,139,271,6,6,1,37,0,0,0,0,0
201900018799,19,2,25,1818,5,5,7,2,4800459,564753,4,4,11,2,4,2,859,189,7,4,1,56,0,0,0,0,0
201900018800,19,5,10,983,2,7,1,7,4539869,19411,2,2,14,1,1,1,607,329,7,2,1,12,0,0,0,0,0
201900018801,19,7,7,1484,2,4,7,1,4699153,102319,2,1,35,3,2,2,341,829,2,4,4,45,0,0,0,0,0
201900018802,19,7,8,1730,3,9,1,5,4577697,136240,7,2,14,3,1,3,88,459,2,6,3,54,0,0,0,0,0
201900018803,19,9,7,868,4,4,1,2,4587386,-291809,2,2,40,1,2,2,752,215,2,2,3,74,0,0,0,0,0
201900018804,19,6,15,8,5,9,7,6,4441477,43178,9,4,6,1,3,4,863,564,2,4,4,17,0,0,0,0,0
201900018805,19,5,20,40,5,5,2,6,4805160,-169351,7,2,3,2,3,4,286,103,6,2,4,37,0,0,0,0,0
201900018806,19,8,7,221,5,9,8,3,4506236,-246051,8,3,13,3,2,3,588,769,5,4,5,21,0,0,0,0,0
201900018807,19,9,10,763,5,1,6,5,4742877,558695,4,3,13,3,1,1,888,237,6,5,5,52,0,0,0,0,0
201900018808,19,1,24,1186,4,5,7,6,4478940,-42960,3,4,38,2,4,4,851,851,9,7,3,91,0,0,0,0,0
201900018809,19,3,20,1818,2,6,4,6,4529149,308079,8,2,25,3,3,1,68,16,9,6,2,64,0,0,0,0,0
201900018810,19,12,2,68,5,5,2,3,4814735,185952,8,4,15,1,3,1,448,328,9,7,2,37,0,0,0,0,0
201900018811,19,12,16,133,5,1,7,2,4527139,590153,6,4,20,2,2,4,405,403,9,5,5,56,0,0,0,0,0
201900018812,19,4,10,2357,1,6,6,7,4728046,151064,3,4,7,1,2,3,909,945,8,2,1,55,0,0,0,0,0
201900018813,19,8,24,1230,3,9,9,6,4571336,384841,8,3,25,1,4,1,448,923,6,5,2,62,0,0,0,0,0
201900018814,19,12,11,1304,3,8,8,1,4971298,360864,3,4,15,2,2,3,354,333,3,6,1,85,0,0,0,0,0
201900018815,19,8,4,1905,5,9,1,1,4902030,-388312,1,3,36,1,4,1,715,963,1,6,3,3,0,0,0,0,0
201900018816,19,2,4,1919,3,1,6,1,4917240,246647,7,3,21,1,3,4,360,119,1,4,3,65,0,0,0,0,0
201900018817,19,1,4,796,2,5,7,5,4493974,224304,9,3,28,3,1,3,259,445,6,7,1,65,0,0,0,0,0
201900018818,19,6,9,68,4,5,1,1,4973368,524622,3,1,9,3,2,2,136,278,8,7,3,98,0,0,0,0,0
201900018819,19,12,14,1391,1,7,4,3,4841465,459373,9,2,46,2,1,4,221,861,4,1,3,84,0,0,0,0,0
201900018820,19,5,7,1672,3,2,1,1,4898994,150976,7,2,8,3,1,4,129,259,4,5,5,54,0,0,0,0,0
201900018821,19,5,8,1190,1,4,8,5,4832360,249099,8,4,2,1,2,2,598,809,5,5,3,5,0,0,0,0,0
201900018822,19,4,7,560,4,4,7,4,4836728,527957,8,2,21,3,4,1,381,948,6,1,5,60,0,0,0,0,0
201900018823,19,4,3,124,1,3,3,4,4921636,377483,9,1,47,3,2,4,140,135,7,3,1,25,0,0,0,0,0
201900018824,19,2,2,1457,5,2,2,3,4948127,28423,5,4,26,1,4,1,359,321,4,6,3,60,0,0,0,0,0
201900018825,19,12,12,586,4,8,3,7,4886579,490520,7,4,52,1,2,2,883,857,2,3,4,76,0,0,0,0,0
201900018826,19,4,17,1029,2,4,3,3,4442941,117080,3,4,40,2,4,3,629,938,2,3,5,26,0,0,0,0,0
201900018827,19,6,3,78,4,6,1,7,4768287,-211790,1,4,31,1,3,2,183,87,5,6,3,75,0,0,0,0,0
201900018828,19,4,4,1975,1,4,8,5,4519996,661369,8,4,35,3,4,2,397,380,9,5,4,78,0,0,0,0,0
201900018829,19,10,11,146,1,4,2,2,4401902,-178145,4,4,36,1,4,4,846,705,8,7,1,57,0,0,0,0,0
201900018830,19,7,26,1266,3,5,3,1,4513718,115415,9,1,8,2,4,2,357,326,6,7,3,7,0,0,0,0,0
201900018831,19,7,7,2319,2,4,2,3,4894523,-172857,6,3,1,3,1,2,250,619,8,3,4,98,0,0,0,0,0
201900018832,19,7,2,1369,5,3,4,3,4752589,534843,3,3,2,2,2,4,125,318,5,2,3,98,0,0,0,0,0
201900018833,19,5,19,1396,3,9,9,1,4429613,-286544,9,1,24,3,2,2,14,295,2,4,2,41,0,0,0,0,0
201900018834,19,4,16,1800,3,7,6,3,4521537,97328,5,1,13,1,1,2,487,359,8,4,3,34,0,0,0,0,0
201900018835,19,11,13,866,4,4,4,5,4922113,260778,9,3,25,2,1,2,488,926,4,7,1,48,0,0,0,0,0
201900018836,19,6,9,1653,3,7,3,1,4906254,-392375,6,1,32,2,3,3,556,556,6,2,1,99,0,0,0,0,0
201900018837,19,9,25,747,5,3,6,2,4861091,-230160,3,3,22,3,1,4,311,138,8,6,2,87,0,0,0,0,0
201900018838,19,4,19,1858,2,2,1,6,4761361,682623,7,1,46,2,3,1,707,490,3,7,4,52,0,0,0,0,0
201900018839,19,1,8,463,4,8,4,1,4456700,326811,7,3,26,2,1,1,55,905,6,3,5,46,0,0,0,0,0
201900018840,19,11,6,1243,5,8,2,3,4568770,516638,6,2,29,1,3,1,529,958,3,6,2,19,0,0,0,0,0
201900018841,19,9,5,1587,3,3,2,2,4679473,514404,6,1,12,2,3,2,760,577,5,7,4,54,0,0,0,0,0
201900018842,19,5,4,379,1,5,9,1,4600884,98200,1,3,6,2,3,3,11,313,5,7,2,59,0,0,0,0,0
201900018843,19,2,23,1288,2,2,2,6,4958988,541196,3,2,16,1,1,3,772,108,4,6,5,80,0,0,0,0,0
201900018844,19,6,1,655,3,6,5,7,4963967,631192,5,2,26,2,3,4,718,803,9,5,2,6,0,0,0,0,0
201900018845,19,4,19,594,1,8,9,4,4737227,474388,7,3,11,3,3,1,260,206,3,1,1,94,0,0,0,0,0
201900018846,19,4,8,543,3,6,3,7,4629782,-223224,1,2,25,3,3,3,569,143,7,6,2,94,0,0,0,0,0
201900018847,19,5,27,1800,3,8,3,7,4478734,13308,5,3,27,3,2,2,655,196,6,3,1,17,0,0,0,0,0
201900018848,19,12,6,170,4,3,8,2,4815128,-101516,8,4,4,2,2,3,388,343,2,3,4,53,0,0,0,0,0
201900018849,19,8,8,1624,1,2,7,7,4423425,-341568,1,3,44,2,2,1,133,995,1,3,5,60,0,0,0,0,0
201900018850,19,10,17,2130,3,2,9,3,4680734,-388181,2,4,33,1,1,3,661,825,6,3,2,21,0,0,0,0,0
201900018851,19,5,14,1852,3,7,5,1,4498520,-370167,4,2,50,3,4,4,435,193,1,2,2,74,0,0,0,0,0
201900018852,19,12,8,31,1,2,7,6,4805047,-335440,9,2,0,2,3,3,176,422,2,5,1,6,0,0,0,0,0
201900018853,19,5,9,454,3,1,8,1,4658296,587417,3,2,23,2,1,3,590,709,8,3,5,55,0,0,0,0,0
201900018854,19,2,18,1355,1,1,8,5,4633028,663031,3,2,34,3,2,1,620,888,6,2,3,8,0,0,0,0,0
201900018855,19,5,27,1137,5,9,4,4,4546719,173113,6,1,36,3,3,4,234,431,4,1,2,81,0,0,0,0,0
201900018856,19,1,7,2078,1,9,5,6,4779080,490538,6,3,35,2,4,4,588,118,9,1,3,16,0,0,0,0,0
201900018857,19,1,15,2032,1,4,1,4,4925386,607633,8,3,2,1,2,3,248,903,5,7,2,4,0,0,0,0,0
201900018858,19,10,14,849,4,3,8,2,4740432,-25367,4,1,24,2,1,1,694,161,1,7,4,71,0,0,0,0,0
201900018859,19,7,13,1905,5,9,8,1,4499648,-182452,3,4,53,1,4,4,365,14,3,2,4,16,0,0,0,0,0
201900018860,19,11,10,2335,2,1,6,1,4738458,482046,7,4,23,1,2,1,648,455,6,6,1,38,0,0,0,0,0
201900018861,19,5,9,1447,5,1,9,4,4503721,-120910,9,4,24,3,1,4,240,194,3,4,2,45,0,0,0,0,0
201900018862,19,3,11,1301,2,4,7,5,4472460,-274736,1,1,22,1,1,2,849,662,4,5,1,66,0,0,0,0,0
201900018863,19,8,8,1223,2,7,4,6,4528143,490133,7,1,50,1,4,1,246,644,8,6,3,77,0,0,0,0,0
201900018864,19,4,24,1100,1,2,5,5,4962940,-187505,5,2,43,2,3,1,152,942,1,4,3,28,0,0,0,0,0
201900018865,19,3,12,1837,5,1,2,1,4670232,-125492,1,4,1,2,4,2,69,833,2,2,4,67,0,0,0,0,0
201900018866,19,6,6,222,2,7,6,5,4513125,-91018,1,1,38,3,4,2,893,1,7,1,1,71,0,0,0,0,0
201900018867,19,5,25,502,3,1,9,4,4696023,664339,7,4,24,3,3,2,301,845,2,1,3,47,0,0,0,0,0
201900018868,19,6,11,2035,4,3,2,3,4943658,453669,7,2,7,3,2,2,43,623,4,3,5,39,0,0,0,0,0
201900018869,19,10,4,1847,4,1,7,1,4504493,209835,4,3,17,2,2,2,559,560,1,6,2,23,0,0,0,0,0
201900018870,19,10,25,1385,2,3,6,3,4409760,-38221,6,3,9,2,4,3,753,872,1,2,1,97,0,0,0,0,0
201900018871,19,2,22,1099,4,6,5,5,4730304,-297499,4,2,27,1,3,3,493,449,2,6,1,32,0,0,0,0,0
201900018872,19,8,19,267,4,1,5,5,4450419,-14202,8,3,37,1,4,2,372,583,8,2,2,31,0,0,0,0,0
201900018873,19,2,24,1076,2,5,3,7,4871375,655816,9,3,28,3,3,2,316,861,6,5,4,49,0,0,0,0,0
201900018874,19,5,5,1960,3,5,4,6,4870631,563893,6,4,20,3,1,4,416,323,1,4,2,82,0,0,0,0,0
201900018875,19,11,26,1365,5,9,1,2,4912568,-227799,2,1,44,1,2,3,247,162,1,7,4,65,0,0,0,0,0
201900018876,19,4,23,1775,3,6,8,5,4483348,-306280,2,3,45,2,3,1,562,979,3,5,4,16,0,0,0,0,0
201900018877,19,3,2,1017,3,4,7,7,4762745,663192,9,1,7,3,4,1,902,868,3,1,5,27,0,0,0,0,0
201900018878,19,12,21,2113,3,4,2,3,4724898,472,7,3,4,3,1,4,759,325,3,1,4,85,0,0,0,0,0
201900018879,19,2,28,1752,2,6,3,6,4669297,665477,5,2,49,1,2,2,506,471,7,1,1,10,0,0,0,0,0
201900018880,19,3,5,2076,5,4,7,2,4769852,-58658,1,1,53,3,1,4,748,768,1,3,4,55,0,0,0,0,0
201900018881,19,1,9,447,2,2,4,3,4564275,347005,5,3,52,1,4,1,833,389,8,3,3,27,0,0,0,0,0
201900018882,19,8,27,1744,1,6,5,2,4856559,459987,1,4,31,1,3,3,665,345,6,2,1,53,0,0,0,0,0
201900018883,19,1,17,1395,4,4,5,4,4751305,255784,3,4,36,3,1,4,654,430,8,5,5,71,0,0,0,0,0
201900018884,19,6,12,530,3,9,6,7,4713123,42383,6,4,46,2,1,3,786,272,7,6,5,64,0,0,0,0,0
201900018885,19,4,22,1861,2,2,7,6,4922459,498713,6,4,35,3,3,3,200,852,6,4,4,31,0,0,0,0,0
201900018886,19,1,18,1573,5,8,8,6,4848092,220044,5,1,22,2,4,1,607,250,9,5,1,80,0,0,0,0,0
201900018887,19,6,15,810,5,9,8,7,4829522,-333828,4,3,36,1,1,3,500,529,3,4,3,58,0,0,0,0,0
201900018888,19,12,26,2212,4,2,5,2,4781040,232128,3,2,21,1,3,2,876,786,7,7,3,33,0,0,0,0,0
201900018889,19,6,8,416,3,2,5,3,4666743,58095,6,1,9,3,3,3,713,585,8,3,3,34,0,0,0,0,0
201900018890,19,9,17,646,5,7,1,7,4669197,-146498,3,2,2,1,2,1,572,129,1,5,3,70,0,0,0,0,0
201900018891,19,10,19,1580,1,5,4,7,4676483,-337148,5,2,43,3,4,4,394,11,3,3,3,16,0,0,0,0,0
201900018892,19,7,5,2154,3,8,1,6,4483541,-194658,2,1,13,3,4,3,660,36,8,2,4,80,0,0,0,0,0
201900018893,19,7,5,1417,5,1,8,4,4912765,543073,8,1,52,3,3,2,714,309,8,7,2,97,0,0,0,0,0
201900018894,19,3,8,712,2,7,2,7,4801735,-50632,6,2,26,3,2,1,326,681,9,2,5,81,0,0,0,0,0
201900018895,19,3,21,2007,5,7,8,5,4439010,1873,1,2,17,3,2,2,442,16,9,4,3,80,0,0,0,0,0
201900018896,19,4,9,1010,2,7,7,7,4745828,489322,9,3,42,2,3,1,382,668,2,6,2,33,0,0,0,0,0
201900018897,19,6,7,1045,1,3,8,1,4740659,271702,7,4,3,3,1,1,903,613,2,6,1,35,0,0,0,0,0
201900018898,19,12,20,1173,1,9,7,7,4984326,566896,6,4,26,3,4,2,107,34,4,4,1,6,0,0,0,0,0
201900018899,19,11,19,1848,4,1,8,7,4554809,-9144,5,3,25,1,2,4,395,920,5,3,4,96,0,0,0,0,0
201900018900,19,3,28,317,1,7,2,7,4627719,-75369,3,2,53,1,3,3,850,553,1,4,5,11,0,0,0,0,0
201900018901,19,5,3,1115,2,4,2,1,4514755,422721,7,2,51,2,1,4,296,484,7,2,1,46,0,0,0,0,0
201900018902,19,4,11,989,5,6,1,3,4521545,-184049,5,4,23,2,2,3,160,632,2,7,5,53,0,0,0,0,0
201900018903,19,6,9,1570,1,9,1,5,4779037,252045,5,2,11,3,1,3,404,60,3,6,1,17,0,0,0,0,0
201900018904,19,12,4,1558,4,9,2,6,4615397,589147,1,1,2,1,2,3,211,279,8,2,2,92,0,0,0,0,0
201900018905,19,12,7,1675,4,3,2,6,4652272,559083,4,2,19,3,1,3,541,985,6,7,4,91,0,0,0,0,0
201900018906,19,11,1,119,4,1,5,3,4927157,388339,5,2,3,1,2,4,472,950,6,5,4,70,0,0,0,0,0
201900018907,19,12,14,1745,5,5,5,4,4408394,-313522,3,1,19,3,4,4,703,817,9,3,1,3,0,0,0,0,0
201900018908,19,9,13,2301,2,6,8,1,4662849,-174649,9,2,38,3,3,1,469,656,7,5,1,38,0,0,0,0,0
201900018909,19,6,17,1763,5,2,8,1,4492122,670746,9,4,19,2,1,2,674,536,6,5,1,31,0,0,0,0,0
201900018910,19,4,4,1210,1,2,9,1,4805390,31309,8,4,28,1,1,2,781,953,1,1,2,50,0,0,0,0,0
201900018911,19,11,24,1334,3,8,6,2,4609666,-279460,7,4,10,2,1,2,635,500,5,2,1,72,0,0,0,0,0
201900018912,19,8,5,1397,3,2,2,1,4724179,510531,3,3,17,3,2,3,295,142,4,5,3,55,0,0,0,0,0
201900018913,19,11,16,937,4,1,5,2,4808446,105216,5,1,42,1,1,1,823,207,3,7,3,61,0,0,0,0,0
201900018914,19,2,28,745,1,1,2,5,4882195,586274,7,4,10,3,4,3,691,719,1,5,2,49,0,0,0,0,0
201900018915,19,10,17,201,3,3,3,3,4947736,-308144,8,2,42,1,2,4,261,96,8,1,2,83,0,0,0,0,0
201900018916,19,1,18,1331,1,6,2,4,4741065,541115,2,3,31,1,4,1,243,298,4,6,1,96,0,0,0,0,0
201900018917,19,4,8,1472,5,8,1,7,4803335,698511,7,2,13,3,2,2,486,244,6,6,5,81,0,0,0,0,0
201900018918,19,8,12,687,1,4,1,5,4569167,472237,9,2,49,3,3,2,808,164,9,5,2,29,0,0,0,0,0
201900018919,19,4,26,484,3,3,4,1,4931104,474285,1,3,35,1,2,1,559,972,1,7,1,59,0,0,0,0,0
201900018920,19,9,18,734,1,8,9,3,4925367,-354833,6,3,41,1,1,1,677,286,7,1,2,68,0,0,0,0,0
201900018921,19,10,27,318,1,7,6,1,4421252,479843,2,1,44,3,4,1,895,966,3,2,3,63,0,0,0,0,0
201900018922,19,2,26,443,1,3,4,7,4932717,71571,1,3,36,3,2,1,785,6,7,7,5,93,0,0,0,0,0
201900018923,19,5,19,1559,3,8,3,7,4434012,-241307,1,3,5,1,3,2,381,236,8,4,2,40,0,0,0,0,0
201900018924,19,4,17,974,5,8,4,1,4611071,73129,6,3,53,2,4,3,355,327,2,4,5,23,0,0,0,0,0
201900018925,19,12,27,313,5,7,6,4,4750284,536816,8,4,24,2,1,3,71,388,5,2,4,46,0,0,0,0,0
201900018926,19,2,12,799,1,6,8,6,4532139,104798,5,1,2,3,2,3,484,966,7,1,1,43,0,0,0,0,0
201900018927,19,6,12,1524,3,8,4,7,4891360,-199719,6,2,26,3,1,2,777,983,2,7,3,42,0,0,0,0,0
201900018928,19,2,18,2011,2,1,3,4,4900251,84649,9,4,44,2,2,3,367,979,5,2,5,79,0,0,0,0,0
201900018929,19,5,12,1816,3,1,7,6,4619879,-122912,8,1,17,1,3,2,125,466,3,1,1,86,0,0,0,0,0