Num_Acc,an,mois,jour,hrmn,lum,int,atm,col,lat,long,catr,circ,nbv,vosp,prof,plan,lartpc,larrout,surf,infra,situ,env1,unscathed,killed,hospital,light,chance
201900018930,19,3,28,485,2,8,7,6,4528556,173988,1,2,52,1,3,1,831,613,6,7,1,57,0,0,0,0,0
201900018931,19,10,5,388,5,2,8,3,4660571,-122830,1,2,12,1,3,3,677,511,6,3,2,39,0,0,0,0,0
201900018932,19,11,6,1932,5,1,5,2,4582516,-31725,6,1,17,1,1,1,113,581,5,7,5,25,0,0,0,0,0
201900018933,19,5,13,314,5,4,7,7,4950994,387749,2,1,14,3,4,3,203,703,4,3,2,18,0,0,0,0,0
201900018934,19,1,6,1786,2,6,6,1,4881232,-388126,3,1,17,1,2,3,50,611,4,3,1,40,0,0,0,0,0
201900018935,19,9,19,1334,4,6,1,3,4518119,401321,1,1,26,2,4,3,391,345,5,4,1,92,0,0,0,0,0
201900018936,19,10,1,1630,1,8,1,6,4843280,-169986,2,2,37,3,3,2,8,10,8,6,5,8,0,0,0,0,0
201900018937,19,7,12,1658,4,2,7,2,4657994,24981,2,2,15,2,4,4,627,295,1,6,2,55,0,0,0,0,0
201900018938,19,4,8,2317,2,1,5,5,4641754,-103449,5,3,19,1,2,2,628,478,1,2,4,36,0,0,0,0,0
201900018939,19,12,3,1363,5,4,8,5,4769562,142848,7,3,7,3,3,3,887,207,3,1,5,7,0,0,0,0,0
201900018940,19,9,1,745,2,3,8,5,4572511,-59772,7,3,16,2,2,4,117,408,3,7,4,37,0,0,0,0,0
201900018941,19,12,25,857,2,5,4,5,4609822,-329795,8,1,46,2,1,4,26,74,5,1,3,66,0,0,0,0,0
201900018942,19,8,18,1959,4,7,4,4,4450614,-107457,8,4,1,1,1,3,181,83,4,7,2,27,0,0,0,0,0
201900018943,19,5,27,1130,2,1,4,3,4719903,-134264,8,2,22,3,1,2,87,76,6,7,4,43,0,0,0,0,0
201900018944,19,8,17,1259,5,6,9,1,4843499,-392699,2,1,52,2,4,3,766,546,4,7,1,67,0,0,0,0,0
201900018945,19,2,4,2033,3,2,3,4,4865159,589350,3,2,34,1,4,3,713,300,9,7,3,5,0,0,0,0,0
201900018946,19,12,8,2349,5,6,2,6,4679265,425015,7,4,35,2,1,4,164,498,8,6,3,59,0,0,0,0,0
201900018947,19,11,20,310,1,6,1,5,4628544,-184285,7,4,40,2,3,2,598,957,6,7,5,71,0,0,0,0,0
201900018948,19,1,7,1639,2,9,6,5,4973017,593667,9,3,50,3,4,4,758,230,9,6,2,81,0,0,0,0,0
201900018949,19,6,9,1507,2,8,2,6,4996413,642560,7,3,1,3,2,2,728,414,8,6,1,74,0,0,0,0,0
201900018950,19,6,17,305,2,9,4,4,4697397,560377,3,2,22,3,2,4,506,177,7,4,1,58,0,0,0,0,0
201900018951,19,2,24,1421,4,3,7,7,4504460,558768,3,4,22,2,1,3,60,169,4,2,4,13,0,0,0,0,0
201900018952,19,10,15,1683,3,1,5,4,4969093,450999,6,4,14,1,4,3,315,174,7,3,5,81,0,0,0,0,0
201900018953,19,12,25,1128,2,6,7,4,4487992,180397,1,4,19,1,2,1,640,494,2,2,5,76,0,0,0,0,0
201900018954,19,3,19,425,5,4,4,4,4985382,-310620,8,2,51,2,3,3,633,819,3,7,5,79,0,0,0,0,0
201900018955,19,7,7,1047,3,1,5,1,4710029,493352,5,3,44,2,3,4,843,43,7,4,3,68,0,0,0,0,0
201900018956,19,10,28,1402,3,6,1,2,4572785,323122,6,2,40,1,2,4,447,642,8,5,5,46,0,0,0,0,0
201900018957,19,10,25,350,3,4,4,5,4452678,333349,2,3,17,1,3,4,647,860,6,5,3,54,0,0,0,0,0
201900018958,19,9,7,475,3,5,6,6,4812832,-39036,3,4,27,1,3,2,900,314,6,3,3,76,0,0,0,0,0
201900018959,19,5,22,183,3,2,5,1,4636758,636791,9,2,25,1,2,1,177,520,2,6,2,99,0,0,0,0,0
201900018960,19,8,15,632,3,3,7,1,4760841,641527,1,2,7,2,4,4,86,806,2,2,2,24,0,0,0,0,0
201900018961,19,1,19,383,1,4,2,5,4943352,142245,7,1,20,1,3,3,514,276,2,1,4,27,0,0,0,0,0
201900018962,19,5,27,735,3,9,7,1,4502934,-224322,5,4,48,3,3,3,408,512,3,2,5,31,0,0,0,0,0
201900018963,19,1,5,448,1,2,8,2,4504457,-384011,8,2,17,3,2,3,813,187,9,5,3,75,0,0,0,0,0
201900018964,19,2,6,1367,4,2,7,4,4814370,343021,6,4,6,3,1,4,909,875,6,1,4,3,0,0,0,0,0
201900018965,19,2,19,1064,5,1,7,4,4721776,689903,8,1,41,3,4,1,342,403,2,5,1,69,0,0,0,0,0
201900018966,19,4,8,573,5,5,1,3,4424782,600949,5,4,4,2,3,3,774,794,7,1,4,5,0,0,0,0,0
201900018967,19,3,1,2233,1,1,9,2,4785640,587722,5,3,23,3,1,4,514,275,1,7,3,43,0,0,0,0,0
201900018968,19,9,2,65,3,3,1,5,4673262,-210124,4,2,44,2,1,3,224,863,3,7,4,56,0,0,0,0,0
201900018969,19,9,14,858,4,4,6,7,4732692,57731,7,3,2,2,2,2,735,407,9,5,2,72,0,0,0,0,0
201900018970,19,4,21,19,4,4,9,2,4545220,-241330,2,1,52,3,4,2,729,568,4,4,3,50,0,0,0,0,0
201900018971,19,11,5,1444,2,8,3,1,4663463,109360,8,3,20,3,2,3,319,122,9,6,5,7,0,0,0,0,0
201900018972,19,4,21,1241,2,1,5,7,4925978,581027,1,4,16,3,1,4,608,868,4,5,4,72,0,0,0,0,0
201900018973,19,7,16,342,4,9,2,7,4416831,-206405,2,1,32,2,1,3,221,160,8,2,1,24,0,0,0,0,0
201900018974,19,2,25,1060,2,2,6,6,4653107,114437,6,2,27,2,3,2,393,996,5,5,3,44,0,0,0,0,0
201900018975,19,4,1,1274,5,2,9,3,4708241,-254494,9,2,47,1,1,2,217,445,8,4,4,19,0,0,0,0,0
201900018976,19,2,24,408,4,7,7,7,4829440,-28338,9,4,46,3,2,2,234,992,2,6,1,55,0,0,0,0,0
201900018977,19,7,1,385,3,8,4,3,4531643,68627,1,4,21,2,2,1,19,621,5,7,5,95,0,0,0,0,0
201900018978,19,7,3,39,3,2,8,5,4570618,137778,3,3,2,3,1,2,539,158,3,2,2,61,0,0,0,0,0
201900018979,19,2,17,791,4,8,4,2,4853818,160983,8,2,34,2,3,4,365,295,1,5,3,47,0,0,0,0,0
201900018980,19,8,21,605,3,8,4,4,4430191,-88549,5,4,0,2,4,2,642,895,5,2,2,92,0,0,0,0,0
201900018981,19,3,10,1256,3,2,2,6,4972744,347818,6,4,35,1,3,3,424,513,1,6,1,11,0,0,0,0,0
201900018982,19,1,28,651,1,5,9,4,4403131,-143337,8,2,47,3,2,4,429,78,6,5,2,14,0,0,0,0,0
201900018983,19,5,4,69,1,7,6,1,4823245,669784,7,3,45,1,4,2,716,103,1,7,1,42,0,0,0,0,0
201900018984,19,4,3,1592,1,9,3,2,4505841,-370511,4,4,47,3,4,3,300,675,6,5,3,36,0,0,0,0,0
201900018985,19,9,28,326,3,9,5,2,4974134,47521,4,2,27,3,3,2,653,504,9,2,1,1,0,0,0,0,0
201900018986,19,2,5,879,3,2,6,3,4895616,113043,4,1,27,2,3,3,41,607,2,2,3,86,0,0,0,0,0
201900018987,19,3,14,1583,2,8,6,3,4884990,-361381,5,2,33,1,4,2,596,274,1,1,5,8,0,0,0,0,0
201900018988,19,10,25,702,4,3,5,2,4873462,163788,9,3,6,3,3,2,455,471,7,1,5,52,0,0,0,0,0
201900018989,19,4,23,1307,1,4,8,2,4882363,-289562,7,4,15,3,3,2,410,769,1,5,2,76,0,0,0,0,0
201900018990,19,4,17,1211,5,8,3,1,4588389,492834,6,3,43,1,4,4,143,354,5,4,5,43,0,0,0,0,0
201900018991,19,5,22,994,4,8,2,6,4970273,660283,5,4,49,1,2,2,83,685,1,3,2,65,0,0,0,0,0
201900018992,19,3,6,1515,3,2,7,1,4898056,237248,1,2,51,3,1,1,740,580,6,3,4,58,0,0,0,0,0
201900018993,19,4,15,2268,4,2,4,2,4645115,81046,7,1,18,2,1,1,417,130,9,3,3,44,0,0,0,0,0
201900018994,19,9,27,560,3,6,3,3,4478004,202134,8,3,0,3,1,3,475,118,5,5,4,96,0,0,0,0,0
201900018995,19,9,19,2320,5,1,3,6,4737142,165901,7,2,16,2,4,1,628,683,9,4,2,93,0,0,0,0,0
201900018996,19,5,9,1512,1,9,6,3,4410413,569464,6,3,10,3,2,1,8,405,6,3,4,21,0,0,0,0,0
201900018997,19,7,28,1514,2,8,8,5,4688026,514430,6,4,19,3,3,2,608,398,4,6,5,27,0,0,0,0,0
201900018998,19,3,1,529,4,4,7,6,4584519,-31027,6,4,43,2,2,3,485,442,9,5,2,66,0,0,0,0,0
201900018999,19,6,14,385,5,2,4,3,4676394,-359675,5,4,36,3,1,2,189,277,1,7,2,45,0,0,0,0,0
201900019000,19,6,5,146,4,2,8,2,4810304,457857,2,2,34,3,4,3,760,822,8,4,3,61,0,0,0,0,0
201900019001,19,9,5,724,1,5,1,7,4795688,269631,6,1,24,3,3,3,133,520,9,4,4,53,0,0,0,0,0
201900019002,19,8,7,1766,3,5,9,1,4667089,295177,4,3,10,3,3,2,435,537,5,2,4,78,0,0,0,0,0
201900019003,19,11,23,357,2,1,7,7,4545397,227848,3,3,43,3,4,4,568,302,3,3,1,55,0,0,0,0,0
201900019004,19,9,6,570,1,7,9,5,4842718,608901,7,3,3,3,2,1,42,714,5,2,1,23,0,0,0,0,0
201900019005,19,1,18,677,5,1,2,6,4800782,-335082,4,3,34,1,1,3,453,505,1,2,2,58,0,0,0,0,0
201900019006,19,7,1,455,3,6,4,4,4907508,659481,2,1,32,2,1,2,901,624,6,4,3,28,0,0,0,0,0
201900019007,19,3,19,387,2,8,1,3,4994761,596800,5,4,49,2,2,3,497,976,5,3,4,68,0,0,0,0,0
201900019008,19,6,10,186,5,1,3,5,4768573,33278,6,1,51,2,3,1,238,253,8,1,1,48,0,0,0,0,0
201900019009,19,4,21,1412,2,6,3,4,4624573,453769,3,3,51,3,3,2,65,180,1,5,2,86,0,0,0,0,0
201900019010,19,7,3,2011,1,6,2,7,4671615,336191,4,2,21,1,4,4,379,367,1,7,1,77,0,0,0,0,0
201900019011,19,6,12,252,5,3,8,1,4469821,639067,8,3,40,3,3,3,111,153,6,2,2,70,0,0,0,0,0
201900019012,19,1,28,736,3,2,2,1,4489689,14584,8,2,16,2,2,3,900,839,5,5,1,62,0,0,0,0,0
201900019013,19,1,10,2150,3,7,7,3,4664985,-199495,7,1,42,3,4,1,848,785,5,2,4,63,0,0,0,0,0
201900019014,19,12,20,1681,5,7,2,2,4732284,561455,1,4,18,1,4,2,370,535,2,5,2,90,0,0,0,0,0
201900019015,19,9,8,2156,4,8,2,2,4469784,259169,9,3,41,1,1,3,740,371,1,6,1,32,0,0,0,0,0
201900019016,19,10,10,2348,2,4,4,4,4900756,454233,8,2,41,3,2,2,129,866,8,2,4,30,0,0,0,0,0
201900019017,19,5,7,2321,2,3,3,1,4972786,-83250,5,3,3,2,3,4,429,505,9,4,3,7,0,0,0,0,0
201900019018,19,6,7,181,1,5,3,7,4476564,628641,7,3,19,2,3,3,567,683,6,6,2,74,0,0,0,0,0
201900019019,19,2,23,226,2,1,8,7,4918396,-308075,5,4,9,1,1,4,488,659,2,2,3,98,0,0,0,0,0
201900019020,19,2,12,1789,4,2,8,6,4483946,-26266,7,1,40,1,1,1,555,544,3,2,1,27,0,0,0,0,0
201900019021,19,6,16,2082,3,3,4,6,4756075,-115284,5,4,34,2,2,4,743,590,9,5,1,23,0,0,0,0,0
201900019022,19,3,6,1138,5,9,4,4,4549036,523658,8,3,46,2,3,2,125,937,5,5,1,29,0,0,0,0,0
201900019023,19,6,12,2155,3,4,7,7,4653949,-284510,4,1,46,2,1,3,783,213,9,3,3,23,0,0,0,0,0
201900019024,19,6,15,2091,2,5,4,2,4786341,88048,9,3,42,3,3,3,49,299,6,3,1,41,0,0,0,0,0
201900019025,19,1,26,1244,3,9,4,3,4693559,-119949,5,4,39,1,4,3,413,635,4,3,5,97,0,0,0,0,0
201900019026,19,3,21,113,5,5,5,7,4502989,683865,6,1,12,3,1,2,599,552,7,1,5,0,0,0,0,0,0
201900019027,19,6,24,1089,2,1,5,3,4705880,-84977,7,3,49,2,4,1,222,186,8,2,5,89,0,0,0,0,0
201900019028,19,11,12,840,5,9,6,7,4762506,655945,9,1,24,3,4,4,322,520,2,5,3,3,0,0,0,0,0
201900019029,19,3,3,34,1,8,9,2,4532741,64432,9,3,45,1,4,4,407,637,9,3,3,30,0,0,0,0,0
201900019030,19,9,10,1775,4,1,6,2,4939247,-257557,1,3,17,3,3,3,130,504,7,5,4,62,0,0,0,0,0
201900019031,19,8,20,552,2,4,1,2,4729809,-303710,7,3,33,3,2,4,676,469,3,3,4,77,0,0,0,0,0
201900019032,19,7,17,1575,4,3,3,1,4804083,386967,6,1,48,1,2,2,199,782,5,7,3,3,0,0,0,0,0
201900019033,19,4,15,728,1,3,8,1,4686317,139226,9,4,49,2,1,3,717,749,8,6,3,64,0,0,0,0,0
201900019034,19,11,23,1282,5,7,3,5,4947807,-123031,2,3,32,3,1,1,584,954,5,7,4,36,0,0,0,0,0
201900019035,19,1,8,1015,1,1,3,5,4749067,301389,3,1,0,1,2,2,77,270,8,4,4,94,0,0,0,0,0
201900019036,19,8,8,2005,4,2,6,6,4840731,9907,1,2,29,2,2,1,103,524,2,5,1,72,0,0,0,0,0
201900019037,19,6,14,1004,5,8,4,7,4530784,403972,9,1,0,3,3,4,875,159,1,7,1,33,0,0,0,0,0
201900019038,19,7,25,2231,1,3,2,5,4400187,204862,4,2,3,2,3,4,270,462,4,3,3,43,0,0,0,0,0
201900019039,19,7,8,351,5,6,9,1,4972421,413001,3,2,38,2,1,4,251,710,5,7,2,53,0,0,0,0,0
201900019040,19,12,26,662,2,4,9,4,4424131,107534,3,4,17,1,2,4,345,871,5,2,3,29,0,0,0,0,0
201900019041,19,11,13,2262,4,7,6,4,4771548,-13650,9,4,14,2,4,1,910,896,3,3,5,81,0,0,0,0,0
201900019042,19,4,13,1452,1,2,1,2,4720458,286481,9,2,24,1,1,2,676,811,6,1,2,51,0,0,0,0,0
201900019043,19,5,20,524,4,2,1,4,4467888,91221,6,3,43,1,3,4,389,204,5,3,1,59,0,0,0,0,0
201900019044,19,5,16,1342,4,2,9,6,4499200,292139,3,3,31,3,1,4,888,796,7,5,1,26,0,0,0,0,0
201900019045,19,7,3,441,3,6,1,5,4628765,208660,1,2,43,1,1,2,248,712,6,1,1,80,0,0,0,0,0
201900019046,19,8,17,588,4,1,3,5,4849157,371785,2,1,30,1,1,2,462,842,5,1,2,34,0,0,0,0,0
201900019047,19,9,20,818,3,7,9,3,4695681,80259,7,2,17,2,2,4,881,61,1,5,3,87,0,0,0,0,0
201900019048,19,7,20,627,2,9,3,2,4878035,209595,9,4,10,3,3,4,647,382,1,5,5,46,0,0,0,0,0
201900019049,19,1,14,1072,5,2,2,4,4900073,318671,3,3,42,1,2,3,89,69,6,5,2,97,0,0,0,0,0
201900019050,19,11,10,1099,1,3,9,2,4499752,127148,9,2,6,1,1,1,699,535,2,3,4,30,0,0,0,0,0
201900019051,19,11,13,117,1,3,2,2,4977214,346273,9,3,29,3,4,4,159,594,4,7,3,84,0,0,0,0,0
201900019052,19,5,13,1948,2,2,1,2,4903177,235364,1,2,25,3,2,3,833,530,2,5,2,94,0,0,0,0,0
201900019053,19,12,22,1516,5,5,6,3,4749141,243164,4,2,15,2,3,3,532,970,8,2,1,72,0,0,0,0,0
201900019054,19,8,6,1792,3,1,3,6,4632617,681044,1,3,16,2,4,3,365,282,5,7,5,38,0,0,0,0,0
201900019055,19,12,17,65,4,7,7,1,4533092,291149,8,1,34,3,4,2,594,376,4,5,5,7,0,0,0,0,0
201900019056,19,8,8,102,4,5,4,5,4975178,657416,8,1,43,2,4,3,402,396,4,5,3,84,0,0,0,0,0
201900019057,19,3,25,2112,3,2,3,3,4617964,-394840,7,4,46,1,4,3,703,339,9,3,1,38,0,0,0,0,0
201900019058,19,9,11,236,1,1,7,5,4814030,-249324,1,3,18,1,3,4,433,108,3,4,1,9,0,0,0,0,0
201900019059,19,1,13,144,1,3,5,4,4581752,695698,3,2,7,3,2,2,337,702,8,2,5,57,0,0,0,0,0
201900019060,19,1,18,807,2,6,2,3,4513586,-170496,9,4,1,3,2,3,745,99,1,5,3,73,0,0,0,0,0
201900019061,19,7,17,106,4,8,5,1,4904185,86889,4,2,46,3,4,1,658,980,2,7,3,97,0,0,0,0,0
201900019062,19,6,21,1930,1,8,9,6,4420191,-385098,4,4,23,1,2,1,674,689,8,4,3,78,0,0,0,0,0
201900019063,19,7,8,1011,2,7,3,4,4610903,-83,9,1,13,1,1,4,140,459,4,1,2,23,0,0,0,0,0
201900019064,19,4,15,292,5,7,9,7,4686172,591716,1,1,49,3,1,1,100,442,6,4,2,33,0,0,0,0,0
201900019065,19,4,15,1336,1,5,2,5,4607827,-260209,8,2,14,1,1,3,808,919,9,1,3,44,0,0,0,0,0
201900019066,19,9,17,1095,3,3,3,3,4693282,5032,4,1,10,1,1,4,509,950,3,3,2,2,0,0,0,0,0
201900019067,19,5,27,1758,5,3,7,6,4833699,338311,5,4,12,1,3,1,899,789,5,2,3,8,0,0,0,0,0
201900019068,19,1,19,582,4,6,3,2,4686287,-161200,7,3,44,1,2,4,638,235,2,4,2,57,0,0,0,0,0
201900019069,19,2,5,800,4,4,4,3,4674466,-150709,5,4,5,1,1,4,564,866,4,1,5,58,0,0,0,0,0
201900019070,19,4,13,1911,5,5,8,1,4556373,159529,5,4,8,3,4,1,625,188,1,3,2,72,0,0,0,0,0
201900019071,19,7,24,669,3,8,3,6,4803661,90217,4,4,17,1,4,2,737,628,3,2,1,87,0,0,0,0,0
201900019072,19,12,21,1539,4,1,9,3,4877860,63684,9,2,41,1,2,4,492,388,5,3,5,67,0,0,0,0,0
201900019073,19,4,13,657,2,2,5,4,4750903,423046,5,3,1,3,3,2,531,740,9,3,2,26,0,0,0,0,0
201900019074,19,12,11,1819,4,1,5,7,4431645,89284,5,2,37,1,3,4,92,182,8,5,3,36,0,0,0,0,0
201900019075,19,2,28,1801,4,1,1,3,4829203,271680,2,2,39,3,1,4,96,25,8,4,2,86,0,0,0,0,0
201900019076,19,1,26,1054,5,5,4,6,4905042,177616,9,2,34,3,3,1,844,123,6,4,3,29,0,0,0,0,0
201900019077,19,8,10,1236,2,5,8,6,4637768,666520,8,3,43,1,2,2,301,56,3,6,3,44,0,0,0,0,0
201900019078,19,9,14,1243,1,1,8,3,4448486,-348469,4,3,42,1,2,4,144,342,9,3,3,94,0,0,0,0,0
201900019079,19,10,16,1192,3,9,3,2,4946422,592283,1,1,24,2,1,3,143,85,2,7,2,68,0,0,0,0,0
201900019080,19,6,1,2003,3,2,4,2,4733495,256096,7,2,51,2,3,3,533,313,5,2,2,33,0,0,0,0,0
201900019081,19,6,2,997,5,6,2,5,4905633,481447,6,4,42,1,1,2,580,735,4,4,3,81,0,0,0,0,0
201900019082,19,2,26,1418,4,4,8,1,4494362,14205,1,3,12,1,2,2,284,835,6,7,2,20,0,0,0,0,0
201900019083,19,6,14,2240,2,4,5,1,4756669,-354305,4,4,4,2,2,1,183,108,2,2,2,49,0,0,0,0,0
201900019084,19,8,8,1328,1,5,8,2,4697847,5059,5,4,16,3,3,1,878,565,9,2,1,68,0,0,0,0,0
201900019085,19,11,6,2114,2,7,3,7,4814458,430571,5,3,29,1,1,3,393,695,7,3,1,67,0,0,0,0,0
201900019086,19,7,16,1684,2,7,5,7,4557180,276820,1,1,50,3,4,4,481,95,9,3,3,18,0,0,0,0,0
201900019087,19,5,6,1732,1,6,4,4,4885667,16546,6,1,33,2,1,3,328,451,7,3,3,71,0,0,0,0,0
201900019088,19,11,10,386,2,8,4,1,4962548,596838,4,3,34,2,2,3,697,294,2,2,3,3,0,0,0,0,0
201900019089,19,6,19,875,3,1,7,7,4814914,230804,4,1,45,1,2,4,358,337,8,1,2,6,0,0,0,0,0
201900019090,19,8,19,828,2,4,5,7,4400649,160126,4,2,53,3,3,2,99,539,7,1,3,2,0,0,0,0,0
201900019091,19,7,11,90,2,2,1,1,4518757,82393,5,1,34,2,2,1,843,748,3,7,5,42,0,0,0,0,0
201900019092,19,3,23,1998,2,4,3,7,4970107,562008,9,1,13,1,4,2,194,871,6,6,4,53,0,0,0,0,0
201900019093,19,9,21,55,1,4,1,5,4555835,-247047,2,4,25,3,1,4,225,267,7,6,1,3,0,0,0,0,0
201900019094,19,7,28,939,5,9,8,3,4400537,-40099,3,1,40,1,3,1,624,697,7,6,5,19,0,0,0,0,0
201900019095,19,4,6,2106,4,7,6,5,4727817,248614,8,2,47,3,1,3,299,558,5,7,2,45,0,0,0,0,0
201900019096,19,11,6,1838,3,9,5,4,4659281,336327,2,4,24,1,2,2,519,570,2,4,1,71,0,0,0,0,0
201900019097,19,3,19,1444,2,3,1,4,4817636,6061,3,3,23,2,2,1,867,981,7,6,3,53,0,0,0,0,0
201900019098,19,10,14,2145,4,6,4,1,4847345,-379918,8,4,3,3,4,2,435,61,5,4,5,92,0,0,0,0,0
201900019099,19,1,26,1893,2,7,4,6,4842468,167547,1,3,25,2,3,4,245,7,5,1,3,58,0,0,0,0,0
201900019100,19,2,1,1512,4,6,5,7,4875778,-118,3,1,4,1,2,1,877,995,5,7,5,5,0,0,0,0,0
201900019101,19,2,6,1627,1,3,8,4,4753516,289877,5,4,44,1,3,3,336,287,4,1,4,87,0,0,0,0,0
201900019102,19,5,6,207,5,1,8,5,4866736,-243565,1,4,44,2,4,1,671,807,2,7,1,13,0,0,0,0,0
201900019103,19,7,10,312,4,1,5,7,4434650,-243084,8,1,50,1,2,1,310,774,6,5,3,88,0,0,0,0,0
201900019104,19,4,28,633,2,3,9,7,4759181,341434,8,2,36,1,2,4,851,999,1,2,1,76,0,0,0,0,0
201900019105,19,7,9,1248,1,4,7,1,4793368,523819,1,4,20,3,2,3,110,161,3,3,4,19,0,0,0,0,0
201900019106,19,3,23,225,2,7,3,4,4402615,-396648,7,1,4,2,2,2,406,86,4,3,1,63,0,0,0,0,0
201900019107,19,2,19,404,3,1,3,4,4575148,-228916,9,2,41,2,1,4,716,219,4,4,4,71,0,0,0,0,0
201900019108,19,8,4,1038,1,6,9,1,4480698,-190986,8,1,22,3,3,4,84,27,6,1,1,91,0,0,0,0,0
201900019109,19,9,13,782,1,7,1,5,4844099,471459,6,1,46,3,2,2,347,868,3,6,1,69,0,0,0,0,0
201900019110,19,5,5,1187,4,7,9,4,4727814,-72397,6,4,23,2,4,4,761,581,8,6,3,77,0,0,0,0,0
201900019111,19,5,12,511,1,3,9,4,4430327,542598,3,3,52,2,1,3,767,325,6,6,2,75,0,0,0,0,0
201900019112,19,2,8,901,3,7,8,4,4996475,422940,9,2,28,2,4,2,693,608,4,1,2,83,0,0,0,0,0
201900019113,19,3,12,43,2,7,8,2,4779844,17517,9,2,27,2,1,3,784,93,5,6,5,20,0,0,0,0,0
201900019114,19,9,11,204,3,1,5,1,4887466,288252,2,1,11,2,2,2,755,789,1,5,2,70,0,0,0,0,0
201900019115,19,12,25,1431,5,6,8,5,4467759,17057,2,2,29,3,3,3,352,351,1,7,4,94,0,0,0,0,0
201900019116,19,5,14,638,5,7,3,6,4710192,-390213,4,3,48,3,1,1,657,854,5,2,2,83,0,0,0,0,0
201900019117,19,3,9,450,1,2,7,2,4841700,97406,8,4,17,1,2,2,560,684,7,6,4,42,0,0,0,0,0
201900019118,19,5,11,679,3,1,8,4,4458950,429225,9,3,45,2,2,4,412,101,7,2,3,59,0,0,0,0,0
201900019119,19,9,5,17,5,6,5,1,4845992,-122323,6,2,15,2,4,2,465,165,4,1,2,58,0,0,0,0,0
201900019120,19,2,12,1693,1,8,8,5,4539626,681911,9,3,14,1,2,3,889,833,3,1,2,93,0,0,0,0,0
201900019121,19,6,28,949,4,7,4,5,4973803,654043,5,4,49,1,4,4,813,952,1,6,4,22,0,0,0,0,0
201900019122,19,1,2,2043,5,7,2,2,4928927,430550,8,2,44,2,3,2,589,353,6,5,5,41,0,0,0,0,0
201900019123,19,4,8,1630,5,1,7,1,4877993,543332,6,2,36,1,4,3,133,614,6,7,5,55,0,0,0,0,0
201900019124,19,8,12,183,5,4,8,1,4795469,668547,3,2,36,2,2,3,603,340,9,7,5,19,0,0,0,0,0
201900019125,19,7,27,2268,5,6,9,2,4759221,639974,5,4,52,2,3,1,113,789,4,3,2,28,0,0,0,0,0
201900019126,19,7,18,1190,4,7,5,2,4759190,324582,7,1,0,3,2,2,703,306,5,6,5,44,0,0,0,0,0
201900019127,19,1,8,1722,4,1,7,4,4836165,-119171,9,1,29,2,1,3,357,370,9,1,1,54,0,0,0,0,0
201900019128,19,4,13,1068,3,2,1,4,4582173,452155,2,4,29,3,2,4,61,909,6,7,2,41,0,0,0,0,0
201900019129,19,11,19,1859,4,6,2,1,4567951,-131971,3,3,46,1,1,1,77,639,9,4,4,9,0,0,0,0,0
201900019130,19,7,14,141,5,5,3,2,4834374,-380161,2,1,16,1,3,1,100,506,1,4,5,29,0,0,0,0,0
201900019131,19,5,2,1640,5,7,1,2,4770686,614508,8,2,22,1,4,2,338,371,8,2,1,63,0,0,0,0,0
201900019132,19,12,18,1015,3,9,3,5,4661586,-6114,6,1,2,1,3,3,3,897,6,6,2,50,0,0,0,0,0
201900019133,19,11,25,796,4,8,8,2,4725165,-290894,6,3,3,3,1,4,308,721,9,6,3,98,0,0,0,0,0
201900019134,19,10,11,1344,1,8,6,2,4974409,-372168,4,3,12,2,1,3,284,535,9,1,4,19,0,0,0,0,0
201900019135,19,12,2,1217,2,4,5,2,4606355,61691,2,1,0,2,4,3,190,309,9,5,4,64,0,0,0,0,0
201900019136,19,6,19,1680,5,8,8,3,4498450,-306703,9,2,35,1,2,1,759,80,9,6,2,81,0,0,0,0,0
201900019137,19,6,20,739,1,5,3,1,4617536,233346,7,4,24,1,1,3,452,589,7,1,1,10,0,0,0,0,0
201900019138,19,7,16,2165,4,2,7,6,4883855,-185330,4,1,40,3,2,2,753,908,8,4,3,74,0,0,0,0,0
201900019139,19,11,10,1499,5,7,6,3,4621059,117138,8,4,47,3,1,1,611,126,6,2,1,83,0,0,0,0,0
201900019140,19,1,24,1170,5,3,6,6,4797687,395516,1,4,45,2,3,2,854,422,8,6,1,35,0,0,0,0,0
201900019141,19,2,7,255,4,1,9,7,4928327,-315385,4,1,25,3,4,2,902,934,3,6,2,85,0,0,0,0,0
201900019142,19,9,10,1913,5,6,3,4,4622017,369777,6,2,33,1,1,1,454,724,2,3,2,71,0,0,0,0,0
201900019143,19,4,27,984,1,8,1,2,4946804,202238,5,3,16,1,3,3,243,808,6,4,2,99,0,0,0,0,0
201900019144,19,3,27,1,5,3,2,4,4552494,620294,1,2,46,3,3,3,455,232,7,2,3,87,0,0,0,0,0