Num_Acc,an,mois,jour,hrmn,lum,int,atm,col,lat,long,catr,circ,nbv,vosp,prof,plan,lartpc,larrout,surf,infra,situ,env1,unscathed,killed,hospital,light,chance
201900019145,19,6,15,611,3,9,4,6,4585410,-349737,2,1,48,3,3,3,747,497,3,5,2,72,0,0,0,0,0
201900019146,19,3,22,193,1,4,5,1,4485280,344206,1,2,38,3,3,3,210,441,5,6,2,2,0,0,0,0,0
201900019147,19,2,26,232,5,3,1,5,4833225,173479,6,1,9,3,1,2,76,875,8,7,3,97,0,0,0,0,0
201900019148,19,2,2,1572,3,4,5,7,4446467,180632,4,2,24,1,2,3,368,389,3,4,4,62,0,0,0,0,0
201900019149,19,4,23,1083,3,4,5,6,4742374,611261,9,1,28,1,2,2,882,674,4,6,4,12,0,0,0,0,0
201900019150,19,10,28,773,4,6,9,5,4731609,566781,8,4,49,1,4,1,40,728,3,2,4,13,0,0,0,0,0
201900019151,19,10,4,2019,1,7,7,3,4875314,660341,9,1,10,2,2,4,874,950,3,5,2,68,0,0,0,0,0
201900019152,19,4,26,2089,5,8,8,1,4551341,182182,1,3,7,2,1,1,646,234,2,6,4,98,0,0,0,0,0
201900019153,19,3,1,645,4,1,6,4,4799659,660966,1,4,15,1,2,4,658,943,1,7,5,16,0,0,0,0,0
201900019154,19,1,1,765,3,3,2,7,4406243,530090,2,2,4,2,1,3,645,788,8,4,2,96,0,0,0,0,0
201900019155,19,11,22,1388,1,7,4,1,4696491,-349409,8,2,10,3,1,4,136,494,8,7,4,44,0,0,0,0,0
201900019156,19,5,23,1556,4,8,7,7,4884862,-192662,1,3,13,3,4,1,431,486,6,2,1,64,0,0,0,0,0
201900019157,19,8,18,1990,2,8,3,7,4547465,-235021,7,1,25,2,3,3,68,566,6,3,1,26,0,0,0,0,0
201900019158,19,8,26,331,5,5,8,6,4578554,596493,3,2,52,2,4,1,847,567,2,7,5,77,0,0,0,0,0
201900019159,19,10,4,465,5,7,3,5,4851614,145090,7,1,16,1,3,3,609,683,5,4,1,86,0,0,0,0,0
201900019160,19,5,12,2040,4,8,3,5,4697149,473083,3,2,42,2,1,2,360,889,3,3,4,72,0,0,0,0,0
201900019161,19,6,9,1860,1,3,1,3,4969827,124891,3,4,28,2,4,4,148,273,9,2,2,16,0,0,0,0,0
201900019162,19,12,8,258,2,3,2,6,4752713,596223,5,3,21,1,3,4,692,525,1,6,2,24,0,0,0,0,0
201900019163,19,7,18,388,3,9,4,3,4758642,96799,5,4,41,1,1,3,225,375,7,4,2,90,0,0,0,0,0
201900019164,19,12,14,1798,2,3,6,1,4769683,632134,7,1,7,1,3,1,263,876,1,4,2,58,0,0,0,0,0
201900019165,19,8,24,1855,4,2,1,6,4484686,109937,1,1,3,3,1,2,611,152,5,2,3,41,0,0,0,0,0
201900019166,19,9,19,102,2,5,2,5,4799215,-181205,1,4,18,1,1,2,806,942,9,4,2,34,0,0,0,0,0
201900019167,19,5,23,197,1,7,5,2,4623022,326698,6,2,4,2,1,4,251,989,6,5,2,4,0,0,0,0,0
201900019168,19,4,16,43,4,6,4,2,4436700,-13271,8,3,28,1,4,1,332,819,6,2,3,16,0,0,0,0,0
201900019169,19,3,13,1200,5,7,7,7,4966374,418383,1,4,11,3,2,3,372,682,1,6,2,9,0,0,0,0,0
201900019170,19,5,5,1787,4,7,6,5,4898898,368366,7,1,39,1,4,1,13,563,5,1,4,62,0,0,0,0,0
201900019171,19,1,4,1610,1,1,6,6,4901499,690465,6,2,41,3,4,3,8,740,9,4,3,17,0,0,0,0,0
201900019172,19,11,26,48,3,3,4,6,4953995,-369300,1,2,52,3,1,3,831,841,7,1,1,9,0,0,0,0,0
201900019173,19,8,24,1622,3,7,3,3,4699888,523377,4,4,41,1,4,2,22,96,4,2,2,47,0,0,0,0,0
201900019174,19,9,1,816,2,8,6,6,4725273,-370080,6,3,40,3,3,4,673,613,6,2,2,48,0,0,0,0,0
201900019175,19,12,25,1897,5,6,7,6,4816758,650941,5,3,13,1,1,4,725,109,2,3,4,47,0,0,0,0,0
201900019176,19,4,18,1834,5,8,2,5,4940486,553980,3,3,21,2,3,2,357,920,4,7,5,99,0,0,0,0,0
201900019177,19,12,22,1497,3,1,3,3,4939136,151369,5,4,31,3,2,1,631,208,1,3,1,4,0,0,0,0,0
201900019178,19,7,7,1669,5,3,7,3,4886760,285693,3,1,40,1,3,1,212,150,7,1,5,53,0,0,0,0,0
201900019179,19,3,24,908,5,7,8,3,4889986,-270390,6,3,18,1,3,4,170,777,7,7,3,95,0,0,0,0,0
201900019180,19,2,15,1693,2,8,6,3,4713948,-48906,9,3,34,1,1,2,411,148,4,2,3,70,0,0,0,0,0
201900019181,19,9,12,507,3,9,4,2,4926569,663870,4,3,19,3,1,4,490,544,9,3,5,14,0,0,0,0,0
201900019182,19,9,17,1826,2,6,7,3,4772245,-131576,7,3,19,3,1,3,855,37,9,3,3,45,0,0,0,0,0
201900019183,19,5,4,359,3,2,9,7,4580177,431287,1,3,11,1,2,4,319,439,5,4,4,18,0,0,0,0,0
201900019184,19,6,8,790,3,2,6,2,4560350,378503,9,3,13,1,3,1,83,550,7,7,5,60,0,0,0,0,0
201900019185,19,1,10,1866,4,8,8,5,4818803,-189573,3,1,12,1,4,3,41,454,6,6,1,81,0,0,0,0,0
201900019186,19,2,22,162,4,8,9,7,4830936,619142,5,1,27,2,3,4,786,839,2,4,3,41,0,0,0,0,0
201900019187,19,7,13,130,5,9,2,1,4664714,-81371,6,2,51,2,4,2,634,590,1,4,4,59,0,0,0,0,0
201900019188,19,4,11,432,3,9,4,7,4453321,571155,6,4,7,1,2,1,415,925,9,7,4,9,0,0,0,0,0
201900019189,19,12,5,2043,5,9,7,7,4629955,-321239,4,1,12,1,4,1,394,510,9,1,1,58,0,0,0,0,0
201900019190,19,5,4,2310,1,7,7,7,4733022,155825,7,3,50,2,3,3,190,230,2,6,2,6,0,0,0,0,0
201900019191,19,3,19,1911,4,5,6,3,4518981,-326319,6,4,4,3,4,2,104,282,9,5,5,25,0,0,0,0,0
201900019192,19,6,11,1974,1,7,8,7,4400335,518766,9,4,33,2,4,3,496,581,6,7,1,18,0,0,0,0,0
201900019193,19,3,22,1378,5,7,6,1,4528761,428288,8,1,15,2,1,3,768,732,9,3,5,39,0,0,0,0,0
201900019194,19,2,27,975,1,8,7,3,4432071,676784,7,2,9,3,4,3,768,481,4,5,1,91,0,0,0,0,0
201900019195,19,8,26,857,3,7,7,7,4857155,244549,6,4,12,1,4,4,425,997,1,2,1,56,0,0,0,0,0
201900019196,19,6,11,129,2,9,2,5,4571665,-154637,3,1,24,1,4,4,747,733,4,6,3,49,0,0,0,0,0
201900019197,19,2,25,2328,3,7,2,6,4573134,165911,9,1,34,2,4,4,515,32,4,3,5,34,0,0,0,0,0
201900019198,19,4,26,133,3,9,6,6,4587947,-52777,3,1,36,1,3,4,516,62,6,5,3,73,0,0,0,0,0
201900019199,19,7,4,651,5,1,9,7,4813398,598098,7,2,23,2,1,3,634,240,1,4,3,24,0,0,0,0,0
201900019200,19,9,19,1010,5,3,1,5,4720634,498431,5,4,27,2,3,4,651,907,1,5,2,21,0,0,0,0,0
201900019201,19,2,14,540,1,8,4,1,4941249,187460,1,3,24,3,3,1,742,358,7,1,5,62,0,0,0,0,0
201900019202,19,1,3,241,1,4,9,5,4543125,-272387,4,3,27,3,4,1,876,299,4,3,3,68,0,0,0,0,0
201900019203,19,12,12,1944,2,6,7,6,4671062,-109759,7,3,24,3,1,1,359,958,5,5,1,30,0,0,0,0,0
201900019204,19,9,7,1163,3,1,5,2,4810985,-127857,7,2,9,2,2,4,661,63,2,3,2,10,0,0,0,0,0
201900019205,19,3,19,587,5,9,4,2,4951324,176791,2,1,0,2,3,1,499,919,3,6,2,75,0,0,0,0,0
201900019206,19,2,12,98,1,6,8,4,4852694,676895,5,2,53,1,1,2,198,536,2,5,5,96,0,0,0,0,0
201900019207,19,5,11,849,1,4,7,3,4922668,639805,8,1,12,3,2,3,230,800,1,3,1,83,0,0,0,0,0
201900019208,19,8,2,641,5,9,3,5,4907733,-346464,1,2,11,2,1,3,390,149,6,7,2,78,0,0,0,0,0
201900019209,19,4,22,1610,2,5,6,4,4839417,562727,8,3,47,2,3,3,304,767,3,2,4,99,0,0,0,0,0
201900019210,19,2,12,2359,3,2,8,7,4677344,540479,6,1,53,1,3,4,302,229,4,4,2,3,0,0,0,0,0
201900019211,19,2,11,194,4,1,8,1,4728523,169798,7,1,23,1,4,2,456,307,9,2,2,76,0,0,0,0,0
201900019212,19,4,1,514,4,2,4,3,4611348,-311879,7,3,44,1,4,1,114,582,9,5,2,94,0,0,0,0,0
201900019213,19,5,3,822,2,2,9,2,4446858,382559,8,1,22,3,2,2,809,47,5,7,3,16,0,0,0,0,0
201900019214,19,10,12,380,1,8,5,1,4520649,-334472,8,3,2,1,2,4,614,744,7,6,5,72,0,0,0,0,0
201900019215,19,1,28,1233,3,6,4,6,4589507,-355333,9,3,20,2,3,4,28,69,9,1,4,38,0,0,0,0,0
201900019216,19,9,23,1257,3,4,3,3,4663648,479718,9,1,36,1,2,4,388,732,5,5,4,17,0,0,0,0,0
201900019217,19,1,4,221,5,9,2,1,4696381,-391246,3,4,20,3,1,1,648,927,4,2,4,27,0,0,0,0,0
201900019218,19,8,13,1450,5,3,1,2,4596139,-203715,5,3,39,2,4,3,496,494,8,6,4,16,0,0,0,0,0
201900019219,19,11,26,166,3,1,4,2,4781001,-322543,9,4,25,2,4,3,74,549,1,6,4,34,0,0,0,0,0
201900019220,19,10,1,180,4,2,9,3,4991188,315946,6,4,15,1,1,2,735,600,5,3,5,10,0,0,0,0,0
201900019221,19,4,15,359,5,4,2,2,4767235,-392248,9,3,41,2,2,2,865,175,6,6,3,96,0,0,0,0,0
201900019222,19,6,10,615,4,3,9,3,4621048,462243,7,2,39,2,1,3,880,923,7,6,2,33,0,0,0,0,0
201900019223,19,4,24,422,3,5,6,7,4777953,134850,8,2,38,1,4,1,27,777,2,2,4,18,0,0,0,0,0
201900019224,19,6,24,1099,2,5,1,5,4830304,431161,5,3,45,1,4,3,685,511,4,4,4,0,0,0,0,0,0
201900019225,19,3,26,493,4,3,9,5,4601499,43152,2,3,39,2,4,3,879,886,9,7,4,87,0,0,0,0,0
201900019226,19,3,2,786,5,9,6,2,4606889,425296,2,1,48,2,2,4,50,77,4,4,2,21,0,0,0,0,0
201900019227,19,9,2,1471,5,7,2,2,4889520,577286,7,4,38,2,4,4,722,389,7,5,5,81,0,0,0,0,0
201900019228,19,11,9,403,5,1,9,7,4948736,630582,5,4,10,2,2,1,199,443,2,5,1,73,0,0,0,0,0
201900019229,19,8,23,1444,3,2,1,3,4716502,-111485,1,3,39,1,3,1,816,88,5,7,2,70,0,0,0,0,0
201900019230,19,2,5,550,1,9,2,5,4962849,-273476,1,3,7,3,4,4,664,303,1,2,5,94,0,0,0,0,0
201900019231,19,7,8,1823,4,9,9,1,4930089,155198,8,1,18,3,3,3,791,902,5,6,5,85,0,0,0,0,0
201900019232,19,9,23,1211,1,8,9,2,4652477,5021,2,3,11,3,4,1,80,427,6,7,3,58,0,0,0,0,0
201900019233,19,10,25,1011,4,2,8,7,4618789,148246,4,4,52,3,2,4,33,473,3,4,2,29,0,0,0,0,0
201900019234,19,12,17,1474,3,5,8,5,4755322,-252032,6,1,39,2,1,2,216,792,5,4,3,81,0,0,0,0,0
201900019235,19,3,26,1033,5,4,2,4,4918095,-243784,7,1,41,3,3,3,581,586,5,4,4,98,0,0,0,0,0
201900019236,19,12,25,139,2,1,8,3,4965713,188241,7,3,49,1,1,4,733,293,1,5,2,47,0,0,0,0,0
201900019237,19,12,25,1899,2,2,2,4,4489934,582831,9,2,16,1,1,4,889,247,2,6,3,8,0,0,0,0,0
201900019238,19,10,19,522,1,7,4,7,4649699,651183,7,4,7,2,2,1,146,414,9,6,4,30,0,0,0,0,0
201900019239,19,3,24,1950,5,1,6,7,4591301,-42920,8,2,14,2,1,1,543,526,1,5,2,13,0,0,0,0,0
201900019240,19,10,11,639,2,6,7,5,4998014,-274241,8,3,43,1,4,2,449,756,6,4,1,17,0,0,0,0,0
201900019241,19,6,18,786,4,8,9,3,4744050,-55696,2,4,28,2,4,4,311,21,9,2,4,54,0,0,0,0,0
201900019242,19,4,1,606,3,7,5,1,4985844,185589,6,1,37,2,4,3,196,341,1,2,3,69,0,0,0,0,0
201900019243,19,3,8,581,4,4,4,2,4949121,50297,1,4,42,2,4,4,373,669,1,1,3,54,0,0,0,0,0
201900019244,19,10,7,544,4,1,9,3,4660545,-82719,6,2,38,1,4,4,739,800,6,6,4,89,0,0,0,0,0
201900019245,19,5,24,1156,5,7,1,5,4903481,-349454,5,2,22,3,2,4,417,563,6,3,3,0,0,0,0,0,0
201900019246,19,1,3,1540,3,9,5,4,4764849,-293721,3,3,50,3,2,3,829,366,7,6,1,38,0,0,0,0,0
201900019247,19,11,13,1431,5,8,2,6,4865037,344441,1,3,47,2,4,1,520,427,9,7,2,59,0,0,0,0,0
201900019248,19,11,15,2236,3,8,4,3,4901095,319696,2,2,32,2,2,3,876,507,4,7,5,91,0,0,0,0,0
201900019249,19,3,12,1359,1,8,3,2,4665125,530099,4,4,31,2,1,2,847,329,4,6,1,74,0,0,0,0,0
201900019250,19,3,2,1909,2,8,1,3,4997013,699830,5,2,43,1,3,1,610,81,9,5,1,43,0,0,0,0,0
201900019251,19,11,23,1567,1,1,9,3,4685197,-310370,8,4,36,3,4,2,508,457,9,5,1,7,0,0,0,0,0
201900019252,19,12,25,2020,3,3,5,2,4809957,-34322,6,4,17,3,4,3,723,698,1,4,5,68,0,0,0,0,0
201900019253,19,3,2,248,2,2,8,5,4639786,-304460,5,1,15,2,4,4,465,737,5,1,5,80,0,0,0,0,0
201900019254,19,10,18,791,2,9,5,5,4554845,677072,2,3,19,1,1,2,466,318,6,5,4,87,0,0,0,0,0
201900019255,19,3,9,2105,3,8,9,5,4764310,264838,3,4,25,2,3,3,171,889,2,4,4,42,0,0,0,0,0
201900019256,19,10,11,1354,1,2,8,6,4703176,-390458,2,3,37,3,4,4,369,332,9,4,5,38,0,0,0,0,0
201900019257,19,1,9,607,1,1,2,2,4974790,-273096,2,1,14,2,2,4,590,951,4,3,2,56,0,0,0,0,0
201900019258,19,9,23,491,1,7,3,7,4557811,367038,7,3,34,1,1,2,281,484,5,4,5,19,0,0,0,0,0
201900019259,19,11,23,2103,5,8,3,1,4949194,674091,6,1,42,3,4,2,146,377,6,2,1,42,0,0,0,0,0
201900019260,19,7,15,2352,5,7,6,5,4866071,-138332,6,1,30,1,1,2,321,11,4,2,4,44,0,0,0,0,0
201900019261,19,1,11,2094,2,8,2,4,4949055,587711,4,1,1,1,3,1,771,892,4,2,2,23,0,0,0,0,0
201900019262,19,4,4,1671,2,2,3,6,4595115,-292074,1,1,4,3,2,4,153,461,9,2,1,18,0,0,0,0,0
201900019263,19,3,14,753,3,1,5,3,4492473,202122,1,3,4,2,3,1,540,767,1,1,1,16,0,0,0,0,0
201900019264,19,4,27,1217,1,3,9,5,4924512,77783,6,3,3,3,2,2,21,857,7,4,3,98,0,0,0,0,0
201900019265,19,5,3,453,3,8,3,3,4781353,136123,2,1,31,2,4,4,686,715,2,3,4,21,0,0,0,0,0
201900019266,19,4,9,53,5,5,4,2,4502862,573304,5,4,38,3,2,1,381,868,4,5,5,83,0,0,0,0,0
201900019267,19,4,26,2012,4,5,4,5,4854320,542649,2,3,36,1,3,2,437,345,3,7,1,31,0,0,0,0,0
201900019268,19,9,21,971,3,8,4,1,4521309,510400,7,3,41,1,3,1,480,947,7,7,4,43,0,0,0,0,0
201900019269,19,4,9,794,3,8,9,5,4988809,572625,6,3,40,3,1,3,572,459,3,5,5,9,0,0,0,0,0
201900019270,19,5,13,1365,1,6,2,3,4631701,359365,3,2,52,1,2,4,17,196,8,2,2,27,0,0,0,0,0
201900019271,19,5,4,1254,5,9,7,7,4641690,253264,8,3,40,1,2,1,580,689,3,2,3,62,0,0,0,0,0
201900019272,19,5,1,413,1,5,4,3,4559656,321272,8,4,0,1,3,3,650,102,7,7,2,23,0,0,0,0,0
201900019273,19,6,14,968,1,7,6,6,4766711,357627,2,3,51,3,3,2,135,199,5,6,4,35,0,0,0,0,0
201900019274,19,1,25,2086,5,4,3,5,4831420,352431,6,1,53,3,3,1,477,798,4,3,1,89,0,0,0,0,0
201900019275,19,3,19,1273,1,3,1,3,4534216,191497,9,4,51,2,2,4,804,749,2,5,1,78,0,0,0,0,0
201900019276,19,12,12,1730,3,3,7,5,4444072,-273349,4,4,42,3,1,1,602,255,3,4,3,57,0,0,0,0,0
201900019277,19,8,7,694,4,5,4,6,4705632,120027,5,1,32,1,4,2,817,653,3,5,3,85,0,0,0,0,0
201900019278,19,4,18,1319,3,2,2,4,4476143,-347345,9,4,32,3,4,1,167,372,6,6,1,21,0,0,0,0,0
201900019279,19,9,14,472,1,4,5,5,4982725,498604,1,3,46,2,1,1,328,570,7,3,4,71,0,0,0,0,0
201900019280,19,11,10,1364,3,4,5,3,4497744,-331093,2,4,16,2,4,1,896,438,5,1,3,47,0,0,0,0,0
201900019281,19,8,12,2221,4,2,4,7,4685871,367765,9,2,43,1,1,4,14,301,2,7,2,7,0,0,0,0,0
201900019282,19,10,28,1582,3,5,2,7,4782563,-226738,4,2,30,3,4,3,850,176,9,6,5,31,0,0,0,0,0
201900019283,19,10,28,2162,4,3,2,6,4736119,19755,4,1,16,1,4,3,224,286,7,2,3,91,0,0,0,0,0
201900019284,19,1,3,2004,4,9,7,1,4941121,78717,3,4,48,1,2,2,87,447,1,3,3,46,0,0,0,0,0
201900019285,19,1,12,2290,4,4,7,1,4884535,-374802,4,2,40,2,1,1,375,5,3,6,1,41,0,0,0,0,0
201900019286,19,9,24,868,5,7,6,2,4876729,610528,3,1,25,3,3,4,194,285,3,2,5,87,0,0,0,0,0
201900019287,19,3,10,700,3,9,3,4,4649810,-295937,3,3,14,1,4,2,413,105,3,5,4,66,0,0,0,0,0
201900019288,19,6,24,1341,1,3,2,6,4400303,217368,5,4,46,2,2,2,854,350,1,4,4,36,0,0,0,0,0
201900019289,19,6,4,2043,4,1,2,2,4576754,-344032,4,1,23,2,3,3,50,383,8,5,4,41,0,0,0,0,0
201900019290,19,7,18,1667,3,3,2,4,4880956,523791,8,2,19,1,4,1,380,444,4,3,1,8,0,0,0,0,0
201900019291,19,9,11,1175,4,4,6,6,4819526,668285,3,2,35,1,4,2,467,657,4,7,4,40,0,0,0,0,0
201900019292,19,8,14,517,4,1,3,6,4478796,-346879,7,4,11,3,1,4,691,687,6,7,1,36,0,0,0,0,0
201900019293,19,10,13,1773,2,7,7,2,4526209,-113234,3,4,33,1,1,1,625,27,3,7,3,4,0,0,0,0,0
201900019294,19,2,18,623,5,3,9,4,4971627,-198667,4,2,34,3,4,1,422,716,2,6,5,13,0,0,0,0,0
201900019295,19,10,4,2044,4,5,6,2,4678245,-218532,4,2,13,2,3,3,439,29,2,4,3,78,0,0,0,0,0
201900019296,19,8,9,750,1,8,4,2,4485535,642657,1,4,50,3,2,1,103,472,1,3,5,11,0,0,0,0,0
201900019297,19,1,26,2111,5,1,3,2,4610457,-43307,7,1,0,3,4,1,654,478,5,4,2,72,0,0,0,0,0
201900019298,19,11,19,728,2,8,4,5,4411234,687631,9,4,33,3,1,3,841,670,7,4,5,6,0,0,0,0,0
201900019299,19,5,14,304,5,7,5,2,4976003,162583,4,3,25,3,2,4,584,80,9,2,3,80,0,0,0,0,0
201900019300,19,11,15,1930,4,8,8,2,4554316,222755,3,4,2,2,1,2,893,363,3,2,2,23,0,0,0,0,0
201900019301,19,6,9,34,3,3,2,6,4916909,142540,6,4,52,3,3,2,587,10,5,1,3,37,0,0,0,0,0
201900019302,19,6,5,98,1,2,5,1,4700669,441773,4,2,19,3,3,3,891,545,9,3,5,7,0,0,0,0,0
201900019303,19,1,7,1376,1,8,4,5,4896806,-80564,1,2,10,3,1,4,560,290,1,7,4,28,0,0,0,0,0
201900019304,19,4,8,1656,4,3,5,2,4765396,388457,7,1,21,3,2,4,23,199,7,2,4,67,0,0,0,0,0
201900019305,19,5,4,1565,1,9,8,4,4541361,280103,9,3,40,1,1,4,652,188,6,4,1,34,0,0,0,0,0
201900019306,19,3,3,106,4,6,7,4,4865746,-240641,3,2,23,3,3,2,218,480,9,6,4,44,0,0,0,0,0
201900019307,19,11,8,1034,4,2,4,4,4751510,690116,6,3,10,1,2,4,342,931,4,6,5,76,0,0,0,0,0
201900019308,19,9,27,546,4,3,1,6,4400637,-336215,7,4,4,3,3,3,512,195,7,7,2,62,0,0,0,0,0
201900019309,19,10,16,1695,5,9,9,1,4657281,382984,9,4,52,1,3,3,530,220,3,2,5,73,0,0,0,0,0
201900019310,19,6,10,2257,3,8,3,4,4919613,644121,7,4,52,3,1,2,122,79,8,5,5,82,0,0,0,0,0
201900019311,19,12,22,1967,5,5,2,5,4508453,-228415,1,1,2,3,4,4,667,903,3,2,2,43,0,0,0,0,0
201900019312,19,2,17,881,3,9,4,1,4504426,40810,6,2,13,3,1,4,795,88,9,7,5,25,0,0,0,0,0
201900019313,19,6,20,1137,4,5,2,7,4894584,616296,1,1,33,3,4,3,726,916,7,5,1,83,0,0,0,0,0
201900019314,19,10,18,887,3,7,9,5,4589824,187605,1,2,19,1,3,4,876,709,2,1,2,24,0,0,0,0,0
201900019315,19,7,27,1865,1,2,8,7,4586521,86292,5,3,0,2,4,4,111,810,9,5,5,84,0,0,0,0,0
201900019316,19,6,13,240,2,5,3,4,4982822,319852,2,1,38,1,3,1,502,656,4,1,1,60,0,0,0,0,0
201900019317,19,4,21,278,4,7,9,1,4443042,249490,4,1,33,1,3,2,15,279,4,4,4,24,0,0,0,0,0
201900019318,19,7,11,1569,5,1,7,7,4934985,373349,2,1,13,3,4,1,347,613,5,2,4,50,0,0,0,0,0
201900019319,19,2,8,698,1,3,9,5,4585141,590754,2,1,25,3,1,1,83,229,5,5,4,53,0,0,0,0,0
201900019320,19,5,18,686,2,4,8,3,4457132,83523,9,2,2,2,3,4,211,277,4,3,1,2,0,0,0,0,0
201900019321,19,10,19,2256,1,3,2,2,4438181,495842,7,2,24,2,1,2,491,566,6,6,3,94,0,0,0,0,0
201900019322,19,5,11,1610,1,8,7,5,4728723,11464,4,2,2,2,1,1,909,970,2,1,4,90,0,0,0,0,0
201900019323,19,11,2,381,4,9,9,3,4740316,661672,6,1,14,1,2,1,519,121,7,3,4,10,0,0,0,0,0
201900019324,19,3,12,658,5,7,1,7,4986332,-117382,7,3,37,3,1,3,420,19,1,5,3,56,0,0,0,0,0
201900019325,19,4,27,2030,5,5,5,2,4686944,-31065,9,2,37,2,2,4,855,65,3,6,4,57,0,0,0,0,0
201900019326,19,10,23,1658,4,7,7,4,4883508,-325052,5,1,45,3,3,1,189,306,9,1,5,78,0,0,0,0,0
201900019327,19,12,14,2152,2,4,4,7,4416683,167375,7,3,0,1,1,2,19,117,4,2,5,38,0,0,0,0,0
201900019328,19,4,10,263,2,8,1,4,4865815,260025,8,4,2,2,1,1,804,207,7,4,3,20,0,0,0,0,0
201900019329,19,9,13,1800,2,9,6,3,4837970,636679,1,1,21,2,3,2,883,403,7,6,2,20,0,0,0,0,0
201900019330,19,7,22,1463,5,4,8,2,4440843,465872,1,4,29,2,3,2,158,610,6,4,4,60,0,0,0,0,0
201900019331,19,2,12,1947,1,7,2,2,4919979,-108112,7,1,18,2,4,1,495,920,2,7,1,59,0,0,0,0,0
201900019332,19,11,27,1079,4,6,8,6,4495049,-320408,9,3,32,3,4,3,194,701,2,6,1,11,0,0,0,0,0
201900019333,19,5,5,609,1,7,2,4,4859595,-153863,2,4,50,1,4,4,832,947,8,2,5,31,0,0,0,0,0
201900019334,19,7,13,1868,4,4,3,2,4916891,-291043,5,2,45,1,1,3,542,959,8,7,5,79,0,0,0,0,0
201900019335,19,6,13,1376,3,9,6,3,4916424,299695,3,3,36,3,4,1,583,590,3,4,2,51,0,0,0,0,0
201900019336,19,4,16,720,1,9,2,5,4865408,-214265,7,4,51,3,2,3,341,738,8,2,2,39,0,0,0,0,0
201900019337,19,2,15,2222,3,3,2,4,4783386,170198,8,1,22,2,2,1,339,593,7,4,2,43,0,0,0,0,0
201900019338,19,3,3,1872,2,7,4,6,4601319,689624,2,2,43,3,2,1,321,784,5,7,5,90,0,0,0,0,0
201900019339,19,8,20,1018,5,3,1,5,4538883,645266,8,4,34,2,4,4,462,779,9,4,1,69,0,0,0,0,0
201900019340,19,5,20,2169,1,6,6,5,4963203,313827,9,2,51,3,2,3,483,593,1,1,2,52,0,0,0,0,0
201900019341,19,10,20,2294,5,2,7,2,4721627,124539,9,2,11,3,2,1,520,503,6,3,3,89,0,0,0,0,0
201900019342,19,10,7,1660,5,8,3,4,4788048,-118213,2,1,34,2,1,3,652,785,5,1,3,6,0,0,0,0,0
201900019343,19,10,3,447,3,3,4,1,4651928,-268353,2,2,18,1,4,4,6,964,2,7,3,49,0,0,0,0,0
201900019344,19,7,25,852,1,3,7,2,4939346,620935,6,2,27,1,2,2,484,220,6,4,4,33,0,0,0,0,0
201900019345,19,4,3,70,3,2,3,2,4935798,512517,9,2,36,2,1,4,495,836,5,7,5,63,0,0,0,0,0
201900019346,19,3,16,793,2,9,1,5,4450583,239249,5,4,19,3,3,4,308,322,5,1,2,97,0,0,0,0,0
201900019347,19,8,28,260,3,5,9,7,4662502,-179732,3,3,20,2,2,1,688,212,8,3,1,31,0,0,0,0,0
201900019348,19,5,19,1595,2,8,7,2,4601152,-64068,2,1,12,3,1,4,755,826,1,2,4,2,0,0,0,0,0
201900019349,19,4,6,633,4,3,9,7,4734139,268111,9,2,13,2,2,4,595,675,5,4,4,48,0,0,0,0,0
201900019350,19,12,14,373,2,6,3,4,4914951,-191257,5,3,14,2,4,1,118,483,6,3,4,38,0,0,0,0,0
201900019351,19,2,15,2230,5,5,9,4,4559316,245998,5,2,23,2,1,1,355,354,7,1,2,41,0,0,0,0,0
201900019352,19,11,28,2069,3,9,8,2,4409611,-131099,6,4,6,3,1,4,482,312,3,6,4,41,0,0,0,0,0
201900019353,19,9,21,1368,2,1,5,5,4724100,492496,6,2,53,1,3,4,533,456,4,1,1,71,0,0,0,0,0
201900019354,19,1,8,821,4,9,4,4,4799402,424722,3,3,35,1,1,4,807,396,9,1,5,55,0,0,0,0,0
201900019355,19,1,12,1884,5,6,7,6,4781417,587986,6,1,52,3,2,2,580,47,1,3,1,12,0,0,0,0,0
201900019356,19,7,11,1637,2,6,2,3,4834502,187040,6,1,50,1,3,2,370,521,2,7,5,45,0,0,0,0,0
201900019357,19,11,1,2343,1,9,2,1,4483033,566866,4,2,46,2,1,2,287,4,3,7,3,61,0,0,0,0,0
201900019358,19,8,7,1165,5,6,9,6,4910482,-3645,7,1,31,2,4,3,904,812,8,4,4,92,0,0,0,0,0