Num_Acc,an,mois,jour,hrmn,lum,int,atm,col,lat,long,catr,circ,nbv,vosp,prof,plan,lartpc,larrout,surf,infra,situ,env1,unscathed,killed,hospital,light,chance
201900019359,19,9,24,2155,2,6,5,4,4970253,-116883,2,2,38,3,2,2,235,740,5,3,3,42,0,0,0,0,0
201900019360,19,4,26,1469,4,5,9,3,4863933,112229,5,1,24,1,2,3,860,175,9,2,3,67,0,0,0,0,0
201900019361,19,1,13,1249,3,7,5,5,4581607,295836,1,4,18,2,4,1,24,138,8,6,2,52,0,0,0,0,0
201900019362,19,4,23,1165,3,1,6,2,4731100,608844,4,3,35,2,2,2,869,519,6,2,4,94,0,0,0,0,0
201900019363,19,11,14,823,4,1,4,5,4604575,531205,5,2,27,3,2,2,578,563,6,1,3,4,0,0,0,0,0
201900019364,19,11,4,154,4,7,3,6,4992266,318731,4,3,22,3,3,1,185,892,8,2,3,41,0,0,0,0,0
201900019365,19,7,27,2184,2,2,9,2,4450904,58961,1,4,34,2,1,3,393,821,9,5,3,76,0,0,0,0,0
201900019366,19,12,19,1806,5,3,9,4,4766334,381868,1,3,24,1,1,4,811,502,6,6,4,91,0,0,0,0,0
201900019367,19,3,14,399,1,2,4,5,4856522,546886,5,3,13,2,4,4,103,143,5,3,1,57,0,0,0,0,0
201900019368,19,3,10,1434,3,8,9,3,4964991,-302555,7,1,12,1,3,3,161,489,6,2,1,63,0,0,0,0,0
201900019369,19,12,22,1693,1,1,1,4,4408134,132571,7,2,37,1,2,4,23,381,7,6,2,31,0,0,0,0,0
201900019370,19,5,12,43,1,5,9,5,4841430,554111,1,3,12,1,1,1,3,533,3,7,2,95,0,0,0,0,0
201900019371,19,7,26,232,2,7,5,7,4958449,126311,3,1,32,3,1,2,163,608,3,2,2,6,0,0,0,0,0
201900019372,19,8,5,803,4,5,3,6,4867134,206073,8,3,29,1,4,3,328,230,3,2,2,85,0,0,0,0,0
201900019373,19,8,13,1649,4,6,8,2,4853837,-60503,8,2,1,1,1,2,593,377,4,4,1,41,0,0,0,0,0
201900019374,19,2,20,2155,2,7,4,5,4500855,-370893,6,4,23,1,3,4,798,257,1,3,1,89,0,0,0,0,0
201900019375,19,4,15,388,5,6,4,7,4657483,581551,5,4,13,3,1,1,733,901,2,4,5,64,0,0,0,0,0
201900019376,19,1,16,2144,3,5,1,6,4913289,-10449,6,4,12,1,2,2,638,999,1,7,4,75,0,0,0,0,0
201900019377,19,2,6,1259,1,7,9,5,4930233,-318816,4,3,21,2,4,4,632,696,9,3,4,6,0,0,0,0,0
201900019378,19,1,14,744,3,5,6,2,4774753,27975,8,4,49,3,4,4,846,545,8,7,1,44,0,0,0,0,0
201900019379,19,12,27,1185,4,4,9,6,4907374,423621,6,2,5,1,4,1,22,90,9,7,5,95,0,0,0,0,0
201900019380,19,6,13,2326,5,1,4,2,4552654,217985,7,2,33,1,1,3,655,872,3,1,5,24,0,0,0,0,0
201900019381,19,6,11,1215,5,1,7,2,4714712,518220,1,3,9,3,1,2,360,55,3,3,2,90,0,0,0,0,0
201900019382,19,12,10,706,3,7,2,1,4892002,468951,7,4,51,3,4,3,858,125,1,1,1,86,0,0,0,0,0
201900019383,19,10,20,1619,5,8,5,1,4436685,51106,7,3,13,2,3,4,529,415,8,3,1,68,0,0,0,0,0
201900019384,19,4,27,1770,1,9,4,2,4621092,659394,3,1,34,3,4,4,742,277,3,6,2,8,0,0,0,0,0
201900019385,19,9,8,2303,5,8,4,7,4920789,-383492,4,3,45,1,3,2,710,932,4,3,1,58,0,0,0,0,0
201900019386,19,12,24,1084,5,3,5,5,4600125,-396675,2,4,47,1,1,1,756,525,5,5,1,14,0,0,0,0,0
201900019387,19,9,19,697,4,9,3,6,4724066,307665,7,3,36,3,4,3,773,472,4,7,5,94,0,0,0,0,0
201900019388,19,4,16,2207,3,2,4,5,4460451,129354,3,1,37,1,1,2,401,259,3,6,1,91,0,0,0,0,0
201900019389,19,2,17,1393,2,3,6,6,4485950,-321699,1,4,14,2,1,4,63,513,9,2,4,89,0,0,0,0,0
201900019390,19,7,21,2226,3,7,4,5,4815381,-90576,8,1,43,2,3,1,11,240,5,5,1,52,0,0,0,0,0
201900019391,19,6,16,1771,1,9,2,3,4422215,662164,5,1,8,2,3,4,864,730,1,7,1,44,0,0,0,0,0
201900019392,19,12,8,212,5,5,3,1,4505657,205760,1,4,14,3,2,2,613,511,3,7,1,47,0,0,0,0,0
201900019393,19,12,28,808,4,5,7,5,4645674,-272723,6,1,8,1,4,2,686,258,2,4,1,66,0,0,0,0,0
201900019394,19,9,16,2068,1,4,8,3,4593089,-277113,3,2,13,3,2,1,833,266,9,6,1,68,0,0,0,0,0
201900019395,19,2,16,199,5,5,1,5,4952830,-361942,7,3,6,3,3,1,902,334,9,3,1,5,0,0,0,0,0
201900019396,19,5,10,988,1,2,1,7,4789410,574033,1,2,32,1,4,3,627,170,7,3,3,52,0,0,0,0,0
201900019397,19,1,8,1962,4,4,9,3,4418351,500125,6,1,29,2,1,4,187,340,9,4,2,81,0,0,0,0,0
201900019398,19,6,4,137,2,5,1,1,4812860,357944,2,4,25,2,1,1,738,132,2,5,4,1,0,0,0,0,0
201900019399,19,8,13,1947,4,5,6,3,4409846,-95207,8,2,40,1,4,2,230,843,5,4,3,43,0,0,0,0,0
201900019400,19,9,27,345,5,7,1,2,4881460,-71452,6,2,28,3,4,2,81,565,8,1,3,30,0,0,0,0,0
201900019401,19,8,5,603,4,2,3,3,4548689,232341,9,3,24,3,1,4,877,820,4,1,2,89,0,0,0,0,0
201900019402,19,9,27,966,1,7,6,6,4935008,-363998,9,2,24,2,3,1,458,675,9,5,3,94,0,0,0,0,0
201900019403,19,6,6,1681,4,9,1,1,4520058,366849,7,3,7,1,3,1,130,650,5,5,1,20,0,0,0,0,0
201900019404,19,4,17,2272,2,5,1,7,4789278,-53596,4,4,32,2,4,3,779,820,9,7,3,92,0,0,0,0,0
201900019405,19,4,23,1456,2,2,3,6,4665268,-218420,3,3,3,2,3,2,148,486,1,3,4,39,0,0,0,0,0
201900019406,19,7,15,829,4,9,7,6,4752424,-38267,2,1,2,2,1,3,336,947,3,5,4,25,0,0,0,0,0
201900019407,19,12,20,1819,5,3,3,7,4798697,331382,9,3,37,3,1,1,429,166,9,6,2,19,0,0,0,0,0
201900019408,19,3,18,738,5,8,5,6,4482285,115008,5,1,22,2,2,2,195,382,6,1,5,6,0,0,0,0,0
201900019409,19,7,15,717,3,2,5,7,4996396,569172,9,1,31,2,2,1,21,696,3,2,4,11,0,0,0,0,0
201900019410,19,1,18,1436,4,3,2,6,4977294,-130256,1,4,4,2,3,4,692,776,5,5,5,18,0,0,0,0,0
201900019411,19,1,9,2078,5,1,4,6,4707923,287332,3,3,45,1,1,4,81,51,2,3,5,57,0,0,0,0,0
201900019412,19,1,8,2116,5,5,1,4,4422479,582964,6,1,30,1,2,1,322,785,5,6,5,38,0,0,0,0,0
201900019413,19,6,21,2165,1,2,5,5,4631906,262715,8,1,7,1,1,2,72,107,2,1,1,77,0,0,0,0,0
201900019414,19,8,28,1287,1,7,5,2,4461514,111332,4,1,16,2,3,4,349,403,2,6,2,18,0,0,0,0,0
201900019415,19,4,1,2229,3,7,4,5,4860800,348648,3,2,16,2,2,4,424,445,1,4,1,16,0,0,0,0,0
201900019416,19,5,21,1611,3,2,9,7,4835442,-235806,5,1,14,3,1,3,886,372,9,3,4,5,0,0,0,0,0
201900019417,19,1,3,1985,3,6,7,2,4553205,212229,3,2,13,2,2,2,890,862,5,4,4,92,0,0,0,0,0
201900019418,19,1,1,642,1,9,2,4,4847042,-393212,6,1,14,1,3,2,734,497,4,2,1,81,0,0,0,0,0
201900019419,19,4,8,562,5,1,6,3,4872867,-309088,7,1,17,2,1,1,404,546,2,2,3,50,0,0,0,0,0
201900019420,19,5,10,32,3,2,7,5,4552996,-370732,2,3,14,2,4,3,824,630,5,1,1,84,0,0,0,0,0
201900019421,19,10,28,296,2,7,8,2,4864110,-129829,3,2,28,3,1,2,195,951,6,1,4,56,0,0,0,0,0
201900019422,19,11,6,1404,4,1,6,2,4598737,618713,7,2,46,3,1,1,95,822,5,3,1,45,0,0,0,0,0
201900019423,19,5,7,792,4,6,2,4,4495788,-284541,8,1,21,3,2,1,98,709,4,4,5,72,0,0,0,0,0
201900019424,19,7,14,2179,5,9,9,1,4784534,262464,4,1,47,1,1,3,286,543,3,6,1,34,0,0,0,0,0
201900019425,19,5,18,765,3,2,7,2,4595085,-186344,1,1,33,1,2,1,269,458,2,3,5,25,0,0,0,0,0
201900019426,19,8,3,2182,2,1,4,1,4475182,-162360,4,2,21,2,3,1,189,367,2,2,2,98,0,0,0,0,0
201900019427,19,8,18,659,4,6,7,6,4651736,-169389,1,1,15,3,1,3,154,981,9,6,5,89,0,0,0,0,0
201900019428,19,1,9,1188,3,5,9,4,4954386,287713,2,3,11,3,4,1,45,212,7,3,1,15,0,0,0,0,0
201900019429,19,9,21,495,5,7,4,7,4853305,555702,8,4,3,2,2,3,878,51,4,3,3,18,0,0,0,0,0
201900019430,19,4,24,156,5,3,6,3,4534731,-385763,7,3,52,1,3,4,42,420,9,7,4,44,0,0,0,0,0
201900019431,19,3,12,636,2,4,5,5,4900263,-39184,2,2,18,3,1,3,673,862,9,7,2,79,0,0,0,0,0
201900019432,19,8,2,1465,2,5,5,6,4674078,134479,3,3,49,2,2,2,833,143,8,5,4,84,0,0,0,0,0
201900019433,19,5,8,168,5,2,6,6,4747911,542946,9,1,53,3,2,1,393,127,1,3,3,15,0,0,0,0,0
201900019434,19,1,21,329,5,8,3,1,4598149,-375173,3,1,52,2,2,2,796,947,4,3,2,10,0,0,0,0,0
201900019435,19,3,6,2074,5,3,3,3,4754911,125375,4,3,7,3,4,1,209,679,7,5,5,48,0,0,0,0,0
201900019436,19,9,12,275,3,1,4,6,4822065,389719,7,3,7,3,1,1,336,498,8,6,5,42,0,0,0,0,0
201900019437,19,8,28,859,5,4,8,6,4847966,146178,8,3,6,1,2,2,847,180,3,1,2,26,0,0,0,0,0
201900019438,19,10,6,1376,5,7,4,7,4476977,645669,9,1,9,1,4,2,216,557,5,4,3,57,0,0,0,0,0
201900019439,19,6,15,2108,1,6,4,5,4984773,206853,3,2,1,2,3,4,749,175,4,1,3,21,0,0,0,0,0
201900019440,19,5,15,1344,1,2,6,5,4666288,37396,5,4,34,3,4,4,551,585,8,4,3,53,0,0,0,0,0
201900019441,19,3,9,290,1,1,4,1,4609086,45743,9,1,38,3,4,2,816,988,8,1,3,90,0,0,0,0,0
201900019442,19,2,4,1893,3,5,1,6,4943511,-345846,6,1,41,3,3,2,134,303,6,5,5,93,0,0,0,0,0
201900019443,19,1,2,548,2,4,7,4,4670625,454105,5,3,18,1,2,3,364,954,6,2,5,58,0,0,0,0,0
201900019444,19,6,14,1894,5,4,7,2,4978170,243025,6,3,20,3,2,3,802,85,5,5,1,91,0,0,0,0,0
201900019445,19,4,22,2018,1,2,7,3,4777269,30766,2,2,4,2,3,2,895,320,2,6,5,64,0,0,0,0,0
201900019446,19,2,11,970,5,9,7,2,4595100,-89747,8,4,25,3,4,2,300,546,5,6,4,26,0,0,0,0,0
201900019447,19,2,19,965,3,9,7,2,4654259,222385,7,1,29,2,2,2,578,500,5,7,2,72,0,0,0,0,0
201900019448,19,6,9,695,3,1,5,5,4440823,-208474,5,1,50,2,2,4,907,69,2,7,1,16,0,0,0,0,0
201900019449,19,4,15,2270,3,2,3,3,4869455,-157203,7,1,22,2,1,4,68,890,4,7,3,77,0,0,0,0,0
201900019450,19,4,7,1990,5,2,5,7,4446266,-392685,9,1,42,2,1,1,69,609,7,4,3,99,0,0,0,0,0
201900019451,19,10,14,1112,2,3,2,2,4473316,474775,8,3,0,3,3,4,38,533,2,6,1,36,0,0,0,0,0
201900019452,19,6,7,1906,2,2,1,2,4636137,433573,6,2,45,1,2,2,478,591,6,1,5,80,0,0,0,0,0
201900019453,19,12,12,113,5,1,7,2,4848638,577378,1,1,25,2,1,2,768,403,6,7,4,59,0,0,0,0,0
201900019454,19,7,17,1825,5,7,7,3,4415179,63315,5,3,50,3,3,1,349,984,5,5,1,92,0,0,0,0,0
201900019455,19,1,21,400,3,3,4,7,4990383,37608,9,1,42,2,2,4,605,704,4,7,2,97,0,0,0,0,0
201900019456,19,10,22,1757,1,4,6,2,4516130,-339941,6,1,40,1,2,4,129,489,2,1,1,50,0,0,0,0,0
201900019457,19,6,16,1514,5,5,3,4,4965735,-249781,7,3,41,3,3,1,77,74,6,7,4,52,0,0,0,0,0
201900019458,19,3,15,1610,2,6,1,4,4833160,606964,4,2,42,3,1,4,572,26,9,1,5,99,0,0,0,0,0
201900019459,19,6,7,2335,2,4,4,3,4711810,230023,9,2,9,3,1,3,68,723,5,3,3,12,0,0,0,0,0
201900019460,19,4,10,642,3,8,9,2,4743291,370268,5,3,5,3,2,4,256,205,1,7,5,71,0,0,0,0,0
201900019461,19,11,17,2322,4,1,8,4,4585920,519826,9,1,41,2,1,4,360,189,3,6,1,92,0,0,0,0,0
201900019462,19,8,11,116,1,3,6,1,4479936,-335074,1,3,38,3,1,4,394,464,5,3,1,37,0,0,0,0,0
201900019463,19,2,24,1552,4,1,2,7,4753131,361370,4,3,4,1,2,1,235,522,5,3,3,96,0,0,0,0,0
201900019464,19,12,12,730,2,3,3,6,4833450,-3939,9,2,19,3,1,1,389,949,3,3,1,34,0,0,0,0,0
201900019465,19,12,12,1724,5,8,6,6,4481163,216020,5,2,42,1,3,4,149,164,7,1,1,73,0,0,0,0,0
201900019466,19,5,21,1595,5,2,9,1,4410711,247044,6,3,32,2,3,4,708,440,9,6,1,41,0,0,0,0,0
201900019467,19,12,17,1450,1,1,6,2,4806593,317357,8,3,42,2,3,2,405,41,6,5,2,29,0,0,0,0,0
201900019468,19,2,21,1836,2,3,5,4,4890951,-37420,5,2,26,1,1,4,417,317,6,2,3,88,0,0,0,0,0
201900019469,19,11,17,1530,5,5,2,5,4850851,-66594,7,3,29,2,1,1,804,125,5,6,2,79,0,0,0,0,0
201900019470,19,11,26,1317,3,1,7,5,4976183,464285,9,2,49,3,1,1,644,323,5,5,4,73,0,0,0,0,0
201900019471,19,5,12,245,5,6,7,6,4423667,594826,5,4,23,2,2,2,440,685,7,3,2,36,0,0,0,0,0
201900019472,19,12,28,1984,1,2,9,1,4776533,348250,8,2,45,1,1,2,154,365,1,1,5,17,0,0,0,0,0
201900019473,19,8,5,792,5,8,6,5,4938831,-5753,4,4,27,2,4,4,330,476,9,6,3,29,0,0,0,0,0
201900019474,19,3,18,133,3,4,6,3,4406795,184547,1,1,36,2,4,3,788,376,3,4,1,37,0,0,0,0,0
201900019475,19,5,22,1377,1,4,4,4,4590567,-105291,9,2,7,3,1,4,661,329,6,3,2,23,0,0,0,0,0
201900019476,19,10,15,547,5,2,9,2,4777649,-25004,3,2,42,2,3,4,3,989,4,6,3,63,0,0,0,0,0
201900019477,19,4,12,1222,5,6,1,6,4786665,27932,2,2,13,1,2,1,163,376,1,2,5,24,0,0,0,0,0
201900019478,19,8,15,858,1,3,9,2,4552237,567114,2,3,46,1,1,4,763,582,6,7,1,99,0,0,0,0,0
201900019479,19,10,17,1004,1,2,1,3,4974607,-204119,1,1,33,3,2,1,184,520,8,4,1,13,0,0,0,0,0
201900019480,19,10,2,1695,5,7,7,3,4699562,335263,9,3,39,2,4,3,77,940,5,4,2,36,0,0,0,0,0
201900019481,19,9,1,2048,3,6,6,5,4459714,-354237,4,4,10,2,3,2,338,97,8,5,1,81,0,0,0,0,0
201900019482,19,1,26,1103,5,5,9,2,4974341,-27685,9,2,53,3,2,3,789,940,9,6,2,60,0,0,0,0,0
201900019483,19,8,8,1979,2,8,5,2,4920756,680626,2,2,18,1,3,4,724,134,8,3,3,78,0,0,0,0,0
201900019484,19,12,25,1218,1,5,2,4,4618819,367173,1,3,31,3,3,4,645,838,2,7,1,5,0,0,0,0,0
201900019485,19,9,11,2164,2,3,2,1,4871637,-366139,6,3,50,2,1,1,338,207,4,7,2,74,0,0,0,0,0
201900019486,19,10,15,2093,3,5,8,7,4733592,93571,5,2,18,1,3,3,892,230,4,4,4,92,0,0,0,0,0
201900019487,19,7,3,682,5,5,3,6,4771061,-399499,6,4,29,1,3,2,480,291,8,4,1,11,0,0,0,0,0
201900019488,19,12,22,254,1,6,1,6,4761777,-262729,2,3,33,3,3,3,758,225,2,2,1,55,0,0,0,0,0
201900019489,19,1,23,415,1,5,4,6,4824052,-235941,4,2,14,2,3,3,372,455,1,1,5,63,0,0,0,0,0
201900019490,19,3,2,1274,1,6,5,1,4821362,-205114,2,1,15,3,1,3,372,11,8,3,5,93,0,0,0,0,0
201900019491,19,4,14,1493,2,9,5,5,4431051,-198650,3,4,24,3,1,2,871,46,3,7,2,69,0,0,0,0,0
201900019492,19,1,28,84,1,3,8,2,4791744,-88161,4,2,30,1,1,3,455,747,1,7,1,38,0,0,0,0,0
201900019493,19,3,15,1056,1,1,5,3,4744759,-324339,9,2,37,1,4,2,748,920,1,6,2,79,0,0,0,0,0
201900019494,19,4,18,1325,3,7,9,2,4654554,508920,3,3,21,3,1,1,403,127,2,6,4,33,0,0,0,0,0
201900019495,19,2,7,634,3,6,7,6,4773900,-172867,1,4,18,1,2,1,825,808,9,7,3,91,0,0,0,0,0
201900019496,19,12,10,1109,5,3,4,4,4492074,139928,1,4,5,3,1,4,113,895,9,2,2,81,0,0,0,0,0
201900019497,19,7,17,2087,4,7,4,4,4639503,-245147,2,4,6,2,1,4,772,342,2,7,1,63,0,0,0,0,0
201900019498,19,12,22,530,4,7,7,4,4872740,49818,5,2,41,3,3,4,452,407,1,4,4,20,0,0,0,0,0
201900019499,19,4,23,384,5,6,7,5,4453500,244157,6,1,37,1,2,2,304,665,6,6,1,34,0,0,0,0,0
201900019500,19,8,23,181,2,5,8,3,4740114,340458,6,3,36,2,4,3,850,901,9,5,4,57,0,0,0,0,0
201900019501,19,2,9,1512,3,1,8,3,4514420,691066,3,1,23,3,4,1,419,174,2,4,5,31,0,0,0,0,0
201900019502,19,8,7,404,4,7,7,5,4425613,16768,3,3,46,3,4,3,543,39,1,4,1,54,0,0,0,0,0
201900019503,19,9,23,115,3,1,5,2,4772450,-161655,6,1,6,3,2,2,71,429,8,7,1,52,0,0,0,0,0
201900019504,19,9,18,1911,5,7,5,1,4676695,126901,1,4,14,2,4,2,539,238,4,3,1,90,0,0,0,0,0
201900019505,19,8,8,2189,1,8,9,2,4789959,644687,2,3,3,2,2,4,109,337,8,7,1,11,0,0,0,0,0
201900019506,19,5,10,614,4,7,4,2,4652078,609793,3,4,16,1,3,4,784,893,9,7,2,76,0,0,0,0,0
201900019507,19,4,21,1437,3,9,7,6,4718382,327795,3,4,43,1,2,1,532,891,4,7,5,43,0,0,0,0,0
201900019508,19,1,22,1618,5,1,7,6,4513462,-144241,8,3,6,1,2,2,769,330,3,1,2,36,0,0,0,0,0
201900019509,19,2,17,1442,2,8,4,4,4847387,633976,1,4,9,2,2,4,178,642,2,3,3,45,0,0,0,0,0
201900019510,19,3,2,1456,4,6,4,3,4465958,197468,7,1,11,2,1,2,25,730,8,3,2,13,0,0,0,0,0
201900019511,19,1,19,195,5,5,3,4,4610135,578048,3,4,17,3,1,3,83,592,9,6,2,81,0,0,0,0,0
201900019512,19,5,5,1325,2,4,3,4,4447811,172575,7,1,44,3,1,1,650,406,1,1,4,91,0,0,0,0,0
201900019513,19,3,4,1537,1,8,5,1,4943240,70208,6,3,20,3,4,3,217,200,2,4,4,45,0,0,0,0,0
201900019514,19,3,16,2071,5,7,3,3,4675453,-276841,5,1,16,2,4,1,366,379,8,6,3,70,0,0,0,0,0
201900019515,19,3,22,1768,3,1,2,1,4688870,628847,6,3,44,1,2,4,338,630,3,1,3,51,0,0,0,0,0
201900019516,19,5,5,711,5,6,9,3,4551772,381457,6,4,47,3,1,4,436,738,4,1,2,45,0,0,0,0,0
201900019517,19,5,13,2344,3,9,8,7,4416736,593746,8,1,41,1,4,3,206,320,7,6,3,82,0,0,0,0,0
201900019518,19,1,7,1791,4,7,3,6,4737984,-221486,9,1,11,3,3,3,330,940,8,6,4,27,0,0,0,0,0
201900019519,19,6,17,1488,2,3,1,7,4622323,247391,8,2,6,1,3,4,52,58,9,7,4,23,0,0,0,0,0
201900019520,19,1,17,915,2,6,2,3,4436609,-81728,1,1,45,1,4,3,204,917,4,1,2,79,0,0,0,0,0
201900019521,19,11,18,18,5,8,7,4,4696094,463020,8,2,4,1,4,2,594,287,2,3,5,59,0,0,0,0,0
201900019522,19,4,14,457,2,7,3,4,4545497,350639,2,3,51,1,3,1,770,658,8,1,3,79,0,0,0,0,0
201900019523,19,5,8,2140,3,6,6,4,4787640,-375841,7,1,13,3,2,1,255,774,2,7,4,49,0,0,0,0,0
201900019524,19,3,4,579,2,6,8,5,4759033,53864,2,2,51,3,1,4,369,313,1,1,4,25,0,0,0,0,0
201900019525,19,8,20,77,5,2,6,4,4550421,426643,8,2,27,3,3,1,0,100,2,5,2,75,0,0,0,0,0
201900019526,19,1,15,2304,1,6,6,5,4578659,260289,7,1,7,1,2,3,599,32,8,1,1,83,0,0,0,0,0
201900019527,19,5,15,2211,3,8,7,6,4666364,-284447,6,4,37,1,1,4,366,963,5,3,4,57,0,0,0,0,0
201900019528,19,5,10,1770,4,5,2,7,4719834,489301,2,2,25,3,2,2,217,364,3,2,4,45,0,0,0,0,0
201900019529,19,10,28,1552,4,7,9,7,4981568,-377219,9,1,32,3,2,3,497,819,5,7,2,16,0,0,0,0,0
201900019530,19,2,13,865,5,3,5,4,4527275,490107,4,4,10,2,3,3,842,949,4,5,2,52,0,0,0,0,0
201900019531,19,8,8,2220,2,8,2,6,4596839,74039,6,1,22,2,2,3,208,959,3,7,2,54,0,0,0,0,0
201900019532,19,2,13,2219,4,3,6,6,4449686,616811,3,4,22,1,4,4,775,543,6,5,4,62,0,0,0,0,0
201900019533,19,4,9,270,2,9,2,1,4489383,581197,3,1,34,3,4,3,688,966,5,5,5,18,0,0,0,0,0
201900019534,19,9,26,1447,3,5,9,3,4820077,479959,4,2,20,3,4,1,232,567,1,3,1,18,0,0,0,0,0
201900019535,19,3,8,2080,1,8,1,7,4618455,-50511,4,3,15,2,2,1,173,948,8,3,1,98,0,0,0,0,0
201900019536,19,6,22,1021,5,6,5,2,4462393,307073,7,4,30,2,1,3,208,862,9,6,3,47,0,0,0,0,0
201900019537,19,3,7,165,3,7,4,1,4960669,259565,7,1,3,3,4,1,251,322,9,6,4,88,0,0,0,0,0
201900019538,19,10,7,548,4,8,3,2,4484349,655249,4,1,30,1,1,3,663,815,1,2,1,40,0,0,0,0,0
201900019539,19,6,20,661,2,4,6,5,4464191,611668,5,4,37,3,4,3,285,767,4,2,5,21,0,0,0,0,0
201900019540,19,7,22,702,4,9,7,5,4837858,-5851,6,2,52,1,3,3,657,48,3,5,5,57,0,0,0,0,0
201900019541,19,1,21,521,5,1,4,3,4854514,-183246,4,3,48,1,4,1,402,766,5,6,5,95,0,0,0,0,0
201900019542,19,11,4,984,4,3,6,3,4683510,454083,4,3,49,1,3,1,364,482,7,6,4,7,0,0,0,0,0
201900019543,19,2,13,293,2,4,7,6,4458748,699324,4,4,47,3,4,4,701,620,3,3,5,38,0,0,0,0,0
201900019544,19,5,5,2170,2,7,9,3,4604526,197391,9,1,24,3,1,2,522,635,4,6,3,59,0,0,0,0,0
201900019545,19,2,18,353,3,9,9,6,4734835,-339239,6,4,38,1,3,3,508,151,1,7,2,67,0,0,0,0,0
201900019546,19,1,13,85,4,1,5,2,4557956,323409,5,4,46,3,3,2,483,581,7,1,2,73,0,0,0,0,0
201900019547,19,2,9,1469,5,7,4,7,4959269,385286,2,3,33,3,1,2,640,75,7,2,1,59,0,0,0,0,0
201900019548,19,11,26,1451,3,9,5,7,4855597,620438,6,4,21,2,3,4,890,503,5,7,2,63,0,0,0,0,0
201900019549,19,3,1,332,2,1,1,3,4731843,-95152,6,4,47,1,3,2,897,996,9,2,2,16,0,0,0,0,0
201900019550,19,12,13,1680,5,8,3,2,4726505,-133229,2,2,43,1,4,2,328,550,5,2,2,55,0,0,0,0,0
201900019551,19,9,27,710,4,2,5,3,4987469,-279726,1,4,36,1,4,3,141,49,9,3,3,66,0,0,0,0,0
201900019552,19,10,3,560,2,6,4,1,4642128,-263443,4,4,33,2,4,4,872,599,5,3,2,40,0,0,0,0,0
201900019553,19,12,16,1666,4,6,7,3,4423392,-197246,7,2,3,2,2,3,499,52,6,5,5,73,0,0,0,0,0
201900019554,19,7,24,2121,3,4,6,1,4793338,265027,1,3,30,1,1,2,558,327,6,5,2,44,0,0,0,0,0
201900019555,19,10,18,1708,3,5,3,4,4491849,215117,5,2,10,3,4,3,649,998,7,5,4,8,0,0,0,0,0
201900019556,19,7,10,74,2,8,5,1,4734942,-211773,4,3,51,3,2,4,645,446,3,2,5,74,0,0,0,0,0
201900019557,19,1,6,679,4,6,6,2,4437606,-292047,3,1,48,3,1,1,19,315,4,4,1,19,0,0,0,0,0
201900019558,19,2,22,1318,2,9,4,2,4702659,-23044,2,2,30,3,1,4,212,936,9,4,4,37,0,0,0,0,0
201900019559,19,4,7,2165,5,6,8,3,4867104,210970,7,2,15,2,3,2,781,87,7,6,3,0,0,0,0,0,0
201900019560,19,9,9,1473,2,8,5,6,4951280,170911,1,2,5,2,1,1,648,464,8,5,5,20,0,0,0,0,0
201900019561,19,9,1,1684,4,2,1,7,4747685,246475,4,2,0,3,2,1,880,44,7,1,4,73,0,0,0,0,0
201900019562,19,8,4,617,3,8,3,1,4996425,36153,6,4,33,2,3,1,657,22,8,1,5,60,0,0,0,0,0
201900019563,19,4,14,1424,1,4,5,7,4652826,560094,3,2,9,2,4,1,159,105,1,2,5,64,0,0,0,0,0
201900019564,19,4,16,1411,4,6,7,4,4574894,346915,3,3,15,1,2,4,221,690,3,7,3,51,0,0,0,0,0
201900019565,19,2,23,1295,5,7,2,3,4751315,-398072,2,2,34,3,2,3,276,83,1,2,3,85,0,0,0,0,0
201900019566,19,12,28,1480,1,3,7,4,4778001,-55258,8,2,44,1,2,1,485,738,5,2,2,54,0,0,0,0,0
201900019567,19,6,22,707,1,6,7,2,4723345,-287638,6,3,41,2,1,2,333,97,7,7,5,39,0,0,0,0,0
201900019568,19,9,9,1717,5,2,5,1,4833698,-177372,6,1,4,3,1,4,836,373,9,3,1,97,0,0,0,0,0
201900019569,19,12,6,23,4,9,1,2,4970220,-247054,4,2,50,1,3,4,631,347,5,6,2,83,0,0,0,0,0
201900019570,19,11,18,1172,5,9,5,6,4610887,571151,4,3,11,1,4,2,153,740,1,4,4,31,0,0,0,0,0
201900019571,19,10,28,1776,3,5,9,7,4621586,331438,8,3,23,1,1,4,188,791,5,5,2,20,0,0,0,0,0
201900019572,19,7,20,2105,1,7,9,6,4891720,529736,2,4,49,1,2,1,119,170,8,7,5,22,0,0,0,0,0