Num_Acc,an,mois,jour,hrmn,lum,int,atm,col,lat,long,catr,circ,nbv,vosp,prof,plan,lartpc,larrout,surf,infra,situ,env1,unscathed,killed,hospital,light,chance
201900019573,19,7,1,383,2,2,4,3,4747841,-286043,8,1,33,1,1,1,729,187,2,2,2,39,0,0,0,0,0
201900019574,19,1,9,688,5,4,3,4,4579636,213703,8,2,16,2,3,2,96,588,5,4,5,30,0,0,0,0,0
201900019575,19,5,16,1646,5,2,6,6,4877980,534365,6,3,45,1,2,1,92,275,7,2,2,51,0,0,0,0,0
201900019576,19,9,21,603,1,2,7,3,4897668,436513,1,3,11,2,1,1,465,923,7,2,2,65,0,0,0,0,0
201900019577,19,6,22,1225,2,2,9,4,4844195,409280,4,1,34,2,3,2,215,95,1,4,5,66,0,0,0,0,0
201900019578,19,11,6,1009,5,2,3,4,4548650,-115192,9,2,50,2,1,2,277,820,1,4,4,40,0,0,0,0,0
201900019579,19,4,28,77,2,3,3,2,4545590,511040,8,3,13,3,3,2,598,526,9,5,4,27,0,0,0,0,0
201900019580,19,7,11,1840,3,1,2,2,4842816,11817,3,1,11,3,4,3,460,660,3,3,4,61,0,0,0,0,0
201900019581,19,4,17,1971,3,7,3,6,4487908,657470,6,2,3,1,4,4,75,897,2,7,1,31,0,0,0,0,0
201900019582,19,8,11,1964,3,4,7,6,4410135,-380447,5,4,25,3,1,3,703,996,4,1,3,25,0,0,0,0,0
201900019583,19,7,7,1709,3,1,2,6,4740351,-151657,3,2,9,3,2,3,543,725,5,2,5,48,0,0,0,0,0
201900019584,19,2,24,2189,2,3,9,4,4711435,402816,6,2,49,3,1,1,129,84,1,5,3,34,0,0,0,0,0
201900019585,19,5,21,1440,5,8,1,7,4930606,482429,3,4,47,3,1,2,383,87,5,6,1,15,0,0,0,0,0
201900019586,19,3,24,465,3,9,1,6,4437839,277283,6,4,53,2,4,4,773,190,3,7,4,53,0,0,0,0,0
201900019587,19,4,11,165,1,3,8,5,4980121,542098,9,3,35,3,2,4,859,948,9,2,1,56,0,0,0,0,0
201900019588,19,6,15,988,4,8,7,5,4878805,640521,3,3,40,2,1,2,199,125,8,1,2,50,0,0,0,0,0
201900019589,19,12,2,180,5,7,6,7,4859861,98669,5,3,37,2,4,2,12,721,1,4,2,87,0,0,0,0,0
201900019590,19,8,5,1442,3,3,7,6,4407839,266538,5,4,27,3,1,3,222,756,5,2,2,85,0,0,0,0,0
201900019591,19,5,5,12,4,6,3,4,4615054,628729,7,2,9,2,4,3,224,261,6,1,2,42,0,0,0,0,0
201900019592,19,11,16,1049,5,4,2,5,4559719,637570,9,3,40,1,4,2,409,33,8,7,5,45,0,0,0,0,0
201900019593,19,10,3,781,4,1,4,7,4732920,-256367,2,3,3,1,4,4,378,880,3,2,3,94,0,0,0,0,0
201900019594,19,5,10,811,4,6,7,5,4609325,-116303,9,3,43,1,2,4,272,226,7,6,2,30,0,0,0,0,0
201900019595,19,12,15,2342,2,7,4,1,4916795,-85587,3,2,37,1,2,3,197,15,7,2,4,84,0,0,0,0,0
201900019596,19,1,8,327,2,8,2,3,4624227,287574,6,2,17,3,4,2,839,13,7,1,4,12,0,0,0,0,0
201900019597,19,10,4,1391,4,6,1,6,4891181,9057,1,4,40,3,3,4,862,546,2,4,3,1,0,0,0,0,0
201900019598,19,3,10,1070,5,4,7,5,4578960,216226,5,1,9,2,3,3,631,612,6,2,4,93,0,0,0,0,0
201900019599,19,7,2,309,5,4,4,1,4555650,367896,8,1,13,2,1,3,808,300,1,3,3,88,0,0,0,0,0
201900019600,19,11,19,407,1,9,8,7,4440178,-231960,9,1,35,1,3,4,68,873,1,1,5,76,0,0,0,0,0
201900019601,19,9,16,545,4,7,8,4,4505625,132874,8,2,13,2,2,4,881,935,9,1,1,31,0,0,0,0,0
201900019602,19,5,11,1158,1,6,1,6,4735578,609486,4,3,34,3,4,4,470,819,7,4,4,14,0,0,0,0,0
201900019603,19,6,25,1888,3,3,6,2,4473330,239142,8,2,16,2,3,4,736,596,7,4,4,56,0,0,0,0,0
201900019604,19,9,14,2149,4,4,9,6,4807650,205556,8,1,37,1,3,2,350,250,9,5,3,6,0,0,0,0,0
201900019605,19,1,11,1597,1,4,8,7,4720904,167683,3,2,15,3,4,1,373,376,5,1,1,18,0,0,0,0,0
201900019606,19,6,9,2317,5,6,1,7,4940575,217118,5,4,52,1,1,1,47,587,6,2,2,27,0,0,0,0,0
201900019607,19,7,3,366,2,7,8,6,4504454,-76288,6,3,0,2,2,2,313,867,5,1,2,5,0,0,0,0,0
201900019608,19,2,15,1103,5,8,4,1,4714525,179132,9,2,31,1,3,3,893,624,7,5,1,79,0,0,0,0,0
201900019609,19,12,1,580,1,7,8,7,4566987,128673,8,3,33,2,4,4,406,891,4,4,1,46,0,0,0,0,0
201900019610,19,4,9,972,2,7,9,4,4593015,-72009,6,4,43,1,2,1,810,966,8,5,3,99,0,0,0,0,0
201900019611,19,6,18,2322,3,9,1,5,4798759,-364237,6,1,14,3,3,1,410,640,5,1,3,34,0,0,0,0,0
201900019612,19,11,11,758,1,8,4,4,4848302,-150814,7,1,0,3,4,4,620,748,7,7,1,70,0,0,0,0,0
201900019613,19,9,16,907,4,8,8,3,4496769,-314205,9,2,37,3,4,1,625,143,8,3,4,36,0,0,0,0,0
201900019614,19,3,8,797,4,9,9,5,4804795,351533,5,4,11,1,3,4,28,2,9,1,3,66,0,0,0,0,0
201900019615,19,10,16,1559,3,8,1,2,4972670,-165046,3,1,46,1,3,4,724,988,5,2,1,67,0,0,0,0,0
201900019616,19,3,26,1201,5,5,3,1,4471467,423406,1,4,39,2,3,4,209,20,1,7,2,66,0,0,0,0,0
201900019617,19,8,10,1137,5,7,4,5,4703785,166126,1,2,20,1,4,1,809,885,5,7,4,73,0,0,0,0,0
201900019618,19,7,25,1156,2,6,7,4,4824408,-262798,8,1,47,3,2,4,672,799,8,7,1,3,0,0,0,0,0
201900019619,19,6,15,2201,1,9,8,5,4508905,602067,4,3,47,3,1,2,911,69,6,3,2,2,0,0,0,0,0
201900019620,19,12,23,422,2,3,7,5,4955350,554864,4,3,25,2,3,3,382,741,5,7,3,41,0,0,0,0,0
201900019621,19,12,5,2276,3,6,2,2,4765444,-393113,8,4,31,1,3,2,719,381,6,4,1,19,0,0,0,0,0
201900019622,19,5,2,1685,1,3,7,2,4521720,479633,7,3,51,2,2,3,845,676,2,3,5,77,0,0,0,0,0
201900019623,19,5,17,983,3,9,7,6,4965371,72491,2,1,26,3,3,1,40,414,4,7,1,41,0,0,0,0,0
201900019624,19,5,24,420,4,2,4,6,4686779,145130,7,3,2,2,4,3,862,388,4,5,3,62,0,0,0,0,0
201900019625,19,12,26,1193,5,8,2,3,4463709,139917,4,1,9,1,4,4,392,904,4,7,2,59,0,0,0,0,0
201900019626,19,9,24,719,2,6,6,2,4643023,-384802,1,3,38,2,4,2,17,787,1,2,3,91,0,0,0,0,0
201900019627,19,2,11,2123,5,9,3,4,4871645,322433,9,3,27,3,1,2,829,365,9,4,5,18,0,0,0,0,0
201900019628,19,7,23,1759,4,2,4,5,4560272,-257165,1,4,27,1,4,1,353,769,6,1,2,24,0,0,0,0,0
201900019629,19,12,10,465,4,3,8,3,4682371,89845,8,2,20,2,3,3,169,496,3,2,3,57,0,0,0,0,0
201900019630,19,7,18,465,1,5,7,7,4826223,382521,6,2,29,1,2,1,462,986,7,4,2,6,0,0,0,0,0
201900019631,19,6,21,670,2,4,9,4,4456894,75817,6,2,9,3,4,2,51,693,8,3,1,33,0,0,0,0,0
201900019632,19,2,4,1989,2,6,4,4,4580940,355987,4,3,9,1,4,2,231,894,9,1,5,31,0,0,0,0,0
201900019633,19,1,23,334,4,5,1,7,4849621,-133043,3,2,44,3,2,4,185,873,3,3,1,89,0,0,0,0,0
201900019634,19,9,5,431,2,1,5,5,4501984,-149064,4,3,37,2,3,4,718,447,1,5,5,65,0,0,0,0,0
201900019635,19,2,25,1826,5,9,7,2,4524529,-376222,6,4,4,2,1,4,279,93,8,7,3,58,0,0,0,0,0
201900019636,19,3,17,1628,4,6,8,3,4858649,-245321,4,3,26,1,1,3,567,981,6,6,1,20,0,0,0,0,0
201900019637,19,1,8,88,2,7,3,6,4527169,97081,8,3,45,1,1,2,770,917,9,6,1,99,0,0,0,0,0
201900019638,19,1,9,769,1,9,9,2,4483316,431740,2,1,12,3,2,3,836,448,7,3,4,6,0,0,0,0,0
201900019639,19,12,17,38,1,4,5,7,4636414,560558,6,4,24,3,4,3,67,443,9,2,3,58,0,0,0,0,0
201900019640,19,7,7,20,2,2,7,4,4814563,-374930,8,3,8,3,2,1,514,435,3,5,2,70,0,0,0,0,0
201900019641,19,5,20,365,5,3,5,7,4581752,-161892,2,1,1,2,3,3,908,176,2,1,3,11,0,0,0,0,0
201900019642,19,8,9,1963,4,7,2,7,4842311,148726,1,2,2,3,2,4,866,507,2,3,2,64,0,0,0,0,0
201900019643,19,12,8,1437,2,1,2,2,4459473,-385194,2,4,29,1,2,3,492,654,6,7,4,76,0,0,0,0,0
201900019644,19,10,22,2044,2,7,9,7,4671619,229413,1,3,13,3,4,3,579,664,5,6,4,2,0,0,0,0,0
201900019645,19,11,2,1460,1,4,4,7,4935283,-390132,1,3,29,1,1,1,848,445,1,3,4,75,0,0,0,0,0
201900019646,19,7,9,56,4,3,9,5,4717745,491120,9,2,2,3,2,4,70,461,3,5,1,33,0,0,0,0,0
201900019647,19,8,3,1643,4,3,1,7,4678637,-144579,3,1,26,3,2,1,799,82,9,3,4,27,0,0,0,0,0
201900019648,19,10,14,1435,5,8,7,1,4618331,-225114,2,3,44,2,3,2,40,427,8,2,1,81,0,0,0,0,0
201900019649,19,6,14,2305,4,6,5,4,4616318,612095,8,3,22,1,2,3,55,638,6,7,3,93,0,0,0,0,0
201900019650,19,1,28,1771,4,7,1,4,4783757,585332,7,4,7,2,2,3,915,881,7,3,5,14,0,0,0,0,0
201900019651,19,11,25,1318,3,9,5,6,4780804,99389,1,3,50,2,4,4,884,881,3,4,5,99,0,0,0,0,0
201900019652,19,8,11,2039,4,2,6,6,4812556,-115040,8,1,25,1,2,2,318,785,9,6,4,16,0,0,0,0,0
201900019653,19,9,12,103,4,8,7,2,4558864,530113,1,3,44,3,1,3,402,584,2,3,3,73,0,0,0,0,0
201900019654,19,11,13,157,2,4,2,4,4461821,109215,1,2,25,3,4,4,223,107,4,2,4,67,0,0,0,0,0
201900019655,19,12,26,1232,1,9,8,4,4703136,488221,1,2,0,2,1,2,674,772,7,7,1,93,0,0,0,0,0
201900019656,19,3,27,1667,4,4,6,1,4854793,393111,5,4,19,1,3,1,555,295,1,5,5,66,0,0,0,0,0
201900019657,19,6,9,151,5,7,5,6,4814304,650350,8,3,32,1,1,2,813,813,4,2,5,13,0,0,0,0,0
201900019658,19,4,25,1082,5,4,7,2,4825001,-163077,4,4,19,2,3,3,721,425,3,4,3,11,0,0,0,0,0
201900019659,19,11,18,2128,4,1,2,2,4806828,331846,7,1,7,2,3,4,902,58,2,1,4,90,0,0,0,0,0
201900019660,19,12,26,372,4,9,1,2,4605503,543071,5,1,17,1,2,3,634,270,1,6,1,49,0,0,0,0,0
201900019661,19,4,17,782,1,6,9,3,4535413,263611,4,2,5,2,4,2,109,545,8,1,1,15,0,0,0,0,0
201900019662,19,3,6,1817,5,2,3,7,4773162,334525,4,2,46,3,1,4,67,36,2,2,4,90,0,0,0,0,0
201900019663,19,5,13,2310,1,6,6,4,4729319,459227,9,2,44,3,1,3,11,794,4,3,3,29,0,0,0,0,0
201900019664,19,9,18,1249,5,1,1,4,4474576,550120,4,2,19,3,2,2,671,58,8,5,2,90,0,0,0,0,0
201900019665,19,2,12,1633,2,4,6,3,4878839,-120809,1,1,7,1,4,2,907,27,2,2,4,97,0,0,0,0,0
201900019666,19,3,4,1723,3,1,7,5,4995968,340528,8,1,13,2,2,4,405,422,4,5,4,11,0,0,0,0,0
201900019667,19,10,24,876,3,7,4,2,4942215,-119529,4,2,20,1,2,2,324,283,2,3,4,34,0,0,0,0,0
201900019668,19,1,15,21,3,5,4,6,4408585,-145441,4,3,29,2,2,2,662,655,4,7,3,24,0,0,0,0,0
201900019669,19,10,9,130,4,7,7,2,4631423,-188748,6,2,34,2,4,4,534,190,6,4,5,37,0,0,0,0,0
201900019670,19,12,12,1505,3,6,1,2,4410427,170894,4,4,34,1,3,3,157,270,3,6,2,51,0,0,0,0,0
201900019671,19,8,27,446,3,4,9,2,4946634,605704,7,3,43,3,1,1,313,972,3,1,1,48,0,0,0,0,0
201900019672,19,10,22,1567,5,3,1,4,4818462,99952,5,2,19,2,2,4,872,321,1,4,2,86,0,0,0,0,0
201900019673,19,4,17,338,1,7,9,4,4780574,-308515,2,1,18,2,4,4,892,462,6,1,4,52,0,0,0,0,0
201900019674,19,10,3,1997,3,7,7,3,4692542,257924,1,1,35,2,3,1,300,342,9,4,5,61,0,0,0,0,0
201900019675,19,1,17,130,1,7,8,3,4778019,-309329,6,2,28,1,4,2,316,489,7,1,3,15,0,0,0,0,0
201900019676,19,12,26,2089,5,4,8,6,4944683,-152293,1,4,9,2,3,1,771,278,9,7,3,97,0,0,0,0,0
201900019677,19,10,14,297,3,4,4,6,4418256,657590,7,2,47,3,2,2,522,137,5,5,5,70,0,0,0,0,0
201900019678,19,7,25,693,2,6,7,3,4455786,-93853,5,1,40,2,2,4,777,513,1,4,5,34,0,0,0,0,0
201900019679,19,1,4,1216,2,6,1,7,4437842,-327262,1,2,1,2,3,3,389,380,7,3,2,64,0,0,0,0,0
201900019680,19,12,26,249,5,7,9,7,4519712,222905,8,4,12,2,3,3,628,586,8,1,4,68,0,0,0,0,0
201900019681,19,9,13,457,2,1,8,3,4995593,-147674,6,4,28,2,3,3,360,429,6,3,2,86,0,0,0,0,0
201900019682,19,9,16,808,2,5,6,6,4822059,-233751,7,3,22,1,1,4,561,513,4,7,3,88,0,0,0,0,0
201900019683,19,10,15,1406,1,8,1,6,4551189,199101,3,3,49,2,4,3,903,332,3,7,4,18,0,0,0,0,0
201900019684,19,5,26,336,2,2,6,3,4444147,660091,4,4,38,1,4,1,648,590,1,7,5,97,0,0,0,0,0
201900019685,19,3,16,817,1,9,5,3,4408400,-361245,5,2,18,1,1,2,875,101,1,3,2,76,0,0,0,0,0
201900019686,19,6,12,667,5,5,3,5,4608356,78607,5,4,38,3,4,1,339,588,9,1,4,68,0,0,0,0,0
201900019687,19,5,13,1170,1,7,6,6,4414948,291661,6,4,42,1,3,2,667,540,7,3,4,5,0,0,0,0,0
201900019688,19,11,16,1798,3,9,5,6,4455425,19892,8,4,47,1,4,3,200,370,6,5,5,98,0,0,0,0,0
201900019689,19,2,26,1682,1,1,5,6,4880081,-320808,1,2,53,2,3,3,345,281,7,4,3,41,0,0,0,0,0
201900019690,19,6,9,613,2,2,8,4,4976508,-265988,6,1,22,1,4,3,461,745,7,3,4,25,0,0,0,0,0
201900019691,19,2,8,1532,3,6,2,7,4785215,-152244,7,3,29,1,3,1,505,671,2,2,2,37,0,0,0,0,0
201900019692,19,1,10,1729,5,2,6,4,4425428,380998,6,4,24,2,1,2,451,529,5,3,3,71,0,0,0,0,0
201900019693,19,1,1,1265,1,6,2,5,4986353,406617,2,1,14,1,1,4,618,508,3,2,4,25,0,0,0,0,0
201900019694,19,9,4,702,5,1,1,6,4987633,461742,9,3,18,1,2,1,122,221,8,7,3,43,0,0,0,0,0
201900019695,19,12,9,118,4,1,1,4,4741404,673657,2,4,44,1,4,4,235,753,7,1,3,58,0,0,0,0,0
201900019696,19,1,11,696,4,3,9,3,4588935,310575,2,3,40,3,1,4,370,199,5,3,2,90,0,0,0,0,0
201900019697,19,3,9,1226,5,4,5,2,4974499,242276,9,2,4,1,3,2,437,508,3,2,2,85,0,0,0,0,0
201900019698,19,3,2,1878,3,5,5,7,4876100,-176872,9,3,17,1,3,1,74,872,2,1,2,36,0,0,0,0,0
201900019699,19,9,24,1812,5,2,9,6,4573674,-62742,3,3,26,3,3,3,821,598,8,4,3,3,0,0,0,0,0
201900019700,19,6,13,1362,2,3,5,7,4694390,419267,3,2,7,3,2,3,166,257,8,6,4,32,0,0,0,0,0
201900019701,19,4,23,1556,3,6,7,4,4961561,153852,6,4,12,1,1,4,234,169,5,4,1,84,0,0,0,0,0
201900019702,19,6,8,2139,2,5,6,6,4846348,238049,8,4,39,1,1,3,776,950,5,4,5,80,0,0,0,0,0
201900019703,19,8,27,2261,2,2,8,3,4926541,548313,9,2,6,2,4,1,89,352,4,2,1,87,0,0,0,0,0
201900019704,19,8,18,1823,4,4,7,5,4739492,-273346,8,1,11,3,2,2,48,984,6,7,1,69,0,0,0,0,0
201900019705,19,4,16,203,2,7,8,5,4724617,184190,5,2,12,2,1,1,677,364,1,2,5,57,0,0,0,0,0
201900019706,19,1,16,46,4,9,5,2,4952480,361658,1,1,2,2,2,2,722,716,1,4,1,26,0,0,0,0,0
201900019707,19,12,28,2239,1,6,9,3,4433200,314097,3,4,31,1,1,4,859,932,8,4,3,25,0,0,0,0,0
201900019708,19,3,5,201,2,5,5,3,4892276,187697,2,1,27,1,3,1,807,234,4,7,3,69,0,0,0,0,0
201900019709,19,9,9,432,1,6,1,5,4480028,217489,8,3,42,2,2,4,38,325,4,4,1,41,0,0,0,0,0
201900019710,19,12,19,2083,3,7,4,2,4654129,622716,4,3,5,3,4,1,353,606,1,1,2,4,0,0,0,0,0
201900019711,19,4,13,536,2,7,8,6,4882890,-248937,8,4,1,3,4,1,480,971,1,7,4,4,0,0,0,0,0
201900019712,19,5,27,1797,1,2,1,3,4584947,325759,4,1,23,2,1,4,637,773,7,5,4,26,0,0,0,0,0
201900019713,19,2,26,1647,1,9,2,4,4775123,424116,3,3,41,3,2,2,345,52,8,5,5,1,0,0,0,0,0
201900019714,19,5,5,1295,1,3,1,7,4523797,-122147,8,4,36,1,3,2,827,497,8,3,1,3,0,0,0,0,0
201900019715,19,2,28,1880,2,4,9,1,4434186,-16874,7,1,15,2,3,2,894,955,9,2,1,20,0,0,0,0,0
201900019716,19,3,13,2105,5,1,4,4,4413191,542049,4,2,1,2,2,2,806,300,1,6,3,96,0,0,0,0,0
201900019717,19,6,9,538,5,5,9,2,4883483,-96425,7,3,23,2,2,1,524,588,5,7,5,50,0,0,0,0,0
201900019718,19,9,20,1554,5,3,9,7,4990176,547241,4,4,40,3,2,1,385,30,5,6,3,93,0,0,0,0,0
201900019719,19,8,4,576,4,4,9,2,4551560,670096,1,1,5,3,1,4,233,56,9,4,5,68,0,0,0,0,0
201900019720,19,2,8,280,1,9,5,2,4852865,-217974,7,2,37,1,3,1,22,317,8,5,1,21,0,0,0,0,0
201900019721,19,3,6,777,5,5,2,6,4411155,-359627,7,3,47,2,4,3,460,586,9,5,5,79,0,0,0,0,0
201900019722,19,6,2,479,1,6,7,3,4776359,581896,6,1,36,2,4,4,18,482,8,6,4,56,0,0,0,0,0
201900019723,19,1,17,1864,3,6,2,4,4536342,633606,3,3,37,1,1,3,422,353,7,3,4,37,0,0,0,0,0
201900019724,19,12,15,2149,1,5,2,2,4798963,579368,3,3,37,3,3,2,434,657,6,1,1,78,0,0,0,0,0
201900019725,19,11,19,2319,5,1,3,6,4952736,-333206,1,2,49,3,4,3,136,907,3,1,4,45,0,0,0,0,0
201900019726,19,2,16,2176,1,9,6,7,4911315,271003,2,1,5,1,3,2,183,37,3,2,4,5,0,0,0,0,0
201900019727,19,1,19,1639,4,1,6,6,4990954,-381209,6,3,1,3,1,1,140,46,9,6,2,38,0,0,0,0,0
201900019728,19,10,18,1498,5,7,5,7,4501611,481648,8,1,37,1,2,2,742,247,1,2,1,32,0,0,0,0,0
201900019729,19,4,15,901,5,1,5,7,4687161,54092,8,4,29,2,1,3,464,487,1,1,2,22,0,0,0,0,0
201900019730,19,10,28,549,1,3,2,2,4450676,-388173,9,3,21,3,4,2,366,189,6,7,5,95,0,0,0,0,0
201900019731,19,11,23,2060,2,4,9,7,4822961,245438,1,2,40,2,4,1,229,489,7,2,3,66,0,0,0,0,0
201900019732,19,1,9,2078,2,4,5,3,4640875,-329700,1,1,30,1,1,3,822,780,2,2,2,40,0,0,0,0,0
201900019733,19,1,26,368,5,8,6,3,4930365,300729,5,4,47,1,2,4,456,901,3,1,2,87,0,0,0,0,0
201900019734,19,9,26,577,5,8,2,3,4738944,-377652,6,2,4,1,4,3,615,317,5,3,1,17,0,0,0,0,0
201900019735,19,1,26,603,1,1,9,2,4968181,-122545,3,4,23,1,3,2,417,958,5,4,3,56,0,0,0,0,0
201900019736,19,3,21,225,4,3,9,3,4513340,409956,6,1,50,2,1,3,915,18,7,2,4,92,0,0,0,0,0
201900019737,19,12,13,1129,2,7,2,6,4835683,66470,5,4,29,1,3,3,513,652,5,6,3,19,0,0,0,0,0
201900019738,19,11,12,1859,5,6,9,5,4833890,572814,6,1,46,1,1,2,374,784,8,7,2,67,0,0,0,0,0
201900019739,19,6,15,316,1,7,6,2,4599614,114054,4,1,13,2,1,1,336,391,1,4,3,5,0,0,0,0,0
201900019740,19,1,23,1945,3,7,7,1,4653350,582924,9,3,13,2,1,4,859,704,1,6,1,9,0,0,0,0,0
201900019741,19,1,18,1199,1,5,7,2,4740761,-148668,1,4,39,3,3,4,555,95,1,6,4,46,0,0,0,0,0
201900019742,19,2,9,1156,4,2,2,5,4566761,-287204,2,4,37,3,3,4,271,868,5,2,3,2,0,0,0,0,0
201900019743,19,1,13,1013,4,4,5,3,4626492,454204,8,1,47,2,2,4,87,136,2,7,1,9,0,0,0,0,0
201900019744,19,4,9,1905,1,1,5,4,4492089,-391463,2,1,33,3,1,3,846,292,1,4,5,83,0,0,0,0,0
201900019745,19,11,10,1445,4,1,9,2,4445007,-136820,2,2,51,1,4,2,728,890,6,5,1,61,0,0,0,0,0
201900019746,19,3,27,17,2,9,2,2,4654047,-76739,9,1,16,2,2,4,775,341,6,1,3,5,0,0,0,0,0
201900019747,19,11,16,776,3,9,5,6,4701381,360188,6,4,5,2,1,3,203,11,7,2,4,48,0,0,0,0,0
201900019748,19,7,14,686,1,3,6,7,4835005,628980,4,2,29,3,2,1,446,54,1,1,5,8,0,0,0,0,0
201900019749,19,10,7,875,3,3,2,5,4516450,-317869,1,4,18,2,4,2,169,302,7,7,4,73,0,0,0,0,0
201900019750,19,4,18,1240,2,9,2,3,4823821,450028,5,2,15,3,3,2,304,17,9,5,3,28,0,0,0,0,0
201900019751,19,8,20,1046,5,2,9,2,4705238,228837,4,3,4,3,3,2,242,825,3,7,5,94,0,0,0,0,0
201900019752,19,9,25,422,1,4,4,1,4429509,430016,3,4,45,2,2,1,360,696,3,4,2,82,0,0,0,0,0
201900019753,19,9,8,1092,5,2,3,2,4491403,254145,1,1,48,3,3,4,791,206,6,5,5,39,0,0,0,0,0
201900019754,19,9,26,2329,1,9,5,5,4869225,218430,6,1,51,2,4,1,496,717,5,7,3,64,0,0,0,0,0
201900019755,19,7,20,441,4,7,5,1,4645713,107260,9,4,29,1,1,4,758,135,1,3,5,92,0,0,0,0,0
201900019756,19,6,9,1314,1,1,4,4,4660298,-28093,1,4,10,3,3,1,535,19,3,1,5,99,0,0,0,0,0
201900019757,19,10,20,2281,2,7,9,5,4499861,-397091,6,3,5,3,3,3,114,402,1,6,2,66,0,0,0,0,0
201900019758,19,3,18,1561,5,8,2,1,4691952,322584,7,3,33,2,4,4,500,198,6,6,3,3,0,0,0,0,0
201900019759,19,12,4,434,1,9,7,4,4993683,-72885,8,2,34,2,3,1,861,26,1,3,5,81,0,0,0,0,0
201900019760,19,4,18,403,1,4,1,2,4982833,-224754,7,1,12,2,1,2,416,731,8,5,2,75,0,0,0,0,0
201900019761,19,12,4,490,3,8,5,3,4921050,191132,9,2,2,3,1,1,877,265,2,1,2,36,0,0,0,0,0
201900019762,19,6,8,1171,5,5,1,6,4961787,-342848,3,4,22,3,3,3,166,413,1,5,5,39,0,0,0,0,0
201900019763,19,11,24,1991,1,4,6,3,4414440,108155,4,4,30,1,1,1,649,525,6,7,3,80,0,0,0,0,0
201900019764,19,8,17,1334,3,6,1,1,4684569,288841,2,3,2,1,3,2,137,308,1,3,5,36,0,0,0,0,0
201900019765,19,8,13,1271,4,4,7,2,4606291,604313,1,4,3,2,3,2,401,447,9,5,4,5,0,0,0,0,0
201900019766,19,2,8,1721,2,3,3,1,4551363,-310982,6,1,36,2,4,4,203,749,9,4,1,55,0,0,0,0,0
201900019767,19,1,4,1341,4,4,5,3,4685208,205699,1,4,16,1,4,3,555,765,2,5,5,75,0,0,0,0,0
201900019768,19,8,5,429,3,6,8,4,4642304,-212136,4,4,2,1,4,2,74,189,6,4,1,33,0,0,0,0,0
201900019769,19,8,22,1786,1,7,6,6,4895231,81180,9,4,7,3,1,1,410,335,5,5,3,41,0,0,0,0,0
201900019770,19,11,11,330,2,5,7,1,4599283,406740,6,2,15,3,2,3,870,924,3,6,2,14,0,0,0,0,0
201900019771,19,12,22,1989,4,8,9,5,4754520,-377126,9,1,20,1,2,1,878,243,6,2,3,36,0,0,0,0,0
201900019772,19,1,28,437,4,9,6,1,4769793,341684,4,2,51,1,3,3,511,27,2,3,5,34,0,0,0,0,0
201900019773,19,10,23,870,3,4,1,2,4568532,-48588,8,3,16,3,2,2,202,220,3,4,1,35,0,0,0,0,0
201900019774,19,12,25,1195,4,7,7,3,4450501,507944,4,2,44,2,4,4,571,599,5,4,1,76,0,0,0,0,0
201900019775,19,2,15,1966,4,9,8,1,4879420,-114918,2,3,52,1,3,2,706,698,1,5,5,60,0,0,0,0,0
201900019776,19,10,4,2311,1,1,3,7,4940929,-235189,5,2,8,2,4,1,474,519,8,3,3,17,0,0,0,0,0
201900019777,19,7,24,1237,5,4,4,7,4500704,-59810,3,4,48,3,2,2,782,132,3,2,5,55,0,0,0,0,0
201900019778,19,2,15,47,4,8,3,4,4443463,119333,1,4,6,1,4,3,229,256,3,3,2,60,0,0,0,0,0
201900019779,19,7,16,727,2,3,4,4,4726140,166487,7,3,26,2,1,3,350,799,6,1,1,40,0,0,0,0,0
201900019780,19,12,7,1871,4,2,5,1,4613220,539236,9,1,19,3,4,1,471,447,5,6,4,81,0,0,0,0,0
201900019781,19,9,28,1744,3,3,1,6,4860644,-231150,5,3,21,2,2,3,347,175,5,5,5,60,0,0,0,0,0
201900019782,19,10,24,1640,5,8,1,7,4630269,302906,7,1,16,2,4,2,482,68,4,3,4,41,0,0,0,0,0
201900019783,19,1,11,334,4,4,4,5,4786065,417890,8,4,9,1,4,3,615,100,8,5,1,4,0,0,0,0,0
201900019784,19,8,5,1895,4,3,3,2,4684276,-223299,1,4,48,3,3,3,467,64,9,2,4,30,0,0,0,0,0
201900019785,19,1,7,1080,2,5,6,5,4897758,638121,8,1,51,1,3,1,308,686,2,1,2,17,0,0,0,0,0
201900019786,19,4,25,1462,2,6,8,1,4767542,623895,2,1,16,3,1,2,627,962,8,2,2,74,0,0,0,0,0