Num_Acc,an,mois,jour,hrmn,lum,int,atm,col,lat,long,catr,circ,nbv,vosp,prof,plan,lartpc,larrout,surf,infra,situ,env1,unscathed,killed,hospital,light,chance
201900019787,19,10,27,950,2,1,7,1,4716822,234707,3,4,6,2,4,1,215,174,9,5,3,79,0,0,0,0,0
201900019788,19,4,1,446,1,3,2,3,4483433,-189378,7,2,37,3,4,4,554,499,7,5,3,49,0,0,0,0,0
201900019789,19,4,21,1159,3,1,7,4,4651179,460459,5,2,19,1,2,4,281,89,6,6,4,21,0,0,0,0,0
201900019790,19,6,1,1914,1,2,8,1,4937685,609608,4,4,26,2,4,3,647,137,8,7,3,10,0,0,0,0,0
201900019791,19,11,21,858,5,3,4,6,4416461,-220158,8,4,17,2,4,2,869,686,1,1,2,49,0,0,0,0,0
201900019792,19,5,26,138,4,9,7,4,4404549,353428,2,4,33,2,1,2,324,366,8,5,2,79,0,0,0,0,0
201900019793,19,1,7,5,2,8,7,3,4611119,-25453,6,2,42,1,1,4,717,840,8,4,3,14,0,0,0,0,0
201900019794,19,11,12,301,1,8,3,1,4906064,-247562,1,2,46,1,1,3,633,741,1,7,2,78,0,0,0,0,0
201900019795,19,12,28,2159,3,4,9,6,4873845,210625,3,1,0,3,4,3,914,549,1,7,2,19,0,0,0,0,0
201900019796,19,12,27,2111,1,6,9,2,4958307,-157525,8,2,50,2,1,1,702,975,6,2,3,5,0,0,0,0,0
201900019797,19,9,27,1710,1,4,3,3,4857734,89604,1,3,12,2,1,3,101,597,9,1,2,26,0,0,0,0,0
201900019798,19,7,23,1521,3,7,8,7,4532072,86314,5,2,8,2,2,1,631,424,1,3,2,52,0,0,0,0,0
201900019799,19,7,19,898,2,5,4,6,4749683,456189,4,2,9,2,1,1,757,651,6,4,5,49,0,0,0,0,0
201900019800,19,4,15,2013,5,2,3,5,4773517,-268867,4,2,0,2,2,3,228,355,5,4,2,34,0,0,0,0,0
201900019801,19,10,27,1143,3,6,6,6,4636623,194148,5,2,22,2,3,1,636,511,1,3,3,29,0,0,0,0,0
201900019802,19,6,21,722,2,3,4,4,4980023,-212854,8,4,36,1,3,2,680,439,8,2,5,85,0,0,0,0,0
201900019803,19,6,12,968,3,4,6,6,4722897,-163311,8,4,10,2,4,2,450,613,3,7,2,76,0,0,0,0,0
201900019804,19,10,5,1536,2,4,8,2,4542718,59825,3,2,24,1,2,4,571,54,3,7,2,15,0,0,0,0,0
201900019805,19,11,25,760,1,2,8,6,4708387,355520,3,1,7,1,3,4,151,696,8,7,3,72,0,0,0,0,0
201900019806,19,1,20,1503,1,2,9,6,4911797,-381834,3,2,21,3,4,1,818,460,5,5,5,82,0,0,0,0,0
201900019807,19,11,18,876,5,4,5,3,4567077,-363761,5,2,44,1,2,2,822,362,6,5,4,44,0,0,0,0,0
201900019808,19,7,9,2043,3,4,8,1,4653442,267901,2,2,33,1,2,2,807,447,3,3,4,88,0,0,0,0,0
201900019809,19,1,12,706,2,5,2,3,4586590,606280,4,1,24,1,3,2,150,514,9,5,5,85,0,0,0,0,0
201900019810,19,7,5,1205,4,8,1,7,4524504,-393053,5,2,3,2,3,3,65,628,5,5,4,64,0,0,0,0,0
201900019811,19,2,26,705,3,6,1,3,4501967,-355021,4,1,13,3,3,3,537,491,9,2,4,5,0,0,0,0,0
201900019812,19,8,7,1090,4,3,5,1,4761001,585126,9,4,24,1,2,2,372,715,9,1,2,68,0,0,0,0,0
201900019813,19,8,3,2129,2,4,8,2,4828462,-229977,2,1,25,2,1,2,32,558,3,4,4,9,0,0,0,0,0
201900019814,19,9,18,463,1,5,2,5,4528795,-54404,4,2,14,3,3,4,97,999,2,4,1,79,0,0,0,0,0
201900019815,19,1,15,43,3,4,8,7,4888208,56321,3,2,8,1,4,3,746,347,6,1,5,87,0,0,0,0,0
201900019816,19,9,9,532,5,2,1,5,4858722,180555,4,2,48,2,3,2,903,128,2,4,2,45,0,0,0,0,0
201900019817,19,8,13,704,1,5,3,3,4579762,624993,6,2,15,2,4,1,831,355,5,7,1,95,0,0,0,0,0
201900019818,19,8,27,208,1,4,2,5,4419523,-383487,2,2,44,3,1,4,69,142,4,1,1,12,0,0,0,0,0
201900019819,19,8,8,716,4,3,1,6,4445130,90459,6,2,45,1,1,4,562,927,4,5,3,28,0,0,0,0,0
201900019820,19,12,23,414,3,2,1,3,4670090,280526,6,2,2,2,1,4,223,6,2,1,1,81,0,0,0,0,0
201900019821,19,7,28,2119,1,9,5,5,4495228,606231,7,2,51,1,3,4,221,732,7,1,1,57,0,0,0,0,0
201900019822,19,9,24,1928,2,3,5,1,4488477,526997,8,1,21,3,4,2,314,707,5,1,5,85,0,0,0,0,0
201900019823,19,2,22,1004,5,5,4,4,4990789,-160124,9,3,29,3,4,2,890,532,2,5,5,10,0,0,0,0,0
201900019824,19,3,17,1242,1,6,5,2,4631067,225408,9,2,49,3,1,4,99,310,5,6,3,34,0,0,0,0,0
201900019825,19,4,21,1522,4,6,9,1,4666266,135918,9,2,40,3,1,2,286,742,4,2,5,25,0,0,0,0,0
201900019826,19,3,28,2266,3,5,1,3,4964741,493947,8,1,4,2,3,3,462,67,3,5,2,44,0,0,0,0,0
201900019827,19,3,11,1636,1,1,9,7,4418186,389449,6,1,39,3,3,3,599,980,6,7,3,28,0,0,0,0,0
201900019828,19,2,9,1688,1,6,5,3,4476197,648451,2,2,41,1,2,4,498,847,6,2,2,16,0,0,0,0,0
201900019829,19,5,15,1660,2,6,8,1,4448909,626888,8,2,6,2,2,4,905,850,5,4,2,54,0,0,0,0,0
201900019830,19,1,24,1676,3,5,1,6,4462157,572407,2,2,49,1,1,2,883,196,8,5,3,23,0,0,0,0,0
201900019831,19,8,9,1630,5,9,3,6,4740558,637535,8,3,37,1,3,4,306,449,6,7,2,5,0,0,0,0,0
201900019832,19,9,28,2199,5,5,4,3,4463626,-318100,4,4,22,1,1,4,242,476,7,7,2,68,0,0,0,0,0
201900019833,19,6,12,1182,3,5,4,3,4787679,45163,3,4,30,1,1,3,590,886,5,6,2,74,0,0,0,0,0
201900019834,19,4,24,1590,3,1,6,3,4692800,-172324,5,3,43,3,3,3,419,776,2,7,4,21,0,0,0,0,0
201900019835,19,4,1,4,2,8,1,4,4807113,101492,3,3,6,3,3,1,126,156,6,1,3,84,0,0,0,0,0
201900019836,19,4,4,1050,4,3,5,7,4549492,638058,5,1,47,1,4,1,354,625,5,2,5,82,0,0,0,0,0
201900019837,19,10,22,728,5,6,8,4,4636313,203787,4,2,17,2,1,2,54,340,5,6,4,51,0,0,0,0,0
201900019838,19,8,27,408,5,7,7,4,4630860,510267,5,2,19,1,4,2,218,703,6,5,3,9,0,0,0,0,0
201900019839,19,1,28,896,2,5,6,4,4671024,-196788,1,3,19,1,2,2,280,51,2,4,3,32,0,0,0,0,0
201900019840,19,11,11,1733,2,2,9,7,4921558,325691,7,2,28,1,1,3,519,864,3,7,3,2,0,0,0,0,0
201900019841,19,7,13,20,1,6,2,4,4866063,302034,6,1,23,1,2,1,298,401,9,2,3,14,0,0,0,0,0
201900019842,19,2,10,659,3,1,5,6,4923568,-363420,8,4,22,2,4,3,563,63,4,1,4,14,0,0,0,0,0
201900019843,19,4,16,491,5,3,5,5,4812212,534129,2,1,29,3,3,2,815,466,6,5,4,83,0,0,0,0,0
201900019844,19,8,12,136,2,6,3,5,4426802,-322255,7,4,20,1,3,1,275,622,9,1,4,97,0,0,0,0,0
201900019845,19,6,10,179,3,1,1,1,4647774,463806,4,3,50,3,3,1,660,467,5,1,3,57,0,0,0,0,0
201900019846,19,1,16,1312,1,7,4,5,4537141,333675,5,1,10,2,2,3,708,667,5,5,5,35,0,0,0,0,0
201900019847,19,10,22,2308,3,5,2,2,4758455,-235978,7,3,8,1,4,1,848,780,1,4,4,37,0,0,0,0,0
201900019848,19,1,20,1820,5,2,9,5,4719270,200716,6,1,17,2,2,4,830,10,6,2,3,0,0,0,0,0,0
201900019849,19,8,20,1094,1,1,7,2,4684379,216886,1,3,44,1,1,2,471,58,1,4,3,27,0,0,0,0,0
201900019850,19,11,24,1340,2,7,9,4,4442493,260399,7,4,5,3,4,1,871,452,1,6,3,77,0,0,0,0,0
201900019851,19,10,14,215,5,2,3,4,4640783,-249474,4,3,30,3,4,3,856,573,4,5,1,94,0,0,0,0,0
201900019852,19,1,14,1475,2,9,3,6,4570246,-35209,4,1,44,1,2,1,597,562,9,2,3,92,0,0,0,0,0
201900019853,19,10,4,2015,1,7,5,7,4650338,267772,6,4,41,1,2,1,46,488,2,1,4,40,0,0,0,0,0
201900019854,19,11,14,553,2,3,9,1,4774648,264383,4,3,23,1,1,2,786,430,4,7,2,13,0,0,0,0,0
201900019855,19,5,4,2127,5,6,6,3,4804505,-46028,1,4,26,1,4,3,360,323,9,7,2,36,0,0,0,0,0
201900019856,19,10,1,2174,3,2,2,2,4598966,-184339,3,3,1,2,2,2,305,746,6,1,2,21,0,0,0,0,0
201900019857,19,1,19,629,5,8,8,7,4683266,545020,8,3,4,1,4,4,189,794,2,2,1,89,0,0,0,0,0
201900019858,19,11,28,1446,3,8,4,6,4542800,-106166,4,4,39,3,3,2,468,794,9,3,3,7,0,0,0,0,0
201900019859,19,10,8,2162,1,6,2,1,4779666,674120,9,1,3,1,4,2,127,121,8,4,1,98,0,0,0,0,0
201900019860,19,1,16,1016,5,7,5,3,4808231,281142,9,3,31,3,3,1,585,623,5,3,5,7,0,0,0,0,0
201900019861,19,6,26,1388,4,1,2,1,4786069,678444,6,1,31,3,1,1,878,957,6,4,3,51,0,0,0,0,0
201900019862,19,10,27,710,5,1,7,2,4693740,-329059,2,1,41,3,3,4,463,92,2,5,5,8,0,0,0,0,0
201900019863,19,4,18,360,3,3,5,7,4988137,-312980,3,3,38,3,1,1,581,810,9,5,2,22,0,0,0,0,0
201900019864,19,11,6,1953,3,2,5,4,4562003,180964,4,1,15,2,3,4,687,525,5,7,3,0,0,0,0,0,0
201900019865,19,12,28,2293,1,6,7,2,4538223,-73725,9,3,4,1,4,1,6,49,4,2,5,80,0,0,0,0,0
201900019866,19,3,18,1543,2,6,4,1,4908979,544537,4,3,11,2,2,2,672,500,6,3,1,33,0,0,0,0,0
201900019867,19,6,12,102,4,4,9,6,4903135,156478,2,3,46,3,3,3,424,157,6,3,1,88,0,0,0,0,0
201900019868,19,2,3,1564,3,2,5,6,4438269,529258,1,2,1,3,3,2,596,952,4,4,5,36,0,0,0,0,0
201900019869,19,12,18,490,2,1,7,6,4766127,-201520,9,3,3,1,4,1,337,756,7,7,4,5,0,0,0,0,0
201900019870,19,10,17,1482,1,4,1,3,4764712,83889,2,2,44,3,3,3,215,398,9,6,3,98,0,0,0,0,0
201900019871,19,8,8,453,1,5,4,5,4727568,-159956,5,3,46,1,1,1,738,28,3,3,3,71,0,0,0,0,0
201900019872,19,5,7,709,5,4,6,4,4744490,286230,3,4,19,1,2,4,182,161,7,5,1,12,0,0,0,0,0
201900019873,19,8,22,1772,5,9,9,1,4589627,69801,2,4,9,2,1,1,790,562,3,4,1,12,0,0,0,0,0
201900019874,19,2,17,1247,2,2,7,7,4438093,574610,4,3,31,2,1,3,447,217,2,7,5,81,0,0,0,0,0
201900019875,19,1,3,512,4,9,5,1,4407075,-137074,9,1,47,1,2,1,671,820,4,2,4,76,0,0,0,0,0
201900019876,19,1,9,2156,2,2,5,4,4615967,54923,1,2,47,2,3,4,107,141,2,1,1,17,0,0,0,0,0
201900019877,19,1,27,1600,4,3,2,4,4981132,-375277,2,3,51,3,4,1,802,750,3,1,5,55,0,0,0,0,0
201900019878,19,6,5,2035,3,2,7,5,4658015,654980,7,2,39,1,2,2,803,64,8,4,2,28,0,0,0,0,0
201900019879,19,4,4,1973,5,5,1,6,4465677,-51733,9,2,10,1,3,4,683,927,1,3,5,61,0,0,0,0,0
201900019880,19,2,15,880,2,6,4,3,4659803,-71939,4,3,6,1,4,3,901,255,5,4,2,83,0,0,0,0,0
201900019881,19,7,24,2347,2,3,9,1,4608530,622418,1,1,26,3,4,3,411,689,8,3,2,63,0,0,0,0,0
201900019882,19,3,25,370,1,8,8,1,4742030,605990,9,4,39,2,3,1,610,618,8,5,4,6,0,0,0,0,0
201900019883,19,2,12,2238,2,1,6,3,4840792,-153585,5,1,43,2,4,3,393,698,1,1,1,51,0,0,0,0,0
201900019884,19,7,6,369,2,8,3,6,4443460,65320,2,3,35,1,4,4,31,129,4,4,5,52,0,0,0,0,0
201900019885,19,9,9,62,1,6,1,6,4702094,255023,2,4,8,3,3,3,166,195,8,4,2,38,0,0,0,0,0
201900019886,19,12,11,688,3,8,2,2,4513004,661098,4,4,19,3,3,1,78,637,1,4,4,35,0,0,0,0,0
201900019887,19,11,18,1620,3,9,4,7,4471969,83117,7,1,20,2,3,3,583,664,8,7,3,62,0,0,0,0,0
201900019888,19,6,10,766,1,8,2,3,4403826,176854,9,2,15,3,2,4,8,764,2,6,3,59,0,0,0,0,0
201900019889,19,12,20,36,1,8,7,3,4893623,-385462,3,1,23,1,4,4,394,46,7,1,5,43,0,0,0,0,0
201900019890,19,8,22,1676,5,5,1,4,4618915,168272,5,1,39,2,4,4,867,535,3,5,4,68,0,0,0,0,0
201900019891,19,8,28,1254,5,1,8,1,4428260,-324598,8,2,12,1,2,4,823,222,9,2,5,91,0,0,0,0,0
201900019892,19,7,24,78,1,9,1,6,4762716,442506,9,2,34,1,3,4,778,51,7,5,2,32,0,0,0,0,0
201900019893,19,5,20,209,2,3,4,5,4671707,-60429,1,3,17,1,2,4,345,98,7,2,5,71,0,0,0,0,0
201900019894,19,5,25,152,4,5,1,4,4940590,144145,1,3,24,3,4,3,601,338,6,3,4,5,0,0,0,0,0
201900019895,19,8,5,1813,5,2,4,7,4691974,306923,4,1,21,1,4,4,424,878,5,3,3,70,0,0,0,0,0
201900019896,19,7,11,1850,2,6,4,4,4603854,146808,7,4,7,3,4,3,654,614,2,5,2,84,0,0,0,0,0
201900019897,19,1,20,939,3,6,8,6,4732084,-21956,2,1,49,2,1,3,86,234,6,3,5,22,0,0,0,0,0
201900019898,19,11,14,721,3,8,1,1,4421199,462154,5,2,27,1,4,1,42,752,9,5,1,67,0,0,0,0,0
201900019899,19,10,27,1723,3,6,3,6,4936651,-227240,8,1,12,1,1,4,900,763,3,3,5,94,0,0,0,0,0
201900019900,19,5,24,1053,5,2,6,5,4956049,-261822,4,1,3,2,1,3,244,141,4,5,4,86,0,0,0,0,0
201900019901,19,8,2,57,5,6,5,3,4820831,33455,5,1,35,2,2,3,625,930,2,7,4,23,0,0,0,0,0
201900019902,19,3,20,2084,2,9,2,3,4884498,628541,4,3,6,1,4,3,65,143,1,6,5,23,0,0,0,0,0
201900019903,19,6,3,1151,2,8,6,6,4820983,-230156,1,3,1,2,1,3,343,543,6,5,2,44,0,0,0,0,0
201900019904,19,2,15,972,4,1,2,7,4924010,-141997,3,2,32,2,2,2,760,452,4,4,1,19,0,0,0,0,0
201900019905,19,4,4,216,3,7,8,5,4938826,343745,6,1,5,2,1,1,304,389,1,4,5,60,0,0,0,0,0
201900019906,19,9,2,2062,2,6,6,2,4855050,-325192,3,3,34,2,4,3,786,912,7,6,4,1,0,0,0,0,0
201900019907,19,12,14,1012,2,3,3,5,4906702,197650,7,4,5,2,2,2,706,550,5,6,5,69,0,0,0,0,0
201900019908,19,5,28,275,3,4,2,7,4708312,507434,2,4,11,3,4,4,415,332,6,5,2,93,0,0,0,0,0
201900019909,19,8,17,2138,4,2,6,1,4876039,176787,4,2,33,3,3,3,593,814,3,6,4,42,0,0,0,0,0
201900019910,19,11,8,1479,5,3,4,4,4457858,688658,8,2,26,2,3,2,36,211,4,7,1,93,0,0,0,0,0
201900019911,19,11,8,1030,3,4,5,3,4821393,-272882,4,3,1,1,2,4,128,557,1,5,5,14,0,0,0,0,0
201900019912,19,9,22,2082,4,7,6,3,4417152,231041,7,2,35,3,2,1,215,166,9,6,3,25,0,0,0,0,0
201900019913,19,1,12,464,2,2,5,6,4444393,-221921,5,3,11,2,4,1,138,196,6,2,3,87,0,0,0,0,0
201900019914,19,1,13,63,3,6,1,1,4945723,344305,1,1,11,2,1,1,878,96,3,3,2,85,0,0,0,0,0
201900019915,19,10,24,141,5,7,1,2,4704293,-10204,9,3,0,2,3,3,573,797,7,4,3,73,0,0,0,0,0
201900019916,19,12,19,1573,3,7,8,3,4676120,-359150,7,4,45,1,1,1,267,165,5,3,3,72,0,0,0,0,0
201900019917,19,10,23,663,5,6,5,5,4460184,289334,9,4,36,1,1,1,182,688,2,1,4,45,0,0,0,0,0
201900019918,19,1,15,1563,3,1,5,5,4689855,308822,1,1,29,1,1,4,499,669,8,1,1,11,0,0,0,0,0
201900019919,19,7,21,1592,2,7,7,3,4695372,36259,7,4,21,2,2,2,274,633,5,7,4,14,0,0,0,0,0
201900019920,19,11,3,940,3,2,3,1,4563030,435615,7,2,29,1,3,4,327,95,1,7,3,81,0,0,0,0,0
201900019921,19,1,15,174,5,3,4,2,4407063,282994,2,4,13,3,4,3,75,33,8,5,3,2,0,0,0,0,0
201900019922,19,6,15,1213,2,3,5,2,4787119,-399416,4,4,44,3,2,1,379,599,4,5,1,18,0,0,0,0,0
201900019923,19,12,7,101,1,7,6,3,4859301,340070,5,2,2,2,2,4,883,700,4,1,5,37,0,0,0,0,0
201900019924,19,7,13,110,2,7,7,2,4989992,558189,8,1,18,1,1,4,527,427,5,4,2,80,0,0,0,0,0
201900019925,19,2,13,28,5,4,4,5,4786548,-397210,7,4,45,3,3,4,641,875,2,4,2,41,0,0,0,0,0
201900019926,19,8,21,2119,1,1,4,2,4710169,526025,7,1,37,3,2,1,160,142,6,4,1,41,0,0,0,0,0
201900019927,19,11,1,1433,5,4,7,4,4907203,61936,9,4,7,2,1,3,698,777,7,2,2,86,0,0,0,0,0
201900019928,19,11,18,66,5,2,4,3,4596410,589881,8,4,30,1,1,3,291,546,7,4,5,80,0,0,0,0,0
201900019929,19,8,28,913,1,6,5,3,4414291,-137275,8,3,21,2,3,1,236,777,1,4,1,47,0,0,0,0,0
201900019930,19,1,19,1434,5,5,4,2,4473231,670509,7,3,34,3,2,4,180,593,7,5,3,4,0,0,0,0,0
201900019931,19,5,26,1950,4,9,4,2,4522969,269537,2,4,39,3,1,2,873,311,6,7,3,36,0,0,0,0,0
201900019932,19,10,1,702,5,2,7,1,4559083,329719,1,3,11,1,4,4,520,86,3,4,3,77,0,0,0,0,0
201900019933,19,8,26,199,2,2,6,1,4506941,339066,8,4,24,1,3,1,384,585,3,2,3,51,0,0,0,0,0
201900019934,19,8,14,148,1,5,4,3,4818973,417421,9,1,36,2,1,1,49,466,8,3,4,85,0,0,0,0,0
201900019935,19,10,22,2243,3,4,1,6,4787519,-293310,9,4,14,1,2,1,46,400,9,4,3,42,0,0,0,0,0
201900019936,19,12,22,1136,1,8,9,3,4411083,102919,1,3,53,1,4,4,814,143,4,4,4,91,0,0,0,0,0
201900019937,19,9,6,1950,4,3,2,1,4449956,534046,7,1,42,1,3,2,443,159,3,3,5,61,0,0,0,0,0
201900019938,19,4,4,778,2,6,4,1,4806857,-284279,4,2,48,3,2,4,450,959,3,6,5,71,0,0,0,0,0
201900019939,19,10,15,981,1,8,6,6,4957958,262225,6,2,46,2,1,3,215,364,1,4,4,2,0,0,0,0,0
201900019940,19,3,16,1386,4,9,5,7,4948148,-259486,4,3,28,2,4,3,525,307,4,4,3,20,0,0,0,0,0
201900019941,19,2,9,1498,1,4,3,1,4867438,-25441,4,3,1,2,2,4,269,184,2,4,4,6,0,0,0,0,0
201900019942,19,2,20,597,1,7,6,5,4698574,132174,2,2,15,1,2,4,136,397,6,6,3,40,0,0,0,0,0
201900019943,19,8,25,617,2,6,9,4,4664484,-17848,3,1,33,1,1,3,133,367,9,3,1,74,0,0,0,0,0
201900019944,19,8,11,814,3,1,2,6,4745559,-142473,5,1,14,2,3,2,351,230,7,4,1,3,0,0,0,0,0
201900019945,19,8,19,411,4,7,8,6,4842956,601742,1,1,22,3,4,4,470,723,8,6,4,34,0,0,0,0,0
201900019946,19,3,26,591,1,7,8,7,4818797,-272727,6,3,15,2,3,3,724,82,5,5,5,83,0,0,0,0,0
201900019947,19,7,7,2175,4,6,3,1,4989526,-241684,3,2,28,1,3,1,12,166,5,3,2,3,0,0,0,0,0
201900019948,19,1,23,1735,4,6,3,7,4538725,124545,6,3,36,2,3,4,549,951,6,1,1,49,0,0,0,0,0
201900019949,19,11,5,1268,2,8,9,6,4840791,-347373,1,1,50,2,3,2,724,821,4,7,4,56,0,0,0,0,0
201900019950,19,6,1,1201,4,4,7,3,4431979,-96215,1,1,47,3,3,4,821,774,1,7,5,76,0,0,0,0,0
201900019951,19,1,3,812,3,6,4,6,4546072,182374,8,1,39,2,2,3,93,548,3,2,2,63,0,0,0,0,0
201900019952,19,11,11,442,1,9,5,6,4819973,295973,9,4,18,1,2,3,171,162,2,3,5,92,0,0,0,0,0
201900019953,19,11,7,364,5,4,8,7,4931503,-193682,7,1,19,2,3,2,873,626,9,7,1,11,0,0,0,0,0
201900019954,19,4,17,2130,4,2,2,4,4728279,645012,7,2,19,3,3,2,346,932,7,7,4,31,0,0,0,0,0
201900019955,19,9,12,608,1,7,9,6,4610778,27818,7,4,16,1,1,1,720,809,8,5,5,31,0,0,0,0,0
201900019956,19,8,15,198,2,2,1,4,4669912,-392069,2,1,50,2,1,2,182,283,6,4,3,81,0,0,0,0,0
201900019957,19,11,11,1593,5,6,3,2,4514284,-142739,1,4,7,1,3,4,321,604,2,2,2,20,0,0,0,0,0
201900019958,19,1,18,1294,5,5,4,2,4868757,-310858,1,1,48,1,2,2,398,642,3,6,4,80,0,0,0,0,0
201900019959,19,1,13,1994,3,5,2,6,4966727,365349,3,3,34,2,3,3,250,923,9,2,3,15,0,0,0,0,0
201900019960,19,12,4,1746,2,8,4,5,4843465,588372,3,3,38,2,3,1,475,991,3,2,1,78,0,0,0,0,0
201900019961,19,3,7,1462,3,2,3,1,4442529,-24979,5,4,25,3,4,2,400,193,8,6,2,33,0,0,0,0,0
201900019962,19,8,27,166,5,6,8,4,4661263,649210,9,2,21,3,4,2,256,842,2,5,3,18,0,0,0,0,0
201900019963,19,9,10,452,5,6,7,3,4467805,-73990,3,1,47,3,4,3,379,396,9,4,4,49,0,0,0,0,0
201900019964,19,2,1,2246,5,4,4,2,4505896,696126,8,4,31,2,2,4,458,958,3,6,5,67,0,0,0,0,0
201900019965,19,7,6,1882,2,9,9,2,4549176,265613,8,2,7,1,3,2,525,200,2,7,5,57,0,0,0,0,0
201900019966,19,12,28,1446,5,9,7,3,4517772,322463,8,4,2,1,3,2,714,899,1,6,1,3,0,0,0,0,0
201900019967,19,9,17,1383,1,3,6,3,4964580,179706,5,3,8,3,4,1,614,215,1,3,5,88,0,0,0,0,0
201900019968,19,11,25,42,4,1,5,4,4641178,119783,3,1,5,2,3,4,408,7,6,3,5,27,0,0,0,0,0
201900019969,19,9,26,2197,3,3,1,1,4757796,-364190,8,4,0,2,2,1,3,679,2,2,3,45,0,0,0,0,0
201900019970,19,6,1,1417,4,5,9,5,4535313,186242,5,1,47,3,1,2,802,248,9,6,4,13,0,0,0,0,0
201900019971,19,10,17,1077,4,8,5,2,4907134,262939,8,3,40,3,1,3,38,489,5,5,5,94,0,0,0,0,0
201900019972,19,1,22,243,4,8,9,6,4527390,616418,9,3,37,1,1,3,348,886,8,7,3,78,0,0,0,0,0
201900019973,19,7,7,1166,1,2,5,2,4701827,-153785,4,2,39,2,2,3,257,289,1,4,4,30,0,0,0,0,0
201900019974,19,12,12,638,4,1,7,4,4529226,236262,4,4,16,2,4,1,228,697,5,1,4,22,0,0,0,0,0
201900019975,19,1,14,1427,3,8,5,5,4711697,228935,9,2,51,3,4,2,64,147,9,5,5,91,0,0,0,0,0
201900019976,19,7,26,1451,2,8,2,3,4595502,56387,3,2,31,1,4,4,792,52,6,5,4,42,0,0,0,0,0
201900019977,19,10,12,1705,4,5,2,4,4743044,633946,5,4,39,2,3,4,35,779,1,3,2,44,0,0,0,0,0
201900019978,19,4,9,378,5,6,1,5,4795521,-39144,5,1,26,2,2,2,538,258,1,3,3,69,0,0,0,0,0
201900019979,19,11,28,941,2,9,7,4,4799182,-395093,8,2,46,1,1,4,549,49,9,3,3,81,0,0,0,0,0
201900019980,19,8,18,443,1,6,1,1,4975196,92010,3,4,6,3,2,1,727,361,2,3,4,57,0,0,0,0,0
201900019981,19,4,1,1760,2,5,8,3,4488350,427271,9,2,39,3,3,4,456,696,4,5,1,24,0,0,0,0,0
201900019982,19,8,26,1148,2,4,3,5,4686552,-90320,5,1,14,3,3,3,290,318,1,2,2,9,0,0,0,0,0
201900019983,19,11,11,1417,1,1,6,7,4919769,-81942,6,3,52,1,4,3,674,570,7,4,5,86,0,0,0,0,0
201900019984,19,1,10,1052,4,3,1,4,4402820,401011,4,3,4,3,4,2,114,974,1,3,3,77,0,0,0,0,0
201900019985,19,9,15,1915,1,5,1,3,4901676,-224209,1,4,40,2,3,3,692,136,4,4,3,41,0,0,0,0,0
201900019986,19,1,28,1342,4,8,7,1,4518839,145783,7,1,47,3,1,3,336,562,9,7,2,81,0,0,0,0,0
201900019987,19,11,15,575,3,2,1,1,4767736,338536,2,2,29,1,4,2,477,560,1,1,3,32,0,0,0,0,0
201900019988,19,6,8,1882,5,4,9,1,4934201,324373,5,3,14,1,1,3,860,470,3,5,4,53,0,0,0,0,0
201900019989,19,6,2,136,5,4,1,6,4982725,-314717,9,1,35,2,3,2,184,680,4,2,1,34,0,0,0,0,0
201900019990,19,5,25,1625,5,6,3,2,4769176,-32770,9,2,48,2,4,2,601,444,9,5,4,65,0,0,0,0,0
201900019991,19,3,8,1969,1,8,1,2,4805528,278709,7,4,16,1,3,2,844,42,4,2,1,43,0,0,0,0,0
201900019992,19,2,25,1895,4,7,5,4,4556291,-80539,6,1,8,3,1,2,907,491,1,7,4,36,0,0,0,0,0
201900019993,19,5,27,220,5,2,1,5,4647320,348729,9,4,39,3,2,3,572,549,3,2,5,10,0,0,0,0,0
201900019994,19,4,12,50,1,8,2,5,4836492,-171537,3,4,29,1,3,1,874,383,1,3,1,56,0,0,0,0,0
201900019995,19,11,18,381,2,2,4,4,4519750,135946,2,4,24,3,1,4,385,448,8,3,3,7,0,0,0,0,0
201900019996,19,5,24,1913,2,9,7,2,4545408,-45740,2,2,44,1,4,3,410,937,4,1,4,5,0,0,0,0,0
201900019997,19,10,14,1091,4,7,5,7,4596222,-372577,5,2,34,2,3,2,835,315,8,7,1,15,0,0,0,0,0
201900019998,19,4,25,842,1,2,1,6,4482675,-120697,8,1,22,2,2,3,496,565,8,3,1,17,0,0,0,0,0
201900019999,19,6,14,1411,3,3,9,5,4407517,-263366,3,3,11,1,4,1,571,513,2,6,5,18,0,0,0,0,0
201900020000,19,11,22,822,4,6,5,4,4490282,108661,5,1,27,2,2,1,600,90,2,6,5,34,0,0,0,0,0